Simulation,"base enrollment rate","dropout rate","fee waiver adjustment rate","initial fee waivered population","new fee waiver rate","strength of perceived benefit"
1,1,0.19175453000000001,0.022613633000000001,492728.96000000002,0.010985241,1.0607104999999999
2,0.56452415,0.18855991999999999,0.084074779000000002,907182.34999999998,0.017283989,4.3475361000000001
3,0.73465195999999999,0.18111856000000001,0.0014012702999999999,434310.45000000001,0.017971091000000002,4.9450130999999997
4,1,0.16350940999999999,1.0000000000000001e-05,427292.12,0.017994646999999999,0.001
5,0.69770708999999997,0.16112947,0.0060841834000000001,484983.84000000003,0.012229621,5
6,0.84703856,0.17274069,0.0037036884999999999,417495.37,0.02509772,5
7,0.68918181000000001,0.17819657999999999,0.043663802000000002,533319.28000000003,0.015321621000000001,4.4933977000000001
8,1,0.16697759000000001,0.017285157999999998,461881.46000000002,0.020816507000000001,0.001
9,1,0.18640456,0.054101119000000003,490355.78000000003,0.020348511,1.0132133000000001
10,0.73557446999999998,0.18644920000000001,0.0049486822000000003,449623.31,0.018280357000000001,2.9700772
11,0.74705516000000005,0.20005845999999999,1.0000000000000001e-05,400615.56,0.018889116000000001,3.1015101
12,0.82637938,0.16754150000000001,0.074308592000000007,636808.43000000005,0.021487156,3.8372408
13,1,0.21145304000000001,0.021185120000000002,432794.23999999999,0.016243744000000001,1.9214899999999999
14,0.45717416999999999,0.19733759000000001,0.0047533024000000002,392857.97999999998,0.020667201,5
15,1,0.17765887,0.00069229972999999996,405757.52000000002,0.014170345000000001,0.83533581999999995
16,0.39828026,0.17354275999999999,1.0000000000000001e-05,409664.90000000002,0.012387553000000001,5
17,0.74335594000000005,0.16098754000000001,0.0036937342999999998,441068.07000000001,0.018921778,1.0371269999999999
18,1,0.16557077000000001,1.0000000000000001e-05,440249.26000000001,0.016187742000000001,4.2881999000000004
19,0.89929123,0.17634470999999999,1.0000000000000001e-05,438515.47999999998,0.020652970999999999,2.3787213
20,1,0.19945692000000001,0.0010052138999999999,385903.62,0.017126842,4.4473539000000004
21,1,0.20465359999999999,0.0074372630000000004,430839.75,0.01496397,2.4553910000000001
22,0.85280995999999998,0.1551594,1.0000000000000001e-05,476755.19,0.014279459,0.35866645000000003
23,0.99220383999999995,0.18706341000000001,0.0083274256000000005,388077.46000000002,0.023098385999999999,2.4327415000000001
24,0.49249225000000002,0.17066633,0.029129955999999999,505931.95000000001,0.021448451,3.7970907999999999
25,0.84194606999999999,0.18908104000000001,0.067728004999999994,655335.32999999996,0.017103487000000001,0.60346575999999996
26,0.44539403,0.19532290999999999,0.022809876,537149.57999999996,0.019327994000000001,4.3030758000000002
27,0.95173695999999997,0.17089213,0.0088144079999999993,460167.90000000002,0.019880076999999999,4.1837852
28,0.98226449000000005,0.20433989999999999,0.0084379202000000007,447218.79999999999,0.016928390000000001,0.73398496000000002
29,0.64087667999999998,0.1665037,0.0099324423000000002,466928.27000000002,0.017463491000000001,4.2161064000000001
30,0.97357656999999997,0.1833902,0.011539924,435304.57000000001,0.018966352999999998,4.4607514000000004
31,0.58908950999999998,0.16589562999999999,1.0000000000000001e-05,431013.67999999999,0.017595975999999999,5
32,0.94928069999999998,0.18899977000000001,0.055714666000000003,659757.96999999997,0.019200786000000001,2.3442189
33,1,0.18774236,0.0051402419000000001,464470.65000000002,0.012020101,1.3210029999999999
34,1,0.18678241000000001,0.035240087000000003,535490.72999999998,0.020460646999999998,4.7896424
35,0.99626548000000004,0.19307785999999999,0.0037547685000000001,465317.54999999999,0.015538493,1.4269136
36,1,0.19866586999999999,0.020915051,478388.47999999998,0.011687540999999999,0.001
37,0.45195698000000001,0.19910347,0.023067324,516826.09999999998,0.015720504,5
38,1,0.21192579,0.0073949666000000004,468535.47999999998,0.015597250999999999,4.2606979999999997
39,0.4601016,0.17101736000000001,0.021383540999999999,457727.78999999998,0.019194691999999999,5
40,0.95572798000000003,0.18341119,0.0066969891,453729.67999999999,0.015409987,0.001
41,0.64534369000000003,0.21336079999999999,0.0027890024000000002,443916.60999999999,0.014892799999999999,5
42,0.65286411,0.19424860999999999,1.0000000000000001e-05,389191.10999999999,0.018088265999999999,5
43,0.49556766000000002,0.18243403,0.018274464000000001,502339.87,0.016869407999999999,5
44,0.93070620000000004,0.19955354,0.0042024159999999996,425313.90999999997,0.010993424999999999,0.89333702000000004
45,0.67120270999999998,0.17330962,0.0065425023999999997,477456.84000000003,0.013665919,3.2831996999999999
46,1,0.18867824,0.0030563551999999998,459982.91999999998,0.013753954000000001,0.084219440000000007
47,0.85778790000000005,0.17819697000000001,0.0098229130000000008,473000.33000000002,0.019896957,5
48,1,0.19356955000000001,0.0041363475999999996,449378.25,0.017686694999999999,4.7788326000000003
49,0.61258794000000005,0.19642604,0.017972226000000001,453160.13,0.010710872,2.7429733999999999
50,0.55395963999999998,0.16319283000000001,1.0000000000000001e-05,400540.85999999999,0.020342835,3.6876522
51,1,0.20426910000000001,0.039217230999999998,524095.08000000002,0.016690264,0.19598821
52,1,0.16967272999999999,0.044602362,554955.60999999999,0.017962616000000001,0.0010151584000000001
53,0.59054320999999999,0.20587589000000001,0.0010653222999999999,448847.63,0.011160625,2.0799213999999999
54,0.86522642999999999,0.19416781,0.0061174300000000001,459497.52000000002,0.015396793000000001,1.0049747
55,0.83514111000000002,0.20595976999999999,0.029480207000000001,493754.82000000001,0.014945923999999999,2.4344260000000002
56,0.54334707000000004,0.18861622,0.00020068878,411010.34000000003,0.018184216999999999,4.2868949000000001
57,0.91778888999999997,0.18218081999999999,0.013575936,477436.53999999998,0.015349832000000001,5
58,0.70271592000000005,0.21556642000000001,0.014369296,503604.54999999999,0.01488311,1.8725050999999999
59,0.71405218000000004,0.16761113999999999,0.0011809512,416939.60999999999,0.023737240999999999,3.6161154
60,0.87292813000000002,0.18796188999999999,0.0073483239000000002,466032.71999999997,0.014372654,0.001
61,1,0.19651594999999999,0.0012985033,429428.76000000001,0.017331605999999999,3.8972104999999999
62,0.98044847999999996,0.1703548,0.0096391694999999993,436995.72999999998,0.019952543,2.6033501000000001
63,0.92851739,0.16281467999999999,0.00075335967000000003,441873.89000000001,0.019620279000000001,3.2882951999999999
64,1,0.17691198,0.090799242000000002,766505.96999999997,0.011626073000000001,1.0812299000000001
65,0.73453566999999997,0.20822151999999999,0.0080780521000000001,513689.27000000002,0.010873918,5
66,1,0.16919152000000001,0.0061347850999999998,441743.07000000001,0.018411216000000001,5
67,0.56367407000000003,0.17605525,0.027696057999999999,464102.31,0.017392920999999999,3.5812444999999999
68,0.89455202,0.23498999000000001,0.0061494940999999997,444323.41999999998,0.013278168,1.1836256000000001
69,0.85819053000000001,0.18202504999999999,1.0000000000000001e-05,431094.71000000002,0.013627682,1.0897266000000001
70,0.94544598999999996,0.18373365999999999,0.016176262,487302.37,0.020661071999999999,4.4237228000000002
71,0.60287120999999999,0.20347728000000001,1.0000000000000001e-05,404356.59000000003,0.014062738999999999,5
72,0.55597379999999996,0.17153329,0.022946905,544562,0.011256726999999999,3.3346345999999998
73,0.94365513000000001,0.18667179,0.020580587000000001,527719.68000000005,0.016493177000000001,1.165869
74,0.76873221999999997,0.18948435,0.013651992999999999,434697.41999999998,0.017183383999999999,4.8011035
75,0.69409719999999997,0.17547857,0.0092242656999999995,468725.07000000001,0.018204768,5
76,0.69811042000000001,0.16956648999999999,1.0000000000000001e-05,462861.82000000001,0.015496263,3.5027366999999998
77,0.96003715999999995,0.14661077,0.019640247,456058.79999999999,0.022089635999999999,0.001
78,1,0.17397704,0.033351282000000003,453365.10999999999,0.022534562000000001,0.001
79,0.66018907000000004,0.19362773,0.0099115971000000008,483675.90000000002,0.012287019,2.0121687000000001
80,0.77930822,0.19534741,0.039706422999999998,570206.32999999996,0.014954301999999999,2.5336240000000001
81,0.65028189999999997,0.18030031999999999,0.0088092709000000009,472217.15000000002,0.014784947,5
82,1,0.18204094000000001,0.044258560000000002,530712.98999999999,0.020180198,0.001
83,0.54747840999999997,0.20740336000000001,0.029473296,484814.62,0.014128643,4.0004033000000003
84,1,0.19938865,0.015796000000000001,476614.14000000001,0.020557321999999999,0.001
85,0.67377664999999998,0.18651793,0.015973022,474991.56,0.016228785999999999,4.1778586000000004
86,0.77953788000000002,0.17439795,0.038716413999999998,557753.47999999998,0.012612290999999999,5
87,1,0.19180489000000001,0.0079513154000000006,454775.03999999998,0.018256735,0.001
88,0.92737844999999997,0.17459595,0.0044870027000000002,457785.39000000001,0.013181218,0.001
89,0.50664905999999998,0.19594265999999999,0.031918451,436344.16999999998,0.015692781999999999,4.6627153000000003
90,0.54683141999999996,0.17365816000000001,0.087294599,791062.51000000001,0.018457777000000002,3.9214028999999999
91,0.73634049999999995,0.20586509,0.016806394999999998,503507.85999999999,0.013557421,1.2083769
92,0.78603721999999998,0.21174043000000001,0.00061709194999999995,427733.73999999999,0.017890966000000001,2.6915949000000001
93,0.66966358000000004,0.13169713,0.017952075000000001,438138.35999999999,0.023781653999999999,0.66622126999999998
94,0.84622343,0.18368828000000001,0.032535841000000003,494210.56,0.016600251999999999,4.5777859999999997
95,0.57139956999999997,0.18182065,0.025122384000000001,483506.53000000003,0.025928855000000001,3.0566209
96,0.85993777000000005,0.15526867,0.091234621000000002,794114.77000000002,0.019266851000000002,1.26763
97,0.53460982999999995,0.17961443999999999,0.025841092,476286.66999999998,0.016722830000000001,3.4433416000000001
98,0.75165941999999997,0.19141459999999999,0.0077334422000000002,432682.84000000003,0.013086535999999999,1.8032261999999999
99,0.97532872999999998,0.19930175,0.016534518000000002,496085.75,0.014854185000000001,1.8281315
100,1,0.17181794,0.029315062999999999,545056.03000000003,0.010791482999999999,0.001
101,1,0.19651990999999999,1.0000000000000001e-05,435089.71999999997,0.016135192,4.5482348999999997
102,0.92478625000000003,0.1843632,0.0068889240000000003,462905.60999999999,0.012593225,0.001
103,0.42894293999999999,0.14457053,0.0047315852999999996,411783.27000000002,0.023196418999999999,5
104,0.77457799000000005,0.14304248999999999,0.022745872,493148.82000000001,0.021884714999999999,2.5359622000000002
105,0.93553090000000005,0.19087449000000001,0.0061579097999999999,379894.03999999998,0.018545948999999999,0.77061734000000004
106,0.84102129999999997,0.1593223,1.0000000000000001e-05,387193.64000000001,0.015155439999999999,0.36906291000000002
107,0.6412658,0.18216445000000001,0.0082608323999999993,430948.76000000001,0.015108402,5
108,0.55479009999999995,0.18005182,0.0018395950999999999,458862.06,0.015491926,2.2916894000000001
109,0.98277917999999997,0.17583873,0.022170345000000001,546244.33999999997,0.0088979917999999995,3.5917536999999999
110,1,0.16855337000000001,0.013879582,517002,0.010644773,1.7668022000000001
111,1,0.18210446,1.0000000000000001e-05,455906.95000000001,0.012746980999999999,1.3252675
112,0.84537998999999997,0.16548238000000001,0.011247128,371509.29999999999,0.017228696000000002,5
113,0.46725393999999998,0.21633659,1.0000000000000001e-05,406793.14000000001,0.022201927999999999,3.4577201
114,0.64961170999999995,0.1950344,0.0020731772999999999,402847.67999999999,0.016493478999999998,4.6779789999999997
115,0.97371894000000003,0.20001120999999999,0.0025734725,438809.06,0.016057090999999999,5
116,0.50215803999999997,0.18583528999999999,0.0069999488999999996,483870.54999999999,0.014937452,3.6616860999999998
117,0.92070598000000003,0.15373966999999999,0.0060760047000000001,438775.22999999998,0.023139990999999999,0.001
118,1,0.16275526000000001,0.010883729999999999,404838.75,0.016863726999999998,0.001
119,0.68267909000000004,0.18621607000000001,0.011630303999999999,472009.07000000001,0.015653343,2.1099275
120,0.81113807000000004,0.17598196999999999,1.0000000000000001e-05,393111.65999999997,0.020743437,1.8263286999999999
121,1,0.16530739,0.024676706,528300.79000000004,0.017936107999999999,3.9030013000000001
122,0.47163335000000001,0.18010187,0.0026705815000000002,395155.20000000001,0.021712082000000001,4.6573653000000004
123,0.97799853999999997,0.1994562,0.0077437964,405515.42999999999,0.016799850000000002,2.4274401999999999
124,0.67988846000000003,0.17205929,0.0058910265000000003,434537.14000000001,0.019969699,2.8592420000000001
125,0.71988494999999997,0.19004853999999999,0.035934341000000002,531721.98999999999,0.015559821,5
126,0.92545365000000002,0.18175878000000001,0.022386218999999999,447224.57000000001,0.014557755,1.6118794000000001
127,0.85560340000000001,0.19552148999999999,0.019164365999999999,509421.21999999997,0.019886312,5
128,0.74459984000000001,0.18702202000000001,0.010833535,452235.21000000002,0.014953331,1.1531083
129,0.60684632999999999,0.18060686000000001,0.0027351699999999999,427542.67999999999,0.013421957999999999,5
130,0.95134118000000001,0.17783787000000001,0.0063602464000000001,484371.47999999998,0.014151721000000001,3.9940012
131,0.58310404999999998,0.16245486000000001,0.025005340000000001,508754.48999999999,0.015320466,4.9864421999999999
132,0.68683309999999997,0.17720996999999999,0.00023396208999999999,410971.46000000002,0.020220176999999999,5
133,0.56656735999999996,0.18093641999999999,0.023095535,525016.23999999999,0.017658437999999999,5
134,0.52426444000000005,0.17456969999999999,0.014152896999999999,486528,0.015580016,4.5725271000000003
135,0.74782364999999995,0.16009243000000001,0.0060143947,449494.20000000001,0.016752120999999998,3.8567659000000001
136,0.84257778000000005,0.22046885999999999,0.025134564000000002,459577,0.019057833,1.1263860000000001
137,1,0.13719234,0.001685233,404954.28999999998,0.028037820000000001,0.85535969000000001
138,0.41188008999999998,0.17118453,0.018342031000000002,493724.03999999998,0.015381399,5
139,1,0.2122049,0.0062050174000000003,461958.42999999999,0.0091459151000000006,0.001
140,0.64754780999999995,0.19460389,0.010281274999999999,466651.57000000001,0.018031491,4.9538263999999996
141,0.83908601000000005,0.16497376,0.0040591428999999998,420970.40000000002,0.022041446999999999,5
142,0.81636275000000003,0.14412013000000001,0.0074396245000000003,419215.96999999997,0.016052696000000002,2.3537366
143,0.91869951000000005,0.18093885000000001,0.035142837000000003,544656.32999999996,0.01297684,0.49514403000000001
144,0.78723642000000005,0.18211763,0.010313663000000001,468173.42999999999,0.012307761,3.7640376
145,0.67364555000000004,0.19446357,0.039686777999999999,542316.26000000001,0.015939920999999999,2.2930537000000002
146,0.61578021000000005,0.17993761,0.027572327000000001,538145.19999999995,0.014651266,1.9524421999999999
147,1,0.16840371000000001,0.0019613217,392604.03999999998,0.016657096,1.0434029
148,0.86299747999999998,0.18676350999999999,0.017252199999999999,456461.53999999998,0.018876812999999999,4.0652701999999996
149,0.76195889999999999,0.20863311000000001,0.020180836000000001,502495.70000000001,0.016129621,1.9784644
150,1,0.17329070999999999,0.040156332000000003,530871.05000000005,0.022633529999999999,4.2424182999999998
151,0.83726453000000001,0.18068929,1.0000000000000001e-05,426264.31,0.017649325,3.7705978999999998
152,0.86927745000000001,0.21208750000000001,0.060702431000000001,562006.70999999996,0.014696621999999999,1.1071768
153,0.5947576,0.16435105999999999,0.0060240702000000004,370700.40999999997,0.019687666999999999,3.1180656999999998
154,0.69610022000000005,0.19524274999999999,0.026199594999999999,512433.35999999999,0.016820758000000002,3.5390958000000001
155,0.80406339999999998,0.19302364,0.0083701708999999996,452717.54999999999,0.017032459,3.5603083
156,1,0.18824361000000001,0.0091231174999999998,442891.87,0.013452524,1.6502838
157,0.96983675999999996,0.19483507,0.048988733,540915.28000000003,0.012028469,0.001
158,0.84404802000000001,0.17432059999999999,1.0000000000000001e-05,341474.02000000002,0.022279921000000001,5
159,0.64632297000000005,0.17216210000000001,0.0070734127000000001,449402.97999999998,0.014074066999999999,4.5813794999999997
160,0.77836802999999999,0.157469,1.0000000000000001e-05,419616.88,0.022515232999999999,4.9570252999999997
161,0.55362911000000004,0.20914151,0.0082749526999999993,460739.44,0.013275935000000001,5
162,0.97513232999999999,0.19360878000000001,0.018400156000000001,442067.21999999997,0.017978480000000002,1.4899266
163,0.97217209000000004,0.19503229999999999,0.0084031311000000008,400807.5,0.0136892,0.001
164,0.89103695999999999,0.17448372000000001,0.0091935900999999993,443515.28999999998,0.015287884999999999,1.0261347999999999
165,0.56784129000000005,0.15931677,0.01044579,454543.07000000001,0.019495689,4.8911842999999999
166,0.41553720999999999,0.17440203000000001,0.00063239198000000004,453772.34000000003,0.015140219999999999,5
167,1,0.18165374000000001,0.043275897000000001,577089.78000000003,0.019411791000000001,1.7584773
168,1,0.20173445000000001,1.0000000000000001e-05,396503.07000000001,0.022681561999999999,0.001
169,1,0.17043789000000001,0.013238264,475466.98999999999,0.016934523,0.050374714000000001
170,1,0.1689948,0.00079421001000000001,432801.81,0.017303556000000001,0.2077109
171,1,0.15436031,0.035739914999999997,571453.31999999995,0.017828757000000001,0.001
172,0.68658529999999995,0.1879712,0.0099590226000000007,459171.67999999999,0.015351101000000001,5
173,1,0.19929626,0.0092486224999999995,450445.97999999998,0.014291767,0.001
174,1,0.16089645,0.00084492655000000005,450121.84999999998,0.012529510000000001,1.4979939
175,1,0.19393205999999999,0.024577806000000001,454325.28000000003,0.021031187,2.2282977000000002
176,0.73336003999999999,0.16761593,1.0000000000000001e-05,458053.46000000002,0.019590864,3.2156631999999998
177,0.80816825000000003,0.17730051999999999,0.019782252,457963.51000000001,0.026959960000000002,2.1888595999999998
178,0.86586901999999999,0.19353846,0.034342960999999998,527948.41000000003,0.02148628,2.3402460999999999
179,0.67344680000000001,0.15230272,1.0000000000000001e-05,427379.45000000001,0.020507109999999999,5
180,0.63926906999999999,0.14623475,0.092378102000000004,850412.79000000004,0.016720813000000001,5
181,1,0.17470656000000001,1.0000000000000001e-05,415465.88,0.016957889,0.001
182,0.50741365000000005,0.18249728000000001,0.0050473725999999998,434543.23999999999,0.018331032000000001,5
183,0.54115146999999997,0.19484413,0.015353903,405005.77000000002,0.015721723999999999,4.2874745000000001
184,1,0.17998592999999999,1.0000000000000001e-05,500442.85999999999,0.012975253000000001,1.7831201999999999
185,1,0.17601792999999999,0.091963900000000001,855246.95999999996,0.020177105000000001,0.001
186,1,0.14893138,0.032787122000000002,522255.71999999997,0.014299856,0.55505729000000004
187,0.63678002,0.16493113000000001,0.0081253512999999999,461757.65000000002,0.018497952000000002,4.9333781999999999
188,1,0.18692729999999999,0.072090110999999998,704896.28000000003,0.016669737,2.0225903999999999
189,0.47403309999999999,0.17121446000000001,0.080590740999999994,759969.57999999996,0.021168870999999999,5
190,0.61289733999999996,0.16127622,0.0048342413999999997,469268.07000000001,0.016917831000000001,3.5095488000000001
191,1,0.16984703000000001,0.0046263614,480121.84999999998,0.012536334999999999,0.1138367
192,0.87623324999999996,0.20684796999999999,1.0000000000000001e-05,437676.78999999998,0.013030051000000001,2.8438539
193,0.77501956000000005,0.19162061999999999,0.00045469861999999998,449144.08000000002,0.011891353,2.5866560000000001
194,0.75066045000000003,0.18768971000000001,0.0029382691999999999,487833.37,0.01287204,4.0968654000000004
195,1,0.19385279999999999,0.038089270000000001,574145.04000000004,0.011387136000000001,1.8013389
196,0.72410330000000001,0.20666891000000001,0.037523176999999998,540888.05000000005,0.013637131,3.7773110000000001
197,0.80687196000000005,0.17283552999999999,0.0044793886000000002,458680.23999999999,0.017448865000000001,2.9925475000000001
198,0.63824930000000002,0.17321869000000001,0.014675765,430076.79999999999,0.015564208,1.2134757
199,1,0.20470178,0.076071038999999993,664865.01000000001,0.019490220999999999,2.7705855000000001
200,0.99614658,0.19017576,0.0034671811000000002,456489.17999999999,0.014414835000000001,2.2942841999999999
201,0.73511029999999999,0.17129394000000001,0.0053433467000000004,436015.77000000002,0.018953879,4.2177987000000003
202,0.92000132999999995,0.18940675000000001,0.020690743000000001,505915.59999999998,0.013881571000000001,2.9766203
203,1,0.1782154,0.050470587999999997,680762.47999999998,0.014451248999999999,1.0389611000000001
204,0.82548069000000002,0.15274364000000001,0.0012322883999999999,402676.78000000003,0.021136874999999999,5
205,0.60872437000000001,0.18238715,0.044623760999999998,602845.89000000001,0.016830424,5
206,0.90320853999999995,0.17359005,0.0096406268999999992,446964.23999999999,0.012860326,0.20683637999999999
207,0.83294973000000005,0.18400127999999999,0.029114922000000001,522594.96000000002,0.020787607,2.8078867000000001
208,1,0.17795164999999999,0.067774866000000003,641730.25,0.014235012999999999,0.001
209,1,0.16835628999999999,0.0028232722,445313.19,0.015308843000000001,0.001
210,1,0.17778654999999999,0.0064996562000000004,435160.09999999998,0.020657518999999999,3.2405113999999999
211,0.61010147999999997,0.1963609,1.0000000000000001e-05,382780.28000000003,0.017656537999999999,5
212,0.67723129999999998,0.19254562,0.0096661052000000004,462608.03999999998,0.017521935999999998,2.8859867000000001
213,0.71698382000000005,0.19280510000000001,0.048081506000000003,582004.56000000006,0.013163812,1.8054091999999999
214,0.89412543,0.15034881999999999,0.015073154,476111.09000000003,0.020074511,0.043643611999999998
215,1,0.17103134,1.0000000000000001e-05,417252.17999999999,0.011741901000000001,0.001
216,0.56457990999999996,0.17651428,0.019905320000000001,558433.47999999998,0.014900804,4.8623865999999998
217,0.60937503000000004,0.18038259000000001,0.024407370000000001,495714.70000000001,0.024291513000000001,5
218,0.56357955000000004,0.16922814,1.0000000000000001e-05,431718.21999999997,0.016618290000000001,3.4046033000000002
219,0.71535926999999999,0.18704515999999999,0.040815659999999997,496791.92999999999,0.016664597999999999,3.7112601000000001
220,0.36351779000000001,0.15991588000000001,0.047593512999999997,531381.18999999994,0.016553208,4.6383584999999998
221,0.70610983000000005,0.14422299,1.0000000000000001e-05,412675.69,0.018882644000000001,2.0946321999999999
222,0.87866548,0.17482027,0.018524334999999999,544218.83999999997,0.015364272,1.0174719999999999
223,1,0.15605894000000001,0.049278692999999998,610834.89000000001,0.019793135,3.0717012000000001
224,0.58797365000000001,0.18370126000000001,0.0058141944999999997,430618.70000000001,0.017786919000000002,3.3939735999999998
225,0.79188923,0.17108346999999999,0.0091439630999999993,434972.28999999998,0.021870279999999999,5
226,0.58058443000000004,0.15266558,0.033238489000000003,504769.67999999999,0.020039635,1.7239040000000001
227,0.73519659999999998,0.14997458,1.0000000000000001e-05,429215.84000000003,0.014929444,0.31896533999999999
228,0.81699917,0.17083286,1.0000000000000001e-05,399225.03000000003,0.018361572,5
229,0.96571516999999996,0.18011347999999999,0.036807214999999997,554892.17000000004,0.019102549999999999,4.6578920999999998
230,0.88090869000000005,0.17293923999999999,0.013040535000000001,462894.17999999999,0.018664457999999998,0.53246146999999999
231,0.78481303000000002,0.17657974000000001,0.029940167,419425.78000000003,0.022177120000000002,3.4602618999999999
232,0.97324328000000004,0.17344549000000001,0.016495655000000001,437246.28999999998,0.017192874,0.001
233,1,0.17311149000000001,0.0066123164999999998,492496.45000000001,0.017589483,0.001
234,0.68851587999999997,0.17395322999999999,0.0077698039999999999,468689.06,0.015836515999999998,1.8738903
235,0.99963873999999997,0.16641365,0.080166304999999993,698508.81999999995,0.018954354,1.4547975
236,1,0.20604639999999999,0.0047372318999999996,462064.72999999998,0.012351635999999999,2.1183174999999999
237,1,0.18283399,0.0062124698000000003,429613.57000000001,0.015442590000000001,1.2074517
238,0.71900628,0.18780784,0.02708025,506546.78999999998,0.018098686999999999,3.5678500999999998
239,0.45328629999999998,0.19743471000000001,0.012798534,450791.63,0.017408803,3.6432704999999999
240,0.89589631999999997,0.16978428000000001,0.044823505999999999,558211.07999999996,0.014179667999999999,1.9096706999999999
241,1,0.17704626000000001,0.0083661802999999996,471946.94,0.020497712000000001,5
242,0.94906641999999997,0.19929000999999999,0.045009720000000003,577135.97999999998,0.016269426,4.8723798
243,0.90083500999999999,0.19125705000000001,0.00052873331000000004,435839.92999999999,0.011842399999999999,1.6990407000000001
244,1,0.18081132999999999,0.027124051,574792.63,0.016452845000000001,0.001
245,0.91801067000000003,0.17454541000000001,0.0044792772999999999,409693.5,0.016928160000000001,3.1933055000000001
246,0.72165672000000003,0.19902265999999999,3.8485027000000002e-05,452821.78999999998,0.015273889000000001,4.3361432999999998
247,0.79071365000000005,0.21892355999999999,0.015882029999999998,538763.35999999999,0.014920439000000001,1.1266307
248,1,0.19296577000000001,1.0000000000000001e-05,404934.58000000002,0.015575654,0.001
249,0.99722467999999997,0.18019085000000001,0.0055493907000000002,455419.37,0.018059491,3.0550332999999998
250,1,0.19284662999999999,1.0000000000000001e-05,433915.81,0.022367422000000001,4.4149247999999996
251,0.81852789000000004,0.18825575,0.0049249315999999998,452632.92999999999,0.015168192,1.9554045
252,0.80339203000000003,0.17608217000000001,0.0043216909000000003,447641.46999999997,0.016410186,3.9830063999999998
253,1,0.15731776,0.046976127999999999,593674.07999999996,0.020141086999999998,1.1963997
254,0.92786857,0.15989995000000001,0.0055433236000000004,473808.67999999999,0.016722442000000001,1.1364439
255,0.52839727000000003,0.18820919999999999,0.0095920203000000002,443221.72999999998,0.020308432000000001,4.7860576000000004
256,0.51966710999999999,0.18103853,0.021529408,472196.71999999997,0.012224847,5
257,0.93387383000000002,0.17212646000000001,1.0000000000000001e-05,431901.90999999997,0.022346922000000002,3.9469509
258,0.39021284000000001,0.17262917999999999,1.0000000000000001e-05,401925.84000000003,0.021693209000000001,5
259,0.86160740000000002,0.14640537000000001,0.017939690000000001,510011.14000000001,0.020608006000000002,0.001
260,0.59731838000000004,0.19520816999999999,4.0647859999999998e-05,404138.40999999997,0.020146246,4.9896352000000004
261,0.51834776000000005,0.19187302000000001,0.00073454162999999999,441838.67999999999,0.017749651000000002,4.9988583999999996
262,0.61808662999999997,0.19187772,0.0090369179000000001,390255.52000000002,0.019767699999999999,5
263,0.87355324999999995,0.18667186999999999,1.4515155999999999e-05,410333.54999999999,0.012827463000000001,3.3748046999999999
264,0.86803443000000002,0.1643203,1.0000000000000001e-05,396605.13,0.018078586000000001,3.3294058
265,0.97552397000000002,0.19762251,0.023216794999999998,469068.72999999998,0.018196575999999999,2.2646188999999999
266,0.74705763999999997,0.18089045000000001,1.0000000000000001e-05,411168.48999999999,0.019374479,3.2621007999999998
267,0.83592513999999996,0.19056117,1.0000000000000001e-05,363866.95000000001,0.018315674000000001,5
268,0.45040844000000002,0.18326417,0.0011171163999999999,418937.90999999997,0.019964922,5
269,0.89132575000000003,0.18789906000000001,0.0083319299999999995,483626.71999999997,0.013598471000000001,3.6838848
270,0.65645299000000001,0.18482132000000001,1.0000000000000001e-05,462288.59999999998,0.012249571000000001,5
271,0.96486506999999999,0.17771793,0.00099486531999999996,471355.59000000003,0.016538041999999999,0.89323406000000005
272,0.99778626999999998,0.17207046000000001,0.015034270000000001,527567.87,0.0098797668999999998,1.1557423
273,0.68154112,0.16182488,1.0000000000000001e-05,392238.19,0.020089315999999999,4.8875225000000002
274,1,0.16677449,0.0086306076999999991,454745.03000000003,0.017707942000000001,0.58351043999999996
275,1,0.18019435,0.0075160779999999998,472899.54999999999,0.015038381999999999,3.3058597999999999
276,0.96912836000000002,0.16719259,1.0000000000000001e-05,412990.03999999998,0.019604988,3.5056476999999999
277,0.79909269999999999,0.16865185999999999,0.00020974131999999999,487899.34999999998,0.017654978000000002,0.84946564999999996
278,1,0.17022371,0.0026713253000000001,470615.16999999998,0.016977092999999999,0.001
279,0.76222049000000003,0.18050537999999999,0.047589495000000002,646434.31000000006,0.014200601,5
280,0.60656732999999996,0.16196432999999999,0.0012569225999999999,443873.03999999998,0.015932460999999998,3.2998726
281,0.70747017000000001,0.21098797,0.010845715000000001,493033.23999999999,0.011748895000000001,1.8832921
282,1,0.20014267999999999,0.037424390000000002,566173.38,0.013796465000000001,0.001
283,0.66743929000000002,0.17858975999999999,0.019317540000000001,458785.92999999999,0.015609026,4.8316822000000004
284,0.85425700000000004,0.22659164000000001,0.022860736,551129.62,0.010412894000000001,3.3916167000000002
285,1,0.21376934,0.00028610704999999998,428639.21000000002,0.016573431,3.3049073999999998
286,1,0.20437934999999999,0.048183694999999999,621733.41000000003,0.010621102,1.0167794000000001
287,0.64239597000000004,0.17946732000000001,1.0000000000000001e-05,409078.17999999999,0.017116350999999998,5
288,0.94088245999999998,0.17718519999999999,0.00034776748,452660.34999999998,0.015016310999999999,0.001
289,0.86494853000000005,0.17142969,0.036778498999999999,555790.72999999998,0.021581307000000001,3.2010163999999999
290,0.59191444999999998,0.16129193,0.016366380999999999,508557.90000000002,0.011442325,1.9800652000000001
291,1,0.18434923,1.0000000000000001e-05,432422.98999999999,0.019370715,1.7353540999999999
292,0.68797054999999996,0.19657151,0.016661138999999998,490989.66999999998,0.016178029,3.5172490000000001
293,0.94630415000000001,0.19833837000000001,0.021951128,536302.41000000003,0.011083387,0.94291857999999995
294,0.86623079000000003,0.17680768999999999,0.023360944000000002,539986.40000000002,0.01215602,1.3305129
295,0.89808863999999999,0.15633253999999999,0.017678042000000001,468902.34999999998,0.016961761999999998,0.97579762999999997
296,0.89527533000000004,0.17045721999999999,0.0021448024,447420.40999999997,0.019360094000000001,0.001
297,0.90948934000000003,0.19045586,1.0000000000000001e-05,419599.77000000002,0.017263125000000001,0.55457175999999997
298,0.53172494000000003,0.15059512,0.00085530044,388331.02000000002,0.013416183,4.2673759999999996
299,0.96876879999999999,0.15643965000000001,0.038207059000000002,525197.73999999999,0.022893106999999999,0.001
300,0.98214095999999995,0.21203118000000001,0.016152250999999999,506826.71000000002,0.01527777,0.001
301,0.73778451,0.18648242000000001,0.0072641390000000002,451628.40999999997,0.020639885,2.8480268
302,0.65962960000000004,0.15807486000000001,1.0000000000000001e-05,408175.15999999997,0.021831941000000001,2.0372864000000002
303,0.79249137000000003,0.20349038,0.011010298999999999,414652.14000000001,0.015128789,3.6973147000000002
304,0.81400910000000004,0.20278752,0.0069145947000000003,440212.46000000002,0.018948703000000001,0.85143106000000002
305,0.44174043000000002,0.18920977999999999,0.025475037999999998,459419.28000000003,0.020098569,3.5151287
306,0.82007523000000004,0.17923759,0.00080058736000000004,403747.65000000002,0.023681823000000001,5
307,0.97021553000000005,0.18357826999999999,0.0070506175000000001,422355.53999999998,0.019432529,2.8435617
308,0.54620369000000002,0.17980278,0.011647683000000001,416759.59999999998,0.01475245,5
309,0.99768690000000004,0.14913143000000001,0.023716042,525150.47999999998,0.020014238,0.97265402999999995
310,1,0.14711598000000001,0.00025151877999999997,443778.03999999998,0.018012495,0.86666567999999999
311,0.92015809000000004,0.19830010000000001,0.018565756999999999,474692.87,0.011202414000000001,0.018994457999999999
312,0.51782497999999999,0.19556038000000001,0.0041662152999999997,469987.48999999999,0.012753156,5
313,0.78949842999999997,0.18755775999999999,0.016982075999999999,455063.12,0.017541739000000001,2.4289540999999999
314,0.75465747999999999,0.21749959999999999,0.017712558,485447.09999999998,0.018947763999999999,5
315,0.42166972000000003,0.17408471,0.028276089000000001,495443.03999999998,0.016366953,5
316,1,0.19678121000000001,0.024002927,490635.44,0.018302319000000001,3.0833159999999999
317,1,0.19193046,1.0000000000000001e-05,347051.88,0.016126010999999999,0.94448454999999998
318,1,0.20499297,0.0039771991999999999,447929.81,0.018290638000000001,0.067233426999999998
319,0.42320384999999999,0.15816411999999999,0.019656631000000001,486987.5,0.022465894,5
320,0.69864917000000004,0.20905027000000001,1.0000000000000001e-05,392021.54999999999,0.020252757,1.9603965999999999
321,0.74708045999999995,0.15358055000000001,0.025211383,467107.58000000002,0.023039275000000001,4.8866592999999998
322,0.78487481000000003,0.18466504,0.0016646491000000001,411270.42999999999,0.016042183000000002,1.9960979000000001
323,0.66286548000000001,0.17102838000000001,1.0000000000000001e-05,450098.25,0.01312733,1.8707161999999999
324,0.56204330000000002,0.19881718000000001,1.0000000000000001e-05,387114.04999999999,0.016126937000000001,2.4452327999999999
325,0.48843339000000002,0.17204395,0.012145423000000001,474758.67999999999,0.020507719000000001,5
326,0.95273017000000004,0.15360496000000001,0.070738507000000006,747741.33999999997,0.017774206000000001,2.6578856000000002
327,0.92498495999999997,0.19498687000000001,1.0000000000000001e-05,422547.59000000003,0.017287758,1.6167611
328,0.61939423000000005,0.20750655000000001,0.030110039000000002,485344.78999999998,0.017701801999999999,4.1462427999999996
329,0.5082544,0.15775895000000001,0.052731329,584390.60999999999,0.021096621999999999,3.5667901
330,0.85712951000000004,0.16108808999999999,0.015295873999999999,505405.04999999999,0.013217196,0.46958388000000001
331,1,0.15885340000000001,1.0000000000000001e-05,391596.22999999998,0.022559512,1.2936825000000001
332,0.75677159999999999,0.15345771,0.0017144396999999999,442149.20000000001,0.017465741,1.3370844
333,0.93531056999999995,0.17800450000000001,0.020629537,505179.81,0.017419311,0.073568270000000005
334,0.76816534000000003,0.16096704000000001,1.0000000000000001e-05,431010.06,0.019136798999999999,1.4593346
335,0.93820718000000003,0.19648621999999999,0.029760867999999999,544290.40000000002,0.010767611,5
336,0.51616351999999999,0.19279909000000001,0.0049712517000000001,392286.67999999999,0.018351829,4.1300473999999996
337,0.46998399000000002,0.1853196,1.0000000000000001e-05,417500.38,0.015891044999999999,5
338,0.66610707999999996,0.19446614000000001,0.0072740199000000004,451347.44,0.014548671000000001,4.0486968000000001
339,0.82151876999999995,0.18931567999999999,0.0032744063999999998,356465.89000000001,0.027952661,0.63105714000000002
340,0.95289723000000004,0.19334080000000001,0.019261665000000001,513562.53999999998,0.023487691000000002,5
341,0.73703982999999995,0.16339034,0.043511037000000002,553959.93000000005,0.012838449,3.0887630000000001
342,0.84047346000000001,0.17652365,0.017957821999999998,487289.02000000002,0.020184718000000001,2.1031960999999999
343,1,0.17512797999999999,0.015065360999999999,410227,0.020991632,0.001
344,1,0.18237296,1.0000000000000001e-05,380184.73999999999,0.013373057000000001,3.7870765
345,0.78320869999999998,0.16478248000000001,1.0000000000000001e-05,435311.13,0.018566747000000001,2.9477779000000002
346,0.89183003000000005,0.20619088999999999,0.0018569215,426390.38,0.016650959,2.7938839999999998
347,0.89535739999999997,0.19615001000000001,0.046354480000000003,543786.06999999995,0.024170759999999999,3.1144200999999998
348,0.39909099999999997,0.19194665,1.0000000000000001e-05,438893,0.011031495000000001,3.9898981999999998
349,0.78927674000000003,0.18680812999999999,0.0010183952999999999,408402.53999999998,0.014010572000000001,2.5215309000000001
350,0.65359933999999997,0.19092481,0.039927547000000001,546163.72999999998,0.017559463000000001,3.5202323999999998
351,0.88396781999999996,0.18144126999999999,0.00037700226999999998,447506.78999999998,0.016414713000000001,1.6322591
352,1,0.18953033999999999,1.0000000000000001e-05,401060.90999999997,0.01763373,0.48294364000000001
353,0.87332593000000003,0.19801144000000001,1.0000000000000001e-05,454112.33000000002,0.015758239,1.2748934999999999
354,1,0.17263540999999999,0.0059858893,438381.03999999998,0.019171905,0.001
355,1,0.1869373,1.0000000000000001e-05,409411.07000000001,0.014847803999999999,3.3391888999999999
356,0.65325796000000003,0.20344254000000001,0.025349165999999999,510824.46999999997,0.01486146,4.6187019999999999
357,0.72240128000000003,0.18478243,0.0033255033000000002,442828.39000000001,0.018489068000000001,3.1992850000000002
358,0.49880076000000001,0.21699832999999999,1.0000000000000001e-05,439035.40000000002,0.011299244999999999,5
359,0.59030234999999998,0.14636167,0.0082032888999999994,470654.37,0.016745014999999999,2.2377047000000001
360,1,0.20757804999999999,2.5232170999999999e-05,452144.26000000001,0.015340654,0.090096664000000007
361,0.50525600000000004,0.18525303000000001,0.020591211000000002,481625.84000000003,0.018644526000000002,4.7517961
362,0.58426613999999999,0.19285611,0.017901894000000002,461652.67999999999,0.018459652999999999,2.6582287
363,0.97115342999999998,0.18345147000000001,0.0042829699000000001,428157.32000000001,0.017907785999999998,1.1097437999999999
364,1,0.16825973999999999,0.0022972533000000001,432133.07000000001,0.019075529000000001,0.018427288999999999
365,0.81606334000000003,0.15639742000000001,0.0043227398000000002,427331.87,0.023176314,5
366,0.89784206,0.15838886999999999,0.012359693,414701,0.019329381,3.6713467
367,1,0.20119165,0.00020020287000000001,361950.15000000002,0.013984778,5
368,0.81172330000000004,0.19538443,1.0000000000000001e-05,376274.92999999999,0.014110411,0.97717054000000003
369,0.54919465000000001,0.16248673,1.0000000000000001e-05,397658.82000000001,0.018858842000000001,5
370,0.35231362999999999,0.18641732,0.032429415000000003,562331.60999999999,0.014651601,5
371,1,0.16473782000000001,0.015137362,516376.84000000003,0.015426974,4.9062621000000002
372,0.86799557000000005,0.15783945999999999,0.0028046142,452498.09000000003,0.015495020999999999,0.72759518999999995
373,0.43099546,0.16836187999999999,1.0000000000000001e-05,421812.94,0.020525373999999999,5
374,0.70444931,0.16792589999999999,0.011339116,470865.60999999999,0.016187844,4.3296995000000003
375,0.66608557000000002,0.20768450999999999,0.034155527999999998,553794.42000000004,0.014128585000000001,2.5465257000000001
376,0.93832541000000003,0.17718338,0.0041894821999999996,471630.15999999997,0.012057167000000001,0.77994564
377,0.65860004000000005,0.1842202,0.0087519976999999999,452920.01000000001,0.018718060000000002,2.5701212999999998
378,0.74391797999999998,0.18497532999999999,0.0065309781000000003,448594.35999999999,0.018302246000000001,1.4792833999999999
379,0.71927235,0.20375459000000001,1.0000000000000001e-05,437749.40000000002,0.014288996999999999,2.8482649000000002
380,0.99378926000000001,0.19652188000000001,0.046382172999999999,527510.18000000005,0.013317768000000001,0.001
381,1,0.16160437,0.013965414000000001,482843.97999999998,0.015324213,0.001
382,1,0.18274438000000001,0.0067398769000000004,492860.25,0.014723887999999999,0.001
383,0.99935814999999995,0.17394224,0.012666673999999999,469924.53999999998,0.022191557000000001,2.4810363
384,0.79897927000000002,0.21054310000000001,1.0000000000000001e-05,410317.75,0.016731757,4.1125729
385,0.93096668000000005,0.20293564,0.022519348000000002,521151.54999999999,0.011887882000000001,2.6531722000000002
386,1,0.17708925,1.0000000000000001e-05,455890.85999999999,0.015876195999999999,0.001
387,0.74036921,0.17537679,0.0075509616999999999,422160.96999999997,0.013645509,5
388,0.79977966,0.18128427,1.0000000000000001e-05,455242.19,0.014018022999999999,5
389,1,0.17291364000000001,0.0079579300999999998,458739.71999999997,0.019223639000000001,0.001
390,0.93186358000000002,0.16476621999999999,0.021016090000000001,519170.87,0.011547975,4.0044371999999999
391,0.65287211000000001,0.17798315000000001,1.0000000000000001e-05,406388.31,0.010455789,0.64070428999999995
392,0.66889851,0.14850440000000001,0.019235512999999999,465712.46000000002,0.020974534,1.8602666000000001
393,1,0.18419705,0.020572700999999999,473699.66999999998,0.011626482,0.001
394,0.74863420000000003,0.17128486000000001,1.0000000000000001e-05,409814.69,0.021453139,0.65029186000000005
395,0.64220109000000003,0.15803407999999999,1.0000000000000001e-05,426565.45000000001,0.018847872000000002,1.6532731000000001
396,0.73672492999999994,0.17649406000000001,0.023354196000000001,491687.03000000003,0.015918292000000001,3.1496664999999999
397,0.67484175999999996,0.18511469,0.017056930000000001,453896.98999999999,0.022917145,3.3031126999999998
398,0.93874760999999995,0.17902949000000001,0.069500786999999994,696535.89000000001,0.014754757,0.87642025000000001
399,0.95798707000000005,0.17160088000000001,0.013615469,488016.64000000001,0.013330384000000001,0.061822940999999999
400,0.93694591000000005,0.21399934000000001,0.0055791240000000004,466016.81,0.019476083000000002,0.001
401,1,0.2124326,0.0043894464000000001,462536.12,0.014228236999999999,0.11429006999999999
402,1,0.16365175000000001,1.0000000000000001e-05,437242.15000000002,0.014283525,4.7850668000000001
403,0.73903167999999997,0.1606002,0.021057354,502938.35999999999,0.015221392,4.3396337999999997
404,1,0.20052664000000001,1.0000000000000001e-05,450215.37,0.016615677999999998,0.001
405,0.91698259999999998,0.17461051,1.0000000000000001e-05,444351.65999999997,0.017162258999999999,0.43133397000000001
406,0.92186332999999998,0.17945124000000001,0.027472259999999998,487417.89000000001,0.019971737,1.5619034000000001
407,0.85567336000000005,0.15343506000000001,0.040840571999999999,605164.31000000006,0.016887376999999999,3.6429654999999999
408,0.90394828000000005,0.19797551999999999,0.034309530999999997,630766.09999999998,0.012292803,0.49937394000000002
409,0.73311156,0.18352415999999999,0.0052121464999999997,463049.10999999999,0.015899113999999999,5
410,1,0.19199352,0.0058066283,484995.84999999998,0.013694058,0.34442635999999999
411,0.89526360000000005,0.20632368000000001,0.017651084000000001,504188.47999999998,0.011380639999999999,0.77146718000000003
412,1,0.16346674,0.013518537000000001,541075.93000000005,0.017575014999999999,2.0878076999999999
413,0.39509222999999999,0.19951093,1.0000000000000001e-05,410013.53999999998,0.016865913999999999,4.8961180999999998
414,1,0.19144351000000001,0.015108633,528641.77000000002,0.013948591,1.9215405000000001
415,0.73041204000000004,0.19510437999999999,0.026181159999999998,538228.5,0.012545870000000001,3.9752124000000002
416,0.42420807999999999,0.19418084999999999,0.0085225118999999998,456045.79999999999,0.01506966,4.7095320999999997
417,1,0.16834626,1.0000000000000001e-05,432719.12,0.014207245,0.10454022
418,1,0.16449009000000001,0.013360466999999999,448253.72999999998,0.023970607000000001,0.096383997999999999
419,0.69455085999999999,0.18994251000000001,1.0000000000000001e-05,413260.97999999998,0.019859984000000001,2.5562273000000002
420,0.69119176999999998,0.19249209,0.021355229999999999,493462.38,0.014777241,3.8844802
421,0.82494604999999999,0.17911825000000001,1.0000000000000001e-05,440100.34000000003,0.020439273000000001,1.7714216
422,1,0.19623373,0.013292699999999999,385819.78999999998,0.025922251,0.45467713999999998
423,0.97655080000000005,0.18370354,0.049774484000000001,573299.05000000005,0.016928657999999999,4.3098878999999997
424,1,0.18338376000000001,0.010507588999999999,483545.16999999998,0.017779987000000001,3.7348590000000002
425,0.44132081000000001,0.19603975000000001,0.0080337462000000005,480547.71000000002,0.014969896,4.8558396000000004
426,0.48705977,0.20092541,1.0000000000000001e-05,426319.10999999999,0.016639524999999999,3.4747278000000001
427,0.40878835000000002,0.15756318999999999,1.0000000000000001e-05,418665.46999999997,0.019486712999999999,4.1949956000000004
428,0.88584379999999996,0.19200436000000001,1.0000000000000001e-05,423052.64000000001,0.013241686000000001,0.54256167
429,0.80323244999999999,0.19407916,0.0079131817000000007,470701.71999999997,0.01342927,1.4730591
430,1,0.18416118000000001,0.01211072,430841.96999999997,0.014261414,0.001
431,0.96352488999999997,0.17426356000000001,1.0000000000000001e-05,419859.97999999998,0.016794417999999998,2.6795429999999998
432,0.99417637000000003,0.18733923,0.045541979000000003,547831.17000000004,0.01382155,0.001
433,1,0.16944417000000001,0.042845493999999998,636798.96999999997,0.013136049,1.3237023000000001
434,0.78356481,0.17006420999999999,0.022332767,525392.26000000001,0.010906295999999999,3.2550848000000001
435,0.92454585,0.17185141000000001,0.0012024087000000001,417919.94,0.019789562,3.8289882
436,0.92507649999999997,0.1942431,2.2487423e-05,461919.54999999999,0.014763231,0.95211621999999996
437,1,0.18834888,0.058914688,629403.59999999998,0.0090653620000000004,0.001
438,0.86629005000000003,0.19825340999999999,0.014573255,494405.95000000001,0.017410704999999999,2.8204213
439,0.85284097999999997,0.1823574,0.037406902999999998,552067.14000000001,0.012970908999999999,3.9825008999999998
440,0.87837527000000004,0.18183371000000001,0.015656178,449261.27000000002,0.015083976000000001,1.0002747000000001
441,0.68449917999999998,0.15617389000000001,0.00022073490999999999,432771.03999999998,0.02297656,1.9032931
442,1,0.18493381,0.013986662,476924.71999999997,0.016600325999999999,0.001
443,0.84826550999999994,0.15042518999999999,0.014703782,460765.31,0.021881596,0.68373845
444,0.66131087,0.18289092000000001,1.0000000000000001e-05,424502.03999999998,0.017192883999999999,2.2835226999999998
445,0.98752213,0.21534872999999999,0.022004870999999999,528704.68999999994,0.010521855,0.96299615000000005
446,0.76929937000000004,0.18558868000000001,1.0000000000000001e-05,421094.65999999997,0.016567564,3.8465077000000001
447,1,0.19432136,0.0034760072999999998,491643.64000000001,0.012982808,0.93561388000000001
448,0.82391762000000002,0.17264278,0.028406101,471514.88,0.019433615000000001,2.8531322000000001
449,0.95172031000000001,0.16612811999999999,0.040814509999999998,527548.57999999996,0.017724126999999999,0.001
450,0.94728082999999996,0.16446151000000001,0.026778954000000001,517078.75,0.026122329999999999,3.8015566000000001
451,0.74689881000000002,0.19860231,0.0062822455999999999,447774.17999999999,0.015714914,2.1752748
452,0.74244586999999995,0.19372455999999999,1.0000000000000001e-05,449974.96000000002,0.011412016000000001,3.1462056999999999
453,0.75372532000000003,0.19515246,0.0093946422000000009,440140.91999999998,0.020023137999999999,2.5392885000000001
454,1,0.19607884,0.013556382000000001,518550.44,0.014058386000000001,0.001
455,1,0.20649497,0.014605310999999999,489556.15999999997,0.013743656,4.6006947
456,0.79259334999999997,0.1953058,0.012667852,498930.73999999999,0.011698287,0.001
457,0.72126073000000002,0.17977446999999999,0.037074958999999998,565064.09999999998,0.013915622000000001,4.3628235999999996
458,1,0.18383946000000001,1.0000000000000001e-05,324773.01000000001,0.02044236,0.59525183999999998
459,0.92487483000000004,0.18006567000000001,0.031802500999999997,528164.43000000005,0.015352278,5
460,0.77579418,0.20118922,0.014283168000000001,477431.40000000002,0.011139697,5
461,0.33866864000000002,0.17035064999999999,0.012704294,436421.03999999998,0.014989267000000001,5
462,0.86849966000000001,0.17093108000000001,0.0067996252999999998,408877.07000000001,0.022301448000000001,1.9896316000000001
463,0.82194725000000002,0.18981175,0.00034681345000000001,415861.83000000002,0.013978709000000001,3.1263860000000001
464,0.86645353000000003,0.21439479,1.0000000000000001e-05,459015.07000000001,0.012590132,2.3840264000000002
465,0.71387394000000004,0.18778785000000001,0.01282665,514921.76000000001,0.015831288999999998,1.4928360000000001
466,1,0.17127241000000001,1.0000000000000001e-05,387458.33000000002,0.017988882000000001,3.5405395
467,0.75661820999999996,0.19746127999999999,0.11177294,819060.28000000003,0.013434725999999999,0.40712350000000003
468,0.91883283000000004,0.16154213000000001,0.00089305391000000004,416933.23999999999,0.016285135999999999,2.5112228000000001
469,1,0.17174449999999999,0.042117731999999998,567780.30000000005,0.017919441000000001,0.001
470,0.73486764999999998,0.18319805,0.021786125,419966.40000000002,0.014320429000000001,2.7577007999999998
471,0.55907105999999995,0.15611843,0.015083775000000001,464907.39000000001,0.020726568000000001,2.2728896999999999
472,0.99850220000000001,0.19328331000000001,0.01186921,495088.45000000001,0.018775070000000001,3.7736493000000002
473,0.97238703999999998,0.16768188000000001,0.0095982959999999992,450192.67999999999,0.018308531999999999,0.001
474,1,0.15051101,0.0038818640000000001,495500.20000000001,0.0090404768000000007,4.0223256999999997
475,0.47088334999999998,0.18943815999999999,1.0000000000000001e-05,434149.84000000003,0.016868625000000002,2.7496480999999999
476,0.45107599999999998,0.14608890999999999,0.015826104000000001,501974.46999999997,0.016185207,5
477,0.38400866,0.18374218,1.0000000000000001e-05,419284.54999999999,0.018738254999999999,5
478,0.72142364000000003,0.21440455,0.014668094,494558.47999999998,0.013496934,4.2962971000000003
479,0.66977452000000004,0.19006730999999999,0.019270853000000001,503904.60999999999,0.016122425999999999,2.2429888
480,0.77690535000000005,0.20230736999999999,0.0024219315000000002,436848,0.013609122,4.0215487000000003
481,0.55807291000000003,0.19290226999999999,1.0000000000000001e-05,411114.62,0.018875497000000001,3.9860106000000002
482,0.82839012000000001,0.17427941999999999,0.0022822182,432231.84999999998,0.017429579000000001,1.9428852000000001
483,0.71468089000000001,0.17052407,0.031412677,520030.10999999999,0.014418515999999999,2.2022911000000001
484,0.61968692999999997,0.19948245000000001,0.013184832,412439.26000000001,0.022853694000000001,5
485,0.61718150000000005,0.20090155000000001,0.0032006913,415006.21999999997,0.014295894,3.773514
486,0.74451381000000005,0.17207591999999999,0.038346136000000003,570397.17000000004,0.016483925,2.3273383000000001
487,0.46837301999999997,0.15079628,0.070412058,669466.43999999994,0.016146667999999999,3.8796995000000001
488,0.68789299999999998,0.16414936999999999,0.001718689,440273.22999999998,0.017539164999999999,3.7454279000000001
489,0.54912112999999996,0.16778019999999999,1.0000000000000001e-05,405543.29999999999,0.018080823999999999,3.9719152000000002
490,0.64493634,0.15812538000000001,0.033012341000000001,574505.40000000002,0.022536057000000002,3.5674537000000002
491,1,0.17890531000000001,0.014870382,498982.19,0.013743010999999999,4.8804144999999997
492,0.75541460000000005,0.17213505000000001,0.015496536999999999,532702.84999999998,0.014142768,5
493,0.8835518,0.22153110000000001,0.036241463000000002,586234.18999999994,0.014340360999999999,0.89361084999999996
494,1,0.19721057,0.039775430000000001,512119.44,0.014646676000000001,0.001
495,1,0.17252376999999999,0.038623786,504632.94,0.015549304,2.7092021000000002
496,0.86043769000000003,0.20124249999999999,0.0091236783999999998,500039.19,0.011861042,2.9184133000000001
497,0.66341751000000004,0.16686574000000001,0.029053338000000001,509566.89000000001,0.018652717999999999,2.3164509
498,0.65885596000000002,0.22299403000000001,0.0082102266000000004,465057.81,0.017137329,2.9986079999999999
499,1,0.15998499999999999,0.027528548999999999,534933.56000000006,0.012875418,0.001
500,0.66790344999999995,0.19558811000000001,0.0012221559,449511.31,0.016380413999999999,4.9882372999999998
501,1,0.19036608999999999,1.0000000000000001e-05,448217.15999999997,0.019982592,1.5693395999999999
502,0.83913123999999994,0.17751896,0.060936812,599014.85999999999,0.013714198,3.3489556999999999
503,0.52782689000000005,0.18463283,0.038700516999999997,560175.62,0.015095839,3.6282963000000001
504,0.48250894999999999,0.15667091999999999,0.00011092951,438427.77000000002,0.015912503000000001,3.4525109
505,0.91863854,0.20634108000000001,0.0035781897000000001,367522.83000000002,0.020212233999999999,3.4700484
506,0.54533392000000003,0.20297604999999999,1.0000000000000001e-05,406005.34000000003,0.015645105999999999,3.8915296000000001
507,1,0.17543421000000001,0.0053204693000000001,439147.59999999998,0.014279478,0.001
508,1,0.1848294,1.0000000000000001e-05,397968.03999999998,0.017643221000000001,1.1881666
509,0.86188131999999995,0.19436587,1.0000000000000001e-05,379938.45000000001,0.016653867999999999,4.7836749000000003
510,0.95062486000000002,0.18435072999999999,0.020247629,455539.03000000003,0.021285340999999999,2.0155327000000001
511,0.83234719999999995,0.19099440000000001,0.063374137999999997,667526.40000000002,0.013617532,2.1760206000000002
512,1,0.1690169,0.0077886667000000003,441260.40000000002,0.022491608999999999,0.001
513,0.71721751,0.20034863999999999,1.0000000000000001e-05,398257.47999999998,0.014623772,4.9462986999999998
514,0.82693245000000004,0.18577025999999999,0.026354053999999998,512015.03999999998,0.015633343000000001,1.3516421000000001
515,0.74023004000000003,0.19346332999999999,0.00031799566000000003,453612.19,0.013252596,1.1473724999999999
516,0.92185550999999999,0.16860088000000001,0.0032102390000000001,414679.21000000002,0.022936168999999999,1.5592665999999999
517,1,0.17775049000000001,0.0033806026000000001,433767.02000000002,0.019358217,5
518,0.97536345999999996,0.18011368,0.0098359148999999993,426885.89000000001,0.018617307999999999,0.13316736000000001
519,0.52834639999999999,0.19732084,0.025434470000000001,543163.52000000002,0.016601191000000001,4.3728370999999999
520,1,0.16969490000000001,0.023763398000000002,494057.87,0.021911393000000001,2.3547113999999998
521,0.99417637000000003,0.18733923,0.045541979000000003,547831.17000000004,0.01382155,0.001
522,1,0.20769947,1.0000000000000001e-05,447816.15999999997,0.012914222,3.7042704999999998
523,0.98214752999999999,0.17273552,0.0086377964999999994,460070.03000000003,0.017925487,3.5146085
524,0.70821076999999999,0.15789417,1.0000000000000001e-05,379330.83000000002,0.019684602999999998,2.8156941999999998
525,1,0.19067060999999999,1.0000000000000001e-05,400202.56,0.023692121,0.001
526,0.75609855999999998,0.16565518000000001,0.025924824999999999,518586.28999999998,0.021677888999999999,5
527,1,0.17228752,0.036603007999999999,572589.80000000005,0.014439443,0.90942095999999994
528,0.71811966000000005,0.14322501000000001,1.0000000000000001e-05,405032.82000000001,0.024310600000000002,5
529,0.94045135999999996,0.17508845000000001,0.0014018342000000001,409814.34000000003,0.015297491999999999,2.7300589999999998
530,0.84259755999999997,0.17997678,1.0000000000000001e-05,448842.28999999998,0.015170942,0.94334118
531,0.81358870000000005,0.17730514,0.011826015,455067.52000000002,0.016299080000000001,0.81825367000000004
532,0.68506082999999995,0.18296498999999999,1.0000000000000001e-05,441528.01000000001,0.016747208,3.5579641999999998
533,0.65608644999999999,0.15951008,1.0000000000000001e-05,429339.94,0.019521579000000001,5
534,0.82439702000000004,0.18369874,0.027209068999999999,576614.05000000005,0.0098333536000000006,5
535,0.86776704999999998,0.14662628,0.044353170999999997,571818.90000000002,0.016810370000000002,0.001
536,0.94382617999999996,0.17074486999999999,0.00033879541000000001,420986.51000000001,0.020168706000000002,1.0496531
537,0.63614218,0.18577025,1.0000000000000001e-05,408950.29999999999,0.018148549,2.4476472
538,0.87499912999999996,0.18259063,0.0097630771999999994,446361.14000000001,0.014275536,1.9733860000000001
539,0.60488578000000004,0.18514755999999999,0.021850426999999999,477646.28000000003,0.019939653000000002,2.4606045999999999
540,0.72726236,0.18282047000000001,0.0087337410999999993,437305.96999999997,0.015678977,0.70415130999999997
541,0.93947429000000005,0.17412871999999999,0.0025644816000000002,423710.52000000002,0.021246204000000001,2.7642419
542,0.51063543,0.17409021,0.0081645471000000008,455571.53000000003,0.019899463999999999,5
543,0.52377293000000003,0.17805370000000001,1.0000000000000001e-05,347159.40000000002,0.023371838999999998,3.3664401000000002
544,0.95387683999999995,0.19743342,0.007644306,439550.40999999997,0.022740123000000001,0.001
545,1,0.16686068000000001,1.0000000000000001e-05,437931.5,0.017700151000000001,0.92496683000000002
546,1,0.20852951,0.0032396527999999998,459439.07000000001,0.013841976000000001,0.001
547,0.79429101999999996,0.15252036999999999,1.0000000000000001e-05,431054.08000000002,0.017551688999999999,0.70433531999999999
548,0.80552767999999997,0.19610783000000001,0.023533770999999998,518357.48999999999,0.016265001000000001,3.9777931
549,1,0.17348568,0.026325006000000001,540264.44999999995,0.014707952,0.001
550,0.99674381000000001,0.18172575999999999,0.020438768,467580.76000000001,0.017312159000000001,3.9048726999999999
551,0.48447310999999998,0.17402487999999999,0.030728552999999999,544802.51000000001,0.020895641999999999,5
552,0.67631916000000003,0.17669663999999999,0.0027461611,427376.09000000003,0.01543433,3.2830727999999998
553,1,0.21874627999999999,1.0000000000000001e-05,452958.89000000001,0.013953524,0.19062800999999999
554,0.97669276000000005,0.15852582000000001,0.0041563067,449781.98999999999,0.019947945000000002,0.59259402999999999
555,0.37458363,0.20029781999999999,1.0000000000000001e-05,386603.17999999999,0.017544073,5
556,0.77638755000000004,0.18957015999999999,1.0000000000000001e-05,431106.31,0.016986036999999999,1.3425212
557,0.96712869999999995,0.18696667,0.021288997,535266.45999999996,0.01184932,0.86509396999999999
558,0.80709675000000003,0.17616556999999999,0.031805468000000003,561360.10999999999,0.015054418999999999,5
559,0.98486660000000004,0.17726322,0.021925074999999999,537735.40000000002,0.015054227,5
560,0.94021111999999996,0.21807497000000001,0.0042335319999999999,321016.38,0.015898611999999999,3.4009562999999998
561,1,0.18560805,0.014853905000000001,467669.46000000002,0.020166234000000002,0.001
562,1,0.18519558,1.0000000000000001e-05,409337.65000000002,0.017134823,0.001
563,0.67896405999999998,0.18352605999999999,0.013295067000000001,441051.40000000002,0.018617458,2.9023756000000001
564,0.87368016000000004,0.16030750999999999,0.0068297792999999999,456571.01000000001,0.014081712,4.2881122999999999
565,0.74916495000000005,0.18131009000000001,1.0000000000000001e-05,432613.53000000003,0.01748396,1.2810161
566,0.92178698999999997,0.19180964,0.001603218,406111.72999999998,0.0087077231999999997,0.001
567,0.84436303999999995,0.18304759000000001,0.01156338,460140.96000000002,0.019348622999999999,3.1527517999999999
568,0.57215468999999997,0.16877640999999999,0.010665384,494544.96999999997,0.011684092,4.8790547999999996
569,0.81417344000000003,0.19549642,1.0000000000000001e-05,422778.65000000002,0.017236716999999999,2.3631248999999999
570,0.81359977999999999,0.18857417000000001,0.0029788915000000002,420509.52000000002,0.016816945999999999,2.7782771999999998
571,1,0.23842584999999999,0.023905791999999999,520193.15000000002,0.016251089,3.8112929000000002
572,0.92026408000000004,0.20337294,0.0043342883999999996,463633.78999999998,0.011156198000000001,0.90757332999999996
573,0.96057926999999999,0.19647630999999999,0.016397500999999998,453492.15000000002,0.015087885000000001,3.3793467000000001
574,0.83107122,0.17418692,1.0000000000000001e-05,451157.85999999999,0.014079828000000001,1.2500844
575,1,0.15722918,0.0083242014,507383.20000000001,0.023929777999999999,0.001
576,0.55167657000000003,0.17874245,0.0037871278999999998,471443.51000000001,0.013733383,5
577,0.97730377000000002,0.16216385999999999,0.023570012000000001,468933.32000000001,0.020469474000000001,3.2365362000000002
578,0.74970535999999999,0.17759646000000001,0.052010862999999997,547914.30000000005,0.015836245999999998,3.5561992999999998
579,0.8401824,0.1702649,1.0000000000000001e-05,413324.04999999999,0.015889605000000001,5
580,1,0.17428726,0.0074085718000000004,479095.46999999997,0.010281744000000001,0.001
581,0.49649147999999999,0.18305626,1.0000000000000001e-05,452117.94,0.021030879999999998,5
582,0.89669014999999996,0.16866958000000001,0.024406453000000002,490432.78000000003,0.015168862999999999,0.001
583,0.76765638999999997,0.17422304,9.3191467999999996e-05,420768.29999999999,0.019627387,5
584,0.39201016,0.18224144,0.0091760664000000002,439351.53000000003,0.015544077999999999,5
585,0.90699582000000001,0.1800389,0.017391272999999999,489765.71999999997,0.016241519999999999,1.2418521
586,0.89305378999999996,0.19395401000000001,0.071737090000000003,686641.93999999994,0.0096903804000000003,0.001
587,0.62911618999999996,0.18515291,0.0034648437999999998,405144.38,0.017640357999999998,4.1480069999999998
588,0.54545613000000004,0.17761837,0.059607379000000002,655265.65000000002,0.012539153000000001,4.1148702000000004
589,0.90194879999999999,0.19994637000000001,1.0000000000000001e-05,476666.34000000003,0.0091576937000000004,2.7686183999999998
590,0.419271,0.19003718,0.037350678999999998,610039.07999999996,0.015924291,5
591,0.94271053999999999,0.18793051,0.00088123759999999998,453159.84999999998,0.013860824000000001,5
592,0.63818682000000004,0.18351064,0.0075757196999999997,447796.67999999999,0.011194565,3.5956191
593,0.70805284000000002,0.18561999000000001,0.0055152316,430824.01000000001,0.017008461999999998,1.5560451
594,1,0.20413695000000001,1.0000000000000001e-05,411825.56,0.018664182000000001,0.001
595,0.62377819000000001,0.18295475999999999,0.0013747531000000001,437259.40000000002,0.017707061999999999,2.6979595999999999
596,0.63892420000000005,0.21142963000000001,1.0000000000000001e-05,445079.39000000001,0.013233636,1.6700827
597,1,0.18078317999999999,0.025950628,517925.28000000003,0.018563936999999999,2.1737500000000001
598,0.71925896,0.17747895,0.0081988826000000004,424481.81,0.018912992999999999,0.85117072000000005
599,0.95923488999999995,0.18914199000000001,0.0044032784000000002,456754.58000000002,0.011218181000000001,2.0155444
600,0.82988134999999996,0.20377625999999999,1.0000000000000001e-05,431935.44,0.012897841,1.8607081000000001
601,0.47493279999999999,0.19403518,1.0000000000000001e-05,384041.21999999997,0.02026973,5
602,0.98581821000000003,0.18192713999999999,0.015266211,446984.54999999999,0.016290024,3.4741312999999998
603,0.80445971999999999,0.18345041000000001,1.0000000000000001e-05,390761.48999999999,0.017955012999999999,3.9720072000000002
604,0.51745753999999999,0.17911632999999999,0.0028323616,443507.96000000002,0.014356044,3.6954620999999999
605,0.67661660999999995,0.15779942999999999,0.016256260000000002,460843.40999999997,0.021228281000000002,1.4741457
606,0.53842524999999997,0.17735323,0.0051586808,423075.26000000001,0.018964734,4.3038542
607,0.67403886000000002,0.19326293,0.0014885133,432220.64000000001,0.013292636,3.2076403
608,0.61497513999999998,0.20155139,0.0067218746999999999,412568.44,0.013202976,2.3754244999999998
609,0.74465725999999999,0.18139636000000001,0.016496177000000001,495750.56,0.017546134000000001,5
610,0.66960896000000003,0.17175968999999999,0.029200275000000001,520725.21999999997,0.016382147999999999,4.6086738
611,0.97248581000000001,0.21915418,0.011011273,455648.44,0.020976278000000001,0.001
612,1,0.20866993,0.015397450999999999,508028.20000000001,0.015913581,0.001
613,0.54719384000000004,0.18513665000000001,0.053108440999999999,665998.80000000005,0.017522560999999999,5
614,0.85306729999999997,0.19901177,1.0000000000000001e-05,389765.03999999998,0.01982882,2.2420958999999998
615,0.53798517000000001,0.18931843000000001,0.0039133674000000002,460446.73999999999,0.013575333,2.2516253000000002
616,0.83927454000000001,0.17948778000000001,0.017829385999999999,471439.26000000001,0.016268847999999999,3.5022928000000002
617,1,0.20692186000000001,0.0031457877,454795.69,0.013447588,3.1429908000000002
618,0.76806441999999997,0.20642524000000001,0.037741930999999999,551913.78000000003,0.017092670000000001,3.201918
619,0.56596846000000001,0.21631866,1.0000000000000001e-05,418358.96000000002,0.017881114,5
620,0.39194645,0.19103758000000001,0.034344093999999999,595267.89000000001,0.015363228,5
621,0.53798517000000001,0.18931843000000001,0.0039133674000000002,460446.73999999999,0.013575333,2.2516253000000002
622,0.45914094,0.17838577,1.0000000000000001e-05,432131.13,0.01645307,5
623,0.35762099000000003,0.18331006999999999,0.012820906999999999,445645.28000000003,0.016656784000000001,4.7606323000000001
624,0.75760981000000005,0.17598694000000001,1.0000000000000001e-05,432303.67999999999,0.019403843,4.8469901000000002
625,0.71789910000000001,0.17962167000000001,1.0000000000000001e-05,413307.92999999999,0.021208027000000001,2.1736594999999999
626,0.91120802000000001,0.18981166999999999,1.0000000000000001e-05,349590.16999999998,0.020111951999999999,1.5681345
627,0.78659239999999997,0.18693810999999999,1.0000000000000001e-05,387844.01000000001,0.018740838999999999,1.9990564
628,0.4771707,0.17681949,0.00024825016,430868.53999999998,0.018712571000000001,5
629,0.87216735999999995,0.19321128000000001,0.0041735792999999998,402181.89000000001,0.019721140000000002,1.5279175
630,0.70300762999999999,0.18096731999999999,0.0036623054,422255.88,0.016904595000000001,2.9506035000000002
631,1,0.18805371000000001,0.00032028184000000001,420299.84000000003,0.015074264,2.4373566000000002
632,0.63282623999999998,0.16268851000000001,0.025157705999999998,480269.04999999999,0.011925412999999999,5
633,1,0.17558008999999999,0.0052922298000000001,431873.5,0.015727359,1.9739542000000001
634,0.63378681000000003,0.20646231000000001,1.0000000000000001e-05,390753.54999999999,0.017999063999999999,5
635,0.47873991999999999,0.18653486999999999,0.050171411999999999,626278.43000000005,0.013868861,5
636,0.70173363,0.18996082,1.0000000000000001e-05,330518.90000000002,0.016728591000000001,3.0966239
637,0.86662410999999995,0.13498014999999999,5.6679143999999998e-05,413982.90999999997,0.022478773000000001,0.24532818000000001
638,0.49419087,0.18043057000000001,0.0076247216999999999,464835.98999999999,0.01439781,5
639,1,0.15535231999999999,0.0032869043999999999,451856.65000000002,0.015410053,5
640,0.54032720000000001,0.16489191,0.0079614873999999999,436634.06,0.015488208,5
641,0.53684920999999997,0.19149811,0.10865216,753219.52000000002,0.015286963000000001,3.3189617
642,0.41236602,0.18113039,0.0052624287000000002,460298,0.0081913747999999998,5
643,0.92282715000000004,0.17847762,0.036063398000000003,541365.75,0.021126556000000001,1.8640941
644,0.51942712999999996,0.17258163000000001,0.028433492000000001,473483.25,0.014149414000000001,4.9879306999999997
645,1,0.20413994999999999,0.0082381543999999994,431343.48999999999,0.017898844000000001,0.001
646,1,0.18117992999999999,0.0022593828000000002,460488.06,0.013720497999999999,0.001
647,0.61343767000000005,0.17237284999999999,0.00079392714000000003,409201.17999999999,0.021019449999999999,4.6623627000000001
648,0.72501753000000002,0.17934016,0.014355049,460753.27000000002,0.020846968,3.1242128999999998
649,0.74832845000000003,0.17113012999999999,1.0000000000000001e-05,474264.78000000003,0.014923403999999999,4.6799179999999998
650,0.65880755999999996,0.19046436,1.0000000000000001e-05,391130.01000000001,0.022663616000000001,4.1470132
651,0.70465005999999997,0.20872143000000001,0.015150077,443537.46000000002,0.016548207999999998,2.8633204000000001
652,1,0.18399103,0.034695749999999997,543830.37,0.017112437000000001,0.40195195
653,0.79599542000000001,0.18116930000000001,0.020149485000000002,431771.16999999998,0.018333240000000001,3.4769508
654,1,0.19391971,0.0038560026000000001,435571.21000000002,0.017305253,3.391826
655,1,0.21289156000000001,0.018862211,509621.35999999999,0.014211658,0.001
656,0.68495905000000001,0.17782645,0.043931629999999999,600967.48999999999,0.015380092999999999,2.8043646999999998
657,1,0.14855471000000001,0.029981772,520145.34999999998,0.018829518999999999,0.001
658,0.75518545000000004,0.19495506000000001,1.0000000000000001e-05,464692.10999999999,0.0098770648999999995,5
659,1,0.15626435,0.0050383668999999997,421293.79999999999,0.020559564999999998,1.1309587000000001
660,0.57276963999999997,0.18985632999999999,0.037160066999999998,512608.35999999999,0.015397221000000001,5
661,1,0.21145304000000001,0.021185120000000002,432794.23999999999,0.016243744000000001,1.9214899999999999
662,0.48481213000000001,0.19253720999999999,0.0030784404000000001,438748.78000000003,0.013825894,3.2391627999999999
663,1,0.18522288000000001,0.013321464,435943.14000000001,0.017964455000000001,0.001
664,0.68641253999999996,0.18723058000000001,0.0020084471,456293.97999999998,0.011770954,5
665,0.98027628,0.19719591,0.0029672560000000001,451124.63,0.011813427,0.001
666,0.73560565,0.18426376,0.0024960955,464563.75,0.013961062,3.8159258
667,0.59553425999999998,0.19008393000000001,1.0000000000000001e-05,430022.92999999999,0.019097873000000001,2.5849459000000001
668,0.87639654,0.19924164999999999,0.032225816999999997,507975.04999999999,0.017779947000000001,4.7348733999999997
669,1,0.20740427,0.0077337326999999999,451156.42999999999,0.016136563,5
670,1,0.18968505999999999,0.0098280699999999995,483427.97999999998,0.013593189,1.5913921
671,0.51120863999999999,0.19522269,0.05574109,586612.03000000003,0.017120065,4.3485528999999996
672,0.85257437000000003,0.21140147000000001,1.0000000000000001e-05,394954.57000000001,0.012519768000000001,3.2593676
673,1,0.21866347999999999,0.0033404638,396087.46999999997,0.015411232,0.001
674,0.44809632999999999,0.19982251000000001,0.023616926,491196.65999999997,0.015162525,5
675,0.48686626,0.16993030000000001,0.026143369,521700.89000000001,0.013699986000000001,5
676,1,0.18828439,1.0000000000000001e-05,401650.82000000001,0.023760467,0.001
677,0.55528997999999996,0.17426454,0.031405395000000003,542674.18000000005,0.012980824,3.046484
678,0.74867742999999998,0.17275826999999999,0.0032937314,414226.84000000003,0.022484345999999999,1.6187936000000001
679,0.60159538999999995,0.20260083000000001,0.048978555,604026.46999999997,0.013883437,3.0545198999999998
680,1,0.17037336,0.020740214999999999,458497.98999999999,0.017747374999999999,1.6459839000000001
681,1,0.21748477999999999,0.014470261999999999,425138.45000000001,0.016993151000000001,0.001
682,0.84516939000000002,0.16681255,1.0000000000000001e-05,444053.46999999997,0.01212366,2.0127366000000002
683,0.62684110999999998,0.17411793,0.023063970999999999,521401.67999999999,0.014721234999999999,3.7082695000000001
684,0.74727719000000004,0.18704048000000001,1.0000000000000001e-05,447897.34000000003,0.013091313,2.5166124000000001
685,0.41885896,0.17500293,0.0085878590999999994,402775.81,0.020530524000000001,3.7706572
686,1,0.17912541000000001,0.033809321000000003,530595.94999999995,0.030873596999999999,0.001
687,0.96799897000000001,0.15656044999999999,0.0050460773999999996,408716.14000000001,0.025723958000000002,0.10008104
688,0.75906642999999996,0.17304628999999999,0.0044103954000000003,434755.09000000003,0.021191984000000001,2.4825526
689,0.63373303999999997,0.18272009,1.0000000000000001e-05,416695.02000000002,0.018028718999999999,4.9352552000000003
690,1,0.18631386,1.0000000000000001e-05,413161.12,0.015159407,1.7818892
691,0.97898397999999998,0.22334227000000001,0.0066194362999999999,473097.04999999999,0.016247333999999999,0.83493359
692,0.54077838,0.15998535999999999,0.0053446396999999998,422519.41999999998,0.019493098,1.7037157999999999
693,0.72726236,0.18282047000000001,0.0087337410999999993,437305.96999999997,0.015678977,0.70415130999999997
694,0.79505943999999995,0.18001723,0.03029287,555380.55000000005,0.0125643,2.7748005
695,0.78747783999999998,0.18453047,0.0084828460000000005,423544.63,0.016216435000000001,3.0939047999999998
696,0.67133449999999995,0.20662532,0.015024153,453958.21000000002,0.013806155000000001,2.4290799000000001
697,0.58426613999999999,0.19285611,0.017901894000000002,461652.67999999999,0.018459652999999999,2.6582287
698,0.74443325000000005,0.18833604000000001,0.038631908,562837.80000000005,0.014556252,4.4692062999999997
699,0.57179420000000003,0.18435961000000001,1.0000000000000001e-05,411850.59999999998,0.016268753,3.5126184999999999
700,1,0.18541907999999999,1.0000000000000001e-05,425334.62,0.021397748000000001,1.8343005999999999
701,0.93027881000000001,0.18362212999999999,1.0000000000000001e-05,346320.03999999998,0.017951900999999999,2.1076994999999998
702,0.54519200000000001,0.17998412999999999,1.0000000000000001e-05,356069.91999999998,0.024089685999999999,3.3034642000000001
703,1,0.19539313,0.018198476000000002,460284.57000000001,0.021948848,0.001
704,0.6278745,0.20648253,0.0074031525999999999,454916.90999999997,0.016103438000000001,3.7098194000000002
705,1,0.17024549999999999,0.031609208999999999,556980.65000000002,0.011361794999999999,3.4784432999999999
706,0.88670667999999997,0.18098284000000001,0.027163751999999999,522743.53000000003,0.015966705000000001,1.8610122
707,1,0.17392766000000001,0.010566077,435536.32000000001,0.019540498999999999,0.001
708,0.91264970000000001,0.19220512000000001,0.011902741,525766.26000000001,0.013630458999999999,4.8825507999999997
709,0.87948618999999995,0.16890588000000001,0.015057621,484781.63,0.018625045999999999,2.1942232000000002
710,0.96639699999999995,0.18315175,0.021191313,510915.13,0.014369969999999999,2.7316631
711,1,0.17315533,0.0096852502000000004,444383.34999999998,0.021313176,3.8188734000000002
712,0.70909425999999998,0.16473483999999999,1.0000000000000001e-05,432121.22999999998,0.019527480999999999,2.4522564
713,1,0.17925611999999999,0.0077340993999999996,471728.21999999997,0.016458269000000001,0.001
714,0.71055725999999997,0.22238907999999999,0.0067245419000000004,483083.56,0.011380081,4.4515292000000004
715,0.39890324999999999,0.1625751,1.0000000000000001e-05,440138.66999999998,0.016007225999999999,5
716,0.50034036999999998,0.18840149,0.013741243,525207.03000000003,0.014643570999999999,4.9945646000000004
717,0.65423379000000004,0.19913374,0.011762949999999999,426768.53000000003,0.016442888999999999,3.1973338999999998
718,1,0.18062887,0.035570353999999998,583999.84999999998,0.016440204,0.001
719,1,0.12800775,0.026365057000000001,528350.65000000002,0.016151266000000001,1.3278306
720,1,0.20515426,0.0043135014000000001,431884.46000000002,0.018138972,0.001
721,0.52239521,0.18321058000000001,0.037756192000000001,626607.94999999995,0.010606767,3.1948824999999998
722,0.68829918000000001,0.17895879000000001,1.0000000000000001e-05,441147.51000000001,0.018627001000000001,2.6191784999999999
723,0.96561333999999999,0.19632811,0.0022147905000000001,440010.12,0.019597993000000001,0.65280702000000002
724,0.81382001000000004,0.20173077,0.026313909999999999,537884.5,0.013160712999999999,3.9537696000000002
725,0.46929267000000002,0.15941208000000001,0.027101902000000001,535940.17000000004,0.014526041,3.8079535999999998
726,0.52345348999999997,0.17641556,0.020949149,571445.52000000002,0.010812496,3.4870176000000002
727,0.83712964000000001,0.17460049,0.0013612403,451012.65000000002,0.015537743,5
728,1,0.18961516,0.0046770661000000002,410941.63,0.016751655000000001,0.001
729,0.83403231,0.19761929,1.0000000000000001e-05,413570.76000000001,0.018224707999999999,1.9818530999999999
730,0.91514176999999997,0.19572233,1.0000000000000001e-05,408803.98999999999,0.023697841000000001,3.2360245999999999
731,0.38203081999999999,0.17229905000000001,0.024985360000000002,496935.64000000001,0.017233018999999999,5
732,0.70222278000000005,0.18444141999999999,0.0071867372000000004,396363.07000000001,0.017599935000000001,4.7740057
733,1,0.18541332999999999,0.026565831000000002,583402.58999999997,0.0098232564000000008,1.5241070999999999
734,0.67281950999999995,0.21291030999999999,1.0000000000000001e-05,387848.54999999999,0.015564201999999999,2.9518564999999999
735,0.77022248999999998,0.18891909000000001,0.0065544783000000004,437575.92999999999,0.014831538,1.3868164999999999
736,0.86532401000000003,0.17098488000000001,1.0000000000000001e-05,420768.46000000002,0.020861779,1.8455307999999999
737,0.70271627999999997,0.15146227000000001,1.0000000000000001e-05,425949.23999999999,0.015038170999999999,4.9201645000000003
738,0.40110690999999998,0.20073885,0.038504043000000002,562584.91000000003,0.011919155000000001,3.8748445999999999
739,0.70094765000000003,0.17057974000000001,0.014616104,490031.67999999999,0.020528610999999999,4.4961938999999997
740,0.92644433999999998,0.17720559999999999,0.0045992938999999998,443260.19,0.011545951,5
741,1,0.15653732000000001,1.0000000000000001e-05,437776.89000000001,0.014640815,0.001
742,0.77893221999999995,0.17736178,0.0085469962999999999,402903.21000000002,0.020910082999999999,2.6764233000000002
743,0.63708028999999999,0.19179475000000001,0.00045174180999999999,417147.48999999999,0.020337628,2.6699145999999998
744,0.78027075000000001,0.17060966999999999,1.0000000000000001e-05,462741.90000000002,0.017775059999999999,1.551016
745,0.77718712999999995,0.19149189,0.018266818000000001,501414.33000000002,0.016695392999999999,2.4770854999999998
746,0.64168654999999997,0.16672118,1.0000000000000001e-05,417117.53000000003,0.019869723999999998,2.2397157999999999
747,0.82963836000000002,0.16226684,0.0053750007999999998,445341.71999999997,0.017513164000000001,3.8889130999999999
748,0.66425283000000002,0.18540598999999999,0.015949721,467218.23999999999,0.023498501000000001,3.1178811999999998
749,0.96321155000000003,0.20369012,0.024577466999999999,495091.60999999999,0.014876876000000001,1.4774586999999999
750,0.92602130999999999,0.20876427,0.036024867000000002,623163.64000000001,0.014682941999999999,1.5717468000000001
751,1,0.21765966,0.013075646999999999,463624.79999999999,0.019347907000000001,3.1442906000000002
752,0.41354476000000001,0.15843009,0.014183138,476048.52000000002,0.011922804,4.5717834999999996
753,0.94206867000000005,0.17808394,0.0010778503999999999,383458.66999999998,0.017419079000000001,0.001
754,0.60886927000000002,0.17876246000000001,1.0000000000000001e-05,429159.90000000002,0.020767251,3.3377298999999998
755,0.73398858,0.16751552,0.011625294,455184.79999999999,0.014827407000000001,4.0511375000000003
756,0.78035741000000003,0.17204332,0.027286838000000001,472984.10999999999,0.015412787000000001,1.3687613999999999
757,1,0.16623726,0.020852563000000001,487800.53999999998,0.018960029,1.6395176
758,0.96425855999999999,0.18725048,0.055307807,654378.05000000005,0.011979505999999999,0.97732757000000003
759,1,0.17277767999999999,0.019397260999999999,473148.32000000001,0.015932252000000001,3.7879896
760,0.83917726999999998,0.19018261,0.024428647000000001,534380.56000000006,0.014945643,2.1200397999999998
761,0.99922277999999998,0.19791291,0.0091819780000000004,456579.97999999998,0.013455664000000001,1.5618885
762,0.76200433000000001,0.17403875999999999,0.013462467000000001,485827.81,0.018593317000000002,0.56223166999999996
763,0.57279296999999996,0.16532435000000001,1.0000000000000001e-05,431313.28000000003,0.014809215000000001,3.1074947000000002
764,0.72104122000000004,0.13602905000000001,0.00054767336999999997,389607.10999999999,0.028179382999999999,3.6931799000000001
765,0.85068301999999996,0.19059617000000001,0.010613307000000001,420461.48999999999,0.018592076999999999,2.3388936
766,0.46753,0.15413953999999999,0.0073682975,508546.42999999999,0.013965511,2.4746538999999999
767,0.92349767000000005,0.15941579,1.0000000000000001e-05,464676.21000000002,0.016776396999999998,0.001
768,0.41493791000000002,0.22099463999999999,0.038773092000000002,545103.19999999995,0.020532134,5
769,0.59973339000000003,0.17666857999999999,0.013049945,519680.77000000002,0.016322282,3.1529601
770,0.90036757000000001,0.17103989999999999,0.0073476002999999998,417381.15000000002,0.015997369000000001,0.001
771,0.72995343999999995,0.18807061999999999,0.03002697,449439.46999999997,0.016012043,1.6934572999999999
772,0.73458566000000003,0.18479087999999999,1.0000000000000001e-05,421737.33000000002,0.012406034999999999,1.7546919000000001
773,0.95572113000000003,0.15415988999999999,1.0000000000000001e-05,420895.46000000002,0.020582098,1.4717293
774,0.84986941000000005,0.19013663,1.0000000000000001e-05,422951.23999999999,0.017379296999999998,3.1465923999999998
775,0.60766706000000004,0.18103425000000001,0.022507749000000001,455870.40000000002,0.022968585999999999,1.4878937999999999
776,0.76503938000000005,0.16301831999999999,0.019659976999999999,479987.14000000001,0.022122269999999999,3.5014658999999999
777,1,0.20162749999999999,1.0000000000000001e-05,413206.26000000001,0.017135114999999999,0.001
778,0.91787238999999998,0.17315030000000001,1.0000000000000001e-05,429097.79999999999,0.0136201,0.001
779,1,0.19458897,0.018845292999999999,490319.01000000001,0.015618958,4.4252454999999999
780,0.58022359999999995,0.18296214,0.0014358477000000001,443154.40000000002,0.015399894000000001,3.1913490000000002
781,1,0.13775686000000001,1.0000000000000001e-05,400631.09999999998,0.02114771,0.001
782,0.86072764000000002,0.18800274,0.0024735917,406495.85999999999,0.017968337000000001,0.88568948000000003
783,1,0.19036855999999999,0.035048097,549850.01000000001,0.015252979999999999,0.001
784,0.36622259000000001,0.18972384,0.046790775999999999,555692.72999999998,0.015720764000000002,5
785,1,0.16522073000000001,0.0010489926000000001,394873.81,0.022015298999999999,3.1590482999999998
786,0.75005193000000003,0.15798240999999999,0.031261318000000003,594114.33999999997,0.018750084,2.6278503999999998
787,0.71031959,0.20138737000000001,4.1017601000000001e-05,444223.21000000002,0.013055995000000001,2.1879624
788,1,0.16324569999999999,0.012049663,457411.89000000001,0.020663925,0.22768953
789,0.81034719,0.18848398,0.012464629,511462.91999999998,0.015874039,5
790,0.60166419000000004,0.20023125999999999,0.049007407000000003,514124.56,0.012160104999999999,4.9785789999999999
791,0.64527853000000002,0.17755297,0.026453767,418251.53000000003,0.029173349000000001,4.0005734999999998
792,0.71744076000000001,0.18227591000000001,0.0027532653000000001,420818.77000000002,0.020179023000000001,3.3477701
793,0.49655605000000003,0.18550468000000001,0.018840155000000001,527291.38,0.012047346,4.3057695000000002
794,0.70775533999999996,0.18428186999999999,0.00079663247999999995,424431.34999999998,0.020126944000000001,1.3639908999999999
795,0.70941076000000003,0.17691883,0.054551495999999998,599985.26000000001,0.017809460999999999,1.3371492
796,0.60972194000000002,0.15239448999999999,0.029465121,553064.40000000002,0.015241777,5
797,0.74713868000000005,0.17564560000000001,1.0000000000000001e-05,442223.83000000002,0.014303734,5
798,0.98648342,0.17820448,1.0000000000000001e-05,418694.39000000001,0.014857877,3.3401508
799,0.88116570999999999,0.19873637,1.0000000000000001e-05,424745.5,0.018537879,5
800,0.90596725,0.16724773000000001,0.00020492981999999999,393290.77000000002,0.024561475999999999,5
801,1,0.16556074000000001,1.0000000000000001e-05,387333.40999999997,0.025668601999999999,5
802,0.82315347000000005,0.15522361000000001,1.0000000000000001e-05,434331.06,0.015318923,3.2190862
803,0.87190144999999997,0.17081637999999999,1.0000000000000001e-05,384143.78999999998,0.019791474999999999,0.18603685
804,0.49345812,0.16186734999999999,0.00087360582000000004,446498.64000000001,0.012199771999999999,5
805,0.70403271000000001,0.22238199,0.0093765876999999994,491998.72999999998,0.008372806,5
806,1,0.18836820000000001,0.0052840565000000003,508663.42999999999,0.0092456194999999998,0.94476722999999996
807,0.97487345999999997,0.16121205,0.046119435,542316.47999999998,0.021779409,0.98155957000000005
808,0.64648430000000001,0.18741385999999999,0.012237036,479250.87,0.016291835000000001,4.1029385999999999
809,0.62268789000000002,0.15159834999999999,0.022208345000000001,457426.5,0.020235616000000001,0.99297475999999996
810,0.67288223999999996,0.16824115000000001,0.03346155,504143.65000000002,0.016231763999999999,5
811,1,0.19704360000000001,0.069111624999999996,732079.31000000006,0.014509608,0.001
812,0.62542940999999996,0.18608689,0.012944084999999999,458464.46000000002,0.018943726000000001,1.4864382
813,1,0.16077538,0.00054734844,416021.45000000001,0.023112431999999999,3.1724405
814,0.75466471999999996,0.19518010999999999,1.0000000000000001e-05,428710.14000000001,0.017310708000000001,4.3706931000000004
815,0.75173619999999997,0.18025397000000001,1.0000000000000001e-05,401814.57000000001,0.018499344000000001,2.9930669999999999
816,0.67678570000000005,0.20392115999999999,0.014114836,479142.03999999998,0.011145675000000001,5
817,0.96947649000000002,0.18893716999999999,1.0000000000000001e-05,410816.53000000003,0.0087826385999999999,1.6798124000000001
818,0.40548232000000001,0.18354244,1.0000000000000001e-05,433622.71999999997,0.019118257,5
819,0.49655605000000003,0.18550468000000001,0.018840155000000001,527291.38,0.012047346,4.3057695000000002
820,1,0.18044479999999999,1.0000000000000001e-05,410171.09000000003,0.015666669000000001,0.001
821,0.89401620999999998,0.21776908,1.0000000000000001e-05,391950.69,0.019226277999999999,1.9901897
822,1,0.15597521,0.064783300000000002,678524.48999999999,0.018857595000000001,0.001
823,0.70589477,0.17115272000000001,0.027085181,549482.19999999995,0.012642721000000001,5
824,0.90131883000000002,0.17406715,1.0000000000000001e-05,428901.40000000002,0.019072499999999999,0.95117125999999996
825,0.81575765,0.18358856000000001,1.0000000000000001e-05,470021.29999999999,0.018339735999999999,1.6682087999999999
826,0.68838487000000004,0.14838520999999999,0.011833074000000001,491213.51000000001,0.017738693,5
827,0.88231199999999999,0.18296654000000001,0.017963515999999999,517901.21999999997,0.014841619,0.97382637999999999
828,0.44433467999999998,0.17040975,0.0018236837,399474.52000000002,0.016902957999999999,5
829,0.49430573,0.20395596999999999,0.0070331619999999999,448015.40000000002,0.014897748000000001,3.9366382
830,0.83998885000000001,0.15651965000000001,0.017186522999999999,476458.70000000001,0.020725520000000001,2.8667292
831,0.64072854999999995,0.17758394999999999,0.0096204502000000001,473421.34999999998,0.017077973,2.0681346999999999
832,0.84649637,0.17009774999999999,0.0080312444999999996,450182.97999999998,0.015375708,5
833,0.69945387000000003,0.20102651999999999,0.028018594000000001,551417.55000000005,0.013369409000000001,2.8163132000000002
834,1,0.17469251999999999,1.0000000000000001e-05,425311.01000000001,0.014987074,2.4253548
835,0.71150290999999999,0.15717416000000001,0.019440555000000002,485131.26000000001,0.022642956999999998,3.0215776000000001
836,0.60940055999999998,0.19147429999999999,0.013903186,499660.91999999998,0.016024631000000001,2.7666276999999999
837,0.97618196000000002,0.17645974,0.014684289,477870.65000000002,0.017221396,0.001
838,0.77779852999999999,0.16676995,0.013131963999999999,491398.44,0.017674333,1.6457155999999999
839,1,0.17636983000000001,1.0000000000000001e-05,434323.79999999999,0.017222613000000001,1.735997
840,0.88770557999999999,0.15389952000000001,1.0000000000000001e-05,418537.46000000002,0.017159632000000001,2.9539570999999998
841,0.68945573999999998,0.21671909,0.014725123999999999,421354.40000000002,0.012291434,1.6683485
842,0.50321505,0.20955957,1.0000000000000001e-05,410038.14000000001,0.017454443,3.8087996
843,1,0.15309004000000001,0.016448702999999999,470359.59999999998,0.018999897000000002,2.9690851
844,0.86411254999999998,0.18616004999999999,0.0080719429999999998,473605.40000000002,0.014314733,1.1225875999999999
845,0.43771502000000001,0.20875930000000001,1.0000000000000001e-05,423801.31,0.015967265000000001,4.3404866000000002
846,0.76410628999999997,0.18814812,0.080024075,721547.56000000006,0.015232030000000001,4.5167931000000001
847,0.73894910000000003,0.20034314,0.035170088000000002,569422.48999999999,0.017075292999999998,2.4866267999999998
848,0.87461794000000004,0.17804188000000001,0.013405368000000001,442925.14000000001,0.019484334999999998,3.2364215000000001
849,0.59943040000000003,0.18799346,1.0000000000000001e-05,440391.67999999999,0.018026786,2.9319231000000001
850,1,0.18251186999999999,0.027155360999999999,510127.07000000001,0.012446199,1.227579
851,0.67310327000000003,0.17998523,0.033950484000000003,568999.41000000003,0.016730926,2.7924633999999999
852,1,0.18666909000000001,0.027207638999999999,542438.79000000004,0.012284160000000001,0.001
853,0.66325210000000001,0.16710211999999999,0.0049190867999999999,426148.31,0.01565039,5
854,1,0.18191347999999999,0.016848728,478476.07000000001,0.017923920999999999,1.2555628999999999
855,0.71562643999999997,0.19742007,0.012912679,469172.33000000002,0.017813965000000001,2.3203008000000001
856,0.79537842999999997,0.19549428999999999,0.010997228,459433.41999999998,0.018918570999999999,3.7017413000000001
857,0.99127164000000001,0.16987337,1.0000000000000001e-05,387768.56,0.020927379999999999,3.3364832999999998
858,0.71644832999999997,0.18500235000000001,0.0044298085000000001,437087.38,0.014553349,2.4877012999999999
859,1,0.20079019000000001,0.018286770000000001,524547.76000000001,0.013575297,1.6634188000000001
860,0.96066456,0.16992486000000001,0.011464198,450354.37,0.020506473000000001,1.1211701999999999
861,1,0.16467207,0.025347195999999999,526945.34999999998,0.018010887,0.47908821000000001
862,0.80482936999999999,0.19862815,0.0072404937000000004,442704.44,0.01453904,4.1411965999999998
863,0.57680818,0.15612086999999999,0.0024235720000000001,408668.88,0.020563801999999999,3.2460859000000002
864,1,0.18049314999999999,0.00022357662,432711.90000000002,0.016336176000000001,0.001
865,0.98172563999999995,0.18976991000000001,0.0022545376999999998,421662.12,0.016819148999999999,0.001
866,0.92752347000000002,0.2041752,0.0018650359,433938.14000000001,0.014463762,3.3363855999999998
867,0.88820250999999995,0.18048495000000001,1.0000000000000001e-05,454019.54999999999,0.011927876,0.062002555000000001
868,0.96674526999999999,0.15114907999999999,0.0028197609,429446.82000000001,0.021990248,0.13212618000000001
869,0.97689185000000001,0.19307498000000001,1.0000000000000001e-05,384822.08000000002,0.014458486,2.6366543
870,1,0.17793229999999999,0.0070657235999999997,462542.25,0.014750203,0.001
871,0.63548086999999998,0.14280668999999999,0.025068839999999998,489789.63,0.019641542000000001,3.2467858000000001
872,0.65217617000000006,0.1976377,0.034457069,545085.65000000002,0.014294329999999999,3.1741443999999999
873,0.82161965999999997,0.20558090000000001,0.019488979,520374.52000000002,0.011794308999999999,4.2344122999999998
874,1,0.17394809,1.0000000000000001e-05,421543.16999999998,0.019238083999999999,0.001
875,0.93676395999999995,0.19015056999999999,0.00065823848000000004,423292.45000000001,0.015579908999999999,1.8797326000000001
876,0.70995101000000005,0.2004244,0.013483220000000001,439683.78000000003,0.016957541999999999,5
877,0.57236222999999997,0.19268423000000001,0.013933399000000001,456668.70000000001,0.017210380000000001,5
878,0.79697865999999995,0.184946,1.0000000000000001e-05,391524.25,0.014663238,4.0794743999999996
879,0.49186886000000002,0.18897337,0.049829917000000001,606137.07999999996,0.015085302,5
880,0.60702445000000005,0.19708402999999999,1.0000000000000001e-05,453596.40999999997,0.011170045,4.9429274000000003
881,0.56605713000000002,0.18898504999999999,0.007247496,426744.98999999999,0.015956396000000001,5
882,1,0.18528012999999999,1.0000000000000001e-05,456963.46999999997,0.014137063,0.001
883,0.93806047000000004,0.18554478999999999,0.010116773000000001,470878.67999999999,0.019361152999999999,5
884,1,0.19166991999999999,1.0000000000000001e-05,419525.78999999998,0.016928599999999999,0.001
885,0.64328225999999999,0.17596434999999999,1.0000000000000001e-05,385742.56,0.022325707,4.0681086000000004
886,0.82594557000000002,0.18052805,0.0018911861,452408.03999999998,0.015799911,4.4072037000000002
887,0.72967802000000004,0.17905425999999999,6.3455021000000006e-05,423396.09999999998,0.020144726000000002,3.6776646999999998
888,1,0.19653817000000001,0.062707470000000001,629799.18000000005,0.018039348,0.13988033999999999
889,1,0.18780682000000001,0.015677155000000002,475386.28000000003,0.017587019999999998,0.71801437000000001
890,1,0.20812565999999999,1.0000000000000001e-05,369870.76000000001,0.018300935000000001,0.001
891,0.85361085999999997,0.20332923999999999,0.0068207852000000003,448427.44,0.021314886000000002,5
892,0.60940609999999995,0.16908095000000001,1.0000000000000001e-05,407337.47999999998,0.025525096000000001,5
893,0.95603696999999999,0.20114526999999999,1.0000000000000001e-05,422618.92999999999,0.016548542999999999,3.5887766000000001
894,0.50885239000000004,0.18358028000000001,0.0067094850000000003,447680.65000000002,0.016770217,5
895,0.78940931000000003,0.17942290999999999,1.0000000000000001e-05,421771.40000000002,0.020566287999999999,1.6852753
896,0.95091791999999997,0.15418824,1.0000000000000001e-05,458127.72999999998,0.018244089000000002,4.1362109
897,0.86363383000000005,0.18268329999999999,0.0098181870000000008,499927.76000000001,0.013846361,5
898,1,0.1892442,0.012381621000000001,465648.22999999998,0.015609282,0.001
899,0.90338971999999995,0.195519,0.020369082,512250.15999999997,0.018221581000000001,3.0846996
900,0.70805284000000002,0.18561999000000001,0.0055152316,430824.01000000001,0.017008461999999998,1.5560451
901,0.88250826999999998,0.17643474000000001,0.022353141999999999,528740.51000000001,0.016071961999999999,3.5926098999999998
902,1,0.17463740999999999,0.0099912082000000006,508594.47999999998,0.018379526,0.001
903,0.58458246000000003,0.17390499000000001,0.0028311511000000001,449143.82000000001,0.017735600000000001,2.7493254
904,0.62516817999999996,0.14406125,0.059486091999999997,724757.39000000001,0.015430424,3.1422952
905,0.77664767999999995,0.17854980000000001,0.0045220143999999997,428485.42999999999,0.014544957000000001,4.5112725999999999
906,0.7325895,0.18822407999999999,1.0000000000000001e-05,404454.92999999999,0.022453435000000001,3.4443562999999999
907,0.58567948999999997,0.17576338999999999,0.0029878099,467330.32000000001,0.014494204,2.8713787000000002
908,0.92520718000000002,0.19110287000000001,0.0067492311999999997,499933.09999999998,0.013141573,1.4032633999999999
909,0.83002582000000003,0.19930232000000001,0.027342735999999999,519425.63,0.017107303000000001,1.0862639000000001
910,0.38974795000000001,0.20024727,0.0067288651000000001,448593.03999999998,0.01626418,5
911,0.82240594,0.18051944,1.0000000000000001e-05,419973.87,0.012064447000000001,2.1851612999999999
912,0.81022534000000002,0.20328175000000001,0.016128512000000001,463595.04999999999,0.013886915,5
913,1,0.18443153000000001,1.0000000000000001e-05,384429.52000000002,0.021667352000000001,0.001
914,0.97356016000000001,0.16898042999999999,0.0033054266,436565.16999999998,0.021479042,5
915,1,0.17537245000000001,0.0046012681,464869.62,0.016472997999999999,0.038222298000000002
916,1,0.19792536999999999,0.022343792000000001,514565.03000000003,0.016182551999999999,2.9241266000000001
917,0.86623079000000003,0.17680768999999999,1.0000000000000001e-05,476082.96000000002,0.01215602,1.3305129
918,0.35034294999999999,0.19248144,0.00055111110999999996,465710.53999999998,0.013203258000000001,5
919,0.71859525999999996,0.21645212,1.0000000000000001e-05,410547.16999999998,0.014311318,0.96494464000000002
920,0.72418203999999997,0.16166137999999999,0.027448245,503813.15000000002,0.020478578000000001,2.1413856
921,0.74708593999999995,0.15497401999999999,0.013738864,518690.60999999999,0.015811327999999999,0.97473951999999997
922,0.72826628000000004,0.15501516000000001,0.026004293000000001,518990.72999999998,0.019256606999999999,1.0363296
923,0.97263551999999998,0.18268233,0.010302748,499887.84000000003,0.014702095,0.001
924,0.76223143999999998,0.17697161,1.0000000000000001e-05,446884.01000000001,0.016216419999999999,1.0295303
925,1,0.16788712,0.044644283999999999,680618.31999999995,0.010668257,0.001
926,0.92021651999999998,0.15341335,0.0043699417000000003,476770.85999999999,0.011952040000000001,0.001
927,0.91608109999999998,0.17167532999999999,0.069173102,600645.25,0.016916153999999999,1.3901528000000001
928,0.80942155000000005,0.17450794,0.022735821,504556.33000000002,0.017063901999999999,2.8695607000000001
929,1,0.15347765999999999,0.0030105544000000001,453716.81,0.016855120000000001,0.80292174999999999
930,0.92753949999999996,0.17516275000000001,0.057976999000000001,641520.35999999999,0.016338506999999999,0.089047504999999999
931,1,0.20167926,1.0000000000000001e-05,398901.10999999999,0.020591967999999999,0.001
932,0.85487394999999999,0.18757672,0.010082598,465090.26000000001,0.014355401,3.1260889999999999
933,0.39727394999999999,0.17013273000000001,0.021619987,515766.08000000002,0.017851234000000001,5
934,0.45612271999999998,0.15729493999999999,0.01281085,437602.17999999999,0.020719722999999999,5
935,0.56992598999999999,0.17558966000000001,0.061726653999999999,716447.98999999999,0.012849327000000001,2.1989595
936,1,0.14658774999999999,0.043318334999999999,618650.47999999998,0.018985542000000001,0.001
937,1,0.16730189000000001,1.0000000000000001e-05,418005.81,0.015056834,1.29535
938,0.58023256999999995,0.16749070999999999,0.010994233000000001,451029.12,0.021940946999999999,5
939,1,0.16909241,0.018793527000000001,475932.08000000002,0.021461582999999999,0.34331021
940,0.46624452,0.16824583000000001,0.019579961999999999,517331.16999999998,0.019299460000000001,5
941,1,0.16819286,0.016083535999999999,511824.23999999999,0.019042802000000001,0.001
942,0.76939858000000005,0.14974514,0.048773957,571679.56999999995,0.018428091000000001,2.7861001000000001
943,0.89992625000000004,0.18952437999999999,0.0027156661999999999,419174.21000000002,0.018804672000000001,0.95802518999999997
944,1,0.17538354,0.052172626999999999,638275.43999999994,0.020144141000000001,4.2100407000000004
945,0.51715458000000003,0.18875104000000001,1.0000000000000001e-05,448176.21000000002,0.011445514,2.8621047000000002
946,0.70888819999999997,0.19872108999999999,0.012980037999999999,452850.42999999999,0.014952762,3.6834273
947,0.71415472000000002,0.19598952,0.019055121000000001,502436.72999999998,0.015278506000000001,3.5337440999999998
948,0.54568925000000001,0.20167876000000001,1.0000000000000001e-05,444052.92999999999,0.018694249999999999,5
949,1,0.1953211,1.0000000000000001e-05,421901.78999999998,0.021317326000000001,0.93085256999999999
950,0.68540451999999996,0.18849126999999999,0.0014946705,421666.87,0.019729,5
951,1,0.17753614000000001,0.079999612999999997,642130.53000000003,0.017141277999999999,1.2581131999999999
952,0.50367799999999996,0.17000058000000001,1.0000000000000001e-05,405790.20000000001,0.015674356,3.5870453000000002
953,0.47454289999999999,0.17110023999999999,0.0085983246999999999,467487.90999999997,0.017173719,5
954,0.72812387000000001,0.18984845,0.036323386999999999,613928.54000000004,0.013174399999999999,5
955,0.92018696,0.15801129999999999,0.010037647,451152.90999999997,0.019946111999999998,1.9774590999999999
956,0.88023547000000002,0.19380887999999999,0.011050961,468977.48999999999,0.011232224000000001,3.0103469
957,0.79251329999999998,0.17088998999999999,0.018277354999999999,462021.62,0.020842467999999999,0.93616438999999996
958,0.87950444000000005,0.17578045,0.031141190999999999,548009.72999999998,0.014920308,2.8157147999999999
959,0.62024307000000001,0.177508,1.0000000000000001e-05,455945.78999999998,0.015219724,1.9634936999999999
960,1,0.20575241999999999,0.0093995529000000001,456961.14000000001,0.01216132,2.2178165000000001
961,0.92842875000000002,0.19422906000000001,0.081342368999999998,798597.53000000003,0.018453451999999999,1.2834456999999999
962,1,0.20828142999999999,1.0000000000000001e-05,437438.44,0.013482749,1.3290405000000001
963,0.73391726999999995,0.18088468999999999,0.031460429999999998,525627.70999999996,0.019455400000000001,1.8973012
964,0.38841140000000002,0.19649187000000001,0.024338516000000001,426624.19,0.019271048999999998,5
965,0.40051174,0.17705522000000001,0.033316452000000003,563672.64000000001,0.014822065000000001,5
966,1,0.19552148999999999,0.018882319000000002,492713.14000000001,0.019886312,5
967,0.60274954999999997,0.15354662999999999,0.0073378775000000002,479633.38,0.013776169,5
968,1,0.18953369,0.0026965429,390257.44,0.017421921,0.001
969,1,0.19838744,0.013855637000000001,450187.06,0.013727435,4.6972003999999998
970,1,0.18465482999999999,1.0000000000000001e-05,447159.89000000001,0.010946775000000001,0.001
971,0.80939797000000002,0.17438358000000001,1.0000000000000001e-05,413388.89000000001,0.020049717000000002,0.66662688999999997
972,0.85193890000000005,0.18835594999999999,1.0000000000000001e-05,383059.40000000002,0.016311704999999999,0.29556229000000001
973,0.82270779000000005,0.18968921,0.012690758,470289.19,0.014174203,3.3981507999999998
974,0.48203246999999999,0.18477937,0.012309774000000001,435956.12,0.01863623,2.9489519
975,0.98390791,0.21061789,0.049440023,568936.06000000006,0.011829236,0.001
976,1,0.19388232,0.030556817999999999,549038.71999999997,0.013590032,1.9736494
977,1,0.19709130999999999,1.0000000000000001e-05,412190.09999999998,0.01378776,0.001
978,0.98175199999999996,0.19974070999999999,0.043150883000000001,624904.40000000002,0.017985648,3.3231657999999999
979,0.44491272999999998,0.14400024,0.010728746000000001,437361.58000000002,0.022571590999999998,3.2752184
980,0.97784515999999999,0.16781639000000001,0.040653554000000001,555596.38,0.016030573999999999,3.5726689999999999
981,0.86087060999999998,0.18644131,0.0041817783000000002,373952.51000000001,0.021721351999999999,0.51488009000000001
982,0.80567361000000004,0.16184631999999999,0.025206681000000002,486832.94,0.016397232000000001,2.4004935999999999
983,0.84573200000000004,0.18049567,1.0000000000000001e-05,417679.29999999999,0.023173118999999999,2.3213330999999999
984,0.67556331999999997,0.19494444,0.034757785999999999,485152.5,0.016841214,4.3327743999999999
985,0.62524013000000001,0.18627336999999999,0.00014993651999999999,433255.22999999998,0.016483709999999999,2.3336503999999998
986,1,0.17623635000000001,0.018832023999999999,451676.73999999999,0.015118048,3.6534523000000001
987,0.50537966999999995,0.18836594000000001,0.032458597999999998,585252.04000000004,0.014195517,3.5429192
988,1,0.18553559999999999,0.077304444,728023.58999999997,0.012587317000000001,0.001
989,0.9886722,0.18324324,1.0000000000000001e-05,457783.45000000001,0.016355702,0.60674828000000003
990,0.67778201000000005,0.16311212,0.0029897837,440651.06,0.021554143000000001,1.5822251000000001
991,1,0.20217667,0.001029622,447683.67999999999,0.016677239999999999,1.7420905
992,0.79484387000000001,0.17136256999999999,1.0000000000000001e-05,420472.28000000003,0.021030561,1.8428119999999999
993,0.95168808999999999,0.19266326,1.0000000000000001e-05,448282.28000000003,0.014643977000000001,2.1612825
994,0.76574792000000003,0.16393434000000001,1.0000000000000001e-05,401528.53999999998,0.024274157000000001,5
995,0.99532529000000003,0.19986888999999999,0.013100931,417200.94,0.017138470999999999,1.0124029999999999
996,0.87160316999999998,0.17377339999999999,0.0036365131000000001,429690.83000000002,0.020236829000000001,4.2828466000000001
997,0.86570749999999996,0.2081238,0.001626801,402240.51000000001,0.019292996999999999,2.4957717000000001
998,0.90939881,0.16787339000000001,0.030101076000000001,525356.34999999998,0.020792740000000001,0.36084086999999998
999,0.65763857000000003,0.15305204,0.0058372025000000003,441712.84999999998,0.018942904999999999,4.0338441999999999
1000,0.79312002999999998,0.19203421000000001,0.012724190999999999,513947.70000000001,0.014076197,4.4615201999999998
1001,0.86607661000000002,0.20286012,0.0036103644000000002,408393.75,0.018836275,3.0372113999999999
1002,0.92135617000000003,0.15413760000000001,0.010852753,463764.40000000002,0.017669002,0.066383358000000003
1003,0.64776127999999999,0.17216885000000001,1.0000000000000001e-05,380317.67999999999,0.017926259,2.5302513000000002
1004,1,0.18487999999999999,0.00048596427999999999,435339.03999999998,0.019030254999999999,3.6107260999999999
1005,0.83852965000000002,0.17345811,0.0029482432000000002,493350.31,0.013384131,2.8695278000000002
1006,0.63471692000000002,0.16977983999999999,0.024747357000000001,474806.28000000003,0.023589514999999998,3.8400207000000002
1007,0.87965165000000001,0.17805619,0.026100404000000001,522570.09999999998,0.016353800000000002,4.1557728000000003
1008,0.96323811000000004,0.16774330000000001,0.0049022095,460112.65999999997,0.015871211,0.001
1009,0.53409386999999997,0.18459892,0.064931815000000004,584657.33999999997,0.012693757999999999,3.8156143
1010,0.83084499999999994,0.18443564000000001,0.034071849000000001,511755.15999999997,0.015564197,3.5071487000000001
1011,0.46141406000000001,0.16698990999999999,1.0000000000000001e-05,373361.75,0.013610974,4.1816383999999998
1012,0.47259152999999998,0.17893622000000001,0.0070794404999999999,410786.90999999997,0.020753124000000001,5
1013,0.56670368000000004,0.17735140999999999,1.0000000000000001e-05,433315.59000000003,0.015147760999999999,5
1014,0.96105107999999995,0.20217336,0.0018865003,415716.25,0.019059475999999999,1.3856508000000001
1015,1,0.16167545999999999,0.031771374999999998,573158.43000000005,0.014453488,0.52278857999999995
1016,1,0.19957548,1.0000000000000001e-05,404674.10999999999,0.016425559999999999,1.9491381999999999
1017,0.64474235000000002,0.18529069000000001,1.0000000000000001e-05,414898.62,0.015773327,5
1018,0.82552486000000003,0.18540791000000001,0.035864899999999998,574448.41000000003,0.013221558,1.3594297
1019,0.55680932999999999,0.17658924000000001,0.038513181,527086.21999999997,0.022957967999999999,2.9253159000000002
1020,0.94288450000000001,0.18813996999999999,0.044186118000000003,639544.81999999995,0.016411414999999999,2.5300270999999999
1021,1,0.18978218999999999,0.024848886000000001,516227.62,0.019308193000000001,0.38026881000000001
1022,0.49549623999999998,0.19643190999999999,0.0011053154000000001,453805.46000000002,0.012902459,4.3729768
1023,1,0.21414527999999999,0.011093702,467066.28000000003,0.015486481999999999,0.001
1024,0.96062581999999996,0.16940227999999999,0.0017366999000000001,421845.87,0.019412265000000001,4.5822642
1025,0.73869589999999996,0.16621616,0.036755477000000002,539585.21999999997,0.014438763,3.1055079000000001
1026,0.43834822000000001,0.17715136000000001,0.025368867,467452,0.012810189,5
1027,0.52948043,0.18757945000000001,0.010719351,409973.56,0.015187097,3.51403
1028,0.93772869000000003,0.17050069000000001,0.011468376000000001,484351.96999999997,0.011093143999999999,0.001
1029,0.40653953999999998,0.18323508999999999,1.0000000000000001e-05,421763.32000000001,0.014119517999999999,4.104139
1030,0.43722556000000001,0.19063309000000001,0.016040361,449978,0.018539198,4.9960386999999997
1031,0.94789394999999999,0.17321945,0.0024505886999999999,473226.19,0.014573117,5
1032,1,0.16935699000000001,0.0022041625000000001,400946.12,0.022889269,1.2182677
1033,1,0.19773375000000001,0.0049730258999999997,449012.08000000002,0.016257159,0.1768274
1034,0.96880705,0.16897007999999999,0.0092420777000000003,451302.92999999999,0.025568616999999998,5
1035,0.85689388,0.16178665,0.012411969,469740.46000000002,0.017371370000000001,3.1303122999999999
1036,0.54745213000000004,0.18401796000000001,0.027814901,530800.58999999997,0.015866405,4.5765741000000002
1037,1,0.19865825000000001,0.0018312255000000001,421261.39000000001,0.017275510000000001,2.0353645
1038,1,0.19696894000000001,1.0000000000000001e-05,456447.48999999999,0.0098083261000000005,0.001
1039,0.84292213000000005,0.1760381,0.00070424837999999998,390172.26000000001,0.020641151,0.17913001000000001
1040,0.91632559999999996,0.18166106000000001,1.0000000000000001e-05,417243.08000000002,0.015735214000000001,0.001
1041,1,0.16589212,0.031123181,564749.87,0.015657134,0.001
1042,0.82755272000000002,0.1576835,0.0029162531999999998,421394.21000000002,0.020137762999999999,4.7874211999999998
1043,0.55711031,0.18467314000000001,0.022131278000000001,465555.47999999998,0.011590548000000001,2.5743985
1044,0.64215074999999999,0.18147689,0.029748503999999999,549375.12,0.016919673999999999,3.2088116000000002
1045,0.42739821,0.20381319000000001,0.004399409,459454.27000000002,0.016273738999999999,5
1046,0.89541866999999997,0.21103114000000001,1.0000000000000001e-05,448387.15999999997,0.017060965000000001,1.1399807
1047,0.83037804999999998,0.18139451000000001,0.015608561999999999,475371.57000000001,0.016425855,3.5523022000000002
1048,1,0.21341877000000001,0.023786907999999999,476272.03000000003,0.017480618999999999,5
1049,0.67362747000000001,0.18974162,0.018125301,529416.79000000004,0.011507944000000001,5
1050,0.55706230999999995,0.18730231999999999,0.020041343,485314.54999999999,0.020281757000000001,4.2096825999999998
1051,1,0.15212400000000001,0.020996791000000001,487190.71000000002,0.019853167000000001,1.8436885999999999
1052,1,0.15301323999999999,1.0000000000000001e-05,424462.65000000002,0.016300399,1.3344425
1053,0.41954711,0.19185451000000001,0.008785045,454366.09999999998,0.015907887999999999,5
1054,1,0.16695370000000001,1.0000000000000001e-05,386725.01000000001,0.015122958000000001,4.1611738999999996
1055,0.75796976999999999,0.15651687,0.012159440000000001,456109.98999999999,0.017079101999999999,1.7980324999999999
1056,0.83047409999999999,0.19513694000000001,0.027823121999999999,562698.20999999996,0.010202844000000001,4.8810659000000003
1057,0.83209105000000005,0.19769627000000001,0.0039106591,421613.41999999998,0.016261105000000001,2.8148848000000002
1058,1,0.18126972,0.021164810999999999,495949.45000000001,0.022240830999999999,1.8889084
1059,0.84694254999999996,0.16765066000000001,0.012253651000000001,466625.51000000001,0.022792495999999999,2.8218993000000001
1060,0.88730416000000001,0.1825695,0.0082504029999999999,452104.14000000001,0.016943125999999999,0.91910888000000002
1061,0.97975729,0.15827452,0.0040558870999999998,437240.97999999998,0.020472641999999999,0.74810315000000005
1062,1,0.14491467999999999,0.0075807944999999998,461282.25,0.017573254999999999,0.34424321000000002
1063,0.59187656,0.18783031,0.018012281000000002,512139.82000000001,0.012884914000000001,3.6241303999999999
1064,0.92742309000000001,0.15513321999999999,1.0000000000000001e-05,418829.92999999999,0.015148485,0.26235925999999998
1065,0.34094489,0.18238636999999999,1.0000000000000001e-05,441537.73999999999,0.012133998999999999,5
1066,0.96958266999999998,0.17128304,1.0000000000000001e-05,444385.64000000001,0.018308364000000001,0.001
1067,1,0.17520442,0.032710369000000003,584523.95999999996,0.014308572,5
1068,0.60277270000000005,0.16285069999999999,0.0058210053999999999,456207.07000000001,0.019384808,2.0572222
1069,0.73731508000000001,0.17559031,0.0091098927000000003,440018.46999999997,0.014116448,3.6226747000000001
1070,0.91256484999999998,0.20139976000000001,0.0016852389,449644.15000000002,0.014123937,0.58590830000000005
1071,0.61514025000000006,0.20495227999999999,1.0000000000000001e-05,449062.52000000002,0.013993332000000001,5
1072,0.83067206999999998,0.18525321,0.018886044000000001,468341.67999999999,0.017099485000000001,2.8006256
1073,0.61669172000000005,0.17811451,0.046616810000000002,603426.18999999994,0.016038618000000001,4.1344336999999998
1074,1,0.17819935000000001,0.0010381362999999999,470261.41999999998,0.010539160000000001,1.0124770000000001
1075,1,0.1730546,0.063347851999999996,606258.59999999998,0.018552007999999998,1.4663866999999999
1076,0.71408755000000002,0.17405134,0.010253982,440421.27000000002,0.01747638,3.1807476000000001
1077,0.98512188999999994,0.16532089999999999,0.0068075988999999996,429983.34000000003,0.024204947000000001,0.49787395000000001
1078,0.86336468,0.16500015000000001,1.0000000000000001e-05,393932.75,0.022991893999999999,2.4091783000000002
1079,1,0.19161275,0.024521696999999999,540409.80000000005,0.016154749999999999,5
1080,0.87644297999999998,0.17708792000000001,0.00094360386000000003,402135.96999999997,0.022094997000000002,2.8781343000000001
1081,0.53598962000000006,0.17538091,0.0051640441999999996,401030.65000000002,0.024318290999999999,3.8520642
1082,0.84158476999999998,0.18762407,0.033275219000000002,484796.07000000001,0.030516945,3.2700409000000001
1083,1,0.19129747,1.0000000000000001e-05,434066.76000000001,0.016814613999999999,1.0896920000000001
1084,0.49164407999999998,0.18118279000000001,0.026662055,464069.64000000001,0.016765035000000001,3.9526317999999998
1085,0.70483870000000004,0.16421142,0.0075896599000000002,482780.72999999998,0.019098397,1.9839541999999999
1086,0.50086940999999996,0.19226683,0.010142078000000001,441378.37,0.014850700999999999,3.3679960000000002
1087,0.42710392000000003,0.18545854000000001,0.013969189,499920.65999999997,0.014596858000000001,5
1088,0.67117526999999999,0.20074947000000001,1.0000000000000001e-05,399111.69,0.011697829,2.6461014999999999
1089,0.96695998999999999,0.19832622999999999,1.0000000000000001e-05,461933.63,0.010980116999999999,3.9506820999999999
1090,0.70590544,0.17012062999999999,0.016495512,516633.66999999998,0.018214154999999999,5
1091,0.79622788,0.20119817000000001,1.0000000000000001e-05,431371.57000000001,0.011746305,1.4910498000000001
1092,0.72490235999999997,0.17437659999999999,0.043296357000000001,559246.73999999999,0.011713840999999999,2.6074888000000001
1093,0.58319558000000005,0.17346431000000001,0.0011347536000000001,392703.03000000003,0.020060934999999998,1.4994664
1094,0.70012087999999995,0.19064131000000001,0.011226969,483070.21000000002,0.012844062999999999,3.0996608000000001
1095,0.68085974000000005,0.19828452999999999,0.020523818999999999,523778.09000000003,0.011443063999999999,2.8228301
1096,0.97185754999999996,0.18361103000000001,0.0013948636000000001,401249.42999999999,0.019595807999999999,2.800338
1097,0.66378163999999995,0.19502073,0.14842332999999999,1000000,0.018307578000000001,3.1342463999999999
1098,0.91876172,0.17452913,1.0000000000000001e-05,396510.89000000001,0.025248729000000001,3.8506469000000001
1099,0.92028367,0.18679586000000001,0.022941263999999999,541140.27000000002,0.017105168,0.74072742000000003
1100,0.99956864000000001,0.20239538000000001,1.0000000000000001e-05,441124.65000000002,0.020745675000000002,0.001
1101,0.79845284999999999,0.14711730000000001,0.0088065435999999993,430419.32000000001,0.026982098999999999,2.2632162999999998
1102,0.67122406000000001,0.20300392,1.0000000000000001e-05,376738.70000000001,0.024956375999999999,5
1103,0.73286415000000005,0.16869908,0.056172381,670864.68999999994,0.016950705999999999,3.9279980999999999
1104,1,0.22244058,0.042539641000000003,559836.60999999999,0.011012925,0.25638218000000002
1105,0.42441436999999999,0.17383944000000001,0.015303967999999999,477964.56,0.018400869,3.7938458000000002
1106,0.63834427000000005,0.15483437999999999,1.0000000000000001e-05,409929.73999999999,0.016059802000000001,2.7319637999999999
1107,0.61178942999999997,0.19035627999999999,0.0045542578999999998,421668.78999999998,0.014655430000000001,3.9312402999999998
1108,1,0.22318478999999999,0.014465319000000001,496250.47999999998,0.014632571,3.2600750999999999
1109,0.83005572000000005,0.19392585000000001,0.038342487000000001,527895.85999999999,0.019463614000000001,3.6693449
1110,0.49716923000000002,0.15218881000000001,0.033417785999999998,583908.27000000002,0.019584282000000001,5
1111,0.99979152999999998,0.19547977,0.0068192488000000002,495696.97999999998,0.012449547,5
1112,0.50310091999999995,0.18981542000000001,0.0091272429000000006,506176.78999999998,0.01332883,5
1113,0.68640055,0.19906372,0.013087321000000001,471407.70000000001,0.017566414999999998,2.6801096000000002
1114,0.83706970999999997,0.16087775000000001,1.0000000000000001e-05,358454.63,0.01778362,0.001
1115,0.97531816000000005,0.17456729000000001,0.0077488725999999997,462409.96000000002,0.01631167,5
1116,0.39392748,0.16700509999999999,0.011472398,418341.97999999998,0.016045673999999999,5
1117,0.50999501000000003,0.20127286999999999,1.0000000000000001e-05,420298.56,0.017396005999999999,5
1118,0.37746680999999999,0.16424859999999999,0.012167097,416479.27000000002,0.019217079000000001,5
1119,1,0.18376438,0.011707159999999999,493545.08000000002,0.019032822000000001,0.001
1120,0.97012514999999999,0.15649252,1.0000000000000001e-05,387868.63,0.016643452,1.0112513000000001
1121,1,0.19978914,0.033193871999999999,485801.96000000002,0.012680655000000001,0.82548308999999997
1122,1,0.17789413000000001,0.0014340961,450512.96000000002,0.014872564,0.001
1123,0.43057098999999999,0.15253570999999999,0.057852486000000002,610699.09999999998,0.015140591,5
1124,1,0.14651168000000001,0.0021867268999999998,455663.60999999999,0.018886050000000001,0.69603459000000001
1125,0.47649483999999998,0.22413858,0.00079480375999999996,438474.15000000002,0.010536004,5
1126,0.5398908,0.18451598999999999,0.0069738760000000004,439812.26000000001,0.02272923,3.0414734999999999
1127,0.78561453999999997,0.19866007999999999,0.027276677999999999,488494.65000000002,0.011488083,5
1128,1,0.20755835,1.0000000000000001e-05,440145.73999999999,0.013672422,0.001
1129,0.97944474999999998,0.20618072000000001,0.0088551409000000008,462329.15000000002,0.017067153000000002,1.815639
1130,0.70522518999999995,0.17906589000000001,0.039146172,565462.93999999994,0.014229636,2.8240680999999999
1131,1,0.1848294,1.0000000000000001e-05,397968.03999999998,0.017643221000000001,1.1881666
1132,0.86204060999999998,0.18025784,0.0091843801000000003,450691.59999999998,0.020575751999999999,3.1812665
1133,0.71214794999999997,0.24095536000000001,0.013963921000000001,488749.83000000002,0.014876442,2.1046748000000002
1134,0.86363582999999999,0.17723243,0.034693113999999997,516660.71999999997,0.017832918999999999,0.001
1135,0.4347374,0.16799674000000001,0.0074959201999999997,465865.28999999998,0.019159677999999999,5
1136,0.69375633000000003,0.17799909,1.0000000000000001e-05,408375.35999999999,0.026436595,1.4687022999999999
1137,0.63891593000000002,0.17830357999999999,0.00057694973999999997,437296.92999999999,0.021879751999999999,4.9190490999999996
1138,0.50390983,0.16685188000000001,0.011862512,423224.90999999997,0.016587625000000002,4.4317957000000003
1139,0.67825968999999997,0.19465162,0.0075220436999999998,478026.76000000001,0.013810157,2.6002852000000001
1140,0.96608017999999996,0.17249838000000001,0.032490649000000003,552995.94999999995,0.015499404,0.001
1141,0.67944384000000002,0.19323162999999999,0.13480801000000001,1000000,0.010051529999999999,3.2427679
1142,0.85848970000000002,0.20743990000000001,0.025247958000000001,534879.29000000004,0.014585416,4.9856280000000002
1143,0.47194724999999998,0.18974545000000001,0.018669379999999999,499541.70000000001,0.016384446,2.7902909999999999
1144,0.93726381000000003,0.19407995,0.017792426,443074.71999999997,0.016323952999999999,1.8926607
1145,1,0.17017888,0.11109094999999999,766229.34999999998,0.016474521999999998,0.001
1146,0.77535646000000003,0.14978477000000001,0.01363284,489323.82000000001,0.016277522999999999,1.9014945000000001
1147,0.48620022000000002,0.19460525000000001,1.0000000000000001e-05,428938.96000000002,0.012055236,5
1148,0.56159990999999998,0.18772231,0.015665181,497340.95000000001,0.014863997,5
1149,0.95319103999999999,0.18001268000000001,0.01385084,516372.90000000002,0.013056201999999999,5
1150,0.70994776999999998,0.19881388,0.021828994000000001,480941.15000000002,0.013502686999999999,3.7984724000000001
1151,0.73410982000000002,0.15268355,0.018912602000000001,491649.57000000001,0.017354392,0.74547403000000001
1152,1,0.16073297,0.024080141999999999,500372.37,0.019241182999999999,0.001
1153,1,0.16647250999999999,1.0000000000000001e-05,431334.59999999998,0.018724395000000001,4.0307294999999996
1154,0.92094547999999998,0.19331226000000001,1.0000000000000001e-05,430116.28999999998,0.01378738,0.049550888000000001
1155,0.57988399000000002,0.20602509999999999,0.028018288999999998,480827.17999999999,0.018391322000000002,4.3741922999999998
1156,1,0.20336045999999999,0.0055138504,472394.29999999999,0.010684295,1.8322061999999999
1157,0.58342654000000005,0.19431127000000001,0.022925377,522137.72999999998,0.014951144,3.3161442000000001
1158,0.81172767999999995,0.21282740999999999,0.053421825999999999,606710.54000000004,0.016347455,2.0054362999999999
1159,0.78033838,0.19421616,1.0000000000000001e-05,422791.37,0.019348665000000001,5
1160,0.59006515999999998,0.1826702,0.012339016,441255.66999999998,0.017610493000000001,3.5099996999999998
1161,0.76914857999999997,0.17724745,1.0000000000000001e-05,414384.29999999999,0.017448518,2.8987364000000002
1162,0.92620416999999999,0.17372665000000001,0.0081768317999999993,407136.94,0.019916605,1.2534156000000001
1163,1,0.16708075,1.0000000000000001e-05,416868.08000000002,0.021730240000000001,5
1164,0.55832519000000003,0.16485248,0.050911827,630663.45999999996,0.017019754000000002,2.4308253999999998
1165,0.80163459999999997,0.16006674000000001,0.030547212000000001,544234.59999999998,0.016958200999999999,1.6784718999999999
1166,1,0.19099736,0.029649674000000001,510128.47999999998,0.019653844,0.001
1167,0.64738302999999997,0.18777780999999999,1.0000000000000001e-05,434275.87,0.01267331,4.3718997999999996
1168,0.55456391999999999,0.18602476000000001,1.0000000000000001e-05,473327.42999999999,0.0126905,4.0928000999999998
1169,1,0.18661053,0.0062614378999999998,442520.71000000002,0.015310939000000001,3.7497175999999999
1170,1,0.19973353999999999,0.038967857000000002,494259.33000000002,0.014906908999999999,1.1450465000000001
1171,0.60851533999999996,0.1952313,0.044159406999999998,475817.77000000002,0.019576366000000001,4.2718334000000002
1172,0.60852360999999999,0.17601621000000001,0.0027203632,418681.53000000003,0.020752116000000001,4.6168268000000001
1173,1,0.14597800999999999,1.0000000000000001e-05,388497.25,0.017073007000000001,2.9884534
1174,1,0.18984239999999999,0.10704869,809033.29000000004,0.01271917,0.001
1175,0.97605792000000002,0.18237333,0.0091358753000000004,465299.12,0.018431501999999999,3.4334636999999999
1176,1,0.17763635,1.0000000000000001e-05,406249.67999999999,0.020884335,0.001
1177,0.55832519000000003,0.16485248,0.050911827,630663.45999999996,0.017019754000000002,2.4308253999999998
1178,0.50687998000000001,0.14596413,0.014695606,501594.63,0.017523608,2.4921598
1179,1,0.19739641999999999,0.042614370999999998,566200.28000000003,0.022400653999999999,0.001
1180,0.91465708000000001,0.18025343999999999,0.027953287,476185.64000000001,0.017032708000000001,0.097933119999999999
1181,0.65236499999999997,0.18081114000000001,0.0010656035,423584.52000000002,0.022856323000000001,3.2416725
1182,0.84263975999999996,0.20330755,1.0000000000000001e-05,455240.28999999998,0.013195393,5
1183,1,0.19320878999999999,0.039966797999999998,590343.21999999997,0.013728254,1.1451004
1184,0.99991989999999997,0.20188328,0.0058973185000000001,444855.34999999998,0.015321173,0.52443744999999997
1185,0.92545924999999996,0.16178223999999999,0.0092140793000000006,474277.21999999997,0.013058096,2.9606705
1186,0.66897938999999995,0.17463667999999999,1.0000000000000001e-05,424947.62,0.013704548,2.6431271000000001
1187,0.53704682999999998,0.18304644,1.0000000000000001e-05,440337.32000000001,0.018175127999999999,4.6617220000000001
1188,0.69064795999999995,0.18749967000000001,0.057985541000000002,705230.41000000003,0.014845081,5
1189,1,0.17667959999999999,0.010795745000000001,508645.37,0.015330363,1.1736875
1190,1,0.20530349000000001,1.0000000000000001e-05,427050.20000000001,0.019281349,0.001
1191,0.34838189000000003,0.17126234000000001,0.021871284000000001,467898.23999999999,0.018516604999999998,5
1192,0.67484938999999999,0.16979631000000001,0.021051876000000001,498393.83000000002,0.016598643,2.9905065
1193,0.47849287000000001,0.17227619,0.059064029999999997,581087.05000000005,0.015872746,5
1194,0.62753029000000005,0.17663285000000001,1.0000000000000001e-05,425496.78000000003,0.016418614000000002,2.6378005
1195,0.66294830999999999,0.17005064,0.019301149,448777.66999999998,0.015670054999999999,1.9594061
1196,1,0.17398886,0.013680654,390928.96000000002,0.023194096000000001,3.7849064000000001
1197,0.8828551,0.20750732999999999,0.0015291727000000001,421439.09000000003,0.01428811,3.0345555000000002
1198,1,0.19007784,0.027002592999999998,493273.23999999999,0.016716509000000001,0.001
1199,0.92732026000000001,0.19871071000000001,0.034202123000000001,580485.79000000004,0.011366759000000001,3.9765082999999999
1200,0.40902428000000002,0.18935652,0.00068114043000000002,423913.16999999998,0.015982329,5
1201,1,0.21875486,0.029125684999999998,561218.22999999998,0.013359177,0.001
1202,1,0.16526360000000001,0.0095839302000000001,463445.75,0.021294523999999999,4.1203951999999999
1203,0.86645353000000003,0.21439479,1.0000000000000001e-05,459015.07000000001,0.012590132,2.3840264000000002
1204,0.68782745000000001,0.20066328,0.0097337395999999993,479051.14000000001,0.016167574000000001,5
1205,0.84293757000000002,0.14910640999999999,1.0000000000000001e-05,448889.97999999998,0.020662502999999999,3.0690778999999999
1206,0.86409128999999996,0.17470799000000001,1.0000000000000001e-05,453228.90999999997,0.019252030999999999,3.0191501999999999
1207,0.97134830000000005,0.16830881,0.0016547158,454226.03999999998,0.013470479,1.1574762999999999
1208,0.74372945999999995,0.15668905999999999,1.0000000000000001e-05,427405.66999999998,0.017922817000000001,0.71531248000000003
1209,0.81272701000000003,0.18205681000000001,0.0056185610999999998,451854.95000000001,0.016931638999999998,5
1210,0.83705962,0.18653818,1.0000000000000001e-05,413208.33000000002,0.010184687,5
1211,0.88948642,0.19383782999999999,0.0091980256999999992,462829.29999999999,0.016982961000000001,4.7630863000000003
1212,0.71011071999999997,0.20820681999999999,0.0063072555000000001,477237.69,0.011690004,1.7659444
1213,0.67954886000000003,0.17418586999999999,0.00093333412999999999,455588.59000000003,0.014773602,5
1214,0.76315602999999999,0.18126149,0.0097219808999999997,450612.60999999999,0.0219215,3.4286683999999998
1215,0.46116654000000001,0.15990512000000001,0.014496118000000001,457613.26000000001,0.016105687,2.7624094000000001
1216,0.87843737,0.19938421000000001,0.029151959000000002,590276.23999999999,0.012563728,2.1829277999999999
1217,0.67249398000000005,0.20480620999999999,0.015794721000000001,446984.71999999997,0.015553175000000001,3.0546475000000002
1218,0.58291022999999997,0.15830366000000001,0.069036693999999996,784857.63,0.013288291000000001,3.9658497000000001
1219,1,0.15143925,0.0074456503000000004,448986.88,0.021329665000000001,0.18823783999999999
1220,0.92149603999999996,0.18041075000000001,0.0028595538999999998,417490.58000000002,0.017929455,2.7125165999999998
1221,0.97185754999999996,0.18361103000000001,0.0013948636000000001,401249.42999999999,0.019595807999999999,2.800338
1222,0.72229615999999996,0.19140908000000001,0.0057661279000000001,400511.41999999998,0.017379379,1.7589467999999999
1223,1,0.18063582,0.00080203621999999999,389007.28000000003,0.023866366,0.001
1224,0.89101034000000001,0.17205777,0.0015521764000000001,377937.92999999999,0.020115254999999999,0.001
1225,0.43003380000000002,0.17746048,0.013719672,453099.37,0.018640344,5
1226,0.59657718999999998,0.18744532999999999,0.0044353007000000003,450502.26000000001,0.012592225,1.6580623999999999
1227,0.81212569999999995,0.19669616000000001,1.0000000000000001e-05,406001.13,0.017414451000000001,3.3543694999999998
1228,1,0.18621001000000001,0.023106262999999998,503626.84999999998,0.021429165,2.6977131000000001
1229,1,0.17499575000000001,0.016012575000000001,461073,0.016218508,0.001
1230,1,0.16971639999999999,0.032435884999999998,513508.42999999999,0.01505925,0.46218152000000001
1231,0.81269265999999996,0.16507429000000001,0.0028351588999999998,445012.02000000002,0.018305966999999999,3.4211977999999998
1232,0.83306915999999998,0.19148262999999999,0.012244006999999999,458558.34000000003,0.022259495000000001,1.3562732
1233,1,0.15146313,0.0030612538000000002,415976.20000000001,0.020735201000000002,2.8514895
1234,0.70361298000000005,0.19303048,0.025763813999999999,542506.28000000003,0.011343541,4.9679516000000001
1235,0.66571219999999998,0.19621952000000001,1.0000000000000001e-05,430990.79999999999,0.012806804999999999,2.4208666000000001
1236,0.68694544000000002,0.20414713000000001,0.0010990476999999999,458761.96999999997,0.011602299999999999,3.3778220000000001
1237,0.71232203000000005,0.20714118000000001,0.026889730000000001,513579.73999999999,0.017936567,3.0121820000000001
1238,0.78879122999999995,0.19565954999999999,0.018099519000000001,516744.67999999999,0.011866497,3.3531748000000001
1239,0.50096724999999998,0.17898173000000001,0.022805631999999999,492944.12,0.016021778,5
1240,0.43650921999999998,0.20714094999999999,0.057921512000000001,684433.29000000004,0.015858924,4.4424549000000004
1241,0.52013114999999999,0.20968987,0.023472728000000002,519442.10999999999,0.018097241999999999,3.3181522000000001
1242,1,0.20056117000000001,0.0046152227999999998,435579.42999999999,0.019755715,2.5614675
1243,0.89354955000000003,0.16564003999999999,0.0086839073999999995,456077.81,0.017957000000000001,1.1314327
1244,1,0.18515024999999999,1.0000000000000001e-05,422360.58000000002,0.01672512,0.15253607
1245,0.71003112999999995,0.17772202000000001,1.0000000000000001e-05,419885.27000000002,0.018670043000000001,2.6564323000000001
1246,0.4936103,0.20262303000000001,0.072867946000000003,694739.89000000001,0.010033057999999999,3.0236068
1247,0.77999629999999998,0.18043021000000001,0.039748061000000001,595431.56999999995,0.015354857,4.5024265999999997
1248,0.78319757000000001,0.18190743000000001,0.0028126587999999998,434471.88,0.018458115000000001,3.9549417999999998
1249,1,0.18745426000000001,0.017849180999999999,523398.47999999998,0.010486265,2.1233249999999999
1250,0.71748445999999999,0.17330934000000001,0.079870019,763212.77000000002,0.020782281,4.1046358999999999
1251,1,0.22885252,0.0086293602000000001,436186.23999999999,0.016462429000000001,0.001
1252,0.87620145999999999,0.17758591000000001,1.0000000000000001e-05,415829.19,0.019955858,1.5155851
1253,0.84905828999999999,0.20207085999999999,0.054972602000000002,651067.39000000001,0.014112143000000001,2.4314732999999999
1254,0.86561352000000003,0.19478755,1.0000000000000001e-05,411369.08000000002,0.011974466,0.41583310000000001
1255,0.79191352999999998,0.19902422,0.038428407999999997,539291.65000000002,0.016567885000000001,3.4425851000000001
1256,0.54319896000000001,0.17039584999999999,1.0000000000000001e-05,400449.72999999998,0.020681163999999998,4.7471838000000002
1257,0.83734207999999999,0.17264484999999999,1.0000000000000001e-05,437623.09999999998,0.017636044,3.1057573999999999
1258,0.54122703000000005,0.20070087,1.0000000000000001e-05,436920.76000000001,0.010200281,4.0935540000000001
1259,1,0.17486027000000001,0.026070556000000002,445911.08000000002,0.030869271,0.001
1260,0.74259752000000001,0.17731268,0.10956965,873581.72999999998,0.014730984000000001,1.8279626
1261,1,0.19522497999999999,0.024971697000000001,474262.31,0.017619847000000001,4.2623936000000002
1262,1,0.17212542,0.046452747000000003,653254.84999999998,0.013388624999999999,0.001
1263,1,0.18631603999999999,0.0097777971000000009,448539.22999999998,0.018324073999999999,0.097013045000000006
1264,0.77366886999999995,0.18252139000000001,1.0000000000000001e-05,397399.76000000001,0.021095053999999999,4.2246100999999996
1265,1,0.13305062000000001,1.0000000000000001e-05,419311.15000000002,0.018919081000000001,5
1266,0.53653616999999998,0.17912227,0.018583356999999998,493867.16999999998,0.014840572999999999,3.9725209000000001
1267,1,0.19566265999999999,1.0000000000000001e-05,478595.60999999999,0.011199021999999999,0.001
1268,1,0.19453619999999999,0.016684846,446252.53000000003,0.015889683000000002,0.74495085000000005
1269,0.53968103000000001,0.18448134999999999,1.0000000000000001e-05,431700.84000000003,0.017893143,3.8872672000000001
1270,0.60468363999999997,0.16895588,0.011934003,471604.09999999998,0.018098447,3.8873953000000001
1271,0.96729883999999999,0.19196784,1.0000000000000001e-05,421126.25,0.016360907000000001,1.6531271999999999
1272,0.92495824999999998,0.18999536,0.035441050000000002,452340.22999999998,0.012968159999999999,3.0301339
1273,0.59164253,0.16194541000000001,0.0049560599000000004,417056.91999999998,0.025080294999999999,1.8244624
1274,1,0.17428642999999999,0.011914081999999999,446001.03000000003,0.014281215,0.73590584999999997
1275,0.85959368999999997,0.19875973999999999,0.050071082000000003,621722,0.013087847,0.88134732000000005
1276,1,0.18128904000000001,0.0065377511999999997,424017.85999999999,0.014509589,2.0567253000000001
1277,1,0.16486851,0.037602020999999999,567338.28000000003,0.012092057,3.7272645
1278,0.62675338000000003,0.17771416000000001,0.071563043000000007,740261.56000000006,0.019028535999999999,5
1279,0.51533655,0.18743024999999999,0.012339375,471105,0.011915007,3.2210662999999999
1280,0.67121008000000004,0.18460109,0.030169293,508270.21999999997,0.020255576000000001,5
1281,0.69091367000000004,0.20021388000000001,0.046019936999999997,575852.5,0.015533958,5
1282,0.65243441999999996,0.17653013000000001,0.0083524448000000008,456263.19,0.016670421000000001,4.0472969000000001
1283,0.96708437000000003,0.16381761,0.027280443000000001,474303.76000000001,0.020057008000000001,2.9145712000000001
1284,0.89592744000000002,0.20097524999999999,1.0000000000000001e-05,456294.13,0.014179615,4.0827242000000004
1285,0.88618266999999995,0.19589398999999999,0.017526153999999999,432547.96000000002,0.016392931999999999,0.29071381000000002
1286,0.71419284999999999,0.17453350000000001,0.012744007999999999,466602.53999999998,0.013175846999999999,5
1287,1,0.18003041,1.0000000000000001e-05,419852.21999999997,0.018735594000000001,0.001
1288,0.74258367999999997,0.18945535999999999,0.00035804168000000002,384337.96000000002,0.01220342,4.0381852
1289,0.50862514999999997,0.19471933,0.011412106,496271.09000000003,0.013828366999999999,3.8550186000000002
1290,0.37874313999999998,0.17692561000000001,0.0030470035000000001,414415.84000000003,0.016178094000000001,5
1291,0.92708086999999995,0.19916378000000001,0.0094880686999999995,497842.25,0.0085086944000000008,0.001
1292,0.61310929999999997,0.15587269000000001,0.053598519999999997,581689.15000000002,0.020628088999999999,3.9934946
1293,0.98562055000000004,0.16921336000000001,0.012775785,503922.97999999998,0.016143171000000001,1.4740606000000001
1294,0.81638405999999997,0.18212816000000001,0.021196944999999998,506863.75,0.015329648,5
1295,0.99741864999999996,0.21014103000000001,0.036884779999999999,537165.82999999996,0.017882288,2.7190870999999999
1296,1,0.18315145999999999,0.0096714065000000002,479960.37,0.014811173,1.0479042999999999
1297,0.98139058999999995,0.16989879999999999,0.0016430514999999999,381861.65999999997,0.017303707000000002,0.18426101
1298,0.86337392999999996,0.18014451000000001,0.024346824,532615.21999999997,0.013834961999999999,5
1299,0.95647559000000004,0.18889486,1.0000000000000001e-05,456665.45000000001,0.015630578999999999,4.8848197000000004
1300,1,0.17429054999999999,0.040662681999999999,568040.44999999995,0.017759380000000002,3.9403524000000001
1301,0.93940752000000005,0.19268726,0.0050548214999999999,506784.78000000003,0.0090986703000000002,0.001
1302,1,0.20253850000000001,1.0000000000000001e-05,459101.90999999997,0.017020672000000001,5
1303,0.62820975999999995,0.16857349999999999,0.012587750999999999,438884.5,0.022665511999999999,3.5164616999999998
1304,0.71282372999999999,0.22063049000000001,0.012229309000000001,445438.90999999997,0.014328535999999999,3.4672041999999998
1305,0.94538319999999998,0.17723706,0.0017572459,393166.56,0.018439792,2.1570550000000002
1306,0.93241543000000005,0.16827605000000001,0.021124677000000001,481508.76000000001,0.020183260000000001,0.001
1307,1,0.14878115,1.0000000000000001e-05,398066.07000000001,0.018825537999999999,1.3951278
1308,0.91402854,0.15948203999999999,0.0078858443,460088.46000000002,0.021673955000000002,0.98261564000000001
1309,0.93495771000000005,0.21974347,0.0054826051999999998,461369.71999999997,0.015327350999999999,2.7770033000000001
1310,0.84710087000000001,0.16110422999999999,0.0083584686000000002,447589.53000000003,0.01914271,1.315307
1311,0.3964395,0.17512908999999999,0.031050148999999999,508979.67999999999,0.011890791,4.3342185000000004
1312,0.95316149999999999,0.17964743,6.2704037999999999e-05,376723.23999999999,0.012618084,3.2246731999999998
1313,1,0.17247997000000001,1.0000000000000001e-05,404709.06,0.021027323000000001,5
1314,1,0.17056231999999999,0.003552178,459445.81,0.017021297000000001,0.001
1315,0.52849707000000001,0.20176661000000001,0.0012626448999999999,449238.85999999999,0.010175989999999999,4.2592188999999996
1316,1,0.19786638000000001,0.0082408097000000007,431410.51000000001,0.019550287999999999,1.1998806
1317,0.88177762999999998,0.22735584,0.011884784000000001,436329.64000000001,0.012305404000000001,0.94667553000000004
1318,0.90535251999999999,0.15134359,0.027539101999999999,484973.76000000001,0.020402513000000001,0.001
1319,1,0.18306184,0.012497032999999999,435700.65999999997,0.02229428,3.8472168
1320,0.92930961999999995,0.17665465,0.017997411000000001,472101.08000000002,0.018200454000000001,3.8696473999999998
1321,0.70484232999999996,0.17747082,0.0011639846000000001,448863.26000000001,0.016558661999999998,4.9998170999999996
1322,1,0.20074304000000001,0.017804454000000001,500652.38,0.017183048999999999,3.0323522000000001
1323,0.80429666,0.19094568000000001,0.018941783,441760.83000000002,0.019453453999999998,1.4741845
1324,0.60035426000000003,0.18080141999999999,0.11466796,948989.79000000004,0.017067542000000002,1.9842788
1325,0.60656511000000002,0.20278167999999999,0.002061514,446034.75,0.015027878999999999,3.4695311000000002
1326,0.90646203000000003,0.18468338000000001,0.032076058999999997,525384.17000000004,0.019363274999999999,0.9193924
1327,1,0.18197446,0.039934830999999997,480949.15000000002,0.014106824,0.001
1328,0.66382355999999998,0.18404134999999999,0.0052903713,386303.71999999997,0.019253018,1.4022565
1329,0.95789575000000005,0.19161412999999999,0.0037949125999999999,438927.02000000002,0.021223715000000001,5
1330,0.59367864000000004,0.16577647000000001,1.0000000000000001e-05,453463.44,0.016837330000000001,3.5111677999999999
1331,1,0.15044674999999999,0.016960686999999999,453223.81,0.01841771,5
1332,0.62114522000000005,0.16810337,0.0021212449999999999,379566.39000000001,0.024559765000000001,3.8514138999999998
1333,0.72252022999999999,0.21993869999999999,0.012228007000000001,490572.78999999998,0.013650163,3.0684273000000002
1334,0.59201192999999996,0.16691350999999999,0.024805404999999999,576407.76000000001,0.011318371000000001,2.4416106000000002
1335,1,0.18541076000000001,0.0056581380999999997,478828.48999999999,0.016274202000000002,0.001
1336,0.64271878999999998,0.18132667,0.013928543999999999,466280.5,0.013456778000000001,4.7549124000000003
1337,0.47990492000000001,0.16895604,0.0011530710999999999,427689.28000000003,0.015375020999999999,2.4303661000000001
1338,0.79611133999999995,0.18632182999999999,0.0088560921000000008,464737.29999999999,0.017983816,2.7817744000000002
1339,0.47710999999999998,0.19485913999999999,1.0000000000000001e-05,448173.28000000003,0.015968453000000001,3.4603385000000002
1340,0.72752638000000003,0.17553134000000001,0.029584137,534050.38,0.017371975000000001,2.4149536999999999
1341,0.98999711999999995,0.17680249000000001,0.035797469999999998,568702.20999999996,0.018504626999999999,1.8277983
1342,0.60061005000000001,0.19611927000000001,0.014708499999999999,476351.07000000001,0.016118766,2.1833062999999999
1343,0.42957414999999999,0.19345461,0.020574766000000001,476209.72999999998,0.017952914,5
1344,0.99220383999999995,0.18706341000000001,0.0083274256000000005,388077.46000000002,0.023098385999999999,2.4327415000000001
1345,0.91258872000000002,0.20200946,0.036730261,524524.96999999997,0.017623303999999999,2.4699564999999999
1346,0.93774935000000004,0.20570654999999999,1.0000000000000001e-05,396563.94,0.0093408915999999998,2.5509100999999998
1347,0.86212116000000005,0.18236733999999999,0.00092505440000000005,398402.45000000001,0.01760043,5
1348,0.98414343999999998,0.17188095,0.0018309935999999999,450472.84999999998,0.013994932999999999,0.22465653999999999
1349,1,0.15414326,0.030567772,521814.15999999997,0.014157026,0.001
1350,0.62281571000000002,0.20196175999999999,0.0040153932,425488.12,0.012849856999999999,1.6827487999999999
1351,0.65594532000000005,0.17433679999999999,0.0048022294,468244.90999999997,0.016715569,2.8507405000000001
1352,0.88635511,0.13533676,1.0000000000000001e-05,421373.62,0.025249392999999998,2.5504223000000001
1353,0.68224516999999996,0.16519682999999999,1.0000000000000001e-05,415032.97999999998,0.019735570000000001,2.7267641999999999
1354,0.48428347999999999,0.16579770999999999,0.026312748,543038.93999999994,0.019937738999999999,4.0644095
1355,1,0.1616573,0.0039986290999999997,426268.65999999997,0.012858583,0.001
1356,0.99231329999999995,0.18170712,1.0000000000000001e-05,398156.53999999998,0.017418411000000002,0.001
1357,0.56851110999999999,0.19090646,0.029304429,557289.92000000004,0.019091778,2.7542418999999998
1358,0.96979369000000004,0.18273922000000001,1.0000000000000001e-05,415067.59999999998,0.018421765,0.001
1359,0.73297321999999998,0.1816257,0.035845209000000003,569910.92000000004,0.020900596,2.0028774
1360,1,0.17506322999999999,1.0000000000000001e-05,403858.34000000003,0.013861472,0.001
1361,1,0.17634585999999999,1.0000000000000001e-05,397216.78000000003,0.018377174,2.1687463999999999
1362,1,0.22164042,0.092549400000000004,651028.58999999997,0.010747122,0.36720572000000001
1363,0.94653100999999995,0.19533474000000001,0.00094375041000000002,426537.57000000001,0.021378497999999999,3.4700484
1364,1,0.19504046999999999,0.023506625999999999,518544.28999999998,0.016988637000000001,0.87378155000000002
1365,0.88407418000000004,0.20681967000000001,1.0000000000000001e-05,436059.89000000001,0.015570637999999999,3.1162858
1366,1,0.184055,0.020670897000000001,492013.62,0.019665322999999998,4.3870502
1367,0.56494661999999995,0.1433381,0.021144449999999999,484327.28000000003,0.026422318,5
1368,0.73964342000000005,0.18024348000000001,0.012229238999999999,458359.78999999998,0.017615022000000001,4.1117973000000001
1369,0.82372725000000002,0.19671266000000001,0.034100827,527330.29000000004,0.013843783,1.9665375
1370,0.76352721000000001,0.17602346999999999,1.0000000000000001e-05,425075.32000000001,0.016007087999999999,2.3257284
1371,0.73122310000000001,0.19409296000000001,0.0040706058,413829.81,0.017373108000000002,3.7864005999999999
1372,0.80367714000000001,0.173288,0.047559801999999998,562637.75,0.018008264999999999,1.3620768999999999
1373,0.50606536999999996,0.17026854999999999,0.0080824928000000004,437069.96999999997,0.017913234,3.9821887999999999
1374,1,0.19117502,1.0000000000000001e-05,414012.40000000002,0.01730696,0.61435004000000004
1375,0.94382396999999996,0.18410818000000001,1.0000000000000001e-05,446294.16999999998,0.013166015999999999,5
1376,0.92443043999999996,0.15539919999999999,0.037667131,607632.19999999995,0.014190171,1.3431238000000001
1377,0.68222704999999995,0.19690342999999999,1.0000000000000001e-05,435623.04999999999,0.014733952,5
1378,0.71070153999999996,0.16973107000000001,0.079360897999999999,820602.44999999995,0.013367735,4.8700827000000002
1379,0.97621891999999999,0.21135122000000001,1.0000000000000001e-05,485054.56,0.013973466,0.001
1380,1,0.15274276000000001,0.030883170000000001,503727.26000000001,0.018221147,2.2551994
1381,0.74359173000000001,0.20443959,1.0000000000000001e-05,461841.09999999998,0.011759049000000001,5
1382,0.89867496000000002,0.15899563,2.0664047999999999e-05,442778.12,0.021963343,4.9274787
1383,1,0.18725632,0.0043097956000000002,415124.22999999998,0.018879160999999998,0.001
1384,0.88911832000000002,0.18003053999999999,0.015510286999999999,465794.57000000001,0.014739393,0.88225973000000002
1385,0.52716563999999999,0.15342702,0.0036739492000000002,420210.22999999998,0.018485077999999999,5
1386,1,0.15427025999999999,1.0000000000000001e-05,410645.71999999997,0.019226094999999999,0.001
1387,0.85774024999999998,0.15861204000000001,0.0051128991999999998,471270.94,0.015642981,0.22303514999999999
1388,0.4460266,0.20464363999999999,1.0000000000000001e-05,489943.66999999998,0.016214584000000001,5
1389,0.73905029,0.17517058999999999,0.016028416,468446,0.015847785999999999,2.4777876000000001
1390,0.74137127000000003,0.18031195,0.0025028311000000001,467930.59000000003,0.0090413062999999995,0.68760049000000001
1391,0.47758329999999999,0.21128598000000001,1.0000000000000001e-05,430475.46999999997,0.015090268,5
1392,0.98063338,0.19544703999999999,0.0019171633,430442.07000000001,0.016320511999999999,0.001
1393,0.69586835000000002,0.18435386000000001,0.0084056020999999995,465509.01000000001,0.016109689999999999,2.6036237999999998
1394,0.37309715999999998,0.19443779,0.013073688999999999,488157.84000000003,0.015299762999999999,5
1395,0.75453572999999996,0.16480264999999999,0.018573841000000001,504725.03999999998,0.019424336,1.2675784000000001
1396,1,0.19684628000000001,0.038000304999999998,612068.89000000001,0.010722292,0.97156438000000001
1397,0.86484706,0.19868716,1.0000000000000001e-05,419086.46000000002,0.015542581999999999,2.9189984999999998
1398,0.91467918000000004,0.16511164,1.0000000000000001e-05,417285.5,0.023604426000000001,3.4617274999999998
1399,1,0.17779033999999999,1.0000000000000001e-05,462823.94,0.011533411,3.2689143999999999
1400,0.42134713000000001,0.14024988999999999,0.017471786999999999,459312.01000000001,0.017299361999999999,2.4847614
1401,0.47489313,0.17463946,0.019976335000000001,474860.62,0.019954705999999999,5
1402,1,0.15912841,1.0000000000000001e-05,408164.90000000002,0.019673574999999999,0.001
1403,0.80012375999999996,0.16813417999999999,0.031669379999999997,541901.07999999996,0.022223307000000001,2.2515765999999999
1404,0.73726871999999999,0.14676111,0.019642295000000001,573763.12,0.021745858999999999,5
1405,0.81270779999999998,0.16198042000000001,1.0000000000000001e-05,446815.02000000002,0.018664088999999998,5
1406,0.7393016,0.22363553,0.0073468376000000004,441216.10999999999,0.015513641999999999,4.4439150999999999
1407,0.79438631000000004,0.20775505,0.021933793,448373.90000000002,0.011125522000000001,0.001
1408,0.71522514999999998,0.14802882000000001,1.0000000000000001e-05,410294.65000000002,0.025142149999999999,3.6619391999999999
1409,0.90948430000000002,0.17772141999999999,0.0098701407999999997,470774.84000000003,0.016836258999999999,1.298527
1410,0.46371259999999997,0.15744639999999999,0.0049586826999999997,432197.98999999999,0.017777769999999998,4.7161577000000001
1411,0.86404731999999995,0.19730262000000001,1.0000000000000001e-05,423834.22999999998,0.014868676000000001,0.75773749999999995
1412,1,0.19540514,1.0000000000000001e-05,429114.04999999999,0.018488663999999998,2.2711855999999999
1413,0.72550570000000003,0.17868127,0.0029510445000000001,438495.56,0.016022953,2.2815606000000002
1414,0.83269587,0.19775588999999999,0.0083068468999999995,477068.59999999998,0.019513985000000001,1.2429794000000001
1415,0.37609262999999998,0.15390044,0.0019903661,389835.23999999999,0.014865906999999999,5
1416,0.77741059999999995,0.17926057000000001,0.022372087999999998,520135.57000000001,0.017396633000000002,3.8024794000000002
1417,1,0.15410563999999999,1.0000000000000001e-05,425464.34000000003,0.021292255,0.001
1418,0.94601983000000001,0.14840232,0.0079290815000000008,437110.12,0.020746193,0.001
1419,0.59358688999999998,0.19170374000000001,0.054722399999999997,625228.46999999997,0.017732392,3.9007659000000001
1420,0.49060029999999999,0.19946246000000001,0.0069675744,419533.66999999998,0.019892745,4.9146462
1421,0.67961256000000003,0.17882543000000001,1.0000000000000001e-05,423691.46999999997,0.014106743999999999,3.2997245999999998
1422,1,0.17775669999999999,1.0000000000000001e-05,393716.19,0.017204259,5
1423,0.70913203999999996,0.19065373999999999,1.0000000000000001e-05,413297.88,0.018950727000000001,2.5164365000000002
1424,0.93158070000000004,0.19853245,0.0090268013999999994,434055.04999999999,0.019651107000000001,5
1425,1,0.18016193999999999,0.01370042,491011.52000000002,0.013638433,2.4352255
1426,0.95212304999999997,0.16542362999999999,0.0060669113999999996,496575.64000000001,0.011858333,0.001
1427,1,0.16511164,1.0000000000000001e-05,417285.5,0.023604426000000001,3.4617395000000002
1428,0.50085044000000001,0.19853481000000001,0.019715169000000001,553077.09999999998,0.016321345000000001,5
1429,0.48209920000000001,0.21699466000000001,0.045206081000000002,584374.02000000002,0.016227437000000001,5
1430,0.90048949,0.18453606,0.0079524689000000006,475411.33000000002,0.016099067000000002,0.31150915000000001
1431,0.55669506000000002,0.19967873999999999,0.027919539,530238.95999999996,0.013088755000000001,2.7858619
1432,0.90659588999999996,0.19934737,0.028500845,495441.71000000002,0.014736529,0.40144984
1433,1,0.17229968000000001,1.0000000000000001e-05,416726.91999999998,0.017304237,0.92997194000000005
1434,1,0.16908492999999999,0.013522262,486836.73999999999,0.016382820999999999,0.001
1435,0.73027761000000002,0.16809287000000001,0.016980182999999999,482674.53999999998,0.021035722999999999,5
1436,0.52284856999999996,0.19830663000000001,0.0084415735000000006,492712.53000000003,0.014766174999999999,5
1437,0.97752496,0.16749807999999999,0.017919892,496957.02000000002,0.018796014,4.980823
1438,0.55683389999999999,0.16936831999999999,0.011020162,438761.70000000001,0.021665943,3.2229676
1439,0.46583207999999998,0.21764164,0.083264147999999996,812720.25,0.0089005788999999991,4.7674022999999996
1440,0.74943528000000004,0.20755598,1.0000000000000001e-05,463077.65999999997,0.016499399000000001,4.2367723000000002
1441,1,0.18237967999999999,0.063194517000000006,596611.33999999997,0.014333144000000001,2.654175
1442,0.82508066999999996,0.16967370000000001,0.02431349,499359.64000000001,0.022205947,1.7603487
1443,0.74297930999999995,0.20271446000000001,0.044652876000000001,486819.39000000001,0.010624867,4.1414457999999996
1444,0.58915309000000005,0.21315590000000001,1.0000000000000001e-05,464792.21000000002,0.014766919,3.0706799
1445,0.71687129999999999,0.17705555000000001,0.0058471866999999997,337479.27000000002,0.02283725,3.4316352000000001
1446,1,0.1759928,0.013676024,453756.85999999999,0.020282584999999999,3.1036826999999998
1447,0.66709914999999997,0.19617810999999999,0.0027945225,439789.82000000001,0.016411358000000001,2.2444875999999998
1448,0.65813294,0.16312285000000001,0.0025860047000000001,414825.57000000001,0.020420922000000001,3.8529697999999999
1449,0.51557856999999996,0.16742102,0.0056206638,438211.79999999999,0.015986861000000002,4.7098237999999997
1450,0.63986500999999996,0.17636183,0.021492013000000001,474270.70000000001,0.019622324,1.8469062000000001
1451,0.57655087999999999,0.19429346,0.039358710999999998,541167.28000000003,0.01410408,2.7257677
1452,0.77766047000000005,0.18411617999999999,0.016235715000000001,470649.40000000002,0.019724325000000001,4.7440498
1453,1,0.17638727000000001,0.16609774999999999,1000000,0.014543096,0.10417067000000001
1454,0.82802030000000004,0.20437109000000001,0.023680368,488967.75,0.018489436000000001,5
1455,1,0.18342933,0.018845752,479956.79999999999,0.016342412000000001,1.0247861
1456,1,0.15803086,0.0037363259999999999,434838.5,0.015838352999999999,2.1206304
1457,0.73840501999999997,0.15204211000000001,0.01844606,475094.63,0.014854542,3.6983649000000001
1458,1,0.16066902999999999,0.032725271,532494.72999999998,0.013074872,0.001
1459,0.80584557999999995,0.16802486999999999,0.013270776999999999,469483.52000000002,0.017376085999999999,3.2917966000000001
1460,1,0.19711732000000001,1.0000000000000001e-05,430635.63,0.013968394,4.2780531999999996
1461,1,0.17859460999999999,1.0000000000000001e-05,410929,0.014964092999999999,1.2658906999999999
1462,1,0.20869330999999999,0.011631801000000001,490881.76000000001,0.012623905,5
1463,1,0.16941452000000001,0.060018151999999998,666888.30000000005,0.017192499999999999,0.001
1464,1,0.20990038,0.012375911999999999,499465.44,0.013575682,0.085912905999999997
1465,0.44680176999999999,0.14979376,0.022095685,528786.23999999999,0.022774777999999999,5
1466,0.95231345999999995,0.15580401999999999,0.0072692842000000001,442535.63,0.020208296000000001,5
1467,0.62079035999999999,0.17541582,0.058170492999999997,612903.46999999997,0.016188233999999999,5
1468,1,0.19678121000000001,0.024002927,490635.44,0.018302319000000001,3.0833159999999999
1469,1,0.18459138999999999,0.026317410999999999,438555.39000000001,0.019090932000000001,2.5316155
1470,0.67301801999999999,0.20062753,0.054429049,561777.96999999997,0.015461367,3.1073100999999999
1471,0.71282027999999997,0.17641587,0.0050035644000000004,433484.31,0.015042797,1.2678020999999999
1472,0.54276911000000005,0.16460526,0.035396405999999998,566382.53000000003,0.015272365,5
1473,0.76888294000000001,0.19541910000000001,0.046601397000000003,638635.81999999995,0.014695397000000001,3.1456959000000002
1474,0.52136448000000002,0.19845494,0.0019663654,581501.31000000006,0.012893094000000001,3.0707494
1475,0.91442928000000001,0.18988798000000001,0.028765434999999999,540112.84999999998,0.015084614,1.3468168
1476,0.74266697999999998,0.18839585,1.0000000000000001e-05,425287.39000000001,0.011709321,3.1381277999999999
1477,0.61521126000000004,0.15600644,0.0098294789000000007,459308.71000000002,0.018480633999999999,1.5810576999999999
1478,0.85510032000000002,0.17387741000000001,0.0042395408999999998,434205.32000000001,0.021518517000000001,3.5249494000000001
1479,0.98806475999999999,0.13735158,0.028692479999999999,543676.69999999995,0.017936857,1.1451903999999999
1480,1,0.15882987000000001,1.0000000000000001e-05,454172.26000000001,0.015525407,0.48065915999999997
1481,0.79902859000000004,0.21014472000000001,0.010969428999999999,532994.71999999997,0.012798179,1.7319198
1482,0.79922548000000004,0.17083187999999999,0.053999456000000001,590384.29000000004,0.018656114000000001,1.6785882000000001
1483,0.63900800000000002,0.16769033,0.016509132999999999,465172.10999999999,0.019640476,1.4154443999999999
1484,0.51661522999999998,0.18062391999999999,0.019350381999999999,463691.89000000001,0.017424802999999999,3.7838284999999998
1485,1,0.17551501999999999,1.0000000000000001e-05,432773.84000000003,0.017311133999999999,5
1486,1,0.17046792999999999,0.025782352000000001,518797.71999999997,0.020711615999999999,0.24527441
1487,0.37695504000000002,0.16559861000000001,0.013025877999999999,426430.85999999999,0.024526830999999999,5
1488,0.61493587000000005,0.18285239,1.0000000000000001e-05,400114.16999999998,0.017116488999999999,3.530888
1489,0.82946781000000003,0.17234274999999999,0.00036090998000000001,443770.38,0.010996036000000001,4.8317972999999999
1490,0.60212191000000004,0.16195108,0.0034919368,440376.51000000001,0.013381349000000001,2.6694296
1491,0.99947885000000003,0.15305003,0.057090329000000002,665209.94999999995,0.021510499999999998,0.001
1492,1,0.18122716999999999,0.031660210000000001,542062.57999999996,0.016063924,1.2821545999999999
1493,0.85992798000000004,0.16193514000000001,0.0073739217999999997,422223.53999999998,0.01757005,2.0053296
1494,0.74528472999999995,0.17708979,0.0036501530000000002,465414.17999999999,0.015385649,1.9549795999999999
1495,1,0.20895923,0.014514584000000001,477628.48999999999,0.014718624,0.83756691000000005
1496,1,0.18747194,1.0000000000000001e-05,418922.97999999998,0.013264408,0.001
1497,0.64787475999999999,0.19134844000000001,1.0000000000000001e-05,408789.32000000001,0.018197015,2.5335434000000001
1498,0.61821336999999998,0.18984923000000001,0.018342491999999998,455488.07000000001,0.017585065,4.8694268999999997
1499,0.95412951000000001,0.17810280000000001,0.010485071,435661.02000000002,0.023779036,0.001
1500,1,0.20364123000000001,1.0000000000000001e-05,430711.35999999999,0.020446755,0.49173063
1501,0.40626883000000003,0.16289645999999999,1.0000000000000001e-05,384575.37,0.026207886999999999,5
1502,1,0.18120633999999999,0.00030674293000000001,409110.35999999999,0.014301839,1.5659425
1503,0.67137150000000001,0.17640080999999999,0.045664283,654782.18000000005,0.017350912,2.7560354
1504,1,0.18695375,0.010351917,441561.21000000002,0.015989748000000002,0.001
1505,0.72886825,0.18300399000000001,0.0057272855999999997,447850.70000000001,0.01478117,2.3259797
1506,0.96129410000000004,0.1735564,0.0047730393000000003,415194.28999999998,0.017298213999999999,0.001
1507,1,0.199796,1.0000000000000001e-05,409002.5,0.018689873999999999,3.2567477999999999
1508,0.70533314000000003,0.18657338000000001,1.0000000000000001e-05,414187.28000000003,0.023151024999999999,3.4205825999999999
1509,0.68821620999999999,0.18718167999999999,0.068021656,612501.84999999998,0.017714000000000001,2.5091104
1510,0.48992924999999998,0.23000693,1.0000000000000001e-05,410436.34999999998,0.017903278000000002,3.9282452999999999
1511,0.78696429000000001,0.19116491999999999,1.0000000000000001e-05,418107.60999999999,0.019202235000000002,3.2199653000000001
1512,0.91842667,0.177953,1.0000000000000001e-05,413588.41999999998,0.016265155,5
1513,0.71076254999999999,0.17725762,0.034214741,539837.67000000004,0.015791158,0.71353232
1514,1,0.19493529000000001,0.010481229,459055.85999999999,0.016763495999999999,1.6157798000000001
1515,0.47264113000000002,0.16219749999999999,0.0057993309999999996,469340.31,0.019265317000000001,3.9127005000000001
1516,0.83971642999999996,0.16767257999999999,0.016200073999999998,527884.79000000004,0.0098953953000000001,0.0011930576
1517,0.64487464999999999,0.19509734000000001,0.0089153496000000006,483044.15999999997,0.013587605000000001,0.91464487000000005
1518,0.73924475000000001,0.1908976,0.011047463,460756.06,0.016961613,1.0965560000000001
1519,1,0.21612566,0.020400659000000002,502337.20000000001,0.014867755999999999,0.39090525999999998
1520,0.72169841999999995,0.20600429000000001,0.0028340238,406935.65999999997,0.020832382,4.6978203000000001
1521,0.56557484000000002,0.17189198999999999,0.024043030999999999,517507.46999999997,0.015870167000000001,5
1522,0.83879873000000005,0.18871129,0.00023588516999999999,474783.21000000002,0.016527588999999999,4.8679584
1523,0.60401937999999999,0.18117291999999999,0.043690779999999999,576637.55000000005,0.01639728,3.0642127000000001
1524,0.90326810000000002,0.18353584000000001,0.019751174,540682.41000000003,0.016675249999999999,1.8651472
1525,0.72690774999999996,0.17659241000000001,0.058150734000000003,611298.55000000005,0.019470984,2.3674295999999999
1526,0.71322688999999995,0.1884779,0.0016591452,450702.31,0.015928649999999999,2.7675234999999998
1527,0.73291775000000003,0.18468825999999999,1.0000000000000001e-05,437320.62,0.015235211,4.2800545999999997
1528,0.38617152999999999,0.19207465000000001,1.0000000000000001e-05,479182.52000000002,0.013933426,5
1529,0.97975409000000002,0.16856293999999999,0.016865574000000001,426448.78000000003,0.020197489999999999,0.43504334
1530,0.99649328000000004,0.15821685999999999,0.064837897000000005,715540.95999999996,0.015506578,0.001
1531,0.88366496999999999,0.22872343000000001,1.0000000000000001e-05,415084.02000000002,0.014293808999999999,5
1532,0.82763299999999995,0.18855691999999999,0.00090229095000000004,441434.48999999999,0.017772563000000002,0.44095789000000002
1533,0.62735227999999998,0.19754600999999999,0.013044493000000001,467064.25,0.015076835,3.3541257
1534,0.55283568999999999,0.18709690000000001,0.012139621,455383.31,0.013581391999999999,4.2260239999999998
1535,1,0.14055068000000001,0.013673012999999999,470897.16999999998,0.021842654,2.9777068
1536,0.55584591000000005,0.18318307,0.0096159517999999996,432775,0.020294197999999999,3.7233016999999999
1537,0.47688561000000002,0.17402598,0.00063659966999999999,451563.94,0.015499053,3.9871691999999999
1538,0.86297431000000002,0.18297482000000001,0.020751761000000001,508101.09000000003,0.016100922,1.7926496000000001
1539,0.54591281999999997,0.17673605000000001,0.015614383000000001,447120.37,0.020405039999999999,3.8359386
1540,0.46295276000000002,0.18513979,0.020229413000000002,461450.12,0.0099417625999999992,3.8690243999999998
1541,0.88768654000000002,0.17051184,0.1037724,827206.56000000006,0.019562385000000002,2.1075575999999998
1542,0.84063414999999997,0.16461402,1.0000000000000001e-05,414296.03999999998,0.020397348999999999,3.8254850999999999
1543,0.39059849000000002,0.20389735,0.015645639999999999,482997.44,0.016521661,5
1544,0.87427626999999997,0.18095433,0.00093187722,474422.34999999998,0.017050381999999999,3.0057044999999998
1545,0.50117230999999995,0.21075521,0.036832561,571348.39000000001,0.016024983,5
1546,0.85991406999999997,0.17045082,0.0050342507999999999,424681.33000000002,0.021270612000000001,0.001
1547,0.68694544000000002,0.20414713000000001,0.0010990476999999999,458761.96999999997,0.011602299999999999,3.3778220000000001
1548,1,0.19220234,0.046050420000000002,635657.10999999999,0.013057969000000001,0.001
1549,0.62007913000000003,0.21164125,0.00041894098000000001,457183.78999999998,0.012808485,4.3406593999999998
1550,0.37328088999999998,0.1941465,0.049942174999999998,626362.80000000005,0.010916817000000001,5
1551,0.66266466999999996,0.19434349000000001,1.0000000000000001e-05,378406.09999999998,0.014591443000000001,1.2678932000000001
1552,1,0.17764674,0.0039029084000000002,447894.97999999998,0.016875588,4.1853287000000003
1553,0.87709561000000003,0.19699412999999999,0.00027611041999999999,422754.46999999997,0.014916899000000001,1.7091641
1554,0.83973547000000004,0.20046522,0.025158823,491472.14000000001,0.015844614999999999,0.78532740999999995
1555,0.65063528000000004,0.17413917000000001,0.089170269999999996,722668.06000000006,0.013871127,4.3405991000000004
1556,0.90808582000000004,0.16176044000000001,1.0000000000000001e-05,397995.14000000001,0.022558621000000001,2.6316948999999998
1557,0.77230496999999998,0.15964990000000001,0.0088123869999999997,461020.33000000002,0.015924424999999999,5
1558,0.45001068,0.18172123000000001,0.0091489052999999994,447886.83000000002,0.014020639,3.0629659
1559,0.72076485999999995,0.21779780000000001,1.0000000000000001e-05,446685.02000000002,0.01141263,2.1093318999999999
1560,0.94004103999999999,0.19045175,1.0000000000000001e-05,415250.34999999998,0.019188901000000001,0.001
1561,1,0.19990153999999999,0.024540196,451008.26000000001,0.020894813000000002,1.752999
1562,0.704573,0.18538610999999999,1.0000000000000001e-05,418345.01000000001,0.01410285,3.3169335000000002
1563,1,0.17869314,0.015056457000000001,432650.46999999997,0.019142992000000001,0.001
1564,0.91394914999999999,0.1846708,0.025307627999999999,497842.20000000001,0.011827226999999999,1.7202955
1565,0.99143031000000004,0.17379932000000001,0.020935777999999999,499672.35999999999,0.018126522999999999,5
1566,0.99348528000000003,0.12502337999999999,0.022318964,458698.95000000001,0.026862357,1.6009144
1567,1,0.16971971,0.037572793,623750.85999999999,0.011570827000000001,0.81361939000000005
1568,0.81128935000000002,0.17365813999999999,1.0000000000000001e-05,443407.71999999997,0.013207032,1.3051037999999999
1569,1,0.18701135999999999,1.0000000000000001e-05,371006.07000000001,0.020317149,3.0987303000000002
1570,0.71162972000000002,0.17707074,0.039011061,563221.58999999997,0.021700441000000001,1.4641457
1571,0.80695064000000005,0.18355579999999999,0.0084261427999999996,453613.28000000003,0.014838832,0.58477853000000002
1572,0.48654271999999998,0.19132719000000001,0.011701058,438576.96999999997,0.016662651000000001,4.8417570999999997
1573,1,0.18156939,0.0099440972999999995,443739.71000000002,0.019068469000000001,3.2601637999999999
1574,0.64364666999999998,0.18599341,0.0010210010999999999,450662.14000000001,0.018360886999999999,3.8268618999999999
1575,0.64308100000000001,0.19552291999999999,0.0073571267000000001,435999.58000000002,0.017337583,1.0595600000000001
1576,0.57864519999999997,0.16329446,0.045343983999999997,571460.5,0.023456912999999999,2.9464869999999999
1577,0.36865312,0.16921380999999999,0.019813686,501245.41999999998,0.0187732,5
1578,1,0.17437615000000001,1.0000000000000001e-05,425723.52000000002,0.018226415999999999,0.001
1579,0.90563941000000003,0.1827512,0.00072108358999999999,439571.15999999997,0.015637453999999999,0.77779986000000001
1580,0.72588748000000003,0.1775863,0.024892004999999998,442236.31,0.017002357999999999,3.8407870000000002
1581,0.6683422,0.21492353,0.047268852,673217.66000000003,0.014653940000000001,4.1564050000000003
1582,0.83751078999999995,0.21182901000000001,0.0044224972000000001,439709.23999999999,0.017204991999999999,1.9609148999999999
1583,0.62688663,0.20870551000000001,0.028336086999999999,509900.29999999999,0.019301151999999999,2.4349775999999999
1584,0.67513219000000002,0.19941896000000001,0.0051902118000000004,447228.03000000003,0.018935177000000001,2.9469460999999999
1585,0.66213891000000002,0.19812836,1.0000000000000001e-05,465496.76000000001,0.012624827999999999,3.7103077
1586,1,0.17833723000000001,0.0121332,440220.02000000002,0.025540514,0.001
1587,1,0.18698018,0.0041855898999999998,427258.65999999997,0.019688488000000001,0.77928003999999995
1588,0.87039812999999999,0.15553258,0.0014518259,370228.89000000001,0.017747802999999999,0.0037218705000000001
1589,1,0.19844440999999999,0.012728477,476486.98999999999,0.018168371999999999,0.99264224000000001
1590,0.62465322999999995,0.18327926,0.0090476364999999993,452777.22999999998,0.019427169000000001,3.2287447999999999
1591,0.97473852000000005,0.14872508000000001,0.0006652626,389428.27000000002,0.023437395999999999,3.7696705000000001
1592,0.69532559000000005,0.20756943,0.0060864201999999996,448848.21999999997,0.013532717,3.0243665000000002
1593,0.37617650000000002,0.18546584999999999,0.023546231000000001,460145.5,0.018550048999999999,5
1594,0.77632369000000001,0.18879393999999999,0.060211067,623233,0.016648729000000001,0.84504343000000004
1595,0.72734341000000002,0.15837027000000001,1.0000000000000001e-05,389846.88,0.024295654,3.6215063999999999
1596,0.83017903999999998,0.21087386,0.0021743120999999999,432312.23999999999,0.014971129999999999,5
1597,0.93356243999999999,0.17314284999999999,0.012392695,475972.76000000001,0.017011779000000001,4.3093522000000002
1598,0.82896621999999998,0.20328663,0.011474583,441444.46999999997,0.020241963000000002,5
1599,1,0.18185156999999999,0.0061348312000000004,427639.57000000001,0.016327168999999999,0.001
1600,0.97391622,0.16442413,0.0054148060999999999,488094.89000000001,0.01401442,5
1601,1,0.17253212000000001,0.033047150999999997,590838.66000000003,0.014750605999999999,0.001
1602,1,0.19828213,0.0036338372000000001,458752.09999999998,0.012084833,0.33367743999999999
1603,0.61282106999999997,0.16870634000000001,1.0000000000000001e-05,390982.45000000001,0.024453243,2.1024368999999998
1604,1,0.19582266000000001,1.0000000000000001e-05,386311.13,0.020622351000000001,4.9878602000000001
1605,0.66189977,0.17152517,0.015476401000000001,440369.84999999998,0.025248400000000001,3.6349640999999999
1606,0.99257466999999999,0.15335517000000001,0.0046699710999999998,452194.67999999999,0.019369506000000002,0.30953892
1607,1,0.20143013000000001,0.012251862000000001,464222.19,0.014711228999999999,0.70473098999999995
1608,0.88004678999999997,0.17377300000000001,0.13150992,890109.88,0.011407219999999999,2.2181967
1609,1,0.17185961,0.010736269999999999,472588.37,0.023020672999999998,5
1610,0.85722350999999997,0.17771266999999999,0.0074612749999999999,445782.39000000001,0.019127845000000001,0.71119102999999995
1611,0.68381959999999997,0.19019021999999999,1.0000000000000001e-05,430104.41999999998,0.015786543,3.7512751
1612,0.74653519000000002,0.20042653999999999,1.0000000000000001e-05,344764.40999999997,0.013352005,0.44262534999999997
1613,0.89819309999999997,0.20283148000000001,8.0290869999999999e-05,444061.88,0.013571539000000001,1.5609006000000001
1614,1,0.19945692000000001,0.0010052138999999999,385903.62,0.017126842,2.3750418999999998
1615,0.54787087000000001,0.15157999999999999,0.028927426999999999,557823.81999999995,0.019539428000000001,2.2727881999999999
1616,1,0.18108384,0.015288843,449308.90999999997,0.014581538,4.2956434000000003
1617,0.91745818000000001,0.17887174,0.0060813906999999997,461250.95000000001,0.01575905,3.2889580999999999
1618,1,0.18607082,1.0000000000000001e-05,440620.53000000003,0.010644493,5
1619,0.46010769000000001,0.16755021,0.0093797129999999996,462988.53999999998,0.023293549,4.1805678000000004
1620,0.54148189999999996,0.17871152000000001,0.0082544769,462192.71999999997,0.016890954999999999,5
1621,1,0.13037782000000001,0.030312101000000001,532737.81000000006,0.020407155,1.2184942999999999
1622,0.97827496999999997,0.16896853000000001,0.0061060467999999998,461493.78999999998,0.011907513999999999,0.001
1623,1,0.17297021000000001,0.041468966000000003,601221.28000000003,0.022081422999999999,0.001
1624,1,0.19375877999999999,0.016639022,491390.71000000002,0.014748513,1.6660410000000001
1625,0.72722255999999996,0.20409288,0.0062948680999999999,406392.63,0.012118393999999999,3.1115822999999998
1626,0.72212458999999996,0.21383962000000001,0.028843431999999999,540225.02000000002,0.012735229000000001,4.6630614000000001
1627,0.86738013000000003,0.18952769,0.013365152999999999,488449.21999999997,0.017109632,4.3310646999999998
1628,0.59838181000000001,0.19617561,0.012186918999999999,476293.51000000001,0.015329848,2.7003849
1629,0.99408236999999999,0.17147577999999999,0.0068507359999999996,470779.34000000003,0.017035597,3.8328679000000001
1630,0.65284503999999999,0.18719417999999999,0.027154704000000002,562881.14000000001,0.012342224000000001,3.0135896
1631,0.66289916999999998,0.17857128,0.0071358977999999998,476865.57000000001,0.018135703999999999,5
1632,1,0.2122049,0.0062050174000000003,461958.42999999999,0.0091459151000000006,0.001
1633,1,0.19128147000000001,0.0082737479999999992,448777.70000000001,0.018729889,3.8948379000000002
1634,0.91249406,0.21350103000000001,0.020776889999999999,487438.71000000002,0.021010837000000001,0.96390909000000002
1635,0.84819933000000003,0.16506504999999999,1.0000000000000001e-05,409518.76000000001,0.017426657000000002,1.0363005000000001
1636,0.94263911,0.22522296,1.0000000000000001e-05,455478.59000000003,0.011311405,1.4250761000000001
1637,0.84583220000000003,0.19055192000000001,0.050064669999999999,665637.55000000005,0.013450946,1.3410149
1638,0.63456310000000005,0.16778878999999999,0.010561694,434037.28999999998,0.014831626000000001,2.6165837999999999
1639,0.94415945999999995,0.18552187000000001,0.059666767000000002,645117.68000000005,0.015182381,1.1886607
1640,0.83767716000000003,0.19866006999999999,0.0018680052999999999,451619.35999999999,0.014824181000000001,5
1641,0.93218447999999998,0.18718897000000001,0.0014375343,441849,0.015316112,0.001
1642,0.42626865000000003,0.16723685999999999,0.011283998,482174.28000000003,0.015984381999999998,3.0495872999999998
1643,0.81194814000000004,0.18796057999999999,0.036691177999999998,563635.57999999996,0.018346343000000001,5
1644,0.96331330000000004,0.17119686000000001,0.0051171504999999997,464442.28000000003,0.019203751000000002,3.5572173
1645,0.55675030999999997,0.17707476,0.073143733000000002,704882.76000000001,0.016565934000000001,4.8857391000000003
1646,0.61514025000000006,0.20495227999999999,1.0000000000000001e-05,449062.52000000002,0.013993332000000001,5
1647,0.85436438000000003,0.18138519,1.0000000000000001e-05,444064.95000000001,0.017988471999999998,4.4954694000000002
1648,0.90901273000000005,0.17164192,1.0000000000000001e-05,491522.21999999997,0.016553414999999998,1.1824752999999999
1649,0.70533314000000003,0.18657338000000001,1.0000000000000001e-05,414187.28000000003,0.023151024999999999,3.4205825999999999
1650,0.48629282000000001,0.19587199,1.0000000000000001e-05,403372.22999999998,0.018321943,5
1651,0.61282106999999997,0.16870634000000001,1.0000000000000001e-05,390982.45000000001,0.024453243,4.4758332000000003
1652,0.86779446000000005,0.18904878999999999,1.0000000000000001e-05,390954.97999999998,0.016440305999999998,2.5586636
1653,1,0.18361595,1.0000000000000001e-05,416458.21999999997,0.016486389000000001,0.001
1654,0.90959994,0.16889235,0.024213983000000001,414979.65999999997,0.019810195999999999,2.1032234999999999
1655,1,0.19900144,1.0000000000000001e-05,443339.84000000003,0.014081152,0.54248359999999995
1656,0.91273835999999997,0.17723654,0.010429796,451910.92999999999,0.014375463,1.1406844
1657,1,0.18565854000000001,0.0026187739999999999,482399.56,0.010447896,2.6106123000000001
1658,1,0.18073184,1.0000000000000001e-05,414749.54999999999,0.021948624999999999,3.2690027000000002
1659,0.95703777999999995,0.15279493,0.043158227,537496.56000000006,0.022793668999999999,1.2957692000000001
1660,1,0.19685962000000001,1.0000000000000001e-05,452376.47999999998,0.015141859000000001,0.001
1661,0.89446756999999999,0.16829938999999999,0.026829709,505400.66999999998,0.020237208999999999,1.4683317
1662,0.73662110000000003,0.20580026000000001,0.018165977,513342.14000000001,0.013165461999999999,1.0924096999999999
1663,0.52119382999999997,0.20082494000000001,0.013446390000000001,479879.40000000002,0.014012648000000001,3.3730902
1664,1,0.15000704000000001,0.026549144,587122.01000000001,0.022108836999999999,0.15896149000000001
1665,0.48252514000000002,0.14637217999999999,0.032289268000000003,518194.88,0.020483541000000001,2.9820188000000001
1666,0.49549623999999998,0.19643190999999999,0.0011053154000000001,453805.46000000002,0.012902459,4.3729768
1667,1,0.17132237,0.0069665841999999997,440472.32000000001,0.016157095,0.64735925999999999
1668,0.95087865000000005,0.18667702999999999,0.031348972000000003,537582.96999999997,0.016831924000000002,0.075858321000000006
1669,0.80412788999999996,0.15059237,1.0000000000000001e-05,421640.32000000001,0.022237300000000002,0.34351412999999997
1670,0.61496852000000002,0.19175014000000001,0.016046181,459236.90999999997,0.017187750000000002,3.0911026000000001
1671,0.87926523999999995,0.14763324999999999,1.0000000000000001e-05,459961.21000000002,0.016342400999999999,1.7675955999999999
1672,1,0.14761231,0.00071824479000000003,425046.95000000001,0.028905175000000002,0.001
1673,0.59147837999999997,0.20553448999999999,1.0000000000000001e-05,416602.77000000002,0.018529302000000001,4.6122554999999998
1674,0.97803837000000005,0.18623872,0.018254313000000001,484082.90999999997,0.017010436,0.38405872000000002
1675,1,0.17889664,1.0000000000000001e-05,438592.65000000002,0.014928541,5
1676,0.55562305999999995,0.20135532,0.021636228,479847.65999999997,0.016398866000000002,3.0635254000000001
1677,1,0.16108613999999999,0.014235334000000001,426737.37,0.015328216,0.001
1678,0.59522852000000004,0.19104342999999999,0.018874113000000001,558285.42000000004,0.013790932000000001,5
1679,0.64769741000000003,0.20273389,0.022169063999999999,480851.20000000001,0.014251648,5
1680,0.91213200999999999,0.15034409000000001,0.0010761512000000001,439078.34000000003,0.017008988999999999,0.001
1681,0.81912773999999999,0.19798039000000001,0.0041383295999999998,443874.04999999999,0.016606927,1.1364129000000001
1682,0.85596103999999995,0.20041729999999999,0.044819985,628999.48999999999,0.016069337999999999,4.6926993000000001
1683,1,0.23293705000000001,1.0000000000000001e-05,436022.75,0.011586439,0.001
1684,1,0.19481636999999999,0.025447556,489842.90000000002,0.017183111000000001,2.7194202000000001
1685,0.60612677000000004,0.17441649000000001,0.018833935,463129.01000000001,0.023724814,1.1968778
1686,0.40356997999999999,0.16141838,0.031712476000000003,576654.85999999999,0.015121333000000001,5
1687,0.52920252999999995,0.19053490000000001,0.023783942999999998,535214.79000000004,0.012609877,3.3878853000000002
1688,0.76947027000000001,0.19240623000000001,0.00069836099999999999,466473.77000000002,0.014625979000000001,1.7425568
1689,0.48647009000000002,0.19478106000000001,0.0053540732999999997,412230.15000000002,0.024140155,5
1690,1,0.21037728,0.024094816000000002,479335.37,0.011911853999999999,0.26802088000000002
1691,1,0.15943931,0.0033527651999999998,410742.09999999998,0.019526389000000002,0.001
1692,0.79386635000000005,0.18085580000000001,0.0092761188000000001,454113.84000000003,0.018501595999999999,3.7538157000000001
1693,0.73993898999999996,0.16713401,0.033639639999999998,450697.21000000002,0.012896781,2.1946767999999999
1694,0.95241419999999999,0.14458423000000001,0.012298724,497587.71999999997,0.016606685999999999,0.001
1695,1,0.18376438,0.011707159999999999,493545.08000000002,0.019032822000000001,0.001
1696,0.72051838000000001,0.16410152,0.022652747000000001,520837.89000000001,0.016307528000000002,1.2933511
1697,0.63772530000000005,0.1532424,0.013513304,436747.73999999999,0.018058695,0.94201683000000003
1698,1,0.18005013,0.015976321000000002,477378.14000000001,0.016923161999999999,4.6820997000000002
1699,0.91512333999999995,0.15853606000000001,0.034341635000000002,513119.42999999999,0.015660892999999999,2.7014863
1700,0.43155311000000002,0.19146258999999999,0.0073795928999999998,430986.12,0.021564032,5
1701,0.90796547999999999,0.19247309000000001,0.022653974,578420.82999999996,0.018317099,2.7701433999999998
1702,0.96474797000000001,0.19965553999999999,0.0032079787,439803.04999999999,0.016425861,4.3708746999999999
1703,0.59880968000000001,0.16700809,0.020124349999999999,543463.41000000003,0.014992574,2.7021092000000002
1704,1,0.17160387999999999,0.029256440000000002,537573.98999999999,0.016738044000000001,2.0395333999999998
1705,0.90064537,0.16500724999999999,0.0028967137999999998,413192.26000000001,0.021794462000000001,0.001
1706,0.65753377000000002,0.18058297000000001,0.0054203675000000003,466151.07000000001,0.012356033000000001,2.6418300000000001
1707,0.62705063999999999,0.19717907000000001,0.012337885999999999,492418.28999999998,0.011038045999999999,3.4455539000000002
1708,0.49556766000000002,0.18243403,0.018274464000000001,502339.87,0.016869407999999999,5
1709,0.89805179000000002,0.16501853,0.011955907,481949.41999999998,0.020990028000000001,1.7587558000000001
1710,0.87986249000000005,0.19240941,0.01811577,512080.91999999998,0.013226306,4.2550558000000001
1711,0.60599818000000005,0.16936085000000001,0.0013644448999999999,422496.12,0.019351420000000001,2.6895921999999999
1712,0.73609997999999999,0.19135215999999999,1.0000000000000001e-05,463493.72999999998,0.014553316,5
1713,0.72492056999999999,0.16434228000000001,1.0000000000000001e-05,445016.90999999997,0.019711295,4.6033242000000003
1714,0.85395076999999997,0.17529655999999999,1.0000000000000001e-05,413291.54999999999,0.017284028,5
1715,0.53606772999999996,0.14418682999999999,1.0000000000000001e-05,401680.32000000001,0.023360059999999998,3.2502605999999998
1716,1,0.20828142999999999,1.0000000000000001e-05,403614.71000000002,0.013482749,1.3290405000000001
1717,0.87237721000000001,0.16853103999999999,0.0092494940000000005,472558.84999999998,0.015686682,0.001
1718,0.67952502999999997,0.18969294,1.0000000000000001e-05,447988.21999999997,0.018368557000000001,5
1719,0.43804404000000002,0.16355330000000001,0.0079193845999999991,415689.51000000001,0.021339747999999999,4.2512761000000001
1720,1,0.17892253,0.0070822254999999999,468835.20000000001,0.014999312000000001,2.7599128999999998
1721,0.93156499000000004,0.20600125999999999,0.028777711000000001,482373.25,0.016323145000000001,1.0979987
1722,1,0.2013027,1.0000000000000001e-05,399507.65999999997,0.013397691,3.5989971999999999
1723,0.84757448999999996,0.1894788,1.0000000000000001e-05,407398.52000000002,0.014658444,0.90295221999999997
1724,0.97480845999999999,0.18949447999999999,9.7796763999999993e-05,426238.27000000002,0.017236578999999998,1.1856962
1725,0.58597310000000002,0.18977374999999999,0.031891302000000003,529480.97999999998,0.014664293,4.8378464000000001
1726,0.56600008000000002,0.20780978999999999,0.0016190578,444371.62,0.016761979999999999,5
1727,0.58909381999999999,0.19314632000000001,0.019565366000000001,427748.76000000001,0.014693127,5
1728,0.45882046999999998,0.19243536,0.021831751,414939.85999999999,0.021708061000000001,5
1729,0.70417892999999998,0.18925903999999999,0.00027051514999999998,429302.85999999999,0.015945391999999999,2.2323982999999998
1730,0.68953047000000001,0.19630618999999999,0.012878226,452645.07000000001,0.013366733,2.6164068
1731,0.77241395999999996,0.17643634,0.0031775149000000001,376902.90999999997,0.015348117999999999,3.7733401
1732,1,0.16716406,1.0000000000000001e-05,458168.76000000001,0.01458422,0.001
1733,0.73090929000000004,0.1795088,0.0053130175000000003,441350.26000000001,0.018859086000000001,1.8179829999999999
1734,0.53589149999999997,0.18578559,0.065837159000000006,692424.62,0.011757755,4.9992039000000004
1735,0.69644578000000001,0.17363010000000001,0.016047084,512311.58000000002,0.016915514999999999,5
1736,0.42172071999999999,0.18585895999999999,0.0079445839999999993,480690.76000000001,0.014315054000000001,5
1737,0.63008231000000003,0.17590600000000001,0.0046714533000000004,460844.81,0.018254517000000001,3.5019
1738,0.69542256999999996,0.18541395999999999,0.0010590046999999999,441945,0.016261419999999999,2.0139573
1739,0.63340867000000001,0.14323722,0.0029543948000000002,423704.84000000003,0.017918051000000001,4.2655759
1740,0.73575405999999999,0.19828828000000001,0.018938677000000001,490287.22999999998,0.017068626999999999,5
1741,0.64547423999999998,0.16754057,0.017210797,498547.28000000003,0.015754971,4.7411997000000001
1742,1,0.16227486999999999,0.011758941,444764.19,0.020862464000000001,0.37301085
1743,0.58914010999999999,0.19750752999999999,0.018038999,482626.10999999999,0.020745156000000001,3.0756158
1744,0.96047406000000002,0.18094736,1.0000000000000001e-05,401285.64000000001,0.023193648000000001,0.001
1745,0.99009170999999996,0.21678887999999999,0.00088969224,439308.88,0.014849118,0.001
1746,0.59161222999999996,0.19978626999999999,1.0000000000000001e-05,427836.69,0.018369288000000001,5
1747,0.72490394999999996,0.1864497,1.0000000000000001e-05,412852.21000000002,0.016783828000000001,2.8727730999999999
1748,1,0.15917890000000001,0.0052453713999999997,460802.90999999997,0.01554646,0.001
1749,1,0.20320416999999999,0.0025347310000000001,402809.65999999997,0.013275657,2.5946231000000002
1750,0.80897909999999995,0.17279206,1.0000000000000001e-05,380541.98999999999,0.019356077999999999,0.30047336000000002
1751,0.38582369,0.19001275000000001,0.0022412882999999998,428522.09999999998,0.020730677999999999,5
1752,0.59011519000000001,0.18772175999999999,0.023733870000000001,468868.42999999999,0.015154889,4.7739678999999997
1753,0.76019117000000003,0.17269466,1.0000000000000001e-05,424074.34000000003,0.018343181,1.6730849000000001
1754,0.51019729000000003,0.16449631000000001,0.0066375113999999997,423177.59999999998,0.014396255,4.2160308000000004
1755,1,0.19352284,0.036668433,599890.92000000004,0.014115775000000001,0.001
1756,0.99804572000000003,0.22022184,0.026960700000000001,467585.92999999999,0.015169667,1.5017799999999999
1757,0.88078414999999999,0.17113627000000001,0.0085622548999999999,440453.38,0.023987036,4.2372506000000003
1758,0.76418010999999997,0.18811098000000001,1.0000000000000001e-05,388629.08000000002,0.018756196999999999,5
1759,0.47585862000000001,0.22524594000000001,0.024160564999999998,527357.72999999998,0.013270806,5
1760,0.83228968999999997,0.20522568999999999,1.0000000000000001e-05,411781.64000000001,0.012372061,5
1761,1,0.19068399,0.014741766,487660.48999999999,0.016735162000000001,4.5062192000000003
1762,0.50778407999999997,0.19824902,0.017089633999999999,450798,0.016023257999999999,3.1170561999999999
1763,0.67322720999999996,0.16554411999999999,0.0089278403999999995,433343.66999999998,0.021704405999999999,4.9850317000000004
1764,0.82880681,0.16817120999999999,0.029050622000000002,490915.78999999998,0.021511463000000001,2.8337424000000002
1765,1,0.19556541,0.0097826156000000008,449135.46000000002,0.015361479000000001,1.8282666999999999
1766,0.82188870000000003,0.20089101000000001,0.033106156999999997,471950.09000000003,0.014651895,2.2047604000000001
1767,0.58689400000000003,0.21468464000000001,0.021025168,513660.73999999999,0.016529588000000001,3.3519155999999999
1768,0.71464634999999999,0.19152457000000001,1.0000000000000001e-05,438978.09999999998,0.016314392,4.7294999000000004
1769,0.53460344000000004,0.17762879000000001,0.017341507999999999,484038.59999999998,0.014934388,4.1907687999999998
1770,0.50268186999999998,0.16343172,0.022198239000000002,485284.44,0.017312687,4.4441416
1771,0.83352702999999995,0.21074407000000001,0.021713501,496816.76000000001,0.017591249999999999,0.95614109999999997
1772,0.53337663000000002,0.19525708,1.0000000000000001e-05,426329.75,0.017255267000000001,2.8669840999999998
1773,0.82002123000000005,0.17792858,1.0000000000000001e-05,442400.31,0.014837179000000001,2.5326835000000001
1774,0.97846820999999995,0.16068576000000001,0.016207976999999998,504063.34999999998,0.017175137,0.98391753999999998
1775,1,0.15638579999999999,0.069246902999999999,580708.47999999998,0.022529832,3.1692257000000001
1776,0.43092582000000001,0.17497341999999999,0.0064870930000000002,452982.5,0.018902944000000001,3.8598493999999999
1777,0.47095717999999998,0.19182046,0.0038444281,425821.94,0.018254039,5
1778,0.92134357,0.17639081000000001,0.011784281000000001,454626.37,0.021558498999999998,4.1710732999999998
1779,1,0.18303395,1.0000000000000001e-05,438007.57000000001,0.015055738000000001,0.001
1780,0.72233771999999996,0.18056327999999999,0.0030077843,462168.21000000002,0.017154979000000001,5
1781,1,0.19977908,0.0083130735000000004,465465.34999999998,0.015394455,1.2234252999999999
1782,1,0.18873831999999999,0.010871162,539353.53000000003,0.013435936000000001,5
1783,0.68175171999999995,0.18422183,0.023349956000000002,532732.68999999994,0.018431039,1.9534157000000001
1784,1,0.16902697,1.0000000000000001e-05,421606.38,0.016657028000000001,2.0844881000000002
1785,1,0.1703527,0.013304969999999999,448530.13,0.018159176999999999,1.5691238000000001
1786,0.70574349000000003,0.19069525000000001,0.072281432000000007,758148.42000000004,0.014818669,2.1153499
1787,1,0.17526454,0.0045396954,449996.84000000003,0.018317334000000001,1.0943328999999999
1788,0.66256861,0.22190375000000001,0.044412216999999997,633529.72999999998,0.014690185,2.3706776999999999
1789,1,0.15757888,0.023557326,474725.44,0.019905689000000001,1.5423906000000001
1790,1,0.16893802999999999,0.017258657,475916.77000000002,0.027393226999999999,0.53989198000000005
1791,0.72903050000000003,0.18268369000000001,0.0010334843,448163.42999999999,0.018893559000000001,4.5146183999999998
1792,0.33273833000000003,0.17159522999999999,0.01367931,470366.44,0.015711645999999999,5
1793,0.61117946000000001,0.19361596,0.0052941613999999996,416610.5,0.018061625000000001,2.3569537999999999
1794,1,0.17453384,0.029153592999999998,509196.69,0.015931946999999998,1.7524974
1795,0.74455510999999996,0.19427796999999999,1.0000000000000001e-05,433570.65000000002,0.013581695,5
1796,0.73758650000000003,0.16878072,1.0000000000000001e-05,408611.27000000002,0.018385222999999999,0.51625752000000003
1797,1,0.19890674999999999,0.037447205999999997,534766.30000000005,0.016470944000000001,1.9084156999999999
1798,1,0.18342186999999999,0.017383803999999999,506756.27000000002,0.017144613,1.9477696
1799,0.52838090000000004,0.19672918,1.0000000000000001e-05,424386.66999999998,0.018097036,4.8448694000000003
1800,0.61171361000000002,0.16629099999999999,0.030306933000000001,566003.37,0.015940594999999998,3.0410767000000001
1801,0.96201024000000002,0.15940828000000001,1.0000000000000001e-05,401758.20000000001,0.019500394000000001,1.9348257
1802,0.85012836000000003,0.19417713,0.0075594112999999999,473608.85999999999,0.013338225,1.9938819000000001
1803,0.58571545000000003,0.18115649,0.012263469000000001,462997.95000000001,0.018306840000000001,3.7134657
1804,0.49538291000000001,0.19167005000000001,5.2224412e-05,392680.53000000003,0.024378382000000001,4.1868802000000001
1805,0.51834144999999998,0.18260017000000001,1.0000000000000001e-05,434861.40999999997,0.017693991999999999,2.9784457
1806,0.63292914,0.18401716000000001,0.0092889527000000003,433576.35999999999,0.012679744,1.4985056000000001
1807,0.89464785999999996,0.16909984,0.010410394,494047.19,0.015135088999999999,0.57669599000000005
1808,1,0.17914084999999999,0.0018845394999999999,456852.72999999998,0.017871682999999999,0.001
1809,0.66910170999999996,0.19633131000000001,0.0081913573999999999,447517.46000000002,0.016204354000000001,3.1293429000000001
1810,0.97058968999999995,0.17418562000000001,0.0022559900999999999,409061.31,0.016817016000000001,0.001
1811,0.54891491999999997,0.20269788,0.058330469000000003,668967.60999999999,0.016721946000000001,5
1812,0.95162049999999998,0.18946608000000001,0.035312769000000001,507516.96000000002,0.021385936000000001,2.053553
1813,0.54924824000000005,0.16068995,0.012835813999999999,486837.52000000002,0.016254213,5
1814,1,0.17984473000000001,0.028824092999999999,620251.16000000003,0.015292645000000001,0.001
1815,0.60292042999999995,0.17912067000000001,1.0000000000000001e-05,433193.28000000003,0.012291184,4.3814584999999999
1816,0.57775882000000001,0.16471864,0.0072885494000000002,473779.08000000002,0.01624842,2.3955601
1817,0.81515636999999996,0.18458146,0.026303705,536448.73999999999,0.013506593000000001,1.1710271000000001
1818,0.66393013999999995,0.14991628000000001,0.00087634381000000004,421949.77000000002,0.017167304000000001,3.4996637000000002
1819,1,0.20661345,1.0000000000000001e-05,427132.40999999997,0.016635423999999999,1.8819382
1820,0.37309715999999998,0.19443779,0.013073688999999999,488157.84000000003,0.015299762999999999,5
1821,0.92590697,0.19967077999999999,0.024598098999999998,552854.06999999995,0.015463182000000001,1.9397827999999999
1822,0.46887636999999999,0.15747306,1.0000000000000001e-05,414112.67999999999,0.020232679999999999,3.6664457000000001
1823,0.96521787000000003,0.1849074,0.00034761607000000002,422654.84999999998,0.012872216000000001,3.3030952
1824,0.85318740999999998,0.21542217,0.0033420194,447993.90000000002,0.014722628,3.4313657000000002
1825,0.84528731999999995,0.15230046999999999,1.0000000000000001e-05,391168.48999999999,0.023374196,0.001
1826,1,0.16110912999999999,0.013367515999999999,476612.60999999999,0.0083060758999999994,1.4980709000000001
1827,0.84102129999999997,0.1593223,1.0000000000000001e-05,387193.64000000001,0.015155439999999999,0.36906291000000002
1828,0.84715165000000003,0.19184820999999999,0.00024342499999999999,427965.71999999997,0.014774608999999999,1.7474099999999999
1829,0.67687611000000003,0.19238452,1.0000000000000001e-05,407048.79999999999,0.020160491999999999,5
1830,0.59944582999999996,0.18023997,0.025079668999999999,473649.27000000002,0.018024449000000001,1.4114313999999999
1831,1,0.16989545,0.010830495000000001,476907.94,0.015492994,1.2516769999999999
1832,1,0.19880866,0.017582555,439192.54999999999,0.018205699999999998,2.4218513000000002
1833,1,0.18747435000000001,1.0000000000000001e-05,411560.15000000002,0.020850170000000001,3.6190292999999998
1834,1,0.17608210999999999,1.0000000000000001e-05,433254.59999999998,0.012972759,0.001
1835,0.54472354000000001,0.16095249,0.0025533028000000002,430516.21000000002,0.021358169999999999,5
1836,1,0.17894620999999999,1.0000000000000001e-05,386226.46999999997,0.024461033,2.2609221000000002
1837,0.53015433999999995,0.17270558,1.0000000000000001e-05,404749.48999999999,0.018282530000000002,3.9323893999999999
1838,1,0.18168176,0.0071604492999999998,466497.67999999999,0.017140358000000001,1.6081093
1839,1,0.20959062000000001,0.015428602,465526.76000000001,0.015633574000000001,0.78947455
1840,0.72303004999999998,0.19587383999999999,0.018808305000000001,514315.37,0.013411485000000001,4.7320200000000003
1841,0.70338480999999997,0.20569865000000001,0.025301212,515877.71000000002,0.016528497,4.3546304999999998
1842,0.85478452000000005,0.17272425999999999,0.015050791000000001,489995.54999999999,0.019318744999999998,0.36797336000000003
1843,0.85646798999999996,0.17953069999999999,0.0038354844999999999,411299.07000000001,0.018196851,4.3251043999999998
1844,1,0.18277974,1.0000000000000001e-05,457117.35999999999,0.012501622,0.001
1845,1,0.17065791999999999,0.0062651592000000002,425233.78000000003,0.013191092999999999,0.001
1846,0.55191729,0.18343926999999999,0.017346861000000002,465546.81,0.01422636,1.9255040000000001
1847,0.92434609999999995,0.14692351000000001,0.017636036000000001,442544.84999999998,0.021638877000000001,0.001
1848,0.91763749999999999,0.18785938999999999,1.0000000000000001e-05,392582.21999999997,0.017804575999999999,5
1849,1,0.19803261999999999,0.0047198583000000001,455038.53000000003,0.013311862000000001,0.17097333000000001
1850,0.89078371999999995,0.18715527000000001,0.0018396441999999999,421808.5,0.016813370000000001,2.6568510000000001
1851,0.34325520999999998,0.18090754000000001,0.0087987824999999995,462110.45000000001,0.020327775999999999,5
1852,0.49549623999999998,0.19643190999999999,0.0011053154000000001,453805.46000000002,0.012902459,4.3729768
1853,1,0.17994584,0.069546162999999994,600329.62,0.020779657999999999,2.3806224
1854,0.72402334000000002,0.16814982000000001,0.035552914999999997,508719.87,0.019539763000000002,3.417446
1855,1,0.16054726,1.0000000000000001e-05,410661.01000000001,0.013574338,1.9299663
1856,0.86030923999999998,0.19127453,0.0013970701000000001,457710.95000000001,0.012284476000000001,1.7001732000000001
1857,0.70579181000000002,0.16530522,0.0030803235,459742.34000000003,0.018728738000000002,3.7757676999999998
1858,1,0.1790166,1.0000000000000001e-05,393588.64000000001,0.022901926,0.51602707999999997
1859,0.61323280000000002,0.14841080000000001,0.021867383000000001,479061.40000000002,0.019311044999999999,2.9946427
1860,0.62682923999999995,0.18109455999999999,0.041700448000000001,594509.35999999999,0.018664228000000001,4.6403147999999996
1861,0.85819080999999997,0.16806568999999999,0.037589943000000001,567224.08999999997,0.014207589,0.001
1862,1,0.18242248,0.034821083000000003,623052.18999999994,0.018117865,0.66494653999999997
1863,0.84263337000000005,0.2008199,0.0056433663,461331.14000000001,0.0097057846999999992,1.9026064
1864,0.93793070999999995,0.17175473999999999,1.0000000000000001e-05,427207.46000000002,0.016687535,3.0226799999999998
1865,0.68714993999999996,0.18044776000000001,0.019663126999999999,499197.76000000001,0.016171445999999999,2.2186468000000001
1866,0.82009449999999995,0.18189035000000001,1.0000000000000001e-05,379527.09000000003,0.021462121000000001,5
1867,0.66606253999999998,0.18295249,0.018738985999999999,480132.90000000002,0.020045466000000001,2.0854967000000002
1868,0.74910410999999999,0.18726234999999999,0.012410747,435615.28999999998,0.020848664999999999,3.0206750000000002
1869,0.32418982000000002,0.17214728000000001,0.0071671045999999999,417209.46999999997,0.023407819999999999,5
1870,0.60358716999999995,0.1880009,1.0000000000000001e-05,455654.42999999999,0.015859233,4.8191227999999997
1871,0.58829900000000002,0.20411805999999999,0.040481247999999997,595751.64000000001,0.012161809000000001,4.5580581000000002
1872,0.76914857999999997,0.17724745,1.0000000000000001e-05,414384.29999999999,0.018863116999999999,2.8987364000000002
1873,1,0.17726536000000001,0.029541945,430684.82000000001,0.021673151000000002,0.001
1874,1,0.16798547,1.0000000000000001e-05,395273.15000000002,0.017629848,2.4837395
1875,1,0.16759988000000001,0.0043191738000000002,411687.62,0.018986935,3.6102390999999998
1876,0.92347714999999997,0.20388323999999999,0.13694375,912176.81999999995,0.018870112000000001,1.0797669000000001
1877,0.33375986000000002,0.16975986000000001,0.0022784066,446153.64000000001,0.015592943999999999,5
1878,0.51513980999999998,0.18670171999999999,0.0084042222999999999,499739.72999999998,0.0088060298999999998,5
1879,0.73031685999999996,0.18617438,0.018613327999999998,491027.56,0.017539366000000001,2.3892297999999998
1880,0.45902315999999999,0.20658113,1.0000000000000001e-05,399063.01000000001,0.014468678,4.6454674999999996
1881,0.69520557999999999,0.17908198,0.0052309017999999999,480978.91999999998,0.015390475000000001,1.7914152999999999
1882,0.42791681999999998,0.15667091999999999,0.0091722856999999994,438427.77000000002,0.015449200999999999,2.8538522999999998
1883,0.52806204999999995,0.207508,0.0019630631000000002,441086.35999999999,0.015941591000000001,5
1884,0.60678463000000005,0.15103147,1.0000000000000001e-05,388564.27000000002,0.017065377999999999,1.3095695000000001
1885,0.43819366999999998,0.1641534,1.0000000000000001e-05,419448.79999999999,0.016517219,4.9672229999999997
1886,0.89401620999999998,0.21776908,1.0000000000000001e-05,391950.69,0.019226277999999999,1.9901897
1887,1,0.20479027999999999,0.048001211000000002,529650.87,0.017201344,0.001
1888,1,0.18131486999999999,0.0062422314999999997,422458.83000000002,0.013035249,3.7514427000000001
1889,1,0.14834776999999999,1.0000000000000001e-05,403098.85999999999,0.022324963,0.66539292000000005
1890,0.86950059000000002,0.16257873,0.011706584000000001,407636.56,0.024781785000000001,2.7652765000000001
1891,0.83810819000000003,0.14038777999999999,0.016036017,505718.35999999999,0.029403149999999999,4.0141160999999999
1892,0.84713475999999999,0.18910073999999999,0.018348441,472278.67999999999,0.016986817000000001,0.55097527000000002
1893,0.61972121999999996,0.18981097999999999,0.023960092999999998,471371.32000000001,0.022775743000000001,5
1894,0.88579823000000002,0.18855068999999999,0.028463509000000001,535557.08999999997,0.020117253000000002,1.6609741
1895,0.49925737999999997,0.19909325999999999,0.00062794499000000002,445412.91999999998,0.014475131,5
1896,0.95946111000000001,0.20839537,1.0000000000000001e-05,389603.33000000002,0.016542231000000001,0.001
1897,1,0.18338040999999999,0.056707307999999998,606477.83999999997,0.024695472,1.5197513
1898,0.60899415000000001,0.18866269999999999,1.0000000000000001e-05,406592.67999999999,0.01547805,4.6875686999999999
1899,0.50495869000000004,0.16698395999999999,1.0000000000000001e-05,442693.15000000002,0.016109456000000001,5
1900,0.79447902999999997,0.19120442000000001,0.025834934,475691.03999999998,0.018572689,0.99335390999999995
1901,0.6868109,0.19272914999999999,0.013339619,427008.62,0.015462836000000001,5
1902,1,0.20607043999999999,0.012495933000000001,435807.28000000003,0.013680401999999999,2.9080672000000001
1903,0.91191469000000003,0.21598701000000001,1.0000000000000001e-05,431351.25,0.016046807999999999,3.3720284
1904,0.98389230000000005,0.16450061999999999,0.00089496672999999998,429752.54999999999,0.018295112999999998,2.6398039
1905,0.78542568000000001,0.15918671000000001,0.016903458,465483.53999999998,0.020779217999999999,3.8219240000000001
1906,0.56027154000000001,0.16694827000000001,0.00076540379999999995,454785.53999999998,0.016077879,5
1907,0.88303343999999995,0.18299155,0.019576931999999998,495758.72999999998,0.011313554,5
1908,0.88726013999999997,0.17703658,0.010717104,417600.42999999999,0.016412535999999998,2.3367279999999999
1909,0.53692647999999998,0.20587052,0.038431946000000002,543837.97999999998,0.014296903,4.3276352999999999
1910,0.56312572999999999,0.15864954000000001,1.0000000000000001e-05,425144.67999999999,0.018500115000000001,3.2004405999999999
1911,0.64063055999999996,0.16669299000000001,0.018868862,485172.44,0.021123657000000001,5
1912,1,0.21069758,0.0039262094999999997,453907.87,0.0130855,5
1913,0.96693980000000002,0.15565704,0.010524835,473063.44,0.017157675000000001,2.8040419000000001
1914,0.84184926999999998,0.18264607999999999,1.0000000000000001e-05,451953.28999999998,0.011368006999999999,3.0662593999999999
1915,0.80283947,0.17454790000000001,0.010543001999999999,485913.64000000001,0.013642318,1.0344693
1916,0.74335594000000005,0.16098754000000001,0.0036937342999999998,441068.07000000001,0.018921778,1.0371269999999999
1917,0.96643076000000006,0.17768407,0.10792085,834405.19999999995,0.012374349,0.001
1918,1,0.15000438999999999,0.034132827999999997,534661.19999999995,0.020149943,4.0786097999999997
1919,0.68827687999999998,0.17531505999999999,1.0000000000000001e-05,435734.02000000002,0.015961618,2.9224855000000001
1920,1,0.21395506,0.0051541127000000004,368197.22999999998,0.017068740999999998,0.19883812000000001
1921,0.65353561999999998,0.16336085,0.019665348999999999,439755.65999999997,0.033760479000000003,3.4674781000000001
1922,0.58608634999999998,0.19490423000000001,0.011986458,487205.35999999999,0.013108181999999999,3.2167479999999999
1923,1,0.19014610000000001,0.0020350066,441838.14000000001,0.013349942,0.001
1924,1,0.16511841999999999,1.0000000000000001e-05,403368.89000000001,0.015527744,0.001
1925,0.68498250999999999,0.1959979,1.0000000000000001e-05,403997.78000000003,0.012709313999999999,4.1730898999999999
1926,1,0.19090056999999999,0.0017427205000000001,446944.71999999997,0.013255645,2.1003405000000002
1927,1,0.18065189000000001,0.032903802000000003,555391.63,0.017514629,0.001
1928,0.70491285000000004,0.16191414000000001,0.0055275057999999997,448261.35999999999,0.015987437,2.0972316000000002
1929,0.99998198000000005,0.18675296,0.0015834194999999999,441579.56,0.016535106000000001,0.70889053000000002
1930,0.76380298000000002,0.17987188000000001,0.025193878999999999,515135.58000000002,0.013193811999999999,3.1174293999999998
1931,0.84656489999999995,0.19673350000000001,0.025239699000000001,540159.46999999997,0.015157047,4.2377083000000004
1932,1,0.19695604999999999,0.0091681756,464399.77000000002,0.016079908,2.6224956000000001
1933,0.82692427999999996,0.19850296000000001,0.069111628999999994,503178.88,0.016708727999999999,0.97710859000000005
1934,0.79330769000000001,0.19481851,0.0095598181000000008,376609.91999999998,0.012679119000000001,1.9335248
1935,1,0.18043153000000001,1.0000000000000001e-05,432404.69,0.016853268000000001,0.001
1936,1,0.20038497,0.065790127000000004,745318.84999999998,0.020423002999999999,2.7356392
1937,0.84261638000000005,0.19001935,1.0000000000000001e-05,416053.90000000002,0.016778392999999999,2.1954264999999999
1938,0.87430532999999999,0.21253656000000001,0.0051972203000000003,361287.41999999998,0.013487213,2.3266144999999998
1939,1,0.19124073999999999,0.015211001,496280.31,0.015022488000000001,0.001
1940,0.98871489000000001,0.18639035000000001,0.021784810000000002,513321.46000000002,0.011770479,0.001
1941,0.81529859999999998,0.20116382999999999,1.0000000000000001e-05,453064.37,0.010346101,2.0857728
1942,0.52078447000000005,0.18958920000000001,0.050318289000000002,586413.64000000001,0.019078212000000001,4.4053503999999997
1943,0.44718060999999998,0.19596346000000001,1.0000000000000001e-05,378997.54999999999,0.022366166,5
1944,0.51715239999999996,0.17673243999999999,1.0000000000000001e-05,420543.07000000001,0.016893757999999998,5
1945,1,0.18695375,0.010351917,441561.21000000002,0.015989748000000002,0.001
1946,0.73806523000000002,0.18171703,1.0000000000000001e-05,448887.17999999999,0.015532783,3.2949258000000001
1947,0.89319364000000001,0.14815067000000001,1.0000000000000001e-05,412896.60999999999,0.018870366,2.8097922999999998
1948,1,0.18754952,1.0000000000000001e-05,369519.37,0.020244999,2.1036907
1949,0.54757140999999998,0.15385815999999999,0.02123338,513831.71000000002,0.018498238,4.8983926000000002
1950,0.50683613999999999,0.15422002000000001,0.0058458857000000001,442445.20000000001,0.025677103,2.6807907000000002
1951,1,0.17657512,1.0000000000000001e-05,439754.06,0.018465232000000002,4.0561465999999999
1952,0.87873668000000005,0.18355859999999999,1.0000000000000001e-05,416967.46000000002,0.015412522,1.2221346
1953,0.94521456000000004,0.20159244000000001,0.10156900000000001,817329.62,0.017464060999999999,4.3402754000000003
1954,0.92498495999999997,0.19498687000000001,1.0000000000000001e-05,422547.59000000003,0.017287758,1.6167611
1955,0.69439901999999998,0.20676291999999999,1.0000000000000001e-05,436446.40999999997,0.015767206999999998,3.2272227
1956,0.8453079,0.15606550999999999,0.041424348999999999,592469.70999999996,0.017942006999999999,5
1957,0.53590051000000005,0.20373094999999999,1.0000000000000001e-05,479340.20000000001,0.012147976,4.0054223999999996
1958,1,0.19402966999999999,0.0079366643999999997,444637.40999999997,0.018203618000000001,1.0617810000000001
1959,1,0.19959568,0.0019812293999999999,446780.5,0.011717119999999999,2.3373360999999999
1960,0.71151887000000003,0.17693672999999999,0.023520030000000001,492944.87,0.015340097,1.2945222000000001
1961,0.70153803000000003,0.14723312999999999,0.011575139,476342.35999999999,0.013468453,3.4223397000000002
1962,0.77521793000000006,0.18695856999999999,0.013100804000000001,457463.15000000002,0.012977348999999999,1.2151422999999999
1963,0.81751541000000005,0.20926533999999999,0.022462310999999999,510712.28999999998,0.016651274000000001,4.8878221999999996
1964,0.87237721000000001,0.16853103999999999,0.0092494940000000005,472558.84999999998,0.015686682,0.001
1965,0.36195171999999998,0.17595926000000001,0.0032377557,450345.84999999998,0.013934966,5
1966,0.44184375999999997,0.19377752000000001,0.0090939233000000008,444796.40000000002,0.015975284999999999,5
1967,0.65218816999999996,0.17228399,0.012012975,491611.03000000003,0.013431126999999999,5
1968,1,0.17121006,0.034252915000000002,574151.79000000004,0.014709584,3.8882699000000001
1969,0.55969352999999999,0.18050289,1.0000000000000001e-05,386950.96999999997,0.017296651,5
1970,0.85594453999999998,0.18269373,0.0033890179000000001,399069.19,0.01464591,5
1971,0.73788081000000005,0.18440366999999999,0.020261062999999999,501737.57000000001,0.020666509999999999,1.0185804000000001
1972,0.73331005999999999,0.18598018999999999,0.021116491000000001,537269.94999999995,0.013305780999999999,4.1328481999999997
1973,0.78494235999999995,0.19744318,1.0000000000000001e-05,393987.16999999998,0.014466453000000001,2.6678875999999998
1974,1,0.13000617,0.011628810999999999,473086.69,0.02562627,4.0143484999999997
1975,0.40803286999999999,0.20200107,0.0074286355999999996,398516.32000000001,0.015015138000000001,4.7095612999999998
1976,1,0.18030591000000001,1.0000000000000001e-05,415056.72999999998,0.018848759,0.69709399999999999
1977,0.73107710000000004,0.17530295000000001,0.00015736103,443348.28999999998,0.014591316999999999,1.2758269
1978,0.43790887000000001,0.15716463,1.0000000000000001e-05,412008.02000000002,0.013584613000000001,4.6938062
1979,0.98832755999999999,0.18342402999999999,0.0040874040999999998,460515.51000000001,0.015194922,0.091843857000000001
1980,0.44753288000000002,0.15465586000000001,1.0000000000000001e-05,437286.56,0.016627722000000001,5
1981,0.66748088000000005,0.19244945999999999,0.061514971000000002,664417.98999999999,0.024320602,2.7121059000000001
1982,0.55351172000000004,0.20901731000000001,0.0031750121000000001,396680.10999999999,0.013245227,5
1983,0.77073002000000002,0.15886275,0.0023040745999999999,536922.97999999998,0.015778298,3.7899295999999998
1984,0.84921888000000001,0.19878161999999999,0.029164605999999999,501869.52000000002,0.018249861999999999,5
1985,0.90561798999999998,0.18900703999999999,0.0067616565999999998,449573.12,0.01662887,1.4553617000000001
1986,0.92976112,0.16128656,0.033367961000000002,512225.90000000002,0.022674857999999999,4.3662067000000002
1987,0.74535737999999996,0.174316,1.0000000000000001e-05,406078.65999999997,0.014977434,1.6057745999999999
1988,0.88290950000000001,0.1842201,0.036081411000000001,553793.90000000002,0.015546126,1.1245383
1989,0.41171624000000001,0.20694874999999999,1.0000000000000001e-05,458674.96999999997,0.010876601,5
1990,1,0.17801589000000001,0.0050498666999999999,488767.75,0.017339839999999999,0.45416796999999998
1991,0.70207951000000002,0.15490802000000001,0.0024174454,407373.40999999997,0.018466590000000001,0.40384130000000001
1992,0.70925066999999997,0.17905228000000001,0.0087482865000000007,437457.89000000001,0.020544699999999999,3.9152407
1993,0.40093140999999999,0.182031,1.0000000000000001e-05,407292.41999999998,0.019455126,4.4782149000000002
1994,0.89727055,0.15208067,0.032803195,511345.72999999998,0.025844742,1.3423255999999999
1995,0.39938801000000002,0.19253898999999999,0.019298137999999999,508364.96999999997,0.016498779000000002,5
1996,0.90337420000000002,0.17319378999999999,0.022288444000000001,491422.31,0.021740847000000001,0.001
1997,1,0.17665694000000001,0.034833138,601709.34999999998,0.016420065000000001,0.85309840000000003
1998,0.59125132000000002,0.16404634000000001,0.001244104,424873.19,0.016924334999999999,2.7403393999999999
1999,0.38222763999999998,0.16679144000000001,0.012718454000000001,510153.15999999997,0.022117400999999998,4.5924667000000001
2000,0.63440867000000001,0.17103831999999999,0.0018318611,416264.08000000002,0.021511746000000002,5
2001,0.4831066,0.16407706,0.018687980999999999,429377.90999999997,0.020863194000000002,2.6965232000000001
2002,0.85488949000000003,0.17919789,0.0019052609000000001,443110.94,0.017127704000000001,0.93441742999999999
2003,1,0.18599677000000001,0.0010949362,432385.98999999999,0.017412074999999999,1.4376232
2004,0.59030282000000001,0.1911736,0.0075855590000000004,455760.76000000001,0.016451614,5
2005,0.78366873999999997,0.19236357000000001,0.054032175000000002,525745.89000000001,0.018085565000000001,5
2006,0.99943150000000003,0.17998312,6.1773453999999995e-05,412239.65000000002,0.022197860999999999,0.001
2007,1,0.17225750000000001,0.014461992999999999,467525.84999999998,0.020302582,1.8399962000000001
2008,0.37416294999999999,0.18117278000000001,0.020906531999999999,493195.73999999999,0.020425622000000001,5
2009,0.47397274,0.15830337999999999,0.0071001501999999996,426878.40000000002,0.019110490000000001,2.6336580999999999
2010,0.55062462999999995,0.1719639,0.0055800099000000002,454400.15999999997,0.011886812,4.4505464999999997
2011,0.89132575000000003,0.18789906000000001,0.0083319299999999995,483626.71999999997,0.013598471000000001,3.6838848
2012,0.57302520000000001,0.18274323000000001,0.024818242000000001,513244.5,0.019252432,5
2013,0.96912264000000004,0.21975879000000001,1.0000000000000001e-05,425601.33000000002,0.014703356000000001,0.64884850999999999
2014,1,0.20359041999999999,1.0000000000000001e-05,424095.38,0.017560506,0.001
2015,0.78018787000000001,0.18556405000000001,0.010944956,454522.37,0.01570914,4.3964933999999998
2016,0.97451900999999996,0.19341863000000001,0.056082152000000003,601820.29000000004,0.021814693,1.2002082999999999
2017,1,0.1959523,0.018349556999999999,499779.04999999999,0.017458602,0.36844673999999999
2018,0.58613013999999997,0.16936955000000001,0.024735598000000001,527328.96999999997,0.014177139,5
2019,0.84524359000000004,0.17652591000000001,0.020866052999999999,495731.46000000002,0.013753837,0.96978366000000005
2020,0.57180644999999997,0.20280836999999999,0.036243453000000002,567121.40000000002,0.012709663,2.1341432
2021,0.87490179999999995,0.21558199,1.0000000000000001e-05,419341.34000000003,0.015154145000000001,0.089068616000000003
2022,0.79107305000000006,0.17631029000000001,0.048889947000000003,592953.31999999995,0.018633841000000002,1.1835998999999999
2023,1,0.17718149999999999,0.043616278000000001,592376.43999999994,0.013616404,1.2804134
2024,0.38841140000000002,0.19649187000000001,0.023256262999999999,426624.19,0.018216932000000002,5
2025,1,0.16872752999999999,0.033013237000000001,601828.93000000005,0.018537343000000001,0.001
2026,0.58306217000000005,0.18100179999999999,1.0000000000000001e-05,425259.46000000002,0.017045661,4.2178433999999996
2027,0.77825851999999995,0.18936211,0.049174715000000001,592121.94999999995,0.01680483,1.7567391999999999
2028,0.40845667000000002,0.19116950999999999,1.0000000000000001e-05,423053.32000000001,0.013741127000000001,5
2029,1,0.15800246000000001,1.0000000000000001e-05,440590.02000000002,0.019825431000000001,0.001
2030,0.82497911000000002,0.15455614000000001,0.0077615465999999996,416358.46999999997,0.022529595999999999,1.5885948999999999
2031,0.73401649999999996,0.20280738000000001,1.0000000000000001e-05,447330.22999999998,0.014204737,5
2032,0.92395508000000004,0.19415695999999999,0.0016136863999999999,441092.98999999999,0.016851593000000002,1.1295596000000001
2033,0.94332643000000005,0.21061440000000001,1.0000000000000001e-05,435980.33000000002,0.016249709000000001,4.4596796000000003
2034,1,0.18889884000000001,1.0000000000000001e-05,441253.59000000003,0.013849336,4.1692220000000004
2035,0.90175565000000002,0.18080689,0.014576169,476785.76000000001,0.013618,2.2053994000000001
2036,0.84665102999999997,0.16778434,0.0045340138000000002,455486.81,0.017033893000000001,3.9721818999999998
2037,0.80720860000000005,0.18857051999999999,0.0016953567999999999,444095.25,0.018526926999999999,5
2038,0.91933999,0.18440442000000001,0.0023445885000000001,420537.90000000002,0.016453127000000001,1.5579867000000001
2039,0.70429777999999998,0.19938243999999999,0.0042796055000000003,456243.81,0.013464756,3.0392812999999999
2040,0.75942356,0.19978868999999999,0.0026019351000000001,416451.95000000001,0.023315084,4.6418140000000001
2041,0.40813755000000002,0.19484657,0.022611688000000001,486496.09000000003,0.015538059999999999,4.3701020000000002
2042,0.43520988999999999,0.18838769,1.0000000000000001e-05,415626.34999999998,0.014105839,4.0619170999999996
2043,0.94051636999999999,0.19303696000000001,0.029971748999999999,527262.78000000003,0.014880117999999999,1.0024318999999999
2044,0.99519363000000005,0.20606962000000001,0.026301715999999999,532781.51000000001,0.011048511,1.3066469000000001
2045,0.96229558000000004,0.14544835,0.018713960000000002,460289.85999999999,0.016559832,0.78023947999999999
2046,1,0.16204774,1.0000000000000001e-05,445171.59000000003,0.017111276000000002,1.0139303
2047,0.78807397000000001,0.15353781,0.0077507875999999996,434357.82000000001,0.016009441999999999,4.4245793000000004
2048,1,0.19511234,0.039019301999999999,498817.04999999999,0.018378617,0.001
2049,1,0.17903219000000001,0.0073236098000000003,470206.12,0.016939003000000001,0.22375592
2050,1,0.16907823999999999,1.0000000000000001e-05,436224.83000000002,0.015376964,2.5650976999999999
2051,0.74172788000000001,0.20283338000000001,0.0023617082999999998,418139.58000000002,0.015726107,4.6480303000000003
2052,0.68805950000000005,0.19786975000000001,0.074362223000000005,670765.01000000001,0.017196032999999999,2.1404695
2053,0.98822410000000005,0.17706468,1.0000000000000001e-05,442657.28000000003,0.01659836,0.001
2054,0.50799914000000002,0.20533526999999999,0.011690327,433018.70000000001,0.015676702000000001,5
2055,0.85810995999999995,0.17625514,0.0032098317,478032.5,0.010440204,0.001
2056,0.72321378999999997,0.19938713,1.0000000000000001e-05,438675.87,0.017460578000000001,4.4261818000000002
2057,1,0.1724879,0.0013433948,513616.03000000003,0.018379006999999999,0.52601936999999999
2058,1,0.17415716000000001,0.054963894999999999,620522.76000000001,0.018164118,0.001
2059,0.56566253,0.16837284,0.029998099,522677.12,0.016790434,3.077817
2060,0.36286014,0.15370460999999999,0.016326146999999999,475787.53999999998,0.021016228000000001,5
2061,0.60656732999999996,0.16196432999999999,0.0012569225999999999,443873.03999999998,0.015932460999999998,3.2998726
2062,1,0.19405312999999999,0.0067228619,447990.21000000002,0.014271047,0.001
2063,1,0.18791065000000001,0.015466452,506604.51000000001,0.012707968,0.001
2064,0.39951903999999999,0.17069428,1.0000000000000001e-05,431429.32000000001,0.016295857,5
2065,0.76922117000000001,0.18672256000000001,1.0000000000000001e-05,439635.06,0.015159198,2.3958929000000002
2066,1,0.20279844,0.062647616000000003,656595.19999999995,0.014063880000000001,3.7412443999999998
2067,0.78714775999999997,0.16092606000000001,0.0014127969000000001,401402.06,0.020625966999999999,4.6792863000000002
2068,1,0.19822174000000001,0.0032983206000000002,435532.84999999998,0.019735526999999999,0.001
2069,0.53421375000000004,0.17662618999999999,1.0000000000000001e-05,416960.41999999998,0.018510847,5
2070,0.47557935000000001,0.18183268999999999,0.0067224190999999999,418588.62,0.011692589999999999,5
2071,0.57103466000000003,0.17300973,0.025346495,534672.94999999995,0.017316198000000001,3.1758877000000001
2072,0.97376742000000005,0.22160848,1.0000000000000001e-05,413325.35999999999,0.02159544,2.1473401000000001
2073,1,0.21723102999999999,0.0016266,437960.25,0.015393272,0.087589205000000003
2074,0.56475302999999999,0.18042917,0.038573191999999999,626185.20999999996,0.012757536,4.0516188
2075,0.65699324000000003,0.18182255,0.0076830856000000003,450554.78000000003,0.017373649000000001,1.9812055
2076,1,0.17951375,0.0033412991999999999,451717.04999999999,0.018013670999999998,3.9405283999999998
2077,1,0.17907231000000001,1.0000000000000001e-05,410006.60999999999,0.015527981999999999,0.001
2078,0.60261801999999998,0.19358527,0.025614214,536717.89000000001,0.015917570999999998,3.3612533999999998
2079,0.50653002999999996,0.19788948000000001,0.0029867765000000002,434136.65000000002,0.015055710999999999,5
2080,0.96734125000000004,0.19155552000000001,0.018050172999999999,526103.76000000001,0.015618,3.2736494
2081,0.88142924,0.18739652000000001,0.0059389797999999999,414959.77000000002,0.015269784,1.4493433
2082,0.75252423000000002,0.16210925000000001,0.010248175,456367.90999999997,0.017168367,0.49338222999999998
2083,1,0.21786021999999999,0.015643826,504184.17999999999,0.0112779,0.001
2084,1,0.16944002,0.043455814000000002,611296.43000000005,0.017502606,1.9662154000000001
2085,0.73279857999999998,0.19528398999999999,1.0000000000000001e-05,397925.95000000001,0.017465643999999999,2.7239730999999998
2086,0.88151332000000004,0.20807100000000001,0.018285784999999999,472512.98999999999,0.01500656,2.2453858000000002
2087,0.65550900999999995,0.20421559,0.024485692999999999,528252.54000000004,0.016771887999999999,4.6014489000000003
2088,1,0.18166388999999999,0.024290044,486779.23999999999,0.019098037000000002,3.035183
2089,0.75770199999999999,0.17466856,0.031403133,533017.85999999999,0.018046836,2.8346301999999999
2090,0.99781350999999996,0.16750307,0.0061757174999999996,465067,0.018103052000000001,1.2415345
2091,1,0.17473883000000001,1.0000000000000001e-05,429707.02000000002,0.017036518,2.4408663000000002
2092,0.36964606,0.18749494999999999,1.0000000000000001e-05,457362.29999999999,0.016693772999999999,5
2093,0.94005333000000002,0.1646743,1.0000000000000001e-05,422030.75,0.016974133999999998,0.077165527999999997
2094,0.79392408000000003,0.20830235999999999,0.012402679,490379.64000000001,0.014684236,4.5184867999999998
2095,0.92377089999999995,0.2007003,1.0000000000000001e-05,431895.69,0.014471461999999999,1.5629617
2096,0.46800675000000003,0.17440669,1.0000000000000001e-05,388226.70000000001,0.023483253999999999,5
2097,0.90182870999999998,0.18846396000000001,1.0000000000000001e-05,443625,0.014252905,2.2570899999999998
2098,0.80929172999999999,0.18538716999999999,0.0053956242999999996,424237.65999999997,0.015077312000000001,1.3952498
2099,0.38894429000000003,0.18610325999999999,1.0000000000000001e-05,433686.15000000002,0.015643417999999999,5
2100,0.86009137000000002,0.16944659000000001,0.018985166000000001,508368.66999999998,0.015017789,0.001
2101,0.93954658000000002,0.1997284,1.0000000000000001e-05,445655.57000000001,0.013840045,0.15955612999999999
2102,1,0.16256109999999999,0.0039849120999999998,445607.66999999998,0.013505428999999999,0.001
2103,0.95174082999999998,0.17026630000000001,0.0038677504999999998,455423.95000000001,0.013365362,5
2104,0.65380731999999997,0.18228126,0.070186368999999998,685743.54000000004,0.016037526999999999,1.8342978999999999
2105,0.68463428000000004,0.20279459999999999,0.00018502891999999999,454747.09000000003,0.012402486000000001,3.6226159
2106,1,0.16550712000000001,1.0000000000000001e-05,405889.39000000001,0.024400022,2.2618206999999999
2107,0.93565047000000001,0.16685992999999999,1.0000000000000001e-05,384229.72999999998,0.021555945,1.1841001
2108,0.59125797999999996,0.17240105,0.0037111410999999999,435097.64000000001,0.018229358000000001,3.1492502
2109,0.68889838999999997,0.19702296999999999,0.0044427110000000002,393488.37,0.018649907,2.3675844000000001
2110,1,0.20541377,0.03702507,524553.12,0.01150661,0.001
2111,0.86845596000000003,0.19678551,0.046878707999999998,559650.26000000001,0.011365129999999999,0.70699248999999997
2112,0.51541963000000002,0.17897303000000001,0.015360674,477066.45000000001,0.019516393999999999,3.6316286
2113,1,0.13330423999999999,1.0000000000000001e-05,420048.95000000001,0.016592419000000001,0.001
2114,1,0.15332465000000001,0.054776629,624015.59999999998,0.016071595000000001,0.001
2115,0.76149246999999998,0.18487197,0.046272603000000002,657057.42000000004,0.012108084999999999,1.5587021999999999
2116,0.48710193000000002,0.18244962000000001,0.017837893,481633.88,0.015110195999999999,4.4648444999999999
2117,0.63097734999999999,0.15096483999999999,9.7220314999999996e-05,423037.12,0.021517265000000001,3.4688550999999999
2118,1,0.19793127999999999,0.010806586,431953.65000000002,0.019855239,2.4185389000000002
2119,1,0.17767224000000001,0.016971480000000001,462754.07000000001,0.016427819,0.001
2120,0.86488602000000003,0.16082146,1.0000000000000001e-05,457843.78999999998,0.016749309,1.2969042
2121,1,0.21837371999999999,0.027400605000000001,510600.65999999997,0.013456212,2.4490151
2122,0.70167928000000002,0.17737969000000001,0.037705602999999997,593396.29000000004,0.017291813999999999,5
2123,0.99738344999999995,0.1526931,1.0000000000000001e-05,377253.85999999999,0.020004926999999999,0.001
2124,0.62303368999999997,0.17872605999999999,0.065388371000000001,689331.04000000004,0.014614059,3.7345448999999999
2125,0.89200767000000003,0.17676143999999999,0.037068552999999997,555682.43999999994,0.022010964000000001,3.8077519999999998
2126,0.76127758000000001,0.19166424000000001,0.022569294,510142.69,0.020600468,2.4174741000000002
2127,0.87194958,0.15299583,0.023327468000000001,465639.84000000003,0.020953961,4.6014337000000003
2128,0.89944162000000005,0.22999163,1.0000000000000001e-05,409377.20000000001,0.019364935,5
2129,0.92058134000000003,0.19931504,0.024236843000000001,427499,0.015575286000000001,0.001
2130,0.61082627,0.20019397999999999,1.0000000000000001e-05,412059.09000000003,0.016784614999999999,4.2972292000000003
2131,0.57624739000000003,0.18729151999999999,0.015570051,522048.39000000001,0.0097577311,3.0674979000000002
2132,0.56532397999999995,0.19767088999999999,1.0000000000000001e-05,382256.27000000002,0.016996592000000001,5
2133,0.58627523999999998,0.19166246000000001,0.0042280594000000003,432856.92999999999,0.012486476,3.4379970000000002
2134,0.40663178,0.17258111000000001,1.0000000000000001e-05,440429.75,0.018393284999999999,5
2135,0.67596765000000003,0.19312939000000001,0.033718487999999998,562460.25,0.015525356000000001,2.3431972999999999
2136,0.71457901000000001,0.17417377000000001,0.038989669999999997,613134.41000000003,0.020339548999999998,2.3733159000000001
2137,0.51316096,0.14629206,0.021768328999999999,428004.46999999997,0.020096567999999999,2.9242686
2138,1,0.18187982,0.0093670364000000006,517192.5,0.011623056999999999,5
2139,1,0.16823252999999999,0.070959385999999999,650358.62,0.017862639,0.098808431000000002
2140,0.95623400000000003,0.18052908000000001,1.0000000000000001e-05,394364.84999999998,0.011533079,3.8793020999999999
2141,1,0.18706015000000001,0.0024308906,434395.20000000001,0.017131490999999999,0.001
2142,0.66898451000000003,0.19294697999999999,1.0000000000000001e-05,421252.59999999998,0.014361598,1.7770132000000001
2143,0.75815368999999999,0.16447545,0.022457593000000001,505955.33000000002,0.024322667999999999,1.5438843
2144,0.75569295999999997,0.15806145999999999,0.028021488000000001,528352.22999999998,0.022772209000000002,3.3077516999999999
2145,0.43956577000000002,0.16772625999999999,0.010745915,494598.95000000001,0.012105137,5
2146,1,0.17175343000000001,0.0064093288999999996,454786.82000000001,0.017363723000000001,0.001
2147,0.79186535000000002,0.16341480999999999,1.0000000000000001e-05,393167.98999999999,0.017306828,1.4696328999999999
2148,0.60322491,0.18483974,0.024036324000000001,530953.12,0.013696408,5
2149,0.54913557000000002,0.19540742,0.0038511660000000001,450214.29999999999,0.017463300000000001,4.3608162000000004
2150,0.43377103,0.16936412000000001,0.0018166248,432436.78000000003,0.020892124000000001,4.2457884000000004
2151,0.62297100999999999,0.17928917,0.044056257000000001,574441.98999999999,0.017352246000000002,2.4823780000000002
2152,0.81367413,0.18461643,0.019007019999999999,493635.25,0.017893842,2.6887764999999999
2153,0.70437274999999999,0.18724391000000001,0.0021375467,429483.44,0.017348201000000001,4.8537954000000001
2154,0.48637271999999998,0.19290787000000001,0.017404836,526284.01000000001,0.014274144000000001,4.6421049999999999
2155,0.49135169000000001,0.18507686000000001,0.016641491000000001,464392.34000000003,0.020572656000000002,3.9646903999999998
2156,0.60933839000000001,0.17467736,0.029857199000000001,565164.28000000003,0.013362648,3.7844251999999998
2157,0.72242483999999996,0.1781172,0.030663598,520440.10999999999,0.021963918999999998,2.4790703999999999
2158,0.86830843000000002,0.17950400999999999,0.0042896821999999996,399836.82000000001,0.021445116,5
2159,0.73970563,0.17096464,0.0018526476,413468.78000000003,0.013780377999999999,0.25397127000000003
2160,0.94814810000000005,0.18767676,0.0096608046999999992,459990.78000000003,0.01557338,4.6959460000000002
2161,0.80823400999999995,0.18653336000000001,0.0047763622000000002,459394.44,0.015372649,1.3380409
2162,0.86459103000000004,0.15650898999999999,0.054136699000000003,594369.06000000006,0.021574451000000001,0.89546146000000004
2163,0.39706386999999999,0.18246044,0.0063358917000000004,458810.42999999999,0.014836672,5
2164,0.99963389000000002,0.18828629999999999,1.0000000000000001e-05,341091.60999999999,0.016082663000000001,0.79613060000000002
2165,0.63729645999999995,0.1869574,0.028649737000000002,515595.29999999999,0.016999815000000001,5
2166,1,0.17253523000000001,1.0000000000000001e-05,410393.46999999997,0.016597113,5
2167,0.83844903000000004,0.19920159000000001,1.0000000000000001e-05,376581.83000000002,0.020156864,2.7115524
2168,0.68806166999999996,0.16615337999999999,0.026980186999999999,505989.53000000003,0.018467252,3.6413101999999999
2169,0.89440602000000002,0.17241576,0.00048099162999999998,427040.56,0.016191580000000001,0.001
2170,0.96735455000000004,0.14791109,0.082522228000000003,727835.78000000003,0.014851431,0.001
2171,0.74781845000000002,0.20868312,0.00075961018999999997,433964.60999999999,0.017433672000000001,2.1430305999999999
2172,1,0.15890700999999999,8.5931243000000006e-05,428918.28000000003,0.020167524999999999,2.1970767000000002
2173,0.95565062000000001,0.17821454,0.001555832,425920.31,0.016141716,1.0424713999999999
2174,0.95156578000000003,0.18271277,0.0021280663000000002,413955.13,0.015139593,5
2175,0.75375161000000002,0.16722397,0.033629801000000001,504141.96000000002,0.022535314000000001,0.62788337999999999
2176,0.59183235000000001,0.18379408,0.0050924521000000004,459034.04999999999,0.016307308,2.3247626000000001
2177,0.97934304000000005,0.1996125,0.013526989999999999,446315.23999999999,0.020573170000000002,4.3245563000000002
2178,0.64087667999999998,0.1665037,0.0099324423000000002,466928.27000000002,0.017463491000000001,4.2161064000000001
2179,0.89721481999999997,0.1983789,0.074126687999999996,742155.19999999995,0.010533364999999999,1.2700849999999999
2180,0.86503688000000001,0.19625016000000001,0.0097978195000000008,460699.66999999998,0.016379656999999999,5
2181,0.90869467999999998,0.16971765999999999,1.0000000000000001e-05,398262.15000000002,0.021248211999999999,4.3626100000000001
2182,0.40358934000000002,0.17402002,0.0072618737999999997,379066.63,0.027536695999999999,4.2919957999999996
2183,0.46371016999999998,0.15814707,0.0023475214000000001,426983.15000000002,0.02255364,5
2184,0.56691603000000002,0.17656268999999999,0.0037025919000000002,428828.71000000002,0.021812938,5
2185,1,0.23293705000000001,1.0000000000000001e-05,436022.75,0.011586439,0.001
2186,1,0.17407289000000001,0.013764557,495219.16999999998,0.014851372,1.4096960999999999
2187,0.85656747,0.15823100000000001,1.0000000000000001e-05,372352.67999999999,0.023873970000000001,0.60379479000000003
2188,0.68248978999999999,0.17776721000000001,0.019944251,522720.47999999998,0.017595728000000001,5
2189,1,0.18505352,0.0042561157000000002,430912.89000000001,0.011999711999999999,0.001
2190,0.35542755999999998,0.18054723,1.0000000000000001e-05,413865.20000000001,0.021312469000000001,5
2191,0.46462400999999998,0.20255586,1.0000000000000001e-05,398758.83000000002,0.014429018,5
2192,0.40914148,0.18358858,0.016379274999999999,469919.90999999997,0.014420741000000001,5
2193,1,0.18472194,0.0053982437000000003,463269.20000000001,0.016176439000000001,1.6068796999999999
2194,1,0.16961139,1.0000000000000001e-05,425523.31,0.017135091000000002,0.41782067000000001
2195,0.55130767999999997,0.17829775,0.028014989000000001,489593.13,0.022073661000000001,4.9363127000000002
2196,0.74918912000000004,0.19100438,0.027114510000000001,510596.48999999999,0.013662072000000001,2.5991016999999998
2197,0.8860112,0.20621597999999999,0.0079963624999999997,447360.94,0.014899388,4.0518713000000002
2198,0.83002397999999999,0.16582176000000001,1.0000000000000001e-05,443112.98999999999,0.017732107,2.3004978999999999
2199,1,0.18401935999999999,1.0000000000000001e-05,437645.17999999999,0.015027712,1.7908328
2200,0.80778209000000001,0.17114246,0.037577141000000001,567860.75,0.015214465999999999,0.001
2201,0.95900205000000005,0.14289528000000001,0.019831568000000001,460064.35999999999,0.020284755000000002,1.8365039999999999
2202,0.34730282000000001,0.15586717,0.031906018000000001,586267.34999999998,0.0096545264999999998,5
2203,1,0.19777631000000001,1.0000000000000001e-05,413001.21999999997,0.012323472,0.001
2204,0.98055208999999999,0.17375573,0.0019865019999999998,414555.96000000002,0.019614161000000001,0.80277739999999997
2205,0.66927627000000001,0.16581082,0.092534597999999996,815208.5,0.021751788000000001,4.5996264
2206,0.53843357999999997,0.19272400000000001,0.017828187999999998,534215.97999999998,0.012962035,4.3709698000000001
2207,0.54774084000000001,0.17377564000000001,0.0026929349,466117.64000000001,0.016974395,3.5776205000000001
2208,1,0.19072338,1.0000000000000001e-05,409880.26000000001,0.019699800999999999,0.001
2209,0.74505122000000001,0.15756345999999999,0.024264962000000001,412192.25,0.019686275999999999,0.63720368000000005
2210,1,0.18237017999999999,0.035322278999999998,574001.56999999995,0.016863247000000001,0.001
2211,0.90896653999999999,0.18771078999999999,0.032054499,530348.91000000003,0.013093850000000001,4.9193674999999999
2212,1,0.19370378999999999,0.0043535848999999996,393504.46000000002,0.020821513,0.001
2213,1,0.17227761,0.011365902000000001,492614.47999999998,0.015075982999999999,1.5509014999999999
2214,0.63683981000000001,0.19153120000000001,0.00041328844999999998,427531.25,0.016453272000000001,2.4576438999999999
2215,0.62396006000000004,0.16628589999999999,1.0000000000000001e-05,430206.34000000003,0.018411622999999998,5
2216,0.80045138999999998,0.17211082999999999,0.060419001,689280.76000000001,0.011720201,0.67274385999999997
2217,1,0.18278704000000001,0.014292174,517745.69,0.016952576,0.001
2218,1,0.18260904,0.0022500006,418772.78999999998,0.018635141000000001,0.001
2219,0.89927787999999997,0.20226491999999999,0.026255119,502510.52000000002,0.020343073,0.86891010999999996
2220,0.98017359999999998,0.19852533999999999,0.013036459,484530.28000000003,0.015819796000000001,1.9091449
2221,0.99378926000000001,0.19652188000000001,0.046382172999999999,527510.18000000005,0.013317768000000001,0.001
2222,0.98898474999999997,0.15278971999999999,1.0000000000000001e-05,400132.67999999999,0.020729009999999999,3.6533061
2223,0.59569044999999998,0.18183853999999999,0.0055616210000000001,450519.17999999999,0.017407421999999999,2.7168144000000001
2224,1,0.16612811999999999,0.034229822999999999,527548.57999999996,0.018397978999999998,0.001
2225,0.56995848999999998,0.21482164000000001,0.0082563940999999998,460986.96000000002,0.014498759999999999,3.4812254
2226,0.79353510999999999,0.18005083999999999,0.0019202684000000001,453984.38,0.013246414,1.1932062999999999
2227,1,0.21295754,0.018319933,472975.33000000002,0.017304509999999999,0.001
2228,0.70935006,0.20674766,1.0000000000000001e-05,423054.33000000002,0.016921102,4.2205373000000002
2229,0.81802936999999998,0.16071078,0.014984865,511364.53000000003,0.014875269,2.4868250999999999
2230,1,0.16899924999999999,0.0016291522999999999,355474.51000000001,0.017361878000000001,2.8789077000000001
2231,0.80422512999999995,0.16539143000000001,1.0000000000000001e-05,418834.67999999999,0.019173091999999999,1.0670941
2232,1,0.19362171,1.0000000000000001e-05,438443.09000000003,0.015014731999999999,0.001
2233,1,0.16172858000000001,0.032729128000000003,545394.93999999994,0.016969128999999999,1.0729496000000001
2234,0.774258,0.19192965000000001,0.0011641048000000001,385959.44,0.015819430999999998,3.9042735
2235,0.92165335999999998,0.23193062,0.00041993812000000003,438250.46000000002,0.013888126000000001,3.0084032000000001
2236,0.51625113,0.16451482000000001,0.00051289702000000003,410653.40000000002,0.024775169,5
2237,0.56144285000000005,0.16694234999999999,0.0083829546000000008,447447.37,0.022596306,5
2238,0.81004889999999996,0.18120633999999999,0.019108784,483503.98999999999,0.013187795,4.0547494000000004
2239,0.58934103999999998,0.17520081000000001,0.02048587,380684.46999999997,0.026152601000000001,4.8075425999999997
2240,0.84630717,0.13898785999999999,0.014112733000000001,440163.09000000003,0.018106936000000001,2.5788125000000002
2241,0.68171559000000004,0.18846589999999999,0.028661769,503556.08000000002,0.013133535,1.2513607
2242,0.56958814000000002,0.20309553999999999,1.0000000000000001e-05,444587.21000000002,0.012062915,4.9267257999999998
2243,1,0.17131774999999999,0.015908005999999999,494922.66999999998,0.019630921999999999,1.1986306
2244,0.52403845000000004,0.16923311999999999,0.015367774000000001,481322.84999999998,0.016011291,5
2245,0.96100341,0.16650975000000001,1.0000000000000001e-05,418301.26000000001,0.019409893000000001,4.9314524000000004
2246,1,0.18557162999999999,0.020326555999999999,466069.46000000002,0.016418361999999999,5
2247,0.59247302999999996,0.20642547999999999,1.0000000000000001e-05,440879.27000000002,0.012424220999999999,5
2248,0.92732225000000001,0.15941789000000001,1.0000000000000001e-05,394497.84999999998,0.016822709000000002,0.54518865000000005
2249,0.93731167999999998,0.14105886000000001,0.00032847979,435789.08000000002,0.019616716999999999,3.9475691999999998
2250,0.76187344999999995,0.18621828000000001,0.0027002464,444755.71999999997,0.011016609,5
2251,0.81417547000000001,0.14736795999999999,1.0000000000000001e-05,413992.14000000001,0.019683294,3.9012055999999999
2252,0.50572329999999999,0.19697440999999999,0.023408911000000001,544097.30000000005,0.0090946203,5
2253,0.48781542999999999,0.17597945000000001,0.092400695000000005,803844.64000000001,0.016967157,4.2229843999999996
2254,0.83996157000000005,0.16706319,1.0000000000000001e-05,444644.46000000002,0.013629126,2.8141422
2255,0.86338216000000001,0.16404869,0.0119527,483459.85999999999,0.013950307,0.001
2256,0.88377320000000004,0.19056287,0.0030104791,477608.78000000003,0.010203240000000001,2.5817876000000002
2257,0.83368058,0.19320345999999999,0.00012655709000000001,416488.84999999998,0.013726759999999999,1.3431664000000001
2258,1,0.17366528000000001,0.0053691377999999998,459219.32000000001,0.016324000000000002,4.1375839000000001
2259,0.70550321000000005,0.14831406,0.0055735487999999996,403916.25,0.022008715000000002,5
2260,0.54319896000000001,0.17039584999999999,1.0000000000000001e-05,400449.72999999998,0.020681163999999998,4.7471838000000002
2261,0.56521958000000005,0.16659191000000001,1.0000000000000001e-05,416969.95000000001,0.019139647999999999,3.0314285999999999
2262,0.78842241999999996,0.16067549,1.0000000000000001e-05,425175.04999999999,0.020929401,1.9674887000000001
2263,0.74795752000000004,0.15018786000000001,0.029563625999999999,557835.30000000005,0.022071566000000001,2.9259048000000001
2264,0.61313949999999995,0.21543071999999999,0.021622133000000002,488168.58000000002,0.018626696000000002,5
2265,1,0.17575576000000001,0.023644525,499140.25,0.014156207000000001,0.001
2266,0.42533256000000003,0.15182867,0.0083257578999999995,468172.02000000002,0.015450857,3.1000603
2267,0.68190556000000002,0.19114289000000001,0.011153843,515435.76000000001,0.0098406677999999994,2.4990304000000001
2268,1,0.20537712999999999,0.036708017000000003,559038.10999999999,0.015695152,0.37878559000000001
2269,0.62614312999999999,0.17302933000000001,0.034115416000000003,492263.47999999998,0.018638489000000001,4.5198555000000002
2270,0.61868056999999999,0.16039096,1.0000000000000001e-05,449277.40000000002,0.012502169,2.5956383999999999
2271,0.74215726000000004,0.17868276999999999,1.0000000000000001e-05,463430.21000000002,0.012622322,3.5800008999999999
2272,1,0.1901371,0.0016829045,423872.28000000003,0.013254079,0.34612722000000001
2273,0.77750302999999998,0.19640843999999999,0.013209009000000001,479986.17999999999,0.018913901,4.4151645000000004
2274,0.84730868000000004,0.17641987000000001,0.0076543981999999998,464764.59000000003,0.019539806,3.7149473999999998
2275,0.96767055999999996,0.20804837000000001,0.014275726000000001,497045.79999999999,0.012927924,0.73404864999999997
2276,0.88552929999999996,0.15366679999999999,1.0000000000000001e-05,402890.76000000001,0.024556405,0.41829170999999998
2277,1,0.16807396999999999,0.041802840000000001,538326.66000000003,0.019390339999999999,2.5569171000000002
2278,1,0.16514818000000001,0.023700662000000001,494788.31,0.019662414999999999,3.1810179999999999
2279,0.90678698000000002,0.18682139,0.00010896072,409559.25,0.020218705,2.4811049999999999
2280,0.94461700000000004,0.16983831999999999,1.0000000000000001e-05,407439.16999999998,0.016291163000000001,2.1414197000000001
2281,1,0.16640840000000001,0.00096983221000000004,468013.03999999998,0.014967338,5
2282,0.52981752999999998,0.18148600000000001,0.029501945000000002,483150.51000000001,0.020557358000000001,4.6530313999999997
2283,0.58219690999999996,0.19053822000000001,0.00036012483999999997,439170.84999999998,0.015626287999999999,2.2567339
2284,0.87466074000000005,0.17183498,0.0086692117000000003,477659.25,0.011925945,1.6400303000000001
2285,0.95359126999999999,0.16493542999999999,0.026329874999999999,439311.16999999998,0.024092131999999999,1.4782628
2286,0.70705333999999997,0.20350957,0.044288255999999998,513854.28999999998,0.015920968000000001,2.8340599000000002
2287,0.81997193999999995,0.19342912000000001,0.013997254000000001,435031.28000000003,0.017876047999999999,5
2288,0.68474084000000002,0.19915494,0.027621057000000001,520006.07000000001,0.015527462000000001,5
2289,0.86126276000000002,0.15715704999999999,0.040868357000000001,532956,0.020358786,0.69569882999999999
2290,0.64832458000000004,0.17997125,0.033012452999999997,539482.68000000005,0.015272847000000001,3.0142416999999999
2291,0.68229158999999995,0.16523994,0.063828843999999996,621338.62,0.017833462000000001,4.8531846999999999
2292,0.62546084999999996,0.19759471000000001,1.0000000000000001e-05,431831.70000000001,0.019278013,2.5158377999999999
2293,0.93010207,0.17200185000000001,1.0000000000000001e-05,401271.59999999998,0.022471365,4.1338470999999997
2294,0.92881530000000001,0.15856830999999999,0.043884014999999998,613017.31000000006,0.017087945,2.3863300999999999
2295,0.93177241,0.17558962,0.052035422999999997,629719.71999999997,0.016593922000000001,1.2160105000000001
2296,0.71389462000000004,0.18822536000000001,0.0084232565000000002,453275.95000000001,0.010312363,2.4679991000000001
2297,0.60137894000000003,0.1805755,1.0000000000000001e-05,388672.57000000001,0.018871720000000002,5
2298,0.81509432000000004,0.17791000000000001,0.020107789000000001,477403.08000000002,0.018979550000000001,1.2145066
2299,0.77479673999999998,0.17942511,0.0047779112999999998,398588.59999999998,0.01624546,4.4189183999999999
2300,0.83910154999999997,0.17534694000000001,0.010940396,439054.59999999998,0.018593295999999999,3.8785045
2301,0.86018799999999995,0.19290681000000001,0.012901566,493611.70000000001,0.019288131,4.0218486999999996
2302,0.41426488,0.19228946999999999,0.026282376,513198.44,0.020358016999999999,5
2303,0.57139755999999997,0.18587338,1.0000000000000001e-05,395801.32000000001,0.016833264000000001,4.7113747999999998
2304,0.86018799999999995,0.19290681000000001,0.012901566,493611.70000000001,0.019288131,4.0218486999999996
2305,0.87048391999999997,0.18153762000000001,0.021967533000000001,483381.63,0.017907053999999999,2.2287490000000001
2306,0.72169607000000002,0.17849076999999999,0.0075507632999999999,458658.92999999999,0.014538786999999999,4.2828118000000002
2307,0.67913836999999999,0.17328399,0.0011064251999999999,450528.56,0.017300606999999999,4.9915202000000001
2308,0.88566641000000002,0.20073357999999999,0.021295359,479930.65000000002,0.021424242999999999,2.4926911
2309,0.72492277999999999,0.20983489999999999,0.0092752882000000005,451753.84999999998,0.0094894764999999999,2.6453196000000001
2310,0.39112333999999999,0.20359853999999999,1.0000000000000001e-05,396603.03999999998,0.017798622,5
2311,0.67498661000000004,0.17578531,0.0098729001999999996,459681.33000000002,0.017924592,3.3654514999999998
2312,0.67596999999999996,0.17259595999999999,1.0000000000000001e-05,459993.5,0.010515122,2.5175055999999998
2313,0.97085215000000002,0.19594732000000001,0.034588411999999999,554145.66000000003,0.012487834,1.3484335000000001
2314,0.37544073,0.17290227,0.047413451000000002,639955.15000000002,0.015926635000000001,5
2315,0.45020074999999998,0.20648147,0.020750705000000001,477878.78000000003,0.018506614000000001,3.7438020000000001
2316,0.49540179000000001,0.16379381000000001,0.013022138000000001,487759.87,0.017276517000000002,4.7484669999999998
2317,0.86479046000000004,0.16146872000000001,0.0074168196999999996,437000.69,0.015969392999999998,0.001
2318,0.57128277999999999,0.20412869,0.020848238000000002,512975.31,0.017926284000000001,2.5607817000000002
2319,1,0.15920028,1.0000000000000001e-05,368167.71000000002,0.023137996000000001,0.001
2320,0.63533028999999996,0.21290838000000001,0.043522184999999998,612401.56000000006,0.014607383999999999,4.1101555000000003
2321,0.94189001000000006,0.16016373,1.0000000000000001e-05,399944.19,0.015319914,0.59979755999999995
2322,1,0.19164113999999999,0.016772938000000001,468725.46999999997,0.018159225000000001,0.86790226000000004
2323,0.85786620999999996,0.16059002999999999,0.010226928,438676.90000000002,0.023680379000000001,4.1606082999999998
2324,0.92030502999999997,0.16915385999999999,0.0096539313999999994,447666.63,0.016082717999999999,0.001
2325,0.90099657,0.18942079000000001,0.0092168977000000006,462712.96999999997,0.015506415000000001,3.6025295000000002
2326,1,0.19901302000000001,1.0000000000000001e-05,406806.75,0.020143233,0.001
2327,0.55044729000000003,0.17738999999999999,0.033728407000000002,501674.82000000001,0.023542871999999999,2.9912972
2328,0.70200001999999995,0.18722596999999999,1.0000000000000001e-05,405554.08000000002,0.016922244999999999,4.8084274000000002
2329,1,0.19380617999999999,1.0000000000000001e-05,364015.41999999998,0.016627774000000001,2.9671294000000001
2330,0.77473475999999997,0.19210573,0.022019733999999999,479408.66999999998,0.015644926999999999,1.7645225
2331,1,0.16751515,0.047165991999999997,578411.98999999999,0.022641347999999999,1.1706612999999999
2332,1,0.17926549,1.0000000000000001e-05,383305.91999999998,0.019058188,1.5437369000000001
2333,0.74928424000000005,0.18684666999999999,0.018867082,471182.03000000003,0.019359246,2.2236324999999999
2334,0.88379662999999997,0.17001521,0.023460139000000001,504382.79999999999,0.01837515,1.4432251
2335,0.51915747999999995,0.16361539,0.026316369999999999,477317.66999999998,0.021339476999999999,3.7783823000000001
2336,1,0.19831473999999999,0.0039320099000000001,453079.17999999999,0.014590093,0.001
2337,1,0.17361840000000001,0.013439163,491253.70000000001,0.022991705000000001,0.26364524
2338,0.76868985999999995,0.15916374,0.028468975000000001,504883.03000000003,0.018068659000000001,0.46773416000000001
2339,0.76162189000000002,0.20275181,0.076279054999999998,867997.78000000003,0.015289657999999999,3.7467484
2340,0.74751517999999995,0.20828016999999999,1.0000000000000001e-05,469189.47999999998,0.01007565,1.1676500000000001
2341,0.87525624000000002,0.17626080999999999,0.021870414000000001,445443.01000000001,0.014087384,4.5024275999999999
2342,0.93116376000000001,0.16989423000000001,0.0070211971999999999,477522.79999999999,0.017852102000000002,4.0592211000000002
2343,0.83950648999999999,0.19559850000000001,0.034807730000000002,554405.26000000001,0.013824942,1.9866302
2344,0.42166972000000003,0.17408471,0.028276089000000001,495443.03999999998,0.016366953,5
2345,0.92493930999999996,0.19436718,1.0000000000000001e-05,437598.98999999999,0.015602595,2.3015118000000001
2346,0.83597538000000005,0.20445000999999999,1.0000000000000001e-05,446919.88,0.016599302999999999,5
2347,0.56556004999999998,0.16832788000000001,0.010196765,441641.54999999999,0.023485524000000001,5
2348,0.86152786999999997,0.16013815000000001,1.0000000000000001e-05,449205.21999999997,0.013701665,0.001
2349,0.59301680999999995,0.20079361000000001,1.0000000000000001e-05,439236.85999999999,0.010832926999999999,4.0824049999999996
2350,0.70436739999999998,0.18631089000000001,0.020957238,529311.83999999997,0.011873771999999999,1.793191
2351,0.60404336999999997,0.19575925999999999,1.0000000000000001e-05,462671.75,0.014932442000000001,3.6668383000000002
2352,0.82187873,0.18829831,0.0056733184999999998,443032.77000000002,0.019632170000000001,2.9333065999999999
2353,0.95925375000000002,0.16919323,1.0000000000000001e-05,437098.28000000003,0.018239529000000001,0.18575460999999999
2354,0.88989839000000004,0.17440182000000001,1.0000000000000001e-05,431102.87,0.017097448000000001,4.8977763999999997
2355,0.67621346999999998,0.16115814000000001,0.038564063000000003,528355.83999999997,0.017413891000000001,3.1205178
2356,0.75763687000000002,0.15424193,0.00057372255,432502.12,0.016681537999999999,2.9830652
2357,0.85543378000000003,0.18674313000000001,0.0010933900000000001,430161.70000000001,0.016226232,4.1662849
2358,0.41853808999999997,0.15344157,0.00059031579999999995,401098.32000000001,0.016148479,3.6624642999999999
2359,0.77598915999999996,0.18236835000000001,1.0000000000000001e-05,416942.90000000002,0.015692022,4.3444073000000003
2360,0.94132738000000005,0.16848273999999999,0.0022007873000000002,396198.46000000002,0.018626363999999999,3.2182819
2361,0.98336886000000001,0.16443221,0.040257366000000003,620604.60999999999,0.020985225,3.5120399999999998
2362,0.52799609999999997,0.19254310999999999,0.016854859,509032.25,0.013429399999999999,3.6454008
2363,1,0.15548754000000001,0.0084711223999999995,405013.40000000002,0.017887789000000001,3.2298396
2364,0.84523471999999999,0.20096433999999999,1.0000000000000001e-05,433129.28999999998,0.010181063000000001,2.8322631999999999
2365,1,0.1742003,0.019996603000000002,443520.33000000002,0.021191973999999999,2.7070316999999999
2366,1,0.19997587999999999,0.0074522746000000003,473625.02000000002,0.017671102000000001,3.7960470000000002
2367,0.76242774999999996,0.16666596,0.032829830999999997,546867.70999999996,0.018439573000000001,2.9634342
2368,1,0.19598322000000001,1.0000000000000001e-05,414812.34000000003,0.012645689,0.001
2369,0.83179614000000002,0.14382246000000001,0.04422682,516720.25,0.0156489,1.8427636999999999
2370,0.44005135000000001,0.16535457000000001,0.012708063,424326.41999999998,0.017796381999999999,3.8294277999999999
2371,0.57001871999999998,0.17996435,0.048356350999999999,580671.82999999996,0.012351867000000001,2.7154457000000001
2372,0.7543822,0.17247487,0.012908516,423191.13,0.023824890000000001,4.1707707999999997
2373,0.74421179000000004,0.17621459,0.0012127584999999999,416753.21999999997,0.014849706000000001,3.7732641999999998
2374,0.33241343000000001,0.14647926999999999,1.0000000000000001e-05,421307.27000000002,0.021686051000000001,5
2375,0.64832513999999997,0.19192196,0.025875225000000002,469990.40000000002,0.01475805,3.9687882000000001
2376,0.93655732000000003,0.18290890000000001,0.013816794,463976.71000000002,0.014189490000000001,5
2377,0.72205434999999996,0.19474907,0.025152173,508238.15000000002,0.015048538,2.9140012
2378,0.98499833000000003,0.18476377999999999,0.0044634725000000002,435481.54999999999,0.020859559999999999,4.6295115999999998
2379,0.91227278000000001,0.18453797999999999,1.0000000000000001e-05,436098.90999999997,0.01472658,2.7725743
2380,0.57846428000000005,0.19158701,0.0030806815999999998,482520.51000000001,0.012171023,5
2381,0.55254440000000005,0.18303175999999999,0.026731380999999999,482092.92999999999,0.0098732938999999999,5
2382,1,0.18268055,0.0062097005999999996,419034.20000000001,0.022769270000000001,4.2743713000000003
2383,1,0.16723699,1.0000000000000001e-05,444909.81,0.016966736999999999,0.98832894000000004
2384,0.87883796000000003,0.18425579,2.4149133999999999e-05,397270.69,0.020214099999999999,1.0537555000000001
2385,0.91974913999999997,0.19956169000000001,1.0000000000000001e-05,408404.22999999998,0.016160022,3.7600882000000002
2386,0.53646267000000003,0.20993345999999999,0.021282677999999999,548016.25,0.010896021000000001,2.9824060999999999
2387,0.71685847999999996,0.17266736999999999,1.0000000000000001e-05,413325.03999999998,0.020194987000000001,2.1012548999999998
2388,0.54613356999999996,0.18766379,1.0000000000000001e-05,417155.85999999999,0.017737785999999998,5
2389,0.67335241999999995,0.16756815999999999,0.0041992032000000004,406248.32000000001,0.024685973,5
2390,0.44288021,0.20564147999999999,1.0000000000000001e-05,430937.56,0.017643731999999999,3.9582809000000001
2391,0.77965225999999999,0.18466347999999999,0.013101899,430182.98999999999,0.019827429000000001,5
2392,0.64716235,0.15629121000000001,1.0000000000000001e-05,398859.96999999997,0.012807667,4.6799523000000001
2393,0.54557253000000006,0.20412396999999999,0.028694101,470623.09999999998,0.013243244,3.6267355000000001
2394,1,0.18735847,0.00077914610000000002,457546.34000000003,0.015452512999999999,4.1054893000000003
2395,0.78221929000000001,0.22122544999999999,1.0000000000000001e-05,419720.13,0.015950049000000001,5
2396,0.71831350999999999,0.16705534,1.0000000000000001e-05,415262.53000000003,0.016828539,2.8238916999999999
2397,0.42516464999999998,0.18589770999999999,0.015743170000000001,499772.97999999998,0.017242217000000001,4.1258508999999997
2398,1,0.18006505,1.0000000000000001e-05,433282.98999999999,0.021380756000000001,0.99232094999999998
2399,0.51637787999999996,0.20128035999999999,0.0032371437999999999,409886.85999999999,0.016589571000000001,4.7970863000000001
2400,0.84786855999999999,0.15490925,7.3045428999999996e-05,383160.03000000003,0.023923788000000001,4.9863590000000002
2401,1,0.18782426999999999,1.0000000000000001e-05,430582.48999999999,0.018212903999999999,0.001
2402,0.43394126999999999,0.21442178000000001,0.0063199716,461865.71999999997,0.016669788000000001,4.6996460000000004
2403,0.79147031000000001,0.18914499000000001,0.0063925672000000001,477710.40999999997,0.013005160999999999,1.4854609999999999
2404,0.73223950000000004,0.15196814,0.0070625291999999998,450549.51000000001,0.014863026,0.38029296000000001
2405,0.69448949999999998,0.18205547,0.042554996999999997,600645.35999999999,0.011789569,2.4433734
2406,0.95287427999999996,0.17761193,0.015593091999999999,466687.09999999998,0.014006948999999999,0.001
2407,0.83252417999999995,0.17233794999999999,0.0073050544999999998,478978.77000000002,0.013251938,2.8656763000000001
2408,0.66988338999999997,0.18317589000000001,1.0000000000000001e-05,442740.5,0.013825047,4.4211904000000004
2409,0.62711285000000005,0.15836578000000001,0.029734275000000001,486250.40999999997,0.02184854,4.6431388
2410,0.86983593999999997,0.17834111,0.029017090999999998,488375.90999999997,0.013809016,3.6849563000000001
2411,0.84455826000000001,0.18826444000000001,0.017918081999999998,486003.41999999998,0.015988461999999998,0.99898547000000004
2412,0.81467458999999998,0.22009571,1.0000000000000001e-05,438742.46000000002,0.014624287,3.2031063999999998
2413,0.70300731999999999,0.18614464999999999,0.0029597739000000001,429669.34000000003,0.016306445999999999,3.1050220999999998
2414,0.71444905999999997,0.17904212,0.029977714999999999,585622.30000000005,0.019832128000000001,1.7235296
2415,0.79278362999999996,0.18872337,0.0056742168000000004,440068.46000000002,0.015520485000000001,3.2425693
2416,0.51359619999999995,0.18999161000000001,1.0000000000000001e-05,401126.34000000003,0.019045889999999999,4.7513107000000003
2417,0.41568105,0.18943394,0.016036936000000002,491266.71999999997,0.016362814999999999,5
2418,0.61864273000000003,0.19872528,0.0062458566000000004,461870.96999999997,0.014103974,5
2419,1,0.15735287000000001,1.0000000000000001e-05,421676.76000000001,0.014121775,0.001
2420,0.57131814000000003,0.18742540999999999,0.0086027437999999998,470381.83000000002,0.0128723,2.7970853
2421,1,0.17523837,1.0000000000000001e-05,398005.34000000003,0.022938336,2.4713040999999998
2422,0.92253615,0.16781943999999999,0.15301739,903360.04000000004,0.018623975000000001,3.4286759
2423,0.58054691000000003,0.19151493,0.029299652999999998,525887.5,0.017180065000000001,5
2424,0.97503441000000002,0.19786648000000001,0.0027150418999999999,376837.03999999998,0.017453006,3.0807538999999999
2425,0.40501136999999998,0.19846096999999999,1.0000000000000001e-05,427415.90999999997,0.017247445,5
2426,0.94067265,0.2007428,0.015332632000000001,432183.26000000001,0.023221391000000001,1.8634469
2427,1,0.14893138,0.032787122000000002,522255.71999999997,0.014299856,0.55505729000000004
2428,0.50354025999999996,0.18889882999999999,1.0000000000000001e-05,407206.91999999998,0.017841959000000001,5
2429,1,0.20488485000000001,0.0011341077000000001,477815.21000000002,0.015055686,0.001
2430,0.95717090000000005,0.18905411,0.017188671999999999,481238.34000000003,0.013073836,1.0222500000000001
2431,1,0.20111591000000001,0.030673308,553111.20999999996,0.011217414,0.001
2432,0.51335938000000003,0.20804117,0.037803392999999998,544872.06000000006,0.013363584,3.2228188000000002
2433,0.59684179999999998,0.19362741,1.0000000000000001e-05,428380.47999999998,0.013050585999999999,2.8890437000000002
2434,1,0.1844876,0.030161944999999999,528454.56000000006,0.020422717999999999,5
2435,1,0.17467031,0.015216587,400080.76000000001,0.028945985,1.7114594999999999
2436,0.42465212000000002,0.17254177000000001,0.0060346705000000004,402541.34999999998,0.015480101,3.9807492
2437,1,0.15707904,0.048883560999999999,512770.20000000001,0.023747902000000001,0.001
2438,0.51578354999999998,0.18830325000000001,0.033165554,452954.33000000002,0.018481322000000001,5
2439,0.35359600000000002,0.14995518999999999,0.0038646075000000001,411979.34999999998,0.025263559000000001,4.8751198000000002
2440,0.73130578000000002,0.18784607,0.020613064,491527.77000000002,0.013662423,5
2441,0.84802646000000004,0.18345908,0.029695441,528882.95999999996,0.020964529999999999,3.5209429000000001
2442,0.56701736000000003,0.20592115999999999,0.017057269,396376.32000000001,0.019009616,5
2443,0.67625212999999995,0.18435784,0.12166780000000001,877309.87,0.020375739,4.5016749999999996
2444,1,0.16089645,0.00084492655000000005,450121.84999999998,0.012529510000000001,1.4979939
2445,0.89167322000000004,0.15116892000000001,0.014641411999999999,504247.03999999998,0.018061494000000001,1.0627515999999999
2446,0.64099300000000003,0.14828638,1.0000000000000001e-05,410764.29999999999,0.024443332000000002,5
2447,0.60716762999999996,0.19220072999999999,1.0000000000000001e-05,428038.21999999997,0.015694973000000001,1.6960831999999999
2448,0.81862128000000001,0.14759184,0.014938187,473664.56,0.015626625000000002,4.1479882000000003
2449,0.90906810999999998,0.17386152999999999,0.015158566,458359.21000000002,0.014780124,1.1898116000000001
2450,0.52510471000000003,0.16999267000000001,0.036411438999999997,658800.65000000002,0.013915742,3.3629731
2451,1,0.19995798000000001,1.0000000000000001e-05,415059.53000000003,0.015388657,0.001
2452,0.42131394,0.17675529000000001,1.0000000000000001e-05,398650.45000000001,0.022617155,4.7830519000000002
2453,0.50037155,0.1926013,0.010977749,454274.07000000001,0.015054045,5
2454,0.61846056000000005,0.19034123,0.041541608000000001,593363.59999999998,0.019416517000000001,5
2455,0.95902251999999999,0.18100111999999999,0.055042317,592804.73999999999,0.013418817,1.1025799999999999
2456,0.65876981999999995,0.156528,1.0000000000000001e-05,461616.90000000002,0.013633503999999999,4.1053175
2457,1,0.15807076,0.078523560000000006,656058.32999999996,0.021566195,0.001
2458,0.63096585999999999,0.20173967000000001,5.1810978999999998e-05,420050.45000000001,0.018713936,3.1380001000000002
2459,1,0.19717987000000001,0.015263911999999999,474378.37,0.019149412000000001,2.5306253000000001
2460,1,0.18201011,1.0000000000000001e-05,417358.5,0.022778129000000001,1.3788518999999999
2461,0.83957132000000001,0.19485387000000001,1.0000000000000001e-05,415283.34000000003,0.016205010999999998,3.1017410000000001
2462,0.61051500999999997,0.17836799,1.0000000000000001e-05,400108.12,0.02059629,2.2665384999999998
2463,0.56984791000000001,0.17627076999999999,0.056685253999999997,604755.48999999999,0.024005773000000001,3.5497717999999998
2464,0.99998456000000002,0.18287459,0.017146181,509597.21999999997,0.013364053000000001,0.001
2465,1,0.14340634999999999,0.014467716,484855.39000000001,0.023438852,0.001
2466,0.91549701000000006,0.19420501000000001,0.035694484999999998,607943.51000000001,0.013503390000000001,2.6453193000000002
2467,1,0.17668238999999999,1.0000000000000001e-05,412589.27000000002,0.019237174999999999,5
2468,0.44989286000000001,0.16940089999999999,0.019098798,435345.88,0.017895313999999999,2.8779645999999999
2469,0.87768584999999999,0.17007530000000001,1.0000000000000001e-05,477295.59999999998,0.016446374,1.4321003999999999
2470,0.77130111000000001,0.21554809999999999,0.029808426999999998,548948.43000000005,0.013227598,5
2471,0.69225037,0.17256213000000001,0.047606463000000002,594797.16000000003,0.021807229000000001,2.9361714000000001
2472,0.77362032999999997,0.16071653999999999,0.0054474275999999997,426860.48999999999,0.023985269,5
2473,0.44015873,0.18950982999999999,1.0000000000000001e-05,385727.03999999998,0.021281201,4.2297224
2474,0.99585387000000003,0.17840294000000001,0.026759153000000001,531935.54000000004,0.019234089999999999,3.1788615999999998
2475,0.88141289,0.20107992,0.0079048291999999996,480432.5,0.012049455000000001,0.18541566000000001
2476,0.57797198999999999,0.18786322,0.0023904524000000001,413314.94,0.018006606000000001,5
2477,1,0.19473787000000001,0.016814866000000001,474526.96999999997,0.012991618,5
2478,0.90870806000000004,0.14017889,1.0000000000000001e-05,410739.08000000002,0.021548475000000001,5
2479,1,0.17200884999999999,1.0000000000000001e-05,453581.71000000002,0.013197924999999999,0.001
2480,0.62781905000000005,0.19977428,1.0000000000000001e-05,350328.94,0.014635791,1.0315692000000001
2481,0.92325489000000005,0.17716346999999999,0.0094947678999999993,449895.82000000001,0.019729321000000001,0.49898056000000002
2482,0.87258449999999999,0.20255371,0.0088283470000000003,438985.92999999999,0.015579487,2.6503057999999999
2483,0.67379911999999997,0.17499184000000001,0.070868239999999999,665117.57999999996,0.014162398,2.3498543000000001
2484,0.85185493000000001,0.16567597000000001,0.10760960999999999,855274.05000000005,0.024979998999999999,0.58319737000000005
2485,0.39555484000000002,0.19404124,0.026703358999999999,488172.23999999999,0.015968601999999998,4.9983928999999998
2486,1,0.18708981,0.018096952999999999,549785.65000000002,0.012256743,3.4564105999999999
2487,0.98866412000000004,0.15908462000000001,1.0000000000000001e-05,404859.22999999998,0.020511590999999999,0.001
2488,0.58905995,0.17017162999999999,0.046720594999999997,586004.07999999996,0.016819391,5
2489,1,0.17179053999999999,0.015152175,485638.23999999999,0.018586615000000001,1.7117249999999999
2490,0.41637268,0.17191159,0.0041446946000000002,490606.64000000001,0.011696145,3.9962502999999998
2491,1,0.14935019999999999,0.033138279999999999,522160.97999999998,0.025452710999999999,0.001
2492,0.49355734000000001,0.18496102,0.023750436,528886.78000000003,0.014833048999999999,4.192882
2493,0.75985606999999999,0.16141733,0.0191542,548879.66000000003,0.013196052999999999,2.6914077999999999
2494,0.78717676999999997,0.17316835999999999,1.0000000000000001e-05,399556.53999999998,0.016336914000000001,1.4009041
2495,0.99956813,0.18061304,0.014178980000000001,465179.84999999998,0.017216502000000002,1.6660145
2496,0.97328433999999997,0.19262074000000001,0.0045052801,440182.59999999998,0.015950290999999998,0.11078855999999999
2497,0.82266081000000002,0.19417675000000001,0.011122020999999999,511815.84000000003,0.01546666,0.89716746000000003
2498,1,0.16452629999999999,1.0000000000000001e-05,418924.29999999999,0.012886358000000001,0.23059978
2499,0.87635242000000002,0.16974929999999999,0.0023101049999999998,431268.23999999999,0.015852245000000001,2.4157293000000002
2500,0.84602010000000005,0.17590239999999999,0.014867969,561126.19999999995,0.013071701999999999,0.64338600999999995
2501,0.33479615000000001,0.18352431999999999,0.028333171000000001,515307.69,0.015162200000000001,5
2502,0.83779009000000004,0.20770588000000001,0.046299641000000002,555889.55000000005,0.013001275,2.2125205000000001
2503,0.93260279000000001,0.16792561,1.0000000000000001e-05,389269.71999999997,0.022986323999999999,2.9591786999999998
2504,0.46889860999999999,0.16234388,0.062578153999999997,627560.20999999996,0.014001905,5
2505,0.71401468000000001,0.18969079,1.0000000000000001e-05,418330.69,0.018880767,5
2506,0.85399681000000005,0.16076599999999999,0.0024271863000000001,440215.33000000002,0.012326863,0.94125687000000002
2507,0.79532913000000005,0.19380101,0.015723641999999999,436629.28999999998,0.014577016,3.3767811999999999
2508,1,0.16579504,0.0078818541000000002,454256.31,0.016412001999999998,0.001
2509,0.67619598999999997,0.18483521999999999,0.022553701999999998,511597.40999999997,0.017680422000000001,5
2510,0.56759411999999998,0.19375091999999999,0.0045231326000000002,463109.75,0.0136813,3.3107391000000002
2511,0.97898693000000003,0.20189782000000001,0.023547229999999999,485614.67999999999,0.020075966000000001,1.0532680000000001
2512,0.82531290000000002,0.17411750000000001,0.010653251000000001,442934.96000000002,0.021652728999999999,2.5951012000000002
2513,1,0.17986207000000001,0.0050086532999999997,437653.38,0.019419414999999999,3.1771894999999999
2514,1,0.1953144,1.0000000000000001e-05,422481,0.011015202,0.001
2515,1,0.18579471,0.050266105999999998,659491.15000000002,0.019770797,0.001
2516,0.68763485999999996,0.17023874999999999,0.017181912000000001,455710.90999999997,0.025117024000000002,5
2517,0.82572783000000005,0.18526856,0.0082632955000000001,469229.35999999999,0.017633388999999999,5
2518,0.89231797000000002,0.20037888000000001,0.0056018007000000003,471454.37,0.011062931,0.55349641000000005
2519,0.81851109,0.17451750999999999,0.010746283000000001,474686.38,0.017175187000000001,2.5877659
2520,1,0.13330423999999999,1.0000000000000001e-05,420048.95000000001,0.016592419000000001,0.001
2521,1,0.16510114000000001,0.013918022,473740.15999999997,0.017741661999999998,3.7511687999999999
2522,0.62664821000000004,0.18556281999999999,1.0000000000000001e-05,424285.34999999998,0.012537042999999999,3.1130333000000001
2523,0.87323689000000004,0.18476617000000001,0.023485399000000001,526529.83999999997,0.013755361000000001,0.62379583999999999
2524,0.66280623000000005,0.15008041,0.01415347,516361.98999999999,0.026999493999999999,3.7741448000000002
2525,0.85580864000000001,0.19714757999999999,1.0000000000000001e-05,410412.53000000003,0.014302954999999999,5
2526,0.87480877000000001,0.20701622,1.0000000000000001e-05,418987.45000000001,0.017286038,1.3899326000000001
2527,0.99118792,0.17453825000000001,0.022961656,492757.26000000001,0.018232794,0.48721493999999999
2528,0.76204720999999997,0.16906678999999999,0.079245186999999995,679764.43999999994,0.014432148000000001,3.3453881000000001
2529,0.50477464999999999,0.18237143,1.0000000000000001e-05,423416.88,0.015572189,4.9999196000000001
2530,0.63101914999999997,0.16617567,1.0000000000000001e-05,442891.25,0.015276124,2.510122
2531,0.69291522999999999,0.18834016000000001,0.0040958089000000001,444355.59000000003,0.020408702000000001,4.6973650999999998
2532,0.95409906,0.20556035,0.025244333000000001,523219.96999999997,0.015585735,0.74306229000000001
2533,0.76358512000000001,0.20223633999999999,0.021495804,510746.79999999999,0.013191507,5
2534,0.81013433999999995,0.18441202000000001,0.0019460980000000001,440500.03999999998,0.018814924,3.4181897999999999
2535,0.95816171000000006,0.19077065000000001,1.0000000000000001e-05,454302.63,0.010904646,2.3489062999999999
2536,0.87043526000000004,0.17121479000000001,0.00082601205000000001,482684.57000000001,0.017504786000000001,0.34704216999999998
2537,0.43149610999999999,0.15511469999999999,0.029346067999999999,497483.03000000003,0.020921579999999999,5
2538,1,0.18200406999999999,1.0000000000000001e-05,419938.10999999999,0.012974777999999999,2.9128085000000001
2539,0.41524406000000003,0.20326796999999999,1.0000000000000001e-05,440373.21000000002,0.015026207999999999,3.9705159000000001
2540,1,0.15417310000000001,0.010260109999999999,461813.23999999999,0.018845157000000001,0.001
2541,0.92350845000000004,0.19086302999999999,0.016399456999999999,515204.45000000001,0.0099957911999999996,1.7244159999999999
2542,0.35275525000000002,0.15393432000000001,0.0016890220999999999,419982.34000000003,0.020859933000000001,4.7374336000000001
2543,0.82143611999999999,0.18211183,0.014822597999999999,484557.62,0.019854696000000002,2.5383558000000002
2544,1,0.20885537000000001,0.0051517578000000001,427313.76000000001,0.015784049000000001,0.001
2545,0.98033057999999995,0.20316693,0.0053262700999999997,461840.95000000001,0.013242818,4.8347942000000002
2546,0.85525728999999995,0.17492181000000001,0.0050490641999999999,443549.84999999998,0.016797755000000001,3.4968436999999999
2547,0.95808780999999998,0.18021441999999999,0.0026690629000000001,414575.78000000003,0.022032383999999999,0.39044056999999999
2548,0.93772869000000003,0.17050069000000001,0.011468376000000001,484351.96999999997,0.011093143999999999,0.001
2549,0.3554139,0.15342159999999999,0.032888434000000001,609205.07999999996,0.019889141999999999,4.7052367999999998
2550,0.59100821000000003,0.18358991999999999,0.012375407,497190.76000000001,0.016520711,2.1946017000000002
2551,0.78013604000000003,0.21488185000000001,0.0031387969,408133.79999999999,0.013749674999999999,3.4370862999999998
2552,0.94227340999999998,0.17973330000000001,0.016150230000000002,503125.27000000002,0.017169987000000001,0.56244284
2553,1,0.18075638999999999,0.0019809020000000001,441689.78999999998,0.020971743000000001,0.27243240000000002
2554,0.85779923999999996,0.17461734000000001,0.035486430999999999,481295.73999999999,0.019657151000000001,0.001
2555,0.86068166999999995,0.17523237999999999,0.015345246,445051.09999999998,0.016320062999999999,2.6928570999999999
2556,0.49817758000000001,0.18237399000000001,1.0000000000000001e-05,418749.29999999999,0.017786956,3.9417399999999998
2557,0.75127851999999995,0.18163194999999999,0.023891388,509718.82000000001,0.016048825999999999,0.79215479
2558,0.93213570999999995,0.17711642999999999,0.01361741,493710.37,0.012611251,2.9068322000000002
2559,1,0.18467864000000001,0.0063681787999999998,474336.06,0.012938754,2.4604143000000001
2560,0.72291176999999995,0.18149636,0.026240263,545942.56000000006,0.013312597000000001,3.3289683000000001
2561,1,0.19980357000000001,0.0094921454000000006,401561.87,0.020479416,0.64002059
2562,0.96983675999999996,0.1532946,0.048988733,540915.28000000003,0.019947835000000001,0.001
2563,1,0.20102764000000001,1.0000000000000001e-05,468291.67999999999,0.013950727,0.001
2564,0.84461580000000003,0.18132698,0.0014636543000000001,386884.52000000002,0.014750925999999999,3.3144686999999999
2565,0.64601728000000003,0.19950630999999999,0.031894506000000003,494629.52000000002,0.018244501999999999,3.7591771
2566,0.74320547999999997,0.21111862000000001,1.0000000000000001e-05,429696.94,0.016561089000000001,4.2607396
2567,0.67155980000000004,0.2154828,0.038917329000000001,472651.52000000002,0.014940563,5
2568,1,0.19574531000000001,0.0072182831000000003,489659.59999999998,0.011537,3.8064304
2569,0.86566776999999995,0.18047215,0.025322687999999999,477996.10999999999,0.015406249,1.6609951999999999
2570,0.54186407000000003,0.17853893000000001,0.015006767000000001,470694.92999999999,0.016520684000000001,3.3186548999999999
2571,1,0.18984139,1.0000000000000001e-05,457112.78000000003,0.011580561,0.20146555999999999
2572,0.75784452999999996,0.18191276000000001,0.0047235345000000003,419506.85999999999,0.016009646999999998,3.0047354999999998
2573,0.43721549999999998,0.16430798999999999,1.0000000000000001e-05,395095.44,0.023330132,5
2574,1,0.18259875,1.0000000000000001e-05,402347.15999999997,0.014842654,0.62184114999999995
2575,0.86486481000000004,0.17308117000000001,1.0000000000000001e-05,427246.01000000001,0.018981411,2.9421520999999999
2576,0.70535334999999999,0.17948289000000001,0.0082053655000000007,395039.27000000002,0.019357242,0.94286974000000001
2577,1,0.16747754000000001,0.0012122197000000001,441591.56,0.019411583999999999,1.4940696
2578,1,0.17637634999999999,1.0000000000000001e-05,439001.26000000001,0.016466734,1.9586863999999999
2579,0.84983478999999995,0.15685937,1.0000000000000001e-05,399862.56,0.017310042000000001,0.001
2580,0.79803975999999999,0.16932502999999999,0.0027865274000000002,445012.02000000002,0.01560657,3.4272073000000001
2581,0.65685561999999997,0.17722778,1.0000000000000001e-05,471651.17999999999,0.012026533000000001,5
2582,0.87265367000000005,0.19994460999999999,0.025238378999999998,450605.51000000001,0.013012266,2.9416772999999998
2583,0.51946769000000004,0.168489,0.0091199807000000004,472283.46999999997,0.016711891,4.0111815000000002
2584,0.91290832,0.19988404000000001,1.0000000000000001e-05,394483.81,0.015344150000000001,3.5823961999999998
2585,0.95746310999999995,0.18517985000000001,0.018056177,504083.52000000002,0.014230949,0.001
2586,0.99741504000000003,0.18072389999999999,0.0081963177000000005,402549.84999999998,0.020385402,5
2587,0.70251805000000001,0.1909226,1.0000000000000001e-05,427102.96000000002,0.014791512,2.8850693000000001
2588,0.55930999999999997,0.19295883,0.034181795000000001,527257.70999999996,0.015298478000000001,5
2589,0.51039763000000005,0.15979131999999999,1.0000000000000001e-05,370034.56,0.023315618,4.9178287000000003
2590,0.75324400999999996,0.20799059,0.027972088999999999,520410.84000000003,0.011639174,2.1995955999999999
2591,0.74565512,0.16339154,0.0050872430999999996,413635.54999999999,0.019055544000000001,0.62906083999999995
2592,0.58560301999999997,0.18493344,0.03027842,514464.84000000003,0.019833079999999999,5
2593,0.52891398000000001,0.21462497,0.00097121499000000003,423196.28000000003,0.013630758999999999,5
2594,1,0.1806632,0.033172636999999998,483698.09000000003,0.018056730999999999,4.3239001000000004
2595,0.77336364000000002,0.18378457000000001,1.0000000000000001e-05,433596.34999999998,0.011217385,2.7292516999999998
2596,1,0.17945631000000001,0.00069884340999999998,415533.19,0.021315681999999999,3.4762279999999999
2597,1,0.20760250999999999,0.023654347999999999,511486.63,0.021700166,2.5608067999999999
2598,0.95722951999999994,0.162297,0.011692091999999999,478173.38,0.016328444000000001,0.74147600000000002
2599,0.88130394000000001,0.18071128,0.012293802,465992.10999999999,0.01350179,1.8210470999999999
2600,0.88391786000000006,0.17871123999999999,0.058322310000000002,642775.76000000001,0.013830007,2.1088501000000002
2601,1,0.14181281000000001,0.025256213,505850.31,0.018813539000000001,1.9924827000000001
2602,0.79842559000000002,0.15940845000000001,0.026590619999999999,492564.78000000003,0.013294596000000001,0.37428940999999999
2603,0.84499404,0.18362418,1.0000000000000001e-05,442427.17999999999,0.016235025,5
2604,1,0.17292583,0.032231672000000003,530153.79000000004,0.015899864,1.9647019999999999
2605,1,0.1726973,0.036351594000000001,521132.87,0.016109761,0.001
2606,0.44178282000000002,0.15862051999999999,1.0000000000000001e-05,394614.15999999997,0.025669017999999998,5
2607,0.48724742999999998,0.17980926999999999,1.0000000000000001e-05,383587.07000000001,0.015564540999999999,4.7831267000000004
2608,0.99411802999999999,0.18806713999999999,0.028817411000000001,491517.46999999997,0.017979348999999999,4.5247719999999996
2609,0.83643075,0.15430463999999999,0.00019120667,416125.76000000001,0.016936131,3.6602787000000001
2610,0.43406707999999999,0.17844964999999999,0.016235148000000001,458901.51000000001,0.018950522000000001,5
2611,1,0.16155373000000001,0.0074478629000000003,453284.25,0.020542164000000002,4.3706461000000001
2612,0.59375840999999996,0.17629081999999999,1.0000000000000001e-05,436707.62,0.017121009,1.8937862000000001
2613,0.45754056999999998,0.16061022,0.039872183999999998,497516.64000000001,0.018674240000000002,2.9076735
2614,0.71469050999999995,0.16613929,0.054500092999999999,578385.55000000005,0.020512754000000001,1.4633700000000001
2615,1,0.17692261000000001,1.0000000000000001e-05,362977.66999999998,0.021548402000000001,5
2616,0.42220791000000002,0.17767427,0.0036084214999999998,417118.83000000002,0.016059397999999999,5
2617,1,0.18912973,1.0000000000000001e-05,429669.78000000003,0.013935183,0.53664800000000001
2618,0.65594220999999997,0.16678589999999999,0.021331289,497219.41999999998,0.016359783999999999,5
2619,0.82766211000000001,0.16477984000000001,0.027983788999999998,477431.46999999997,0.024762144,2.6183288999999998
2620,0.74381216999999999,0.16873984,0.022973912999999999,474426.5,0.011904641000000001,4.0106073000000002
2621,0.70311508,0.17875942,1.0000000000000001e-05,496384.84000000003,0.012958981,2.1134377999999998
2622,0.72613170000000005,0.20731995,0.0016434615000000001,401090.90999999997,0.012146224000000001,1.5016737
2623,1,0.18688771000000001,0.026255316000000001,614981.46999999997,0.012113386,3.0533874999999999
2624,0.44817384999999998,0.16991756999999999,0.020576489999999999,492415.96000000002,0.019127054000000001,5
2625,0.82096245999999995,0.16620325999999999,1.0000000000000001e-05,425474.21000000002,0.015228548,0.043559260000000002
2626,0.83531343000000002,0.18098695000000001,1.0000000000000001e-05,437222.03999999998,0.013506890000000001,4.9318736000000003
2627,0.97011161000000001,0.20695437999999999,0.010761186000000001,487988.02000000002,0.012081952999999999,4.1985169999999998
2628,1,0.15359339999999999,1.0000000000000001e-05,410467.40000000002,0.020006125,1.3802798000000001
2629,0.78182753999999999,0.16033616000000001,1.0000000000000001e-05,397299.58000000002,0.021644792999999999,1.1625586000000001
2630,1,0.18320774000000001,0.037688728999999997,576440.43999999994,0.015739758,1.5326066
2631,1,0.18044595999999999,0.010628159999999999,450526.87,0.016707526,0.001
2632,0.79266899999999996,0.22208437,1.0000000000000001e-05,441825.07000000001,0.014844843999999999,4.2435451000000004
2633,0.58640166999999999,0.18410457,1.0000000000000001e-05,440582.73999999999,0.020758876999999998,4.3567711999999998
2634,0.90137001999999999,0.17857920999999999,1.0000000000000001e-05,431732.33000000002,0.015347758,3.5333928000000001
2635,1,0.17875398000000001,0.042560052000000001,517038.20000000001,0.014010425999999999,2.8276846
2636,0.90939904999999999,0.21433532,0.052708166000000001,517295.16999999998,0.016892093,3.7976190000000001
2637,0.78548065,0.19764435999999999,0.025627344,546643.31000000006,0.011124321,5
2638,1,0.18374507000000001,1.0000000000000001e-05,453247.12,0.012188193,0.001
2639,0.98269220999999995,0.19369918,0.042042611000000001,588857.81999999995,0.015605232,1.5215247999999999
2640,0.84317209999999998,0.1592085,1.0000000000000001e-05,425728.28999999998,0.019586606999999999,3.1397265999999999
2641,0.88829853999999997,0.19792631999999999,0.010394047999999999,456351.81,0.015047909,2.9469759
2642,0.46031725000000001,0.17986152999999999,0.015687427,484201.62,0.01391947,3.5443547
2643,1,0.20752181,1.0000000000000001e-05,407633.60999999999,0.0095389258000000005,3.7733409
2644,0.46735972999999997,0.18903944,0.010984363,470819.13,0.012704844,5
2645,0.82204135,0.19577776999999999,0.033364405,448958.22999999998,0.013475644,2.5906867
2646,0.49357171,0.17506262,0.0056859431000000002,469298.25,0.021173355000000001,4.5952589000000001
2647,0.79883616000000002,0.18486347,0.0012261745,450748.84000000003,0.014796729,3.831029
2648,0.86107997999999997,0.17539935000000001,0.0064725798000000003,491937.34999999998,0.015091787000000001,1.6825531
2649,1,0.17438554000000001,1.0000000000000001e-05,427984.75,0.017573937000000001,4.3816499000000002
2650,0.74708593999999995,0.15497401999999999,0.013738864,518690.60999999999,0.015811327999999999,0.97473951999999997
2651,0.90967810000000005,0.18583659,0.01097159,469222.09999999998,0.016669278999999999,2.5232543000000001
2652,1,0.21121275,0.033104170000000002,625773.56999999995,0.010860521999999999,0.30334084
2653,0.41878816000000002,0.20073985,0.032660495999999997,547907.75,0.011364536,5
2654,0.96072678,0.16312330999999999,0.042177370999999998,583846.40000000002,0.015918442000000001,3.7986385
2655,0.74717990000000001,0.20424638000000001,1.0000000000000001e-05,431088.89000000001,0.019978987,3.7885737000000002
2656,0.76102526999999998,0.20230131000000001,1.0000000000000001e-05,408401.69,0.016868534000000001,2.3435934999999999
2657,0.73184384999999996,0.18430874,0.033330051999999999,544724.96999999997,0.01497218,5
2658,1,0.16688152000000001,0.029912001000000001,545558.38,0.020686838999999999,5
2659,1,0.17814235,0.011323781999999999,428211.65999999997,0.021398054,0.32085667000000001
2660,0.41260486000000002,0.14951822000000001,0.010878354,440750.79999999999,0.022955884999999999,4.5162456000000004
2661,0.99073948999999994,0.19211288000000001,0.036898519999999997,503925.97999999998,0.013298951,0.41199450999999998
2662,0.59963197999999995,0.21268238,0.0036553548999999999,453764.85999999999,0.013220822,4.9934963000000003
2663,0.55496710999999999,0.17254169,0.037149906000000003,555892.06999999995,0.015187279,3.6703386999999998
2664,1,0.17897767000000001,0.0033456571000000002,428976.23999999999,0.020600528,2.2029187000000001
2665,0.97757510999999997,0.17385550999999999,0.015751606000000001,455631.27000000002,0.018043403,0.086043991
2666,1,0.18683512999999999,1.0000000000000001e-05,417539.28000000003,0.015491668,0.001
2667,0.98359648,0.17222397,1.0000000000000001e-05,432060.28999999998,0.014518168999999999,5
2668,1,0.18049710999999999,0.070871790000000004,693749.60999999999,0.018300271,0.001
2669,0.81582496999999998,0.20706258,1.0000000000000001e-05,441492.77000000002,0.01761211,1.9064812
2670,0.94518630999999997,0.20102307,1.0000000000000001e-05,422457.48999999999,0.015328339,1.5785883999999999
2671,0.50294863999999995,0.17715740999999999,1.0000000000000001e-05,468901.14000000001,0.015236535000000001,5
2672,0.80275434999999995,0.16724259999999999,0.030720270000000001,522011.72999999998,0.017084555000000001,2.9282284999999999
2673,1,0.18156939,1.0000000000000001e-05,443739.71000000002,0.01445156,3.2601637999999999
2674,0.69725530000000002,0.15941333999999999,0.0031746312999999999,406414.84000000003,0.019642428,1.6913118
2675,0.62992963999999996,0.17962454,0.029146689999999999,481884.83000000002,0.012582662999999999,3.1867144999999999
2676,0.80718259999999997,0.18119769999999999,0.016375008999999999,468340.90999999997,0.013270436,0.98269452999999996
2677,1,0.2061596,0.0034805452999999999,403680.84000000003,0.019405347999999999,0.001
2678,0.79122846000000002,0.19642878999999999,0.022430517000000001,514911.31,0.013112758,2.0044419000000002
2679,0.88705951000000005,0.18732530999999999,1.0000000000000001e-05,377141.03999999998,0.018287735999999999,2.8376534000000002
2680,0.87990310000000005,0.19085943,0.0049085626000000002,447400.65000000002,0.018141615,0.44021846999999997
2681,0.38499317999999999,0.14920943,0.023577873999999999,489293.44,0.019796194999999999,3.4481237999999999
2682,0.53742628999999997,0.17002205000000001,0.0079332486999999993,445667.08000000002,0.015451769000000001,2.3401431000000001
2683,0.43416539999999998,0.13892516999999999,0.046105329,637123.5,0.015090828000000001,3.8235876000000002
2684,0.46069344000000001,0.18373311000000001,1.0746401e-05,416594.98999999999,0.016479196000000002,5
2685,0.92318484999999995,0.16746055000000001,0.011512839,486749.84000000003,0.014313243999999999,0.92076654000000002
2686,0.75104667999999997,0.17048034000000001,0.017946736000000001,451399.78000000003,0.023177970999999999,4.5789128999999997
2687,0.32909644999999998,0.12920539,1.0000000000000001e-05,421647.40999999997,0.025921578000000001,5
2688,0.62917663999999995,0.21351669000000001,0.062013941000000003,665024.01000000001,0.010324418,2.5408696000000002
2689,0.62337279999999995,0.18241018000000001,0.0026255332999999999,443868.65999999997,0.017966486,4.7028635999999997
2690,0.84561361000000002,0.20866465000000001,1.0000000000000001e-05,468320.85999999999,0.011796221000000001,4.5883286999999999
2691,0.73213558999999995,0.18962662,0.02717222,554139.37,0.014726230999999999,5
2692,1,0.15864486,0.0021097642000000002,453946.5,0.018884405999999999,3.8834968000000001
2693,1,0.17605090000000001,0.0020543776999999998,415145.78999999998,0.017933836000000002,5
2694,0.79346629999999996,0.17968885000000001,0.029647601999999999,494933.54999999999,0.017243471999999999,1.3119384999999999
2695,0.51027254,0.18619073999999999,1.0000000000000001e-05,424892.06,0.017907507999999999,3.8075909999999999
2696,0.54223562999999997,0.17500312000000001,0.0017521545000000001,408348.34000000003,0.017027144000000001,5
2697,0.85467525,0.19533027,0.011369674999999999,515120.5,0.013989860999999999,4.4590508
2698,0.94896155999999998,0.18080505999999999,0.041690022,540412.54000000004,0.016629339999999999,0.001
2699,1,0.19721985,0.00032634158000000003,421427.21999999997,0.014485679,0.83130161000000002
2700,0.47524069000000002,0.19470402000000001,0.044727728000000001,594727.30000000005,0.015086983,4.7593861000000004
2701,0.81423864000000001,0.15916390999999999,0.019829656000000001,494976.15000000002,0.018042428999999999,2.0233876
2702,1,0.17670557000000001,0.011268593,463010.52000000002,0.016952226000000001,1.0838903
2703,0.45071463,0.19873461000000001,0.023577651000000002,507750.53000000003,0.021349190000000001,3.6942577999999999
2704,0.70012558000000003,0.18996736,0.011641415,460588.79999999999,0.014527452,1.8569655
2705,0.68372060000000001,0.20646289000000001,0.038482928,551520.29000000004,0.016813794999999999,5
2706,0.5252327,0.18526814999999999,0.0058571789999999997,467536.35999999999,0.019422753000000001,5
2707,0.78054654000000001,0.18001004000000001,1.0000000000000001e-05,438007.15999999997,0.015876852,5
2708,1,0.1535677,0.058583489000000002,744784.94999999995,0.016854389000000001,0.0010586237000000001
2709,0.92985017999999997,0.18989845999999999,0.0047779926000000002,442818.35999999999,0.012957184,0.001
2710,0.84803128000000005,0.2060881,0.011696734,496873.08000000002,0.011722745,1.2054735000000001
2711,0.65530626000000003,0.20140034000000001,0.0034132581999999998,445173.09000000003,0.015287340999999999,5
2712,0.97704150999999995,0.19569898999999999,0.024334027000000001,504503.28000000003,0.015107954,1.4912245
2713,0.91172531000000001,0.16555830999999999,0.029404787000000002,555962.45999999996,0.015985355999999999,1.0375714
2714,1,0.19482263,0.0025462101000000002,471668.07000000001,0.010286093,0.001
2715,0.89191763000000002,0.19301189999999999,0.025059577999999999,544258.56000000006,0.014391454999999999,1.9518187
2716,0.74228764999999997,0.16817272999999999,1.0000000000000001e-05,449007.34000000003,0.012454475,2.5176436999999998
2717,0.93489615999999998,0.18590356,0.017479813,498537.65999999997,0.019315880000000001,3.6449703000000002
2718,0.61465868000000001,0.17347383,0.0055663422000000002,392157.59999999998,0.024458918999999999,2.6844513999999999
2719,0.97136533000000003,0.19294510000000001,0.0082344007,454702.38,0.016398719999999999,1.5874611000000001
2720,0.96371896999999995,0.18260441999999999,1.0000000000000001e-05,408962.57000000001,0.024159824999999999,5
2721,0.75985606999999999,0.16141733,0.0191542,548879.66000000003,0.013196052999999999,2.6914077999999999
2722,1,0.17194929,1.0000000000000001e-05,420548.53000000003,0.022043006,0.81681946000000005
2723,1,0.22281075,0.025205979999999999,585492.08999999997,0.0098598287,0.10498151
2724,0.88977572999999999,0.16401716999999999,0.0050621670999999998,410487.27000000002,0.019675478999999999,0.001
2725,0.71629975000000001,0.18419657,1.0000000000000001e-05,419594.13,0.018283555,4.3064894000000002
2726,0.8835518,0.22153110000000001,0.036241463000000002,586234.18999999994,0.014340360999999999,0.89361084999999996
2727,0.86337911000000001,0.17234632,0.0064021674000000004,459672.91999999998,0.019535409,2.1935937000000001
2728,0.58062689000000001,0.18303489000000001,1.0000000000000001e-05,420249.12,0.015770968,3.3062241999999999
2729,0.71374114,0.21673690000000001,0.017402908000000002,495358.06,0.011796386000000001,4.2260936999999998
2730,1,0.18943444000000001,0.0061079126999999999,409047.46999999997,0.018206623000000002,0.001
2731,0.71264563999999997,0.16555574000000001,0.060271717000000002,591348.93999999994,0.020249613999999999,2.0171421
2732,0.69935148999999996,0.17826247000000001,0.025576409000000001,553319.05000000005,0.018197529,3.0202186000000002
2733,0.66234395000000001,0.17272227000000001,0.049356919999999999,636441.73999999999,0.018005762000000002,4.2491595999999996
2734,0.63326826999999997,0.19393946000000001,0.020405149000000001,499702.27000000002,0.017909194999999999,2.9395300999999998
2735,0.33646722000000001,0.17839363999999999,0.053367296000000002,603739,0.017068803,5
2736,0.87202924000000004,0.18507313,0.047531776999999997,506983.37,0.014891687000000001,5
2737,1,0.19799048,1.0000000000000001e-05,431667.28999999998,0.015585085,0.65122519000000001
2738,0.58661631000000003,0.19637938999999999,1.0000000000000001e-05,454604.04999999999,0.011995251,3.5934132999999999
2739,0.70619295999999998,0.20071189,0.015720082999999999,467970.09999999998,0.017599363999999999,3.9981567
2740,0.97143718999999995,0.19115883,1.0000000000000001e-05,405052.78000000003,0.019222959000000001,2.1788938999999998
2741,1,0.17539921,0.011681854,490228.15000000002,0.019063666,1.2673726000000001
2742,0.91379045999999997,0.18908083000000001,1.0000000000000001e-05,410521.69,0.01680655,2.5949534000000001
2743,0.77872410000000003,0.17987784000000001,0.013991481,484844.19,0.012885462,1.1916289
2744,0.45560666,0.20178270000000001,0.025880953000000002,532590.19999999995,0.016379504,5
2745,0.96443628000000003,0.20015058999999999,1.0000000000000001e-05,421312.29999999999,0.017215210000000002,0.38286898000000003
2746,0.56475302999999999,0.18042917,0.038573191999999999,626185.20999999996,0.012757536,4.0516188
2747,0.60764783,0.16316810000000001,0.0093656751,482037.70000000001,0.015100605,5
2748,1,0.18654655000000001,1.0000000000000001e-05,423074.85999999999,0.017439361,0.001
2749,0.59814718,0.17885251999999999,1.0000000000000001e-05,461856.59999999998,0.014308669,2.5637379999999999
2750,0.82407810999999997,0.19922300000000001,0.0034753360999999999,430978.59000000003,0.015055575999999999,2.0477664999999998
2751,1,0.15439934999999999,0.0056639925999999998,463645.21000000002,0.019145813000000001,1.1885019999999999
2752,0.73240910000000004,0.16831146999999999,0.010867971000000001,464627.35999999999,0.019351599000000001,3.0732656
2753,0.84140459999999995,0.19511914,0.015824273999999999,473936.64000000001,0.015661534000000001,4.4926955
2754,1,0.19342116000000001,0.023554924000000001,481035.06,0.016288446000000002,3.8940996999999999
2755,0.55506500999999997,0.19765394999999999,0.011048107999999999,515831.46000000002,0.012438095,2.5878692999999999
2756,0.38138798000000002,0.17931716,0.019508294999999998,528554.31999999995,0.012837840999999999,4.3629943000000004
2757,0.38984955999999998,0.20520975999999999,0.022225717999999998,496192.32000000001,0.016094937,5
2758,1,0.17808918000000001,1.0000000000000001e-05,449367.28999999998,0.013606699999999999,0.001
2759,0.83124907999999997,0.18712901000000001,0.035272626000000001,548854.43000000005,0.0098209027000000001,0.77097926999999999
2760,0.75579247999999999,0.19323705999999999,1.0000000000000001e-05,410344.94,0.015333813999999999,2.7852245999999998
2761,0.39010439000000002,0.18102952,1.0000000000000001e-05,478998.94,0.010946635,4.8288225999999996
2762,0.87143101000000001,0.16882754999999999,0.015765678000000002,429388.09000000003,0.018999742,4.9044093999999996
2763,1,0.14741734000000001,0.017679202000000001,523586.40000000002,0.020080642999999999,0.001
2764,0.89403745999999995,0.1970654,0.020759423999999999,471297.95000000001,0.015699132000000001,0.001
2765,0.65354617999999998,0.18418228,0.023600557000000001,560688.41000000003,0.014825163000000001,3.351156
2766,0.66106374999999995,0.16771962000000001,0.0052637517000000003,430124.47999999998,0.019746189000000001,3.3060339999999999
2767,0.43320454000000003,0.17699396000000001,1.0000000000000001e-05,362859.41999999998,0.021726263999999999,5
2768,1,0.18720122,0.010014210000000001,446362.44,0.018563696000000001,0.001
2769,0.77690769000000004,0.16264613999999999,0.013833767,506247.85999999999,0.015865217000000001,2.7219690000000001
2770,1,0.15332465000000001,0.054776629,624015.59999999998,0.016071595000000001,0.001
2771,0.98895659999999996,0.17999531999999999,1.0000000000000001e-05,423929.65999999997,0.015324750999999999,1.5638801
2772,0.84041118000000004,0.20277481,0.025809095000000001,507581.65999999997,0.014652699,2.5599764999999999
2773,1,0.21616447,0.0062731988000000001,418316.94,0.016716491,0.80931692
2774,0.91166765999999999,0.21216183,0.013478455,481687.34999999998,0.016390846000000001,3.6640641999999999
2775,0.75266316,0.16053919,0.011137258000000001,430274.79999999999,0.023768734,0.59353213000000005
2776,0.87535057999999999,0.19265333000000001,0.025803125999999999,538465.67000000004,0.016058638,2.9307340000000002
2777,0.57226246000000003,0.2000932,0.0018814101000000001,418654.63,0.013658666999999999,1.868711
2778,0.96934028000000005,0.18551007999999999,0.0034636062999999998,447718.46000000002,0.016289286,2.3790870000000002
2779,0.94636472999999999,0.18746275000000001,1.0000000000000001e-05,407327.76000000001,0.014556161,0.001
2780,1,0.16025814999999999,0.036872082,518503.19,0.016832943,0.001
2781,0.76373489000000006,0.15352977000000001,1.0000000000000001e-05,421308.98999999999,0.020038691000000001,3.1463333000000002
2782,0.84810691000000005,0.14801391,0.013548966000000001,463927.70000000001,0.021756063999999999,5
2783,0.82688486999999999,0.189328,0.030560009999999999,569284.64000000001,0.014283860000000001,0.001
2784,0.86032240999999998,0.18361515,0.021634891,490195.03000000003,0.015292801,0.001
2785,0.88875753000000002,0.18955985,0.011650347,421385.57000000001,0.019308694000000001,0.80504407
2786,0.76000772000000005,0.19540911,1.0000000000000001e-05,421651.10999999999,0.010482055000000001,1.5331105
2787,0.99245709000000004,0.17420912,0.11013911,847555.34999999998,0.018808529000000001,1.1134455999999999
2788,0.50875968999999999,0.20324911000000001,0.017857984,509376.01000000001,0.014315418999999999,5
2789,1,0.20397639000000001,1.0000000000000001e-05,446583.09999999998,0.013099344000000001,0.48162635999999998
2790,1,0.15373729,0.0016530395,442877.85999999999,0.022863066000000001,0.92045222999999998
2791,1,0.17518143,1.0000000000000001e-05,423868.02000000002,0.022610616,0.001
2792,0.53865121000000005,0.17001025,0.043792965000000003,614413.56000000006,0.023002269999999998,3.0122129000000002
2793,0.68214291999999999,0.19640463999999999,0.043217515999999997,584409.91000000003,0.016196874999999999,2.5018780999999999
2794,0.83206086000000001,0.16650591000000001,0.084079216999999998,730298.93999999994,0.019741650999999999,3.4196607000000001
2795,0.78777551000000001,0.20898269,0.033401756999999997,515596.54999999999,0.015670608999999999,0.72768098999999997
2796,0.92380041999999996,0.17897070000000001,0.0054205868000000001,443027.89000000001,0.019883119000000001,1.4098847000000001
2797,0.84088856999999995,0.16459287,0.019423149000000001,521291.83000000002,0.014166074000000001,0.41674503000000002
2798,1,0.17261083999999999,0.018447116,445530.97999999998,0.01604554,4.9137065
2799,0.69339304999999996,0.16743415,0.018211608000000001,390661.19,0.024580028,3.7730134
2800,0.54983618000000001,0.19181849000000001,0.0024581469999999999,416690.89000000001,0.015774008999999999,2.4210433999999998
2801,1,0.14214873,1.0000000000000001e-05,420534.70000000001,0.016085835999999999,0.001
2802,0.68036182000000001,0.18099357999999999,0.010275249,434833.70000000001,0.016217968999999999,5
2803,0.97625172000000005,0.17854328,0.0047682955999999999,401624.59000000003,0.022117145000000001,2.6232587999999999
2804,0.66044099999999994,0.17926185,0.013944995,458857.15000000002,0.022157621999999998,2.6582675
2805,0.98346423999999999,0.16215479999999999,0.042812147000000002,585029.02000000002,0.019640035,2.7747274000000002
2806,0.53183601999999996,0.19002335000000001,1.0000000000000001e-05,391556.21999999997,0.012320533999999999,4.5944377999999997
2807,0.63967450999999997,0.17464331999999999,0.0083437518999999998,442286.59000000003,0.020569311999999999,4.8110239000000004
2808,0.93488084000000005,0.17466601000000001,1.0000000000000001e-05,387862.65999999997,0.016124491000000001,5
2809,0.95870191999999999,0.16445756,0.010417637,477766.89000000001,0.010790975,0.45513073999999998
2810,0.92389482000000001,0.19999121,0.0074863428000000003,467130.28000000003,0.013249356,2.7722970999999998
2811,0.49484836999999998,0.19172869000000001,0.073391968000000002,558949.02000000002,0.010419588,3.7738961
2812,0.93031026000000006,0.14772395999999999,0.025882683,541150.58999999997,0.016689187000000001,0.001
2813,0.65530005000000002,0.17667614000000001,0.040800475000000003,551142.05000000005,0.017747341,3.5227545
2814,0.40875989000000001,0.16584805,0.041554292,566435.40000000002,0.024503108999999999,5
2815,1,0.14758568999999999,0.015529744,495763.03000000003,0.016369267,5
2816,0.69553984000000002,0.16800894999999999,0.014984870000000001,483549.21000000002,0.021969783,3.8764560000000001
2817,0.95717501999999999,0.19253106,1.0000000000000001e-05,460313.59000000003,0.01434503,1.698078
2818,0.78489498000000002,0.17233583999999999,0.04096197,595655.48999999999,0.012680731000000001,1.85554
2819,0.99475354999999999,0.17611044000000001,0.0079834278999999994,463075.59000000003,0.018283409,2.5858818000000001
2820,0.79393298000000001,0.1610615,0.019631062000000001,497733.78999999998,0.014593956,0.55979416000000004
2821,0.68847157000000003,0.19940218000000001,0.0077998816999999996,455299.65999999997,0.014568463,4.0427178000000001
2822,0.72563608999999996,0.1921523,0.0035176124,406398.02000000002,0.020382988000000001,5
2823,0.70519748999999998,0.20120255000000001,0.0040953698999999996,459137.73999999999,0.015092494999999999,1.4600104
2824,0.71506380999999997,0.16941006,0.020355577999999999,418886.59000000003,0.018690097999999999,3.6912661
2825,0.94832022999999999,0.14973634999999999,0.022917588999999999,514746.72999999998,0.020438080000000001,2.7569471000000001
2826,0.97386673000000001,0.20881448,0.075820645000000006,729561.69999999995,0.012752448,3.0372731000000002
2827,0.95041149000000003,0.17775959999999999,0.030549693999999999,516095.35999999999,0.021495192999999999,2.9273927
2828,0.42610925999999999,0.16284225999999999,1.0000000000000001e-05,377855.06,0.020772970000000002,5
2829,1,0.15079313999999999,1.0000000000000001e-05,437944.73999999999,0.023153852999999999,0.001
2830,0.86482365000000005,0.17906817,0.015167978,505628.38,0.018432407000000001,1.7975369999999999
2831,0.74184596000000003,0.18557424,0.013419525,485268.52000000002,0.013944217,1.5007108
2832,0.70002969000000004,0.20514110999999999,0.038869282999999998,541537.18999999994,0.0086590551999999998,1.0694101
2833,0.86584928999999999,0.19653416000000001,0.00010952122,389090.03000000003,0.020618168999999999,0.45655386999999997
2834,0.44557849999999999,0.16186732000000001,1.0000000000000001e-05,423866.39000000001,0.019801452000000001,5
2835,0.58678783000000001,0.17009352999999999,0.012339144999999999,481839.5,0.019707491000000001,3.2202750999999998
2836,1,0.20134107000000001,0.0043701000999999996,436207.83000000002,0.013126738000000001,3.1512395999999998
2837,0.69290118999999994,0.17549403,1.0000000000000001e-05,398049.35999999999,0.016055762000000001,1.3769283999999999
2838,1,0.21079274000000001,0.022786707999999999,536052.64000000001,0.014671783000000001,3.6486817
2839,0.72680144999999996,0.19807315,0.0060180750999999999,418896.47999999998,0.019462737000000001,1.2026591
2840,0.51826337,0.18614476999999999,1.0000000000000001e-05,420655.22999999998,0.017155654999999999,5
2841,0.68818787999999997,0.18646254000000001,0.0021915538,397121.41999999998,0.015268782,5
2842,0.50802672999999998,0.17869916,0.0014436421,404628.44,0.017227217999999999,5
2843,0.68563803000000001,0.14870362000000001,2.4262955000000002e-05,406392.46999999997,0.018209003000000001,2.9543824000000001
2844,0.71343942999999999,0.18290641999999999,0.031927815999999998,545630.31999999995,0.012891819000000001,1.3217592
2845,0.78616673999999998,0.18829013,1.0000000000000001e-05,453356.39000000001,0.015583758,5
2846,0.85413552000000004,0.18044175000000001,0.062811571999999996,586648.94999999995,0.013670118,4.1039564000000004
2847,0.75214252000000004,0.16209531999999999,0.0071239692,501517.84000000003,0.013074458000000001,3.4308309000000001
2848,0.72574616000000003,0.17202997,0.012620681,485368.09000000003,0.011585145,5
2849,0.96673869999999995,0.20447472,0.0052862600000000001,464315.59999999998,0.013409357,2.7174363000000001
2850,0.68125433999999996,0.17751349999999999,0.0039553595,418515.35999999999,0.020385907000000002,2.3156932000000001
2851,1,0.15841458,1.0000000000000001e-05,411410.46000000002,0.02118536,1.4211396000000001
2852,1,0.19762207000000001,0.014326828,416844.58000000002,0.018305604,0.001
2853,0.69002008999999997,0.19097491,0.016332149000000001,519174.40000000002,0.010716570999999999,5
2854,0.96292774000000003,0.14009353999999999,0.0347038,541261.51000000001,0.017804807999999998,0.001
2855,0.47919763999999998,0.17111071,0.016785359,515411.47999999998,0.015165267,2.4498877999999999
2856,0.63961124000000003,0.17416580000000001,1.0000000000000001e-05,371804.77000000002,0.019704691999999999,2.5171020999999998
2857,0.77600159999999996,0.22237045999999999,0.017242739,465454.90999999997,0.014547783999999999,2.3972712
2858,0.83332375000000003,0.18955167000000001,0.0065623024,418157.88,0.018717247999999999,3.7915879000000001
2859,0.82270076000000003,0.16256771,0.039822793000000002,589041.29000000004,0.019405914999999999,5
2860,0.51631298000000003,0.15672264,0.0032321399000000001,421504.01000000001,0.016280864999999999,3.1940254000000001
2861,0.76581208999999995,0.17430382999999999,0.0046348930000000002,472874.70000000001,0.011074558999999999,2.9756499000000001
2862,0.73106424000000003,0.18686261000000001,0.040375053000000001,573444.31000000006,0.021567243999999999,2.5557123000000002
2863,0.73232452000000003,0.15040721000000001,0.018139468999999998,478896.66999999998,0.019521349,2.8546914999999999
2864,0.40418935,0.17971068000000001,0.011918089999999999,481606.02000000002,0.016401625,5
2865,0.92234530000000003,0.18892592999999999,0.036312111000000001,559038.32999999996,0.011702562,4.7185994000000004
2866,0.99095518000000005,0.17182986,0.021274248999999999,494251.27000000002,0.019648994999999999,3.4555677999999999
2867,0.63767693000000003,0.17655373999999999,0.022019865999999999,494572.44,0.016656217000000001,2.6558590999999998
2868,1,0.20130865000000001,0.015166598999999999,475955.70000000001,0.017180292,3.6984273999999999
2869,0.73382122000000005,0.19478945,1.0000000000000001e-05,405118.58000000002,0.016500450999999999,3.3449137000000002
2870,0.77877616000000005,0.18725417,0.030664332999999998,601486.06000000006,0.013710805,3.3004660000000001
2871,0.94463101000000005,0.18330879,1.0000000000000001e-05,394228.46000000002,0.014802388,3.1531641000000001
2872,0.90039416000000005,0.17661210999999999,0.0021252756,435782.65999999997,0.017820699999999998,0.001
2873,0.77458137000000005,0.2209082,0.035244624000000002,599787.83999999997,0.012162355999999999,1.9471371
2874,1,0.18969538999999999,0.0023630562000000002,454146.31,0.015474295000000001,3.2296638999999998
2875,1,0.18172994000000001,0.0021351248999999998,425933.65999999997,0.019388636000000001,3.8028854000000001
2876,0.93782794999999997,0.16829511999999999,0.018765743000000001,464511.14000000001,0.017225382000000001,0.001
2877,1,0.1942448,1.0000000000000001e-05,407822.63,0.022383509999999999,0.095272634999999994
2878,0.59985034000000004,0.21338752,1.0000000000000001e-05,395020.78999999998,0.016381578000000001,2.2915255000000001
2879,0.81824764999999999,0.20236233000000001,0.036474803,563982.63,0.012915480999999999,1.0683943
2880,0.8856406,0.20901977999999999,0.018866279,528365.63,0.016243246999999999,3.3123740000000002
2881,0.81135895000000002,0.19560585,0.0039492119999999997,428790.25,0.012025734999999999,4.3041710000000002
2882,0.56733730999999998,0.18471172,1.0000000000000001e-05,440383.65000000002,0.017564842000000001,5
2883,1,0.18853260999999999,0.0055660075999999998,466048.48999999999,0.011763519,0.001
2884,0.43974352999999999,0.18647881999999999,0.050611664000000001,594970.89000000001,0.015461422000000001,5
2885,1,0.20319139,0.011259374000000001,482700.32000000001,0.0094574606999999998,3.2528011999999999
2886,1,0.16160061000000001,1.0000000000000001e-05,424835.35999999999,0.01358171,0.001
2887,0.96167223000000002,0.19398061,0.010467649000000001,469153.81,0.014518546,4.9951581000000003
2888,0.89386790999999999,0.19903006000000001,0.010679749000000001,468805.03000000003,0.016582254000000001,3.1606592999999998
2889,1,0.18518757999999999,1.0000000000000001e-05,411560.07000000001,0.015422402,0.001
2890,1,0.19022054999999999,0.00056521933000000003,453866.07000000001,0.017560816999999999,1.2143683000000001
2891,1,0.17788949000000001,0.0091801863000000004,471888.72999999998,0.013923120000000001,0.001
2892,1,0.16760812999999999,1.0000000000000001e-05,424554.01000000001,0.019458969,0.001
2893,0.90971824000000001,0.16064378000000001,0.00070852641999999996,428102.83000000002,0.023964144,3.0449665000000001
2894,0.47036930999999998,0.20339629000000001,0.010174529,453038.34000000003,0.015882152,5
2895,1,0.19562936,1.0000000000000001e-05,481097.94,0.012780928,0.001
2896,0.51384567999999997,0.16236516000000001,0.014571616000000001,453875.07000000001,0.018626923,3.0534176999999998
2897,0.73600109000000002,0.17904993999999999,1.0000000000000001e-05,407210.57000000001,0.015415267,1.0371611000000001
2898,0.65707970000000004,0.20116945,0.016122107,473441.01000000001,0.018479915999999999,1.5847313000000001
2899,0.79405104000000004,0.20560521000000001,0.016301105999999999,485585.31,0.0089176042000000001,2.0277810999999999
2900,0.90088088,0.15826133000000001,0.01320089,471269.69,0.015631593999999999,0.71103589
2901,1,0.18841405,0.0022416687999999999,405710.69,0.016348534000000001,0.001
2902,0.97106698000000002,0.1635655,0.015492294,485210.58000000002,0.013576260999999999,2.1992813999999998
2903,0.76744279999999998,0.17363675000000001,0.024487075000000001,473555.46000000002,0.015532325,2.6988945000000002
2904,0.40439431999999997,0.17099537000000001,0.00081225906000000005,373760.53999999998,0.021970476999999999,4.0011675000000002
2905,0.34059002999999999,0.18475716,0.019574527000000001,512084.12,0.017034381000000001,4.9921914000000003
2906,0.70781388000000001,0.17450751,0.0080196610000000008,469400.71000000002,0.014922114,1.3527764
2907,0.87477777000000001,0.16145851999999999,0.0079247420000000002,475765.76000000001,0.017263253999999999,4.2478734999999999
2908,1,0.16703000000000001,1.0000000000000001e-05,414440.89000000001,0.015815602000000002,3.2520438
2909,0.66314841999999996,0.19431301000000001,0.010697394000000001,470834.03999999998,0.018585537999999999,3.7641174999999998
2910,1,0.18528965,0.020944059000000001,401809.16999999998,0.023794350999999998,0.001
2911,0.52780762000000003,0.18014643,0.0085994139000000001,424543.84000000003,0.022957781999999999,5
2912,0.61296532999999997,0.18735783,0.0060218996999999996,424334.07000000001,0.018219910999999998,2.6713374999999999
2913,0.54281842999999996,0.20363349,0.0032070247,461552.35999999999,0.015313919,5
2914,1,0.15550936000000001,0.013955405000000001,490091.60999999999,0.016494383000000001,0.001
2915,1,0.16765526,0.061810848000000002,679478.95999999996,0.017726905000000001,0.001
2916,1,0.15194542999999999,0.034475041999999997,467569.66999999998,0.024930772,4.2376148000000002
2917,0.47799324999999998,0.19630934999999999,1.0000000000000001e-05,409297.13,0.017089782000000001,5
2918,0.88807325000000004,0.16514281,0.035910334000000002,490964.53000000003,0.017912287999999998,1.9494636000000001
2919,0.57983147000000002,0.19955639,0.071288412999999995,716266.78000000003,0.011049715999999999,3.3619555000000001
2920,1,0.16108613999999999,0.014235334000000001,426737.37,0.015328216,0.001
2921,0.92964194,0.20104053,0.021971066000000001,485653.81,0.014121349,1.3960634000000001
2922,0.70977449999999997,0.16867413000000001,0.0035182245000000001,360745.26000000001,0.017957875000000002,2.5552432
2923,0.44117420000000002,0.17097509999999999,0.021935361,419654.23999999999,0.021662746,3.3220177999999998
2924,0.74346593999999999,0.19764184000000001,0.025389498,434973.87,0.016735409,3.4271633000000001
2925,0.71336067000000003,0.17032305,0.025441222999999999,532457.76000000001,0.016574269999999999,2.9497024999999999
2926,0.59309232999999995,0.20200166,0.013976169,454591.39000000001,0.018099272999999999,2.8136002000000002
2927,0.83128179000000002,0.18507488999999999,0.052405247000000002,632150.76000000001,0.012383642,2.0644258
2928,0.70792416000000002,0.19349944999999999,1.0000000000000001e-05,419239.34999999998,0.01341972,2.9512953
2929,0.95487717000000005,0.18627842999999999,0.010611693,473008.84999999998,0.017984626,4.6323391999999997
2930,1,0.19300402,0.019787625,499974.57000000001,0.011119073,0.001
2931,0.81522662999999995,0.16152846000000001,1.0000000000000001e-05,440087.12,0.014080627,5
2932,0.78534585999999995,0.18766853999999999,1.0000000000000001e-05,381190.46000000002,0.018420129,4.2833613000000001
2933,0.54270837999999999,0.16010384999999999,0.012239231,372552.21999999997,0.022580502999999998,2.8285958999999998
2934,1,0.16693563,0.022310184,423409.40000000002,0.014704879000000001,0.001
2935,1,0.19050713,0.0049522001,429366.38,0.021548214999999999,4.0271990999999998
2936,0.80445394000000003,0.19919865,0.0044630538000000001,468831.96000000002,0.014606233,1.0914820999999999
2937,0.67367396000000002,0.1923909,0.019867849,544437.87,0.011234271000000001,3.4327869
2938,1,0.19847355999999999,0.058753263,584662.80000000005,0.017896584,0.72051361999999997
2939,1,0.18264459999999999,0.048173756999999998,601213.41000000003,0.012631194,0.10266831999999999
2940,0.91811549000000003,0.18482744000000001,1.0000000000000001e-05,390578.91999999998,0.023890504,0.56213601999999996
2941,0.69464161000000002,0.17700717999999999,0.03358266,544556.40000000002,0.015416060000000001,5
2942,0.96545373999999995,0.17003874999999999,2.8015449e-05,437290.25,0.016946401,2.4540074000000001
2943,0.50473080999999997,0.1796507,0.019050002,529155.46999999997,0.015610776999999999,5
2944,1,0.20301208000000001,0.013348914999999999,445165.69,0.011787624999999999,0.53096001000000004
2945,0.83196059,0.18521997000000001,0.030293748999999998,551095.70999999996,0.015815501999999999,4.6339914000000002
2946,0.97937775000000005,0.19415486000000001,0.021018796999999999,523920.48999999999,0.017358321999999999,4.1889947000000003
2947,1,0.14179079999999999,0.030926967999999999,547747.21999999997,0.020352400999999999,4.2952994999999996
2948,0.61740832000000001,0.17571495000000001,0.02326748,530431.06999999995,0.019191827000000002,3.3799055
2949,0.79678265999999998,0.17030128999999999,1.0000000000000001e-05,360825.33000000002,0.018712711999999999,5
2950,1,0.15850507999999999,0.019339453999999999,484654.47999999998,0.015799087,0.001
2951,1,0.17518302999999999,0.028863225999999999,508760.44,0.020860699999999999,0.28260392000000001
2952,0.72586149,0.1463846,0.019324206999999999,538475.48999999999,0.022940176,2.2999234999999998
2953,0.75318107000000001,0.17907708999999999,0.025152094,504802.31,0.015514548,3.3434271
2954,0.40806775000000001,0.16516428999999999,0.0030052539000000001,407992.51000000001,0.022235020000000001,4.0468168999999996
2955,0.89212968999999998,0.20571376999999999,0.026222057999999999,487527.83000000002,0.016552019000000001,3.2551312999999999
2956,0.63907946999999998,0.1732358,0.0081930144999999999,471733.5,0.018186582999999999,3.9000661000000001
2957,0.73415659,0.18202399999999999,0.033219960999999999,501982.76000000001,0.019728822,2.3685170000000002
2958,0.77358214999999997,0.19123191,1.0000000000000001e-05,435154.66999999998,0.014460073,3.3294830000000002
2959,0.90936676999999999,0.18866052,0.014521967,470510.21999999997,0.01284566,0.001
2960,0.83587414999999998,0.20339214,0.017168434,474176.10999999999,0.015350601,3.1219871000000001
2961,0.45773414000000001,0.16877766,0.017675222000000001,485850.31,0.016639421000000001,2.8753489999999999
2962,0.78843269999999999,0.16077474999999999,1.0000000000000001e-05,406076.57000000001,0.019682176999999999,1.8788144
2963,1,0.1697815,0.022901192000000001,440006.23999999999,0.021203161000000002,0.67484555000000002
2964,0.59612228,0.17379923999999999,0.015304849000000001,518711.65999999997,0.016387914999999999,3.8280715000000001
2965,1,0.20850015,0.016205437,452268.72999999998,0.015577209999999999,3.2402646000000002
2966,1,0.17486072,0.021710364999999999,470835.38,0.019424137000000001,0.0077591075000000001
2967,0.80267367000000001,0.19399006999999999,1.0000000000000001e-05,373427.66999999998,0.011858385000000001,1.2567533
2968,0.81949927,0.1441346,0.030476177,490012.98999999999,0.016943758999999999,0.46210027999999997
2969,0.70790843999999997,0.20253492000000001,1.0000000000000001e-05,445816.53000000003,0.01423224,2.0952603000000001
2970,0.86924562000000005,0.15998819,0.010505518,439466.47999999998,0.015839669000000001,0.66180125000000001
2971,0.98363776999999997,0.17446854000000001,1.0000000000000001e-05,422644.89000000001,0.015306459,2.4464448000000001
2972,0.88151966000000004,0.16222643,0.0086866596000000004,412645.12,0.019252219000000001,5
2973,0.55878375000000002,0.17497528000000001,0.0019218528,444196.21999999997,0.014266780999999999,5
2974,0.80556802999999999,0.20806240000000001,1.0000000000000001e-05,429219.95000000001,0.021533635999999998,2.2790119
2975,1,0.16983604999999999,0.019746368,501882.29999999999,0.015124286000000001,2.9841681000000002
2976,1,0.17251043999999999,1.0000000000000001e-05,439423.84999999998,0.017111984,0.001
2977,0.70040477000000001,0.16557691999999999,0.026350038999999999,480295.33000000002,0.011044015000000001,0.57754601999999999
2978,0.36580335000000003,0.17367429000000001,0.020338319000000001,466804.72999999998,0.017489269000000002,5
2979,0.79775636999999999,0.1822752,0.019598074,377409.65999999997,0.017375047000000001,2.8886058000000001
2980,1,0.16001212000000001,0.014198694,498333.71000000002,0.016484265000000001,2.5470480000000002
2981,0.52131088999999997,0.17530264000000001,0.02813245,573444.25,0.013565742,4.0759629000000004
2982,0.81288795999999996,0.18565976000000001,0.014098716000000001,430874.73999999999,0.019548524000000001,1.1523167999999999
2983,0.93186895000000003,0.20228644000000001,1.0000000000000001e-05,446239.90000000002,0.016232788000000001,5
2984,0.87594285999999999,0.19736927000000001,0.0010886454,369096.15999999997,0.020869025999999999,2.1021261
2985,1,0.20020822999999999,1.0000000000000001e-05,445480.47999999998,0.015772087000000001,0.63799918
2986,0.80582613999999997,0.18084543,1.0000000000000001e-05,419131.66999999998,0.020896387999999998,2.5454655000000002
2987,0.92419952000000005,0.20055871,1.0000000000000001e-05,436006.28000000003,0.016936189000000001,3.4817657999999998
2988,0.65884463000000004,0.14677272,0.028093396999999999,524723.44999999995,0.022712240000000002,3.8922165
2989,1,0.18179176999999999,0.028988376,524249.65000000002,0.019872404999999999,0.001
2990,0.54555531000000002,0.19955798,0.016801753999999999,503684.88,0.013982036999999999,4.0806506999999996
2991,0.73016692000000005,0.18723281,0.021453694999999998,455156.65000000002,0.019101420000000001,5
2992,0.46182472000000002,0.15703982999999999,0.0063340226000000001,469614.14000000001,0.015668168999999999,4.3077502000000001
2993,0.82864753000000002,0.16047064999999999,1.0000000000000001e-05,405002.40999999997,0.015397107,3.4767655
2994,1,0.19849396,0.010732003,460971.21000000002,0.013076679000000001,0.001
2995,0.52267852000000004,0.17553205999999999,0.035302360999999997,529659.82999999996,0.013694960000000001,2.5218579000000001
2996,0.78942420999999996,0.19056100000000001,0.0055643580000000002,380345.96000000002,0.016598749999999999,3.7716169000000002
2997,0.55515826999999995,0.19130907,0.0012943361999999999,407743.04999999999,0.017067411000000001,4.8878421000000003
2998,1,0.19594075,1.0000000000000001e-05,440126.88,0.017591672999999999,0.001
2999,0.47799019999999998,0.18234334999999999,1.0000000000000001e-05,386126.53000000003,0.017985774,5
3000,0.76858808999999995,0.20893116,0.0036116159999999998,406219.14000000001,0.015894403000000001,3.0538783999999999
3001,0.80522435000000003,0.17847914000000001,0.0028710152999999999,407899.15000000002,0.025385516,5
3002,0.95774391999999997,0.18866904000000001,0.0087974825000000003,487236.65999999997,0.013011305000000001,5
3003,0.95227879999999998,0.17677378999999999,0.0083215201000000003,411796.44,0.017879417000000002,4.5474822000000001
3004,0.98565917999999997,0.1917422,0.011346566000000001,483074.77000000002,0.012242448,1.0042583
3005,1,0.17938538000000001,0.012297416,458403.13,0.017251421999999999,1.0545571
3006,0.63763398999999998,0.16752776999999999,0.011004807,464762.21999999997,0.018031182,2.2165029000000001
3007,0.97599703999999998,0.20396307999999999,0.020379995000000001,511225.01000000001,0.013982448,5
3008,0.94423003999999999,0.16778847,0.035620371999999997,479352.79999999999,0.026035236999999999,0.37400876
3009,0.60402350999999999,0.18422723999999999,0.010538451000000001,478678.52000000002,0.012465469999999999,3.2270352999999998
3010,0.49352436999999999,0.20326430000000001,0.028432612999999999,516196,0.015356724,3.2092499999999999
3011,0.92434609999999995,0.14692351000000001,0.017636036000000001,442544.84999999998,0.021638877000000001,0.001
3012,0.85478922000000002,0.20107311,4.4341705000000003e-05,437897.21000000002,0.015088862,2.6287345000000002
3013,0.33570011999999999,0.16681470000000001,0.034709998999999998,519108.98999999999,0.016888673,5
3014,1,0.14892258999999999,1.0000000000000001e-05,414853.87,0.016937796000000001,4.4737675000000001
3015,0.99042885000000003,0.20643104000000001,0.015330979999999999,464744.04999999999,0.013175272,3.8407865000000001
3016,0.36222362000000002,0.18443597,1.0000000000000001e-05,387782.95000000001,0.019571195999999999,5
3017,0.97376200000000002,0.18649974,0.013732447,422329.62,0.021745233999999999,0.58893264999999995
3018,0.60560375,0.18984284000000001,0.0060477077999999997,427452.83000000002,0.018055050999999999,2.0246067999999999
3019,1,0.19167681,0.024610402,530065.81000000006,0.015010028,0.001
3020,0.79717819000000001,0.16936702000000001,0.014708413,470514.82000000001,0.013825469,4.8712796000000003
3021,0.47152164000000002,0.19652047,0.050214615999999997,584923.94999999995,0.019649757,5
3022,0.7503746,0.15017296999999999,0.00023113868999999999,398613.17999999999,0.022281485,3.6791130000000001
3023,0.75995694999999996,0.16422803,0.018119802000000001,457774.79999999999,0.018894629,1.7979240000000001
3024,1,0.20639440000000001,1.0000000000000001e-05,467342.47999999998,0.013688776999999999,5
3025,0.79851545000000002,0.1534256,0.016079308,501321.09000000003,0.014328166,0.40791991999999999
3026,0.53197298999999998,0.19191879000000001,0.0026269265000000001,474725.65999999997,0.013884799999999999,5
3027,0.6810505,0.16212683,0.014477515,480545.84000000003,0.017840943000000001,2.2869009
3028,0.77774295000000004,0.20363665,0.014547931,462570.03999999998,0.015758053000000001,3.1835669000000002
3029,0.59425218000000002,0.1785072,0.0084791130999999995,441209.81,0.017576795999999999,2.9604729999999999
3030,0.71927235,0.20375459000000001,1.0000000000000001e-05,437749.40000000002,0.014288996999999999,2.8482649000000002
3031,0.80392465999999996,0.16259323000000001,1.0000000000000001e-05,471048.60999999999,0.020529140000000001,5
3032,0.46930039000000001,0.20231176000000001,0.0089132905000000005,486006.48999999999,0.015566251999999999,5
3033,0.68496606000000004,0.197132,1.0000000000000001e-05,423985.59000000003,0.018755858,4.6948084000000003
3034,0.75179317000000001,0.20643953000000001,0.0080041246000000007,402906.70000000001,0.018666216999999999,1.6388894000000001
3035,0.78187523999999997,0.18384585000000001,0.031595465000000003,520571.96999999997,0.017933154,3.1515019999999998
3036,1,0.19605655,0.0082929644,453435.10999999999,0.011633709000000001,4.5603395000000004
3037,0.82577630000000002,0.16389513,0.022092120999999999,475183.90999999997,0.010467758000000001,0.41918287999999998
3038,0.80311843999999999,0.14227904999999999,0.0016804720999999999,430396,0.017293394,3.2523146000000001
3039,0.92609942999999995,0.19713158,0.037437013999999998,547308.13,0.011953195,3.4498082999999999
3040,0.56659004000000002,0.15436564,0.0052567200999999999,441692.02000000002,0.020619994999999999,5
3041,0.43781284999999998,0.19056739,0.025995151000000001,498626.70000000001,0.017007199000000001,3.6443812000000002
3042,0.73879371000000005,0.16717761,8.2977939000000004e-05,439173.53999999998,0.015646514,5
3043,0.75733722000000003,0.16169760999999999,0.01546142,478928.34000000003,0.01800914,1.3350595999999999
3044,1,0.18483591999999999,0.0050252359000000002,447808.90000000002,0.012699866000000001,4.9777684000000004
3045,1,0.18532615999999999,5.0689316e-05,463104.08000000002,0.011875462,0.001
3046,0.90349173999999999,0.19824592999999999,0.017079660999999999,468859.46999999997,0.012968357,0.95411995000000005
3047,0.86194322000000001,0.16409145999999999,0.017094966999999999,471954.08000000002,0.019230089999999998,4.0487738999999996
3048,0.97108360999999999,0.19154718000000001,0.016399614,495697.63,0.016885270000000001,4.6860021999999999
3049,1,0.20126943,1.0000000000000001e-05,398335.71999999997,0.016834679000000002,5
3050,1,0.19433507999999999,0.038411748000000003,543323.18000000005,0.017233350000000001,0.18716205999999999
3051,0.50054869000000002,0.16242203,0.036587388999999998,453988.90000000002,0.024853213999999998,3.7181424999999999
3052,1,0.16604910000000001,0.013442994999999999,444020.39000000001,0.018972617000000001,0.001
3053,0.71306868000000001,0.17778184,0.013625325000000001,495384.40000000002,0.013824823999999999,0.95584318000000001
3054,0.76165685000000005,0.20402300000000001,0.025469134000000001,471406.01000000001,0.018623818,1.1304266999999999
3055,0.92526109999999995,0.15926878,0.027353315999999999,514000.58000000002,0.019685596,2.3292114000000002
3056,0.97951779999999999,0.22814100000000001,0.020448917,496308.25,0.01104688,0.001
3057,0.75783184999999997,0.18692518999999999,3.7808707000000002e-05,462678.25,0.014620437999999999,3.8661335000000001
3058,0.91565675000000002,0.16173256,0.029076991999999999,545188.87,0.015691382,2.1199262000000001
3059,0.74232425000000002,0.21354302999999999,0.0085843390999999995,474725.59000000003,0.011150962,2.7708735
3060,0.86049390999999997,0.18742564,1.0000000000000001e-05,455863.82000000001,0.0086228633000000002,0.24403712
3061,0.53682702000000004,0.18614811000000001,0.021546808000000001,550344.44999999995,0.010697061000000001,3.7911880999999998
3062,0.68762626999999998,0.15956333,0.011431187000000001,448872.45000000001,0.020775484,4.4759102999999998
3063,0.54960752999999996,0.15776556,0.0066502829999999999,405113.87,0.026575515000000001,3.4582866000000001
3064,1,0.19574997999999999,1.0000000000000001e-05,447234.92999999999,0.013273955,0.53197581999999999
3065,0.56730186000000005,0.18849473,0.00029886385999999999,493665.60999999999,0.012692805,3.1735660000000001
3066,0.83770104000000001,0.19038889000000001,0.0048738873,452730.28000000003,0.019090035000000002,3.9439087000000002
3067,1,0.18287153,0.043492639999999999,523287.39000000001,0.014554404,0.001
3068,0.95433345999999997,0.16054492000000001,0.044036978999999997,574567.63,0.022071351999999999,1.2727455000000001
3069,0.61496852000000002,0.19175014000000001,0.016046181,459236.90999999997,0.017187750000000002,3.0911026000000001
3070,0.83095733000000005,0.14778284,0.014716935,486542.70000000001,0.017320048000000001,2.6179271000000002
3071,0.38542767,0.15249826,0.0033544158999999998,392133.25,0.025538030999999999,5
3072,0.86946559999999995,0.17441164000000001,0.0014547455000000001,443633,0.012807115000000001,4.0113557999999996
3073,0.88210714999999995,0.19274226999999999,0.040838263,551056.39000000001,0.017813611,2.3452188999999999
3074,0.69536779999999998,0.1817898,0.0075201922000000003,452063.90000000002,0.015258934,1.5216750000000001
3075,0.98451232,0.18262369000000001,0.011019718,470761.92999999999,0.020627438000000001,1.6130409999999999
3076,0.90862982999999997,0.20543059,1.0000000000000001e-05,464679.73999999999,0.010947546000000001,2.4325836999999999
3077,1,0.17428640000000001,0.0066205481999999996,446589.58000000002,0.016960487999999999,0.48253852000000003
3078,1,0.17783947999999999,0.012608701999999999,454294.73999999999,0.017172298999999999,0.001
3079,0.81240168000000001,0.16900756,0.0062470607999999999,442783.02000000002,0.015916067999999998,0.70518236999999995
3080,0.44717955999999998,0.20217272999999999,1.0000000000000001e-05,437995.35999999999,0.013003450999999999,5
3081,1,0.19852507,0.014903178,504517.03000000003,0.013742785,2.2979283000000001
3082,0.60405712,0.18939352000000001,0.019638231999999999,481890.15000000002,0.015215403000000001,3.7308735
3083,0.88973095999999996,0.18151907,0.025356357,543588.63,0.017737435999999999,4.0296139000000002
3084,0.63566581,0.1994833,0.010210821,450316.97999999998,0.016100824999999999,2.6940628000000002
3085,1,0.17790376999999999,0.027893958,508008.28000000003,0.019707540999999999,0.001
3086,0.44526386000000001,0.16527316,1.0000000000000001e-05,470366.48999999999,0.016994618,4.0958429000000001
3087,0.59661958999999998,0.16914050999999999,0.013004997000000001,483757.70000000001,0.015702132000000001,3.5712575000000002
3088,0.88859827000000002,0.17738240999999999,0.014863849,477008.90999999997,0.0134307,2.1793843000000002
3089,0.69195812999999995,0.16425517000000001,1.0000000000000001e-05,410632.52000000002,0.023375218999999999,5
3090,0.68106146999999995,0.2006163,0.012022608000000001,437243.67999999999,0.010903135,2.9961663000000001
3091,1,0.18614052,0.0024532466999999999,428059.71999999997,0.01499298,3.0556754000000002
3092,0.77527679000000005,0.19847529,1.0000000000000001e-05,445199.40000000002,0.017655474000000001,1.9730624000000001
3093,0.86479046000000004,0.16146872000000001,0.0074168196999999996,437000.69,0.015969392999999998,0.001
3094,0.56993046000000003,0.14147344000000001,1.0000000000000001e-05,405838.77000000002,0.019887460999999999,2.8449130999999999
3095,0.89738744000000004,0.18277574999999999,0.010119593,494571.72999999998,0.019529123999999998,1.1091129
3096,0.83460312000000003,0.16656770000000001,0.029209926000000001,551408.03000000003,0.020680324,1.7084978
3097,0.44492188999999999,0.14149713999999999,0.016648282,414039.38,0.032294726000000003,3.4851803000000001
3098,0.81405342999999997,0.20824425999999999,0.0061930991000000001,456426.92999999999,0.018504765999999999,2.3934636999999999
3099,0.56090987999999997,0.19536803999999999,0.0033558847000000002,474750.95000000001,0.01090559,2.6452713000000001
3100,0.59921621999999997,0.18932114999999999,0.042690419,594179.38,0.015199139,2.9580495
3101,0.50524586999999999,0.16805505000000001,0.01866114,535705.83999999997,0.015150794,5
3102,0.76519419,0.19971844999999999,0.0087967410999999999,455145.54999999999,0.017393407999999999,5
3103,0.89802775999999995,0.21543661,0.020376226000000001,539155.44999999995,0.011756872999999999,0.001
3104,0.47952375000000003,0.20835081999999999,1.0000000000000001e-05,439255.38,0.015804975999999998,4.7438522000000001
3105,0.57986766999999995,0.18003812999999999,0.012582805000000001,427797.31,0.014868813,3.9750667000000002
3106,0.44690594,0.18691773,0.020894683000000001,555299.63,0.016815400000000001,5
3107,0.65687709000000005,0.18155551,0.058155221,698663.09999999998,0.017506870000000001,3.9012726999999998
3108,1,0.20318759,1.0000000000000001e-05,434875.64000000001,0.016631192,0.001
3109,0.73109080999999998,0.17045455000000001,0.028057684999999999,514198.70000000001,0.014131105999999999,3.0995623999999999
3110,0.72759143999999998,0.19107507000000001,1.0000000000000001e-05,438786.03999999998,0.013479372,5
3111,0.45567654000000002,0.15755578000000001,0.012091678,452390.02000000002,0.01485702,4.0134755000000002
3112,0.79199794999999995,0.18346266999999999,0.014325890000000001,471609.91999999998,0.021030467000000001,2.1024862
3113,1,0.18342726000000001,0.0064475729999999998,470796.90000000002,0.015340813,0.12029706
3114,0.74410626000000002,0.20256393,0.0018771497000000001,448288.31,0.0099947339999999999,5
3115,0.85872272999999999,0.18849041999999999,1.0000000000000001e-05,452306.70000000001,0.016129184000000001,1.5094637
3116,0.63378069999999997,0.18665408999999999,0.026980272999999999,555474.26000000001,0.013665655000000001,3.3803283999999998
3117,1,0.18243593,1.0000000000000001e-05,448092.03000000003,0.013390735000000001,0.001
3118,1,0.2129414,0.014642686,505267.67999999999,0.014038761,0.001
3119,0.95826389999999995,0.16771676999999999,1.0000000000000001e-05,447595.96999999997,0.017770445999999999,1.1336336
3120,0.74894490000000002,0.16971064999999999,0.0038773973,426543.76000000001,0.020114474,1.1534108999999999
3121,0.78842241999999996,0.16067549,1.0000000000000001e-05,425175.04999999999,0.020929401,1.9674887000000001
3122,0.65103668999999997,0.17927402000000001,0.021951161,565696.20999999996,0.015326886,5
3123,0.88427179,0.19689071,0.0036620715,440449.90999999997,0.011465292,2.7796873999999998
3124,0.79364846,0.17340729999999999,0.010108136,441096.37,0.015510421999999999,1.0005978
3125,1,0.19104628000000001,0.035274878000000003,564001.28000000003,0.012176671,0.53548333000000004
3126,0.90429517999999998,0.19919143,0.0021225927000000002,456616.07000000001,0.014915698999999999,1.0119886
3127,0.82221195000000002,0.17247244,1.0000000000000001e-05,394098.15999999997,0.021520505999999998,1.013352
3128,1,0.19546917,0.025835997999999999,500571.01000000001,0.015656937999999999,0.001
3129,0.61078091999999995,0.20682155999999999,0.013458438,555313.46999999997,0.010639706000000001,2.4532546000000002
3130,0.67273864999999999,0.16951376000000001,0.0086971190999999993,508657.32000000001,0.013000377,4.6513445999999998
3131,0.41684937,0.17525034,1.0000000000000001e-05,424392.10999999999,0.016201805999999999,3.6011283000000001
3132,0.68653945999999999,0.16865693000000001,0.0080800603000000006,434560.82000000001,0.022163148000000001,1.2957604
3133,0.77218801000000004,0.17781693000000001,0.041169286999999999,515512.73999999999,0.016076366000000002,2.1472817000000002
3134,0.52398688000000004,0.20197997000000001,1.0000000000000001e-05,404285.08000000002,0.014881253000000001,1.8293162000000001
3135,0.90270843999999995,0.14688931,0.015404077,470260.83000000002,0.020678200000000001,1.8142506
3136,0.64584697000000002,0.17623783000000001,0.0096191651999999999,383752.03999999998,0.029016477999999998,3.8525326
3137,0.85344766000000005,0.16580613999999999,0.017816426,473047.59999999998,0.023759160000000001,5
3138,0.98560935999999999,0.19120733000000001,0.011536691,474150.95000000001,0.012018897000000001,1.0183542999999999
3139,0.87663948000000003,0.17200966000000001,0.042116586999999997,622084.63,0.019663907000000001,5
3140,1,0.16604910000000001,0.013442994999999999,444020.39000000001,0.018972617000000001,0.001
3141,0.73194219000000005,0.18677677000000001,0.052941706999999998,597435.92000000004,0.015005213999999999,1.7769124999999999
3142,0.44821867999999998,0.17160185999999999,0.0058687632,417486.34999999998,0.018518308000000001,5
3143,0.49389968000000001,0.18090566,1.0000000000000001e-05,402042.15000000002,0.013972699,5
3144,0.88813763000000001,0.18620242000000001,1.0000000000000001e-05,400480.79999999999,0.019851417999999999,1.2375669
3145,0.78369796999999997,0.20113992,1.0000000000000001e-05,450530.35999999999,0.010847069000000001,2.6376021999999999
3146,0.82143641000000001,0.16282830000000001,0.00034518580000000002,418952.34999999998,0.022161792999999999,2.8613325000000001
3147,0.56433272000000001,0.16552483000000001,0.055082599000000003,687518.95999999996,0.017665928000000001,4.6995120000000004
3148,0.86918167999999996,0.17952019,0.010567821,451595.47999999998,0.019482445000000001,3.7771590000000002
3149,1,0.16869369000000001,0.0084897206999999999,483138.22999999998,0.012337994999999999,1.8169649000000001
3150,0.81191097999999995,0.18501619,0.0026084279999999999,411631.16999999998,0.018579161,0.88396353000000005
3151,0.83599752999999999,0.17992619000000001,0.014017462,456889.37,0.016228121000000002,1.7688870000000001
3152,0.51813904,0.19033386999999999,1.0000000000000001e-05,442548.17999999999,0.018014822999999999,3.6880299000000001
3153,1,0.19810942000000001,1.0000000000000001e-05,473775.84999999998,0.013924888,3.8217940000000001
3154,0.76091573000000001,0.17646295000000001,0.011828748,425275.91999999998,0.020427958,2.3559237999999998
3155,0.86513125000000002,0.16381177999999999,1.0000000000000001e-05,438027.33000000002,0.017900144999999999,0.11524041
3156,0.94070801999999998,0.19179151,0.0029283893000000001,471269.82000000001,0.015146354000000001,5
3157,1,0.17929236000000001,0.045302306000000001,583139,0.016054052999999999,0.001
3158,0.88751011000000002,0.16789118,0.022734173,519074.79999999999,0.018822603,3.2590180000000002
3159,1,0.18910705999999999,0.0042664108999999999,408779.51000000001,0.021043974999999999,4.4570156000000001
3160,0.57914334999999995,0.18490240999999999,0.015146329,522174.70000000001,0.011013815,2.7539596
3161,0.80522435000000003,0.17847914000000001,0.0028710152999999999,407899.15000000002,0.025385516,5
3162,0.92737820000000004,0.1848234,0.01216779,450704.95000000001,0.020361817000000001,3.7999957000000002
3163,0.45881392999999998,0.19260209,1.0000000000000001e-05,438965.23999999999,0.013740643,5
3164,1,0.17782944000000001,0.037909276999999998,632073.01000000001,0.015567427,2.3055216000000001
3165,0.95980902999999995,0.20739966000000001,0.024063821999999999,466321.51000000001,0.018057950999999999,0.51031042000000004
3166,0.93810157000000005,0.19104747,0.0070892573000000004,430435.65000000002,0.016572458000000002,4.4962302999999997
3167,0.57772117000000001,0.18266946000000001,0.039381625000000003,530902.07999999996,0.020345588000000001,5
3168,0.56045469000000003,0.17379926000000001,0.028683351999999999,468088.10999999999,0.022085324,3.0944421000000002
3169,0.73042742000000005,0.18778400000000001,0.020648841000000001,491185.91999999998,0.013529097,5
3170,0.97694798000000005,0.17214224,0.0065639061,420522.22999999998,0.023663190000000001,1.3152410999999999
3171,0.90972839000000005,0.20943397999999999,1.0000000000000001e-05,437760.03999999998,0.013629878999999999,0.62720524
3172,0.77921258000000004,0.15555336,0.014366980999999999,440929.15999999997,0.020158499,5
3173,0.63114946999999999,0.16059582999999999,0.0037145278999999999,466726.57000000001,0.014159114,2.6572135000000001
3174,1,0.18816862000000001,0.0056233643999999998,427565.27000000002,0.019257950999999999,0.001
3175,0.95284922000000005,0.18884085,0.053398529,675189.83999999997,0.0067827596000000004,1.4292692
3176,0.42002992,0.14376710000000001,0.021988071000000001,523420.44,0.021403424000000001,3.7365740000000001
3177,0.68843894999999999,0.13770435,0.00034982121000000003,363987.21000000002,0.015337915000000001,0.001
3178,1,0.19645489999999999,1.0000000000000001e-05,373283.28000000003,0.022005264,0.014346085
3179,0.96243571999999999,0.21077095000000001,0.040275821000000003,569134.67000000004,0.012811629999999999,1.0866605
3180,1,0.18268899999999999,1.0000000000000001e-05,406080.28999999998,0.020547637000000001,5
3181,0.88936983999999997,0.19661575000000001,1.0000000000000001e-05,376802.01000000001,0.012605834,0.001
3182,1,0.18271330999999999,1.0000000000000001e-05,427456.38,0.015929425000000001,0.001
3183,0.97727489000000001,0.17258372,1.0000000000000001e-05,410306.31,0.016572259999999998,0.001
3184,1,0.18997755,0.010648713000000001,432998.92999999999,0.014708964999999999,0.72673942999999996
3185,0.72766786000000006,0.20279088000000001,1.0000000000000001e-05,363072.64000000001,0.013160962999999999,0.82531315000000005
3186,0.51369401000000003,0.16760156000000001,0.0052624951000000003,444713.84999999998,0.019507548,5
3187,1,0.19603606000000001,1.0000000000000001e-05,451796.03000000003,0.012541607,2.9879720000000001
3188,1,0.19798557999999999,0.013168641,465683.65999999997,0.014588429,1.6307014
3189,0.70377561,0.16440668,0.0085691091999999993,427548.85999999999,0.016930051000000002,3.2316964000000001
3190,0.51053095000000004,0.16572533,0.0076813085000000001,434352.67999999999,0.019832217999999999,5
3191,0.48570102999999998,0.17529043999999999,0.0010434763999999999,396710.5,0.020480381999999998,4.3928257999999998
3192,0.61617907999999999,0.18265808,1.0000000000000001e-05,410706.17999999999,0.017050013999999999,3.1425797000000002
3193,0.79103946000000003,0.15629515999999999,0.015046346,461103.17999999999,0.021793267000000002,4.6717914
3194,1,0.18584349999999999,0.01968346,450711.37,0.015556599000000001,0.38121966000000002
3195,0.45240599999999997,0.1753527,0.014527071000000001,446985.51000000001,0.016072855,5
3196,0.76706103999999997,0.1614448,0.032746312,550993.42000000004,0.017749991999999999,1.4170583999999999
3197,0.93357489000000005,0.19578503,0.034470964999999999,537913.17000000004,0.01525672,2.7559592999999998
3198,0.77051316000000003,0.20006081000000001,0.011192430999999999,491548.51000000001,0.011497891,2.6380729000000001
3199,0.82661947999999996,0.19719121000000001,0.0019468077000000001,434740.41999999998,0.013632493000000001,3.1004938000000002
3200,0.63534524999999997,0.18089252,0.0099522450000000002,475143.97999999998,0.016556616999999999,5
3201,0.80425886999999996,0.18301822000000001,0.030086334999999999,544437.07999999996,0.015385497999999999,0.64536718999999998
3202,1,0.16301702000000001,0.020000284,448178.5,0.017761586999999999,2.3279046999999999
3203,0.74341405999999999,0.16294006999999999,0.016722084000000002,469671.53000000003,0.020941988000000002,2.0427179
3204,0.38807823000000002,0.18807014,0.055208640000000003,616399.69999999995,0.016671354999999999,5
3205,0.91700557000000005,0.18177890999999999,0.032861732999999997,524652.70999999996,0.024022932,1.5084679000000001
3206,0.80368081999999996,0.187837,0.010416596,505584.85999999999,0.012285170999999999,3.1952455999999998
3207,0.92770350999999995,0.17916349000000001,0.015124469,458095.19,0.021462228,1.9448167999999999
3208,0.61028554999999995,0.20981991999999999,0.015747827999999998,500784.60999999999,0.0088632174999999994,3.9234111999999999
3209,0.80837157999999998,0.19400712000000001,0.016762902,467607.28999999998,0.017921861000000001,5
3210,0.90151632000000004,0.16228666,0.025981937,447349.17999999999,0.023452359999999998,0.60640110999999997
3211,0.96463076000000003,0.20453941,0.023378076000000001,464883.10999999999,0.018174756,0.88526311999999996
3212,0.38977675000000001,0.17127965000000001,0.0052417254999999998,456891.62,0.017265951000000002,5
3213,0.82358366000000005,0.19774792999999999,1.0000000000000001e-05,426994.84999999998,0.017823440999999999,3.3558541000000002
3214,1,0.16242511000000001,0.018743053999999999,498294.29999999999,0.020631244999999999,0.001
3215,0.50063157999999996,0.2087521,0.035849077999999999,574696.92000000004,0.015689984000000001,5
3216,1,0.18075638999999999,0.0019809020000000001,441689.78999999998,0.020971743000000001,0.27243240000000002
3217,0.65211613999999996,0.16020738000000001,0.026058735,588220.58999999997,0.022518214000000002,4.4099151000000001
3218,0.89419630999999999,0.20686584999999999,1.0000000000000001e-05,439483.66999999998,0.0085425407999999998,3.5367337999999999
3219,0.54264875999999995,0.18294801999999999,0.049749370000000001,577202.40000000002,0.020948643999999999,5
3220,0.73210441000000004,0.15533216,1.0000000000000001e-05,420987.27000000002,0.020799084999999998,4.8171803999999998
3221,1,0.19333355999999999,0.0067497592000000002,408438.35999999999,0.017826452,0.96964161999999998
3222,0.5917076,0.19760942000000001,1.0000000000000001e-05,395240.08000000002,0.016146876000000001,5
3223,0.51800382,0.18057244,0.024488416999999998,458626.28999999998,0.01306208,4.2284040000000003
3224,1,0.15638925000000001,0.010425551,474442.77000000002,0.014616839,0.001
3225,0.56091400000000002,0.16343177,1.0000000000000001e-05,424895.28999999998,0.017948984000000001,5
3226,0.90800438999999999,0.16474146000000001,0.028564256,535591.68000000005,0.014817508,4.9638432999999997
3227,0.95540404000000001,0.18904647999999999,0.015856253000000001,489049.08000000002,0.019064155999999999,3.9037886999999998
3228,0.63454184999999996,0.17421016,0.0035872223999999999,467088.45000000001,0.020253854000000002,4.8776752999999999
3229,0.79440485000000005,0.17353389999999999,0.014807425000000001,482433.58000000002,0.016498874,5
3230,1,0.18830353,0.013872598,493113.90000000002,0.011540341000000001,1.8230232
3231,0.50162715000000002,0.19751627999999999,0.0031415886000000001,462764.71000000002,0.013897619999999999,4.3966599000000004
3232,0.587758,0.20105054999999999,1.0000000000000001e-05,413814.69,0.019274332000000002,5
3233,0.83384278000000001,0.19141158,0.041099019000000001,526911.76000000001,0.014742287,0.43823326000000001
3234,0.71147937000000006,0.19262755000000001,0.0057193922999999999,485836.59000000003,0.013501829999999999,3.1625499000000001
3235,1,0.19474765999999999,0.024850608999999999,491961.77000000002,0.017020530999999998,0.001
3236,0.59354065,0.18670544,0.0092409759999999997,444630.54999999999,0.017176446000000001,2.5712506999999998
3237,0.90674083999999999,0.18164,0.050072367,584519.30000000005,0.018423743999999999,0.001
3238,0.86411583999999997,0.17819598,0.033021699000000002,529698.64000000001,0.016493259999999999,1.6246072
3239,0.92932334000000005,0.17020449000000001,1.0000000000000001e-05,450586.19,0.013450102,1.0875923000000001
3240,0.90287044999999999,0.16747612000000001,0.045368409999999998,667635.90000000002,0.014266047,0.25100436999999998
3241,0.73200182000000003,0.21156343,0.0220921,510438.71999999997,0.014089416,5
3242,0.46408375000000002,0.18841878000000001,0.00015340547999999999,451594.95000000001,0.014827317,4.8978916999999997
3243,1,0.17721353000000001,1.0000000000000001e-05,441667.72999999998,0.013698277999999999,2.4842137000000002
3244,0.65685070999999995,0.16360851000000001,0.0017185106999999999,461722.69,0.015130558000000001,2.6904769000000002
3245,0.44025755,0.16922719999999999,0.037399690999999999,572522.06999999995,0.012163933,5
3246,0.70933776999999998,0.17670393000000001,0.020704299999999998,491988.85999999999,0.020985732,2.1898884000000001
3247,0.70442857000000003,0.17229048,0.0092028050999999993,452654.66999999998,0.01419364,1.0713436000000001
3248,0.82391130999999995,0.16208748000000001,0.0096380528999999993,476392.15999999997,0.017600891,2.4148847999999998
3249,0.89231316000000005,0.16425387999999999,1.0000000000000001e-05,419513.03999999998,0.017860231000000001,3.8221493
3250,0.78464506999999994,0.18711311,0.025752878999999999,455912.01000000001,0.017050432000000001,2.5018609000000001
3251,0.61117946000000001,0.19361596,0.0052941613999999996,429479.67999999999,0.018061625000000001,2.3569537999999999
3252,0.71346138999999997,0.19387109,1.0000000000000001e-05,467342.47999999998,0.013688776999999999,5
3253,0.60652368999999995,0.19293389999999999,0.018628499,485013.83000000002,0.010701845999999999,2.3161394
3254,1,0.19057621999999999,1.0000000000000001e-05,418722.21000000002,0.021807316,1.7117811999999999
3255,0.93416339999999998,0.18415229,1.0000000000000001e-05,424300.31,0.018005131000000001,0.15604234
3256,0.60532211999999996,0.16924189000000001,0.00031666581000000001,461566.87,0.020061447,3.5023544000000002
3257,0.92290528999999999,0.18201498999999999,0.025256200999999999,561651.51000000001,0.015150017,1.2370456999999999
3258,0.68667389999999995,0.18380235,0.0029970120999999999,445216.76000000001,0.017890181000000002,2.5807088
3259,1,0.17622597000000001,0.062713952000000003,677822.62,0.01496402,0.001
3260,1,0.15553504000000001,0.038568959999999999,520370.42999999999,0.01753161,4.8744471999999996
3261,1,0.16950301000000001,0.026311641,499891.81,0.016699298000000001,1.4766570999999999
3262,0.43274241000000002,0.17305063000000001,1.0000000000000001e-05,400437.78999999998,0.019015516,4.4014595999999999
3263,0.85015812999999996,0.17252787,0.019556401000000001,517255.47999999998,0.011848634,0.001
3264,1,0.17912822,0.0013174835999999999,421204.31,0.011412752,1.5286360999999999
3265,0.79767750999999998,0.15822569,0.017914421,453002.83000000002,0.023458346000000001,2.8434750000000002
3266,0.77190568000000004,0.18224372,2.3050276999999999e-05,451198.20000000001,0.013260341,3.3110449000000002
3267,0.56503183000000001,0.16161102999999999,0.010926875000000001,462437.78999999998,0.018429418999999999,5
3268,0.31701130999999999,0.16220857999999999,0.0094140095000000007,461053.65000000002,0.018001491000000001,5
3269,0.99408384999999999,0.15373207999999999,0.0026815512,398122.71000000002,0.019410864,4.3059450999999997
3270,0.66222806999999995,0.16346034000000001,1.0000000000000001e-05,415735.21999999997,0.017145160999999999,1.5289617
3271,0.58107542000000001,0.16512278,0.021151625,467455.03999999998,0.017377865999999999,2.2012336000000001
3272,0.70132490999999997,0.17163365,0.017896945000000001,485621.71000000002,0.019038672,4.3385601999999999
3273,0.60834215999999997,0.17563024999999999,0.041641231000000001,568757.43000000005,0.019580844,2.0143323
3274,0.59091910999999997,0.15698914,5.4185497999999999e-05,428710.38,0.015862714999999999,5
3275,0.99913624000000001,0.16528863999999999,0.0032472717000000002,453722.04999999999,0.012282461,4.6890827000000002
3276,1,0.20006868999999999,1.0000000000000001e-05,432074.15999999997,0.017147140000000002,5
3277,0.48499930000000002,0.16836103999999999,0.00015235636999999999,441279.06,0.014824548,3.7159765999999999
3278,0.66641138,0.18036100999999999,0.038220129999999998,536772.43999999994,0.016952261,3.9907111999999998
3279,0.60915118000000001,0.17452147000000001,0.0036656588999999999,414522.52000000002,0.020262657,5
3280,0.72370888,0.19133739,0.0093550726000000001,463225.48999999999,0.018652703999999999,2.8601006
3281,0.93423246999999998,0.18372542,0.0012071466000000001,439186.71999999997,0.016085760000000001,0.056450152000000003
3282,0.94020839,0.18283658999999999,0.015033949,467479.60999999999,0.017385791000000001,0.001
3283,0.94041330999999995,0.20593665,1.0000000000000001e-05,401526.31,0.019246989999999999,5
3284,1,0.21409512999999999,1.0000000000000001e-05,412470.54999999999,0.014660058,4.1447253000000002
3285,0.83127037000000004,0.17330151999999999,1.0000000000000001e-05,453741.29999999999,0.012778832,2.0596855999999999
3286,0.80056353999999996,0.15653442000000001,0.014748964,492975.90999999997,0.016968449,4.3557879000000002
3287,0.48579908999999999,0.20474585000000001,0.0055668619000000001,443044.96000000002,0.016536773000000001,4.3927527
3288,0.58949154000000004,0.17703136,0.01479453,473717.54999999999,0.014373119,5
3289,1,0.17165254999999999,0.0038401671999999999,459035.03000000003,0.017039430000000001,0.001
3290,0.50101845,0.20255739,0.019713766000000001,495421.69,0.013629181000000001,5
3291,0.82781092000000001,0.19498935000000001,1.0000000000000001e-05,393831.70000000001,0.013509398000000001,1.233935
3292,1,0.16878673,0.032967947999999997,534315.87,0.016519075000000001,1.992518
3293,1,0.19072929,0.039394650000000003,533661.39000000001,0.017246004999999998,2.9247787000000001
3294,0.80736901999999999,0.14313102999999999,0.023407496,508054.53000000003,0.020484506999999999,2.5948140999999998
3295,1,0.1814279,0.003122816,439795.62,0.018577977999999998,2.9243315999999999
3296,1,0.20700419,0.0093968058999999993,407580.26000000001,0.022595738000000001,0.001
3297,0.88283634,0.1896785,0.0065610275000000003,416775.21999999997,0.022991035999999999,0.91868936000000001
3298,0.84186506000000005,0.20150899999999999,1.0000000000000001e-05,410750.28999999998,0.016793135000000001,0.90834550999999997
3299,0.40820899999999999,0.14478758,0.026596228,464015.03999999998,0.026571672000000001,5
3300,0.94170326000000004,0.16379826,0.056232653,645658.42000000004,0.017833989000000001,5
3301,0.69983249000000003,0.21685064000000001,0.015880715,475811.06,0.012374117,2.4006324000000001
3302,0.81562869000000005,0.20037207000000001,0.0099896224000000002,468809.21999999997,0.015721188000000001,3.1907154000000002
3303,1,0.1623607,0.0050534915999999996,439036.13,0.029113364999999999,5
3304,0.55739216000000003,0.21809444,0.023825335,494511.91999999998,0.020553516000000001,5
3305,1,0.16400047000000001,0.0030587238,447199.45000000001,0.022332029999999999,2.0826935999999998
3306,0.44302416,0.16796939,0.012716889,441730.90999999997,0.01918833,3.5771285000000002
3307,0.45195698000000001,0.19910347,0.023067324,516826.09999999998,0.015720504,5
3308,1,0.15360929000000001,0.052044015999999999,659667.40000000002,0.015594103999999999,0.001
3309,0.90207612000000004,0.19924046000000001,0.027245543000000001,540606.51000000001,0.011276458,1.8798172
3310,0.38196347000000003,0.15775443,0.0080960644999999998,468766.73999999999,0.017061544000000001,5
3311,0.82221292000000001,0.18346898,1.0000000000000001e-05,422005.97999999998,0.018869381000000001,5
3312,1,0.17215200999999999,1.0000000000000001e-05,384583.94,0.018593372,2.6992690000000001
3313,0.88617634999999995,0.19548847999999999,0.033603453999999998,564778.92000000004,0.016100337999999999,4.1835778000000001
3314,0.48710978999999999,0.17234232999999999,0.011755636999999999,451206.29999999999,0.018990791999999999,4.1519183999999996
3315,1,0.19029424,0.0022212124999999999,476602.47999999998,0.011893904,0.001
3316,1,0.19850229,0.017280648999999999,478138.03000000003,0.022420919000000001,1.3822753000000001
3317,0.55247884000000003,0.16337940000000001,1.0000000000000001e-05,395021.28000000003,0.021167783999999999,3.7504845000000002
3318,0.48002609000000002,0.17838055999999999,0.022094440999999999,452020.81,0.020908006,3.4228732000000002
3319,0.91730626000000004,0.17318422999999999,1.0000000000000001e-05,440394.98999999999,0.015433692000000001,0.58153261999999994
3320,0.69787805999999997,0.19236953000000001,0.0046834015999999996,469931.57000000001,0.014008833,1.6518820999999999
3321,0.74352472999999997,0.1747399,1.0000000000000001e-05,381800.41999999998,0.016001462000000001,5
3322,1,0.22244058,0.042539641000000003,559836.60999999999,0.011012925,0.25638218000000002
3323,0.89768760000000003,0.16803269000000001,0.012305536000000001,482902.91999999998,0.023112567000000001,0.30412275
3324,0.68014319999999995,0.19221073,0.058700804000000002,661237.34999999998,0.015144968999999999,3.7384293999999998
3325,0.78573243999999998,0.18438442999999999,1.0000000000000001e-05,392315.87,0.016290440999999999,5
3326,0.64395486000000002,0.16639192999999999,1.0000000000000001e-05,418559.75,0.018776063999999999,5
3327,0.67935493999999996,0.17784464,0.040669568000000003,571522.73999999999,0.014604045,1.4621462999999999
3328,0.77060695000000001,0.18467818999999999,0.0031595707999999998,422943.21999999997,0.018983900000000001,5
3329,0.81401338000000001,0.19402238999999999,0.014885824000000001,454328,0.013709752,1.8787967999999999
3330,0.50758073000000004,0.18289617,0.011297059,485776.90999999997,0.013649644000000001,3.4707838999999998
3331,0.89112683000000004,0.19381219999999999,0.0042605658999999999,475528.02000000002,0.014394015,2.4340734999999998
3332,1,0.15230636,0.0089262278000000004,422792.73999999999,0.019247897,3.1449410000000002
3333,0.96627516999999996,0.19046516999999999,0.00093909802,389824.70000000001,0.019912368999999999,3.74742
3334,0.85414447999999998,0.17339175000000001,0.075397396000000005,717990.63,0.013184572,3.2288796
3335,0.47278340000000002,0.21457434,0.010624260999999999,517264.65999999997,0.0099417177999999995,4.2394952000000004
3336,1,0.17162937,1.0000000000000001e-05,424699.53999999998,0.021156781999999999,2.3525242999999998
3337,0.57570142999999996,0.18176993,0.0044871151000000003,414275.82000000001,0.018234812999999999,2.6659948
3338,0.70526480999999996,0.17238734,0.0076769712000000004,458212.41999999998,0.015006424000000001,5
3339,0.72400551000000002,0.15694193000000001,0.041589566000000001,568254.68999999994,0.022653521999999999,0.87888023000000004
3340,0.82004107999999998,0.18845079000000001,0.033307733999999999,530909.97999999998,0.019725202000000001,3.0286856000000002
3341,0.82489561,0.18982001000000001,1.0000000000000001e-05,374501.28999999998,0.013455655,4.9755333999999998
3342,0.56282025000000002,0.19408447000000001,0.022021144999999999,458212.65999999997,0.015108896,2.9947984000000001
3343,0.88218300000000005,0.18817554,0.021243723999999999,468528.66999999998,0.017956468,0.80775125999999997
3344,0.97114544000000003,0.17607163000000001,0.012485095,485142.91999999998,0.011884804000000001,2.0993395000000001
3345,0.77596873,0.21092636000000001,0.0041076740000000004,446318.71000000002,0.017653556000000001,1.5865434
3346,1,0.1993048,0.0187446,415125.39000000001,0.018009674,0.001
3347,1,0.18038874999999999,0.010504253999999999,454532.72999999998,0.020243255000000002,0.001
3348,0.34142504000000001,0.17391844000000001,0.0031402627999999998,391426.34999999998,0.020096279000000002,5
3349,0.94470602999999997,0.19970772000000001,0.0036487396,454669.53000000003,0.017380083000000001,2.2277528000000002
3350,0.89573864999999997,0.18625481999999999,0.0060625096,468745.63,0.012203329000000001,2.4687304000000001
3351,1,0.20026679999999999,1.0000000000000001e-05,413603.08000000002,0.010345890999999999,5
3352,0.84143968000000002,0.17432497999999999,0.012574125,480489.21000000002,0.015488178,5
3353,0.79094697000000003,0.16864440999999999,0.00039089187999999999,421673.48999999999,0.019743514,4.1623922999999996
3354,0.84931042000000001,0.20259355000000001,0.011451532,485200.26000000001,0.014477555,3.2589255000000001
3355,1,0.17673157,0.0037038260999999999,434841.33000000002,0.015940930999999998,4.3290566999999998
3356,0.47725794999999999,0.16296282000000001,1.0000000000000001e-05,414283.04999999999,0.024301502999999999,3.6755800000000001
3357,0.66996559,0.21136282000000001,0.021037878999999999,473875.40000000002,0.018459415999999999,5
3358,1,0.21509465999999999,0.018154312999999998,511034.28999999998,0.011422943,2.1032128000000001
3359,0.91146145000000001,0.18815527000000001,0.019139323999999999,475048.85999999999,0.012826552999999999,2.2691707999999999
3360,0.56641560000000002,0.17931991,0.068878867999999996,589941.82999999996,0.021116425000000001,2.9577958999999998
3361,1,0.16191699000000001,0.0080156125999999994,442725.21999999997,0.018513029,3.3499664999999998
3362,0.87462857999999999,0.19853799999999999,0.015687350999999999,494811.14000000001,0.015135717999999999,1.8617189999999999
3363,0.47473599999999999,0.17170794,1.0000000000000001e-05,417826.09000000003,0.022173595000000001,3.3934777999999999
3364,1,0.19498687000000001,1.0000000000000001e-05,422547.59000000003,0.017287758,0.001
3365,1,0.17907843000000001,1.0000000000000001e-05,425125.5,0.019342303000000002,2.3403480000000001
3366,1,0.18474062999999999,0.012706927999999999,472494.02000000002,0.01558699,2.0138788999999999
3367,0.73240910000000004,0.16831146999999999,0.010867971000000001,464627.35999999999,0.019351599000000001,3.0732656
3368,1,0.1734579,1.0000000000000001e-05,430234.02000000002,0.016628331999999999,2.2946718000000002
3369,0.75705838000000003,0.18165537000000001,0.0047637345000000001,427179.22999999998,0.017833905000000001,1.2875372
3370,1,0.20794008999999999,0.0025099777999999999,422946.73999999999,0.013878836,0.001
3371,0.60863407999999997,0.20342998000000001,1.0000000000000001e-05,413518.09000000003,0.010992376999999999,5
3372,0.98718461999999996,0.17091672999999999,0.0061871935000000003,438961.46999999997,0.021141462999999999,2.6988671000000002
3373,0.99204331000000001,0.16598916999999999,0.027640156999999999,460025.72999999998,0.018947677999999999,0.53146369000000004
3374,1,0.19936052000000001,0.0057293233999999998,458062.84999999998,0.015420592,5
3375,0.78064188000000001,0.16417664000000001,0.11495559,861626.77000000002,0.014757231000000001,4.0731345000000001
3376,0.62208189000000003,0.18711765,1.0000000000000001e-05,381569.01000000001,0.020855723,4.7204423999999996
3377,0.91944926999999999,0.16174337999999999,0.011092754999999999,460391.33000000002,0.021825671000000001,2.5414143
3378,1,0.17429727,0.0037793525999999999,457528.71999999997,0.015243829,0.17431816
3379,0.43031268,0.17718285,0.0089287727000000004,398220.26000000001,0.019626943000000001,4.3607192000000001
3380,0.67015965,0.19791555,0.003480084,463371.63,0.014531752,5
3381,0.60933839000000001,0.17467736,0.029857199000000001,565164.28000000003,0.013362648,3.7844251999999998
3382,0.59304369999999995,0.18191283,0.061400903,626603.55000000005,0.01855273,4.8563763
3383,1,0.16467552999999999,0.065301501999999997,578545.83999999997,0.019441171,2.4096115999999999
3384,0.59275389000000001,0.14983214,1.0000000000000001e-05,421651.21000000002,0.018144838999999999,3.3766129999999999
3385,0.83081700000000003,0.15406110000000001,0.029383879000000002,536608.52000000002,0.020564899000000001,1.7089365999999999
3386,1,0.15614032999999999,1.0000000000000001e-05,449473.65000000002,0.014003847999999999,0.29614298
3387,0.91290325999999999,0.22690373999999999,1.0000000000000001e-05,415376.98999999999,0.016397921999999999,3.2007501
3388,0.72543506000000002,0.18140481,0.035120802999999999,564313.80000000005,0.018912142,2.0621744
3389,0.73257879999999997,0.16364619,0.0036579300999999998,446920.33000000002,0.021691671999999999,1.9467388999999999
3390,0.61700465999999998,0.20769965000000001,1.0000000000000001e-05,433556.97999999998,0.016207516000000002,5
3391,0.81316579,0.18954288,1.0000000000000001e-05,407466.22999999998,0.013187305,4.1345839
3392,1,0.17837706,0.0027390320000000002,412665.57000000001,0.025563565999999999,2.0872297
3393,0.80907910999999999,0.19734753999999999,0.0053680610000000004,435842.60999999999,0.019388366000000001,0.94431699999999996
3394,0.79550986000000001,0.19111476999999999,0.012336243,498615.10999999999,0.012805996,0.69950880999999998
3395,0.55633982000000004,0.18816099999999999,0.00019758153999999999,459950.71000000002,0.015050465000000001,3.0286208000000001
3396,0.45882181,0.15589332,0.0054097535000000004,460756.78000000003,0.019916342,4.7721571999999997
3397,0.39015474,0.16917773999999999,0.015703706000000001,480698.09999999998,0.016662572,4.0966360000000002
3398,0.74086647000000005,0.19152105999999999,0.015357183,531934.06000000006,0.012166738999999999,3.8754016999999998
3399,0.66956283000000005,0.19182578,0.0075318562,411626.06,0.010703226,1.8538796
3400,0.77223710000000001,0.19323046999999999,0.0047019328000000001,425433.26000000001,0.013281080000000001,2.0761050999999999
3401,0.85443201000000002,0.17325973,0.029127777000000001,449264.82000000001,0.022499486999999999,0.9194272
3402,1,0.17339201000000001,0.076843212999999994,685953.56000000006,0.019724327999999999,0.001
3403,0.61228214999999997,0.18352159000000001,1.0000000000000001e-05,366644.48999999999,0.019136055999999999,2.8906657999999998
3404,0.66054170999999995,0.20207632,0.0056036634999999998,442320.83000000002,0.017602128000000002,4.4886707000000001
3405,0.64921739000000001,0.18761363,0.0044254276999999998,447300.07000000001,0.016965658000000002,5
3406,1,0.18362603,0.025710851999999999,518163.56,0.014758291999999999,0.44751531
3407,1,0.18713509,1.0000000000000001e-05,416355.51000000001,0.013339607,0.50221530999999997
3408,0.79963353000000004,0.18223796,1.0000000000000001e-05,440952.75,0.015850765999999999,4.9106353
3409,0.81939969000000001,0.18287835999999999,0.056446927000000001,615969.73999999999,0.012424182000000001,1.7924188000000001
3410,0.61954951000000003,0.17106984,0.0053564347,462590.25,0.015863175,4.8713797999999997
3411,0.45205325000000002,0.16724168,0.038439596999999999,595409.79000000004,0.019522780999999999,3.4745056000000001
3412,0.61503861999999998,0.19123809999999999,1.0000000000000001e-05,378637.77000000002,0.013423269999999999,3.5400814
3413,0.78774725999999995,0.19222138999999999,0.0084621101999999993,457538.08000000002,0.014082147,4.3020478999999998
3414,0.94714087999999996,0.18883485,1.0000000000000001e-05,386988.92999999999,0.016654288999999999,0.90843651999999997
3415,0.73405509000000002,0.19036220000000001,2.2045723000000001e-05,440673.26000000001,0.015994781999999999,1.8112710000000001
3416,0.95368719999999996,0.16054143000000001,0.0082842149999999993,396751.71999999997,0.027809344999999999,0.52520564000000003
3417,1,0.15680767000000001,0.0058627985000000004,434871.21000000002,0.022940790999999999,5
3418,0.92290813999999999,0.17826449999999999,0.0097347114999999998,452498.72999999998,0.020536704999999999,4.8082935000000004
3419,0.80293954000000001,0.18443143000000001,1.0000000000000001e-05,436558.17999999999,0.01533265,3.0428139000000001
3420,0.72040987999999995,0.22377590999999999,1.0000000000000001e-05,429239.73999999999,0.010888428,4.9958229000000003
3421,0.93128454000000005,0.19719787,0.036139287999999999,590252.01000000001,0.015696626000000002,4.0438343999999997
3422,0.99241895999999996,0.14322109,0.026777968999999999,520110.58000000002,0.021335272999999998,1.7433491000000001
3423,0.87416329000000004,0.18482554000000001,0.0053804589000000002,490675.25,0.011834812,1.5165929
3424,0.96578047,0.19493948,1.0000000000000001e-05,410896.64000000001,0.018663088000000001,0.68740424
3425,0.82730612000000003,0.14484726000000001,0.033306318000000001,627609.08999999997,0.014728366999999999,2.9921859999999998
3426,0.38615119999999997,0.19873873,0.0035743563,385190.40999999997,0.023510375,4.7756350999999997
3427,0.90512024000000002,0.18955589,1.0000000000000001e-05,417980.17999999999,0.017797489,5
3428,1,0.18454944000000001,0.0085171012999999997,462975.21999999997,0.017418526,0.001
3429,0.70379199999999997,0.17468049999999999,0.036041977000000003,562503.01000000001,0.019230731000000001,4.7825141000000002
3430,0.71895118000000002,0.17176053999999999,0.070752323000000006,718326.09999999998,0.016356256,2.6555814999999998
3431,0.65198986000000003,0.16278026000000001,1.0000000000000001e-05,424027.79999999999,0.018558855999999999,5
3432,1,0.18179353000000001,1.0000000000000001e-05,422130.71000000002,0.016500488000000001,0.001
3433,0.93442391000000002,0.15992238,0.0093828485000000007,473455.29999999999,0.015713795999999999,1.2125682
3434,0.67460376,0.19829570999999999,0.0032276454,419705.03000000003,0.012013838000000001,4.9993042000000001
3435,0.80772031,0.20084110999999999,0.010933781,483577.70000000001,0.014275846999999999,1.9335715
3436,0.70119761999999997,0.18477677000000001,0.091575658000000004,814386.83999999997,0.014369662,4.1438610999999996
3437,1,0.17083291,0.0051058566,438769.58000000002,0.017216487999999999,3.3517147999999999
3438,0.55908696000000002,0.20836186000000001,0.045004674000000001,616088.68000000005,0.015252417000000001,4.2096865000000001
3439,0.99750656000000004,0.17796633000000001,1.0000000000000001e-05,449043.40000000002,0.013589133,0.001
3440,0.62804618000000001,0.20004414000000001,1.0000000000000001e-05,332820.62,0.013496374,2.7739411999999999
3441,0.49853568999999998,0.17382338999999999,0.039297673999999998,590440.52000000002,0.015288246,5
3442,0.93780803999999995,0.19670375000000001,0.017935731999999999,520166.90000000002,0.013194117,2.7800481000000001
3443,0.77130823999999998,0.19553661,0.016646498999999999,513458.21000000002,0.016604893999999999,2.1944381000000002
3444,0.65518346000000005,0.18009548,0.0072673770000000002,468935.41999999998,0.016256426000000001,2.0372349999999999
3445,0.74418481999999997,0.17832634,0.0075511227000000002,448668.42999999999,0.014864624999999999,4.5203848999999998
3446,0.95930470000000001,0.20343043,0.0022313744000000001,404366,0.021288039000000002,1.3811564999999999
3447,0.41494059999999999,0.19060700999999999,1.0000000000000001e-05,426470.13,0.013960985,5
3448,0.66228507999999997,0.20183139999999999,0.0069613421000000002,440967.71000000002,0.021970747999999998,2.7384455999999999
3449,0.52488115999999996,0.15053540000000001,0.014983945,450884.84999999998,0.023634717,4.1405950999999996
3450,0.84271366000000003,0.18041728000000001,0.0068273652999999998,405796.96999999997,0.023508694,5
3451,0.91535259000000002,0.15822987999999999,0.027619121999999999,530148.59999999998,0.017037383,0.001
3452,0.58270845999999998,0.17064283999999999,0.067572496999999995,693581.41000000003,0.017721027,5
3453,1,0.18788964,0.0047762298000000002,458962.33000000002,0.012273968999999999,3.6515811
3454,0.88243954000000002,0.17588886000000001,0.072642248000000006,645795.68999999994,0.020162031,2.3335713
3455,0.85470729999999995,0.16443378,0.019335537999999999,476144.59000000003,0.015854940000000001,0.59295584000000001
3456,1,0.17858845000000001,0.015089651000000001,465804.41999999998,0.022826050000000001,0.001
3457,0.74317847000000004,0.19473081,0.0053596408999999996,420749.46000000002,0.017804873999999998,3.4672877999999998
3458,1,0.20183477999999999,0.0019380409999999999,403441.46999999997,0.016825030000000001,0.55160564000000001
3459,1,0.18012834,0.0308358,572378.70999999996,0.019055777999999999,0.001
3460,1,0.16959102000000001,0.032552922999999997,517867.10999999999,0.015127015000000001,0.001
3461,0.93210852,0.18841417999999999,0.028948633000000001,474501.90999999997,0.015502999999999999,2.5245725000000001
3462,0.47405807,0.16345730999999999,0.0015289851000000001,436025.47999999998,0.021134644000000001,3.9042925999999998
3463,0.45675851000000001,0.20233039999999999,0.00051172160999999998,394359.42999999999,0.017372954999999999,3.8434045999999999
3464,0.93522298999999998,0.16848577000000001,0.030293776000000001,527980.51000000001,0.015117558999999999,0.001
3465,0.77367248,0.19806066,0.014728236,477503.70000000001,0.016410074,4.1510337000000002
3466,0.99992331999999995,0.16644803999999999,0.0011276484999999999,424632.95000000001,0.018317749000000001,0.001
3467,0.70805854000000001,0.15767800000000001,0.028277875000000001,497763.90000000002,0.027181251999999999,2.0869347
3468,1,0.19404147999999999,1.0000000000000001e-05,417501.40999999997,0.016694118000000001,0.001
3469,0.74278312000000002,0.1741722,0.0088133499999999993,457613.45000000001,0.01891953,1.4089053
3470,1,0.17530397,0.034856168999999999,496992.17999999999,0.022816652999999999,3.1755338000000002
3471,0.72354536999999997,0.19166496,1.0000000000000001e-05,416913.35999999999,0.015454203,4.5724615999999996
3472,0.94413437,0.17076493000000001,1.0000000000000001e-05,365443.96999999997,0.023868223000000001,0.16405658000000001
3473,0.76654465999999999,0.14957685000000001,0.01465696,440227.04999999999,0.025007485999999999,1.1557717999999999
3474,0.71814157000000001,0.16606797000000001,0.038508947000000002,469554.23999999999,0.018491937,2.4502689000000002
3475,0.67652791999999995,0.17923782999999999,0.0033331527000000001,430987.01000000001,0.018431871999999998,5
3476,0.57778141999999999,0.17620896999999999,0.0062256474000000001,495842.84999999998,0.014058187999999999,2.2066903
3477,0.8488656,0.18864928,0.0069455393000000002,457773.58000000002,0.017612038,5
3478,0.97795122000000001,0.18929583,0.035056438000000002,512375.91999999998,0.018523487000000002,1.4513480000000001
3479,0.85472212000000003,0.17785771,1.0000000000000001e-05,441480.96000000002,0.015587808,1.1686768000000001
3480,0.58644688,0.15690798,0.01087924,512468.87,0.015293054,3.8164335999999999
3481,0.89049840000000002,0.17978582000000001,0.013770375,484429.90999999997,0.019833818,0.42575981000000002
3482,0.79330769000000001,0.19481851,0.0095598181000000008,376609.91999999998,0.012679119000000001,1.9335248
3483,0.85964547000000002,0.16386781,1.0000000000000001e-05,416385.06,0.018493147000000001,2.1738762999999999
3484,0.81239002000000005,0.16505099000000001,0.00090908969999999999,446121.71000000002,0.015490378000000001,2.1990690000000002
3485,0.79724265999999999,0.16347486999999999,0.0028370442,420016.78000000003,0.021582258,3.813078
3486,0.67225794000000005,0.19712110999999999,1.0000000000000001e-05,444380.96999999997,0.014841927,5
3487,0.70669683999999999,0.17456340000000001,1.0000000000000001e-05,427654.08000000002,0.014990804,2.7443167000000002
3488,1,0.17670959,0.0044988752999999999,445598.41999999998,0.021200018000000001,1.7822753
3489,0.66687448999999999,0.19284339,0.0048371153,442272.09000000003,0.011592335,4.4902129000000004
3490,0.55355288999999996,0.19378844000000001,0.022141455000000001,582543.03000000003,0.0093644726999999994,4.8545828999999996
3491,0.77098756999999996,0.13626293,0.00050015404,429670.29999999999,0.017336799999999999,0.001
3492,0.77989118000000002,0.18606421000000001,0.049135633999999997,549667.32999999996,0.019969163000000002,1.3781015999999999
3493,1,0.20370938,0.036939223,511998.02000000002,0.014048656,0.001
3494,0.46994733999999999,0.19612123000000001,0.065749851999999998,605784.22999999998,0.015855277000000001,4.5971131999999999
3495,0.67161588999999999,0.14740613,0.0014443837000000001,429961.71999999997,0.026097985000000001,4.8346746999999999
3496,0.85899099000000001,0.20233428000000001,0.046088604999999998,587131.52000000002,0.015684615999999998,2.2118745
3497,0.95309069000000002,0.19359266999999999,1.0000000000000001e-05,400244.21999999997,0.016924829999999998,2.7778789000000002
3498,0.90230613999999998,0.18105331,0.0010921956,469481.78000000003,0.011535115,1.9874122999999999
3499,0.94993724000000002,0.20325842999999999,1.0000000000000001e-05,418910.41999999998,0.01607836,2.5994006000000001
3500,0.56786431999999998,0.18198429999999999,0.084574531999999994,798280.39000000001,0.014366306000000001,5
3501,1,0.17553687000000001,1.0000000000000001e-05,445976.63,0.015101518,0.001
3502,0.83035355,0.16683324999999999,0.014090744000000001,483590.34999999998,0.010585083,0.001
3503,0.83834286000000002,0.17663680000000001,0.029878601000000001,525801.13,0.011955296000000001,3.7249629999999998
3504,1,0.16559821999999999,0.0085955340999999998,483782.10999999999,0.012569821,0.001
3505,1,0.19027511999999999,1.0000000000000001e-05,416779.60999999999,0.014626013,1.9689167999999999
3506,0.40965167000000002,0.17875942,0.00050783017999999995,496384.84000000003,0.010602739,4.3929790999999998
3507,0.79786789000000002,0.19299088,1.0000000000000001e-05,382000.94,0.012922227,1.7105931000000001
3508,1,0.15507297,0.040943804,555136.81000000006,0.017409417999999999,0.001
3509,0.94474252000000003,0.18720746999999999,0.093372486000000005,751961.15000000002,0.016057228999999999,2.6300346999999999
3510,1,0.18180569999999999,0.010200811000000001,444530.40000000002,0.017148572000000001,1.233441
3511,0.67348485000000002,0.19262783999999999,1.0000000000000001e-05,416218.12,0.011629458000000001,4.1918012999999998
3512,0.65931706000000001,0.18006931000000001,0.028933266999999999,501863.76000000001,0.014293151,5
3513,0.77197552999999997,0.19241871999999999,0.0036599317000000002,496961.02000000002,0.014625582,2.5592929999999998
3514,0.65936611999999994,0.19632685999999999,0.0046776975000000004,416884.21999999997,0.016064346,2.8888956000000001
3515,0.57001871999999998,0.17996435,0.048356350999999999,580671.82999999996,0.012351867000000001,2.7154457000000001
3516,0.76136972999999997,0.17853288,0.011194061999999999,477330.28999999998,0.015035715,4.1473594
3517,0.67821262999999998,0.19461593999999999,0.0083701708999999996,452717.54999999999,0.017032459,3.5603083
3518,0.82516179000000001,0.13935613999999999,1.0000000000000001e-05,467824.25,0.021299243999999998,1.5838215
3519,0.40123922000000001,0.19338714000000001,0.015004361000000001,433137.70000000001,0.013663198,5
3520,0.57968565999999999,0.19492971000000001,0.18567386999999999,993552.93999999994,0.015846918000000002,2.2550492000000002
3521,0.78822795999999995,0.19812589,0.033951675000000001,522988.07000000001,0.015143181,3.7244161
3522,0.50524226000000005,0.19170052000000001,0.0063555605999999999,427324.28000000003,0.020298375,5
3523,0.51852321000000001,0.18957109,1.0000000000000001e-05,415421.87,0.018709014,4.0651665000000001
3524,0.96191382999999997,0.17561814000000001,0.011602639,467047.19,0.013663208,4.1798104
3525,0.72539251000000005,0.17671564000000001,0.033569812999999997,520171.72999999998,0.016851930000000001,0.81765182999999997
3526,0.85488949000000003,0.17919789,0.0019052609000000001,443110.94,0.017127704000000001,0.93441742999999999
3527,0.59285409,0.17406667000000001,0.024858885000000001,522587.56,0.015293914,2.9021571000000002
3528,0.98511092,0.18628785,0.02019955,435074.53999999998,0.021288534000000001,0.001
3529,0.64044891999999998,0.16020661999999999,1.0000000000000001e-05,404964.19,0.022778753999999998,5
3530,1,0.20835919999999999,1.0000000000000001e-05,469178.34999999998,0.011857444,1.6322890000000001
3531,0.71582882000000003,0.12983865,0.028782774000000001,475678.89000000001,0.021757994999999999,2.9338251999999998
3532,1,0.15494843999999999,1.0000000000000001e-05,442535.63,0.016187297999999999,3.1430574
3533,0.60882723000000005,0.17800563999999999,0.0087361369999999997,409546.91999999998,0.023414658000000001,3.8391196999999999
3534,0.80138613999999997,0.19180992999999999,0.0015271916,436879.10999999999,0.017666621,5
3535,0.99936418000000005,0.16521135000000001,0.010614271999999999,447926.54999999999,0.02061288,0.12017211999999999
3536,0.42226587999999998,0.15813199999999999,0.0035164568000000001,419091.82000000001,0.023873426,5
3537,1,0.19007811999999999,0.0073537832999999997,493137.63,0.010844276,2.4963674999999999
3538,0.97946489000000003,0.18791372000000001,0.011030765,464959.78000000003,0.016874011000000001,2.2198123999999999
3539,0.74614561999999995,0.15626672999999999,0.037584845999999998,557362.56000000006,0.015369214000000001,0.34438151
3540,0.46931642000000001,0.20627342000000001,0.0017034805,421287.16999999998,0.016625303000000001,3.3294144999999999
3541,0.63292914,0.18401716000000001,0.0092889527000000003,433576.35999999999,0.012679744,1.4985056000000001
3542,0.89780539999999998,0.14899614999999999,0.022974003999999999,478615.31,0.02093443,1.2552190999999999
3543,1,0.18672559999999999,0.016509790999999999,465491.58000000002,0.016112819,1.8840456999999999
3544,0.84571286000000001,0.15451906000000001,0.011253977,463738.37,0.023206244000000001,2.6237716999999998
3545,0.40584188999999998,0.18182534,0.010264802,442170.89000000001,0.02059559,4.9499613
3546,0.85706472,0.18020600000000001,0.028701895000000002,464014.31,0.011655023,0.001
3547,0.93076250000000005,0.16156749000000001,1.0000000000000001e-05,437630.57000000001,0.016578479,0.37316999000000001
3548,0.94744501999999997,0.15847705000000001,1.0000000000000001e-05,442927.04999999999,0.020127947,1.2352993000000001
3549,0.52008931000000003,0.18355115999999999,0.0071439957,436814.34999999998,0.016805022999999999,5
3550,1,0.17110300000000001,0.0047645328000000004,354062.46000000002,0.020165285000000002,2.0796492999999998
3551,0.92949894,0.17550624000000001,0.0156198,482620.73999999999,0.02141349,5
3552,1,0.14108862,0.0036477355000000002,430124.59000000003,0.020819563999999999,0.68967228000000003
3553,0.38591108000000002,0.16699443999999999,0.0062463685000000001,459742.85999999999,0.014468887999999999,5
3554,1,0.18542111,1.0000000000000001e-05,410703.28999999998,0.020182170999999999,2.5446162000000001
3555,1,0.18797026999999999,1.0000000000000001e-05,461312.62,0.018376054999999999,2.4995307000000002
3556,0.66139791999999997,0.17588002,0.0016553277000000001,429712.56,0.018626597000000002,5
3557,0.89428836,0.17318712999999999,0.012992406999999999,480594.58000000002,0.023425771000000001,2.9590654999999999
3558,0.59869905999999995,0.20397224999999999,0.041863540999999997,614720.95999999996,0.015817415000000001,4.5154230000000002
3559,0.55113325999999996,0.19429429000000001,0.0030298463000000002,409376.09000000003,0.013799064,4.4865832000000001
3560,1,0.17650379999999999,0.024044156000000001,525877.01000000001,0.0096950215999999992,4.5519382000000004
3561,0.97699882999999998,0.15266076000000001,1.0000000000000001e-05,387119.31,0.021320806000000001,0.42868919999999999
3562,0.73636654999999995,0.1889884,0.010724681999999999,460017.97999999998,0.019158115,4.9481557
3563,0.70778985000000005,0.18584786,0.0088121559000000002,456726.75,0.013479827,1.9796037
3564,1,0.21238746999999999,0.018072731000000002,476063.57000000001,0.018196107,1.8974092
3565,1,0.15856608,1.0000000000000001e-05,441855.88,0.015975336999999999,2.6364513999999999
3566,0.69291522999999999,0.18076735999999999,0.0099568225999999999,469139.10999999999,0.023671944,5
3567,0.64039301000000004,0.17757703999999999,0.026511402,525359.59999999998,0.016942685999999998,1.7055913
3568,0.49423274,0.22372706000000001,1.0000000000000001e-05,398497.53999999998,0.013494926000000001,4.4129934999999998
3569,0.94139801999999995,0.19097834999999999,0.069325291999999997,667110.06000000006,0.015469673,0.001
3570,0.83033182999999999,0.18537212,0.0024587818,446493.53000000003,0.013856387,1.2058241000000001
3571,0.80385914000000003,0.19392888,0.020476927999999998,538727.07999999996,0.015943150999999999,4.1601543000000003
3572,0.86595840000000002,0.18730865999999999,0.013414499999999999,494158.48999999999,0.015057116000000001,1.5625036999999999
3573,0.88638848000000003,0.19239186,1.0000000000000001e-05,429434.14000000001,0.016052459000000002,1.058454
3574,0.41086714000000002,0.20780391000000001,0.033924708999999997,526114.59999999998,0.010530473,5
3575,1,0.15503696,1.0000000000000001e-05,414958.12,0.022704384000000001,0.87261228999999996
3576,0.43623831000000002,0.17893622000000001,0.020858694000000001,458476.03000000003,0.020041100999999999,4.2063847000000001
3577,0.77946267999999996,0.16338453999999999,1.0000000000000001e-05,428365.88,0.021121808999999998,3.0652050000000002
3578,0.73962459999999997,0.20892242,0.00096021527000000005,465167.21000000002,0.010751524,0.72073578999999999
3579,0.97134781000000003,0.20054681999999999,0.0036338656000000002,463463.63,0.0094960784999999995,0.001
3580,1,0.20415322999999999,1.0000000000000001e-05,456655.79999999999,0.013483377,3.0590361000000001
3581,0.85153904000000002,0.15535478,1.0000000000000001e-05,413480.15999999997,0.021555680000000001,5
3582,0.95052358999999997,0.15610425,0.0011333827999999999,429493.63,0.022214344,4.2299189999999998
3583,1,0.18165808,0.0030386517000000001,453270.02000000002,0.016028495,0.20229943
3584,0.91822906999999998,0.16774405000000001,0.018023618000000002,492818.72999999998,0.023623348999999998,0.80820185
3585,1,0.18151577999999999,0.0071350108000000001,437254.63,0.015906432000000002,0.64791582999999997
3586,0.54374056999999998,0.18786553,0.0120622,431170,0.022563999000000001,5
3587,0.47919763999999998,0.17111071,0.016785359,515411.47999999998,0.015165267,2.4498877999999999
3588,1,0.21090250999999999,0.0064471624999999999,408872.25,0.023032905999999999,0.76467591999999995
3589,0.79802963999999998,0.19876891999999999,0.0030482168000000001,428161.71999999997,0.018674831999999999,1.2738438999999999
3590,0.41624482000000002,0.16964451,0.016036148,456602.69,0.016757889000000002,3.8095938
3591,1,0.21318187999999999,0.023835604999999999,501764.75,0.014327619999999999,0.001
3592,0.75648685000000004,0.21043157000000001,0.026291129999999999,505163.53000000003,0.016478961,1.7391554
3593,1,0.20334732999999999,1.0000000000000001e-05,407870.09999999998,0.017089177000000001,0.001
3594,0.93007613,0.19576858,0.0042127600999999999,439430.03999999998,0.012951037,1.6529087
3595,0.81168258000000004,0.21447554999999999,0.0038054718999999998,448497.10999999999,0.015536441999999999,1.9471206999999999
3596,0.92400521999999996,0.16773531,0.018176039000000001,477494.12,0.014394652000000001,2.8482188000000002
3597,1,0.18356217999999999,0.045938887999999997,560989.18000000005,0.016836377999999999,0.20117314
3598,0.86545316999999999,0.16758486,0.0041660782999999998,464863.44,0.014170370999999999,2.1751543
3599,0.70958297999999997,0.14476025000000001,0.0039941858000000002,480201.25,0.021450770000000001,4.3550829999999996
3600,0.37718905000000003,0.18868425,0.00030643777000000002,421412.03999999998,0.020330270000000001,5
3601,0.64786113999999995,0.17008686000000001,1.0000000000000001e-05,452728.09000000003,0.014629295,3.0673780000000002
3602,0.42048722999999999,0.20470234000000001,0.0081733099999999996,423668.90000000002,0.0095024388000000005,5
3603,0.72458307,0.17920194,0.0077905874999999996,465513.58000000002,0.015216488,1.6602214
3604,0.94858973999999996,0.16596285999999999,1.0000000000000001e-05,473823.47999999998,0.016534925999999998,0.001
3605,0.73944595999999996,0.20029047,0.011472065,417746.70000000001,0.011929624999999999,1.7092278999999999
3606,0.81892239,0.19453148000000001,0.00077156980999999996,441983.37,0.015832282,0.98449379000000004
3607,0.51639427999999998,0.16953947999999999,0.022446883000000001,483661.64000000001,0.019137728999999999,4.4649308000000003
3608,0.74712747000000002,0.17974206000000001,0.013445261999999999,435848.10999999999,0.01915594,3.7513671999999998
3609,0.51860556999999996,0.17335795000000001,1.0000000000000001e-05,465739,0.011415644000000001,2.2357667999999999
3610,0.73683007,0.18201869000000001,0.024957652,463330,0.024897236,5
3611,0.84337947999999996,0.19886651,0.011866216000000001,457966.96000000002,0.019014777,4.3745342000000003
3612,0.52599823999999995,0.19052453,0.058460428000000002,669027.10999999999,0.015256044999999999,4.5896666000000002
3613,0.83162559999999996,0.17841336999999999,0.080915461999999994,577306.07999999996,0.017874643999999999,4.0874782999999999
3614,0.44321153000000002,0.18809698,1.0000000000000001e-05,374147.04999999999,0.016546676,4.6073221000000002
3615,0.57659335,0.17282331000000001,0.0083819056999999992,525633.60999999999,0.013022311999999999,4.0033818999999999
3616,0.55325234000000001,0.21799679,0.012661231,475130.98999999999,0.015659594999999998,4.2307661000000003
3617,0.40670716000000001,0.17425926999999999,1.0000000000000001e-05,432431.70000000001,0.016920540000000001,4.3957563999999998
3618,0.86593275000000003,0.20865793999999999,0.063896914999999999,569241.64000000001,0.014914442999999999,2.0440266999999999
3619,0.99892532999999994,0.15661836000000001,0.0014860786,428467.62,0.01558759,0.001
3620,0.72710944,0.1982361,1.0000000000000001e-05,403370.59000000003,0.021301578000000002,4.3393078999999997
3621,0.4706593,0.20627027000000001,1.0000000000000001e-05,443709.23999999999,0.011331139,5
3622,0.99977083,0.16286790000000001,1.0000000000000001e-05,428487.14000000001,0.018720377999999999,0.001
3623,1,0.20923794000000001,0.0046171930999999999,427260.89000000001,0.012639743,1.9312587000000001
3624,0.70722912999999998,0.17503811,1.0000000000000001e-05,456480.09000000003,0.010693835,2.3911899000000001
3625,1,0.16401160000000001,0.028717802000000001,517261.48999999999,0.016792818000000001,0.001
3626,0.70192520000000003,0.17793755,0.023061788,497409.90000000002,0.012717323000000001,3.3060564000000001
3627,0.65626476,0.16323059000000001,0.0043685351000000002,455427.90999999997,0.015214774,0.94792482
3628,1,0.18606188000000001,0.0031583410999999999,448867.42999999999,0.017562090999999998,1.7660335
3629,0.76740056999999995,0.19979093000000001,0.021254729999999999,467617.60999999999,0.020387242999999999,1.6109743999999999
3630,0.80837157999999998,0.19400712000000001,0.016762902,467607.28999999998,0.017921861000000001,5
3631,0.61743366,0.17865687999999999,0.013585704000000001,457699.96999999997,0.019508549,1.7193198000000001
3632,0.90858782999999999,0.19168919000000001,0.0049763756000000001,430757.66999999998,0.015612045999999999,2.4909875000000001
3633,0.43178606000000003,0.15315222000000001,0.035098386000000002,561147,0.021176315000000001,5
3634,0.62175583000000001,0.19692973,0.023208244999999999,513259.90999999997,0.010810857,3.5535225000000001
3635,1,0.18078612999999999,1.0000000000000001e-05,400426.07000000001,0.016846849000000001,0.001
3636,0.70019182000000002,0.15984963999999999,0.047761379,566343.93000000005,0.019620542000000001,4.3756772000000002
3637,0.91126359000000001,0.19023145999999999,0.0061369149000000001,488575.42999999999,0.013999495000000001,2.3685027000000001
3638,0.79748083999999997,0.18339240000000001,0.033505796999999997,492847.27000000002,0.018408304,3.3802213999999999
3639,0.68589316,0.19277042,0.013295970000000001,426986.94,0.015453042,5
3640,1,0.17989837,0.040338285000000002,607220.56999999995,0.014936616999999999,0.001
3641,0.84314233000000005,0.17485941999999999,0.0038467511999999999,436440.98999999999,0.01308258,0.001
3642,0.70437168999999999,0.17243237,0.047731044,624578.51000000001,0.017345023000000001,5
3643,0.91024751999999998,0.17302781,0.079441027999999997,799843.02000000002,0.016958920999999998,2.3474173999999999
3644,0.774258,0.19192965000000001,0.0011641048000000001,385959.44,0.015819430999999998,3.9042735
3645,1,0.1604921,1.0000000000000001e-05,445044.42999999999,0.020824854,0.001
3646,0.91160746999999998,0.18527131999999999,1.0000000000000001e-05,403301.14000000001,0.014082071999999999,4.9619257000000001
3647,0.76342290000000002,0.19086795000000001,1.0000000000000001e-05,412484.90999999997,0.015640395000000001,5
3648,1,0.20341031000000001,0.029661888000000001,551526.27000000002,0.013751360000000001,1.4456731
3649,0.53275592999999999,0.16156379000000001,0.035117915999999999,525171.52000000002,0.015808587999999998,1.9035932
3650,0.68334234000000005,0.18303409000000001,0.0093266617000000007,381960.96999999997,0.020822639,3.6272112000000001
3651,0.56821162000000003,0.18625616,1.0000000000000001e-05,363433.09999999998,0.017533821000000002,3.5571866000000001
3652,0.85548804000000001,0.15450643999999999,0.020453055000000001,484606.23999999999,0.015334365000000001,0.001
3653,0.66134957000000005,0.18422026999999999,0.0042157490000000004,452242.42999999999,0.017434185000000001,5
3654,0.54440332000000002,0.17647115999999999,0.037982802000000003,570583.78000000003,0.016081563,5
3655,0.91809425,0.18359044999999999,1.0000000000000001e-05,434927.09000000003,0.015981634000000002,0.44688116999999999
3656,0.90202634000000004,0.13148878999999999,0.031317184999999997,538181.43999999994,0.019272526000000002,0.001
3657,0.62467231999999995,0.18634460999999999,0.01349876,456285.54999999999,0.022823332000000002,4.2990133000000004
3658,0.43321959999999998,0.20515976999999999,1.0000000000000001e-05,439761.88,0.016485446000000001,5
3659,0.75929208000000004,0.14891027000000001,0.011732327000000001,478680.52000000002,0.019048181000000001,1.7901914000000001
3660,0.80306823999999999,0.17754397999999999,0.0018012684000000001,454689.06,0.010886463000000001,0.89710860999999997
3661,0.83283280999999998,0.1934526,0.015203026999999999,494811.98999999999,0.014242449000000001,2.3940226999999998
3662,0.63266665,0.20578741,0.038360263999999998,557002.98999999999,0.015758489000000001,5
3663,0.54395183000000003,0.20976263000000001,1.0000000000000001e-05,434143.96000000002,0.014012655000000001,5
3664,1,0.20241973999999999,0.0050527157,476470.52000000002,0.015314414,0.51225997999999995
3665,0.53221821999999996,0.16913503999999999,0.038816701000000002,686370.30000000005,0.018756747000000001,4.4611263000000001
3666,0.51396359999999996,0.15555492000000001,0.00049184572000000003,417276.59999999998,0.021641427000000001,3.1193048000000001
3667,0.87186796,0.17826209000000001,1.0000000000000001e-05,389328.04999999999,0.014107010999999999,1.5853526
3668,0.83102542999999995,0.20310597,0.013190032000000001,486444.40000000002,0.01263735,3.0809044999999999
3669,0.86819767000000003,0.18472311999999999,0.0019433959,427778.32000000001,0.017052640000000001,1.1017163999999999
3670,0.86645762999999998,0.18257493999999999,0.033104756999999999,501836.28999999998,0.018410619,1.0072114999999999
3671,0.6885232,0.14353239000000001,0.01864768,492387.88,0.022422754,1.9072210000000001
3672,0.50086834000000002,0.1778776,0.0080862865999999992,437492.96999999997,0.018223599,4.9528615
3673,1,0.20318797,0.0095529805000000006,457803.09999999998,0.018306546,0.001
3674,0.78715004,0.18317696,0.021358515000000002,514805.59000000003,0.018646834000000001,2.3120406
3675,0.47233241999999998,0.17408971000000001,0.0032831634000000001,386813.14000000001,0.020582381,5
3676,1,0.17907843000000001,1.0000000000000001e-05,425125.5,0.019342303000000002,2.3403480000000001
3677,0.66670817999999998,0.20064209999999999,0.002272306,445380.89000000001,0.014755869,3.5937345000000001
3678,0.85331880999999998,0.18314614000000001,1.0000000000000001e-05,366399.90000000002,0.016923811,3.8688653
3679,0.95744945000000004,0.18063724,0.027163293000000002,527677.64000000001,0.015590919999999999,2.6602309000000002
3680,0.89375333999999995,0.18938558999999999,0.0028917287999999999,482357.76000000001,0.013247368000000001,2.2818684999999999
3681,0.60081218000000003,0.20758108,0.010235497,494292.62,0.012060483,5
3682,0.97627237,0.19119957000000001,0.0018419736,467242.76000000001,0.016725626,2.4172213
3683,0.66982430000000004,0.16485143999999999,0.01360162,473940.32000000001,0.012601360000000001,3.6193038999999998
3684,0.88768024000000001,0.15780647,0.033096012000000001,552665.96999999997,0.016699795999999999,1.3333763000000001
3685,0.48003583,0.18456349999999999,0.022068243000000001,466852.76000000001,0.017537789000000002,3.4229270000000001
3686,0.80259259000000005,0.20839041,0.0096105331000000006,470551.35999999999,0.015279689000000001,1.0301202
3687,0.78585822000000005,0.18810893000000001,0.013406576999999999,441564.92999999999,0.014890054999999999,3.8819178000000001
3688,0.52121183999999998,0.18029421000000001,0.0053223691999999996,439895.12,0.016782308999999999,5
3689,0.82248460000000001,0.17186625999999999,0.039055461999999999,544066.65000000002,0.020484037,3.0644963999999999
3690,0.79771658000000001,0.19639557999999999,0.0057175400000000001,434296.92999999999,0.020274763000000001,4.9674988999999998
3691,1,0.18441546,0.012119784999999999,467697.89000000001,0.018260009000000001,3.7691455999999999
3692,0.32452826000000001,0.15558495999999999,0.023676985000000001,462471.67999999999,0.018356863000000001,4.8273818999999998
3693,0.65858976000000002,0.18575723999999999,0.015398291,479173.12,0.018264972000000001,5
3694,0.83022368000000002,0.17208207,0.027592602000000001,489860.88,0.015402607,3.6693543000000002
3695,0.70277060000000002,0.18058962000000001,0.014288887,515360.02000000002,0.016932082000000001,2.6472760000000002
3696,0.70507268999999995,0.15346850000000001,0.0043410406000000002,422458.60999999999,0.023978369999999999,3.0869228999999998
3697,0.74261814999999998,0.1566322,1.0000000000000001e-05,414295.97999999998,0.023901549000000001,2.6020283000000002
3698,1,0.16935031,1.0000000000000001e-05,410563.19,0.01770045,0.001
3699,0.65208060000000001,0.20233454000000001,1.0000000000000001e-05,431303.39000000001,0.018243729,3.3636143999999999
3700,0.66885676000000005,0.17980799,0.0033271640000000001,439428.34000000003,0.016728376,0.95974760000000003
3701,0.85105730000000002,0.19744824,1.0000000000000001e-05,428321.85999999999,0.015915263999999998,4.6513919000000001
3702,0.81597439999999999,0.17415389000000001,1.0000000000000001e-05,439759.08000000002,0.017107128999999999,3.8936487999999998
3703,0.43301803999999999,0.17927949000000001,1.0000000000000001e-05,428655.14000000001,0.016637308999999999,3.5250035
3704,0.68751761,0.19240252999999999,0.055007552000000001,642731.73999999999,0.010369244999999999,2.3136161999999998
3705,0.85933967,0.22057194999999999,0.023421725000000001,501304.65000000002,0.011422414000000001,2.9747279
3706,1,0.20733484999999999,1.0000000000000001e-05,427905.27000000002,0.017761769,0.70123387000000004
3707,1,0.18980522999999999,0.01498938,480893.07000000001,0.016304540999999999,1.6353887
3708,1,0.18841405,0.0022416687999999999,405710.69,0.016348534000000001,0.001
3709,1,0.17307286,0.0044007040000000001,462962.57000000001,0.021468087,3.2967089000000001
3710,0.71362532000000001,0.19932398000000001,1.0000000000000001e-05,440479.09000000003,0.013524071,3.9758813000000002
3711,1,0.18089549999999999,0.028083645000000001,539053.47999999998,0.017784698000000002,2.1607166000000002
3712,1,0.18652905,1.0000000000000001e-05,441772.29999999999,0.012897674,0.66678979999999999
3713,1,0.16177538999999999,0.014613956000000001,524143.08000000002,0.019893924,2.0672723999999998
3714,0.92708544000000004,0.1768265,1.0000000000000001e-05,418903.65999999997,0.018432844,0.099983568999999994
3715,0.56332671000000001,0.19640309,1.0000000000000001e-05,421347.65999999997,0.013656402999999999,2.9009368000000002
3716,1,0.18082825,1.0000000000000001e-05,405348.16999999998,0.017774801,2.7761594000000001
3717,0.50568663999999997,0.18286010999999999,0.013697721,475396.19,0.017102454,5
3718,0.63691618000000005,0.18727393000000001,1.0000000000000001e-05,459412.01000000001,0.012256636,4.0110862999999997
3719,0.81634808000000003,0.18464536000000001,0.015103149999999999,483062.92999999999,0.015533147000000001,0.69412746000000003
3720,0.64590957000000004,0.20753409,0.0051584561000000001,433022.09000000003,0.016888164000000001,2.271369
3721,0.50806867,0.20589882000000001,1.0000000000000001e-05,418137.5,0.015763460999999999,5
3722,1,0.19652666999999999,1.0000000000000001e-05,356352.34999999998,0.012709437000000001,5
3723,0.55911507000000005,0.16834673,1.0000000000000001e-05,431692.65999999997,0.018758296000000001,5
3724,0.58873542999999995,0.20268320000000001,1.0000000000000001e-05,407764.21000000002,0.022141173,4.9854504000000004
3725,0.93694591000000005,0.21399934000000001,0.0055791240000000004,466016.81,0.019476083000000002,0.001
3726,0.64719937999999999,0.1839981,1.0000000000000001e-05,430130.03999999998,0.019213928000000002,4.0826891999999999
3727,0.79551084000000005,0.17632893999999999,1.0000000000000001e-05,412470.88,0.013669438000000001,1.0796832999999999
3728,0.56365706999999998,0.19011705000000001,0.014713131000000001,529314.58999999997,0.012471200999999999,4.5270064000000003
3729,0.47322064000000003,0.17637733999999999,1.0000000000000001e-05,423662.64000000001,0.018406970000000002,3.4238
3730,0.47147860000000003,0.15696874999999999,1.0000000000000001e-05,451976.42999999999,0.017169954000000001,4.6242105000000002
3731,1,0.17411435,0.016610193999999998,475082.72999999998,0.018594778999999999,4.3450626000000003
3732,0.71511522000000005,0.19011294000000001,0.071146565999999994,704633.01000000001,0.015438096,2.3059276
3733,0.84390984000000002,0.16029593,1.0000000000000001e-05,410272.51000000001,0.017720659,3.9929017
3734,0.88379662999999997,0.17001521,0.023460139000000001,504382.79999999999,0.01837515,1.4432251
3735,0.85608119999999999,0.16362568999999999,0.031226302000000001,546008.27000000002,0.011310742,4.4891376999999997
3736,1,0.19220096,0.034537258000000001,503782.96000000002,0.020269529000000001,1.9202672999999999
3737,1,0.17148642,0.0069986448000000003,462511.15000000002,0.015628632,0.001
3738,1,0.19129162999999999,0.0043088935,484423.77000000002,0.011844143999999999,1.700107
3739,0.64385409999999998,0.20087293000000001,1.0000000000000001e-05,422420.92999999999,0.01126454,2.881278
3740,0.81857946000000004,0.18497611,0.00056192123999999997,408164.75,0.01521322,4.2816400999999997
3741,0.43497667000000001,0.15824295999999999,0.067735624999999994,643244.83999999997,0.020830052000000002,4.3454074
3742,0.95095331000000005,0.18191415,0.0030822428000000001,416426.90000000002,0.017736361999999999,1.6521283
3743,0.65770229999999996,0.18115623,1.0000000000000001e-05,408941.44,0.018269269000000001,4.5385662
3744,0.64882596999999997,0.15754050999999999,0.072881219999999997,805223.79000000004,0.010415112000000001,1.5389708
3745,0.44238657999999997,0.18078045000000001,0.066586677999999996,647970.07999999996,0.014374277,4.8045996000000004
3746,0.78430177999999995,0.15160594999999999,1.0000000000000001e-05,412795.09999999998,0.019751939,2.14594
3747,1,0.15194489,0.020449156999999999,484090.14000000001,0.018092680999999999,1.7029764999999999
3748,1,0.17201257,0.024302456,536652.43000000005,0.016610163000000001,5
3749,0.95902752999999996,0.15799492000000001,0.0072366545000000001,456235.15000000002,0.020609473999999999,2.0459616
3750,0.93400567000000001,0.21715759000000001,0.015606993,488327.64000000001,0.016737634000000001,4.4062482000000003
3751,0.84207118999999997,0.18534692,1.0000000000000001e-05,436390.40999999997,0.012887068999999999,5
3752,0.64238353999999998,0.15944944999999999,0.0099975246999999996,454903.10999999999,0.019157721999999999,3.9379645999999999
3753,0.73280933000000004,0.18960755000000001,0.0043967970999999996,403786.63,0.019555524000000001,3.2777115000000001
3754,0.94011389000000001,0.17581985999999999,0.024101867999999999,479452.17999999999,0.021013759,2.9351129999999999
3755,0.93579515999999996,0.17637659999999999,0.00023980076,440310.20000000001,0.017595936,1.2728876
3756,0.68379926000000002,0.16631583999999999,1.0000000000000001e-05,346146.22999999998,0.024605404000000001,2.7374508999999998
3757,0.70602421999999998,0.1475735,0.028704881000000002,516450.15000000002,0.011917741000000001,5
3758,0.49676529000000003,0.17239684,0.028308625,493174.95000000001,0.01424899,3.9694794
3759,1,0.16166683000000001,1.0000000000000001e-05,411343.81,0.021198135999999999,2.7890712999999998
3760,0.72949463000000003,0.15912556999999999,0.051699174000000001,588233.13,0.018523004999999999,4.7667771999999999
3761,0.80547747999999997,0.20416706000000001,0.015849963000000002,499431.12,0.013401850999999999,2.0487329999999999
3762,0.50702320999999995,0.15511764,0.00018963798,449877.79999999999,0.015055983,4.2048072999999997
3763,1,0.18227615,0.018025270999999999,443654.82000000001,0.021201588,4.9899801000000004
3764,0.88407862000000004,0.21730715,0.031432913999999999,479099.95000000001,0.015372469999999999,2.095459
3765,1,0.19304655000000001,0.010142257,428592.01000000001,0.018814164000000001,0.001
3766,0.93428754000000003,0.21992687,0.0055764713,505307.63,0.011644253,4.0371233999999996
3767,1,0.20898839,0.012707078,467719.38,0.014287917000000001,0.35950328999999998
3768,1,0.16044301999999999,1.0000000000000001e-05,345222.59000000003,0.019272661,0.001
3769,0.86494853000000005,0.17142969,0.036778498999999999,555790.72999999998,0.021581307000000001,3.2010163999999999
3770,1,0.19453664000000001,0.016990372,452200.89000000001,0.020397578,0.001
3771,0.94643721999999997,0.17119798,0.044334352,542674.46999999997,0.015840584000000001,0.59711789999999998
3772,0.62492212000000003,0.15487907000000001,1.0000000000000001e-05,400326.81,0.019813349000000001,0.97772579000000004
3773,1,0.16628702000000001,0.0092726227000000001,463581.84000000003,0.015373204,0.48051227000000002
3774,1,0.20548701,1.0000000000000001e-05,451902.71999999997,0.010912806000000001,0.001
3775,0.98685548000000001,0.19261283000000001,0.014806778,438679,0.018295421999999999,1.7238738
3776,0.72409458000000004,0.18098380999999999,0.0094959173999999997,463799.03000000003,0.020385377,0.95862837999999995
3777,1,0.19959568,0.0019812293999999999,446780.5,0.011717119999999999,2.3373360999999999
3778,0.84846600999999999,0.17628557,0.019672925000000001,499918.28000000003,0.021416549,5
3779,0.82525285000000004,0.16138885,0.038145329999999998,507606.23999999999,0.022677530000000001,5
3780,1,0.16420782,1.0000000000000001e-05,387794.79999999999,0.025140841000000001,0.54822163999999995
3781,0.97499740999999995,0.17422017000000001,1.0000000000000001e-05,420725.38,0.017231564000000001,0.001
3782,1,0.16779995,0.028170334000000002,557255.07999999996,0.016380846000000001,0.001
3783,0.88136639999999999,0.17951023999999999,0.00069204928999999995,396704.28000000003,0.022452674999999998,2.8646003000000002
3784,1,0.15968049000000001,0.0043184698000000004,425941.77000000002,0.021665041999999999,0.001
3785,0.60864574999999999,0.18923787,0.0045906189999999998,445830.48999999999,0.016128165,4.5133109999999999
3786,1,0.17891061999999999,6.3561644999999994e-05,431112.03000000003,0.017486479999999999,0.001
3787,0.80265819000000005,0.18671768999999999,0.024871488000000001,526690.66000000003,0.012996845999999999,1.7014123999999999
3788,0.85607725999999995,0.20818478000000001,0.048663466000000002,545507.51000000001,0.021681886000000001,1.9383771000000001
3789,0.99678522000000003,0.18273418,0.0027193834999999999,479852.39000000001,0.01596467,0.001
3790,0.72023932000000002,0.19607109,1.0000000000000001e-05,448574.91999999998,0.016661203999999999,2.7822293
3791,0.86294046000000002,0.18518515999999999,1.0000000000000001e-05,399320.19,0.016929620999999999,2.7627617
3792,0.62808317999999996,0.15667898,0.010355857,461980.45000000001,0.019449204000000001,1.0723133
3793,0.87177996000000002,0.18820593999999999,0.0024352570000000001,431880.75,0.018703961000000002,2.8124818
3794,0.82842742000000003,0.17836982000000001,0.026883171000000001,480123.84999999998,0.011361517999999999,2.5891199
3795,0.73983648000000002,0.19355892,1.0000000000000001e-05,397642.67999999999,0.017920578,5
3796,0.84967166999999999,0.19333233,1.0000000000000001e-05,398216.56,0.018015679999999999,2.0683878
3797,0.95127178999999995,0.17551623,0.024265307999999999,509035.34000000003,0.021001559,2.0343931
3798,0.91674719000000005,0.17841860000000001,1.0000000000000001e-05,379498.78000000003,0.019295376999999999,0.59739118000000002
3799,0.84978081000000005,0.20418507999999999,0.0098886393,447666.51000000001,0.019661787999999999,3.7323713000000001
3800,0.73484115999999999,0.18013736,1.0000000000000001e-05,436443.84999999998,0.017585817,1.3501611
3801,0.99876792999999997,0.18303327,1.0000000000000001e-05,423972.54999999999,0.020853894000000001,0.001
3802,0.71877168999999996,0.14697102000000001,1.0000000000000001e-05,435674.66999999998,0.019696346,4.0655529000000001
3803,0.41523507999999998,0.16772032000000001,1.0000000000000001e-05,422605.87,0.025595532000000001,5
3804,0.98617584999999996,0.18474183,1.0000000000000001e-05,449121.02000000002,0.012438398,0.001
3805,0.56388603000000004,0.20956315,0.030325962000000001,575577.32999999996,0.012397424000000001,3.8871639
3806,0.68892299000000001,0.19750367999999999,0.023540340999999999,488664.71000000002,0.012841263,3.0362944000000001
3807,0.62092053999999997,0.19073043000000001,1.0000000000000001e-05,397360.46000000002,0.012754023999999999,1.3386503000000001
3808,0.99615810999999999,0.18729926,0.0072559414000000003,463288.59999999998,0.014920272,2.1065971999999999
3809,1,0.17078271,0.0031291371000000002,453204.21000000002,0.013060919000000001,0.001
3810,0.83606424999999995,0.15369313000000001,0.019911707000000001,494982.65999999997,0.015064599,0.16126693
3811,0.80006809999999995,0.17990892,0.013429666,503063.31,0.014018654,3.3834602999999999
3812,0.36965271999999999,0.1909573,1.0000000000000001e-05,432488.22999999998,0.019008114,4.9945561999999999
3813,0.48735941999999999,0.16025357000000001,0.011184454999999999,456706.42999999999,0.017342567,3.0532682000000002
3814,0.69374623000000002,0.13832627,1.0000000000000001e-05,357482.66999999998,0.016137766000000001,0.44347426000000001
3815,0.56375984000000001,0.19300830999999999,0.012983531,459119.83000000002,0.017217812999999998,3.9337114999999998
3816,0.82202593000000002,0.17519274000000001,0.030294814,521734.65000000002,0.020261463,5
3817,0.74158025999999999,0.22079127000000001,0.0049113647000000003,434199.65999999997,0.013664117,1.4689920000000001
3818,1,0.20276759,0.039671001999999997,563987.38,0.01200676,1.218782
3819,0.83092522000000002,0.16106271,0.0013984329999999999,411895.85999999999,0.020122977,0.81847528000000003
3820,0.77882046000000005,0.18756401,0.027090231999999999,517707.20000000001,0.017333939999999999,2.8135655000000002
3821,0.36542544999999999,0.18920830999999999,0.017116757999999999,452557.04999999999,0.019242667000000001,5
3822,1,0.17007512,5.4000589000000003e-05,418778.81,0.016636445,0.60203324000000003
3823,0.74364470999999999,0.17643339,0.051231315999999999,603416.96999999997,0.020799083999999999,1.4816126999999999
3824,0.59545289999999995,0.15364217999999999,0.0035309995000000001,480673.73999999999,0.018725156,2.2816412000000001
3825,0.78905420000000004,0.15076920999999999,0.0013354013000000001,428913.26000000001,0.019879739,0.19382711999999999
3826,0.88097981999999997,0.18608683000000001,0.0060417496000000001,545612.53000000003,0.010799054000000001,4.5095659000000001
3827,0.78429892999999995,0.19003677999999999,0.029565592000000002,567485.43999999994,0.013626446,5
3828,0.50652666000000002,0.18396040999999999,1.0000000000000001e-05,414791.22999999998,0.021109356999999999,4.2274047000000001
3829,1,0.19538469,0.059190586000000003,642511.09999999998,0.012372675,1.9865866999999999
3830,0.48775750000000001,0.19714303999999999,0.011857727,417601.07000000001,0.019730452999999998,3.3714002000000001
3831,0.43028902000000002,0.20541634,0.018638274,473519.53000000003,0.015857960000000001,4.8741215999999996
3832,0.43340919999999999,0.18885815,0.019200084999999999,495078.84000000003,0.016204924999999998,5
3833,0.88713635999999996,0.19421993000000001,0.023395630000000001,505000.45000000001,0.012946745000000001,2.0893714000000001
3834,0.52889408000000004,0.17510766999999999,0.0059688390000000001,441243.04999999999,0.018640408000000001,4.9931650999999997
3835,0.93981060999999999,0.17910306000000001,1.0000000000000001e-05,408148.59000000003,0.021203751,3.3810194999999998
3836,1,0.19913781999999999,1.0000000000000001e-05,430958.96999999997,0.0090132084000000001,3.3586657999999998
3837,1,0.18443351999999999,0.060295130000000002,586454.04000000004,0.021372775,0.001
3838,1,0.18253979000000001,0.021099698,515342.17999999999,0.010496727000000001,0.001
3839,0.87823625000000005,0.20837069999999999,0.0017107914000000001,454899.48999999999,0.014021995000000001,1.4294032999999999
3840,0.58022359999999995,0.18296214,0.0014358477000000001,443154.40000000002,0.015399894000000001,3.1913490000000002
3841,1,0.15223366999999999,1.0000000000000001e-05,345678.28999999998,0.021174227,0.001
3842,0.57911111000000004,0.18423118999999999,0.022754947000000001,499332.48999999999,0.016345927999999999,5
3843,0.43598102,0.19191227999999999,0.020685795999999999,456351.94,0.015913231999999999,3.7423981999999998
3844,0.58660246000000005,0.22692318,0.0086630445999999993,445234.25,0.014989756999999999,4.0384684999999996
3845,0.79703285000000001,0.17551638999999999,0.0062082506000000004,412559.96999999997,0.022536865999999999,5
3846,0.73572910000000002,0.19066712999999999,1.0000000000000001e-05,410597.53000000003,0.019897734,3.3804984
3847,0.99669282000000003,0.16459884,0.0058158239000000002,458198.65000000002,0.017158011000000001,0.53511390000000003
3848,0.71124880999999995,0.15067897,0.01210637,450155.42999999999,0.021424258000000002,3.6277108
3849,0.37974509000000001,0.17039161999999999,0.0015471397999999999,446672.96000000002,0.017556288999999999,4.1576370999999996
3850,0.68711829000000002,0.1745295,1.0000000000000001e-05,462201.46999999997,0.011326747999999999,4.3855073999999998
3851,0.62383478999999997,0.15658386999999999,0.013775364,497027.97999999998,0.014082198000000001,4.3547684999999996
3852,1,0.22919934,0.040762945000000002,506157.51000000001,0.012698576,3.0634361999999999
3853,1,0.18885889,0.030278708000000001,587354.44999999995,0.017932789000000001,0.001
3854,0.85752432000000001,0.1801595,0.027454421999999999,513495.21000000002,0.013883194,2.077696
3855,0.81997492000000005,0.18843436,1.0000000000000001e-05,421119.67999999999,0.015510371,2.5004857999999999
3856,1,0.14116372999999999,0.026667737,478573.45000000001,0.027139763000000001,0.001
3857,0.6908299,0.17980793,0.0066128881000000004,432363.40000000002,0.015514534999999999,4.0710632000000002
3858,0.88522310999999998,0.17505161999999999,0.047640136999999999,613076.94999999995,0.015758564999999999,1.8818747
3859,0.50415927000000005,0.16686741999999999,0.014077287000000001,421111.54999999999,0.023384011999999999,3.9901789000000001
3860,0.84572029000000004,0.17290869,0.023087143000000001,464809.33000000002,0.021505404999999998,3.2235727999999999
3861,1,0.21524087,0.01037281,426905.47999999998,0.013749144,1.3757238000000001
3862,0.58440007000000005,0.20499487,0.014942942000000001,478995.03000000003,0.016469692000000001,4.8788628999999997
3863,0.96201024000000002,0.15940828000000001,1.0000000000000001e-05,401758.20000000001,0.019500394000000001,1.9348257
3864,0.93190826999999998,0.17144413,1.0000000000000001e-05,409113.27000000002,0.021181583,3.6044459999999998
3865,1,0.18528465999999999,1.0000000000000001e-05,427941.72999999998,0.013813384,0.001
3866,0.48194551000000002,0.18213229,0.010266335999999999,459444.51000000001,0.014937591,3.6830303
3867,0.99546314999999996,0.15908162000000001,0.038651949999999997,564028.46999999997,0.018121625999999998,4.8312901999999998
3868,0.38112277,0.17512067000000001,0.047996178,618404.06000000006,0.018128739000000001,5
3869,0.67164153999999998,0.16062820999999999,0.020457427,506665.21999999997,0.015754554,5
3870,1,0.17022371,0.0026713253000000001,470615.16999999998,0.016977092999999999,0.001
3871,0.96384177000000004,0.15814418,1.0000000000000001e-05,437998.47999999998,0.01408533,0.001
3872,0.92065262999999997,0.16969983,0.011251178000000001,423986.07000000001,0.016424850000000001,2.9925101000000001
3873,0.72986192999999999,0.18674513000000001,1.0000000000000001e-05,397221.62,0.025015867000000001,4.3129306999999999
3874,0.78674690999999997,0.17896198999999999,0.023436735,501489.01000000001,0.015867655000000001,0.37185515000000002
3875,0.85148294999999996,0.20571057000000001,0.023966024999999998,551898.38,0.012852203,5
3876,0.73078560000000004,0.18707401000000001,0.0086862559000000002,475568.23999999999,0.014537102,4.1825070000000002
3877,0.98513764999999998,0.18548741999999999,0.043717572000000003,613128.17000000004,0.015287614,0.71925733999999997
3878,1,0.17767784,1.0000000000000001e-05,430974.48999999999,0.019091215000000002,0.001
3879,0.83538583,0.16545124,0.048833912,639263.13,0.015905505,1.0634623999999999
3880,0.52099735000000003,0.17094978,1.0000000000000001e-05,425639.38,0.019559006,4.6454639999999996
3881,1,0.17165501999999999,0.00064250829,423729.14000000001,0.015104586,5
3882,0.77564763999999997,0.18582045999999999,0.065074488999999999,647515.58999999997,0.012226233,4.9347270999999999
3883,0.89287331999999997,0.19004314,0.027133866999999999,534540.25,0.015312253,2.3636571000000002
3884,0.94624649999999999,0.17478273,1.0000000000000001e-05,416648.07000000001,0.015835702,2.7707624000000002
3885,0.94001886999999995,0.15906635,0.030915644999999999,607056.03000000003,0.014016719,0.98118572000000004
3886,0.36905125,0.17956606,0.00074461676999999999,450250.69,0.016221645999999999,4.2955334000000001
3887,0.85485878999999998,0.19486998999999999,0.037717501,509471.54999999999,0.016480979999999999,2.7667036999999999
3888,1,0.15954351999999999,0.020209688,508196.08000000002,0.018245814999999999,0.001
3889,0.69775609999999999,0.15436681999999999,1.0000000000000001e-05,410746.19,0.012543598,5
3890,1,0.15186000999999999,0.0047175966000000003,461529.89000000001,0.014839253,1.6314367999999999
3891,0.51653174000000002,0.18637002999999999,0.014524399,483344.37,0.017218892999999999,5
3892,0.51435688999999996,0.18536612,1.0000000000000001e-05,434114.32000000001,0.018229743999999999,3.5809487999999998
3893,0.45675851000000001,0.20233039999999999,0.00051172160999999998,394359.42999999999,0.017372954999999999,3.8434045999999999
3894,1,0.16030153999999999,1.0000000000000001e-05,442582.71999999997,0.017297603000000002,0.001
3895,0.94263911,0.22522296,0.0025317713,455478.59000000003,0.011311405,1.4250761000000001
3896,0.91351952999999997,0.18043704999999999,0.10381722,855408.37,0.019600579999999999,3.9898793000000001
3897,0.38165380999999998,0.19139569000000001,0.012854624,479396.90000000002,0.016694275000000001,5
3898,0.60706448000000002,0.18456196,1.0000000000000001e-05,437237.84000000003,0.015739606,5
3899,0.87854456000000003,0.17790373000000001,0.019702324,519209.65999999997,0.013164530000000001,0.66984982000000004
3900,1,0.2067447,0.010153897,498851.52000000002,0.013902530999999999,0.001
3901,0.62024226999999998,0.19386175999999999,0.079096237999999999,717163.19999999995,0.013424814,2.2219478000000001
3902,0.77698349,0.19776768,0.010956772,474693.09000000003,0.015090106000000001,1.3371423
3903,0.86183535,0.15973467999999999,1.0000000000000001e-05,427283.73999999999,0.012893655,0.001
3904,1,0.19828213,0.0036338372000000001,458752.09999999998,0.012084833,0.33367743999999999
3905,0.76102526999999998,0.20230131000000001,1.0000000000000001e-05,408401.69,0.016868534000000001,2.3435934999999999
3906,0.45861290999999998,0.18609352000000001,0.0083593430999999996,420650.23999999999,0.021668616000000002,5
3907,0.76456586999999998,0.17717395,0.024827963000000002,459898.20000000001,0.022496548000000002,4.4358675999999999
3908,0.64155424999999999,0.16545563999999999,0.047729210000000001,651242.69999999995,0.019315697,5
3909,0.41838834000000003,0.17569392,0.0097058404000000004,515063.41999999998,0.015260643000000001,5
3910,0.68576700999999995,0.19693239000000001,0.0082795332999999992,447032,0.018120704000000001,5
3911,0.88163250000000004,0.17848394000000001,0.0059105994999999996,453136.38,0.019576386000000001,2.6889173999999998
3912,0.65097453999999999,0.20535945999999999,0.0017530188999999999,438752.83000000002,0.016300889999999998,2.1987021000000002
3913,0.51454661999999995,0.18052375000000001,0.041004264999999998,612421.13,0.014916616000000001,5
3914,0.70905046000000005,0.20983151999999999,0.014585819,488907.29999999999,0.011699398,1.7028928999999999
3915,0.81042683000000004,0.16580271999999999,0.041747935999999999,541149.08999999997,0.016944068999999999,1.7144687999999999
3916,1,0.18017304000000001,0.044686217,513916.65000000002,0.01620342,1.097979
3917,0.65498347000000001,0.16673863999999999,0.038983654,577481.90000000002,0.02425453,4.6229034000000002
3918,1,0.18423381999999999,0.027095021,478846.34000000003,0.018276416,3.9086474
3919,0.61782280999999994,0.20444997000000001,0.00051339120000000005,388540.04999999999,0.019978043000000001,5
3920,0.56621862999999995,0.19105406999999999,0.0057195494000000001,445956,0.014114185,4.8922242999999996
3921,0.41161709000000002,0.20593373000000001,1.0000000000000001e-05,409294.46000000002,0.019236934000000001,4.8920434000000004
3922,0.56618561999999995,0.17936437,0.030062207000000001,530484.44999999995,0.016760562999999999,4.9266547000000003
3923,0.90652688000000003,0.17593996000000001,0.0055768705999999996,452475.66999999998,0.012153041999999999,0.17374527000000001
3924,1,0.20950234000000001,0.016253874000000001,424526.28000000003,0.010884008000000001,0.001
3925,0.79401593000000004,0.19172238,0.034751262999999998,491683.34000000003,0.017066156999999998,4.7869482999999997
3926,0.73512904000000001,0.19145391,0.012019760000000001,390429.40999999997,0.022589867999999999,3.2879879999999999
3927,0.84484610999999998,0.17334393000000001,0.0043105786999999996,334344.69,0.017626119999999999,0.001
3928,0.90244563,0.17909116999999999,0.0041736643999999998,488117.25,0.012147232000000001,3.5794880999999998
3929,0.85289252999999998,0.16819025000000001,0.019935616999999999,538919.52000000002,0.010834336999999999,3.7365819
3930,0.68635146999999996,0.15571276000000001,0.031716525000000002,578452.43999999994,0.020062007999999999,5
3931,0.97443678,0.18364741000000001,0.0077852989000000003,389755.90000000002,0.019051346,1.4974632999999999
3932,1,0.22292060999999999,1.0000000000000001e-05,404744.88,0.015595911,5
3933,0.60646118000000004,0.16568408000000001,1.0000000000000001e-05,465755.5,0.014120010000000001,4.6168111999999999
3934,0.86740156000000002,0.19210814000000001,0.017841038,488328.31,0.017109801000000001,2.9491673
3935,0.80106531999999997,0.17179855999999999,0.0097710621000000001,448462.96999999997,0.015984821,2.8101465999999999
3936,0.99437913,0.18576540999999999,0.0081106660000000007,479207.27000000002,0.012357253,5
3937,1,0.16598996999999999,0.010495638999999999,400244.78000000003,0.018890049999999999,1.0974189000000001
3938,0.63626793000000004,0.21629577,0.012598663,508003.48999999999,0.015591430999999999,5
3939,0.64907475000000003,0.18001465999999999,0.042543257000000001,519197.96000000002,0.024534799999999999,3.9979079
3940,1,0.16784057999999999,0.0084380552000000008,483687.15000000002,0.014389592999999999,0.21703516
3941,0.51352850000000005,0.18556331000000001,1.0000000000000001e-05,423854.62,0.015300595,3.2241032000000001
3942,0.59652190000000005,0.16784335,0.0099514908000000006,440328.16999999998,0.021151927000000001,5
3943,0.76220032999999998,0.15948093999999999,0.030113797000000001,520629.87,0.014967362,3.4171638999999998
3944,1,0.19426598,0.081658120000000001,704432.34999999998,0.021614635,0.96986852000000001
3945,1,0.14546234999999999,0.028808711000000001,563052.56000000006,0.015012183,2.5108472000000002
3946,0.47597636999999998,0.19101725999999999,0.0097930516999999995,469019.70000000001,0.016478733999999998,5
3947,0.56125340000000001,0.16821206,0.0058397711000000001,429840.26000000001,0.016124076000000001,2.5486189000000001
3948,1,0.18087980000000001,0.029865174000000001,490478.96000000002,0.016555038000000001,0.001
3949,1,0.17897714000000001,0.036836276000000001,589274.51000000001,0.015270732,1.1072223000000001
3950,1,0.18899819000000001,0.012040502999999999,470111.66999999998,0.015987254999999999,1.6653119999999999
3951,0.66454645999999995,0.17350629000000001,1.0000000000000001e-05,359762.97999999998,0.025166931,5
3952,0.64832513999999997,0.19192196,0.042674177000000001,530306.83999999997,0.01623556,5
3953,1,0.18143888999999999,0.061120903999999997,625348.72999999998,0.019560175999999999,1.8138403999999999
3954,0.80120738000000002,0.18323622000000001,0.0023892519000000001,412179.72999999998,0.016893759000000001,1.1971733
3955,1,0.16077538,0.00054734844,416021.45000000001,0.023112431999999999,3.1724405
3956,0.99858356999999998,0.17937974000000001,0.0033806993000000001,425981.21999999997,0.017480988999999999,2.6631680000000002
3957,1,0.1649168,0.01530311,467332.65999999997,0.022305344000000001,4.7451587000000002
3958,1,0.1825328,0.025221914000000002,530151.53000000003,0.016728041999999999,0.001
3959,0.67198848,0.19472764000000001,1.0000000000000001e-05,432741.21999999997,0.012352872000000001,5
3960,0.65284693000000005,0.16598226999999999,0.019722259999999998,475191.64000000001,0.018125987,3.1028699
3961,0.43617106,0.17454511,1.0000000000000001e-05,371419.08000000002,0.015884573999999999,5
3962,0.68942181000000002,0.19369033999999999,1.0000000000000001e-05,457506.57000000001,0.012912674000000001,2.6950368999999998
3963,1,0.16967892000000001,0.014289359999999999,473557.90000000002,0.011406045,0.001
3964,0.65645299000000001,0.18482132000000001,1.0000000000000001e-05,439827.38,0.012249571000000001,4.9916533999999997
3965,0.78289909999999996,0.19036202999999999,0.020678838000000001,496893.17999999999,0.018504207000000002,5
3966,1,0.19552148999999999,0.018882319000000002,492713.14000000001,0.019886312,5
3967,1,0.20666084000000001,1.0000000000000001e-05,380756.79999999999,0.019507417999999999,0.001
3968,0.7007234,0.17302084000000001,0.015241118,505391.66999999998,0.013236807,2.0308424999999999
3969,0.54313003999999998,0.17819974999999999,1.0000000000000001e-05,439799.53999999998,0.014463610999999999,5
3970,0.89907011999999997,0.17945660999999999,0.020736261999999998,447250.04999999999,0.017873035999999998,0.52612137999999997
3971,0.83036308000000003,0.20596461999999999,0.060916236999999998,659873.53000000003,0.011900232,2.5406241000000001
3972,0.65272927000000003,0.16359309,0.060399993999999999,432699.71000000002,0.019797419,3.1119460000000001
3973,0.57031434000000003,0.16050484000000001,0.0093113746999999997,420060.70000000001,0.017524629,2.4022532999999999
3974,0.68840314000000002,0.19758444,0.041994818000000003,601722.98999999999,0.013016727000000001,3.1734824000000001
3975,1,0.19174389,0.010615131999999999,431506.38,0.019068211000000002,4.1367047000000001
3976,1,0.15974422999999999,0.017003540000000001,482090.90999999997,0.020298295000000001,2.0688295000000001
3977,0.63287503000000001,0.17105997000000001,1.0000000000000001e-05,427820.52000000002,0.020049518999999998,3.4219130999999998
3978,0.47178601999999997,0.1759433,1.0000000000000001e-05,439949.71999999997,0.016307136,3.7272367000000002
3979,0.80762663000000001,0.19511616000000001,1.0000000000000001e-05,383508.53999999998,0.016772750999999999,1.9490217000000001
3980,0.67985096,0.19555036000000001,0.021934028000000001,522523.79999999999,0.012832849,2.8798406000000001
3981,0.87787172999999996,0.14932011000000001,0.0077224249000000002,428454.58000000002,0.025387185999999999,0.16122289000000001
3982,0.87426097999999997,0.18239967000000001,4.1876021000000001e-05,426810.77000000002,0.016564468999999998,0.001
3983,0.99018359,0.21376089000000001,0.0096717570999999992,478098.41999999998,0.015061978,1.3302141999999999
3984,0.68598384999999995,0.17871461,0.0053842241000000004,455611.60999999999,0.013790897999999999,1.8588198
3985,0.51673298999999995,0.21185472999999999,0.0089954839999999998,461251.42999999999,0.013203401999999999,4.2427247000000001
3986,0.69138133999999996,0.1761229,0.017232016999999999,492559.02000000002,0.015352299999999999,4.6978036000000003
3987,0.60681481999999998,0.14827715999999999,3.1022884e-05,403327.78000000003,0.018792728000000002,2.9896425999999998
3988,1,0.18886396,0.014239561,469917.46000000002,0.015396606,0.001
3989,0.80304511999999995,0.18322522999999999,0.034155257000000001,629752.68999999994,0.016697966000000002,3.1172064000000002
3990,0.57571433999999999,0.19924837000000001,0.0094294463999999995,504048.13,0.012676595000000001,5
3991,1,0.18541717999999999,0.013609660000000001,464105.54999999999,0.017219893999999999,1.1643827
3992,0.50093321000000002,0.21400023000000001,0.017930345,509420.16999999998,0.014150984,5
3993,1,0.20599011,0.0031062891,445066.32000000001,0.019434555999999999,2.1126249000000001
3994,0.89910453000000001,0.16922596000000001,0.023425697999999998,499440.04999999999,0.015133558,1.1721096
3995,0.79091908,0.18643051999999999,1.0000000000000001e-05,429986.35999999999,0.016630657,5
3996,0.67155980000000004,0.2154828,0.038917329000000001,472651.52000000002,0.014940563,5
3997,0.91980368000000001,0.18699114,0.0063401185000000002,428396.26000000001,0.019812730000000001,1.4206471000000001
3998,0.96561333999999999,0.19632811,0.0022147905000000001,440010.12,0.019597993000000001,0.65280702000000002
3999,1,0.18438297000000001,0.0040053935999999997,426598.77000000002,0.018289856,4.6216540999999998
4000,0.49859083999999998,0.16554557,0.018260393999999999,516455.94,0.012964976,3.3699216999999999
4001,0.81638436999999997,0.16659307000000001,0.026388745000000002,560173.93999999994,0.014857218,2.0503800000000001
4002,0.72844633000000003,0.18588275000000001,0.0098211689999999994,446757.02000000002,0.015037526000000001,5
4003,0.61223437000000003,0.19710384,0.013070122,460159.73999999999,0.012234817,2.5763997000000001
4004,0.95494168999999995,0.17822906999999999,0.018133291999999999,475864.42999999999,0.014121704000000001,1.2581020999999999
4005,0.89143216999999997,0.19004315999999999,0.017115911000000001,489945.45000000001,0.013488806000000001,0.11352692
4006,0.60895270999999995,0.20547935000000001,0.013697187,457279.56,0.015867411000000001,1.4321332
4007,0.83169177999999999,0.19466655999999999,0.0069541752,503429.72999999998,0.013829213999999999,4.6212419999999996
4008,0.54651601000000005,0.18896909000000001,0.037250283000000002,608263.77000000002,0.013201947,5
4009,0.86260946000000005,0.17462473000000001,0.035339912000000001,592766.98999999999,0.013121595999999999,0.001
4010,1,0.18568507000000001,1.0000000000000001e-05,458977.5,0.014249336,5
4011,0.73291781,0.18072576000000001,0.027493981000000001,516913.38,0.016811434,5
4012,0.86263798000000003,0.18123135000000001,1.0000000000000001e-05,451768.40000000002,0.011581117,1.7428229
4013,0.44657247,0.19306435,0.0058499729999999996,443508.35999999999,0.016701671000000001,5
4014,0.98209325999999997,0.1434233,0.089561387000000006,684677.39000000001,0.021277509999999999,0.001
4015,0.74215726000000004,0.17868276999999999,1.0000000000000001e-05,463430.21000000002,0.012622322,3.5800008999999999
4016,0.93487551999999996,0.14257527,1.0000000000000001e-05,408599.31,0.021105556000000001,0.001
4017,0.77535520999999996,0.18634618999999999,0.0096585642000000006,456217.40000000002,0.016694935000000001,1.8192077
4018,1,0.18181231,1.0000000000000001e-05,402898.87,0.018933050999999999,0.001
4019,0.85714641999999996,0.18287132,0.0015908478999999999,431668.03000000003,0.013124301999999999,0.055197034999999998
4020,1,0.18792212999999999,1.0000000000000001e-05,417204.81,0.020376624999999999,0.001
4021,0.50412648000000004,0.19433818,0.019048341,503207.15000000002,0.011257418999999999,5
4022,1,0.1967459,0.0025225787,440388.29999999999,0.015905979000000001,0.001
4023,0.49904302,0.16783824,0.0023198728,433982.01000000001,0.014973001999999999,5
4024,1,0.17893261999999999,0.019216170000000001,521097.31,0.0075011200999999996,1.7685081
4025,0.83287915000000001,0.15267755999999999,0.0024490962000000001,429301.27000000002,0.023291108000000001,1.1545067
4026,0.82738920999999999,0.18973150999999999,0.0037934654999999999,471771.77000000002,0.015224550999999999,4.9870961999999999
4027,0.82137252000000005,0.20748902,0.0048896466999999999,446568.07000000001,0.018614052999999998,0.62348641000000005
4028,0.51915389999999995,0.18242884000000001,1.0000000000000001e-05,435221.83000000002,0.013501905999999999,5
4029,0.56840831000000003,0.14819868999999999,1.0000000000000001e-05,396724.03000000003,0.021134450999999999,3.4369277
4030,1,0.18576841999999999,0.011003654,433864.25,0.015020854,0.010135786000000001
4031,1,0.20260753000000001,0.014411291999999999,474470.17999999999,0.014606417999999999,0.001
4032,0.75699084000000005,0.18773635,0.040007529,585733.71999999997,0.017592607999999999,3.2202815999999999
4033,1,0.22029876000000001,0.013900196,494174.90999999997,0.014636891000000001,1.9749175999999999
4034,1,0.15804884999999999,0.0022972533000000001,432133.07000000001,0.019075529000000001,0.018427288999999999
4035,0.66330849000000003,0.19706406000000001,1.0000000000000001e-05,426531.56,0.015303311999999999,4.6837464000000004
4036,0.97107330000000003,0.20454597999999999,0.014234309000000001,470951.54999999999,0.018771059,2.4233169999999999
4037,0.62655782999999998,0.17419577999999999,1.0000000000000001e-05,444232.87,0.013728216,3.6178458999999998
4038,0.97419555000000002,0.22594159999999999,1.0000000000000001e-05,440446.02000000002,0.014095814999999999,0.001
4039,0.89330171999999997,0.15472364,1.0000000000000001e-05,442611.19,0.017279435999999999,1.5841883000000001
4040,0.79242024,0.18158795999999999,1.0000000000000001e-05,430798.60999999999,0.016348439999999999,5
4041,0.92030394000000004,0.20255571,0.0057199631999999999,466538.20000000001,0.011702486,0.98824864999999995
4042,0.69015329000000003,0.16296554999999999,0.026290233,489233.35999999999,0.020897464000000001,2.8354680000000001
4043,0.68078105,0.16897218999999999,0.040476564,548188.93999999994,0.016061783999999999,5
4044,0.75917718999999995,0.17880293,0.0040830752999999999,475921.35999999999,0.011793906,2.4174234999999999
4045,0.55030679000000005,0.13628525,1.0000000000000001e-05,389859.31,0.024979858000000001,1.3940456999999999
4046,0.68506082999999995,0.18296498999999999,1.0000000000000001e-05,441528.01000000001,0.016747208,3.5579641999999998
4047,0.79987019999999998,0.15767016,0.0083833108999999996,491556.89000000001,0.014494882000000001,0.73011601999999998
4048,0.51583754999999998,0.19077760999999999,1.0000000000000001e-05,419696.17999999999,0.017808088,5
4049,0.93659868999999996,0.19123423000000001,1.0000000000000001e-05,419675.16999999998,0.012358264000000001,0.001
4050,1,0.17933558999999999,0.024357747999999999,556079.05000000005,0.013144955999999999,1.8271918
4051,0.92491772999999999,0.17897551,0.0047759485999999997,418092.40999999997,0.023686644,1.142738
4052,0.92744632999999999,0.20015964999999999,0.0041304851999999998,465181.07000000001,0.016970553999999999,2.7650605000000001
4053,0.62440220000000002,0.17119799999999999,0.028603466000000001,497275.38,0.016737266000000001,5
4054,1,0.20222780000000001,0.026721010999999999,545954.22999999998,0.014530197999999999,0.001
4055,0.98442483999999997,0.16908223999999999,0.0065009993,446641.04999999999,0.017888003,3.2222205000000002
4056,1,0.16875049,0.041501555000000002,582593.81999999995,0.017158078,0.0012832774999999999
4057,0.68978781,0.18700917,0.0020285203999999999,441635.03999999998,0.013990064999999999,3.1856165999999999
4058,0.71911729000000002,0.17501412999999999,0.022831557999999998,530951.15000000002,0.016044126999999998,5
4059,1,0.17844457999999999,0.0056250288999999997,433983.04999999999,0.013701222000000001,0.001
4060,0.74533057999999996,0.15382185000000001,1.0000000000000001e-05,423037.88,0.018118400999999999,2.684733
4061,1,0.19754801999999999,0.0051573048999999996,469547.59999999998,0.015309085,1.3160632000000001
4062,0.71830190999999999,0.18225077000000001,0.00041471415,424694.12,0.018594664,4.2888811000000002
4063,0.77875112999999996,0.18704248000000001,0.014075626000000001,455402.04999999999,0.020516721000000002,0.62424217999999998
4064,0.63827383000000004,0.20317012000000001,1.0000000000000001e-05,403391.96000000002,0.016732461000000001,2.7560646000000002
4065,0.64072907999999995,0.18963091000000001,0.00066580643000000003,406776.31,0.018154258,2.3405748000000002
4066,0.46112513999999999,0.18962519999999999,1.0000000000000001e-05,412239.84000000003,0.018904021,4.3163138999999999
4067,1,0.17309168999999999,1.0000000000000001e-05,380018.57000000001,0.021277144000000001,0.0056928229
4068,0.86778825000000004,0.17923413999999999,0.0043136963999999998,422189.65999999997,0.021083976000000001,2.9638075000000002
4069,1,0.20155211000000001,0.023176177999999999,504918.82000000001,0.017809056,0.001
4070,0.67766837999999996,0.18002715,0.0057107356,477830.95000000001,0.014757622999999999,2.0800901000000001
4071,0.50893584000000003,0.16929865999999999,1.0000000000000001e-05,407434.78999999998,0.018879737000000001,4.0075789000000004
4072,0.83773967000000005,0.17251225000000001,1.0000000000000001e-05,429896.31,0.016560485999999999,5
4073,0.88561478999999999,0.18480909000000001,0.055557562999999997,624044.42000000004,0.016807694000000001,0.69702043000000002
4074,0.64464516000000005,0.20248942,0.012825619,480857.21999999997,0.011791154,3.2362356000000001
4075,1,0.20041777999999999,1.0000000000000001e-05,436062.47999999998,0.014089365,1.7745808000000001
4076,0.71503338999999999,0.19628697000000001,1.0000000000000001e-05,425031.41999999998,0.013532483,4.1736747000000003
4077,0.88743055000000004,0.17117177,0.0096356749999999998,458597.07000000001,0.014237234,1.0421393000000001
4078,0.84207118999999997,0.18534692,1.0000000000000001e-05,436390.40999999997,0.012887068999999999,5
4079,1,0.18752262,1.0000000000000001e-05,456568.96000000002,0.011873837,4.4288768999999997
4080,0.72832606,0.15565743000000001,0.0090569961000000008,422209.21999999997,0.015650041,1.9722
4081,0.71483129000000001,0.12697312999999999,1.0000000000000001e-05,435321.20000000001,0.015877540999999998,1.6358731
4082,1,0.16015897000000001,0.0051107933000000003,435525.19,0.023019934999999998,0.001
4083,1,0.18035411000000001,0.026779245,542775.19999999995,0.017801613000000001,2.7186842000000002
4084,0.52039194,0.17222132000000001,0.0055566736999999996,459256.92999999999,0.01595005,5
4085,0.72821391000000002,0.16942523000000001,1.0000000000000001e-05,446599.57000000001,0.013415117000000001,2.9349968
4086,0.90066515999999996,0.17854503999999999,0.0023759437,448178.44,0.019286254999999999,5
4087,0.62699744000000002,0.18943847,1.0000000000000001e-05,415930.82000000001,0.013852389,5
4088,0.94412538000000001,0.17568164999999999,0.012933016,447787.14000000001,0.013911491999999999,0.001
4089,0.65708233000000005,0.18562799999999999,3.8485027000000002e-05,408407.53999999998,0.019565072999999999,4.3361432999999998
4090,1,0.19447295000000001,0.0073365681000000004,492695.75,0.010185095999999999,0.001
4091,0.69409719999999997,0.17547857,0.0092242656999999995,468725.07000000001,0.018204768,5
4092,0.83976894999999996,0.16376906999999999,0.042605571000000002,552447,0.023326309999999999,0.70857543999999995
4093,0.74165775,0.15507249000000001,0.0013137062000000001,424619.29999999999,0.020349326000000001,5
4094,0.90473088000000002,0.206038,1.0000000000000001e-05,429572.60999999999,0.014955397,3.4058351999999998
4095,0.94312454999999995,0.15089122999999999,0.0041798657000000003,460402.04999999999,0.019279285,4.4077399000000002
4096,0.52554226000000004,0.17484345000000001,0.0038606996999999998,388283.59999999998,0.026671721999999998,2.9791775
4097,0.81811007000000002,0.18427714000000001,0.049724578999999998,570669.01000000001,0.015354258000000001,4.6910898999999997
4098,0.82592668000000002,0.15468256999999999,0.016674379,465509.28000000003,0.014881682,0.001
4099,0.88740233000000002,0.16782522999999999,0.013337273,444816.91999999998,0.019352088999999999,4.2673057999999999
4100,1,0.16465050000000001,0.059064154000000001,624073.59999999998,0.020095254999999999,3.0465360000000001
4101,0.95913762000000002,0.19007488,0.066925812000000001,584617.07999999996,0.014609041999999999,5
4102,0.85295105000000004,0.1959854,0.056449894,585725.48999999999,0.014836185,1.8036878000000001
4103,0.62506128000000005,0.16520306000000001,0.0095831409000000003,479966.46000000002,0.019537520999999999,4.8867208
4104,0.76410628999999997,0.18814812,0.080024075,721547.56000000006,0.015232030000000001,4.5167931000000001
4105,0.63544453000000001,0.20613497,1.0000000000000001e-05,442819.17999999999,0.01797236,5
4106,0.97320269999999998,0.16094625000000001,0.00036089476,419078.54999999999,0.022885447999999999,2.7145497000000001
4107,0.61317571999999998,0.15892429999999999,0.053458752999999998,637292.83999999997,0.013090114999999999,1.9213526000000001
4108,1,0.19257995999999999,0.0072713157999999998,484825.77000000002,0.012081361000000001,5
4109,1,0.17267487000000001,0.031981456999999998,570729.05000000005,0.015165619999999999,0.84533731999999995
4110,0.69827850999999996,0.17101205999999999,0.021402514000000001,476507.57000000001,0.017068197,2.3303213
4111,0.99316598,0.1841431,0.032359027999999998,567604.37,0.017874491999999999,5
4112,0.61698030999999998,0.16664956,0.040661316000000003,579405.81999999995,0.022049699999999998,5
4113,0.6530397,0.19679003,1.0000000000000001e-05,422263.22999999998,0.013298687999999999,3.8438596
4114,0.54687501000000005,0.18853655,0.0086817144000000002,428938.84999999998,0.020883999,2.3180700000000001
4115,0.57753105000000005,0.15694586999999999,0.0093787469000000002,472448.40000000002,0.020849551000000001,3.5367617999999998
4116,0.69368216000000005,0.17314293,0.0032821688000000001,447638.40000000002,0.015200528,1.5425015
4117,0.73276664000000002,0.1915229,1.0000000000000001e-05,421276.13,0.013870643,4.4944818
4118,0.74467185999999996,0.181309,0.013125204,417300.04999999999,0.014023926000000001,5
4119,0.50162364000000004,0.17607897,0.066647387000000002,689269.70999999996,0.017014068,4.6922987000000003
4120,0.49942834000000003,0.20802928000000001,0.020009209,489515.65000000002,0.015931480000000001,3.8482462000000002
4121,0.77602431000000005,0.21130731,0.027385316999999999,481748.76000000001,0.013371030000000001,3.0214523999999998
4122,0.71298846000000005,0.17711727999999999,0.0066368256999999996,426478.07000000001,0.015208418,2.4129182
4123,0.67269042999999995,0.19911941999999999,0.019635766999999998,479966.07000000001,0.015931035,2.3563242999999998
4124,1,0.17090831000000001,1.0000000000000001e-05,430870.64000000001,0.017601160000000001,0.001
4125,0.64220109000000003,0.15803407999999999,1.0000000000000001e-05,426565.45000000001,0.018847872000000002,1.6532731000000001
4126,0.91743737999999997,0.18876409999999999,1.0000000000000001e-05,418244.87,0.016452151000000002,1.1190648000000001
4127,0.49942834000000003,0.20802928000000001,0.020009209,489515.65000000002,0.015931480000000001,3.8482462000000002
4128,1,0.19939332000000001,0.017639262999999999,501677.96000000002,0.011418197999999999,1.1916002000000001
4129,1,0.20126943,1.0000000000000001e-05,398335.71999999997,0.016834679000000002,5
4130,0.75562985000000005,0.15565862999999999,0.018789910999999999,471549.16999999998,0.017667971000000001,2.8711907000000001
4131,0.42131394,0.17675529000000001,1.0000000000000001e-05,398650.45000000001,0.022617155,4.7830519000000002
4132,0.57852113999999999,0.17787934999999999,0.029101202,554238.04000000004,0.018340096,3.6267835000000002
4133,0.99655885,0.16531915,1.0000000000000001e-05,395054.70000000001,0.020119710999999998,1.4437857000000001
4134,1,0.18856654,1.0000000000000001e-05,406090.54999999999,0.018543777000000001,0.001
4135,0.69253765,0.17917754999999999,1.0000000000000001e-05,384807.90999999997,0.02161418,5
4136,0.41286692000000003,0.17336372999999999,0.014967281000000001,470124.66999999998,0.01274951,4.7429047999999998
4137,0.57338926999999995,0.19261428999999999,0.0061189825999999996,449788.23999999999,0.013082743000000001,2.5790204999999999
4138,1,0.16136606000000001,0.0086215810999999993,466155.60999999999,0.016243479000000002,1.4310461000000001
4139,1,0.19311106,1.0000000000000001e-05,428076.03999999998,0.017989657999999999,0.001
4140,0.57637972000000004,0.19802797,0.014767204000000001,476115.09000000003,0.014079543999999999,2.966799
4141,0.52770223999999999,0.16448186000000001,0.0064148818999999998,404968.40999999997,0.018139389999999998,2.2190433999999999
4142,0.40358934000000002,0.17402002,0.0072618737999999997,379066.63,0.027536695999999999,4.2919957999999996
4143,0.68022702000000002,0.16149195,0.00053920122999999995,428724.75,0.020487345000000001,4.7008020000000004
4144,1,0.19661575000000001,1.0000000000000001e-05,376802.01000000001,0.012703123,0.001
4145,1,0.16622488999999999,0.066916588999999999,702258.62,0.015268594999999999,2.1812130999999999
4146,0.97531937999999996,0.16000951999999999,1.0000000000000001e-05,419927.59000000003,0.021096075999999998,0.99799528999999998
4147,0.75125850000000005,0.17865681999999999,0.0077638326000000002,448793.07000000001,0.0095303537000000008,1.5558281
4148,0.75359708999999997,0.21195003000000001,0.086293552999999995,774322.82999999996,0.015732672999999999,2.8266064000000002
4149,0.53810846999999995,0.17816691000000001,0.03208366,522257.81,0.019259775,2.3535887
4150,0.66202424999999998,0.19412731,0.0125545,497668.89000000001,0.016651757999999999,2.2998641000000002
4151,0.63787024000000003,0.17303483,0.028172530000000001,485994.62,0.020001074000000001,3.1049861999999999
4152,1,0.19680943000000001,0.010648713000000001,432998.92999999999,0.014708964999999999,0.72673942999999996
4153,1,0.18354603,0.0089805569000000005,415601.81,0.018346959999999999,0.27420295
4154,0.42627428000000001,0.16415196000000001,1.0000000000000001e-05,417665.89000000001,0.020938203999999998,3.9382074
4155,0.70775991000000005,0.23455973999999999,0.0048609760000000004,445585.01000000001,0.015366744999999999,3.0009532000000001
4156,0.70743279999999997,0.20907154,0.00038193805999999999,484208.23999999999,0.010982772,2.6102656
4157,0.85000043000000003,0.16602062000000001,0.019727122,487721.41999999998,0.022267894999999999,1.1956431999999999
4158,1,0.18647532999999999,0.0078409407,467591.98999999999,0.021848723,0.61706207000000002
4159,1,0.20664381000000001,1.0000000000000001e-05,408904.15999999997,0.017163800999999999,0.37946126000000002
4160,0.69470867999999997,0.17696535999999999,0.012804279,519847.22999999998,0.02338813,3.6425884000000002
4161,1,0.15021296000000001,1.0000000000000001e-05,379918.12,0.017872015000000002,0.001
4162,0.73929206999999997,0.21033957,0.018641997,424657.17999999999,0.014143573,3.0076204
4163,0.96994184000000006,0.18380679999999999,0.0015734179,486701.41999999998,0.0096193628999999992,0.001
4164,0.42504987999999999,0.20069666999999999,0.0051931301000000003,450092.84000000003,0.013291387,4.0925959000000001
4165,0.42368518999999999,0.17746766999999999,0.031258875999999998,474279.96000000002,0.022021842,4.0586903999999997
4166,0.77682176999999997,0.22836279000000001,0.049715897000000002,524283.90000000002,0.014604237000000001,0.61832971000000003
4167,0.62887256000000002,0.21080111000000001,0.014619894,488396.09000000003,0.015992701000000002,5
4168,0.92938960999999998,0.17799076,0.0011335598,433530.07000000001,0.018765200999999999,3.5569649999999999
4169,0.49424518000000001,0.17461874999999999,0.042125983999999998,643230.98999999999,0.019024818999999998,4.8403527999999998
4170,1,0.19503254,0.023435931,491932.03999999998,0.016100646999999999,0.55645111999999997
4171,0.56698888000000003,0.19716074,0.0015664294,426807.45000000001,0.017660002000000001,5
4172,0.79799140000000002,0.16282197000000001,1.0000000000000001e-05,354480.78000000003,0.020322953000000001,4.5209859999999997
4173,0.58908355000000001,0.19415745000000001,0.029638617999999999,548142.98999999999,0.014558989,2.7814885999999999
4174,0.73595253999999999,0.18050677000000001,1.0000000000000001e-05,431092.28000000003,0.014470772999999999,3.7670257
4175,0.94040491999999998,0.16682536000000001,0.0078992058999999993,448324.15000000002,0.019767261000000001,0.034725666000000002
4176,0.68473121000000003,0.18421651,0.052726302000000003,600618.32999999996,0.014590406,3.0975427999999998
4177,0.77518218000000005,0.13175295000000001,0.055786647000000002,526484.09999999998,0.024278619000000001,0.44872322999999997
4178,0.65210920999999999,0.14404491,0.031661649,581808.97999999998,0.015348207000000001,3.2085558000000001
4179,0.56815092,0.15302948,0.0016889114000000001,430897.48999999999,0.023066481,5
4180,0.63797342000000001,0.18694820000000001,0.0089518121999999992,465806.46999999997,0.017745355000000001,4.1024859999999999
4181,0.88135242000000003,0.19445372999999999,0.00022706422000000001,394564.46000000002,0.024667995000000002,4.4787989000000001
4182,0.46622390000000002,0.18879351,1.0000000000000001e-05,447015.28000000003,0.013937303999999999,5
4183,0.35783511000000001,0.14463667999999999,0.026955781000000002,454931.37,0.021019284999999999,4.5789182999999998
4184,0.51828352,0.20409757000000001,0.037530979999999999,530624.72999999998,0.019887753000000001,5
4185,0.64201311999999999,0.18078046,0.025458312,537644.27000000002,0.016278893999999999,3.9738159999999998
4186,0.93228562000000004,0.1633048,0.0244213,479218.96000000002,0.019762508000000002,0.001
4187,0.71464419999999995,0.20566177999999999,1.0000000000000001e-05,412744.15999999997,0.015114031999999999,4.4711759000000004
4188,0.75297011999999997,0.16616967999999999,0.029036994,571639.66000000003,0.015712947000000001,2.3232214
4189,0.66073957999999999,0.18113646999999999,0.00097806324000000006,432249.96000000002,0.012086316,1.9144365000000001
4190,1,0.16817272999999999,0.016157243000000002,502146.96000000002,0.012059479,2.5176436999999998
4191,0.61102529000000005,0.18455537,0.036627021000000003,537201.57999999996,0.01515788,3.5914809000000001
4192,1,0.21219304,0.050306499999999997,610160.38,0.013637162,0.71795754000000001
4193,1,0.16881118000000001,1.0000000000000001e-05,414641.81,0.022361023000000001,1.0991346
4194,0.52593385999999998,0.17004080999999999,0.0054240490999999998,438323.09999999998,0.017649802999999999,5
4195,0.60089687000000003,0.20228644000000001,5.2881097000000003e-05,450049.09000000003,0.01496162,3.3192550000000001
4196,0.75645686000000001,0.19084197,0.032699403000000002,585962.64000000001,0.017433143000000002,2.2465887000000002
4197,1,0.19967693,0.0060630965000000002,488863.79999999999,0.014545944,3.8531509000000002
4198,0.69121204999999997,0.18568151999999999,1.0000000000000001e-05,419151.96999999997,0.014651706,1.2563709999999999
4199,0.96016857,0.18760610999999999,0.0087473358000000005,469567.04999999999,0.015377879000000001,4.7663491999999996
4200,1,0.20044464000000001,0.034059237999999999,574970.69999999995,0.011626635,0.001
4201,0.46599733999999998,0.17789664999999999,0.02589603,541057.13,0.012368519999999999,3.5181393999999999
4202,1,0.19610562000000001,0.0026792642999999999,461879.96999999997,0.015256524,0.001
4203,0.72210253000000002,0.20709093000000001,1.0000000000000001e-05,428572.28000000003,0.014754191,2.9312225000000001
4204,0.39635130000000002,0.16913228,0.010794227999999999,447677.16999999998,0.016300467999999999,5
4205,0.48754778999999998,0.21588882000000001,0.0043525939,452994.10999999999,0.011332419999999999,5
4206,1,0.17394809,1.0000000000000001e-05,421543.16999999998,0.019238083999999999,0.001
4207,1,0.17799487999999999,0.0035365754999999999,386368.45000000001,0.017243990000000001,0.93912971000000001
4208,0.54603623000000001,0.18899152999999999,0.0069463071000000001,408929.72999999998,0.020170323,2.9388559000000001
4209,0.79508394000000004,0.17110069999999999,1.0000000000000001e-05,442859.42999999999,0.016915994,5
4210,1,0.15738252,0.010410587000000001,466441.09999999998,0.021100946999999998,4.2382192999999999
4211,1,0.20211066,1.0000000000000001e-05,426397.98999999999,0.012087983,0.017465954999999998
4212,1,0.18417217,0.0036953275000000002,424698.53000000003,0.014727406,1.5948005999999999
4213,0.63150815999999999,0.18140315000000001,1.0000000000000001e-05,406633.40999999997,0.019797994999999999,3.0133880999999998
4214,0.83627876999999995,0.18545844,0.013851329000000001,486654.26000000001,0.016524879999999999,2.651843
4215,0.78791663000000001,0.20770127999999999,0.014340528999999999,514975.15999999997,0.013466298999999999,1.6917145
4216,0.44662579000000002,0.21202682,1.0000000000000001e-05,417871.67999999999,0.013376966000000001,3.9859735000000001
4217,1,0.16695937999999999,0.0062617161000000001,478214.45000000001,0.016841815999999999,0.19985585
4218,1,0.18744362000000001,1.0000000000000001e-05,454501.82000000001,0.013335885,0.38195867999999999
4219,1,0.19387858999999999,1.0000000000000001e-05,405486.78000000003,0.019661166000000001,0.001
4220,0.67027349999999997,0.17193743,0.020677609999999999,468893.65000000002,0.021468957,3.3798848000000001
4221,0.89211815000000005,0.14423775,0.020639376000000001,473519.23999999999,0.022395104999999998,0.001
4222,0.94382617999999996,0.17074486999999999,0.00033879541000000001,420986.51000000001,0.020168706000000002,1.0496531
4223,0.55637289000000001,0.18606396,0.024878780999999999,516797.04999999999,0.015929687000000001,5
4224,0.79407395999999997,0.22014880000000001,0.0021133483999999998,422461.29999999999,0.011744848,5
4225,0.82628135999999996,0.19437459000000001,0.0017893656,385752.42999999999,0.019370598999999999,1.9463606
4226,0.82417720999999999,0.17840395000000001,1.0000000000000001e-05,421815.33000000002,0.020641639999999999,1.7587938999999999
4227,0.96678748000000003,0.20769666000000001,1.0000000000000001e-05,430795.51000000001,0.011002082,0.001
4228,0.51224864999999997,0.16856684999999999,0.0070300698000000002,465080.08000000002,0.018738853,4.4701364999999997
4229,0.66616231999999997,0.18304611000000001,1.0000000000000001e-05,411452.94,0.017268312000000001,2.5715832999999999
4230,0.67397616999999999,0.20194239999999999,1.0000000000000001e-05,422409.39000000001,0.019547775999999999,4.4743792999999998
4231,0.93938310999999997,0.20445060000000001,0.016952005999999999,548952.90000000002,0.0075929585999999997,5
4232,0.62463769999999996,0.17408249000000001,0.028757747,478852.70000000001,0.017888359999999999,4.3847902000000003
4233,0.91189624000000002,0.15256495,0.0084753007000000005,437945.85999999999,0.023525649999999999,0.85792957999999997
4234,0.72413976000000002,0.16585876999999999,0.0073627450000000004,455623.51000000001,0.013296184000000001,0.76747558999999999
4235,0.79900992999999998,0.16957769,0.022328286999999999,529036.06999999995,0.014252954,5
4236,1,0.18008516999999999,0.0034113552000000001,451732.32000000001,0.017724693,3.8886478000000002
4237,0.54623284999999999,0.16057136,1.0000000000000001e-05,407222.37,0.019398315999999999,3.5785771999999998
4238,1,0.18336042,0.0046206624000000003,434152.06,0.020442096999999999,5
4239,0.91317839000000001,0.17448316,0.010281902000000001,416666,0.019930560999999999,2.3546162000000002
4240,0.63099079000000002,0.19926556000000001,0.015199033000000001,482403.34000000003,0.013053034999999999,5
4241,0.49724561,0.16274135000000001,1.0000000000000001e-05,443337.63,0.013028413000000001,5
4242,0.89913235000000002,0.18435012000000001,0.0040779062000000001,450931.44,0.014791421000000001,1.2752726000000001
4243,0.70036964000000002,0.21746789999999999,1.0000000000000001e-05,417925.64000000001,0.014383651000000001,1.2041526
4244,0.76691231000000004,0.17327157000000001,0.0041982851,409976.73999999999,0.021762457999999998,0.69996157000000003
4245,0.97779322000000002,0.18294985999999999,1.0000000000000001e-05,366499.09999999998,0.021430412999999999,0.087433653
4246,0.68653945999999999,0.16865693000000001,0.0080800603000000006,434560.82000000001,0.022163148000000001,1.2957604
4247,0.78547491999999997,0.18582097,0.012509953000000001,487281.78000000003,0.017688526,4.0900828000000002
4248,0.81183393999999998,0.19787983000000001,0.011258084,464632.09999999998,0.015054682999999999,1.4394646
4249,0.70828148999999996,0.14639969,1.0000000000000001e-05,405079.09999999998,0.018357367999999999,2.8224333000000001
4250,0.49993293,0.18549259000000001,0.042566822999999997,506700.91999999998,0.015097835,4.9243844000000001
4251,0.54395183000000003,0.20976263000000001,1.0000000000000001e-05,434143.96000000002,0.014012655000000001,5
4252,1,0.18812281,1.0000000000000001e-05,408548.65000000002,0.021342771999999999,3.1024083
4253,1,0.20155023,0.038787215,592857.70999999996,0.014061025,2.8639353000000001
4254,0.74410626000000002,0.20256393,0.0018771497000000001,448288.31,0.0099947339999999999,5
4255,0.81451883999999997,0.15380321,0.011711553,439291.13,0.021196870999999999,0.76880042999999998
4256,0.38328984999999999,0.20119364000000001,1.0000000000000001e-05,445132.76000000001,0.011583051,5
4257,1,0.19131619999999999,1.0000000000000001e-05,335136.37,0.025424770999999999,1.5486420999999999
4258,0.97109995999999998,0.20455822000000001,1.0000000000000001e-05,425849.26000000001,0.019557725000000001,2.0562152999999999
4259,0.56396283999999997,0.19572479000000001,1.0000000000000001e-05,439729.70000000001,0.017668552000000001,4.9965301999999996
4260,0.49052865000000001,0.18590119999999999,0.027812396999999999,525578.85999999999,0.018699357999999999,5
4261,1,0.21144024,0.031060491999999999,577168.29000000004,0.014978831999999999,3.0037064
4262,1,0.20406025999999999,1.0000000000000001e-05,459932.29999999999,0.011423956000000001,5
4263,0.86522390999999998,0.16331583,1.0000000000000001e-05,412907.27000000002,0.020109275999999999,3.7906439999999999
4264,1,0.17669646,0.080825681999999996,695922.20999999996,0.017053230999999999,0.001
4265,0.60715774,0.19813442000000001,0.010502020000000001,419606.81,0.017047692999999999,5
4266,0.43085136000000002,0.21272970999999999,0.044579908000000001,631762,0.010990883999999999,5
4267,0.58911155000000004,0.19655527,0.043321626000000002,570920.14000000001,0.019363071999999999,5
4268,0.77834773000000002,0.1607112,0.011875884,439480.57000000001,0.019920197000000001,3.6086990000000001
4269,0.51634972000000001,0.18418546999999999,1.0000000000000001e-05,421755.10999999999,0.015348353,5
4270,1,0.19969973999999999,0.010267554999999999,457422.15999999997,0.017637038000000001,0.001
4271,0.61743366,0.17865687999999999,0.013585704000000001,457699.96999999997,0.019508549,1.7193198000000001
4272,1,0.14577754000000001,0.029342905999999998,548037.18999999994,0.016572705,0.001
4273,0.65906814999999996,0.18048048999999999,0.016012959,480949.40999999997,0.021823591,3.4615537999999999
4274,1,0.16804005999999999,0.00014085171999999999,425206.28000000003,0.019038244999999999,2.3191036
4275,0.36454186,0.18567550999999999,0.0072792750999999996,413835.33000000002,0.02065024,5
4276,0.90131883000000002,0.17406715,1.0000000000000001e-05,428901.40000000002,0.019072499999999999,0.95117125999999996
4277,1,0.18634590000000001,1.0000000000000001e-05,399558.09000000003,0.017678752999999998,3.2970516000000001
4278,1,0.2054494,0.0097686049,451240.57000000001,0.018839133000000001,0.001
4279,0.85819053000000001,0.18202504999999999,1.0000000000000001e-05,431094.71000000002,0.013627682,1.0897266000000001
4280,0.46913190999999999,0.16335411,0.082177871,676962.76000000001,0.017716329999999999,5
4281,0.91648483000000003,0.19438648,1.0000000000000001e-05,415629.71999999997,0.012073842,1.3450101999999999
4282,1,0.18736860999999999,1.0000000000000001e-05,456930.29999999999,0.011963699,2.3361689999999999
4283,0.72006009000000004,0.18456869000000001,0.056381069999999998,594980.06999999995,0.018343252000000001,5
4284,1,0.18672915000000001,0.0049346036000000003,451731.63,0.016610461,0.74078858000000003
4285,0.63595654000000001,0.17259116999999999,0.017950682999999999,496849.96999999997,0.015160092,5
4286,0.93506544999999996,0.19023719,0.0096653879000000009,387499.32000000001,0.015685285,3.8283393000000001
4287,0.74701885000000001,0.18173934,0.033924790000000003,468957.85999999999,0.023365034,0.50820456000000003
4288,1,0.16070813,0.075097991000000003,640291.68999999994,0.016018431,1.3352059999999999
4289,0.73249949000000003,0.19235782000000001,0.0036012492,439793.02000000002,0.017945698,5
4290,0.90387635,0.20006351,1.0000000000000001e-05,437199.84000000003,0.020954384999999999,3.8115939999999999
4291,0.71079055999999996,0.19923389999999999,0.062114647000000002,635459.78000000003,0.012019508999999999,2.3363141999999999
4292,0.69564134,0.20688318,1.0000000000000001e-05,440045.02000000002,0.018926436000000001,1.9047532
4293,0.55420199999999997,0.18289048999999999,0.0095525777999999999,408894.58000000002,0.022670711,2.3632667999999999
4294,0.42906748,0.20214256,0.00037755009000000001,433885.48999999999,0.012774944,5
4295,1,0.19369532,0.0031022534999999999,413726.71000000002,0.017923972999999999,2.9442374999999998
4296,1,0.17157320000000001,0.010396602,437808.12,0.019540498999999999,0.001
4297,1,0.18979878,1.0000000000000001e-05,379664.75,0.019559027,0.91792425
4298,1,0.18846468,0.022902105999999998,525403.10999999999,0.016699116,0.001
4299,0.86136899,0.17875763,1.0000000000000001e-05,450052.02000000002,0.01331832,1.4228487999999999
4300,0.49510333000000001,0.19012815,0.012197797999999999,458421.90000000002,0.020634362,3.9945512000000001
4301,0.47545614000000003,0.17371474000000001,0.030640033000000001,518462.37,0.013438314999999999,5
4302,0.91175552999999998,0.17857818,0.00059541759999999998,485258.19,0.014174964,0.68831065000000002
4303,1,0.17281378,0.059571536000000001,606777.07999999996,0.017071729000000001,0.41891467999999998
4304,0.70302500000000001,0.17622380000000001,0.031556621999999999,514403.65000000002,0.017895345,3.0494363
4305,0.78865578999999997,0.18292685,0.014678016,457466.71999999997,0.024748241000000001,3.5317972000000002
4306,1,0.19850013,0.012454349999999999,470143.69,0.015006523000000001,0.001
4307,0.62059728999999997,0.20735207999999999,0.041160923000000002,532730.19999999995,0.017240044999999999,2.6205948000000001
4308,0.87779527000000002,0.16370704,1.0000000000000001e-05,426765.32000000001,0.019821732000000002,2.9434860999999999
4309,1,0.19220234,0.046050420000000002,635657.10999999999,0.013057969000000001,0.001
4310,0.87834615999999999,0.1814952,0.012492992,415780.34999999998,0.020743459999999998,2.1905521000000001
4311,1,0.19984853,0.0062843832999999998,437949.39000000001,0.016588642000000001,0.24110914
4312,0.53868322999999996,0.17194749000000001,0.035685752000000001,558066.41000000003,0.012524597,4.6527092999999997
4313,0.66593884999999997,0.18345636000000001,0.0059512285999999996,446298.67999999999,0.016687113999999999,2.7737438999999999
4314,1,0.18904092,0.005998242,419915.81,0.015205606,1.0892572
4315,1,0.17207790000000001,1.0000000000000001e-05,407946.82000000001,0.019545106999999999,0.001
4316,0.62103845000000002,0.18984139999999999,0.0088634701999999992,438419.46000000002,0.016644689000000001,5
4317,0.94841178000000004,0.17851565999999999,0.023497423,591631.93999999994,0.019969901000000002,4.3592364000000003
4318,1,0.20137364999999999,0.0030821143,419315.77000000002,0.017370022999999998,5
4319,0.84200553,0.20544086,0.025344162999999999,526138.23999999999,0.01263827,0.96653701999999997
4320,0.52549246000000005,0.18555327999999999,1.0000000000000001e-05,411513.10999999999,0.017419764000000001,5
4321,0.73899727999999998,0.20924380000000001,1.0000000000000001e-05,403287.34999999998,0.017725195999999999,0.87563922999999999
4322,0.84974324000000001,0.16485649999999999,0.0021751443000000001,398497,0.022847919000000001,4.3368915000000001
4323,1,0.20672923000000001,0.016245743999999999,440652.35999999999,0.020216557,0.001
4324,0.79823082999999995,0.15848902000000001,0.0082353727999999998,462410.40999999997,0.021992758000000001,2.4477153
4325,0.62303368999999997,0.17872605999999999,0.065388371000000001,689331.04000000004,0.014614059,3.7345448999999999
4326,0.65156334999999999,0.15323012999999999,0.019528104000000001,474932.66999999998,0.021306519999999999,4.7123328000000004
4327,0.78949842999999997,0.18755775999999999,0.016982075999999999,455063.12,0.017541739000000001,2.4289540999999999
4328,0.69285889000000001,0.20347237000000001,0.010097968000000001,432402.23999999999,0.022831832,4.1337247000000001
4329,0.95266731000000004,0.18785963999999999,1.0000000000000001e-05,384902.25,0.019241880999999999,0.001
4330,0.77787055000000005,0.20196923,0.012228213,473700.33000000002,0.016842393000000001,2.3726558
4331,1,0.20544586000000001,0.017435084999999999,517815.76000000001,0.010488346000000001,0.36231403000000001
4332,0.86879424999999999,0.18245849,0.030895372000000001,552446.03000000003,0.016475301000000001,2.7632990999999998
4333,0.83831624000000005,0.16348240999999999,0.0078915044000000007,408203.10999999999,0.019766883999999998,2.7542941000000001
4334,0.65569337999999999,0.20336767,1.0000000000000001e-05,426431.53999999998,0.016691365,4.7157882999999998
4335,0.50075557999999998,0.18737992000000001,1.0000000000000001e-05,398766.89000000001,0.016093784,2.8336711999999999
4336,0.83206433000000002,0.16668959,0.0060116333999999999,459222.90999999997,0.019180016000000001,1.0418957
4337,0.66604984,0.18328246000000001,1.0000000000000001e-05,416041.21999999997,0.018832380999999999,5
4338,0.70915503000000002,0.17569967,1.0000000000000001e-05,434313.78999999998,0.012096292999999999,5
4339,1,0.16871707,1.0000000000000001e-05,436733.59999999998,0.013415709,0.001
4340,0.89167348000000002,0.18367652000000001,0.047603786000000002,592528.25,0.013452995000000001,0.82746233000000002
4341,0.64518593999999996,0.19017133,0.029615696,551272.80000000005,0.015644930000000001,4.5645876000000003
4342,0.90623140000000002,0.17169988,0.014159299,503294.10999999999,0.016990472,5
4343,1,0.19721784000000001,0.034172367000000002,573480.04000000004,0.015199659000000001,1.5571238000000001
4344,0.92520718000000002,0.19110287000000001,0.0067492311999999997,499933.09999999998,0.013141573,1.4032633999999999
4345,0.78743757999999997,0.15365369000000001,1.0000000000000001e-05,434889.15000000002,0.013742689000000001,1.3339523
4346,1,0.17803013000000001,0.0099193665000000004,423745.34000000003,0.022458262,5
4347,0.80859415000000001,0.1745738,0.0065014566999999999,417125.39000000001,0.019842915999999999,2.1453598999999999
4348,1,0.19472534,0.015150367,406681.19,0.016859813000000001,0.52457153000000001
4349,1,0.19004662999999999,1.0000000000000001e-05,418107.60999999999,0.019202235000000002,3.2199653000000001
4350,0.68587253000000004,0.14791385000000001,0.035387944999999997,547499.91000000003,0.016192537999999999,2.9508002000000002
4351,0.43931597999999999,0.18161911,0.011867869,414366.31,0.019728972000000001,5
4352,0.63856471999999997,0.18157682999999999,0.018138877000000001,426475.46000000002,0.019606742999999999,2.7661851999999998
4353,0.61385051999999996,0.17055165999999999,1.0000000000000001e-05,449141.12,0.015163950000000001,5
4354,0.90270843999999995,0.14688931,0.015404077,470260.83000000002,0.020678200000000001,1.8142506
4355,0.75405414999999998,0.172876,0.0067246969000000004,410063.85999999999,0.019370567000000002,4.9873222000000004
4356,0.87208741999999995,0.19304446,0.0014967355999999999,450378.09999999998,0.016766327000000001,0.49621828000000001
4357,0.78945615000000002,0.1703479,0.010202057,442258.91999999998,0.021656203999999998,4.6384122999999997
4358,0.79994008999999999,0.18515300000000001,0.010563126000000001,493635.65000000002,0.012030628,0.51589574000000005
4359,0.66627756000000005,0.1895896,0.030066096,521093.96999999997,0.012493394999999999,3.2982497999999998
4360,0.69257340000000001,0.15393886000000001,1.0000000000000001e-05,429885.38,0.014853804999999999,2.8634944999999998
4361,0.3635621,0.20766920999999999,0.044489835999999998,586718.83999999997,0.011015644999999999,4.7992471999999999
4362,0.84571286000000001,0.15451906000000001,0.011253977,463738.37,0.023206244000000001,2.6237716999999998
4363,1,0.19237957999999999,1.0000000000000001e-05,428889.58000000002,0.014993077,1.6623714000000001
4364,0.68047051000000003,0.15919973000000001,0.036440530999999998,500674.96000000002,0.024238880000000001,2.6863003000000001
4365,0.95178753999999999,0.17171781999999999,0.044697295999999997,542193.62,0.018625188000000001,3.8903078
4366,1,0.18422517999999999,0.037937371999999997,550264.77000000002,0.011904372,0.001
4367,0.93200408999999995,0.14373731000000001,1.0000000000000001e-05,447769.78000000003,0.014571007,0.48522630999999999
4368,0.94660080999999996,0.20435633,1.0000000000000001e-05,446236.40000000002,0.011194963,2.8231495999999998
4369,1,0.20011090000000001,0.00013206247,420922.89000000001,0.018729023000000001,0.001
4370,0.89275055000000003,0.2075369,1.0000000000000001e-05,432858.90999999997,0.017073553000000002,0.81579805999999999
4371,0.82761708,0.19352374,0.0043827220000000004,458331,0.013380536,3.4876870000000002
4372,0.59422454000000002,0.21121224999999999,0.0072063220999999998,458090.78000000003,0.013970611000000001,5
4373,0.68110627000000001,0.19023314999999999,1.0000000000000001e-05,420873.27000000002,0.017166016999999999,2.1147368000000002
4374,1,0.17648432999999999,0.014635881999999999,471656.63,0.017526267000000002,1.1511762000000001
4375,0.55010537000000004,0.20273035,0.047619794999999999,534581.68999999994,0.010246468,2.2204799
4376,0.79289069999999995,0.16024954999999999,0.017858549000000001,441480.69,0.017347162999999999,1.5251294
4377,0.72675447000000004,0.173212,0.020659292999999999,489878.70000000001,0.019315306000000001,2.2916924000000001
4378,1,0.16487916999999999,0.0074444571999999999,408292.26000000001,0.018703995000000001,0.001
4379,0.63533412,0.19213044000000001,0.067724145999999999,785960.07999999996,0.019994913999999999,2.4383075000000001
4380,0.5550484,0.18288932999999999,1.0000000000000001e-05,397509.56,0.018274261999999999,2.8741734999999999
4381,0.57372688000000005,0.21074534,0.00060169127999999998,413196.34000000003,0.016954304999999999,4.2284546000000001
4382,0.93203276000000002,0.21176668000000001,0.015610575999999999,482839,0.015053225,4.9958659000000001
4383,1,0.17815513999999999,1.0000000000000001e-05,428155.82000000001,0.013308425,0.001
4384,0.66451075000000004,0.19632567000000001,0.00030503608999999998,449925.38,0.010596927000000001,2.5041490999999998
4385,0.94930576,0.22104139,0.0043407326999999997,444546.45000000001,0.0099667990999999997,0.58214849999999996
4386,0.52422270999999998,0.19196646000000001,0.00011793139000000001,440877.14000000001,0.014861600000000001,3.761714
4387,0.60353617999999998,0.14115254999999999,0.024336310999999999,515559.65999999997,0.017690663999999998,3.5983236000000001
4388,0.40570989000000002,0.17597146999999999,0.015699604999999998,489519.98999999999,0.012593764,4.2429079999999999
4389,0.66711452000000004,0.18930552,0.017029236,480786.5,0.018193430999999999,2.0305023000000002
4390,0.68762626999999998,0.15956333,0.011431187000000001,448872.45000000001,0.020775484,4.4759102999999998
4391,0.95966956000000003,0.18789760999999999,0.030108172999999998,498192.75,0.014428798,2.8315774999999999
4392,1,0.15557053000000001,0.021244788000000001,511181.73999999999,0.021594767000000001,3.290416
4393,0.60066684999999997,0.19006667999999999,0.0085237488999999993,451707.90999999997,0.015431126,5
4394,0.98538064000000003,0.16441706,0.049924627999999999,578749.54000000004,0.017151844999999999,2.7441697
4395,0.39686074999999998,0.18948171,0.035295202999999997,559590.89000000001,0.016753545000000002,5
4396,0.55660827999999996,0.19886518,0.017648022999999999,494264.45000000001,0.01605734,3.6669413
4397,0.53701328999999998,0.19286959000000001,1.0000000000000001e-05,440661.37,0.018757014999999998,2.8695686
4398,0.79511303,0.20391144,1.0000000000000001e-05,387036.01000000001,0.015066937000000001,5
4399,0.87739685000000001,0.18378591999999999,0.010703262999999999,463485.23999999999,0.015608804,0.58750522000000005
4400,1,0.18212411000000001,1.0000000000000001e-05,440145.94,0.013412019000000001,1.0225287000000001
4401,0.83538597000000003,0.16059005000000001,0.016018386999999999,508894.90999999997,0.016571354999999999,0.90684156000000005
4402,0.66516651999999998,0.21161805,0.00075483178,432298.15000000002,0.011396504,3.4087752
4403,0.61754671999999999,0.17464822999999999,0.055570818000000001,674709.56000000006,0.012826475,3.5658433999999999
4404,0.48375491999999998,0.17062496999999999,0.012838654999999999,369360.97999999998,0.024505440999999999,5
4405,1,0.20139726999999999,0.021239862000000002,526917.73999999999,0.012091698,0.13587055000000001
4406,0.79926571999999996,0.18782931999999999,0.011381209,500091.75,0.015738515000000002,2.2390452999999999
4407,1,0.2029116,0.0066984823999999997,467599.78000000003,0.013673506,0.59350071000000004
4408,1,0.18869721,0.0016210506,467821.47999999998,0.014364824,0.001
4409,0.77876575000000003,0.18869317999999999,0.0069897073999999997,416512.39000000001,0.016963331000000002,1.8103765000000001
4410,0.57404604999999997,0.17289145,0.0031961645999999998,404933.56,0.016469435000000001,5
4411,0.43656833,0.19573297000000001,6.5022689999999996e-05,389513.32000000001,0.01917717,3.5831727
4412,0.90563941000000003,0.1827512,0.00072108358999999999,439571.15999999997,0.015637453999999999,0.77779986000000001
4413,0.96790211000000004,0.18904905999999999,1.0000000000000001e-05,450998.78000000003,0.013536528000000001,1.5926089000000001
4414,0.51927776000000003,0.17874543000000001,0.011969778,468057.84000000003,0.018391155999999999,5
4415,1,0.20203219,1.0000000000000001e-05,490598.28000000003,0.012391895,0.63527506
4416,0.85428402000000003,0.13648925000000001,0.016035399999999998,437108.78000000003,0.024344688,2.5051492999999998
4417,0.65325796000000003,0.20344254000000001,0.025349165999999999,510824.46999999997,0.01486146,4.6187019999999999
4418,0.98754173000000001,0.17258219999999999,1.0000000000000001e-05,416629.33000000002,0.014988858000000001,0.001
4419,0.79242024,0.18158795999999999,1.0000000000000001e-05,430798.60999999999,0.016348439999999999,5
4420,1,0.18359903,0.022770036,486216.20000000001,0.017315748999999998,2.3568370999999999
4421,0.98996459999999997,0.19151233000000001,0.00020831121000000001,436330.69,0.015167754,0.001
4422,1,0.166381,0.014366360999999999,402446.40999999997,0.019644493999999998,0.001
4423,0.4151415,0.17881042999999999,1.0000000000000001e-05,426135.26000000001,0.016619660000000001,3.1147646
4424,0.59388518999999995,0.16082283,1.0000000000000001e-05,434101.44,0.016619730999999999,5
4425,0.57423212000000001,0.16612924000000001,0.039553268000000003,567549.06000000006,0.015824471999999999,5
4426,1,0.19442001,0.042487967000000001,525630.06999999995,0.014001197999999999,0.001
4427,0.96106548000000003,0.16915732999999999,1.0000000000000001e-05,443122.51000000001,0.015980253999999999,0.001
4428,1,0.16676616,0.012099854,459669.19,0.0184929,0.001
4429,0.53275592999999999,0.16156379000000001,0.035117915999999999,525171.52000000002,0.015808587999999998,1.9035932
4430,0.68195324999999996,0.17046649,0.10599595000000001,804340.60999999999,0.017257001000000001,3.2902258999999998
4431,0.37666528999999999,0.15195043,0.0052721282999999997,406012.44,0.025141924999999999,5
4432,1,0.19028492,0.01289736,467471.64000000001,0.015481691000000001,3.8525033
4433,0.38999914000000002,0.16336236000000001,0.020062455,492666.56,0.024923266999999999,4.7173097999999998
4434,0.89655326000000002,0.21356839,0.029196502999999999,481816.88,0.019335793,0.23812966999999999
4435,0.97916833999999997,0.16504679999999999,0.061175139000000003,727066.5,0.017646042000000001,2.6602990000000002
4436,0.60992654999999996,0.19611349,0.029577718999999999,499020.28999999998,0.017811934000000001,4.7645780000000002
4437,0.88883181,0.18267174,0.0089433463999999997,400784.85999999999,0.018651023999999999,0.80986981000000002
4438,0.69913959000000003,0.20598325000000001,0.016968079,515971.71000000002,0.012795011,4.9872684999999999
4439,0.38449081000000002,0.19798714000000001,0.0076006073000000002,444584.08000000002,0.014402663,5
4440,0.84841948,0.18015998,0.0027802857000000002,399054.84000000003,0.017009393000000001,2.5334574000000001
4441,0.9687403,0.18828486999999999,0.00048100508000000001,423680.96999999997,0.022881275,2.0490957000000001
4442,0.39313060999999999,0.20820759999999999,1.0000000000000001e-05,421712.94,0.013411275,5
4443,0.95098748,0.17039811999999999,0.045233509999999998,599888.42000000004,0.012992434000000001,4.7049871000000003
4444,0.68683309999999997,0.17720996999999999,0.00023396208999999999,410971.46000000002,0.020220176999999999,5
4445,1,0.17665135000000001,0.017936852,498739.90999999997,0.020107301000000001,0.001
4446,0.62268789000000002,0.15159834999999999,0.022208345000000001,457426.5,0.020235616000000001,0.99297475999999996
4447,1,0.20423042999999999,1.0000000000000001e-05,434936.73999999999,0.010507568,0.001
4448,0.66980474999999995,0.16287549000000001,0.010295327,431997.28999999998,0.020213676999999999,5
4449,0.91269042,0.17468417,0.010309225999999999,416609.87,0.019924968000000001,2.3370829
4450,0.40471775999999998,0.18788444000000001,0.0088723499999999993,484697.76000000001,0.016817254,5
4451,0.61178942999999997,0.19035627999999999,0.0045542578999999998,421668.78999999998,0.014655430000000001,3.9312402999999998
4452,1,0.15604333000000001,0.0087776030000000001,478329.65999999997,0.015446879,3.1021071
4453,1,0.18290966,0.069149345000000001,739499.51000000001,0.013945796,0.14392430000000001
4454,0.95585876000000003,0.18312775000000001,1.0000000000000001e-05,434501.51000000001,0.017542689,4.1381661000000003
4455,1,0.19786039999999999,0.0070530979000000002,449712.90999999997,0.011202979,5
4456,0.81357919999999995,0.19529879,0.0089151277000000008,442597.02000000002,0.016255302999999999,5
4457,1,0.20188887999999999,0.022384713000000001,469047.14000000001,0.014348488,1.7236748
4458,1,0.18390472999999999,1.0000000000000001e-05,491793.91999999998,0.011180406,4.7488308999999997
4459,1,0.18483640000000001,0.0045268633000000004,469944.88,0.018859127999999999,5
4460,0.9430267,0.19325813999999999,0.012531261,497818.66999999998,0.013230719,0.001
4461,0.45069913,0.17099829999999999,1.0000000000000001e-05,416869.53999999998,0.016172859000000001,5
4462,0.86603794999999995,0.1747602,1.0000000000000001e-05,401351.01000000001,0.016026743999999999,0.26953052999999999
4463,0.54544789000000005,0.18776288999999999,0.0072060754000000003,468634,0.019142035000000002,5
4464,0.80966391000000004,0.18077773999999999,0.015248116000000001,471211.77000000002,0.013972672,4.2572957000000002
4465,0.81552727999999997,0.18208478,0.089899441999999996,913326.73999999999,0.016410605000000002,2.2448283999999998
4466,1,0.19133043,1.0000000000000001e-05,395689.48999999999,0.018545862999999999,1.9882872
4467,0.85493582000000001,0.21219445000000001,1.0000000000000001e-05,393523.28999999998,0.015320721000000001,5
4468,1,0.19189800000000001,0.030011373000000001,571292.65000000002,0.013841480999999999,4.0434204999999999
4469,0.61349377999999999,0.18999213000000001,1.0000000000000001e-05,394994.46000000002,0.015162659,3.6881724999999999
4470,0.73815427,0.21439010999999999,0.0042642623999999997,450436.44,0.014141503,5
4471,0.91199576000000004,0.1665056,1.0000000000000001e-05,431332.84999999998,0.019588522000000001,0.95567917999999996
4472,1,0.14513862999999999,1.0000000000000001e-05,412325.06,0.019986518000000002,5
4473,0.87632637000000002,0.20271434999999999,1.0000000000000001e-05,392872.65000000002,0.015315898,3.9363077999999998
4474,0.51631178,0.16284894,0.095546919999999994,745270.97999999998,0.019644398,3.4450533000000001
4475,0.90854729999999995,0.18768799,0.023995808,498955.39000000001,0.015752806000000001,3.2523992000000002
4476,0.56290945000000003,0.19299816,0.041727016999999998,564836.35999999999,0.017006021999999999,2.7993209999999999
4477,0.48149025000000001,0.18607452999999999,0.036153711999999998,545102.76000000001,0.016534054999999999,5
4478,0.63975119999999996,0.16812964,0.001360738,389304.56,0.021198626000000002,5
4479,0.63702115999999998,0.16016312999999999,0.025584163,470024.84999999998,0.019858329000000001,3.3430425000000001
4480,0.72497577999999996,0.20891301000000001,0.0058099681,407689.10999999999,0.019244456,3.8259683
4481,0.50802672999999998,0.17869916,0.0014436421,404628.44,0.017227217999999999,5
4482,0.6016378,0.17923608999999999,1.0000000000000001e-05,425019.90999999997,0.015115455,3.2718530000000001
4483,0.89376939,0.17950706,0.047213619999999998,610186.39000000001,0.015826900000000001,1.1270804999999999
4484,0.63907720000000001,0.19852178000000001,0.0026261113000000001,438110.87,0.013377249000000001,5
4485,0.73148705999999997,0.17211356999999999,0.049185447,622292.58999999997,0.017955057,0.99341844999999995
4486,0.73899634000000003,0.18579369000000001,0.014550893000000001,452786.47999999998,0.017114463999999999,3.2708922
4487,1,0.14320936000000001,0.020135233999999998,441986.06,0.027986391999999999,1.3408982
4488,1,0.15587872,1.0000000000000001e-05,419290.87,0.02074285,2.9241476999999998
4489,0.79154561999999995,0.18624698000000001,0.058346871000000002,637935.23999999999,0.019684022999999998,2.6652140000000002
4490,0.81152268999999999,0.21065524999999999,0.012461323,454915.48999999999,0.02092639,3.7453400999999999
4491,1,0.19793234000000001,1.0000000000000001e-05,394845.13,0.018055000000000002,0.001
4492,0.51509424999999998,0.18231806,1.0000000000000001e-05,386188.40999999997,0.024184112000000001,5
4493,0.67848717000000003,0.18665240999999999,0.013152508,480375.08000000002,0.024792336000000002,1.9174386999999999
4494,0.64036696999999998,0.18778607,0.026877381999999998,523216.21999999997,0.020267727999999999,4.4341698000000003
4495,0.97851328000000004,0.19693740000000001,0.0001194962,426762.96999999997,0.017045955000000002,0.052204065000000001
4496,0.94062758999999996,0.17985938000000001,0.0029172506999999999,449786.67999999999,0.016750854999999999,2.9302321999999998
4497,1,0.17519771000000001,0.051587062000000003,604620.84999999998,0.023970183999999999,0.001
4498,0.48303214999999999,0.19450629,0.036269316000000003,594721.94999999995,0.014351414999999999,5
4499,1,0.20202046000000001,0.012805034999999999,483783.56,0.015835373999999999,0.001
4500,0.95156578000000003,0.18271277,0.0021280663000000002,413955.13,0.015139593,5
4501,0.60529562000000003,0.19046362999999999,0.012755443999999999,461610.45000000001,0.015722462999999999,1.9532269
4502,0.79977211000000004,0.17648604000000001,1.0000000000000001e-05,426148.40999999997,0.022575659000000001,2.4126943999999999
4503,0.93465180999999997,0.14495509000000001,0.047331137000000002,577253.23999999999,0.021969295999999999,0.74900657000000004
4504,0.92699975999999995,0.17223722,1.0000000000000001e-05,393737.03999999998,0.016260624000000001,4.0913782000000003
4505,0.47697962999999999,0.16787062,0.0019119034000000001,453929.44,0.014865287,4.9018486000000001
4506,0.97117319000000002,0.21628522999999999,1.0000000000000001e-05,428185.64000000001,0.012205499999999999,2.8788057999999999
4507,0.98471458000000001,0.17695595,0.035969879000000003,631955.01000000001,0.014879893,0.70735893999999999
4508,1,0.15761728,0.014656264,476375.23999999999,0.020694031000000002,0.88021355999999995
4509,1,0.21033589999999999,0.0010877223000000001,420513.14000000001,0.011765691,2.508559
4510,0.58516891999999998,0.18039810000000001,0.010225971,434549.07000000001,0.013487292999999999,4.1773062999999997
4511,0.71203384000000003,0.17958779999999999,1.0000000000000001e-05,449117.15000000002,0.014271057,5
4512,1,0.17938514999999999,0.022813677000000001,496455.46000000002,0.018125161000000001,2.0482999999999998
4513,1,0.16996201999999999,0.0094563492000000002,398939.85999999999,0.019157028999999999,2.5033542999999998
4514,1,0.1532848,0.029620706,533854.15000000002,0.018352587,0.001
4515,0.74867335000000002,0.18572083,0.04554018,551493.07999999996,0.018068355000000001,5
4516,0.67388389000000004,0.21003897999999999,0.01133644,509745.98999999999,0.011124182,2.2757170000000002
4517,0.47881750000000001,0.18633243999999999,0.00032487115000000001,437295.98999999999,0.014773858000000001,5
4518,0.40211686000000002,0.19162183999999999,0.0058264742,433022.21000000002,0.017860442000000001,4.0057872999999997
4519,0.70873576999999999,0.20839352999999999,0.0050800988000000002,447334.98999999999,0.016072507,4.5968993999999999
4520,0.83296037999999994,0.16947788,0.020215569999999999,477337.97999999998,0.01903082,3.9568069000000001
4521,0.39529260999999999,0.19974919999999999,0.00028194871,391099.87,0.014467033000000001,5
4522,0.69471068999999996,0.17247839000000001,0.022230653,539160,0.012722753999999999,4.1578561000000001
4523,0.71957026999999996,0.16060431999999999,1.0000000000000001e-05,393705.52000000002,0.015599083,5
4524,0.85472517999999997,0.15443865000000001,0.035091335000000001,576817.51000000001,0.012284088,0.001
4525,0.75011569,0.17289615999999999,0.0023938449999999999,431742.39000000001,0.019925614000000001,2.4069501
4526,1,0.17995116,1.0000000000000001e-05,400201.28000000003,0.018055608000000001,1.0214818000000001
4527,0.86265314999999998,0.17253662,1.0000000000000001e-05,379474.66999999998,0.019808282,2.1499733000000001
4528,1,0.15144452999999999,0.0042575648000000004,339704.70000000001,0.027450509000000001,0.001
4529,0.99761197999999995,0.19858152000000001,0.022455787000000001,474856.22999999998,0.022281611999999999,0.001
4530,0.43497546999999998,0.17767777000000001,1.0000000000000001e-05,428418.71999999997,0.018146088000000001,5
4531,1,0.16747012,0.0053618724999999999,410830.32000000001,0.013485373,0.001
4532,0.86328263000000005,0.20953163999999999,0.0030804082999999999,503798.53999999998,0.0079969345000000004,4.2755830000000001
4533,0.63698085000000004,0.17543797,1.0000000000000001e-05,429216.27000000002,0.016916376,5
4534,0.72409458000000004,0.18098380999999999,0.0094959173999999997,463799.03000000003,0.020385377,0.95862837999999995
4535,0.97640914000000001,0.18720498999999999,0.00055019276999999998,447427.28999999998,0.014678185999999999,5
4536,0.45187471000000001,0.16403561999999999,1.0000000000000001e-05,381767.42999999999,0.027103703,5
4537,0.81367413,0.18461643,0.019007019999999999,493635.25,0.017893842,2.6887764999999999
4538,0.80833787000000001,0.16453639,0.0042784377999999998,431399.53000000003,0.018986052,1.9365190999999999
4539,0.78942827000000004,0.17303684999999999,5.5980665999999998e-05,399197,0.013908109,2.7673179000000001
4540,0.95447114,0.16702542000000001,0.056862000000000003,594903.28000000003,0.011295599999999999,0.001
4541,0.62216305000000005,0.17453578,0.0099106119999999992,431949.70000000001,0.017426552000000001,5
4542,0.67786749999999996,0.16778039,0.0044972166000000003,433196.02000000002,0.019169605999999999,3.7191410999999999
4543,0.75772227000000003,0.17185918,0.011782259999999999,476066.54999999999,0.015234452000000001,2.1691467000000002
4544,0.81354411000000004,0.18047658999999999,1.0000000000000001e-05,419848.02000000002,0.015595990000000001,1.9475814
4545,0.55233273000000005,0.18335678,0.0048230282000000001,488757.92999999999,0.013900048999999999,4.0689149000000002
4546,0.76632451000000001,0.18407699999999999,0.018342963,471364.81,0.021122809999999999,3.5993268
4547,1,0.20686383,1.0000000000000001e-05,450834.57000000001,0.013972829000000001,2.9204721
4548,1,0.20529637000000001,0.010837941,439194.60999999999,0.013401112,0.001
4549,0.83337249999999996,0.15155936,0.034030461999999997,526375.59999999998,0.013604171999999999,0.55229030000000001
4550,1,0.17460418999999999,2.1085957999999999e-05,418062.56,0.018072522000000001,1.8048834
4551,1,0.18355531,0.0073931748999999996,491415.84999999998,0.017370805999999999,2.1747505
4552,1,0.18225010999999999,1.0000000000000001e-05,410511.37,0.018078582999999999,0.21559252000000001
4553,0.90039016000000005,0.2017795,0.0090911807999999993,404215.77000000002,0.020343883,1.8542406
4554,0.64328859999999999,0.18360877,0.023397189999999998,500549.17999999999,0.015566177,2.5932531999999999
4555,0.84930158,0.20016448000000001,0.010788569,462260.5,0.013415719,2.9178305999999998
4556,0.51039763000000005,0.15979131999999999,1.0000000000000001e-05,370034.56,0.023315618,4.9178287000000003
4557,0.88256179000000001,0.19931657999999999,0.0010348644000000001,406969.27000000002,0.014609623,2.6937506999999998
4558,1,0.18507742999999999,0.0037678427999999998,464270.25,0.016346458000000001,0.81490163000000004
4559,0.56831485000000004,0.15272225,0.017725404,534769.54000000004,0.021803907000000001,5
4560,1,0.18893489999999999,0.022398285,455805.53999999998,0.014136836,0.001
4561,0.76716092999999996,0.20071363,0.016666810000000001,515114.34000000003,0.017454498999999998,2.9587721
4562,1,0.15992707,0.0087083264000000007,433592.97999999998,0.024737833000000001,5
4563,0.60757581000000005,0.17440418999999999,0.020528563,470867.09000000003,0.019852794,5
4564,0.91059082999999996,0.15463883,0.015053033,486660.53999999998,0.015902445000000001,3.1728355000000001
4565,1,0.16325743000000001,0.047625399999999998,530327.32999999996,0.023746461,0.68311650999999995
4566,0.85261441000000004,0.19312789,0.0023031592,465042.34999999998,0.01492986,2.640476
4567,0.57487511999999996,0.18517132,0.033952529000000002,592225.92000000004,0.011265150999999999,5
4568,0.76643963999999998,0.19163563,0.024091949000000001,520792.78999999998,0.014464447,4.2132933000000001
4569,0.82046514999999998,0.200436,0.090899867999999995,781628.30000000005,0.01486054,1.0312439
4570,0.77063464999999998,0.17744470000000001,0.0053423942000000004,393537.16999999998,0.018844980000000001,4.7043828999999997
4571,1,0.14991468999999999,1.0000000000000001e-05,447005.96000000002,0.016531635999999999,0.91088946000000004
4572,0.41389752000000002,0.18001407,1.0000000000000001e-05,391229.79999999999,0.015334034,3.3636143999999999
4573,0.89281058999999996,0.18533980999999999,0.0095001164999999992,395210.21999999997,0.027053475,2.9815744
4574,0.81232103,0.16847084000000001,1.0000000000000001e-05,447181.45000000001,0.016352971000000001,1.8477283
4575,0.56416973999999998,0.18461326,0.0082376975000000002,400927.54999999999,0.018506009,4.0886089999999999
4576,0.71709743000000004,0.17245245000000001,0.010171886,447251.85999999999,0.020041643000000001,4.4024377000000001
4577,0.70805808999999997,0.18841009,0.13447898999999999,1000000,0.012379034000000001,4.0647393000000003
4578,0.55799706999999998,0.1722986,1.0000000000000001e-05,392591.79999999999,0.017608552,3.7415587000000001
4579,0.89577088000000005,0.15775740999999999,1.0000000000000001e-05,387933.21999999997,0.017470158999999999,0.96790080000000001
4580,0.64037221,0.18779504999999999,1.0000000000000001e-05,435286.57000000001,0.015522727,1.2259956000000001
4581,0.69018188999999996,0.18714492999999999,0.0066960281999999998,434532.97999999998,0.017916568000000001,4.0260528000000004
4582,0.85434312999999995,0.20924377999999999,0.0020709329,443184.58000000002,0.016919206999999999,1.6948274999999999
4583,0.97888149999999996,0.19455359999999999,1.0000000000000001e-05,470789.09000000003,0.011449581,1.1712670999999999
4584,0.85052991,0.17778704000000001,0.011732520999999999,466581.02000000002,0.018399602000000001,3.6917925999999999
4585,0.99077643000000004,0.19312381000000001,0.015440861,497323.15999999997,0.011712372,0.99102842999999996
4586,0.42938903,0.18702789,0.0061442839000000003,423323.51000000001,0.016849916,4.6249317000000003
4587,0.99742949000000003,0.19819418,0.0027309598000000001,446234.76000000001,0.018903346000000001,5
4588,1,0.19405416,1.0000000000000001e-05,467446.33000000002,0.014451268,1.5332197000000001
4589,0.66885676000000005,0.17980799,0.0033271640000000001,439428.34000000003,0.016728376,0.95974760000000003
4590,0.78504023999999994,0.18804104999999999,1.0000000000000001e-05,427084.45000000001,0.018282223,4.1786479999999999
4591,1,0.16899893999999999,0.0018376199000000001,422486.21000000002,0.020100857,0.54145175999999995
4592,0.53374034000000004,0.19430049999999999,0.0084001678999999999,465698.27000000002,0.015191626999999999,3.5889429000000002
4593,0.75502188999999997,0.17645457000000001,1.0000000000000001e-05,428589.53000000003,0.018868407,5
4594,1,0.16501757,0.068341755000000004,630196.5,0.023595602,0.077057757000000004
4595,0.82035285000000002,0.19400924,0.042293797000000001,614486.39000000001,0.012014106,4.9979059000000001
4596,0.68165947999999998,0.19219732,0.0091254922999999995,451946.59000000003,0.017017145000000001,2.9850473000000002
4597,0.98156451,0.173238,1.0000000000000001e-05,416714.83000000002,0.018810479000000001,0.001
4598,0.75375183999999995,0.19573568999999999,0.047233906999999999,579580.84999999998,0.01334231,2.9469428
4599,0.63813836000000002,0.19967807000000001,0.0040820274000000004,427026.60999999999,0.017278649,1.5551486999999999
4600,0.83860467999999999,0.13856621,3.5703291000000003e-05,420221.77000000002,0.020173171,3.7518820000000002
4601,0.62503507999999997,0.18987966000000001,0.0011549539000000001,438253.52000000002,0.016865028000000001,5
4602,0.92612991,0.19492608,0.011480301,507463.5,0.010702346999999999,2.1327446999999999
4603,0.79151558,0.20660432000000001,0.0040024140999999997,441808.46999999997,0.016150123999999998,4.0355517000000001
4604,1,0.17708925,1.0000000000000001e-05,455890.85999999999,0.015876195999999999,0.001
4605,0.66079721000000002,0.1784925,0.0096633059000000004,470016.94,0.012402946999999999,4.6161820000000002
4606,1,0.20720480999999999,0.065592280000000003,735239.33999999997,0.014148864000000001,0.41567186
4607,0.72315320000000005,0.19466922,0.015367926000000001,474286.78999999998,0.016812460000000001,3.8697596999999999
4608,0.64383469000000004,0.18652202000000001,0.00049792217000000001,414233.82000000001,0.019065987,4.6407641999999996
4609,1,0.19827597999999999,0.0083948267999999996,463897.07000000001,0.017418024000000001,0.45568830999999999
4610,1,0.17554929,0.014059215,443463.46000000002,0.018795024,0.001
4611,0.97639913,0.14436452,0.0024234511000000001,410683.64000000001,0.023811678999999999,0.18631563000000001
4612,1,0.15158074999999999,1.0000000000000001e-05,442775.04999999999,0.020694424999999999,3.1762001999999998
4613,0.66904991000000003,0.19715014,1.0000000000000001e-05,430524.69,0.015706062999999999,5
4614,0.74505982999999998,0.15633773000000001,0.025271022000000001,536416.56999999995,0.013846407999999999,2.7650462999999998
4615,0.79926571999999996,0.20861641,0.020648138999999999,501235.04999999999,0.015738515000000002,4.3026293000000004
4616,0.82467011000000001,0.19019481999999999,1.0000000000000001e-05,399120.59000000003,0.014985869000000001,3.8134158999999999
4617,0.54866230000000005,0.17392226,0.014277069,489681.14000000001,0.015317789,2.0149484000000002
4618,0.68764225000000001,0.17416978999999999,1.0000000000000001e-05,440281.34999999998,0.019434172,1.6370168
4619,1,0.14714053999999999,0.0061686218000000003,436616.40999999997,0.022063421999999999,0.001
4620,0.85820445999999995,0.18324488999999999,0.038414482,669160.33999999997,0.015902781000000001,2.1761067000000001
4621,1,0.19369011999999999,0.017782590000000001,482108.57000000001,0.013577886000000001,1.1862646999999999
4622,0.94153491,0.19220639,1.0000000000000001e-05,445093.90999999997,0.012526818,0.56982493000000001
4623,0.61828857999999998,0.18264822,0.0058242546000000003,440333.78999999998,0.013765446000000001,3.9270974000000001
4624,0.83016577000000003,0.16850971000000001,0.087280736999999997,732298.85999999999,0.015139135999999999,0.42666423999999997
4625,1,0.15943931,1.0000000000000001e-05,403217.23999999999,0.019526389000000002,0.96775665
4626,0.54544446999999996,0.17869958,1.0000000000000001e-05,414673.65000000002,0.014642641,3.7954604999999999
4627,0.54867290999999996,0.17686057999999999,0.015826321000000001,498115.54999999999,0.013825811,2.4784296000000001
4628,0.79047674000000001,0.20397209999999999,0.015137312,432513.29999999999,0.011785004,1.5897599
4629,0.94111316,0.1912063,0.02388589,440185.54999999999,0.017936153,0.0128206
4630,0.78148755999999997,0.18842247000000001,0.017272342,520268.98999999999,0.014309868,4.3444953000000002
4631,0.96844280000000005,0.18661897,0.019619978,504119.91999999998,0.012081296,0.0076588981000000004
4632,0.72000892000000005,0.19233853000000001,1.0000000000000001e-05,441209.41999999998,0.011688221,2.5646962000000002
4633,0.39239098,0.20776581,0.038731561999999997,616088.94999999995,0.013072866000000001,5
4634,1,0.17591364000000001,0.0068790164999999997,464723.76000000001,0.020469214999999999,0.001
4635,0.51381690999999996,0.18032772999999999,1.0000000000000001e-05,420487.46000000002,0.018526213999999999,4.3619174000000003
4636,0.99521283000000005,0.14402228,0.022725664,478754.57000000001,0.018483604000000001,0.001
4637,0.45143978000000001,0.15970022,0.025172859999999998,478235.78000000003,0.018815153000000001,3.9836469000000001
4638,0.92479113000000002,0.19289981,0.024737888,482942.40999999997,0.017106294000000001,2.6952392000000001
4639,0.74993472999999999,0.19883265999999999,1.0000000000000001e-05,398973.54999999999,0.017644525000000001,2.4140107
4640,0.45957343,0.19157683,0.0078278059000000001,443007.78999999998,0.017342239999999998,4.0792099000000004
4641,0.44270570999999997,0.18344780999999999,0.032726474999999998,487983.63,0.021285835999999999,4.5854774000000003
4642,0.89214395000000002,0.21426160999999999,0.024563115,513727.65000000002,0.016043216999999999,1.9409198999999999
4643,0.79386635000000005,0.18085580000000001,0.0092761188000000001,454113.84000000003,0.018501595999999999,3.7538157000000001
4644,0.58690189000000004,0.19829758,0.0034231782999999999,370859.20000000001,0.017524112000000001,4.2621396999999996
4645,0.51644276,0.18428610000000001,0.003254402,447887.89000000001,0.018449356,4.0692060999999997
4646,1,0.18761726000000001,0.018236955999999999,455514.45000000001,0.021095683,0.001
4647,0.98721502000000005,0.18237938000000001,1.0000000000000001e-05,412803.47999999998,0.015664045000000001,0.97285591999999999
4648,0.82741743999999995,0.18978474000000001,0.019364314000000001,520678.34000000003,0.015520531000000001,3.5938492000000002
4649,0.47136191999999999,0.16677252000000001,0.038481878999999997,554819.43999999994,0.025528736,5
4650,0.76877724999999997,0.17616776000000001,0.0024038079999999999,405756.78000000003,0.021756030999999999,0.50511583000000004
4651,0.89037138999999998,0.18102202000000001,0.039599079000000002,547214.96999999997,0.012269828999999999,0.001
4652,0.78823447999999996,0.17452094000000001,1.0000000000000001e-05,393497.53000000003,0.021002130000000001,0.14095942
4653,1,0.20700938999999999,0.033180187,533892.83999999997,0.018287950000000001,0.39342525
4654,0.66224205000000003,0.18221655,0.00023454715000000001,431759.33000000002,0.018346114,3.3421433
4655,1,0.16069965,0.060868936999999998,660327.76000000001,0.017292775,0.27138867
4656,0.88427845000000005,0.18913806,0.025278696,491424.53000000003,0.015432642999999999,3.1549757999999999
4657,0.55180233000000001,0.19888096999999999,0.014753339000000001,482761.90000000002,0.018814557999999999,4.6631555999999996
4658,0.74672970999999999,0.17390653,0.073813000000000004,728728.18000000005,0.014636995,3.1242041
4659,0.65017528999999996,0.17780831,0.0058559576000000004,441902.48999999999,0.020001168,1.9461697
4660,0.94188236000000003,0.20321046000000001,0.028919584000000002,543232.83999999997,0.013699909,4.5001315999999996
4661,0.90030664000000005,0.19878244,0.0080268748999999997,467534.58000000002,0.013860002999999999,0.73521069999999999
4662,0.98453860000000004,0.17849532000000001,1.0000000000000001e-05,392496.85999999999,0.017968000000000001,1.1984892
4663,0.77823251999999998,0.18336069999999999,0.0068906363999999996,490002.15000000002,0.015210326999999999,2.6186726
4664,0.56319832999999997,0.17104489,0.0060658570999999996,422241.14000000001,0.019809658000000001,2.2069119000000001
4665,0.62508196999999999,0.17385767999999999,0.020680492000000002,488839.22999999998,0.015107852999999999,2.5768176
4666,0.92074725999999996,0.17416402,0.034463572999999997,544159.19999999995,0.018680707000000001,5
4667,1,0.17698448999999999,0.013048552999999999,521204.01000000001,0.010008981,0.001
4668,1,0.14476491,0.017079153999999999,487322.71999999997,0.024776172999999999,0.001
4669,0.99275939000000002,0.18129379000000001,0.0072964010000000001,458935.14000000001,0.014325826,3.5697136999999999
4670,0.75171631000000005,0.15643533000000001,0.084282151,861794.73999999999,0.010881938000000001,3.6174179
4671,0.88362675999999996,0.18307404999999999,0.0033929779,473989.78000000003,0.014340800000000001,1.7680829
4672,0.42572907999999998,0.17281585999999999,0.0046194288999999999,415820.46000000002,0.020887607999999998,5
4673,0.87116201000000004,0.20155734,0.042946158999999998,500982.70000000001,0.012747097000000001,0.23866399999999999
4674,1,0.19101509,0.0079062205999999996,453496.54999999999,0.01050741,1.1732727999999999
4675,0.72455135999999998,0.17291790000000001,0.0054712627999999996,418581.19,0.016148408,1.98956
4676,0.70717229999999998,0.16496311999999999,0.049731388000000001,605015.35999999999,0.017436153999999999,3.6051470999999999
4677,0.59893732,0.18598624,1.0000000000000001e-05,401249.54999999999,0.017968337000000001,3.5179490000000002
4678,1,0.17857584000000001,1.0000000000000001e-05,399724.08000000002,0.0188779,0.001
4679,0.49014619999999998,0.21029901000000001,0.010481262999999999,480976.07000000001,0.011788921000000001,3.8111815
4680,0.39377034999999999,0.19348182,1.0000000000000001e-05,449342.85999999999,0.017708027000000001,5
4681,0.69407854000000002,0.16276692000000001,0.087222134000000007,834354.31999999995,0.017838893000000001,2.9646773999999998
4682,1,0.18815546999999999,1.0000000000000001e-05,439380.5,0.018157201000000001,0.001
4683,0.95011822000000001,0.21270175999999999,1.0000000000000001e-05,445260.60999999999,0.010175217,0.18977060000000001
4684,1,0.16020063000000001,0.0027477729999999998,441346.84999999998,0.015808007999999998,0.85832253000000003
4685,0.75274211000000002,0.18089546000000001,0.014806086,435448.98999999999,0.012060802000000001,2.3696139000000001
4686,0.99467945999999996,0.17235474000000001,0.00032634883,429793.06,0.022346238000000001,4.2630824
4687,1,0.18725632,0.0043097956000000002,415124.22999999998,0.018879160999999998,0.001
4688,0.42062440000000001,0.1856804,0.0013728919000000001,435461.5,0.01412888,5
4689,0.68565620999999999,0.17954353000000001,0.019139527,460623.03000000003,0.022819776,2.8875576999999999
4690,0.88566403000000005,0.16045226000000001,0.022717423,495828.73999999999,0.013135814000000001,4.5780871999999997
4691,0.80873527999999995,0.19395641,0.021056925000000001,487057.79999999999,0.014366121000000001,0.79925908999999995
4692,0.55807291000000003,0.19290226999999999,1.0000000000000001e-05,411114.62,0.018875497000000001,3.9860106000000002
4693,0.79768130999999998,0.18907470000000001,0.0029423959999999999,405736.58000000002,0.022850364000000001,5
4694,0.41330459000000003,0.16336239,1.0000000000000001e-05,444172.40999999997,0.014578074999999999,3.0424766000000001
4695,0.50011894000000001,0.16344249,0.037487369,506546.78000000003,0.021642992,3.0394402
4696,0.48209506000000002,0.19623222000000001,0.0041135529000000002,459085.12,0.015761186,4.4245770000000002
4697,0.74223262000000001,0.18093882,0.00047381388999999998,428215.12,0.021197207999999999,2.9655396999999999
4698,0.91885128000000005,0.15520822000000001,0.0028413742999999999,426143.15999999997,0.023939387999999999,1.5454969000000001
4699,0.78137067000000004,0.19136481999999999,0.0057839303999999998,412707.15999999997,0.017337899,3.499698
4700,0.94392863999999999,0.19244105,0.0010720177,428660.52000000002,0.017000992999999999,0.29854751000000002
4701,0.78375808000000002,0.19877395,0.013106428,491323.78999999998,0.01719878,4.1487274000000003
4702,0.39454963999999998,0.17822901999999999,0.0036648859,433031.25,0.012091187999999999,5
4703,0.77771623999999995,0.17123488000000001,0.0013507339000000001,411106.65999999997,0.024262966,5
4704,0.84820335999999996,0.16908138,0.037037245000000003,600084.20999999996,0.017837740000000001,3.6202301000000001
4705,0.67635272000000002,0.16355523,0.0041143595999999999,448405.53000000003,0.018684816999999999,3.4380546999999999
4706,0.38488650000000002,0.17338240999999999,0.021435859000000002,514200.16999999998,0.014053525000000001,5
4707,1,0.22007220999999999,0.014838909000000001,473983.72999999998,0.014711701000000001,1.5132363
4708,0.92261272999999999,0.18522863000000001,1.0000000000000001e-05,446746.96999999997,0.013157637999999999,0.63897824999999997
4709,0.89589125999999997,0.18394634000000001,1.0000000000000001e-05,408240.76000000001,0.017641146,1.8099943999999999
4710,0.75744445000000005,0.15798828000000001,0.0022948822999999999,483766.12,0.013175935999999999,3.2245883000000002
4711,0.76223143999999998,0.17697161,1.0000000000000001e-05,446884.01000000001,0.016216419999999999,1.0295303
4712,0.97746434999999998,0.17354802999999999,1.0000000000000001e-05,416171.89000000001,0.017762555999999999,0.001
4713,1,0.17030479000000001,0.00038313069999999999,452351.52000000002,0.017424430000000001,2.5977391000000001
4714,1,0.18046060999999999,0.0083531073000000008,410079.07000000001,0.016016908,0.001
4715,0.93705165999999995,0.19782838999999999,0.068379851000000005,745361.21999999997,0.013559142,1.3727773999999999
4716,0.85465069000000005,0.16454124000000001,1.0000000000000001e-05,420127.90999999997,0.016488497000000001,5
4717,0.95040250999999998,0.19608958000000001,0.01519761,467327.27000000002,0.0092491184000000008,1.7757128
4718,0.54760394999999995,0.15093487,0.023582873000000001,512740.03000000003,0.021188275999999999,2.4559991000000001
4719,0.37195696,0.20892764999999999,0.00025662933000000001,416661.78000000003,0.020965170000000002,5
4720,0.64206342999999999,0.19083133999999999,0.0085268379000000005,447843.59999999998,0.018692041,4.0466718000000004
4721,0.45791537999999998,0.17206163999999999,0.011150874999999999,430052.28000000003,0.021993596000000001,3.0763696999999999
4722,0.61086565000000004,0.19218985,1.0000000000000001e-05,466642.21000000002,0.010669165,3.5639916
4723,0.72348676000000001,0.17163042000000001,0.017831525000000001,448704.97999999998,0.015665757999999998,0.69054040000000005
4724,1,0.18891762000000001,1.0000000000000001e-05,426921.84999999998,0.016567749,0.001
4725,1,0.16987598000000001,0.01617006,472098,0.022103955000000002,0.001
4726,0.97811599999999999,0.14920474,1.0000000000000001e-05,485368.09000000003,0.012930318999999999,2.5068145999999998
4727,0.70059110999999996,0.20825141999999999,0.00014059415000000001,447209.83000000002,0.011226425,2.2776439000000002
4728,1,0.20866315999999999,0.036915892999999998,542492.21999999997,0.012957201999999999,0.001
4729,0.87288624000000004,0.17181381000000001,0.016966430000000001,470058.40000000002,0.020478194000000002,5
4730,0.95484577999999998,0.14860645,1.0000000000000001e-05,399090.70000000001,0.020359271000000002,4.6907573999999999
4731,0.82075825999999996,0.18611948,0.0013255471999999999,425552.15999999997,0.018497783,2.8934411
4732,0.95314061000000005,0.15182242000000001,0.0056458347000000004,455787,0.014847552999999999,2.2667329999999999
4733,0.78860129000000001,0.19311808999999999,0.0041123174,478910.52000000002,0.016124217,3.9734501
4734,0.93978090000000003,0.17396143,0.012488305,497414.63,0.019807472999999999,0.89394185000000004
4735,0.66822672000000005,0.14934501,0.021501966000000001,487249.46000000002,0.019624079999999999,3.0342847000000002
4736,0.43062387000000002,0.1900905,1.0000000000000001e-05,373209.75,0.019457578999999999,5
4737,1,0.19119401999999999,0.056094916000000002,611446.55000000005,0.014322995999999999,2.652793
4738,1,0.19891205000000001,1.0000000000000001e-05,429172.67999999999,0.015281309,2.6918308999999998
4739,0.54929004000000003,0.22358523999999999,0.0049020994999999998,490699.44,0.010720316000000001,4.9249058000000003
4740,0.98958259999999998,0.16716548000000001,0.0047227498000000003,435266.82000000001,0.018456714999999999,0.001
4741,0.70489440000000003,0.20276346000000001,0.015985287000000001,401396.46000000002,0.023725572,4.9798988
4742,0.80199575999999995,0.19172554999999999,1.0000000000000001e-05,416128.03999999998,0.017326431999999999,0.95758237999999996
4743,1,0.1955576,1.0000000000000001e-05,419458.34000000003,0.010605216000000001,0.001
4744,0.84582986000000004,0.20859069999999999,0.020111249000000001,538287.58999999997,0.013015626000000001,2.7970128000000001
4745,1,0.19327902999999999,0.014981884000000001,496156.90999999997,0.016994937000000002,1.3111234
4746,0.42838159999999997,0.19654537999999999,0.046585854000000003,564946.10999999999,0.015106848000000001,5
4747,0.99782857999999997,0.20543701,0.0086932087999999994,411280.23999999999,0.021898540000000001,0.026993830999999999
4748,1,0.17720343999999999,1.0000000000000001e-05,427712.79999999999,0.018507563000000001,0.001
4749,0.59642090999999997,0.18947216,0.052999405999999999,633917.95999999996,0.013219503000000001,3.9507229000000001
4750,0.79000925,0.20326295,1.0000000000000001e-05,364184.53000000003,0.020583127999999999,2.2125735
4751,1,0.19614005000000001,0.0037553880000000001,378305.01000000001,0.020934576999999999,0.001
4752,0.86294194000000002,0.17337370999999999,0.0058575889999999999,421899.32000000001,0.01928096,4.2056281999999996
4753,0.87537560999999997,0.19393787000000001,0.0076799034000000002,480103.82000000001,0.011087026,1.2426740999999999
4754,1,0.16157010999999999,0.011215304000000001,441076.28999999998,0.020058333000000001,0.001
4755,0.74421841,0.18282145,0.0061111532999999999,466482.53999999998,0.014880716,3.1710072
4756,0.87289152999999997,0.14797751000000001,0.01007857,395885.21000000002,0.031012748999999999,2.4256742
4757,0.78916982999999996,0.20625621,0.12662519,964373.96999999997,0.012547549999999999,3.0937161
4758,0.84673949999999998,0.16543917,0.015274767999999999,453977.26000000001,0.018748310000000001,4.1102699999999999
4759,0.67603177000000003,0.20336103999999999,0.012882833,441755.40999999997,0.019039005000000001,2.8348917
4760,0.68355277000000003,0.16090125999999999,0.0072282926999999997,462166.77000000002,0.015933405000000001,1.8811415
4761,0.46580749999999999,0.19230938,0.0029924147999999999,429940.39000000001,0.018371307999999999,4.8302997000000003
4762,0.68606982000000005,0.15036863,0.028027537000000002,516748,0.016110889999999999,2.8629053999999998
4763,0.58580575999999995,0.14518102999999999,0.0015905648000000001,472691.10999999999,0.017046895999999999,2.8965166999999998
4764,0.95816559999999995,0.19382664999999999,0.096645434000000002,862526.10999999999,0.017128593000000001,4.2824961999999998
4765,0.95013656999999996,0.19025283000000001,0.01463095,474091.94,0.016586126,0.96824922999999996
4766,0.44063457,0.19597199000000001,0.001825805,421489.47999999998,0.017894061999999999,5
4767,1,0.17838325999999999,0.026880563999999999,503591.13,0.016561800000000002,1.3366414
4768,0.63571180000000005,0.17671255999999999,0.10912267,828118.88,0.012278836,3.6863964999999999
4769,0.47963983999999998,0.18056388000000001,0.016438265000000001,500239.53000000003,0.013499941,4.6753365000000002
4770,0.74066052000000004,0.17533106000000001,0.0028642356999999999,406179.91999999998,0.018801515000000001,1.6826056
4771,0.89352421000000004,0.19983888999999999,0.080610223999999994,857292.02000000002,0.018336851000000001,5
4772,0.44146961000000001,0.16879920000000001,0.0025743379000000002,425509.20000000001,0.020629297000000001,4.2817105
4773,0.96600348999999996,0.19788186999999999,1.0000000000000001e-05,421285.16999999998,0.015064114,4.9930564999999998
4774,0.58834702000000005,0.20803664999999999,1.0000000000000001e-05,404571.63,0.019479284999999999,5
4775,0.91259738999999995,0.17001163,0.0027525795,428411.90999999997,0.020360178,2.6035520999999999
4776,0.44665021999999999,0.16853761,0.021166424,459580.27000000002,0.019854757000000001,4.6976224999999996
4777,0.79459729000000001,0.19367944000000001,1.0000000000000001e-05,425002.92999999999,0.016909813999999999,1.8342902999999999
4778,0.87453404999999995,0.19181016000000001,0.015461378,471753.84000000003,0.020776948,1.9782336
4779,0.78826315999999996,0.20839274999999999,0.0049239523000000002,442211.13,0.014089269,0.91293656000000001
4780,0.90383939000000002,0.19634847999999999,0.031640748000000003,517175.20000000001,0.01549419,0.001
4781,0.89080614999999996,0.18230336,1.0000000000000001e-05,425485.70000000001,0.015962213999999999,4.2022244999999998
4782,0.49634711999999998,0.18905459999999999,0.0022154684000000001,424378.94,0.017768480999999999,4.9858875999999999
4783,0.79032723000000005,0.17060869000000001,0.061714260999999999,657211.06999999995,0.011345941,0.001
4784,1,0.15005122000000001,0.048544245999999999,575672.51000000001,0.02693098,0.001
4785,0.93766801,0.18115123,0.040059813,473436.16999999998,0.017390264999999999,0.001
4786,0.80230824000000001,0.17417189999999999,1.0000000000000001e-05,391735.82000000001,0.028755068000000002,4.5833570999999997
4787,0.72994627999999995,0.18611573000000001,0.013283945,467749.02000000002,0.016187101999999998,3.0680801
4788,0.70680485000000004,0.17646217,0.0037039954,417513.96999999997,0.0182159,1.9209088999999999
4789,1,0.17047054,0.0097652512999999996,421132.28000000003,0.022124547000000001,0.001
4790,0.73494612000000004,0.16670668999999999,0.030355908000000001,528791.30000000005,0.014684581,2.7139962999999998
4791,0.64333134999999997,0.17295601999999999,0.034286298,534677.01000000001,0.01706709,1.9850232000000001
4792,0.94026153000000001,0.15696268999999999,0.040041448,546176.98999999999,0.021645799,0.46808400999999999
4793,0.90291966000000001,0.18561501,1.0000000000000001e-05,399443.84999999998,0.016896976000000001,2.8188707000000002
4794,0.71862521000000001,0.20835525999999999,0.040652028999999999,589820.91000000003,0.01260551,4.3892707
4795,0.57023458000000005,0.19783410000000001,0.0083081313000000004,449235.01000000001,0.016350577000000002,2.9544353999999999
4796,0.65674480000000002,0.17856722999999999,0.011318936999999999,456667.21999999997,0.017151909,3.3641975999999998
4797,0.97707250999999995,0.17035015000000001,1.0000000000000001e-05,434225.28999999998,0.015351609,0.1064025
4798,0.86743267999999996,0.19048718000000001,0.039568586000000003,573518.18999999994,0.014821057,4.1114876000000002
4799,1,0.17444224999999999,0.13561006,1000000,0.014875977,0.001
4800,0.77727597000000004,0.20995035000000001,0.0088502790000000008,417188.98999999999,0.016546115,3.8361662999999999
4801,1,0.16249584,0.014196484000000001,454476.28000000003,0.013468855,1.4588251999999999
4802,0.82414233999999997,0.19193505999999999,0.0070622115999999999,437947.52000000002,0.014131252,0.33737064999999999
4803,0.84162767999999999,0.16557732999999999,0.0023912886999999999,403005.83000000002,0.020210166000000002,2.1060705
4804,0.56131772000000002,0.17188365999999999,0.0097881413000000007,426603.53999999998,0.016969975000000002,3.9866823
4805,1,0.16750866,0.015690847000000001,441475.60999999999,0.015362591,0.001
4806,1,0.1738796,1.0000000000000001e-05,457875.21000000002,0.013333414,2.0807718999999998
4807,0.95631781999999999,0.18068115000000001,0.026315959,539661.22999999998,0.016439199000000002,4.1073539999999999
4808,0.45329437,0.16787204,1.0000000000000001e-05,416527.09000000003,0.012935271,3.5004976999999999
4809,0.96260604999999999,0.18679295000000001,0.0051049518000000002,408568.89000000001,0.017968517999999999,4.0472922000000002
4810,0.64267962000000001,0.17505008999999999,0.002441805,470014.59000000003,0.015509264,2.5472980999999999
4811,1,0.16963080999999999,0.022879150000000001,493973.91999999998,0.019301022000000001,0.001
4812,0.42764161000000001,0.19458666999999999,0.018325639000000001,490963.64000000001,0.015680769000000001,5
4813,0.46980380999999999,0.15510284999999999,0.010630850000000001,484785.62,0.013433616000000001,4.8303623
4814,0.43428399000000001,0.20065948,0.020522365000000001,457058.84000000003,0.018067360000000001,3.7609488
4815,0.75571670999999996,0.19228824,0.0012688495,457452,0.012534633,2.4894989000000001
4816,1,0.18292543,0.0052833899000000002,473286.58000000002,0.017712848,1.8413913
4817,1,0.1864769,1.0000000000000001e-05,431040.22999999998,0.014892508,0.83349222000000001
4818,0.84024737999999999,0.18180102000000001,0.0051376625999999996,463625.31,0.014199814,3.6119381000000002
4819,0.73736798000000003,0.18615191,0.016968853999999998,451535.29999999999,0.019938548,2.413996
4820,0.96990982999999997,0.16954034000000001,0.058280020000000002,670711.18999999994,0.013329295999999999,4.4697275999999997
4821,1,0.19262673,0.0048229405000000001,449255.90999999997,0.015025103999999999,1.1721922
4822,0.72078127999999997,0.17428511999999999,0.023909380000000001,508156.14000000001,0.017281161,5
4823,0.85148133000000004,0.1724706,0.010239978,378580.56,0.015846348999999999,0.013855510999999999
4824,0.90895115999999998,0.18274087999999999,0.016349053999999998,501327.22999999998,0.015608973999999999,2.3742497
4825,0.62264887000000002,0.18207919,0.00055469785999999997,438616.5,0.020710189,3.2554718999999999
4826,0.76761502000000004,0.20175132000000001,1.0000000000000001e-05,420269.88,0.014454382,3.2592865999999998
4827,0.77431324000000001,0.19044124000000001,0.016775768,472368.19,0.016274245999999999,2.2925534000000001
4828,0.40932642000000002,0.17798913999999999,0.038629007,507031.21000000002,0.019137950000000001,4.6732972999999998
4829,0.64739444999999995,0.19190979999999999,0.013856538999999999,521122.53000000003,0.013972223000000001,4.2982239
4830,0.81915079000000002,0.21261110999999999,0.018319933,472975.33000000002,0.015726549999999999,5
4831,1,0.15567463000000001,0.057636630000000001,562906.18000000005,0.019531232999999999,0.001
4832,0.47976924999999998,0.16685895000000001,0.040973159000000002,519046.35999999999,0.012500625,1.9522790999999999
4833,0.96141745999999995,0.18258210999999999,0.0056169286000000004,437050.35999999999,0.020740558999999999,3.3894978999999998
4834,0.56363903000000004,0.19186708999999999,1.0000000000000001e-05,442130.32000000001,0.015164784000000001,4.9420846999999997
4835,0.78162213999999997,0.18080568999999999,0.0044275955000000001,487056.20000000001,0.016746624000000002,2.0461638999999998
4836,0.80316604000000003,0.22601044000000001,0.025739557,501243.23999999999,0.014652777000000001,2.5555406999999999
4837,1,0.19175555,0.10228205,826634.17000000004,0.011611649,0.30399083999999998
4838,0.97509458000000004,0.1676415,1.0000000000000001e-05,409637.47999999998,0.021611226000000001,3.2661107
4839,0.58399924999999997,0.18754829000000001,0.0088975537999999993,472329.21000000002,0.019964837999999999,5
4840,0.66512539999999998,0.17246015000000001,0.024619733000000001,480157.77000000002,0.016083112,3.4168913999999999
4841,0.93199584999999996,0.19983968999999999,0.0060412909999999998,464421.12,0.010414720000000001,0.37056049000000002
4842,0.76960543000000003,0.16255049999999999,0.051019073999999998,612237.66000000003,0.014904384,2.3686931000000002
4843,0.38217572,0.16114566,1.0000000000000001e-05,460176.34999999998,0.017412271,5
4844,0.77588520999999999,0.15798300000000001,0.049732140000000001,621794.32999999996,0.018166221999999999,0.40339913999999999
4845,1,0.18312021000000001,0.0020061526,425052.71000000002,0.017604920999999999,0.001
4846,1,0.20903321,1.0000000000000001e-05,402219.01000000001,0.015314527,2.3699618999999998
4847,0.88973095999999996,0.18151907,0.025356357,543588.63,0.017737435999999999,4.0296139000000002
4848,1,0.18689388000000001,1.0000000000000001e-05,412034.84999999998,0.017058318999999999,1.7570878000000001
4849,1,0.18060387,1.0000000000000001e-05,405743.91999999998,0.015868192,0.001
4850,0.77038865000000001,0.17627704999999999,0.060554287999999998,701180.56999999995,0.019666909999999999,3.7470048999999999
4851,0.90849429999999998,0.20830776000000001,1.0000000000000001e-05,407234.29999999999,0.013876296999999999,3.5794803000000002
4852,1,0.17183765000000001,0.045777884999999997,548220.06000000006,0.021056318000000001,0.50437829999999995
4853,0.80674619000000003,0.21548204000000001,0.013184243,485919.97999999998,0.016152274000000001,3.9578730000000002
4854,0.78642811999999995,0.16625914,0.020650333999999999,466824.5,0.022158980000000002,4.8444035000000003
4855,0.78691467000000004,0.16026124999999999,0.048552322000000002,521676.07000000001,0.019086867,1.5724552999999999
4856,0.97116303000000004,0.18430704000000001,0.0022307768000000001,433757.35999999999,0.016145936999999999,4.0356582000000003
4857,1,0.17518143,1.0000000000000001e-05,423868.02000000002,0.022610616,0.001
4858,0.98601729999999999,0.19047857000000001,0.015584255999999999,507427.76000000001,0.013696523,1.1332926000000001
4859,0.35321330000000001,0.18325473,0.024981156000000001,476744.53999999998,0.016044889,5
4860,0.74552889,0.19690452999999999,0.033659697000000002,420508.62,0.020822052000000001,3.4470942999999998
4861,0.47597636999999998,0.18266555000000001,0.0079383966999999993,459155,0.015666092999999999,5
4862,0.68525811999999997,0.18061972000000001,0.017090681999999999,526724.46999999997,0.014352788999999999,4.2738224000000002
4863,0.64486294,0.16441462000000001,1.0000000000000001e-05,451052.66999999998,0.012785325,3.5958123999999998
4864,1,0.17844457999999999,0.0056250288999999997,433983.04999999999,0.013701222000000001,0.001
4865,1,0.19944377999999999,0.0017419207999999999,421431.31,0.015923675000000002,0.79272836999999996
4866,0.68882661999999995,0.20023009,0.002796153,428249.14000000001,0.017065397999999999,5
4867,0.79609940999999995,0.19303595000000001,0.044485867999999998,615289.26000000001,0.019274281000000001,2.5980154999999998
4868,0.50862395000000005,0.17816224999999999,0.046278202999999997,557102.88,0.017088084999999999,3.5767285000000002
4869,0.64215396999999996,0.15781712000000001,0.016819713,434948.46999999997,0.020317165000000002,4.9120680999999999
4870,0.87097773999999994,0.17465293000000001,1.0000000000000001e-05,385268,0.018749528000000001,2.0369405999999999
4871,0.74435631999999996,0.19006213,1.0000000000000001e-05,463635.47999999998,0.012917990000000001,1.4921667999999999
4872,0.64662257999999995,0.18473431000000001,1.0000000000000001e-05,409207.58000000002,0.013765641,4.7212873999999996
4873,0.69594929999999999,0.16611882,0.00073990342000000004,409795.37,0.014620546,3.5041375000000001
4874,0.99896627000000005,0.17977614,1.0000000000000001e-05,451868.12,0.014957965,0.49330287
4875,1,0.20079556000000001,1.0000000000000001e-05,412762.71999999997,0.017444496,1.1717046
4876,0.78598791999999995,0.16932815000000001,1.0000000000000001e-05,382563.67999999999,0.019939875999999999,0.47953100999999998
4877,0.88183696,0.17040793000000001,0.031725529000000002,547558.22999999998,0.016099740000000001,1.4262615999999999
4878,0.78192271999999996,0.20922097000000001,1.0000000000000001e-05,462295.82000000001,0.012515778,2.1831977999999999
4879,0.53377269000000005,0.18610544000000001,0.0061330899999999999,440009.84999999998,0.016708292,4.0555988000000003
4880,0.70984725000000004,0.17353442999999999,0.023137647000000001,419489.34999999998,0.017142828999999998,5
4881,0.84314626000000004,0.18478713999999999,0.0055946314999999998,487651.03000000003,0.012863461,4.4783948000000002
4882,0.42805843999999998,0.16214856,0.0095529732999999999,471286.21000000002,0.016531857,5
4883,0.77651996000000001,0.15808116999999999,0.0040482714000000001,427223.51000000001,0.022004274000000001,4.3346666000000003
4884,0.67415305999999997,0.19218136,0.0022216591,432784.88,0.018145041000000001,4.2947325000000003
4885,0.79908729999999994,0.14577955000000001,0.011168658,428377.69,0.023083013999999999,4.8944957000000002
4886,0.65339634000000002,0.19706981000000001,0.024798542999999999,511049.28000000003,0.015942647000000001,3.1779999999999999
4887,0.85394115000000004,0.14736727999999999,1.0000000000000001e-05,421459.77000000002,0.021688671,3.0306758999999999
4888,0.89754208000000002,0.17754531000000001,0.048459835999999999,616130.27000000002,0.013381146,0.001
4889,1,0.1423864,1.0000000000000001e-05,438114.16999999998,0.018463891999999999,0.001
4890,1,0.15529003,1.0000000000000001e-05,426463.28999999998,0.015949373999999999,0.001
4891,0.54854248999999999,0.16950819,0.018231152,448118.96000000002,0.018631064999999999,2.5958728
4892,0.54993813999999996,0.18208915000000001,0.0013998213,393491.81,0.014981110000000001,3.7272204000000002
4893,0.90858782999999999,0.19740546,1.0000000000000001e-05,430757.66999999998,0.015612045999999999,2.4909875000000001
4894,1,0.18083737,0.00012666880999999999,463680.48999999999,0.015099524,2.6955013999999999
4895,0.97307849000000002,0.16350930999999999,0.010374557,473994.66999999998,0.019142143,2.4126656
4896,0.51949027999999997,0.17103747,1.0000000000000001e-05,462413.98999999999,0.014267172999999999,5
4897,1,0.18108574999999999,0.0046018678000000002,416565.81,0.018710636999999999,0.051269360999999999
4898,0.98818254000000005,0.18898404999999999,0.0095684994999999991,427904.19,0.021021198000000001,3.8653409000000001
4899,0.59585926,0.18039967000000001,0.016263983999999999,501938.70000000001,0.014199424,4.6359358999999998
4900,0.96355672999999997,0.17827404999999999,0.040116288,582235.89000000001,0.015099833,1.0843586000000001
4901,1,0.18567750999999999,0.0030972387999999998,422078.13,0.015100707,0.56560922999999996
4902,0.65785877000000004,0.18510312000000001,0.023457114000000001,479217.19,0.017586668,1.7849235000000001
4903,0.93567096999999999,0.19250647000000001,0.020071383000000002,474320.72999999998,0.018676886,0.39163555999999999
4904,0.57448323000000001,0.19768034000000001,0.018537570999999999,494710.84999999998,0.015378253,2.8185087000000002
4905,0.90789882,0.19634708000000001,0.019325821999999999,529250.09999999998,0.011821434,0.71402396000000001
4906,0.81820835999999997,0.19476987000000001,1.0000000000000001e-05,418521.42999999999,0.021848929,1.0894332
4907,0.70071000000000006,0.20581870999999999,0.018760957000000002,523549.20000000001,0.013796301,5
4908,0.98354189999999997,0.20088337000000001,0.029216916999999998,514753.14000000001,0.015804228999999999,0.36674743999999998
4909,0.64753316999999999,0.17851341000000001,0.020995634999999999,476542.21000000002,0.020332517000000001,2.2058342999999998
4910,0.78779043000000004,0.20241492,0.0015038387,440853.81,0.018620621,2.8112572
4911,0.89629232999999997,0.21261679999999999,0.027455190000000001,454499.21999999997,0.017349198999999999,1.0421018
4912,1,0.18818140999999999,0.00050910080000000002,510679.92999999999,0.013104747999999999,1.0278955999999999
4913,0.85364236000000004,0.16345046999999999,0.013458090000000001,448564.12,0.020727764999999999,0.061023696000000002
4914,1,0.17423917,0.019692248999999998,460243.19,0.025211267999999998,0.001
4915,0.96847311999999997,0.17802034999999999,0.014258409999999999,454532.60999999999,0.022062438,2.6027414000000002
4916,1,0.19042016,8.9675943999999993e-05,373748.72999999998,0.018423504,4.7074370999999999
4917,1,0.19055791999999999,0.017465723999999998,468290.03999999998,0.015597587,3.9341560000000002
4918,0.77417866000000002,0.18893518000000001,1.0000000000000001e-05,396771.34999999998,0.017899895999999998,5
4919,1,0.21143498999999999,0.018718429000000002,513827.03999999998,0.011486794,3.2118761999999998
4920,0.90936676999999999,0.18866052,0.014521967,470510.21999999997,0.01284566,0.001
4921,0.77987527999999995,0.18772846000000001,0.015728875999999999,493641.21000000002,0.013302417,2.8754575999999998
4922,1,0.18347553999999999,0.0082013894,501100.47999999998,0.013503522,1.516321
4923,1,0.21439016,1.0000000000000001e-05,386704.92999999999,0.017312357,1.7513685999999999
4924,0.88870172000000003,0.19791592999999999,1.0000000000000001e-05,419783.65999999997,0.012658519,3.3472501000000001
4925,0.82497218999999999,0.18431586999999999,1.0000000000000001e-05,411649.58000000002,0.015065413999999999,2.7687172000000002
4926,0.54638472000000005,0.20016519999999999,0.019354250999999999,485978.65999999997,0.016468011000000001,3.7655408000000001
4927,1,0.16393062,1.0000000000000001e-05,411509.40000000002,0.018509957,1.805671
4928,0.99943150000000003,0.17998312,6.1773453999999995e-05,412239.65000000002,0.022197860999999999,0.001
4929,0.80948531000000001,0.18318322000000001,1.0000000000000001e-05,401518.62,0.015388264,1.2590598
4930,0.57551315000000003,0.1819528,0.00088389230000000005,395973.21999999997,0.018997076000000002,4.7019634000000003
4931,1,0.16586777,0.0068022463000000002,448754.47999999998,0.018296532000000001,1.6018832999999999
4932,1,0.17697798000000001,0.022255558000000002,448016.15000000002,0.018452591000000001,2.909481
4933,0.56167685999999994,0.18212766999999999,0.0013778976999999999,455356.78999999998,0.015050798000000001,3.6397800999999999
4934,1,0.17730038000000001,0.051039543999999999,631087.01000000001,0.014799434,0.001
4935,0.57897746000000005,0.18377473,1.0000000000000001e-05,381015.46999999997,0.014312933999999999,4.6910705999999998
4936,0.97831931000000005,0.20495457,0.0083335648999999998,475513.09000000003,0.013092097,0.54421067000000001
4937,0.32245649999999998,0.1518629,0.0018710513,416777.89000000001,0.018316740000000001,4.4361414999999997
4938,0.71745391000000003,0.15759677,0.01083604,450301,0.014224633,5
4939,0.92728171000000004,0.16682445000000001,0.055242924999999998,589445.22999999998,0.020700237999999999,0.001
4940,0.65880046000000003,0.16395202,0.0010238891000000001,440481.25,0.016439588000000002,1.7655235
4941,0.70044649999999997,0.16693806,0.03366661,508667.79999999999,0.022961378000000001,1.1754218999999999
4942,0.77527679000000005,0.19847529,1.0000000000000001e-05,445199.40000000002,0.017655474000000001,1.9730624000000001
4943,0.85885679000000004,0.16440811,1.0000000000000001e-05,438883.37,0.016357377999999999,2.0430917000000002
4944,1,0.16304753,1.0000000000000001e-05,387696.15999999997,0.017772448999999999,0.001
4945,0.53701202000000003,0.18042728999999999,0.0015170260000000001,422351.35999999999,0.014170383999999999,5
4946,0.55580213000000001,0.15520663000000001,0.062396614000000003,753360.06999999995,0.021052547000000001,5
4947,0.83261580999999996,0.17972059000000001,1.0000000000000001e-05,414349.23999999999,0.011266494,3.5722482000000002
4948,1,0.20129391999999999,0.028236535,525532.30000000005,0.017765573,5
4949,0.43336440999999998,0.18413972000000001,0.00015096336,420226.51000000001,0.020044599999999999,5
4950,0.86276154999999999,0.20325298999999999,0.028437314000000002,458158.65999999997,0.024499309,3.2936027999999999
4951,0.86503688000000001,0.19625016000000001,0.0097978195000000008,460699.66999999998,0.016379656999999999,5
4952,0.77729512000000001,0.18208938,1.0000000000000001e-05,448360.56,0.013308103,4.8164505000000002
4953,0.36713772,0.18737375000000001,0.023904934999999999,476476.96999999997,0.015120308000000001,5
4954,1,0.19093125,0.0086270889999999992,465648.5,0.015958818999999999,0.001
4955,0.53811096999999997,0.20728671000000001,0.0030336889,400908.38,0.016997286,5
4956,1,0.17943561999999999,1.0000000000000001e-05,422849.12,0.019848721999999999,4.9909110999999999
4957,1,0.19192577,1.0000000000000001e-05,411648.20000000001,0.01577715,2.4435432000000001
4958,0.81929847,0.16721868000000001,0.0074034382999999997,376120.13,0.023252526999999999,1.9655769000000001
4959,0.98102944999999997,0.16090757,1.0000000000000001e-05,400564.63,0.023367204999999999,0.001
4960,0.75227109999999997,0.17753419000000001,0.01335165,414282.42999999999,0.018906177999999999,3.5005234000000001
4961,0.55491818999999998,0.21511720000000001,2.1446586000000001e-05,438612.03000000003,0.0098909034999999992,4.9590997999999997
4962,1,0.22327156000000001,1.0000000000000001e-05,402378.46000000002,0.013510369,3.6390690000000001
4963,0.82093625000000003,0.18332391000000001,0.053946694000000003,590306.53000000003,0.0079120353999999997,4.3800878000000001
4964,0.63601224000000001,0.16126909,1.0000000000000001e-05,418407.95000000001,0.020183204999999999,5
4965,0.68926043000000004,0.17564799,1.0000000000000001e-05,450910.47999999998,0.011781131,2.3110415999999998
4966,0.91582545999999998,0.20415498000000001,0.0011709638,411009.15000000002,0.019792214999999998,0.77359712999999997
4967,1,0.18228552000000001,0.0071009430000000002,422710.21000000002,0.019762919,3.3016847999999999
4968,0.92625418000000004,0.19669763000000001,0.00044613608999999999,429010.59999999998,0.010268015,2.303607
4969,0.9037191,0.16879373,0.00068726870999999998,418835.42999999999,0.021681141000000001,3.8747926000000001
4970,0.58233557999999996,0.20328682000000001,1.0000000000000001e-05,420143.17999999999,0.019900866,2.7518546000000002
4971,0.5917076,0.19760942000000001,1.0000000000000001e-05,395240.08000000002,0.016146876000000001,5
4972,0.84257778000000005,0.22046885999999999,0.025134564000000002,459577,0.019057833,1.1263860000000001
4973,0.73402073999999995,0.19720813000000001,0.014651318999999999,437582.96000000002,0.019869069,2.3486284999999998
4974,0.61529897,0.16722875000000001,0.090328740000000005,826551.70999999996,0.018424448999999999,3.2367203999999998
4975,1,0.18141082,0.019832079999999998,470903.08000000002,0.018561056999999999,0.001
4976,0.96490580000000004,0.18832119,0.00045538206999999999,494604.73999999999,0.014086077000000001,3.4768330000000001
4977,1,0.15679135999999999,0.01205085,448566.19,0.020925467999999999,1.9833982999999999
4978,0.76451826000000001,0.21948635,0.010347777000000001,455866.88,0.015774547999999999,4.0691091999999998
4979,0.95266731000000004,0.18785963999999999,1.0000000000000001e-05,384902.25,0.019241880999999999,0.001
4980,0.77867668999999995,0.18856533,1.0000000000000001e-05,429198.84000000003,0.012336771,3.8121171
4981,0.98228380000000004,0.19722624999999999,1.0000000000000001e-05,414096.84999999998,0.012641370000000001,0.001
4982,0.59585926,0.18039967000000001,0.016263983999999999,501938.70000000001,0.014199424,4.6359358999999998
4983,1,0.15334897,0.012881531999999999,453159.16999999998,0.021473712999999998,0.64955130999999999
4984,0.98797274999999996,0.17823442,1.0000000000000001e-05,404224.94,0.015399763,2.1958142
4985,0.76739482000000003,0.19905687999999999,0.0027285718999999998,411877.84999999998,0.020494012999999998,2.697756
4986,1,0.18094321999999999,0.046613110999999999,599603.10999999999,0.020926465000000002,1.1862954999999999
4987,0.99019462999999996,0.17550848999999999,0.019932932,493305.60999999999,0.015593325,2.7130166
4988,0.88597935000000005,0.1481152,0.019604706,495924.96000000002,0.021516743000000001,1.0664929999999999
4989,0.76273402999999995,0.21422210999999999,1.0000000000000001e-05,455333.84999999998,0.016488709000000001,2.9214036000000001
4990,0.51822789000000002,0.16853299999999999,1.0000000000000001e-05,368397.53000000003,0.023981382999999998,3.5915515
4991,0.90401063000000004,0.17909739999999999,0.019837238,501087.15000000002,0.015706305,0.65119077000000003
4992,1,0.18826672999999999,0.031065112999999998,494701.10999999999,0.012410282,1.2574263999999999
4993,0.32891194000000001,0.17862578000000001,0.028041269000000001,477018.22999999998,0.018476139999999999,5
4994,0.39082974999999998,0.16493882000000001,0.0021023262999999999,390727.28999999998,0.025307039,5
4995,0.48165293999999997,0.18236487000000001,0.00067976766000000003,449302.46000000002,0.013864501,4.3765298000000001
4996,1,0.15283803000000001,0.011153339,465921.34999999998,0.020982041999999999,1.4920055999999999
4997,0.93024331999999998,0.17904471,0.00083181366000000001,452365.89000000001,0.013341731000000001,5
4998,0.44321153000000002,0.18809698,1.0000000000000001e-05,374147.04999999999,0.016546676,4.6073221000000002
4999,0.89383027000000004,0.19972276999999999,1.0000000000000001e-05,376903.66999999998,0.014601187999999999,1.5749928
5000,0.90258260999999995,0.16813006,0.0061766642999999998,406942.10999999999,0.02118772,0.82478982999999995
