Simulation,"alpha","beta","Fraction in treatment[HTN]","Fraction in treatment[DIA]"
1,0.2352739364441368,0.59893797056946207,0.5376191031240789,0.31465384315913103
2,0.58084802507079447,0.48257738266397504,0.53217134507806763,0.30400298545351845
3,0.62092212766174926,0.40669695525689747,0.52329032134817666,0.2960266241833116
4,0.88132351563194544,0.17437754584004869,0.49696943419118061,0.27190975991953653
5,0.74625213913485644,0.28266975488838508,0.50935960581474815,0.28313418522282602
6,0.36924478473073108,0.83919768345594647,0.57073081262404968,0.34129097602906266
7,0.86320880933337618,0.091229366059217137,0.48568319684312333,0.26319440882381739
8,0.10700235524469755,0.8968164329999011,0.56797112046359588,0.34512935802417005
9,0.46052282299107178,0.16860239654666512,0.48933724435592935,0.2703946314485754
10,0.024235087997291706,0.12620309308940778,0.47064051034597015,0.26297940738037634
11,0.96959504062797641,0.73347626548631817,0.56958014409899871,0.33159296057972709
12,0.8243064533987432,0.49148251620036321,0.53742136049368217,0.30547315823309473
13,0.66023531439910876,0.50267477913071634,0.53620105573016685,0.30636199787800211
14,0.60909604469576151,0.98955810752789264,0.5941510739714011,0.35846755151855769
15,0.13130798023216195,0.15890292814044515,0.47896202385676129,0.26744411985804478
16,0.71246158268261939,0.80519281991805181,0.57441622865610997,0.33893332345151195
17,0.91841316649845106,0.6106919416478952,0.55374540507011294,0.31835865764034121
18,0.19664233711733251,0.75110548740212102,0.55458818780753105,0.33055759335951318
19,0.81585347545916453,0.47612510714750972,0.53534483934056742,0.30381948403484771
20,0.38081095404183729,0.28863474551487017,0.50301011357012915,0.28265404879967515
21,0.51051623695961901,0.15784016963698669,0.48896084660663686,0.26944147154040171
22,0.55803263528236424,0.5316048086978612,0.53787968256061991,0.30916979684763907
23,0.75363413442556049,0.59532993629620179,0.54941856944610767,0.31647837214249841
24,0.95663705007670219,0.6450058310267166,0.55851529438320724,0.32207835325047862
25,0.57640425353125901,0.79150381007642723,0.57015582738409087,0.33709878747092914
26,0.0086266907354933219,0.29063423855815784,0.49044755596167144,0.27975370134812205
27,0.95200598139801307,0.5376515408628505,0.54499890107684246,0.3105616687856107
28,0.52153095143461836,0.10464725642801495,0.48220309695208002,0.26393145436174076
29,0.31167117849452192,0.98551152593680891,0.58601413567180349,0.35658867414556755
30,0.025308095876465087,0.93929720214469126,0.56882888031471124,0.34847982166126645
31,0.62958339419186815,0.24334795084166108,0.50233971188604787,0.27874494763786262
32,0.77959319108651259,0.21361269747015324,0.50079960435242954,0.27590235513410771
33,0.46349102984037022,0.40459341677940686,0.51979303060937065,0.29528864964443924
34,0.38155068050645058,0.45718249673120442,0.52443310090039852,0.30050511664292495
35,0.77576764238077456,0.22333542986674002,0.50202380959589243,0.27692015122819658
36,0.53813585688514864,0.4483903923956794,0.52697942094366379,0.30022234139693937
37,0.54430432619579372,0.078647449210484055,0.47920881962725514,0.26129748074031933
38,0.3556779083457659,0.98671358486396499,0.58751821451711173,0.35701618682874015
39,0.45231982205685928,0.62441235441135945,0.54702921186573306,0.31869759473832804
40,0.078226688457198906,0.81442116039007673,0.55706230126641565,0.33597407948113922
41,0.0036205677716876382,0.88199804106707458,0.56109076359649745,0.34203192574988661
42,0.95858037200755208,0.13052380437202518,0.49204929161568267,0.26738750530663269
43,0.73144028328097199,0.12357933154312195,0.48821499702012044,0.26638613197514055
44,0.35450976819401842,0.0088782504195696679,0.46611340572853627,0.25342290411955537
45,0.81712664471847241,0.7925690482354375,0.57461843707053306,0.33776733654769436
46,0.091345401064923504,0.70049196783638323,0.5442176557683901,0.32401632901487204
47,0.68072049618071184,0.85427869682173485,0.57970575959435933,0.34413599830712271
48,0.99679167047712258,0.51876347193882111,0.54315299921662652,0.30857672378794981
49,0.50776569542660144,0.72155914295139956,0.56021006807938256,0.32934383033401721
50,0.21261842063249789,0.51563567186110892,0.52660525222685839,0.30560298790159168
51,0.55386801558268495,0.34666189621001248,0.5143140237434678,0.28945975529291978
52,0.98452358886332958,0.90382557435688804,0.59024156790184779,0.34991191673386285
53,0.67133749918235697,0.094183389750646898,0.48341244794473742,0.26321214083853095
54,0.095210528750799134,0.91290787141137997,0.56928551157457385,0.34669264450898013
55,0.55532633870487336,0.75337908929913544,0.56511839021817711,0.33293394710363577
56,0.86023772189264425,0.38723728529406948,0.52456750363956572,0.29439881009677699
57,0.67512896393515409,0.58549101551253113,0.54686093204763131,0.31526104844837349
58,0.027890710032812786,0.03435973514852813,0.45924950638769607,0.25366056345672822
59,0.32222050451793477,0.62454133405181356,0.54352883230132354,0.31801258193508691
60,0.8147465536594275,0.016259751278802286,0.4750506229841206,0.25535921384635446
61,0.34521192448792282,0.20566714108426823,0.49144026333123397,0.27376798410669462
62,0.50249317108205294,0.93262495384978839,0.58518639288652252,0.35197893665928731
63,0.99657701841426316,0.55275945241361635,0.54745573525859037,0.31221718453958253
64,0.83437289546377724,0.2115356483219541,0.50127882641936372,0.27576026534875181
65,0.60803346530374835,0.18492461622493575,0.49432381256775848,0.27255131025853868
66,0.4731780661554425,0.45402003177354344,0.52627598422054278,0.30058485502579796
67,0.53110448766915364,0.63419824587152107,0.55005550139505288,0.32006160210742757
68,0.21819526859299512,0.12761693556249376,0.47784153260580675,0.26489098269852301
69,0.74475559502163668,0.24538426447039238,0.50446291041094704,0.27919370011929245
70,0.14052263744083468,0.25813311249412363,0.49185427325761766,0.2778356255592363
71,0.85454452358448185,0.45053107080446791,0.53262699390598878,0.3011390532785434
72,0.49986666763300308,0.95697552916564754,0.58795371516467998,0.35458032353511099
73,0.983372046017705,0.38047080164387592,0.52524382712249706,0.29380244033855246
74,0.87129507213890323,0.48960996522990757,0.53784448140538343,0.30533508404173354
75,0.45154832737707767,0.18308191245446215,0.49102856403722717,0.27187501707019496
76,0.67605965206619589,0.84908548259962124,0.5790024254450109,0.34356674877838239
77,0.3442171185881947,0.095964570033212654,0.47721360034595367,0.26234703069532478
78,0.17401077930679312,0.98311233343252691,0.58075942646204459,0.35511630113167136
79,0.29385402816879796,0.33641808421112368,0.50676042745028826,0.28721355906550888
80,0.1509086120197666,0.10060964376128978,0.47222417074613204,0.26159932796335889
81,0.061477249574044261,0.29438983083307974,0.49328053924867987,0.28080358677214012
82,0.61793212129027819,0.8236265752727282,0.57485112905826274,0.34067700842404802
83,0.55765170755464344,0.6699612579306472,0.55502075832356157,0.32398843723276133
84,0.68182976110946625,0.42427535736659777,0.52661566832577444,0.29804401549297638
85,0.095501694005343599,0.1951668824891909,0.4822181631023898,0.27085860817495389
86,0.91311647665406348,0.21974158888444073,0.50336266710445543,0.2767133912856185
87,0.26392627569917826,0.083705536261957619,0.47352093647737481,0.26064893606610673
88,0.19982740583171837,0.86630235985209003,0.56829231702661565,0.34289890408672852
89,0.1812395992264268,0.47974423007325967,0.52105142664594095,0.30152347408854147
90,0.34774881631586468,0.03718997504086001,0.46964833344452744,0.25629931338503242
91,0.2029483949204092,0.97235535379025395,0.58067562667082784,0.35426354134727328
92,0.094350542263814716,0.43756970862982564,0.51243926631420689,0.29619160579248632
93,0.27208645427786982,0.33950226296348268,0.5065077676366494,0.28739914602537603
94,0.49953270502866948,0.44969926889777423,0.52632011509265098,0.30022610814895767
95,0.041550814446934967,0.9732658433148289,0.57354855394347182,0.35234939071038335
96,0.90404713932249003,0.59936401492488811,0.55213802227556197,0.3171280921700052
97,0.53177734888998096,0.39840230801386062,0.52049127329868372,0.29488138807335645
98,0.92815381968239097,0.66872343192702399,0.56108399696044275,0.32459802177563002
99,0.081886668084620029,0.30820774655792632,0.49586060372625429,0.28247594010475363
100,0.24536441717197888,0.86828142290924448,0.57019728307029194,0.34352234611091897
101,0.32195625733927591,0.86013949112772248,0.57178340345920464,0.34323416235803356
102,0.65165654162302389,0.90005038275109839,0.58456905272830062,0.34898013241980985
103,0.46726880862225084,0.31078715468534501,0.50788870723198332,0.28536427782083057
104,0.53666590878077558,0.1334134370308486,0.48626797304996006,0.2669718386927713
105,0.18302477087512378,0.16586763364447982,0.48162176384812322,0.26859507505078201
106,0.86873563452003288,0.10820280415340094,0.48801560146196932,0.26497009169283103
107,0.38547972102448114,0.31594264177345904,0.5066234319260382,0.28555598674821353
108,0.18770764771160903,0.85254578205264409,0.56621728546065397,0.34131005738068348
109,0.38160870235468031,0.441272275313281,0.52243294011695163,0.29881373476647283
110,0.176684872150945,0.02772414957104484,0.46373321037622206,0.25432741917184826
111,0.31453907869287068,0.88883929114729399,0.57491370960995936,0.3462575467398698
112,0.31322902809983355,0.58242227751660391,0.53809273116879452,0.31345638798824027
113,0.31836366114231063,0.44463468525739153,0.5211221548767011,0.29881794621775132
114,0.12954309285766213,0.48383219665020005,0.5195834747506477,0.30145694636647907
115,0.99547546599510828,0.39649289147331146,0.52746037962626113,0.29551781696142243
116,0.64220525234531378,0.050836835009034263,0.47720610516905232,0.25865308387646441
117,0.33724088190459878,0.086008311850007166,0.47574711127688385,0.26128319693421792
118,0.91485236621523514,0.30486718264502705,0.51457125935773496,0.28571077826481117
119,0.79018655746626898,0.3708530381299206,0.5214637604957284,0.29255820283938166
120,0.72136200810611484,0.79952513849869133,0.57389108024424251,0.33834311292100949
121,0.84084780287301408,0.61785834593974287,0.55356234194254361,0.31903412681831855
122,0.23819919060232353,0.060138402859622152,0.46975098146769323,0.25806524370314071
123,0.5222904168239213,0.465998260120221,0.528873715617041,0.30204493118614723
124,0.66501276182908331,0.46925388129529311,0.53205405390370542,0.30280325990079698
125,0.85836675454009093,0.23775590582381703,0.50504851064140821,0.27855276578225091
126,0.86652144263322706,0.37552466673479651,0.52313806257058415,0.29316009779513552
127,0.33939473446042978,0.70328793257729849,0.55361405810506303,0.32654494761019187
128,0.44624956736519239,0.96056306844087092,0.58703121846520767,0.35472184637286319
129,0.96549940884652319,0.6366059702345287,0.55758357273785231,0.32118443488074888
130,0.15168209848409753,0.76038495435690279,0.55392630060243309,0.33109632522828381
131,0.47215061651681317,0.70466156151165482,0.55732158949243182,0.32738481128298358
132,0.83642830785707345,0.35801195406251357,0.52046082626215873,0.29125968602030716
133,0.81063890833979246,0.22419703626927223,0.50262605784228187,0.27706194390796235
134,0.5821481709521148,0.02222128664077027,0.47242173490442901,0.25555955936341301
135,0.36556838915121043,0.52906745155508395,0.5329921354916668,0.30807661905146083
136,0.57502118106432032,0.5738946182782646,0.54351121098453503,0.3137482342654403
137,0.002826077732362319,0.17853146507710918,0.47624022629467161,0.26808688036343742
138,0.0017066115607391112,0.40745088590326489,0.50450902748184379,0.2918441577143604
139,0.32672812284479152,0.31087832310871455,0.50443940814446031,0.28471567440943835
140,0.71426296450026572,0.75663927884126314,0.56859370710238388,0.33371940791220178
141,0.38958890779294308,0.15831146994697629,0.48640668652014829,0.26903403678123161
142,0.070858033302973494,0.32669074516709662,0.49770339475408659,0.28428388818238221
143,0.42824906059493079,0.93092086651482397,0.58311913001240279,0.35145320226707294
144,0.22235098897683203,0.17325787549378585,0.48381790088758558,0.26965188185856143
145,0.69017539992305688,0.071591355140937951,0.48070546123912894,0.2608998975022605
146,0.56362439905557549,0.82110096707079794,0.57342377846938286,0.34023526465096288
147,0.9705537437029067,0.40739284435886658,0.52857534184701149,0.29665931433747067
148,0.38799560120744864,0.25227690542637138,0.49851678030202756,0.27886285929181609
149,0.11169060464730719,0.1915628545622225,0.48237978083528116,0.27064363971046945
150,0.71154935207023517,0.69306978485280424,0.560801505521759,0.32688444812174727
151,0.01975175435499987,0.61842316118957252,0.53098908173326342,0.31432938586234332
152,0.97899198414819555,0.1216345765775186,0.49108840862244907,0.2664740646310102
153,0.17610197196238442,0.13456256274856859,0.47739839146260266,0.26530073039125018
154,0.40226708547665041,0.98901050870631602,0.58912821814407601,0.35754044461223511
155,0.33193534470124869,0.48285877909659175,0.52629542601962831,0.30296206211975757
156,0.018895248956012075,0.18125919730124299,0.47730228315426099,0.26857002021822302
157,0.87419770073258563,0.55185352149849065,0.54576668329456302,0.31200047244597551
158,0.029815335814084392,0.29204987876134697,0.49159962697920195,0.28017685208653348
159,0.43808497827047255,0.2154376959303976,0.49493145769239905,0.27521166343550235
160,0.88306438367572848,0.089975943582027693,0.48575785641320457,0.26308514598696064
161,0.25256741212877676,0.03108493089777185,0.46640284582975106,0.25517173369364277
162,0.21194336070922437,0.0579032243047026,0.46869286864880499,0.25766456720035785
163,0.015269745181163308,0.5995588705922128,0.528499582552591,0.31226686914265633
164,0.59217123919959425,0.046901261484192221,0.47586109731529419,0.25813318553304543
165,0.9404875896263053,0.98596228841013511,0.5992764992263292,0.35869287976036363
166,0.4263224127486232,0.24611262379210677,0.4986316203306696,0.27838411439585925
167,0.64290888036362592,0.48890392526088983,0.53414826713663188,0.30484825760638123
168,0.016738369399111254,0.12525532633130207,0.47019840955215575,0.26279317632354732
169,0.8787319277915755,0.92097924609543991,0.59082457311088044,0.35165069008664873
170,0.80586033170415328,0.94871761553689149,0.59296968279328788,0.35452790262088874
171,0.1844119497225038,0.3469783770285198,0.50460885403663325,0.28753069203377357
172,0.46737318504549336,0.63585515280679106,0.54880043036060666,0.3199889288130025
173,0.69338966305908978,0.71049286894212715,0.56261428269599401,0.32871594700627654
174,0.11883772396392887,0.50548145570558267,0.52181133374571953,0.30363455609713047
175,0.78968508993425646,0.12257240249501775,0.488903332189149,0.26637120207703624
176,0.3279012300620438,0.71379698123972635,0.55454041833575474,0.32759708805968402
177,0.1682435368665145,0.37802406191827032,0.50792532768314158,0.2906587177543617
178,0.10998566086472711,0.45373876090514242,0.51508309684352493,0.29806954766140081
179,0.61581319533559731,0.44857159485766895,0.52853422290291174,0.30047382495868052
180,0.64850741377883836,0.85080102593764895,0.57868612761858917,0.34368119366938632
181,0.83106671477028871,0.24246743206783433,0.50530644269888847,0.27901562667521179
182,0.97933712812805318,0.61401090350436283,0.5549395430119114,0.31877117046110159
183,0.88159341952189574,0.88725837401953767,0.58688837150160467,0.34803157891780401
184,0.68914691257901728,0.4392472912655096,0.52865203004034889,0.29965581037577199
185,0.44770340922115143,0.74397963485446528,0.56147744644965736,0.33149256898429419
186,0.74402159576566196,0.1741524639584939,0.4950862125806032,0.27169969601481503
187,0.14223377853032435,0.53087336661097362,0.5258658914140657,0.30657022426821023
188,0.7238139544629375,0.29951180005137573,0.51120876786946734,0.28487594795103921
189,0.76398810148987684,0.69521010217837764,0.56194178637860925,0.32721707631923619
190,0.79859238803343624,0.64977137144979791,0.55689116133735062,0.32239640361403382
191,0.65204193506048758,0.74871318091290306,0.56650546763714293,0.33272179046838102
192,0.90014089203408221,0.053748086539248473,0.48111260536793338,0.25933524110510731
193,0.74598363224585773,0.53520533368998446,0.54175769647766758,0.31002269987265846
194,0.69520319352924131,0.93899749850189551,0.58995120357242015,0.35327030144357957
195,0.47685033541525484,0.70218854687932186,0.55713395183349201,0.32713968551137562
196,0.92269945556469035,0.20297149422111688,0.50126123097550568,0.2749569401414762
197,0.43303148638881978,0.076180386353412177,0.47667645294313832,0.26067928426151138
198,0.092278691823978451,0.78982480157556711,0.55483214174224105,0.33353855643335045
199,0.91876015455186144,0.23652679418736372,0.50564600164402618,0.27848848756527383
200,0.28277674442803252,0.65600630275140281,0.54614455208099266,0.3211073251983162
201,0.8252448631917243,0.41987653783630813,0.52828574574807097,0.2978295282993878
202,0.24476053335376782,0.6529291057929979,0.5445154549914456,0.32049005543819464
203,0.96521071869031294,0.097209382649615886,0.48767092363421527,0.26391355607302164
204,0.61063643621130614,0.41447405141304483,0.52409351190193776,0.29682724043464703
205,0.10397315453755437,0.78181370551387086,0.55441879245609826,0.33283206507198565
206,0.23146659154949012,0.42323206067894353,0.51576366906986115,0.29595533816964836
207,0.43433276704821039,0.94197200842601025,0.58456458146366685,0.35266919891459769
208,0.42511133376421645,0.83974943255904366,0.57233616741085025,0.34165742500651292
209,0.49172031935419658,0.66819468473192534,0.55333999232664743,0.32355603384080667
210,0.046225293809117288,0.75591517410214293,0.54864899415912227,0.32930339139571957
211,0.9910083406270831,0.47331487149199236,0.53729165606066021,0.30371137333764792
212,0.016350391142547598,0.30517474013302709,0.49261030494433788,0.28136860131207131
213,0.075263135922246149,0.34950762397429208,0.50072778782034355,0.28672196071312955
214,0.71705127050544837,0.36012511583821616,0.51895692412511152,0.29129101508791799
215,0.11754158258951503,0.63067381459287142,0.53699048418372575,0.31690266126800737
216,0.035695134427037561,0.23299214903233806,0.48450502090607717,0.27411813777646599
217,0.2071955944571528,0.78611471332762162,0.55914068588575627,0.33439681353298917
218,0.62494097178749508,0.74990778540271563,0.56612914689625293,0.33277734884954702
219,0.77397761864451464,0.059613697312481236,0.48031088159069329,0.25979389292484723
220,0.22419184829628794,0.69876207872332308,0.54933406146349029,0.32521418821390485
221,0.21546318661804545,0.24902943113046933,0.49326732411404473,0.27750149363901611
222,0.3817462062217179,0.44777290611228676,0.52325488815491139,0.29950547845677061
223,0.56383998865351326,0.97924893566292015,0.59199867169397635,0.35721433541459541
224,0.88549523391515261,0.77267341545346435,0.57322159373233139,0.33572091862290093
225,0.41010192123294109,0.27820021214102164,0.50238556559580361,0.28169034523290759
226,0.62867748270333978,0.77281032817993545,0.56896848358948582,0.33524802979513824
227,0.42687681624168761,0.15677032007832312,0.48706216925124879,0.26903024590557356
228,0.42944866516677432,0.9973793423076277,0.59083140607934315,0.35858321794925579
229,0.02771463578202529,0.87791635712370042,0.56191804338820583,0.34199346872942321
230,0.19601161531243708,0.83104028027361498,0.56401721717412023,0.3390930239377325
231,0.73278977742983264,0.21103089741348524,0.49977582884235944,0.2755543430438081
232,0.22847251117726555,0.23446130424210571,0.49182462207887995,0.27607292939775341
233,0.20774155517806067,0.93539443400123856,0.57661181892094726,0.35036038621261512
234,0.24373186053541723,0.3848303151646047,0.51134699087035351,0.29198632836450467
235,0.65851569099914053,0.1953092251676484,0.4965427106130475,0.2737575564525152
236,0.3659590826256317,0.65380503483683572,0.54836888303186304,0.32140682923614439
237,0.54893994609791563,0.10031559691684087,0.48214766572336276,0.26356062310698108
238,0.59128885725430447,0.12541763741719769,0.48621259725073346,0.26628666199499601
239,0.74141001207424562,0.15370717038124568,0.49234778900698933,0.26955281210065213
240,0.6198805486908997,0.9343496050501825,0.58796228755853508,0.35257502837687599
241,0.7826475841704873,0.72020627974391693,0.56529995556072909,0.329935016405971
242,0.97135923383092748,0.84625152040488327,0.58323272449597163,0.34371531173703501
243,0.63091532700943065,0.5543057465590886,0.54215642517758988,0.31181135011376243
244,0.94970286377662572,0.95067284298107269,0.59529136080573541,0.35491380564356623
245,0.69059200658445474,0.39216628522536484,0.52264943287719468,0.29464398976216172
246,0.35073456646722045,0.51053356508266889,0.53027663206715114,0.30601790171518983
247,0.83145382446123983,0.52783462436971029,0.54213171767529622,0.30937230140939881
248,0.42535732160542394,0.86602235724505738,0.57544507327569283,0.34447732462551922
249,0.25496698163555703,0.44953592706626516,0.51981277172187201,0.29891677222984198
250,0.378513974711427,0.24401630321944834,0.49722020429574898,0.27795065861358198
251,0.094273693529062452,0.44034525544288339,0.51277845797730182,0.29648328175305072
252,0.78534330070343561,0.64380436114732875,0.55594707187181325,0.32173426424068791
253,0.49612709634472851,0.11104242081007687,0.48254717876697023,0.2645170169005745
254,0.22784871298001383,0.032102251142624307,0.4658353368281925,0.25512380201995333
255,0.52463238159300529,0.2623483889373136,0.50284879557787709,0.28045491712100179
256,0.96018389242257696,0.1752716757316026,0.4980253305083388,0.2720784996946653
257,0.30594503183128546,0.6781514207393281,0.54956081937098356,0.32363704259059783
258,0.67724688209065942,0.82810889112624575,0.57652508850955575,0.34131561483116657
259,0.91305465552496023,0.64039860927808334,0.55737348998766489,0.32154110538678643
260,0.23136036403913751,0.63832295444986087,0.54228189265412863,0.31882221947256578
261,0.8412617063491955,0.94699503868998736,0.59331786912424689,0.35439575081615782
262,0.95199706218239155,0.31321897242191482,0.51611587887607857,0.2866311930802441
263,0.88816676246022108,0.65116707095965976,0.55837070281589574,0.32266941060852766
264,0.18507616252108711,0.060814327496953771,0.4682436148651144,0.25777506996318311
265,0.97067247584013971,0.18424613577962157,0.49933591274403299,0.27302968613561496
266,0.28578781688002636,0.092066989692870999,0.47520081109427842,0.26163862398503784
267,0.48771407386696669,0.98027975875815621,0.59035434867109249,0.3570275524932186
268,0.081018388493743265,0.034952411060745363,0.46139266969758885,0.25426550027173228
269,0.047069104113697545,0.31509739890041527,0.49523330765313717,0.28279226237340238
270,0.66826428799523274,0.83339505139080583,0.57698900433421818,0.34186164399066665
271,0.74953620391943265,0.80214638593714915,0.57468644984888306,0.33868118827564342
272,0.19753160829344998,0.35092487013785867,0.50555779920550481,0.28805469071630135
273,0.35525309159011814,0.24828958103387852,0.49718408953643639,0.27828507859182477
274,0.74684579322783973,0.77148453766849134,0.57094620083201719,0.33538065486889673
275,0.51024715571455892,0.68074025558190199,0.55529927012204805,0.32497435323813828
276,0.60189756786379733,0.5821979349721107,0.5450818757007907,0.31471796320257278
277,0.2777949960579979,0.89032150208962857,0.57388925117550726,0.34614473790503414
278,0.35121870214011286,0.4280931117941742,0.51996316129845244,0.29725226753099426
279,0.036583722789154852,0.32714476895794503,0.49626067343168417,0.2839195114631945
280,0.24836215103877476,0.21415525600692492,0.48984130982262541,0.27408887996965059
281,0.65981821139588726,0.80040388044553112,0.57288419967386817,0.3382954346796358
282,0.62578056947909066,0.29014698614416412,0.50836203282515968,0.28367495709462692
283,0.81140159646571852,0.31619490418821811,0.51467978050401153,0.2867864231181928
284,0.38195334757758537,0.61605295688280604,0.54418878158088269,0.31745681160595113
285,0.66232594006824075,0.86023254404844496,0.58006912681738798,0.34473033368648603
286,0.83266461850669005,0.88213532176058507,0.58555760186795502,0.34741660041614253
287,0.34114755753617504,0.11026016075521476,0.47899405000372636,0.26381277821674948
288,0.65712433432146211,0.94059204604522095,0.5894242839045879,0.35334803511141799
289,0.68958909677538327,0.43546914310719587,0.52817733448639115,0.29925392188428684
290,0.033929599651077294,0.8448574853133527,0.55841962020073477,0.33857572878648268
291,0.89099990534862739,0.12410813544740668,0.49040714360266802,0.26665467371082729
292,0.14989349543339342,0.17478562445478749,0.48163573747637589,0.2692500867485747
293,0.4887924748742371,0.70669613041378321,0.55796507968631026,0.32767309623064922
294,0.30990088679230537,0.81453084377039919,0.5660255610296645,0.33826475735140155
295,0.17773296319151996,0.46278618407059696,0.5188237009997545,0.2996958739751443
296,0.62556653009034935,0.39184961651888445,0.52147471944129065,0.29445907332473603
297,0.048610851638123863,0.18153716011071813,0.47861626505338278,0.26894988976083228
298,0.78729189931201982,0.95905753171063268,0.59387722171794544,0.35560750267773972
299,0.97909786896415762,0.97693362945698914,0.59873869193207885,0.35775698971725317
300,0.94947411496845313,0.74859342316110855,0.571165112262224,0.33319984792419061
301,0.53932372953501762,0.56416585321313473,0.541556319744943,0.31259016732541811
302,0.91017387545859674,0.54880562828030677,0.5458685109057263,0.31171504407500927
303,0.82153003939095648,0.31473323372359158,0.51463125273294963,0.28664569062663198
304,0.18802585146516795,0.71259861377911882,0.54966459549532842,0.326364197700452
305,0.9052636958602932,0.058821685731655457,0.4818521332706156,0.25986688090053767
306,0.027416932118625847,0.14227389535248514,0.47279246322941165,0.26466468362698409
307,0.83656422590891599,0.37856032028944464,0.52312180913180473,0.29344488572706007
308,0.8263138096007635,0.13202843326089206,0.49064789963765992,0.26740849323484583
309,0.87099068094535037,0.76216267729139653,0.57174095910991696,0.33457352896187326
310,0.91066453831800032,0.18289944139799336,0.49845819167978611,0.27283494681764853
311,0.45130910444079203,0.94148851524553034,0.58495065947541636,0.35270103493272786
312,0.14213800161295803,0.13720733722214357,0.47658713033221645,0.26529724559201306
313,0.99840243894689495,0.4583248252045713,0.53545931732965413,0.30211551803087422
314,0.16917139189565789,0.85279556137680779,0.56551271557916805,0.34114770374872222
315,0.73579085239776176,0.58267137090865284,0.54754729787974854,0.31508776826282525
316,0.42174544882768533,0.72360294398496627,0.55835327358699982,0.32918210486262994
317,0.011934788328583818,0.67065104264110564,0.53681948059356388,0.31974071565391071
318,0.31044278461305658,0.10176606733795489,0.47711003459974455,0.26277627839235052
319,0.15343767537447858,0.65472004806537887,0.54136469702123291,0.31984957757942389
320,0.17515912318102783,0.59597200450632948,0.53509226864377413,0.31381059701398162
321,0.012062725121004042,0.44434669348114403,0.50953433339940146,0.29586135979487904
322,0.53721525989634689,0.56324461330239428,0.54139653167281654,0.31248433120224778
323,0.67672511707769012,0.35797718581872762,0.51801686053174367,0.29098011291060477
324,0.20612594534874662,0.52483309060012695,0.52751167439944069,0.30652533773637641
325,0.14733031219543191,0.6607523324573995,0.54184623237674401,0.32042840609773171
326,0.28198074094447079,0.95646339456496066,0.58169821931368659,0.35325702458431979
327,0.80895020824299435,0.55747888993105155,0.54553729712480925,0.31251403036813591
328,0.3193082950729062,0.0557318003513501,0.47136334673399943,0.25807001070589447
329,0.39107866163357397,0.25114924752580703,0.49844675754048334,0.27875864298400177
330,0.47185098943525228,0.18570893118690002,0.49180551920075399,0.27222486130830853
331,0.9656496416127659,0.11789755030235975,0.49044229561947866,0.26607325989166453
332,0.22671626630477842,0.29283505098364548,0.49918870106214541,0.28217376205833916
333,0.41828236530834112,0.8178208849866293,0.56955439324955259,0.33926995503303864
334,0.57251489941185574,0.89578177482188914,0.58245777416911448,0.3482856776539241
335,0.93331479001169793,0.63916585714629615,0.55748857418936892,0.32142950965759209
336,0.23512667128479808,0.46646328156891981,0.52127688999561783,0.30056380078433731
337,0.24188745765386849,0.65316282806241655,0.54444566958703655,0.32049194811593379
338,0.71064837587984508,0.90853835728716814,0.58666073078713521,0.35003392418104334
339,0.14161607617457631,0.0025904466700390916,0.45938613133464951,0.25150069309302714
340,0.91943805965300418,0.26663546308249936,0.50961684614534164,0.28166869835543645
341,0.94318418970898499,0.1434010979386163,0.49359148304704487,0.26872224070296952
342,0.97867718447364171,0.020985999238642399,0.47758119881750083,0.25600597625634869
343,0.18571166980579729,0.3476530238015228,0.50473891533958293,0.28761260243806858
344,0.70231038011907365,0.83817215472612305,0.5781810107616735,0.34245521779244609
345,0.89658919626782885,0.63112592043505278,0.5559984640775576,0.32052771850070932
346,0.67372254270819254,0.85674819396153323,0.57986941100484302,0.34438438720359887
347,0.040690519744751512,0.39316445115845416,0.50460910891776978,0.29087825652489407
348,0.7158980266585131,0.94423129524294058,0.59093509832621915,0.35387848223693663
349,0.7183450623625075,0.0060158237072057089,0.47238632350118132,0.25416337807285472
350,0.06337946574433008,0.63774751503298766,0.5354305309534122,0.31699025719454665
351,0.80776645747494191,0.6357940761111095,0.55529986178913648,0.32091050871501597
352,0.27575915174569238,0.1452859910363215,0.48179578381044963,0.26709178529674638
353,0.67938497988382585,0.69921273300618636,0.56098484067555976,0.32747221361293904
354,0.64898511545868831,0.20157250502064125,0.49720639979477421,0.27439450684290995
355,0.12377420824432048,0.67770766145504324,0.54290984729055447,0.32197691523739264
356,0.39319177044584647,0.480340433126071,0.52764299243085822,0.30302895922818696
357,0.95454025913920493,0.93482434724929053,0.59350002132131185,0.35321647043335003
358,0.16449581239848632,0.84891899120743619,0.56487083160989304,0.34068441942598815
359,0.091934880434756644,0.86726555812264572,0.56385880248405096,0.34178547858632535
360,0.37075520512020449,0.76151081974633272,0.56152886712239591,0.33297126091328033
361,0.76352762021356035,0.33586664249895842,0.51653936574363724,0.28879893272295687
362,0.50117430343226299,0.87514970784214097,0.57842037232075616,0.3458050436028734
363,0.94672300433743517,0.068919022001244598,0.48367659182411732,0.26095291011484278
364,0.23855238227789524,0.23758086203535786,0.49253461846615781,0.27646958236551228
365,0.53061593726462464,0.34991905999410666,0.51426398181886857,0.28973116274843647
366,0.38644842856494943,0.38855887475017226,0.51589578448973195,0.29324241888158409
367,0.4823026651920867,0.20696234380892711,0.49479030091088416,0.27448889830484713
368,0.66043721125520538,0.36870838375542081,0.51912123171326752,0.29208360057155847
369,0.73761103850336518,0.59455449149712225,0.54906082019720515,0.31636513306154979
370,0.62017739612989831,0.21914648776029935,0.49901577705668476,0.27617474329675479
371,0.26592977459548278,0.89609688369029905,0.57415975143207121,0.34666902217355389
372,0.461408742062829,0.36712787166462518,0.5149740301419784,0.29130432361428821
373,0.21425521690094612,0.79617404307030382,0.56059274116109559,0.33553674979174536
374,0.747231183604675,0.10745331957001472,0.48630449943158538,0.26472960619602043
375,0.51438825646535269,0.57125534999413652,0.5418975764657632,0.31325992283689358
376,0.79258568380131622,0.6046860464042868,0.55119908409837715,0.31754883845429432
377,0.97527738218415772,0.23981657519418514,0.50674473134420239,0.27888548156950266
378,0.36816136201453631,0.19809186646036106,0.49104079826413299,0.27308915302519543
379,0.12051774179005298,0.64841429575750376,0.53925389394306256,0.318822869270107
380,0.89841987393273748,0.3842108731866698,0.52468165373509923,0.29412106506387042
381,0.18161626525231406,0.096155151651205972,0.47266478902969822,0.26138109959661726
382,0.40445579495799033,0.58915264617352525,0.54147494859599654,0.31469778782416902
383,0.11268116767067696,0.34518623407749693,0.50172031234549797,0.28667432215868993
384,0.75487010304512225,0.50627031638646725,0.53824596371816313,0.30694296005481475
385,0.73685630262704804,0.99230253692663983,0.59688634603938517,0.35908184801174081
386,0.53319632299985975,0.51179699005443835,0.53487502111498941,0.306970244277739
387,0.79007353477102005,0.10102187001578278,0.48604429551697326,0.26412333815909067
388,0.43098464296037564,0.51150255026224778,0.53249894949012189,0.3065317371674377
389,0.73815323183372394,0.29343126048882262,0.51063911532273532,0.2842584294714543
390,0.52038800857007739,0.81167029311178496,0.57133982966857833,0.3390661217062455
391,0.95712445736924423,0.15719916658449221,0.49558751280075364,0.27017975980672593
392,0.6120873644726933,0.33098831048727734,0.51340171337483198,0.28796313898039749
393,0.42599062521619496,0.17807268734060927,0.48981198566362916,0.27125103521389821
394,0.15996179306843553,0.24601527061484524,0.49102048898588241,0.27674349365010842
395,0.52249219380720757,0.57499258837850076,0.54254044677426094,0.31368944429769979
396,0.23578670980216704,0.8249398923836998,0.5647692828122467,0.33880345657594013
397,0.3860016292551649,0.8156134078239673,0.56841221842750156,0.33885912933873064
398,0.031740626583795527,0.83389652435901818,0.55703439466666749,0.33737665267223904
399,0.63553595827020481,0.30233179477927041,0.51011407437435219,0.28498729445475901
400,0.95497701649075617,0.18781142119622093,0.49963065552771574,0.27339152882559348
401,0.98892296952527248,0.92929450660595903,0.593297499068142,0.3526506285727346
402,0.22085036096646218,0.19565708966603271,0.48663541190777904,0.27197121109731931
403,0.24893249992317287,0.92148356635355166,0.57651622948729964,0.34924489907465761
404,0.55874357871926628,0.47301287082870264,0.53051966188620225,0.30291439795553066
405,0.36496496807091172,0.49945095632494196,0.52928566096392438,0.30491659860369957
406,0.10864252154565184,0.15743353317851436,0.47794837114992295,0.26708427607023399
407,0.17520099679817211,0.39381165525716499,0.5101494709817983,0.2923845804089607
408,0.57693621799763062,0.24641816492286744,0.50179313559021932,0.27893288643472808
409,0.95706203426631409,0.85384845632644135,0.58395403588672712,0.34451953537872559
410,0.61656594302164158,0.13601509938506642,0.48804472470746413,0.26745406478106076
411,0.03909072521167109,0.58692566881225217,0.52816241638159134,0.31127497290054257
412,0.80400222450991865,0.41244025230380943,0.52702445584825763,0.29700612924070452
413,0.064116382310760681,0.27661157816847554,0.49117374759336097,0.27898159366446579
414,0.17238366766831606,0.44945449650645025,0.51697464085033051,0.29823671154796599
415,0.067162284927547458,0.3822284096519114,0.50443846668586168,0.29005786920843574
416,0.67185928695936459,0.7647780750538572,0.56881868942152036,0.33449736399997465
417,0.75422142417217841,0.42453586046119457,0.52782717085861874,0.29821424210075576
418,0.39969671448093141,0.1265911600131891,0.48251831987004601,0.26577541060445786
419,0.63342564736459184,0.75435974913939141,0.56683303804379681,0.33327900878273703
420,0.66218292090086039,0.42343814195414309,0.52616962885501117,0.2979105547192008
421,0.84119962422215622,0.38770969477976908,0.52436779812580603,0.29442471277946142
422,0.92717787616861758,0.2669064229610027,0.50974673848060192,0.28170483406421715
423,0.14873388764559059,0.54376084278099013,0.52769994400179454,0.3080032964711229
424,0.26043918936840493,0.71197034970972461,0.55217556289238845,0.32692227880362151
425,0.34880333744935926,0.80769609371916162,0.56640270271605486,0.33778941150834074
426,0.55056869722384727,0.40531143352108773,0.5217571044032866,0.29567698745244775
427,0.26471156349427766,0.065018026466073936,0.47112744606256174,0.25872834730354483
428,0.26328900577052267,0.41548761309128024,0.51581452289107999,0.29536821578973294
429,0.12343290538667935,0.83582191789326021,0.56161407467166558,0.33882582882673645
430,0.047558226769568869,0.90182758908079708,0.56569595184942179,0.34484258852209909
431,0.37977406420862536,0.083084437463188082,0.47638889490226327,0.26117754715909008
432,0.88201652785324258,0.23020860902074494,0.5043580538904584,0.27778404637546106
433,0.50571242545373973,0.62032074639491042,0.54778049719362309,0.31848043875582638
434,0.90634760908667233,0.095214193852047907,0.48673473389658456,0.26365425002358395
435,0.61106603844204221,0.3443349694629782,0.51510424012417155,0.28937540678094514
436,0.73101654522937021,0.01606715090899961,0.47390720495911376,0.25522100862651914
437,0.071590191006043455,0.59753622786834604,0.53097104904862347,0.31283214843937912
438,0.16892100751415129,0.15720353407262591,0.48004895775798756,0.26758612298439616
439,0.32315891583588674,0.64432050366051263,0.54597240026428806,0.32013287883867336
440,0.51327669858307345,0.65418434152834815,0.55211702817514374,0.32213832478203036
441,0.32648416875818514,0.73532249233919433,0.55708881002137811,0.32989272769629135
442,0.50529359150958475,0.57077700682847055,0.54163574172401885,0.31317472884407166
443,0.11661998300912092,0.27440990560710199,0.49300897831870627,0.27930790094895763
444,0.71272169690179876,0.480113622864557,0.53424785510042272,0.30406674735866024
445,0.47063465369372864,0.40614833625195318,0.52015318293231949,0.29548236357046676
446,0.87725556896856294,0.17965804197507679,0.49761847740878212,0.27245971274630626
447,0.6870240553563578,0.17132680129463551,0.49384834466285177,0.27130023638393402
448,0.6686233109057067,0.51779204723074801,0.53825743271861981,0.30799805823301196
449,0.75022723888478948,0.85111994173413852,0.58055474107609573,0.34394588796742825
450,0.65804946533612674,0.57943197815938619,0.54579778953466151,0.31457106462450463
451,0.6393723036965705,0.50298675243150215,0.53586291263709873,0.3063440426252475
452,0.41716619187354809,0.53217525139619826,0.53473448559398595,0.30867319955005368
453,0.05474050809979672,0.70263199330534554,0.54276500964537078,0.32376201413503175
454,0.98914038553886352,0.99833454812035205,0.60135012152814815,0.36006053000250554
455,0.27159998155840442,0.41909921039330078,0.51652538127535297,0.29580814221636398
456,0.52507514642322206,0.1912429910250823,0.49361125184084748,0.27298280353063958
457,0.59915651043838591,0.40993599812692266,0.52329813529284286,0.29631295483120779
458,0.020453881523234307,0.8218078587466735,0.55503966576203179,0.33591504861683164
459,0.99132570219767524,0.2913797266624053,0.51371353501046069,0.28434911270912805
460,0.94510406971821803,0.43614332115059956,0.53196861787637129,0.2997028387784032
461,0.40404948302808918,0.20994113907624271,0.49343822488376365,0.2744933881721271
462,0.88770193341249837,0.13479437610894676,0.49179011729269168,0.26776860796896818
463,0.40186246716185708,0.51414175467587775,0.53209521162136197,0.30667454014906165
464,0.30728471908393551,0.085359244480996854,0.47490149669578136,0.26106340133621669
465,0.25419426844780102,0.93030908209221674,0.57772338211717622,0.35023353891443437
466,0.60729505313079579,0.46370284995782424,0.53029470701604964,0.30206455364951407
467,0.90289385767559294,0.35232986596502597,0.52060663571283861,0.2907352153411758
468,0.75713967206691157,0.40114622864158594,0.52487086724772025,0.29572742011253828
469,0.21703871226770571,0.49993186498180731,0.52481786622831239,0.30397181604534967
470,0.86855130371457201,0.29326441042321966,0.51246356253255665,0.28443121010507511
471,0.69568231168322958,0.40426344322933583,0.52428683668801157,0.29594217201786183
472,0.93671322779856858,0.22315518628853606,0.50409665501959733,0.27709549663274824
473,0.29472605652610073,0.4317959093276062,0.51881915631752284,0.29730749791968208
474,0.50208635801897616,0.47210145938018105,0.52920623729841421,0.30262283341248186
475,0.4104495996073238,0.94227189772174469,0.58395761429565363,0.35257650852351063
476,0.46967854829452699,0.25663620892878392,0.50096091056521264,0.27966244456798756
477,0.53679415288007593,0.02814844169515418,0.47240776656815126,0.25605291176825512
478,0.96125407931964146,0.60126165524817776,0.55311974212304693,0.31738807254152179
479,0.37544191017221895,0.16961692384720081,0.4875347220150274,0.27014911340103687
480,0.29029182277164656,0.19599227375230985,0.48872586318476485,0.27245589608680021
481,0.12994753921421945,0.1413730237425887,0.47668735162211029,0.26562125642683604
482,0.94770212878143656,0.2645948056462803,0.50968883652882402,0.28147935672675661
483,0.95811946066551612,0.81599705992661187,0.57943483286088848,0.3404523562605567
484,0.97365568260051083,0.044005382586771162,0.48062533866938162,0.25838683469131152
485,0.57232265112329039,0.11313750184249366,0.4842598212307902,0.26495815527258482
486,0.3633349504235317,0.78162029829545654,0.56372201750634154,0.33508311729451745
487,0.75634764387797337,0.70929556688662854,0.56354230889597057,0.32871619961154025
488,0.48254970827264482,0.0041714503583847552,0.46822472902770423,0.25342364521881766
489,0.86585749484981644,0.68415506063677611,0.56213195401151095,0.32618483751746036
490,0.28925660597918323,0.60749740458993473,0.54043460762543771,0.3159719646925116
491,0.90836954376309886,0.63470266078779247,0.55660280540702467,0.32092465996686692
492,0.85678850682148477,0.29104159922419354,0.51201801053844875,0.28418176435963011
493,0.76815966565030391,0.86328840067534485,0.58230010893293316,0.34528690813686636
494,0.64816241521331253,0.44641351342151175,0.52885155867269773,0.30032618298968622
495,0.69745731082096463,0.096648043458035682,0.48414027385085623,0.26351848532526256
496,0.29293480616387679,0.54160118469874152,0.53244187526319475,0.30896917748553382
497,0.8744251410497702,0.27753311611936665,0.51048053202331001,0.28277320722889887
498,0.13879099915170809,0.61736718442515715,0.53626314299140831,0.31572079786345647
499,0.94380346487875799,0.85393297239922683,0.58378901426650942,0.34451659985101757
500,0.76384748280275383,0.67618519289203693,0.55960244454692643,0.32517355544603149
501,0.26746673983765068,0.27706633106252415,0.49844095718572029,0.28080023691239886
502,0.84575435200197391,0.88001780339513203,0.58550468197875805,0.34720749822278002
503,0.62422826302350731,0.8336846871298621,0.57617575680812705,0.34177564972580776
504,0.90267713286856899,0.50727357791588867,0.54051221379158532,0.30726053999653474
505,0.085667273851588829,0.60449445735529306,0.53244640811977662,0.31374626352137891
506,0.52183572739054218,0.66978890885064613,0.5542210502162962,0.32384361937080114
507,0.46458071426415121,0.94329110175351383,0.58549802373705295,0.35295700593122287
508,0.56196941752274299,0.83031820213879692,0.57448628875712071,0.34121959342293873
509,0.41854135838086953,0.30175576933153209,0.5056118449925896,0.28421065205022045
510,0.00083784198121866218,0.57935286330968383,0.52533047068165539,0.30991174400652793
511,0.25059357541265198,0.36353898934727769,0.50888386172983502,0.28978751251491675
512,0.3529451529454789,0.57297494145923999,0.53808237295837347,0.31269089217812812
513,0.65654561107986387,0.65144767070583764,0.55470227185378018,0.32228931146780965
514,0.25542708356716903,0.85859115976031175,0.56941513781199593,0.34256939831611077
515,0.64523805921563182,0.85646053914806108,0.57929502107445874,0.34428054057203267
516,0.27382242949061331,0.71588070689468875,0.55309035615241242,0.3274428607381894
517,0.85911947866246341,0.79328475124909315,0.57533395350000227,0.3379035409365565
518,0.94497800795194931,0.89451899457214179,0.58862544493185032,0.3488787296297185
519,0.38226709155068966,0.6677018631220214,0.55051495914501325,0.32298574945599268
520,0.05742546130918199,0.68827903668774526,0.54118747953425361,0.32227445491383755
521,0.7360466627287795,0.66344970723245056,0.5575776184902409,0.32375394208678399
522,0.45821236678963762,0.77817137173764639,0.56585020963016586,0.33520945532227836
523,0.98861825001892867,0.33411384951834333,0.51927480088864597,0.2888785071913022
524,0.20831488444319696,0.74705504230236397,0.55454097739586095,0.33023295662184038
525,0.71897198773216231,0.90712769154469719,0.58664248712457745,0.34990038560775838
526,0.16902260749464623,0.84005716411144249,0.56401675799629969,0.33978555034965524
527,0.40431215030736056,0.50872687555452578,0.5314819222513899,0.30610918495626765
528,0.067965289763256442,0.35336619407526448,0.5008957467937929,0.28704180775744292
529,0.17790447355696234,0.89410636946411104,0.57067277941547379,0.34565147584402817
530,0.26450400492426707,0.23308744018980068,0.49274156905950822,0.27617272466685178
531,0.66913484173576587,0.49092991246845341,0.5348739550317041,0.30512779972169496
532,0.38928898009675328,0.77912926836538832,0.56415656785253365,0.33496521200410223
533,0.35319739886642204,0.23472469181997005,0.49538720819203691,0.27685153037528171
534,0.98131537863082496,0.045243744861322925,0.48087337818043446,0.2585208854902305
535,0.65291493280861768,0.51331383725482738,0.5374120202636169,0.30748166864613768
536,0.49775744191942506,0.61554847720722905,0.5470109435337418,0.31793842415799056
537,0.90610059992362513,0.2331897930992651,0.50505135803684142,0.27812391250442092
538,0.36665511118661381,0.75579250673122012,0.56072672056517325,0.33233443249513001
539,0.56010002192148245,0.8453464544341085,0.57623214163289072,0.34282722641389612
540,0.73730407338427617,0.8467205996782402,0.57981166296135267,0.34344783299445236
541,0.64187644620138451,0.64821102455462098,0.55402976095969836,0.32190461387581937
542,0.25266945351638137,0.090122315460478428,0.47403272245625916,0.26124261674285265
543,0.024749845575296785,0.46098557299702664,0.51218409519383734,0.29778782213520927
544,0.88434729243294574,0.24122173244146397,0.50583811429129044,0.27894817852787945
545,0.35548232550736286,0.31625647243572169,0.50589523546956772,0.28543866261828199
546,0.42135819009003461,0.92936002684329866,0.58275333493069881,0.35125014596533383
547,0.89223661412104271,0.88918553523399169,0.58726847853669673,0.3482511461589618
548,0.088442941307590811,0.5561016365463497,0.52670561334170829,0.3086493791214705
549,0.86041643613429042,0.81204614000100417,0.57761123546047721,0.33992187025988835
550,0.68775967522131987,0.11870430252362275,0.48691344196061875,0.26579885018863286
551,0.7508858991593006,0.65070370500459107,0.55624966551361565,0.32241403374167305
552,0.05586238314133371,0.19388718863761753,0.48046869952042859,0.27030668023746662
553,0.92316084586655489,0.31988744103600042,0.51663655700551459,0.28731153908898377
554,0.61242475271298324,0.0076257167874253353,0.47098980541037822,0.25412562664142629
555,0.80509586252466547,0.91043891150640566,0.5884707674627544,0.3504156609763876
556,0.39834548634957762,0.10698983953393765,0.4799337065280152,0.26373390390825235
557,0.41933160668831554,0.46340222285761268,0.52617767628557688,0.30135169663214151
558,0.90396874144532491,0.88244826191406467,0.58663590520615905,0.34754043878513635
559,0.47902380830898184,0.72286264514973153,0.55969438594463405,0.32936656257379415
560,0.50866120049733443,0.97216016437950314,0.58992126487656082,0.35624538123744165
561,0.48007939137775685,0.62842916573194096,0.54818880065827025,0.31924696273329811
562,0.89713338972117052,0.26547342160091503,0.50918780545127473,0.28152311269886177
563,0.5836314340504003,0.92161895365369284,0.58572470617611594,0.35109646000007766
564,0.79674652741182372,0.26851135003148813,0.50824815052723193,0.28171798379650342
565,0.15326668026834961,0.94824197634545859,0.57591172641374733,0.35116704405929322
566,0.9594440495681833,0.42790120846534846,0.53108495622254792,0.29883642770533986
567,0.95894488637602193,0.56807484941958686,0.54892508641132032,0.31382749110331343
568,0.5589106888015406,0.67164322511163776,0.55525350426086828,0.32417308241879694
569,0.96670566692008875,0.6020845066470677,0.55329115302639242,0.31748108140588427
570,0.041029663399967831,0.31842614139494252,0.49537874306615554,0.28306535739269628
571,0.35659854301811433,0.98939033606323656,0.58785303115069365,0.35730867172068098
572,0.40487379770294069,0.43489542866902192,0.52222470560693723,0.29825098619226453
573,0.56965609752362356,0.91627027958523255,0.58479979595695664,0.35047582191270754
574,0.15379884775596439,0.28290344382439508,0.49545952841954205,0.28054328749388752
575,0.50024070415584143,0.45613395403117174,0.52714940581123026,0.30091419163060446
576,0.40675565554121279,0.17289852783378445,0.48870114328383063,0.27063058355435538
577,0.24612009049573683,0.88650314180707801,0.57235171246527483,0.34547843952256635
578,0.57067863646867911,0.90058225176382123,0.58298235339270454,0.34879495262091309
579,0.2390420455115731,0.42754640164800223,0.51655144590305957,0.29646939873969252
580,0.83765879367798335,0.70509953490098709,0.56429521273974881,0.32839711769046465
581,0.28295984622159742,0.29406250792889627,0.5010611996592359,0.28268493844582626
582,0.62771799092519798,0.0063038063967251218,0.47106053808584109,0.25402274277793496
583,0.43953647367485105,0.70412181228451665,0.55645083645541649,0.32717977838315243
584,0.3006407160853618,0.45466766987048324,0.52186087555481675,0.29977261429636282
585,0.59816245548952141,0.6510577825306566,0.55353282538629411,0.32208838412399549
586,0.18974789842643078,0.37103174236881314,0.50781359853406471,0.29010815092801201
587,0.63724118110326811,0.48172914554529128,0.53313689526259889,0.30406770916572501
588,0.81076934647368037,0.61534116800242344,0.55280354624116967,0.31872040056076889
589,0.65952468977301626,0.52749518618852609,0.53931700806700489,0.30901434879375694
590,0.15243104946460809,0.15811964920106111,0.47960478492232272,0.26754566080637354
591,0.97662348092341567,0.36255474349033323,0.52283890095528518,0.2918910058597014
592,0.47446994826140582,0.45293928985897219,0.52616895189527724,0.30047491089378248
593,0.98655994518228107,0.691087423861248,0.56459211526753184,0.32705233499175312
594,0.96683192234247695,0.076552997064671946,0.48492152222365298,0.26176306620612882
595,0.79465227012898543,0.029504349988780453,0.47656472770647929,0.2567026779915213
596,0.48145830078559232,0.3945145330980071,0.5189160587772671,0.29428863909310993
597,0.77923031771696405,0.84729313866264422,0.58057836355306192,0.3435875527230704
598,0.3214550505433581,0.29602811823555969,0.50240085505577237,0.28312185926410466
599,0.24004127734206851,0.69321542566531569,0.54922281774959669,0.32475465219495597
600,0.025740098674700129,0.11538704556775047,0.46934750583144852,0.26188966584321144
601,0.086949730593117419,0.27268738807925258,0.49162526672583584,0.27882447060054016
602,0.93773049778874273,0.18881629744978853,0.49956405018903233,0.27348214759541289
603,0.43541331781180342,0.21482502727274552,0.49479207774213846,0.27513671017666874
604,0.51611516033707883,0.36632516069629928,0.51606592978021071,0.29142220791957979
605,0.78110022219914244,0.66308466966698176,0.55826351385732487,0.32379694800371939
606,0.055192560600966688,0.38298267696850236,0.50400614843455005,0.28999263762286981
607,0.14659587179099909,0.84202613911445956,0.56332797128901857,0.33975406194387153
608,0.88396470704440722,0.30852631088263588,0.5146582196297993,0.28606570707132667
609,0.96879400115968894,0.41027734556497308,0.52892660833254523,0.29696526391931349
610,0.57902210421707723,0.52680005212515835,0.53770345570420075,0.3087218322198037
611,0.65668796829181963,0.36085551910098873,0.51804532194134734,0.2912408596114705
612,0.067327474431216255,0.69272090031349798,0.54218625410894816,0.32288017307939493
613,0.28021750958181219,0.061443622978555511,0.4710869661426319,0.25844962934630356
614,0.15963547028364847,0.19661086726981447,0.48474647790979541,0.27159714132358437
615,0.46293912110388047,0.95352727756429234,0.58664430292588821,0.3540471743117159
616,0.67662628303164385,0.81657067643423797,0.57513452215656258,0.3400742491881783
617,0.42191960101196307,0.64203387351379493,0.54843096864476426,0.32044258574334727
618,0.13239888196234825,0.74045351640790469,0.55076102323050424,0.32875884229884944
619,0.12122069756529527,0.75185276022945768,0.55163697555749358,0.32984596674005623
620,0.93108624090520897,0.96552997629292081,0.59677371121778167,0.35649126672736842
621,0.52290735970960234,0.080267693197226625,0.47902349630528329,0.2614039521355902
622,0.35029697049845709,0.74029765046417018,0.55839455114729886,0.33057608935810068
623,0.91291818116049983,0.82429448136227446,0.57982604243861835,0.34130034716634133
624,0.46181808672848862,0.6764694034817279,0.55363903800381786,0.32431694410588058
625,0.67610289698998682,0.12015512018249137,0.486924126185447,0.26592753788589862
626,0.014715039328287823,0.062618604853458243,0.46225426953991355,0.25637959522324488
627,0.83442771523207193,0.88436350109999773,0.58584824710289951,0.34765855365743903
628,0.23759994243496332,0.096226196379528853,0.47438547987771362,0.26177744608273873
629,0.028562449828686658,0.4166930575831444,0.5069404291964803,0.29318691919390438
630,0.2562638775711763,0.99467543300291295,0.58519620293416941,0.35713517642760473
631,0.71907283525048993,0.0093797690460341986,0.47284573937820862,0.2545115123976846
632,0.35642463358688403,0.89081827873805308,0.57642600775104791,0.34674675127612975
633,0.82352817517445653,0.42821054158118788,0.52933106267672425,0.29871570033367656
634,0.65281731959538303,0.33877856295536041,0.51513088557892517,0.28888896135712411
635,0.60084600412271683,0.74826144157493257,0.56545043716069965,0.33253068158963145
636,0.96510097114212123,0.074967752564616963,0.48469008566441396,0.26159677444513113
637,0.98601250771101345,0.93936896607022502,0.59444250882016747,0.35373018762619562
638,0.37096872967589878,0.91913647035405743,0.58015654826941943,0.34987111279092553
639,0.57632142467523229,0.4342457814262598,0.52595565824980961,0.29883567943800238
640,0.020042139358364512,0.77109067955884381,0.54909766264407633,0.33052138963605376
641,0.27247133706788301,0.68149432784918462,0.54889978505334802,0.32375589755469186
642,0.33057621000924847,0.21008199200708189,0.4916287032972419,0.27415344143131803
643,0.53024476190513237,0.096515551196003802,0.48129965346966164,0.26311219933063312
644,0.11549724302013638,0.3743780248383875,0.50547062774222329,0.28976839842354024
645,0.14793443595933495,0.015775235349184371,0.46128075408389596,0.25289171986659797
646,0.79999963220994696,0.35319493132942592,0.51932220301361121,0.29069637933215026
647,0.59373686911951518,0.65807484526854243,0.55430720642401188,0.32282791449012049
648,0.71591612553690798,0.40250952993229733,0.52439442030400307,0.29579643664898891
649,0.46646567426976981,0.51799831155835419,0.53416361429410686,0.30737970354903577
650,0.50129996014492362,0.65018411988880254,0.55135441536984731,0.32166340056779963
651,0.86832810003421046,0.086105384420382333,0.48506194158779053,0.26266639794864771
652,0.70018531323414068,0.78662961685453781,0.57196761041837907,0.33691147012918482
653,0.29152214814146288,0.80345010638631642,0.56412519469032119,0.33694657453960819
654,0.90768486050552466,0.092715676557889676,0.48641652254993256,0.26339514339042147
655,0.47355115277796289,0.80566743022726162,0.56951655566727399,0.33822902836505586
656,0.053522638595255564,0.97669497608958045,0.5745524648770941,0.3528976610422877
657,0.80346068959262917,0.71414149850175024,0.56488490582986972,0.32931752744135662
658,0.19191301993123489,0.88043043549984001,0.5696344995144319,0.34433171405001783
659,0.29649530085710579,0.67020588564606154,0.54830292548798143,0.32272232037356563
660,0.44646920848217558,0.29563168616081825,0.50547360385408147,0.28368199924514387
661,0.071305461968213787,0.39020275627257067,0.50560469546341436,0.29094375149825868
662,0.19947147114857799,0.76625075096354123,0.55649569645378227,0.33220217585030526
663,0.60473461037365484,0.99432393171406586,0.59461062999312131,0.35896539090679047
664,0.14954546074316605,0.33302398248760728,0.50160630100873471,0.28575689919864589
665,0.77588762256811605,0.93025270071605926,0.59032623222273639,0.35249484117442181
666,0.82010149726815296,0.65822498163093113,0.55826354465560546,0.32333713970337008
667,0.48152191722270804,0.74098902043857373,0.56194617759444043,0.33132197217509413
668,0.13584996458900858,0.1639524771450204,0.47976512715508124,0.26800659308724611
669,0.010883071958937217,0.64227472175954603,0.53338603556401998,0.31671941498034245
670,0.43887365732825129,0.043007118600176183,0.47245219735229305,0.25727345077192182
671,0.86153778627266875,0.52469481584917532,0.54216180600765529,0.30907638254207342
672,0.16065195404532134,0.97641471642233668,0.57944552054197174,0.35425623300100312
673,0.55470242123695801,0.97395883240249248,0.59118549989200808,0.35661463676880689
674,0.13745461533543421,0.86878965729888302,0.56606245158232682,0.3425071585581887
675,0.44478545457952429,0.76042645392621644,0.56338334413333002,0.33324323718849225
676,0.15561295991129009,0.5950337688278291,0.53422466656641654,0.31351955147299254
677,0.10460869546827162,0.25335569868251917,0.48989892734559776,0.27699343357361456
678,0.62181736668894305,0.76813162451287498,0.56826968781383191,0.33472617236023977
679,0.65942121621287664,0.88755916958366299,0.58324628232807563,0.34765862796332742
680,0.23688748265431495,0.8205360669088666,0.56428947226695514,0.33834181796312068
681,0.031913437690550932,0.22793068319669693,0.48370718217481368,0.27354820818270881
682,0.31493974658410301,0.46448096521619009,0.52350903333796051,0.30090500710191309
683,0.31391066679464419,0.64053734537701823,0.54523234453037928,0.31966835422562428
684,0.54169822894708497,0.032719192063028459,0.47310058849854736,0.2565380197104053
685,0.52554434624280555,0.8162674985399121,0.57200566616656778,0.33957944329676437
686,0.29633744052749827,0.69334286621896324,0.5510987308962354,0.32519562386959988
687,0.86893845860877772,0.11206863973123254,0.48853340499049874,0.26537376127424722
688,0.2342749427036033,0.90067950252393503,0.57357775532500532,0.34689249234311814
689,0.30481094361600702,0.36107239275836622,0.51020110354358272,0.28988381956624676
690,0.13473019502615791,0.8260957560279989,0.56096283473446573,0.33791994155014665
691,0.91744688632056359,0.23865836524051848,0.50591102205605409,0.27871207978608359
692,0.80911124295893833,0.86479389040834509,0.58313687407611281,0.34551768471671074
693,0.62790138040705357,0.17948881259051852,0.49395387351807796,0.27202910501384558
694,0.31858524869038957,0.93000153454408285,0.57983301248801355,0.3506948340931193
695,0.38061893924280304,0.67109572433641884,0.55088300083129793,0.32334007832035749
696,0.7211530970623834,0.81698045047564671,0.57598133041004762,0.3402186174490463
697,0.059657515283522665,0.089820118048146838,0.46751903241280923,0.25964855103899237
698,0.72411766685567569,0.058458026065712335,0.47946017633465771,0.25959663718383263
699,0.91866723427757391,0.65442766413734066,0.55918885686574771,0.32305317955797264
700,0.50190055455729599,0.37165981387988434,0.51644660892484584,0.29193827532290539
701,0.27915230765958549,0.19357185954578454,0.48810185709892162,0.27213683862013716
702,0.81390989485554166,0.075096199050813453,0.48290609568359427,0.26145649418511668
703,0.15574576125143794,0.5562784937166958,0.52950468038293641,0.30940226179668412
704,0.31035369298978477,0.69204702738953061,0.5513792058403435,0.32515338996068227
705,0.99048841670594412,0.90598045656421455,0.59057189437059154,0.35014790624459818
706,0.43359118730671475,0.44661746886497133,0.52441163071386165,0.29963004500063817
707,0.83314547718981058,0.2911689758957946,0.51171687116966247,0.28416519287739017
708,0.16308677443616323,0.18269744695007104,0.48309704810727067,0.27018127735322806
709,0.54381804257022459,0.50000389057492134,0.53361632755244814,0.3057467319077255
710,0.5430291148562334,0.93213877211349316,0.58606746645277907,0.35208508787875858
711,0.73860132891648689,0.57594341824237494,0.54675216502206159,0.3143721107741006
712,0.35108786141121529,0.52814379822170598,0.53247740744119165,0.30789681248882567
713,0.90689411515489926,0.83609737611034662,0.58115683122731299,0.34256247029909093
714,0.48819804449441145,0.0050812976293615067,0.46845381965181621,0.25353488497234355
715,0.48620576538507598,0.36360132393693789,0.5150763282992854,0.29102619776379701
716,0.55218087166069307,0.62317280421172039,0.54914921807111061,0.31895309104301722
717,0.89839791353355403,0.35521265965948118,0.52092348174759462,0.29103675608959007
718,0.66137853000579638,0.012330687461292837,0.47238811538625342,0.25471248871750146
719,0.37679895188995871,0.96836272023360948,0.58602855058175607,0.35518115690150959
720,0.29308362496393969,0.42366375774113696,0.51774953830549575,0.29643466626334308
721,0.17039181587266503,0.65745967664060889,0.54236138769577191,0.32031237343945346
722,0.15060774095627713,0.82012441201802577,0.5609292769262324,0.33746040724142945
723,0.69216817566828104,0.76269674687586964,0.56893633384139786,0.33432158909088305
724,0.18744812518201071,0.0090926160632050605,0.46167207749750722,0.25250332315961976
725,0.50973982766411507,0.69564176304376446,0.55710529776094697,0.32657078676172074
726,0.60135036754499893,0.49339438901984833,0.53393735487912275,0.30521745298862263
727,0.9539503672141233,0.78762682641478032,0.57596027165078034,0.33739927502684225
728,0.86921425935010199,0.52319252428462493,0.54207818695210408,0.30892517906361366
729,0.69766694556650477,0.77997994408773963,0.57112155453173508,0.33619123859038536
730,0.81357741795220639,0.4318388027509325,0.52965325133087238,0.29908834286409436
731,0.34356305077798899,0.72957511159899879,0.55690758303393095,0.32938595693086214
732,0.13495824687835994,0.80201188309375437,0.55814557589109004,0.33535296241607987
733,0.15533564249837073,0.25960787930862278,0.49257504457467294,0.27812208595520249
734,0.82792914310545906,0.23354946559556994,0.50409171505364103,0.27807096276385374
735,0.7966884728500504,0.32403183094727572,0.51548996489522791,0.28759588284559229
736,0.88456703705220718,0.77533924409277977,0.57353129983559092,0.33600635643075633
737,0.61974097691116625,0.37883283260524042,0.51969922953021985,0.29306034970224781
738,0.4550714037828264,0.16361449774339562,0.48857068742868132,0.26985340888963283
739,0.75821639673385066,0.012987054655665999,0.47387110043513947,0.2549447072610726
740,0.90349226923115789,0.2160617774702725,0.50275911745225721,0.27631609143515845
741,0.50142058174753334,0.46519533638950672,0.5283200735374991,0.30188417161487247
742,0.15716938739990582,0.57576816314804602,0.53193957235415157,0.31148699360817678
743,0.51591750438144668,0.87581965516606586,0.57884502816086414,0.34593635728614558
744,0.66475574591547493,0.99719666234023174,0.59613698133735749,0.35944240319472825
745,0.33438248261654518,0.94130637703690445,0.58163580267266679,0.35201389448722653
746,0.98164479983305797,0.45434372058260492,0.53475026310658902,0.30167730058623854
747,0.0010456261574407109,0.23062109623494326,0.4826442990821147,0.27343357277432095
748,0.84457474906918362,0.085715750738943455,0.48471519793564632,0.26259899315027102
749,0.15392466118148296,0.54133297565906546,0.52760521120595838,0.30779745192065205
750,0.85063342577592704,0.32780838983479194,0.51673233294119991,0.28807079016268006
751,0.050265900750353469,0.85870821754055793,0.56085624162854797,0.34029500210452052
752,0.46436552335195014,0.52365861686900028,0.53482222662545498,0.30797529480582353
753,0.22718318298083032,0.087453068111755433,0.47294989097329765,0.26080505944603222
754,0.26962373228453801,0.58007751275688646,0.53644913914829784,0.31290662007929615
755,0.85903149153630953,0.15296818196844542,0.49384968344625252,0.26963969430655166
756,0.10186259872867959,0.35293908402583329,0.50225482756202788,0.28737459572548263
757,0.18366105050636689,0.20985107878233539,0.4872451236500388,0.27317001954227227
758,0.047109190889669118,0.27990352296287896,0.49085555183099389,0.2791256975452141
759,0.84021425535575256,0.77405085372264726,0.57273153207760463,0.33581056961669287
760,0.70544683662947505,0.17195779425433139,0.49421789842919828,0.27140161144882202
761,0.15550769096164732,0.61174904697445454,0.536250625309875,0.31529642874958552
762,0.36009125382268103,0.65886220165713461,0.54882021355471622,0.32191419318672471
763,0.71299779115008433,0.19732154562332435,0.49767284755880686,0.27407756838483527
764,0.9224985454094714,0.22729939377390546,0.50447402706128119,0.27751903015801482
765,0.98198739658748968,0.28699321302335012,0.51303124820673873,0.28387745621935129
766,0.82444568593116707,0.79411763900824595,0.57491707847822693,0.33794476867976592
767,0.35935749584204751,0.82905520320542858,0.56924489458019945,0.3401440839835822
768,0.23590296751946443,0.22001989926932147,0.4902125423469042,0.27461662610611431
769,0.52453878194083237,0.87442133623521079,0.5788789378461584,0.34581980467574591
770,0.19265983731049346,0.27170266284687677,0.49539594882882187,0.2796985467798167
771,0.51775456657792673,0.90836352306810442,0.58271131008224253,0.3494370249270799
772,0.98241673791228101,0.59032300261751525,0.55201203553582245,0.31623267245532671
773,0.62765775799249535,0.031326743017660919,0.47438366211503363,0.25660409772863513
774,0.31444035751452903,0.44203812747556953,0.5206831502209176,0.29851831868747852
775,0.065381579512020102,0.96221908672360013,0.5735010380149449,0.35153268802473997
776,0.84608461706467208,0.43276198349877959,0.53023300393499273,0.29923189788908527
777,0.33821440552360144,0.809872626204032,0.56634519109294679,0.33795551228395337
778,0.21721680718163261,0.85507476230392943,0.56763361604655072,0.34186174138506908
779,0.16429356232489226,0.22235340278990334,0.4881745399698591,0.2743138782475138
780,0.44503082004288447,0.91605701531328965,0.58182737366792325,0.34994295283288795
781,0.44573800198294927,0.2632139276137459,0.50128113993643175,0.28026235620237017
782,0.39612465024924604,0.54019224797553622,0.5351915842611229,0.30942521478807528
783,0.99977761505170493,0.33250416939553107,0.51919250177737353,0.28871602656666956
784,0.38071893501280579,0.78037764483700733,0.56406729547111212,0.33505101415670963
785,0.62722556498105408,0.19727566663759064,0.49627513298614939,0.27389351893304209
786,0.19252321120478447,0.93546428204780674,0.57603281085785152,0.35021879478538243
787,0.42338538292822198,0.77420322937426389,0.56448490692533881,0.334616899994856
788,0.12961729412785497,0.82397653593426812,0.56049574444338812,0.33763484168926838
789,0.8768485596516985,0.60228903929585365,0.55213198541573838,0.317410433525736
790,0.97260412320111644,0.36835043475303103,0.52354433339342843,0.29250409892116341
791,0.83713933622291081,0.89442026208293401,0.5870786205101064,0.34874296654893699
792,0.67162488902910855,0.038246324298961555,0.47599265649207495,0.25740903163886247
793,0.2879290317161125,0.92072568787831122,0.57776478047944468,0.34947772919361497
794,0.40862682069133738,0.87730105893149746,0.57632258584490437,0.34559962604699679
795,0.67785645853242615,0.86738988056395905,0.58120822735158539,0.34553782787310916
796,0.76195488014885926,0.93115459036316028,0.59020077739095911,0.35256651283046714
797,0.92976965508948783,0.87901665107366866,0.58658438242879873,0.34719860350153486
798,0.11030970032043989,0.44889551705302438,0.51449879582956026,0.2975619030244569
799,0.05775878672009567,0.26738278818373806,0.48975180094365822,0.27794828960488532
800,0.16587599667190808,0.57909522270037561,0.53268176006228551,0.31192622088309852
801,0.27614461215216435,0.87478028012240538,0.57201839494867013,0.34446807813869895
802,0.99785698805049761,0.90240166555746704,0.59024225700975774,0.34976890072469707
803,0.3406004124114872,0.60602371856112736,0.54179936748086632,0.31614805486746139
804,0.18689176727259765,0.68794768162035624,0.54666435860266971,0.32372284438431659
805,0.038462128003977705,0.18132040392117343,0.47816010779464641,0.26881087405086568
806,0.1913002967192442,0.35259484325944218,0.5055536012550923,0.2881792932294589
807,0.73890358144784118,0.17752556444759249,0.49545589821106978,0.27204494662754364
808,0.34723682327106364,0.065973694072279612,0.47338647163035902,0.25926206513323075
809,0.07831851904712385,0.51923391439354749,0.52176936749782676,0.30462537491043823
810,0.64243169589185867,0.66219726170107029,0.55576257708120858,0.3234068341464158
811,0.10733372650166276,0.88738361611767913,0.56689549278607188,0.34412781527749703
812,0.17005834634617203,0.050004776799550746,0.46638146868232394,0.25655643327960947
813,0.34578425342963309,0.30334022954265821,0.50399053646924241,0.28402576910321342
814,0.12027325731754536,0.44154313336560735,0.51399445326836757,0.29689199890260731
815,0.82847636068750874,0.47368614537267711,0.53521668123359079,0.30357699995693399
816,0.59748277873526101,0.52322934449483871,0.53761968058517007,0.30839464698046609
817,0.74306864820915508,0.31224242648886286,0.51316199237015814,0.28625895564109072
818,0.071047996437537952,0.064076004294061573,0.46470747548214264,0.25713526668096404
819,0.65191167598710165,0.91868562720877822,0.58676214704519059,0.35098217454729863
820,0.21325530521218899,0.43850113420950948,0.51705906541845326,0.29742825477121176
821,0.78986233776487647,0.50078053953471824,0.53809186187321423,0.3064151982639694
822,0.22816831031726906,0.58312323838270974,0.53544078751936819,0.31291088490701596
823,0.40903274848054866,0.11092391559222015,0.48068907189774995,0.26418658897955433
824,0.71493089667231546,0.77060819333164265,0.57029513497628659,0.33522191305132365
825,0.15868749067260651,0.54229562994731828,0.52790728756048233,0.30794652471799916
826,0.82903828777408928,0.46237257818266519,0.53378168596212761,0.3023692608055259
827,0.51402072951860034,0.84029204968769344,0.57459933756099202,0.34211452330338415
828,0.48537237296275559,0.36670327566292837,0.51545458686488821,0.29135200381715237
829,0.99018146813261565,0.034820989065908366,0.47956462294809543,0.2574465722021656
830,0.32544055166376057,0.35838038360622015,0.51044324882060432,0.28972172849788114
831,0.44926775267688795,0.41096210198592165,0.5202727088660184,0.29590671580614009
832,0.2555827958358568,0.81645822078223573,0.56446315596096308,0.33806161767486426
833,0.23995669600049732,0.37383215617368698,0.50984292976433476,0.29079732741688613
834,0.78668533726352041,0.43842943011739993,0.53010142689500128,0.29975025047068027
835,0.93274781243229521,0.61740507475723283,0.55477169033642493,0.31909347099873281
836,0.24228454105845887,0.20492050214164192,0.48847735263471703,0.27308472270286049
837,0.95409865011539086,0.79214936151407889,0.57650870054025527,0.33788551560093261
838,0.28456276578131368,0.80263211911869015,0.56380137907071903,0.33680751057985142
839,0.91756801845055314,0.053072318092931531,0.48122306688898259,0.25928140718478815
840,0.68016322539570973,0.04173150048340904,0.47658587522148343,0.25778582948905682
841,0.018513419161399362,0.27906617912998194,0.48947211604242014,0.27868232391446046
842,0.50986767197697191,0.80022972364845923,0.56973129356113617,0.33779672886257706
843,0.86446105023365238,0.35080074269148753,0.51990637476802948,0.29052906090600433
844,0.42291465614048068,0.3397713451054995,0.51058419760406659,0.28824600049932625
845,0.42274882734265412,0.0054701697156182491,0.46718506211477323,0.25335176722938818
846,0.18632378247942544,0.077378624770336329,0.47040789155055646,0.25948466655330443
847,0.27115566216710724,0.20230755909044529,0.48899431546864924,0.27299905863687329
848,0.38965396129387664,0.45807842906139556,0.52475666170914748,0.3006416256726821
849,0.37346783224748215,0.28391751846125118,0.5022208816621837,0.28212155790822635
850,0.81170461881057132,0.8063181132300874,0.57618958837981671,0.33923685399046449
851,0.47401937062387589,0.98605733610849133,0.59068171706949846,0.35758603207238771
852,0.17907166785992451,0.64527350814862872,0.54122290140677676,0.31909802622476474
853,0.39641228175944421,0.67032186429292195,0.55121767298184499,0.32334243058137224
854,0.1293095163405058,0.96138004419965439,0.57638762843362268,0.35228996618967151
855,0.5273908507563756,0.74562763439781266,0.56356823563283687,0.33200189406468661
856,0.83852567419266566,0.1284211039587739,0.49032684593940468,0.26704659517548579
857,0.12471512805024396,0.39425438207072439,0.50830741045499184,0.29195343860698053
858,0.98708864236098026,0.26937430077655011,0.51077404306662755,0.28201717077224492
859,0.63590484545057413,0.24867918842911022,0.50314436235441995,0.27932177567921285
860,0.75451435875772732,0.55031250257397768,0.54379534643951233,0.31165585925022676
861,0.37566997154498244,0.58993504923627482,0.54080402383754744,0.31463034434411763
862,0.22638188577037074,0.45304553268750897,0.51931517771349767,0.29907328570429914
863,0.55175687047784461,0.46870493827465687,0.52983239508540569,0.30243255417133802
864,0.2732611889610882,0.67503490924855003,0.54814418024244582,0.32307134326510095
865,0.18676424277682091,0.71645587168330094,0.55007830188043794,0.32676385345609721
866,0.098286897717521055,0.94787342508161676,0.57344138295915659,0.35045935164367731
867,0.67413039069041847,0.68857697091872105,0.55958762697621744,0.32631768782566278
868,0.73846372981298491,0.63795401957914,0.55446821740578012,0.32102204535665707
869,0.77769076350467514,0.11128474003149896,0.48723992543611055,0.26517574889425122
870,0.32663884072998772,0.79129761406247268,0.56378693785065181,0.33588957508990502
871,0.52050318225891101,0.8512185668070219,0.57604423059988541,0.34331301834853534
872,0.036123640332592188,0.3809777204350685,0.50289688073134009,0.28954227838465901
873,0.14729106950877469,0.3800851257692906,0.5074098034561485,0.29068308319755282
874,0.6171043158218148,0.25903526366507867,0.50416503063066787,0.28036830029760601
875,0.017019934914063197,0.27012344966373641,0.48829280046403306,0.27773442215469585
876,0.79819792288654723,0.65009933263502317,0.55692566100275775,0.32243098036435491
877,0.33301441445403035,0.59248986118832836,0.53991629405721697,0.31465603216823174
878,0.51981687842028923,0.72045969110328012,0.56035090278777799,0.32927216237010865
879,0.11743124988853233,0.32188724112707423,0.49899457565491667,0.2842803216282403
880,0.54068277806238041,0.32080125019029948,0.51072377681436443,0.28667952716096939
881,0.056322040067811031,0.22406402784368257,0.48427212608437237,0.27343454242040843
882,0.21966795361366823,0.24852436285895529,0.49333745200063628,0.27747961380562386
883,0.82990620102813706,0.85959430721554675,0.58284019666530829,0.34499033482005675
884,0.97547689648378877,0.36970121454914334,0.52375366780155486,0.29265014253985072
885,0.91346950949908934,0.28604321492937163,0.51208998203569123,0.28371572419348212
886,0.83926378356079812,0.8378218767391169,0.58038608937790293,0.34266373810802597
887,0.57360764104750706,0.11006491463644197,0.48387822782364887,0.26464162557383086
888,0.28010121441074881,0.55836755696291807,0.53411221934253339,0.31066737361945462
889,0.83900737587810736,0.29894973365390903,0.51281295912204206,0.28499671274667943
890,0.35380684686825842,0.14995616028754738,0.48445698236182938,0.26799783793370924
891,0.9626483160855831,0.7293690582162119,0.56898933946974839,0.3311456323387047
892,0.76426440494336423,0.8401281237484306,0.57947909009312948,0.34279085273013182
893,0.92406562217347099,0.1798207005786826,0.49821006508305149,0.27252443159898737
894,0.22192534071909031,0.49275343916317216,0.52409674590880129,0.30324945847310697
895,0.16604182675977935,0.4116478270796477,0.51204149489040551,0.29418430449748195
896,0.39607289335172391,0.93829939729837941,0.58309895025377512,0.35207133494698645
897,0.030330279013991823,0.40604008666543523,0.5057144967484577,0.29209303934050035
898,0.46487441809530139,0.7674648492219277,0.56473058485497396,0.33409062094616354
899,0.37234415790099884,0.53857328906991753,0.53435773664356967,0.30912761870256472
900,0.53685240378283205,0.63533036293928746,0.55032010005280996,0.32020337369476093
901,0.75705148125070842,0.87204914149154211,0.58315502876223546,0.34620787965443428
902,0.36144911181678763,0.72273429278443801,0.55660233540954873,0.3287614815293306
903,0.41743144637193763,0.91549246452852395,0.5810320740951892,0.34974244478572264
904,0.1491076994936564,0.091536598807165859,0.47100529099498795,0.26065183642476542
905,0.39999751080303686,0.94591882081615042,0.58409209192111655,0.35291005173914008
906,0.75210168277696943,0.49593182813184106,0.53689264066365217,0.30583252655139342
907,0.27921858837491598,0.15600686509624356,0.48327334035831582,0.26822605620987916
908,0.84942336287993248,0.093676050672202846,0.48583819158431868,0.26343366720160749
909,0.068036389137676456,0.53308965705482991,0.52299774594049908,0.30596334048838408
910,0.64233536879803288,0.68598898154319032,0.55868105198982165,0.3259602916755297
911,0.48406791829796281,0.59012828570354037,0.54355329141334718,0.31516235721634589
912,0.099777461952751043,0.45896552951851627,0.51530434574261585,0.29850889963961441
913,0.17187095540004083,0.30251744772082895,0.49857477637955849,0.28275497321724441
914,0.29123372748867843,0.56783288002613708,0.53562605823025022,0.31175362190897365
915,0.29583119890912202,0.51149722793855479,0.52880058726923196,0.30578284306528203
916,0.48320927259131569,0.64837857408447885,0.55071361634429528,0.32139726505742311
917,0.50605238600351155,0.30358038365450923,0.50779597842919844,0.28474414813247845
918,0.14424473907457433,0.062879652223235466,0.46718196119439281,0.25767265194293226
919,0.61927569865215348,0.60644825623504595,0.54843384132879014,0.31736536792689302
920,0.76718077975505727,0.96326882865600061,0.59403632987066968,0.35602421036252624
921,0.37696914689597905,0.26064097965847466,0.49932057022065085,0.27968976204861445
922,0.45420788266015011,0.1737619183432893,0.48987356826868522,0.27091043612758237
923,0.49406435518007497,0.89461074123451256,0.58053943628046567,0.34786430384660805
924,0.66176136985729683,0.20757817779375473,0.49820542181624261,0.27505343596898485
925,0.17473599510869245,0.91799984386801958,0.57331223050287083,0.34817088752828979
926,0.93367639699630678,0.79888939201791076,0.57705219965733101,0.33859082488308073
927,0.28777212874131508,0.43433230784215265,0.51892878731983227,0.2975311507147515
928,0.27701027349199869,0.23660812707139411,0.4935563894136677,0.27662023736130703
929,0.64497685509676816,0.70173228124576847,0.5606567874742896,0.32765750208574651
930,0.89866218436210188,0.28903197168143235,0.51229642518609797,0.28401678544512404
931,0.89597975302793786,0.44675581843449041,0.53270272034535826,0.30078554233569055
932,0.41877508929913165,0.4716729003123124,0.5272038463709765,0.30222975653910905
933,0.94693408169286564,0.33598238342419501,0.5190264964397302,0.28904202701341308
934,0.71981319483815454,0.73087197893901035,0.5655610551803848,0.33096246779962513
935,0.52231287200934018,0.51518696597515368,0.53506734022702573,0.30729428469773507
936,0.80054723605177136,0.55113790945982333,0.54461366435985625,0.31182180134112381
937,0.86308070697045192,0.91745683434339009,0.590181846911775,0.35125280028548289
938,0.26489093096629951,0.16308650666262256,0.48377855897501604,0.26887498429298873
939,0.84963115236576414,0.17167283645543505,0.49620991846979157,0.27158975807036417
940,0.99900751753336514,0.099305756695906161,0.48831676014249953,0.2641571122910068
941,0.093973137577774465,0.99587159365309641,0.57870693148015762,0.35551548637399982
942,0.46001938644269252,0.1682427659547073,0.48927964284844028,0.2703552017461015
943,0.45123695793495283,0.78024188690757146,0.56592367299564517,0.33539949708840111
944,0.39972200174740286,0.97022977988653591,0.58689515326821362,0.35551397891100261
945,0.79483840712731479,0.20920298515794566,0.50043346655329501,0.2754609203201327
946,0.44695226916504327,0.24221326065036702,0.49859571011277587,0.27805807580500846
947,0.96893605229187529,0.78566453022348004,0.57591686186753166,0.33720140707195179
948,0.66679663399598799,0.41603925657299118,0.5253041119399714,0.29713302752874177
949,0.10219790028285934,0.58563480678385826,0.53088863136730491,0.31194289012726578
950,0.23986184810952982,0.73446916436498288,0.55416995480175124,0.32916220100501203
951,0.76098859267417573,0.19858860322010005,0.49855481192930201,0.27429314623326528
952,0.76492102868737422,0.60884467379475249,0.55128392764458423,0.31794802480984974
953,0.50178222186506027,0.44750541349818235,0.52609182536366195,0.30000075946525251
954,0.3151002008793759,0.070795037279592368,0.47321336914443007,0.25960102466729429
955,0.45562862455238357,0.98381628390984843,0.58995782767212768,0.3572600568089267
956,0.022593832635611762,0.83528343803681204,0.55671775320909689,0.33738090713739499
957,0.1741232045747689,0.91334175718870247,0.57274925064181548,0.34766691760462537
958,0.33642199742464585,0.48419187490913318,0.52658922759595661,0.30313039699493322
959,0.56423654923698641,0.12037404910867336,0.48506628076648306,0.26569034440643824
960,0.41063282014128055,0.22384674243562622,0.49539087778403912,0.27597960108038366
961,0.91034166328160793,0.19795279259592063,0.50044829412885328,0.27441697119552644
962,0.52130460214350605,0.090891719406179627,0.48039073889969286,0.26250161695374091
963,0.88122602096745983,0.43402152945426059,0.53087375846956741,0.29940980713167664
964,0.95584056639693449,0.47708434306088604,0.53734724468158102,0.30408491293117063
965,0.76895300969973912,0.35844033404592196,0.51954420881551588,0.29120485968221443
966,0.33620341498480411,0.35433645159549776,0.51022674578143268,0.28935540609282739
967,0.62219170898100129,0.36397387245496504,0.51783504187452878,0.29148823121485151
968,0.63987486312953989,0.088260856022022202,0.48212767928458111,0.26253115657450221
969,0.37165604431465038,0.71108672815406471,0.5554852459359314,0.32757296403446523
970,0.41534993892906935,0.17122768683311299,0.48868162818827693,0.27049224287703949
971,0.49461515485624552,0.59179584114180184,0.54400250847989273,0.31538285461393351
972,0.021945411809522194,0.53384063571713636,0.52091008274181783,0.30542309215452473
973,0.061612193374580237,0.5379173868228565,0.52329225230963572,0.30639220805759199
974,0.03110997639667476,0.6307296037367196,0.5330327220725406,0.31579924864347236
975,0.87821211686554612,0.4996348238853156,0.53921366130343051,0.3064154551415072
976,0.29314893780743007,0.54879739321385279,0.53333763862943517,0.30973742761678152
977,0.49019033336554424,0.71569512577884598,0.55909050113963699,0.32864422502502155
978,0.43137220943659776,0.8540570327433642,0.57419242696303963,0.34322402107594624
979,0.95779042769871892,0.6938253856787342,0.56456629292707039,0.32732234099729562
980,0.73320592197243828,0.15635137108342023,0.49257677666878918,0.2698158757638191
981,0.35132823316758732,0.052072563848563007,0.4716742722525869,0.25784787814130322
982,0.075617141771002205,0.23466491315338064,0.48639848463280899,0.2747476711209797
983,0.53624036111749007,0.76663807858884103,0.56629938289082771,0.33429012265374675
984,0.77301196826846574,0.79307953635308659,0.57398293569058456,0.33774982978340018
985,0.43858328100113436,0.27536655418894956,0.50268562584798782,0.28151323714054577
986,0.59385228873178131,0.78644295289717847,0.56991113083778466,0.33661049066505927
987,0.60144119402068907,0.64105082282318038,0.55236532401420146,0.32102470066103977
988,0.75234877812481726,0.54680570013319385,0.54331985063533139,0.31127638269102992
989,0.82117637052949288,0.23481690243702616,0.50416693325294781,0.27819560358790518
990,0.91980373749363942,0.28968173837926009,0.51264497920106333,0.28410721317585835
991,0.79144732754250291,0.7326493414629367,0.56695696630746362,0.33128676243597638
992,0.10347481547846693,0.48592229713817359,0.51877434113410026,0.30139716324734878
993,0.96635380374154778,0.75898935389673572,0.57264864459583587,0.33433212893164393
994,0.28722023408975222,0.42419682103771483,0.51764082529295563,0.29645296998279008
995,0.77149330545169081,0.12307410517082318,0.48871951728592061,0.26639709629339925
996,0.036643791446590329,0.079428233523259409,0.46528230149190192,0.25833999208827674
997,0.74095170149322365,0.43806268487594791,0.52934976082330265,0.29963267739505567
998,0.51225050068503475,0.79468556058005202,0.56912319564766511,0.33721086785578608
999,0.071870938007289081,0.83695776224731244,0.55938963879791215,0.3382875458049317
1000,0.68030071521479407,0.15257686437718804,0.49127147094009771,0.26932333303811951
1001,0.15073970010170015,0.39577433664515849,0.50949578297394094,0.29236826515301972
1002,0.24807903415655019,0.87966244204583344,0.57162292184350827,0.3447630796006031
1003,0.096319651790556973,0.20099421090764227,0.48298464804321611,0.27147049762195707
1004,0.0082445205217343762,0.38130408686286538,0.50162054405582446,0.28920103976006345
1005,0.10816725866653724,0.081276965188921899,0.46826897236242049,0.25924671017944384
1006,0.064773903922911269,0.27946620380255627,0.49155800900163898,0.27928635196117907
1007,0.70974652411866701,0.7717281225780841,0.57033971673816886,0.3353311397621343
1008,0.64945541625058978,0.37320796574520648,0.51950882455791958,0.29253612304091026
1009,0.63047144339006633,0.97521256400843859,0.59292642670213014,0.35699135025713502
1010,0.36208338196558182,0.45254982081424677,0.52333378632200422,0.29990980132652595
1011,0.37841196161621482,0.51342670904461996,0.53139134773956631,0.30647819950680488
1012,0.29986781996482753,0.99744008586631394,0.58699671724700364,0.3577782559816769
1013,0.92101364437794553,0.094581029629649135,0.4868209925071762,0.26360202791072901
1014,0.93357582216720336,0.90553459997997865,0.58977350372391646,0.35005132358973795
1015,0.92696754896225175,0.52032367333286678,0.54248551977160542,0.30868250423729587
1016,0.93430766566953394,0.86102632938498869,0.58450729127275247,0.34526985760452167
1017,0.33902226344324882,0.24797493801893433,0.49672213257247738,0.27816795364542396
1018,0.6444098958043033,0.57806109558251928,0.54537648484334589,0.31439016108369278
1019,0.37328470288877147,0.46942458203622378,0.52575188391163519,0.30176444202281277
1020,0.66702086692018203,0.89027169695104247,0.58371013962287877,0.34796931833400091
1021,0.71204997327179886,0.76586579159292167,0.56967166562985316,0.33470613494136109
1022,0.95315083011040702,0.19076129324651556,0.50000094351310065,0.27370007473274521
1023,0.71932560481379049,0.77189317411532399,0.57052676749486608,0.33536928776360758
1024,0.22650488751298981,0.58526727525779287,0.53564569186747713,0.31312563546236999
1025,0.23609275626229356,0.60984659485089365,0.53897898973391867,0.31582345511051696
1026,0.52898179752939611,0.50803140741459796,0.53431228312338341,0.30655347502491731
1027,0.44035549751314101,0.64599788681155768,0.54938365703101077,0.32095480886506911
1028,0.74127786061639211,0.52248779666622869,0.54007836740182824,0.30865287032535493
1029,0.53254614377402465,0.18556362245277269,0.49301573367979512,0.27241070726779615
1030,0.50363734305832775,0.93155003564475336,0.58508836654297836,0.35186833164088516
1031,0.77339771961098314,0.70016811040694593,0.56270112067242606,0.32776633164080382
1032,0.62226752049828649,0.23974870617465352,0.50174271738654042,0.27834814462818175
1033,0.86090239379130074,0.47015329858217159,0.53522229860112469,0.30324270798562353
1034,0.31355197203581919,0.25737601715064379,0.49724308759303465,0.27901453103137386
1035,0.63676480783891165,0.39564732559610855,0.52216370830684922,0.29489112870111928
1036,0.34468967692897423,0.030419864120741841,0.46869219043565608,0.25558914647667325
1037,0.21021767720308854,0.26913308053334478,0.49565092198868604,0.27956592709704498
1038,0.81250000498573061,0.083669434581103277,0.48403113633448952,0.26234642972278038
1039,0.48911743986877848,0.74340795830663997,0.56241891792195653,0.33161335420075205
1040,0.079136233608832124,0.90820712411383864,0.56798644330458858,0.34597578739752027
1041,0.49799467258685037,0.67521906270704934,0.55434420224307279,0.32433434313982301
1042,0.82064850482350449,0.15959782434041847,0.49423099892026845,0.27028714683269345
1043,0.97600191408112891,0.31580543128323046,0.51673703626113998,0.28692575474555215
1044,0.70785769909456142,0.3248945919821854,0.51425216081869685,0.28753434262868838
1045,0.66795048862836559,0.53196970942175248,0.54003038980619211,0.30951307778885262
1046,0.13338061600163348,0.70030005974503007,0.5460175554617146,0.32449047088819466
1047,0.079534123801311946,0.1665917877421598,0.47799148504692496,0.26774209492708523
1048,0.91716118347687881,0.011418727110663895,0.47562408561139369,0.25496744641465491
1049,0.80476670984785315,0.79421870557913787,0.57462574972230251,0.33792546193657858
1050,0.2298070291114622,0.25609035313989736,0.49462041508006188,0.27834452868111276
1051,0.76541546583910247,0.69552383911142823,0.56200335410530433,0.3272533386674385
1052,0.37287694955280748,0.28572083477579291,0.50243713585343253,0.28230853750139268
1053,0.5164399304294377,0.88145310845962965,0.57952076850434231,0.34654319209491297
1054,0.31280898627253484,0.41301320015770621,0.51698850908922711,0.29542958103540701
1055,0.52623695803488368,0.57927201727499489,0.54315403470072754,0.31416092744741331
1056,0.50071053474497751,0.1315297301109298,0.48532310444229637,0.26666461283724857
1057,0.5263066636557342,0.98518508568265251,0.59183852692677363,0.35771267537888929
1058,0.62161078152376004,0.030311213617108299,0.47415106390976136,0.25648601091892043
1059,0.14002775628153469,0.32399412995489546,0.50012035128358479,0.28472081704357832
1060,0.23339345260026167,0.68846561004623075,0.54841917201426482,0.32419225630097726
1061,0.47969866783580511,0.81742279603217027,0.57106733866957693,0.33951761994703356
1062,0.48290452804652739,0.55542844805732605,0.53921744802076232,0.31144584973134304
1063,0.78929662170897941,0.82255938816656127,0.57778562495438002,0.34094641174977269
1064,0.85131067313674147,0.95873991532720393,0.59484019573358415,0.35567048494998743
1065,0.36488530473479769,0.79975424499289371,0.56592798651087239,0.33703625971942192
1066,0.029996350538276605,0.75616061761874009,0.54786028202895565,0.32908922086627429
1067,0.57933167912458305,0.49085267931265991,0.53318610465017957,0.30488191855758306
1068,0.29186368268985535,0.27060309474469396,0.49832729353812033,0.28027525557919059
1069,0.65345306967193029,0.47094825253767197,0.5320639944139256,0.30295673859226313
1070,0.69952405461025191,0.040897312770306594,0.47676408014148752,0.25773480927030362
1071,0.43735590610409858,0.94333214054991266,0.58480206336169882,0.35283024931115109
1072,0.49645321054667002,0.83295283869210401,0.57331622181699216,0.34125564580663831
1073,0.62270250049825993,0.94084286982548659,0.58877681047604691,0.35328031189963538
1074,0.55344744911346355,0.37915115691927498,0.51847252652472731,0.29290583190445013
1075,0.031544000950327611,0.084656098130659663,0.46572976484342299,0.25881631429812696
1076,0.78180749976000519,0.7635295629104949,0.57055575100669265,0.33458913868098694
1077,0.10935727486653488,0.07311221989389742,0.46727384260326299,0.25842150709639111
1078,0.31963298180917044,0.21279279131678633,0.49168709744142242,0.2743778199562773
1079,0.91850203574813216,0.42661307298358303,0.5304085913236245,0.29866025197528617
1080,0.55679546033643423,0.15658240168696502,0.48968412780940723,0.26944874715046069
1081,0.0777969444725779,0.81318762283761759,0.55689776662831214,0.3358369499818793
1082,0.67469966081964095,0.96977613726091805,0.59315392626763275,0.35652531379270352
1083,0.30452938858884154,0.29802198330353713,0.50218413254169825,0.28323337230938705
1084,0.070105398947012149,0.62194751341462839,0.53384478327506046,0.3154019038676712
1085,0.54948960489662135,0.055573596049926711,0.47625985106370139,0.2589211841650344
1086,0.20930796682134969,0.4997107303874917,0.5245223259541697,0.30388432635243928
1087,0.49384747829557163,0.6481631680865888,0.55093500692377118,0.32141732390785543
1088,0.68415569763715611,0.15573397513398668,0.49174845340472501,0.26966135249147882
1089,0.027279520709055944,0.87643744323052242,0.56172467095304546,0.34182936167004019
1090,0.0032030795807833786,0.19746333757039394,0.47861753554809311,0.2700405712810281
1091,0.78383518664935836,0.29484571740928806,0.51150397621842469,0.28448385824751238
1092,0.1572614082247368,0.49634059293133909,0.52220632670694089,0.30305874529237614
1093,0.29712022665337429,0.51204211793394061,0.52890733858482231,0.30584936395071083
1094,0.36128182742971693,0.72606111434303466,0.55699862519014387,0.32911690379552105
1095,0.25113862364612288,0.87126851734021915,0.57074977477633859,0.34389055274115149
1096,0.2668366662287503,0.75639153604927711,0.55771263762455858,0.33172331384577736
1097,0.55186314562343763,0.95674150496107757,0.58912748039223739,0.35475732970484697
1098,0.75622005540983517,0.4382549301637686,0.52961409729774656,0.29968062201076456
1099,0.67995056549439914,0.089666752354300119,0.4829475527100896,0.26275906690481182
1100,0.15012548845644344,0.66228816083279674,0.54214367522407625,0.32062127259714696
1101,0.9568955117034843,0.7819074070756673,0.57530679777286642,0.33678715519177704
1102,0.76866762031988478,0.074144304795342036,0.48217513700199083,0.26129520748833779
1103,0.25070626281081937,0.669801261684706,0.54676108607712104,0.3223391630371979
1104,0.69877170191969495,0.66563952534365245,0.55721001907690593,0.32391155522523735
1105,0.3211954643342062,0.88682080311599421,0.57488708718104897,0.34608754943803904
1106,0.97250083083327632,0.62391198368103939,0.55609039400740856,0.31982796258318391
1107,0.12357887325427729,0.19928007903142134,0.48379758821969365,0.27155576308772911
1108,0.84559756535625785,0.35355508728722346,0.52000904612452037,0.29079810201603706
1109,0.07755487544111675,0.27489457724714889,0.49151869605480625,0.27895289652517191
1110,0.21747587572984631,0.5878722542768926,0.53564919663540511,0.31332787466940787
1111,0.43247306418634252,0.21185976932648337,0.49434162507022705,0.27481395508137613
1112,0.55502534795607217,0.45517532698191937,0.52818661622820917,0.30100039475406831
1113,0.35728362178424139,0.8786143419403234,0.57502210292028844,0.3454439913537834
1114,0.6641658161759959,0.99403557696571809,0.59576103470911068,0.35910179793499653
1115,0.28489178399072262,0.55192544443629454,0.53346797837938431,0.31001427431329476
1116,0.58388235102723118,0.70442248899830739,0.55978023445535185,0.3277714574477078
1117,0.35806667556759209,0.89824485896389239,0.57734269823560447,0.34755297049888251
1118,0.63957543049323151,0.060971677408379041,0.47850823214663118,0.25969758123576397
1119,0.33420909022748235,0.11167653823514702,0.4790038869198322,0.26392516760958057
1120,0.074082771818491169,0.029672297145903578,0.46046449926035016,0.25366216473593939
1121,0.35264793618124679,0.4784793077228009,0.52632770637556536,0.30261564534211161
1122,0.87759642904674406,0.57779295097250727,0.5490752082519339,0.31478448173418971
1123,0.49034151306055718,0.5449879427032196,0.53808663549488212,0.31035925055809166
1124,0.46750115289342359,0.40632345113422491,0.52010431893001552,0.29548852443290186
1125,0.059481951257830956,0.44349158807402711,0.51165472112822485,0.29640288179221247
1126,0.85504682860848269,0.99645901174208851,0.59927511125019206,0.3597234510843797
1127,0.30732992170335494,0.76982766697682681,0.56063004213677781,0.33345886650901368
1128,0.72547929826172775,0.020314779350406025,0.47439605227704579,0.25565073053464699
1129,0.66594423455266516,0.67232242683599475,0.55744404887717136,0.32455287678757633
1130,0.48599320918266897,0.34040898386194607,0.51210229096007676,0.28856804653067619
1131,0.50675050727933413,0.20903596439050745,0.49556417369234484,0.27478992687150106
1132,0.51707238282585755,0.7357807343569468,0.56214505825098249,0.33090604976772353
1133,0.11621075793317287,0.63146087987463695,0.53702904251572459,0.31697123298140434
1134,0.15683686310170453,0.37135306306778221,0.50667449089163685,0.28985293366232301
1135,0.24232921980473912,0.76997577944836815,0.558492887661037,0.33297952368095401
1136,0.82034232551316966,0.91204672881899174,0.58889887755512271,0.3506120094867699
1137,0.29840131661052582,0.47102479566080729,0.52383872540078114,0.30149563255604878
1138,0.81675474008444005,0.081366827884537626,0.48377949127821984,0.26211231887893782
1139,0.41161399988903435,0.36742977350038708,0.51383955661866976,0.29112310674635417
1140,0.38863809087254342,0.73612726686001995,0.55897846207423829,0.33035144412307116
1141,0.098008773362555077,0.10091653502607952,0.47039091011458889,0.26116603130852784
1142,0.5477688729449991,0.023252442885620988,0.47195829715788262,0.25557793035409082
1143,0.40010908099889059,0.90494372209239526,0.57932722750354415,0.34851773021606119
1144,0.8251800787340966,0.7848767643699307,0.57381366886384555,0.33695258493947877
1145,0.1590623930614791,0.35142131057340886,0.50426165037588644,0.28777649405185318
1146,0.047317774222337176,0.16245701787354191,0.47616662605609211,0.26696868219592312
1147,0.22276670418683206,0.26277493939594138,0.49524775722005437,0.27899351774024067
1148,0.37032951357277344,0.30491944252758985,0.50483070676853692,0.28431886376038273
1149,0.82918950072118314,0.87973343448246599,0.58522003932689382,0.34715346893779436
1150,0.76642823320279141,0.95531529457858999,0.59309780396837841,0.3551690146462908
1151,0.1708356493400992,0.43452620016912696,0.51506399463130004,0.29664423265085904
1152,0.36767949226679053,0.50413353025297403,0.52994371449383171,0.30543024617537556
1153,0.62390778757437371,0.12531208694215165,0.48675844891862852,0.26635412286286592
1154,0.91503644826301611,0.57325759987508651,0.5490115698841872,0.31434052301765064
1155,0.23415298612070037,0.81872761671174099,0.56397866412359476,0.33812483000743426
1156,0.11344317392416997,0.15013943255859194,0.47720206520611752,0.26637629247495859
1157,0.89454360074281003,0.27857550240274287,0.51087433394330128,0.28290581668511544
1158,0.29047534553547161,0.52263532761357501,0.53001874151159234,0.30693264354007888
1159,0.33446177919545445,0.26217547356578286,0.49842294473718185,0.27963435824767796
1160,0.69075248459129368,0.32882838342493637,0.51448392874616111,0.2879169205837056
1161,0.85274213690838074,0.26659090242768874,0.50876255077344645,0.28159047870414128
1162,0.25312091216068949,0.14862680582377361,0.48158001843549353,0.26729917188480967
1163,0.11777218810439809,0.73042262182560524,0.54894529638539602,0.3275220852121874
1164,0.3736387388772448,0.0037386556213139556,0.46588246122658183,0.25297923287667773
1165,0.63732073563291924,0.86456848253099017,0.58010229154040738,0.34513014538624753
1166,0.36475235796793132,0.40881558219023284,0.51789521905478808,0.29527964945510443
1167,0.70386051057226728,0.60903151333773275,0.55029528303906661,0.31784881475813959
1168,0.28470339307332182,0.64177442695122444,0.54447537787989575,0.31960047242839285
1169,0.27443954501556,0.31390765181892788,0.50333319179703762,0.28471820876442278
1170,0.45389751716122267,0.41331848284254086,0.52067961134727792,0.29617642275931211
1171,0.27682602512406884,0.24352410189079821,0.49443549797910569,0.27734315913191643
1172,0.51812132801677802,0.86083245626381832,0.57712695827419047,0.34433597366307539
1173,0.8192427160875756,0.83803506949971207,0.58010663423659437,0.34265744716908081
1174,0.76054795085914673,0.07543155813988997,0.48223459129738239,0.26141687626909421
1175,0.88060842333432521,0.7445160089009325,0.56973280418415462,0.33268871755095003
1176,0.9244229557011393,0.15507783075059997,0.49492785966175346,0.26992869708389994
1177,0.20066927889684449,0.77132773727556925,0.55714350217072373,0.33275587017186298
1178,0.44769998849298576,0.84960549447612144,0.57408902114550053,0.3428261753899185
1179,0.2941076972209965,0.45999666882735912,0.52233221048668588,0.3002962234215496
1180,0.72226103260467067,0.81764348357209238,0.57607999474302884,0.34029219445523901
1181,0.35502772203040078,0.075283305655757443,0.47478688154093623,0.26025966696745018
1182,0.061100638097024061,0.84046512901257964,0.55927586034803045,0.33851034842465294
1183,0.59228375472306516,0.3482519891789998,0.51526003079327487,0.28974035280592303
1184,0.42978722138047454,0.90254049423855043,0.57984912939200262,0.34841726669602935
1185,0.10530636040711543,0.11136628769753734,0.47198582637354269,0.26230742915630478
1186,0.67452475601396289,0.57876857647128632,0.54601136967419217,0.31453930830871779
1187,0.016694898222072516,0.48445023652516539,0.51465375801375346,0.30014317388960521
1188,0.20036604210858933,0.35414936688375892,0.50605980979376286,0.28841720475645555
1189,0.70516963359470253,0.74034409500792397,0.56645802261822653,0.33194890426325557
1190,0.21293810761395143,0.66335040127005196,0.54466205334624995,0.32133599114168537
1191,0.66663357890249475,0.64662253017529148,0.5542921205400696,0.32179635175917021
1192,0.59617737636001555,0.43570847221376613,0.52652685831915691,0.29904896862989971
1193,0.54356300050715212,0.74267215697049405,0.56356908700868646,0.33174332478915902
1194,0.17715981981462101,0.217905546464643,0.48805041760893797,0.27395671475842898
1195,0.085288313735753768,0.95462535423733064,0.57360182111006974,0.35100448547905516
1196,0.82228848665730336,0.78685084060592347,0.57400788604624697,0.33716047923645753
1197,0.82201511254120863,0.47518364747025771,0.53531439926965541,0.30372782618075839
1198,0.90172474256778379,0.1437093381032464,0.49314597670914584,0.26871591448556648
1199,0.5885660764286178,0.95031941341775239,0.58917677223672094,0.35419314997418022
1200,0.92838090920260874,0.14010064857768595,0.49298088170454857,0.26836356403923339
1201,0.94471294256792182,0.17694389361335197,0.49807004846160935,0.27224098438309302
1202,0.75742299155782677,0.96707400922143139,0.59431500909825929,0.35641459458715596
1203,0.085128375939920078,0.98174095333443256,0.57668299690421232,0.35389017613774731
1204,0.35433520406278551,0.29446172823446104,0.50308039955167738,0.28313541208836512
1205,0.46915403497888475,0.23999855212249097,0.49879678137554062,0.27791026188503765
1206,0.681063206445647,0.70193046644666468,0.56134746983665806,0.32776801181897841
1207,0.60505367997452852,0.81726257022594806,0.57383186200407943,0.33995536403288112
1208,0.19055758554321947,0.60018800908365522,0.53618178819630669,0.31440296289168079
1209,0.96997792614767109,0.53399186813699784,0.54475936230429478,0.31018555400346748
1210,0.048046162506204568,0.20841378060657298,0.48196252929515043,0.27171979032419974
1211,0.17481786917202408,0.86460544834049657,0.567117624037627,0.34246797512336885
1212,0.32046807548446815,0.042206899875763343,0.46963386036826338,0.25668404322303484
1213,0.22827588937348919,0.92394824481749682,0.57605708430893654,0.34932761464151968
1214,0.19541781890610002,0.46495237332015532,0.51972827298509094,0.30008074441285698
1215,0.31058832532860103,0.599406455251982,0.54010002869372309,0.31525229613758038
1216,0.35634428534236506,0.4867980862440891,0.5274696920488674,0.3035216744701637
1217,0.21238932302844479,0.28137965143671029,0.49727451728325717,0.28086544439148342
1218,0.56465632067437976,0.50995227316349045,0.53529719130807474,0.30687678150524278
1219,0.9714574324266636,0.98630598007520898,0.59972788088041507,0.35875657124651972
1220,0.79420198982661827,0.24872045852887678,0.50561911003842064,0.27962422463745112
1221,0.74114606968328589,0.30725877730028006,0.51248461114083521,0.28572763086569597
1222,0.5758676568140626,0.80235291888146898,0.57144463003414203,0.33826234367708669
1223,0.83638102567977046,0.79027143291198887,0.57463385989853966,0.33754865657866051
1224,0.95333575045989127,0.19425051065472654,0.50046572199296846,0.27406711288669505
1225,0.32682750392496823,0.30769542115196824,0.50403633497767597,0.28438085888376557
1226,0.083261807126377249,0.62669745044653535,0.53501543753374736,0.3160728901849964
1227,0.06306578882382019,0.12575208739255322,0.47218857380694629,0.26336616960668685
1228,0.57950707120395961,0.64356921134827427,0.55223357938991635,0.32122839292453731
1229,0.49209985221874669,0.75484028374213963,0.56386815757263486,0.33285258436092874
1230,0.47813927532160888,0.88162813127144479,0.5786276266587933,0.34640232885173389
1231,0.64169153201273876,0.64185732984723298,0.55324248749315585,0.32122248240365664
1232,0.62851440108680401,0.80844516028770008,0.57324604985546823,0.33907604588960977
1233,0.0093205860487767505,0.31873739604967416,0.49395854610375878,0.28268636306613987
1234,0.2031321564404876,0.11295566262594657,0.47549681680445394,0.2632703097007692
1235,0.6619410796041717,0.3730566719663912,0.51970665078758094,0.29254907098015842
1236,0.1774277736362419,0.43242131548594914,0.51504244345678529,0.29648101231194307
1237,0.085301390066358729,0.3422784754945547,0.50024929267028517,0.28607763776363715
1238,0.77505250039276441,0.71734159878537762,0.56482889799914726,0.3296141720943066
1239,0.58229545105266156,0.95931618696263765,0.59008908601662724,0.35513824222581725
1240,0.2871146903561545,0.6229242301308433,0.54225338254673117,0.31760411734850347
1241,0.1463961859080824,0.89332807401352343,0.56929039634035783,0.34522811103075612
1242,0.098575731621135504,0.71933740664186197,0.54678489644546735,0.32611136276266273
1243,0.7496373023442342,0.612400584747817,0.55148040357451633,0.31830168437863093
1244,0.2300968954098993,0.51862431797691388,0.52757494850094666,0.30606296734730859
1245,0.054118736750318204,0.048496240409265742,0.46208170031506557,0.25537631741392813
1246,0.072970692437014081,0.58822023082080999,0.52990856143738085,0.31186219968595058
1247,0.53392868944035143,0.82485390820488114,0.57321813935115362,0.34053290301860839
1248,0.19684651135170134,0.21851909627678107,0.48878343152927189,0.27417575078690282
1249,0.94556168788889194,0.96526753411333777,0.59693913013688105,0.35647672200480041
1250,0.53533197136336241,0.86702336430082794,0.57825107264050102,0.34506631952263911
1251,0.082929568103270138,0.64490224874339763,0.53718876865184484,0.31800181286059531
1252,0.3192796117440681,0.22274321742205649,0.49295666606978522,0.27541693869171913
1253,0.023598241213767322,0.59156650265738142,0.52795909884678116,0.31154492767050973
1254,0.70227590602670098,0.45276347467174061,0.5305961164692905,0.30112529336362825
1255,0.30180602536023365,0.36378764366266553,0.51045812502219867,0.29015230574641299
1256,0.41597396792020885,0.92290275154485135,0.58185643118035468,0.35052937929705225
1257,0.088785389829345515,0.041040764646383468,0.46245194777905491,0.25495843390845602
1258,0.16923267036635664,0.75682966080437186,0.55421020210459382,0.33090029810404586
1259,0.99503261035418844,0.097449190901534172,0.48802582520814031,0.2639607102290959
1260,0.90694152878500756,0.64512170311278894,0.55787759662677439,0.32204155877790752
1261,0.48366877626910576,0.56387466423794397,0.54028602449846086,0.31235205901322449
1262,0.71340436145152197,0.50179204368850916,0.53700620788115216,0.30638487546276344
1263,0.83790120697825921,0.38529591730119434,0.52401042581782875,0.29416341649656036
1264,0.44450629061610669,0.78244389417649951,0.56601707264361023,0.3356041398133694
1265,0.47581643853228306,0.79635971708312858,0.56846034517698285,0.33723990854101765
1266,0.67276874772022721,0.43600394365909745,0.52795792723560864,0.29927392726976998
1267,0.70183845907192444,0.27678475803184555,0.50790229117315433,0.28243020476408326
1268,0.11420224674289349,0.52351440615764588,0.52382967807779135,0.30549335702175068
1269,0.19906964581116335,0.81427264307226288,0.56216131040287043,0.33733020245651374
1270,0.62835495048846357,0.68542093999116915,0.55834432323759797,0.32586187620999046
1271,0.023284372815361713,0.057043892971484461,0.4619137978622076,0.25591150874419732
1272,0.65003944798508895,0.68761543397732305,0.5590253900183445,0.32615487948451988
1273,0.0024715588616556487,0.75204452404320477,0.54593055931168799,0.32821834031880043
1274,0.1145904171568458,0.48162380168599778,0.51870663351355484,0.30106499225325545
1275,0.94838961984069325,0.50913310949151636,0.54133767612874417,0.30750549735222316
1276,0.36469595112487441,0.93956426077658539,0.58234632157408384,0.35202212920127574
1277,0.98290023097275991,0.73318089688332988,0.56971211860281767,0.33157213960968385
1278,0.75910882715812189,0.1569597892989521,0.4930335679801805,0.26992209923279353
1279,0.41543785809389089,0.5565943378556869,0.53772741891682307,0.31127250206830065
1280,0.83065561935160082,0.37670948889685102,0.5228002429832429,0.29323999604545342
1281,0.53424088698109851,0.25365289812263803,0.50191309800198869,0.27956923257987037
1282,0.6653654447257169,0.74193588436449642,0.56593296940952464,0.33202734450862736
1283,0.86467116970276692,0.32099263204560846,0.51603229493293501,0.28736504776920019
1284,0.1287077391341678,0.40001661440326136,0.50918017238319058,0.29260050448051445
1285,0.13648477525460767,0.43152370531809287,0.51339448349743166,0.2960002690918066
1286,0.089554782751866152,0.49916877786103875,0.51980732965090348,0.30263813527714301
1287,0.16954013259619241,0.99276549594082175,0.58167741005665163,0.35609861220755779
1288,0.31751704750695497,0.30094695496537022,0.50291982993370965,0.28361717929268354
1289,0.43593693402231437,0.014096846905432177,0.46859473937960844,0.25428615389474657
1290,0.49007642753330294,0.097011709250637804,0.4805863498018339,0.26303931991958268
1291,0.36192909607413459,0.50512154894281414,0.52991064019340239,0.30550405052513452
1292,0.65433364441100272,0.76967385085705908,0.56908300837851966,0.33497958216648754
1293,0.5303909531663521,0.96098224357228035,0.58913421206259031,0.35513254427954893
1294,0.38017097008362183,0.24277306337648771,0.49710102124311539,0.2778279906849152
1295,0.54980974947415528,0.99422803832947981,0.59341582860325348,0.35877089712833515
1296,0.56979056723999089,0.60456470931499506,0.54721497125295016,0.31701668730461335
1297,0.090388095268059993,0.69639164833802503,0.54368578503255216,0.32356819818541388
1298,0.10052076489879984,0.89955875794544127,0.56799204002034698,0.34533894635831919
1299,0.25275354139105188,0.75389235425140944,0.55693716308922492,0.33134466933997558
1300,0.38778522580853902,0.93324467201576333,0.5822789053077807,0.35148233175242305
1301,0.70591139162195626,0.95292806020885479,0.59177028773954576,0.35479024845356627
1302,0.52884691629438896,0.70843979073216912,0.5590929806190259,0.32801589361276939
1303,0.51872916433928773,0.97202361276728344,0.59014244436175745,0.35627135947939864
1304,0.76345747432248912,0.71662255902251926,0.56455390296281815,0.32951634922596079
1305,0.47747863617142433,0.95951058132905753,0.58770170285830703,0.35475524339356601
1306,0.94480965271607287,0.90727997620435197,0.59013055219644039,0.35024943420404198
1307,0.088321750276966496,0.29732283155751649,0.49476423067263298,0.281409043197274
1308,0.19522237562061057,0.38285456972691467,0.50948535041834075,0.29140029456989303
1309,0.52259497894704121,0.08352681977663888,0.47944646237302341,0.26174109414866908
1310,0.64090784849539639,0.52212757154403955,0.53830331366680817,0.30839424723969594
1311,0.0096354232640122068,0.52539132572842062,0.51927259220294697,0.30435253232824433
1312,0.31486823538671016,0.95756236653547966,0.58290222668082137,0.35361985142571351
1313,0.008570903665281366,0.28835466402234744,0.49016247222576764,0.27951611519987363
1314,0.22497306718545734,0.95311127860833667,0.57929950294983323,0.35241573382554753
1315,0.040942482875857965,0.13765010746117914,0.47278403390146373,0.26434609517000607
1316,0.21909388205740835,0.22971751302835766,0.4909253152639928,0.2755101080165307
1317,0.54818646258324155,0.29660822955569022,0.50775098654958062,0.28414444395909755
1318,0.81742400720153241,0.67088611075266968,0.55978622256089594,0.32469268494512649
1319,0.70696218417378853,0.054428716957347939,0.47867438036447063,0.25914952744811609
1320,0.05872424188869773,0.22105620485682739,0.4839957474145557,0.27315001399819017
1321,0.96234540881129216,0.29703437975452984,0.51412013267866807,0.28492482028410843
1322,0.43937135199367766,0.87854350353827471,0.57728616121561183,0.3458908485439513
1323,0.46424879037971845,0.95379057476454188,0.58670793665848087,0.35408150439064989
1324,0.029546815425681418,0.37235686948621882,0.50152957961103684,0.28855400101716877
1325,0.74480799653191354,0.70776054697049551,0.56316411729024141,0.32852957097400959
1326,0.22208141636318762,0.61496834343370288,0.53911738494693662,0.31625404831351417
1327,0.51377676997309318,0.39918972227635097,0.52021399409928026,0.29490359234639646
1328,0.056852444889617625,0.7229991785571096,0.54528242051478071,0.32595543616127165
1329,0.54106621920693432,0.97040850936594658,0.59046918302240026,0.35618405444218421
1330,0.81055549538963245,0.78925662329286572,0.5741176963427822,0.33740119995678697
1331,0.58334915957929334,0.71520180867424943,0.56108198429704781,0.32892696918010145
1332,0.68148449733842864,0.43907224458073035,0.52849925349362326,0.29962047525906393
1333,0.17922300087510376,0.16070835933020572,0.48083848481056063,0.26803070152792663
1334,0.73972237127785345,0.708816727049707,0.56320844997413588,0.32863319353947279
1335,0.66404600817799808,0.47255965749364115,0.53245654761575667,0.30315392313559725
1336,0.14456490159662208,0.45900459681273209,0.51711006125793324,0.29898324282873001
1337,0.39669855867089937,0.92054259703088326,0.58105202117828458,0.35017127534416331
1338,0.62896405736707384,0.3083702044202597,0.51078068527464016,0.28561033388631579
1339,0.090922442494088318,0.19065268450631995,0.48147124890087806,0.27034514257580772
1340,0.92510265317700113,0.29296632520124549,0.51314032276193877,0.28446018213616514
1341,0.22526266010367546,0.66482755356727874,0.54528008479077639,0.32159982310115853
1342,0.70275252003608035,0.52498439970050237,0.53975551234274965,0.30884324759630194
1343,0.87989223525760463,0.84401005501874027,0.58172195587006115,0.34338191879102692
1344,0.017386522208072713,0.38762143852495357,0.50283720235332141,0.28998860234582086
1345,0.19886602375911316,0.24563950141937241,0.49229723564811201,0.27702160919086899
1346,0.29666765242315596,0.11248500431905269,0.47813394522842806,0.26381107627360617
1347,0.88288895740107398,0.35668713045563782,0.52091386348638336,0.29117624537903752
1348,0.94625219885114353,0.29077646186918721,0.51310923113914442,0.28424801567206215
1349,0.84469313506329202,0.057672194690431937,0.48097015062487403,0.25968389872229236
1350,0.50447427133476597,0.3846531912728795,0.51816141824185913,0.29332656333738166
1351,0.87397056850540689,0.68974599765549649,0.5629352531157914,0.32679555867351234
1352,0.05121249844251434,0.53181241162001391,0.52206917604017555,0.30561165390819972
1353,0.44533843675703977,0.2298417662424152,0.49695908271051431,0.27675198712368765
1354,0.34217941961310572,0.52088490537385224,0.53132486922490296,0.30707148990895311
1355,0.77478331540002254,0.038622621250746308,0.4775202109498427,0.25761909571829472
1356,0.78455209893219879,0.62203409858223746,0.55323411425678071,0.31939665831168129
1357,0.10989404567918974,0.25191417437620695,0.48992206443581099,0.27689604677613816
1358,0.91692239820373944,0.9830589747443913,0.59861648266676137,0.35835828328050745
1359,0.16987464742370648,0.30451337536923823,0.49875598806325544,0.28294709665043533
1360,0.53309211465580153,0.54122075998779617,0.53855945660772675,0.31011437407927817
1361,0.5825612318794825,0.21997773433005205,0.49845189408168067,0.27616590046089634
1362,0.4741917704471969,0.31339069414309928,0.5083759901897722,0.285665791392816
1363,0.91775852193500618,0.14474290346071358,0.49347444065184121,0.26883972735908424
1364,0.17604296343721218,0.60310553601755534,0.53599387172848578,0.31457817069854427
1365,0.96205165326761788,0.18344504020494642,0.49913200809044167,0.27293854690877639
1366,0.57373194349635159,0.0816846332021407,0.48013915092271553,0.2616916948999447
1367,0.60401424295919715,0.19589109988528072,0.49568974377577207,0.27369171218113292
1368,0.68531652366974161,0.39882036033294865,0.52341499610898767,0.29534081925745764
1369,0.72772003537107954,0.92502234213332413,0.58889696159953486,0.35184079203222485
1370,0.85787500208272827,0.22950099492099835,0.50395536988791068,0.27768173693852516
1371,0.46097656329233433,0.34681456188819137,0.51236817291934533,0.28915041464464514
1372,0.995988684659882,0.80445998397088847,0.57852862910481695,0.33924302870515377
1373,0.47777007499787727,0.51436822622801415,0.53397160720881132,0.30703836164735065
1374,0.30072257734442831,0.21670594877126859,0.49167563473140868,0.27468048358692365
1375,0.92001616453804314,0.67959629638862096,0.5623182632418362,0.32575749445734548
1376,0.078628089141135574,0.75797695237410956,0.55045095573928549,0.32997013358551486
1377,0.58048958494946135,0.11625119291961893,0.48481529743456225,0.26530375168184334
1378,0.53293257942047212,0.7737135248104926,0.56707692763395245,0.33503771820292561
1379,0.70125528544300475,0.23649699082575973,0.50263029949507665,0.27817751535888147
1380,0.88890328989193079,0.54646277774247576,0.54528816510649214,0.31144043398796489
1381,0.3076580599166337,0.70865669063242387,0.55330158465800949,0.32691241114684277
1382,0.12536224123757567,0.45961220345186304,0.51643052145324264,0.298853006254862
1383,0.72333700516097021,0.19168432374716504,0.49708874929930286,0.27350414183031496
1384,0.82654214802299397,0.26281080088022868,0.50791521455365973,0.28115743301093449
1385,0.99304586325940913,0.60784537796493388,0.55433685088592066,0.31812054339452944
1386,0.8619491383972927,0.15124919239577139,0.49365835070848135,0.2694629692546317
1387,0.54499851304370683,0.69953708021166972,0.55836371669416895,0.32711841782595363
1388,0.53974612561193069,0.53478988220017643,0.53789658609504964,0.3094497002267006
1389,0.79569471780959289,0.022030611317849256,0.47557849820262232,0.25593118617773453
1390,0.028242311655252709,0.29876195706693692,0.49236189410724895,0.28085543583740225
1391,0.80764253030136468,0.85417101984681798,0.58185056854380779,0.34437376175463635
1392,0.45090994030759907,0.22095096798400629,0.49593099229690185,0.27584043889310422
1393,0.70722705193316804,0.40177694693572125,0.52415866524887611,0.29570114967633032
1394,0.24390506798779826,0.033199958537810013,0.46643449471477727,0.25533627152162047
1395,0.27784801103797507,0.95091667431344984,0.58091934905972209,0.35263103669782137
1396,0.078023898509412534,0.54753816032257163,0.52520388266699281,0.30761615993985636
1397,0.76940046074957358,0.032580993813148239,0.47664077810147526,0.25698605223272047
1398,0.80989360305940505,0.073850388257962196,0.48268758650576227,0.26132178411207979
1399,0.83745175025063801,0.42965484104106438,0.52971364932321796,0.2988889809298293
1400,0.4584164327312843,0.90282039106228629,0.58062276457683759,0.34858687374176983
1401,0.78432292681698457,0.65666815950697066,0.55752202369616533,0.32311347007085833
1402,0.17855864056743451,0.67555334974160652,0.54485616455911801,0.3223209458176105
1403,0.43407745504773926,0.52601836579764494,0.53438840754987449,0.30809492258845866
1404,0.21032665741728854,0.69658567177563668,0.54857308906212865,0.32486044847263701
1405,0.5973818896246027,0.26772213700067948,0.50494006592399565,0.2812341858221597
1406,0.098818645062542051,0.98960474314711755,0.57822304496839971,0.35491272617095132
1407,0.75430105758643484,0.40485643001218563,0.52530382303605982,0.29611757476741918
1408,0.98185916897360004,0.038594498226081492,0.47998487655313504,0.25783178027669451
1409,0.10831469683764736,0.5340575796692516,0.52487263439670084,0.30654464409538562
1410,0.36730205082000467,0.78821898774647858,0.56462325330740126,0.33581399979323356
1411,0.25786190126092406,0.46434414848381422,0.52175243336284993,0.30050857404559383
1412,0.90993002656312894,0.87369117265971152,0.58568009045400571,0.34660593544261475
1413,0.88184150834319885,0.5455219826279557,0.54507338004636785,0.31133140368237783
1414,0.01604473106280202,0.71958917389941635,0.54283067116143469,0.32499273324334366
1415,0.20267964286346687,0.24112236143933843,0.49184849033374173,0.27657900364120991
1416,0.38301840712999691,0.49032233770099704,0.52862751614535641,0.30404021533155812
1417,0.27548993533543548,0.80907136667083257,0.56426434307620488,0.33742821486667035
1418,0.52645569803178083,0.66463754446284151,0.55369279518671777,0.32330820048798409
1419,0.23802923524364597,0.13582671529656509,0.47949210178859797,0.26587443704075742
1420,0.80741966447614832,0.52346686765296624,0.54122718170511364,0.30886965183188381
1421,0.48304700908620146,0.5756021009701886,0.54172863014685257,0.31360392765355383
1422,0.23282243614665932,0.73230106728813849,0.55366342561894377,0.32887141785042701
1423,0.63434099521940812,0.48439554035622862,0.53342113783180933,0.30434506571586623
1424,0.62662980293979642,0.24528010787729873,0.5025403606876151,0.27894146201164449
1425,0.4305641277679359,0.18545026555062505,0.49087296929460722,0.2720408496356605
1426,0.24443242292307552,0.31122834064931376,0.502079087868334,0.28423334001293271
1427,0.37116235287360616,0.87544733731868918,0.57505527300338499,0.34518888820527438
1428,0.63585068383718613,0.41213403039159024,0.52425733519185269,0.29664334765644484
1429,0.80795737090621844,0.91927276776443467,0.58955462663550351,0.35136909907782093
1430,0.7061801713186433,0.56916423794425797,0.54536218513048296,0.31358053234442068
1431,0.51463623803058878,0.51545280883720845,0.53493398286672778,0.30729511107640817
1432,0.73615346004836035,0.94742028791866029,0.59166268474443073,0.35426320589812521
1433,0.93040438034228279,0.68873961210084378,0.5635833292477983,0.32675019178747561
1434,0.08485727594025666,0.78004722801669268,0.55334082256539474,0.33240134758232287
1435,0.63315954891891446,0.73868716061952289,0.56492941738011482,0.33159478318507413
1436,0.028444605873816184,0.030814227512420623,0.45882566658612584,0.25330731402319839
1437,0.98933887396437359,0.63315753277823095,0.55745071156780057,0.32083389052440936
1438,0.39382789771998072,0.50504006175944816,0.53075066196886156,0.30566384628003057
1439,0.86003916295537497,0.65060995980716552,0.55790641319977108,0.3225749970618047
1440,0.57790375259636206,0.98830050837119354,0.59334924831810332,0.35823319457154673
1441,0.53946449489662185,0.54468459517938328,0.53912820030607078,0.31050671007696468
1442,0.092845572531188386,0.50051597290100769,0.520113757640147,0.30281880606169859
1443,0.47031970202616652,0.1910618861693307,0.49246968929735607,0.27277976371335133
1444,0.38384761138715551,0.95516839428019018,0.58470761208861055,0.35380913488529697
1445,0.66120284468223112,0.97241221551314239,0.59320333370842315,0.35677411688814009
1446,0.6341698859650059,0.80557741285407691,0.57301327184501327,0.33878359804859842
1447,0.82710311615838439,0.78509564727485415,0.57386929853401891,0.33697894140761725
1448,0.78238417613682099,0.064232518279098441,0.48104033662388274,0.26028531453843912
1449,0.92887596139464301,0.92910733961291847,0.59248405141157423,0.3525786206902411
1450,0.92997074567779203,0.85432845541524005,0.58365059107862072,0.34454581235216919
1451,0.43967419639484728,0.12344954700429227,0.48300000758431177,0.26560915220681819
1452,0.19925203046969839,0.92824654064717471,0.57546166317186698,0.349514170720582
1453,0.76550867118065946,0.54569294183574391,0.54338872302471197,0.31118070422056854
1454,0.19088318196445472,0.620840684169915,0.53870579889619652,0.31660551369357959
1455,0.076970556706108625,0.91704148661274232,0.56889844662103117,0.34688685719068324
1456,0.83692985347913351,0.40782282393322095,0.52690080827180741,0.29656097494089123
1457,0.36714112541448563,0.20687023514407921,0.49214920784217114,0.27400257269367922
1458,0.68429450128540636,0.2235512229233631,0.50066493731625095,0.27678050642791008
1459,0.75648320578151618,0.1944209369746619,0.49794047517818429,0.27384792035834976
1460,0.84476283352890746,0.070934286344831343,0.48274378651811012,0.26106158149614989
1461,0.32385776213809153,0.26840432971344563,0.49893592465365139,0.28023052548756877
1462,0.58899982203358092,0.5546376501440653,0.54138900921798605,0.31172948583812393
1463,0.96432498963276159,0.65326180705177828,0.55963756989251545,0.32297152661020384
1464,0.45319695752047706,0.11866419572498417,0.48266432887001376,0.26516183093315643
1465,0.53659532583601544,0.99300638738834535,0.5929763810707841,0.35859086892023551
1466,0.85772525092909346,0.48237864245114614,0.53673688402715924,0.30454511408215729
1467,0.38989130183510717,0.75512957374866818,0.56129798260769059,0.3323953422472038
1468,0.9720121460856056,0.32506963568091157,0.51790114213547245,0.28790530707629097
1469,0.2807638222145033,0.031614550989598506,0.4672355506971792,0.25538765069647906
1470,0.16264982079995097,0.3652523520903313,0.50612441516970863,0.2892637558709692
1471,0.89852972428138611,0.37786837118911792,0.52386242050278442,0.29344619167955216
1472,0.83611095063301044,0.68485759565447235,0.56178633628668084,0.32622045243413944
1473,0.39514936847422505,0.57501928894488386,0.53948449313265756,0.31313971979331801
1474,0.067448793245165145,0.56558990230668571,0.52691785356965481,0.30939478524827901
1475,0.27305829826194095,0.15310657077244252,0.48272700613406272,0.26788778147315678
1476,0.23472669367560886,0.76931067383683982,0.55814617578891235,0.33284438578144504
1477,0.14593600726678269,0.83347346894621155,0.56229980258463053,0.33883379886516912
1478,0.054373149462568111,0.35694068987147187,0.50074731610807799,0.28725414455733889
1479,0.22356260708711345,0.75981065781506485,0.55661676403922311,0.3317323086677042
1480,0.092443681693996776,0.030602447414037309,0.4612595632784513,0.25392987400558792
1481,0.24826253524074565,0.76724218056992388,0.5583739678689883,0.33273614188533779
1482,0.12243875752032037,0.50520402444127244,0.5219242592045733,0.30364382594199713
1483,0.86402071206447439,0.2327301025343477,0.50446027106596536,0.2780294406262141
1484,0.24778263622814559,0.3659372379509383,0.509097665532667,0.29002061536029067
1485,0.75249874361491531,0.66065260069459919,0.55750438516576717,0.32348504622468449
1486,0.84516195664402338,0.93423705888694386,0.59188423477970609,0.35303118096878117
1487,0.85805715118387027,0.82248273953424067,0.57882931388400027,0.34104058572179646
1488,0.40169382923034719,0.46687428513813067,0.52617118850189515,0.30163730512159909
1489,0.51306815857029286,0.074037148300546696,0.47801640995674177,0.26072852255836226
1490,0.92321732697937409,0.50899966957882281,0.54100004929704448,0.30746686103842735
1491,0.41885764037786283,0.017552904228575063,0.46868838989525602,0.25457830026501299
1492,0.28241581635336627,0.47691632487043978,0.52408866096685192,0.3020155468242427
1493,0.76361318480906781,0.76737483344731161,0.57072679307189789,0.33497031509782949
1494,0.41819991963462672,0.46249442357517551,0.52603539665297672,0.30124979015479136
1495,0.37611884447733179,0.62335361410669288,0.54492564054905823,0.31820582457537128
1496,0.073226902697642801,0.69821866597823101,0.54311688798655067,0.32354256569856776
1497,0.78207203236449274,0.67516031156535028,0.55976721139448071,0.32509527082243667
1498,0.49626051261065296,0.3571313785789651,0.51446689689919001,0.29037722646140102
1499,0.59672091496075741,0.41146753575283807,0.52344748211573877,0.29646917877871359
1500,0.27100694175992396,0.03739877706958214,0.46772440757319395,0.2559264242303711
1501,0.7559523338938714,0.53318493708773751,0.54166251996655945,0.30982462243432718
1502,0.97744303574975355,0.69888236807220394,0.56543795997302992,0.32788240555027115
1503,0.81401658783637687,0.76301835903123716,0.57099885684825136,0.33458639154031178
1504,0.92732146680335281,0.22546556696855696,0.50428990059656909,0.27733030617369175
1505,0.33589837839262332,0.34527469556947471,0.50906750094230058,0.28839618482380758
1506,0.27251134597776694,0.73014022394259237,0.55475973355488339,0.32895826488727736
1507,0.78480702186849671,0.43031866588037232,0.52903477399273435,0.29888217425568925
1508,0.39345118545842128,0.67637718814591641,0.55187531609577201,0.32397526168881308
1509,0.55522963907838574,0.27843382668414857,0.50553702180528415,0.2822463135716648
1510,0.34785276583888336,0.88404996244701328,0.57537873743148793,0.34596727148900452
1511,0.90565308925550203,0.66709355098480594,0.56058109359972685,0.32439937103027783
1512,0.34413149125197673,0.98152338930458072,0.58657303728062948,0.35638564047109206
1513,0.43237134318527531,0.021582334099814762,0.46950341802201684,0.25504290863038126
1514,0.75409422618349775,0.52691909312690843,0.54084288089575738,0.30915064136805515
1515,0.65500043752518256,0.45192019315046494,0.52967424040416988,0.30092996229753322
1516,0.2916492420395953,0.287949132411147,0.5005338678030542,0.28209620374780814
1517,0.33336206909512406,0.15191909553982552,0.48419526502847349,0.26810014641247609
1518,0.51077860821274812,0.59511219873187371,0.54477831186144532,0.31579994635800429
1519,0.60063856141181893,0.44088548846245978,0.52727061463960612,0.29961311602851959
1520,0.89254519308778701,0.067115140328172132,0.48281394515249104,0.26071612559384705
1521,0.55557099537119503,0.96374244232483908,0.59002181863982794,0.35552173638811391
1522,0.022269538844132332,0.007712302838347387,0.45566567048620588,0.25090232148737934
1523,0.51521551218408856,0.74256505790025695,0.56292312698651581,0.33162711447637289
1524,0.83360560344775436,0.84504134059288782,0.58116267851018288,0.34343163386670877
1525,0.38095672816048609,0.64734536695884315,0.54799540521323575,0.32079940205712532
1526,0.57144076244378228,0.8457906776071642,0.57652902187059751,0.34291338293361473
1527,0.19430736162670656,0.53457354074971519,0.52828834503906463,0.30745766882175685
1528,0.45251696566023164,0.14929279118865962,0.48664901887185275,0.26834918420971487
1529,0.19096559413900832,0.0010413295865408145,0.46074315156093171,0.25170740248187606
1530,0.48097620517326289,0.52471300311196833,0.53534006029589942,0.30815586224502889
1531,0.081278544065158345,0.86945437772035372,0.56361292239317762,0.3418768996885756
1532,0.55515394009930319,0.41846550642090152,0.52352608151824109,0.2970908195959045
1533,0.45400209993504687,0.56563102992885983,0.53980478854024283,0.31241562449794308
1534,0.12143425926206401,0.15060105746990304,0.47755267426511988,0.26649747958313919
1535,0.94089186859099438,0.42318700231212425,0.5302497915239085,0.29831678861078076
1536,0.40282890621320117,0.56638861557760978,0.53861737249299835,0.31225663530391357
1537,0.96499447391011062,0.0057536691683693795,0.47538440211094585,0.25442139936145797
1538,0.52784211837648187,0.69135984859996247,0.55699039409398443,0.32617957588679364
1539,0.15741864882613302,0.25443150777806295,0.49199499189430557,0.27759982155537938
1540,0.36608558276089609,0.49764537492062666,0.52909058605242998,0.30473037064923869
1541,0.52601451925953158,0.77607147649779218,0.56720507757504135,0.33526517263590661
1542,0.62133014280033538,0.19626162198203384,0.49604080790759114,0.27377306821273317
1543,0.64737271483415981,0.10322190787818981,0.48422808772045561,0.26410376553340453
1544,0.67345224182069063,0.72615208017259147,0.56416383233418532,0.33035151521287459
1545,0.5479039738035878,0.63262281803853115,0.55022422930267501,0.31995148674799545
1546,0.12280032194097294,0.37256704507496907,0.50553293863777493,0.28965260415258165
1547,0.35879904202510371,0.16408407416880363,0.48641060287102933,0.269493567484348
1548,0.65889140699742133,0.20194769059434767,0.49741985833674673,0.27445559650148238
1549,0.25189312552214832,0.85090988625899189,0.56839126923950478,0.34171819743657517
1550,0.075702471834898463,0.11858996272465448,0.47178181950844933,0.26276158530990634
1551,0.63944360541213541,0.043525046190933794,0.47619176842735345,0.25789043263536054
1552,0.3036036838630331,0.30670473787266533,0.50326400310004948,0.28414179581132204
1553,0.1271437610955094,0.11265247481731931,0.47293671946311178,0.26263706137877013
1554,0.32933836662486432,0.37470548318178631,0.51261990742032437,0.29147057226176198
1555,0.3117203935347847,0.53005741075483381,0.53158055799916271,0.30786260065361221
1556,0.55157448457652936,0.71465067496848056,0.56034542760898165,0.32876327801524619
1557,0.35221803258777362,0.33731422988997073,0.50849354710667805,0.2876441692464084
1558,0.0065755629860213957,0.25088247492221416,0.48541972732945932,0.27560285977071919
1559,0.028105112768372055,0.040452031228237324,0.46002527452118974,0.2542807721218534
1560,0.49420156466636112,0.50192276841405548,0.53278409233004809,0.3057743181205218
1561,0.1474586989835254,0.065101756093872254,0.46757370794571973,0.25792628120543426
1562,0.23400669854098233,0.36610657418906928,0.50867921529503068,0.28993820317277674
1563,0.68260603592590197,0.095092953659442717,0.48370762613425433,0.26332873820294328
1564,0.42158853977030381,0.23553128850489158,0.49715573530601415,0.27725261348869445
1565,0.8529412514584489,0.14467931240423348,0.49267176456139977,0.26876454808156042
1566,0.70959632833221697,0.16444693385261344,0.49329119269546273,0.27062210162965211
1567,0.31896201212772868,0.51222374815716176,0.52958029343028434,0.3060087079824938
1568,0.10518014941281872,0.70248533575673355,0.54507085473165939,0.3243978327279502
1569,0.67038049679392719,0.52006451978109547,0.53857489062094288,0.30824519360558383
1570,0.18376752600219334,0.88806507770399334,0.57020374063820378,0.34506600308424645
1571,0.28955786546963502,0.21742094281093452,0.49145624471183552,0.27468966049925903
1572,0.45890044366664956,0.40336679570352429,0.51953185580044225,0.29513973841991148
1573,0.67501816980749141,0.043900287454563661,0.47679615804404329,0.25800057651693153
1574,0.40599242598552959,0.029473580180376303,0.46997316687635665,0.255754597153175
1575,0.63472795902391665,0.6400059412460658,0.5528824280408734,0.32100556049090279
1576,0.38739950532404477,0.015870054998795968,0.46778028684866185,0.25428131449257813
1577,0.67797406047949338,0.95213019453774905,0.59116439187530301,0.35463932485029603
1578,0.74377275104942964,0.97552640927344336,0.59506368914437469,0.35729547701154357
1579,0.64746209782039521,0.083133096738543841,0.48157122395137536,0.26201436411266948
1580,0.0071859072639490484,0.048135504974576179,0.4601160841779513,0.25482103394311334
1581,0.64508364551585406,0.1832002371147857,0.49473063306864468,0.27245741744728252
1582,0.017568506004044322,0.28106074164531897,0.48967628919515416,0.27887723820173294
1583,0.37109629186928511,0.65875841043525152,0.54911650543648671,0.32196615443176813
1584,0.45802558514626002,0.84363140215309107,0.57364391526865488,0.34223360442217704
1585,0.053039213244838179,0.20525354025081036,0.48177685643805657,0.27144997056411113
1586,0.77035958598867293,0.081895574768248477,0.48323054377733488,0.26210360803974792
1587,0.6100503869962296,0.30146735957219495,0.5095479356969338,0.28483236818148128
1588,0.9553913885764429,0.86951966331094743,0.58579860517168914,0.34620210250807965
1589,0.28096146917982262,0.49926908850799084,0.5268255106613956,0.30438158933220344
1590,0.92843176914417413,0.040778238814312501,0.47969628359566863,0.25801583650128701
1591,0.48314776643655499,0.88846130927450728,0.57955330784384218,0.34715759139821795
1592,0.55400344258664413,0.26641588302963648,0.50395553948537675,0.2809747158646575
1593,0.7173463028269238,0.88625629380714388,0.58415390762889208,0.34765477193148847
1594,0.80624770269402068,0.31899744272493991,0.51497168194144471,0.2870761289376792
1595,0.90816722955849261,0.098203727500361868,0.48715554467632738,0.26396764460980709
1596,0.92573397315907069,0.77210980174116561,0.57370791675329991,0.33570447423840089
1597,0.34953170373142933,0.6658372865669081,0.54936789529089336,0.32259822842369468
1598,0.76280459990593374,0.8518343780115829,0.58084985806600065,0.34404625499790931
1599,0.34985272407640006,0.74012021256835436,0.55836025831558855,0.33055436136744931
1600,0.58654083439997629,0.29988614272034031,0.50891054383650502,0.28460242622700138
1601,0.80601406839137202,0.23015486237189034,0.50334599662770652,0.27768326471566179
1602,0.54402240674773938,0.89265414406134524,0.58146634882576931,0.34785027280063274
1603,0.03782714096164564,0.97516908458493423,0.57357041117514618,0.3524933508785974
1604,0.90388884413860504,0.42841629916356178,0.53045226633786624,0.29883726997577831
1605,0.43818411722468448,0.24385235840409297,0.49861050970322252,0.27819532654753865
1606,0.57289995640009883,0.24801742893381742,0.50192575080519142,0.27909010223650349
1607,0.83664026158897908,0.16565214863606961,0.4952437805848024,0.27094230194808389
1608,0.94872356593908058,0.58288920411671274,0.55065813246274986,0.31540639437015261
1609,0.026939638398063834,0.14607971178045265,0.47324917340078593,0.26504972388589526
1610,0.87064262195959463,0.75556159253934174,0.57093445508566576,0.33386360705714513
1611,0.44281824959459481,0.53370000780775451,0.53556054801129138,0.30895445352543216
1612,0.18710367662123173,0.63256690426416473,0.5399877181303705,0.31781989729177879
1613,0.42106219398983524,0.98570317493287152,0.58926399416296316,0.35728826238824074
1614,0.50508789017522937,0.45063545661660609,0.5265601194732844,0.30034626620334709
1615,0.83704149372406544,0.18237340540831212,0.49746259737251569,0.27269757238874004
1616,0.80069578984751144,0.86578469686413884,0.58312206578046732,0.34561076779152639
1617,0.85165673540822462,0.69098591142125665,0.5627679063770441,0.32690008994285658
1618,0.13104242165876787,0.51233482070310277,0.52314696110051062,0.30448980158670153
1619,0.1623171048216871,0.30581696044114653,0.49865166750798307,0.28301802273356669
1620,0.90412501706384352,0.73970451623460975,0.56947438669502626,0.33219875511494212
1621,0.1453264463453903,0.77163961670583814,0.5549976447155045,0.33222828802445442
1622,0.049109604976710401,0.83197611052655851,0.55769495471739061,0.33743388024426513
1623,0.74912213250937643,0.7541551066047395,0.56888617719493406,0.33352266529256686
1624,0.12388412335602335,0.14508064478315646,0.47694081934532939,0.26594976932349557
1625,0.128493526767788,0.34611938543646831,0.50245316078779212,0.286931086355805
1626,0.6240491896988708,0.62882812407609312,0.55129764293626815,0.31977789211640811
1627,0.51111392264020394,0.27116132144212024,0.50371484399456723,0.2813394621567098
1628,0.74419749899093302,0.9634158935892978,0.59366451790046448,0.35599646264355
1629,0.26971547960065073,0.69340041755546122,0.55024736477420688,0.3250079972627487
1630,0.80909993671152047,0.76270913371831417,0.57088558259697242,0.33454555574422096
1631,0.07681452894444811,0.004458691216085572,0.45736836466444125,0.25113014220231317
1632,0.15441886800335489,0.92645823477149247,0.57345508907856313,0.34885465649210157
1633,0.59870369583527794,0.65259060438560557,0.55373227531403468,0.32225441516190045
1634,0.67177626346288022,0.38338469616790538,0.52120335023040765,0.29366913170100889
1635,0.53187222968806747,0.93014966006862232,0.5855828236745998,0.35182990714280649
1636,0.35786734920818125,0.80469865044789635,0.56631269503176718,0.33752401855196656
1637,0.1447039121532929,0.18664019538360882,0.48295872834467962,0.27043446640918711
1638,0.27500749276209391,0.85352079504147405,0.5694885827952102,0.34218318431277717
1639,0.1947807689254987,0.88973908578645211,0.57082839746317049,0.34535484583101472
1640,0.63324149299297716,0.95714585601330038,0.59088558609580366,0.35506035569350236
1641,0.96476320655035086,0.43461147257281701,0.53201288864108609,0.29955692739841949
1642,0.63066376689671311,0.058065990858490117,0.47797921003759991,0.25937725978676429
1643,0.5351064094558009,0.74616577547116913,0.56380516484260601,0.33208802679597454
1644,0.94636623585555935,0.13563272903169274,0.49259262231973322,0.26791181130277519
1645,0.48937092951842354,0.50985381933915197,0.53367049638752284,0.30660228382987459
1646,0.70022789459816415,0.024691836610750761,0.47461605656757161,0.25606024161501517
1647,0.61609863909740237,0.21292444721692011,0.49813103518662999,0.27551065451671769
1648,0.5943742829574622,0.41476325104191203,0.52382343858238312,0.29681338061550294
1649,0.80574787815365712,0.42206019146424956,0.5282853172544798,0.29803406066383509
1650,0.16576951808683807,0.42217845417583594,0.51334240280163435,0.29529355728699125
1651,0.05018030425786274,0.77491883943489526,0.55107912284543492,0.33138072760917242
1652,0.86335743410856236,0.77764450991404022,0.57350660359178263,0.33622790126126961
1653,0.3216457594106556,0.27454344832767968,0.49966125153558288,0.28086322368928651
1654,0.47254644174493154,0.70118325107194257,0.55690847237583652,0.32701347244446632
1655,0.95323714620162503,0.021716872794309165,0.4774077247304383,0.25606241137556557
1656,0.89924797626592912,0.95972077316086513,0.59565377734616098,0.35583455464977809
1657,0.11277467773050304,0.15059988860428566,0.47723580007888611,0.26641759260693976
1658,0.39066910478662464,0.98520393342237234,0.58836472885385982,0.35706681891445685
1659,0.65590904718925014,0.14782362639979693,0.49025458510660214,0.26877604716438019
1660,0.85079332952046538,0.89887128860765375,0.58780978796584471,0.34924006503408977
1661,0.55290891065363545,0.8149476859018091,0.57245738286184178,0.33953744107766654
1662,0.84617040377784292,0.7660703485428938,0.57185346487096633,0.33496104120160392
1663,0.61446879467485715,0.83848528032220204,0.576552462140553,0.34226323043849577
1664,0.47545752135302177,0.58949307074641111,0.54327379320317992,0.31505915631493775
1665,0.44347064158777938,0.75876884636628683,0.56315077542908476,0.33305919660108363
1666,0.7839286905041547,0.75311974570037565,0.56932742160122451,0.33347399202228184
1667,0.39020127085071288,0.4898408101865207,0.52875545518824929,0.30402576103926815
1668,0.0021591823164955714,0.46818084262077464,0.51194930005554329,0.29822096811510429
1669,0.99954583420328569,0.92654301994411514,0.59310857547991325,0.35236291493655947
1670,0.92727005623568548,0.91618478712717766,0.59094295077518499,0.35118913543633973
1671,0.73364016707314883,0.82624946516858189,0.57730614857783613,0.3412404617757856
1672,0.13515339441833785,0.72205100549123025,0.54868736131283979,0.32682797904745858
1673,0.16758517615030286,0.50847807333824468,0.52409240801365797,0.30444379847089692
1674,0.92036556397719538,0.27131428939070318,0.51024273626719829,0.28216429785575448
1675,0.54192054633178055,0.54938287419286791,0.5397672565124304,0.31101754794512826
1676,0.61044444925148278,0.24041999319592725,0.50162174392744807,0.27838959845698713
1677,0.77456430666452514,8.5371023195330063e-05,0.47236409885079611,0.25363710894353497
1678,0.36272883145633389,0.36124921199671228,0.51181503446558319,0.29022968589653569
1679,0.64256017398511767,0.99518777398675451,0.59547464434840014,0.35916811193867942
1680,0.21665556616428075,0.48322814136889064,0.52273585480753115,0.30219589137104858
1681,0.63124795770462372,0.30629250320830614,0.51055193813529021,0.28539602703645567
1682,0.30224246482976014,0.94911377292670085,0.58152075406195858,0.3526239889724655
1683,0.50459624963601823,0.87525756936146648,0.57851397806477656,0.34583063397802977
1684,0.15936359330023406,0.21242510789687513,0.48674419842262701,0.2732388861624559
1685,0.1229527228705003,0.89777666033598369,0.56879489516044579,0.3454289517821566
1686,0.99890887383689408,0.080180359777633575,0.48575181719739463,0.26216401033076964
1687,0.40930843753590018,0.99177087480697079,0.58964049258703188,0.3578751100557932
1688,0.48375271292451072,0.57052921705892079,0.54111503432210217,0.31306412088930052
1689,0.15751687740817433,0.77358111397825424,0.55572674900747354,0.33256667717339877
1690,0.8401729189040722,0.45956181625680764,0.53358088490076716,0.30208438201692744
1691,0.02033969679985894,0.25533709271940175,0.48660601144771648,0.27624324066993355
1692,0.87749171388248215,0.4436930131200818,0.53206422541468767,0.3004374307397541
1693,0.40823925646530695,0.63242201895479822,0.54689820115223353,0.31934566306664963
1694,0.13297988415608417,0.67040672095500631,0.54241950955599205,0.3213022011167625
1695,0.51184378287709553,0.90629680733612039,0.5823313399616955,0.34919168504251924
1696,0.20479236573426751,0.0039247065258561633,0.46152793709124412,0.25209487352733939
1697,0.60343158069435743,0.69674915255071834,0.55924028521813685,0.32700713923464331
1698,0.93489622939064876,0.86843329429068838,0.58539663686050269,0.34606638854186961
1699,0.43609933681789559,0.7122229494415806,0.55734590903423131,0.32803202890870703
1700,0.20519348245245639,0.14189142909568037,0.47926900351599527,0.26627652325117657
1701,0.13811550548610976,0.10968288691841299,0.47294306484896681,0.26242625301337535
1702,0.46171734214433235,0.20623252722547625,0.49425738256545187,0.27433768706501399
1703,0.54862076568935303,0.92664672389150371,0.58555162938080008,0.35151602495915141
1704,0.1067279720768449,0.57275935539518252,0.5295199121629971,0.31062921036609564
1705,0.15023953321777517,0.6911125282121241,0.54561025569751931,0.32369360351449433
1706,0.099871704485279045,0.57218837809268153,0.52915690022201745,0.31048946124239218
1707,0.61121460299441832,0.83865889284388395,0.57650754184590869,0.34227230282867016
1708,0.32804463865658035,0.13372204582510749,0.48170398410356141,0.26618112275058564
1709,0.36748534122655402,0.050994376868556721,0.47191616957584015,0.25780989435583668
1710,0.99074641576466382,0.94066922642135764,0.59465525673281705,0.3538733375750277
1711,0.73421005026256903,0.17088026457397501,0.4945098725062303,0.27133999178100826
1712,0.60877348303963663,0.55775301490240969,0.54216593301714833,0.31212009980171368
1713,0.40261552751491547,0.025379678513843103,0.46936280831165533,0.25532007974718346
1714,0.77807558003027222,0.014348360334977042,0.47431934452793528,0.25511362720421149
1715,0.75881777584563248,0.062586429316562137,0.48049966974461983,0.2600800764971985
1716,0.061795059461856726,0.3031442588843522,0.49438529342075316,0.28172025632773945
1717,0.72567331024723825,0.8285879860579618,0.57744834941193135,0.34147550340726712
1718,0.56316327582282255,0.51375291159882908,0.53574457913019768,0.30727814793068325
1719,0.23483607608409365,0.16417581940075615,0.48303514088085581,0.26879398379318509
1720,0.90579873788760745,0.48997996407790345,0.53835412233261959,0.30541425338154365
1721,0.64460227483186183,0.084211331920640092,0.48166805687519298,0.26212036554248042
1722,0.0067109722080524086,0.95506814959066688,0.56961249589779028,0.34984490537046575
1723,0.93053359614819053,0.61667248994660329,0.55465137833816991,0.31901267147034501
1724,0.63367428904686829,0.20392496454344364,0.49725652468537251,0.27460688602144073
1725,0.16519948679817609,0.47868717160661473,0.52032807836988582,0.30126431354272537
1726,0.20620804590863412,0.8626473545256188,0.56810778543668172,0.34256906570758477
1727,0.34949102746002614,0.88922357222809223,0.5760332814090805,0.3465321813798859
1728,0.72991659077344229,0.74465856249992501,0.56741029948424748,0.33246451008587818
1729,0.57687787529028722,0.77663737630780094,0.56837994054033325,0.33550357097820072
1730,0.93545953276030491,0.60943020242940404,0.5538113975250134,0.31824046723809257
1731,0.81378751591801424,0.46695013589073209,0.53414547574603799,0.30283627371852173
1732,0.82391452746823202,0.53922509392848006,0.54346013072316823,0.31058107631173965
1733,0.4198774668613332,0.83187087934942694,0.57126426283261333,0.34078543749007256
1734,0.12266971516875783,0.60759225497007141,0.53441638020159776,0.31450684839725496
1735,0.37520188561793189,0.8148468093457516,0.56801695620515724,0.33871509677362116
1736,0.18113025923882378,0.29541520457168807,0.49800143070515562,0.28208852763425596
1737,0.19575761290638474,0.85313211251668408,0.56659718276865378,0.34145178541983556
1738,0.36965154909981651,0.80249475507986501,0.56639084208446555,0.33735829145816726
1739,0.77598529395282967,0.67793251816212441,0.56001198574116129,0.32538257509784896
1740,0.05718862258606823,0.13736578116068848,0.47341608651142297,0.26449640625069915
1741,0.82415844313331188,0.21064671107380417,0.50102504024010164,0.27565341849855907
1742,0.41398155380954271,0.50445807135439247,0.53119413716584452,0.30570087574719668
1743,0.50887745917852734,0.85459141201231403,0.57617411999598911,0.34362933193285639
1744,0.8362581774895429,0.37040608644291062,0.52206323032428892,0.29257710910667128
1745,0.56264066907743693,0.29276783082740149,0.5075358809632482,0.28378200021966782
1746,0.57568046009832763,0.66393313307730717,0.55465868741284829,0.32340056496935315
1747,0.4361064119849471,0.63162584988105819,0.54751430715820226,0.31939591954715235
1748,0.073098548767773899,0.52953081201064633,0.52279235220081832,0.30565016618331775
1749,0.45112578077948423,0.021047285592870321,0.46982136385961121,0.25505474803177153
1750,0.4773202148636454,0.5273874334157328,0.53559027290129924,0.30842680955662671
1751,0.71665362225113205,0.63996821010223359,0.5543510407940504,0.32119448207347895
1752,0.45077634111134107,0.99364692819012568,0.59096387705658671,0.35829027285927462
1753,0.098647631526191257,0.31069786325196042,0.4968533102248669,0.28291642701463859
1754,0.36136332745827965,0.31946860303649449,0.50645870608341037,0.28580803435644131
1755,0.60212164551153557,0.90745214960061726,0.58445140076747371,0.34963385870129088
1756,0.56094639065262164,0.15964879882169192,0.4901630353687001,0.26978095461288837
1757,0.051147797626687683,0.27894963810147022,0.49091188458872398,0.27907447486515297
1758,0.46512786649101184,0.96108282251775967,0.58757477628061128,0.35486757200383479
1759,0.48908644308877414,0.019996120138477999,0.47043748789445022,0.25507199192965485
1760,0.69793001407660782,0.62951073829518867,0.55273389435064524,0.32003252785648095
1761,0.89908771121670727,0.94488417245197354,0.59391883770882625,0.35424151724589026
1762,0.55578578552649127,0.81613710011896912,0.57266202241241582,0.33967521318711891
1763,0.83030724479461793,0.26118530864795902,0.50775327928276381,0.28099070624849509
1764,0.29391815713109681,0.34197852895903635,0.50746736812707904,0.28780053745598883
1765,0.85797303742297237,0.028396911920735148,0.47721312401267729,0.25666457679524685
1766,0.44945875654633854,0.13104245604363968,0.48420193690607521,0.26643605027704403
1767,0.59842887204476869,0.55937734917277704,0.5421674463797892,0.31226444207791482
1768,0.57740471582777098,0.89388053560972913,0.58233878243195214,0.34809778874944891
1769,0.97950303730979793,0.7105553499755799,0.56689818131343894,0.32913821000265486
1770,0.65304972643599613,0.12151696938542883,0.48673747463464023,0.26602246924808653
1771,0.4647061611775658,0.23846960238671164,0.49850240581447486,0.27773293197750132
1772,0.36979777242055861,0.73688677679720571,0.55854467980601918,0.33032664638180448
1773,0.65486202947768624,0.42547612879582453,0.5263013360626686,0.29811052602081678
1774,0.71398203591384235,0.99666197342575769,0.59698622031214532,0.35950150181665486
1775,0.78046521947713343,0.31546012469868873,0.51414000640942292,0.28666218279637046
1776,0.25921280571710087,0.58611511360715385,0.53685162500749217,0.31347327844046097
1777,0.29171666949467034,0.13717997488911499,0.48119090463005276,0.26634334103169055
1778,0.41971097355947135,0.87828304738207963,0.5767371190925249,0.34576349315144872
1779,0.66265952883978618,0.092548839698836677,0.48305978489311657,0.26302470619446527
1780,0.25478669858168579,0.070527263308421254,0.47156320154627152,0.25923621076488607
1781,0.075994391095952601,0.31852395266065142,0.49690248711753882,0.28348841497111626
1782,0.10444306895524497,0.21776589232956758,0.4854121387753122,0.2732910092668287
1783,0.5569583419155214,0.35959154855915115,0.51603564157199611,0.29084044514187557
1784,0.73222967266178463,0.43683764105796585,0.52905417475299921,0.29948576835986984
1785,0.15762604478715223,0.55289047702524119,0.52916326260409052,0.30906103524309358
1786,0.88716035980685848,0.38901899010742785,0.52515651209382408,0.29462040513353194
1787,0.56768788862820951,0.0052126186293899087,0.46991987737215141,0.25377132761284438
1788,0.22965451231844491,0.10309332143137,0.47503558193732132,0.26243431655093291
1789,0.42289094503725644,0.18066614245796808,0.49007880763015721,0.27150949688118364
1790,0.97099658165803415,0.71231674739896556,0.56700709196188082,0.32932043796492499
1791,0.55901159003594658,0.38877706318070415,0.51981493666844514,0.29394565454246607
1792,0.085039826171926694,0.78014402628032253,0.55336066404255191,0.33241403405952019
1793,0.084460676359815995,0.14828508362016873,0.4758733133356699,0.26590449718491221
1794,0.17294545556240482,0.27563402702767636,0.49521966914593857,0.27994855506574073
1795,0.011413127225649078,0.81339508501131785,0.55358014614839623,0.33487596457567692
1796,0.3079231589159579,0.83053011661387288,0.56785498548469393,0.33996473363787411
1797,0.46355681153741901,0.20121895778801993,0.49364579132054043,0.27381902578962403
1798,0.34605293022048428,0.73850984741525028,0.55805543499139099,0.3303584602560406
1799,0.40416638163834578,0.74297459546941103,0.56022475150030504,0.33116897754397434
1800,0.35172866930150193,0.84978687589956681,0.57146903600935106,0.34231932041158875
1801,0.65614869933739539,0.706538581381843,0.56145355269042507,0.32820230230393432
1802,0.30120623963236576,0.77349466884442375,0.56087409833269108,0.33380861228542058
1803,0.78693478256621174,0.47440397224953634,0.53469669929841812,0.30359118144392871
1804,0.6157881117357058,0.73476746764188872,0.56411422552719792,0.33112526431106931
1805,0.8280846604671912,0.17683008483600571,0.4966111836339675,0.27210419833611776
1806,0.68457242890062042,0.81218259404160786,0.57475493370471165,0.3396216521980171
1807,0.15152254005753202,0.051865916681697127,0.466016839600775,0.25660380371261871
1808,0.85479588950540641,0.93053992631678706,0.59159539658582805,0.35264715750248432
1809,0.45660795879365179,0.70955139864663364,0.55753609238509139,0.32784073115632822
1810,0.64992317900586638,0.91505069832716834,0.58629757100288893,0.35058655697147001
1811,0.026594613195059357,0.59164499180064301,0.52811777469674825,0.31159677684391196
1812,0.11906801172917476,0.54184849905272714,0.52627223120498123,0.30748933587763239
1813,0.16102903155070963,0.18331806320716862,0.48310545658662046,0.27022863289296373
1814,0.59836946171893513,0.037831805257999805,0.47476461568241501,0.25721017965290488
1815,0.95096044885158781,0.55870891490554198,0.5476447621447964,0.31281653184834823
1816,0.77384494139890891,0.08916280075932155,0.48424563822143946,0.26286489197821183
1817,0.093502282880793791,0.19526435792789562,0.48215300161239499,0.27084862511473046
1818,0.93384448928338248,0.67076805674465145,0.56141170092868553,0.32482325907198967
1819,0.33329306057520447,0.80708496014870479,0.5658657341594745,0.33762488465828611
1820,0.84720488577814546,0.3851641662900453,0.52412198675994415,0.2941616287476006
1821,0.59895664132285165,0.35567863262110627,0.51634053937787838,0.29054650495375384
1822,0.63423189490147636,0.50552528755742832,0.53608853539496615,0.3066022158991778
1823,0.014680993086576928,0.49748815727889306,0.51614019091833985,0.30148674542490261
1824,0.75133018567409604,0.47385536982909549,0.53407739619782446,0.30347199148683801
1825,0.5700694248959074,0.73928761494628858,0.56372876013524631,0.33147036264890883
1826,0.77221633979954063,0.029934011754079257,0.47632502600287691,0.25671623514249831
1827,0.53268614047263985,0.3178331045404193,0.5101804143263613,0.28633994874996793
1828,0.048531883983046281,0.71636378086094055,0.54409184765899343,0.32513366023356483
1829,0.75389738528415329,0.3093940895483247,0.51295622683461028,0.28597593135959082
1830,0.033796522265451497,0.03922467046120437,0.46010241838937627,0.25421870405109021
1831,0.11653041169283679,0.53533068695286057,0.52537104511952659,0.30677074091647022
1832,0.84245030978453583,0.056207491587556432,0.4807463190965674,0.2595292683650966
1833,0.72060605671963418,0.44248379759212259,0.52958757977495652,0.30006559778843778
1834,0.89553524415692087,0.99869594646749327,0.60012620542550021,0.36001291950969927
1835,0.29056944747791863,0.71142672674645435,0.55309706326743091,0.32708929641108664
1836,0.7446158920268412,0.55959024306702199,0.54480121340410004,0.31263136062403962
1837,0.22389390777404189,0.12442177622491728,0.4776043752252716,0.26459949718794251
1838,0.011765816006076056,0.010885304794053082,0.45563216723796396,0.25110509855133228
1839,0.92610222565239531,0.52638777094263345,0.54324284446022353,0.30933077966935291
1840,0.54159316450265471,0.28051405929831091,0.50553948038530971,0.28242443105601173
1841,0.46892368566537046,0.087160125170915856,0.47886695288854414,0.26194609544538522
1842,0.81022433901039193,0.57865271929429141,0.5482134753371839,0.31478506280521373
1843,0.49970338931906738,0.10334176164719976,0.48160779827288913,0.26372799324550511
1844,0.86945101105998046,0.5127781403401751,0.54076210454188756,0.30781091440339392
1845,0.15467149701871677,0.41186061199285323,0.51164636112441086,0.29410151360424786
1846,0.73182602931332075,0.41281785194830739,0.525972758487666,0.29692481162658541
1847,0.52363059264960476,0.99251630042096373,0.59262131106599059,0.35848831816933779
1848,0.073631383184564761,0.73425879202593358,0.54741397556082594,0.32738036672430049
1849,0.92304932134248086,0.81419331260417827,0.57875154368892767,0.34022517486687653
1850,0.33417591501605931,0.75750649071614029,0.55998165757881224,0.33231860160797388
1851,0.2583210484397947,0.80105362267439495,0.56273534393026303,0.33643523314744544
1852,0.79204136262297398,0.84827186314017755,0.58090117262025931,0.34371451306056888
1853,0.86609922604655154,0.15118029460551916,0.49370142996295352,0.26946046463194462
1854,0.85685125198046441,0.31701679438553981,0.51541016752195123,0.28693390153494125
1855,0.70809197173492289,0.53340794686233861,0.54090679270972197,0.30975581392919616
1856,0.30297062854695833,0.92412393499576717,0.57865196488742388,0.34995375987557426
1857,0.45057362900174924,0.12633509221317946,0.48361096742663107,0.265950196068653
1858,0.4131105699887383,0.49804965413050961,0.53037032786946936,0.30501346485439951
1859,0.76703592554208588,0.13177165894521167,0.48981080655885417,0.26729900877970125
1860,0.1124606960225734,0.31711017321170076,0.49820271825364459,0.28372996139381684
1861,0.23719978607088563,0.83250531524376714,0.56571043238908969,0.33962494127090298
1862,0.84984303916495996,0.33488901792963738,0.51764275759845801,0.28882120374255976
1863,0.037148997318244073,0.47648672500589168,0.51466871252671431,0.29958814992523852
1864,0.69713510675289436,0.38448868699074956,0.52177159539268647,0.29384094246231618
1865,0.4094099748765701,0.47411590124497893,0.52727631771750005,0.30244563977367939
1866,0.49329912296062106,0.86629110599734127,0.57718813045533823,0.34482137252838807
1867,0.5780561647516792,0.71796198653102627,0.56130817603193572,0.32920654230723573
1868,0.46523303690358297,0.16067561395299854,0.48840418958866116,0.26958374773936394
1869,0.94750139512395259,0.41508004362558715,0.52928717069903408,0.29745850423719877
1870,0.9325706798965927,0.7639439417343703,0.57280888231618166,0.33483360642331472
1871,0.79605823657006258,0.59104973330189248,0.54955020968221902,0.31609206250055771
1872,0.66858659906714468,0.27804389989188644,0.50752401002093983,0.28249465237765697
1873,0.92041031945907748,0.017177855969162194,0.4764350457468145,0.25556555725961566
1874,0.63719309678288405,0.88863398602266108,0.58294347649034928,0.34771492293556971
1875,0.60782468899226516,0.43126497272966663,0.52618219616332096,0.29860777332010041
1876,0.99085302644366169,0.25020273982501823,0.50829124700340189,0.27999398333624431
1877,0.56352993358426029,0.35301118045434127,0.51532014346077826,0.29016233713916961
1878,0.57245435782157583,0.20678480915384134,0.49654347304775709,0.27475222181088566
1879,0.48389037886630976,0.97815066443715482,0.59001489627751602,0.35678251587536836
1880,0.74691264302808558,0.54591662630900983,0.54312076517405528,0.31117119225413797
1881,0.23382936477652985,0.029114245118864346,0.4656212193713456,0.2548555989394638
1882,0.3532992898481549,0.40566294522533425,0.51719050666513378,0.29488381510582545
1883,0.58356140558979241,0.30987420416328826,0.5101463373050481,0.28565061326207258
1884,0.71336897339612482,0.15184304560971215,0.49168497826738938,0.2693091221208711
1885,0.74616481868111295,0.3726990911105299,0.52103827782417289,0.29268132704399336
1886,0.62148493246730652,0.88181127547781224,0.58182746724603274,0.34693779572508043
1887,0.93604165818818152,0.8158835871552933,0.57912973534004653,0.34041976895841242
1888,0.59701924692367903,0.76163124246144442,0.56698840419242846,0.33395508984509686
1889,0.25793546290864472,0.3949479930425645,0.51306803560861991,0.29315733687267964
1890,0.46923562466242585,0.50248176947437462,0.5322844856510266,0.30573502797056096
1891,0.28416926684934879,0.86916607560728454,0.57162901284939405,0.34392872545832776
1892,0.023017860228416977,0.44444823139280781,0.51007878828770115,0.29602561091739776
1893,0.78199323653687025,0.67803264387039242,0.56011952391652797,0.32540360034863125
1894,0.41208425922548636,0.88026979857845011,0.57676514238316723,0.34593650611096904
1895,0.83870285713752968,0.90178995969315301,0.58797223272120491,0.34953694990107614
1896,0.18767169152627466,0.37219532238506947,0.5078869975707514,0.29021329304428045
1897,0.83511698175988869,0.83307562583185502,0.57975614849679169,0.34214772764228718
1898,0.59484965558854164,0.9112320668230881,0.58474403151266618,0.35001714263807676
1899,0.0081455090884235692,0.91316443314250795,0.56491454522491247,0.34541881457961593
1900,0.42430405890269907,0.91979578511029259,0.5817184310165745,0.35023983852084589
1901,0.043643069869896862,0.93780514199578913,0.56961898038113434,0.34861046182224636
1902,0.3742893700000714,0.75082016923025952,0.56034636067059163,0.33184578671447773
1903,0.13998584099741421,0.46107589185476539,0.51718844571239364,0.29915677456456879
1904,0.89127063674757967,0.50372307104392677,0.53990936251373955,0.30686797178877551
1905,0.45926644815524342,0.32319119224183962,0.50930288192574213,0.28664409839410943
1906,0.36696916816040176,0.64546190862915254,0.54737859259561572,0.32051979866669861
1907,0.020580849172885066,0.28683876057787566,0.49053203095116432,0.27951677576728068
1908,0.59425181541169303,0.18927322960494786,0.49464977478294114,0.27297258010786735
1909,0.32127142292625505,0.085997623639402457,0.47534418004421941,0.26120218588606126
1910,0.57722967598092512,0.56756741431198321,0.54276741074019297,0.31307771745112306
1911,0.34823988593631655,0.72482783878307089,0.55647303146967086,0.32890632533392905
1912,0.4452570458078175,0.22752118952655001,0.49665683616334533,0.27650801513562567
1913,0.83605051052273494,0.56073755002751713,0.54634559630200963,0.31290261843036749
1914,0.78855942655886768,0.93280523631436529,0.59083190301734134,0.35279084952855233
1915,0.3347399125762866,0.17350211016765099,0.48702036702286206,0.27035531853873379
1916,0.75762014852989235,0.86099862823801809,0.58185329458785495,0.34502147960427126
1917,0.41994874711873709,0.31380226440517001,0.50719004795352429,0.28548836732665756
1918,0.4386163784849807,0.68805960615595108,0.5544758880206736,0.32545356942487358
1919,0.56000916349826158,0.88613561816335418,0.5810522901816535,0.34720724179908408
1920,0.89162395304191167,0.54082809531561804,0.54461376477860746,0.31084003843070546
1921,0.76236744634752407,0.46763415595073021,0.53345851629438312,0.30282701587410271
1922,0.60731166938935643,0.86120889527482225,0.5791054747228066,0.34468306401634852
1923,0.21180596804636298,0.94601950516802036,0.57799038194455654,0.35153479956634254
1924,0.98784689524265701,0.16526961313533831,0.49700436153879801,0.27105027835379725
1925,0.44263113967626128,0.71294785786235015,0.55759922496266079,0.3281406786652209
1926,0.32894953011769107,0.1986990917455056,0.49012001419760259,0.27295488568998433
1927,0.15201848352894887,0.12962871016307034,0.47596271424867009,0.26459815172189871
1928,0.4598988849348738,0.81250053259372945,0.56999385083628928,0.33890121503486753
1929,0.84138150727966576,0.60734504301456038,0.55225976388801956,0.31790695094396537
1930,0.32023153640084207,0.4706857549347333,0.5244384738106449,0.30159699938262557
1931,0.7205617341591628,0.42712505128468625,0.5276241159995807,0.2984278226051596
1932,0.99634333625742011,0.037561386459355708,0.47999772138179669,0.25773480793536457
1933,0.034393207856838123,0.590932097081875,0.52841636918987001,0.31163294446240664
1934,0.98642083857924445,0.66897734733846737,0.56186067319233179,0.32467740668939243
1935,0.61418604295110568,0.80383514901314634,0.5724097830467465,0.33853986849618606
1936,0.37051467252603032,0.90315793723944804,0.57828059678479249,0.34815567291508026
1937,0.70857072556935019,0.16350122000625125,0.49315080688130475,0.27052113819137119
1938,0.91123001224001643,0.68742313925501664,0.56316469101736033,0.3265889521435747
1939,0.72471942100616871,0.73484162402182118,0.56612836146697054,0.33139911578129205
1940,0.79119440688382603,0.72717121854625877,0.56628510102712171,0.33069769789909687
1941,0.45393128571693087,0.28439211853166341,0.50419542470121514,0.28252624196103232
1942,0.47338915684187088,0.35423181746305199,0.51359532259546126,0.28998456648728832
1943,0.93032539705085804,0.66739650226667291,0.56094864161859925,0.32445768888911852
1944,0.43562019964171345,0.10619206166503718,0.48065799058993181,0.2638002925396305
1945,0.52126918618179618,0.16919334168661154,0.49065698206498487,0.27066225035975089
1946,0.97035056091489968,0.13679297727813247,0.49301693391484613,0.26805283245707628
1947,0.80643063939873827,0.42356390550845541,0.52848823157544544,0.29819539194709438
1948,0.66117576782187681,0.20542738445190481,0.4979137942140236,0.27482613492069502
1949,0.026090513579931578,0.19012425486064752,0.47872741911949074,0.26957150310910161
1950,0.30461269475350861,0.4218476884746109,0.51786185381080396,0.29631546046953566
1951,0.038161890390596823,0.83850959754294019,0.55790051642478278,0.33796542668475904
1952,0.88854254926905274,0.5958423168019974,0.55148717235155642,0.31673285014106217
1953,0.93181075425405291,0.065371182601165492,0.48303387338834103,0.26057144950730954
1954,0.36092866249730576,0.20360872400052613,0.49157325711711275,0.27363119264684843
1955,0.80717302302223404,0.87418609489799715,0.58422114471642217,0.34652392837140955
1956,0.10847583811640507,0.33708289265522035,0.50054212391753428,0.28578131142778901
1957,0.69551034569320036,0.44912972535778539,0.53001963401521701,0.30072341885734527
1958,0.24388916038478492,0.50219376964004481,0.52600309142753188,0.30442419780469787
1959,0.33959757896420778,0.669115000177396,0.54947781203002333,0.3228884760381196
1960,0.22600463401229354,0.14041371737645239,0.47972084285050787,0.26626922856014124
1961,0.69933593859310494,0.79315629078297645,0.57273782487559621,0.33761094981343648
1962,0.029718650583585259,0.49900618249253603,0.51705986785227842,0.30185932699812307
1963,0.1418829248706461,0.52880649761828835,0.52559874085535696,0.30634746319140016
1964,0.55660004797399742,0.64935676743580262,0.5524692585675659,0.32177498011337774
1965,0.41241746597759199,0.20381807220986811,0.49284110045321372,0.27388813593537686
1966,0.43398469557767966,0.23116898235784611,0.49687560269732839,0.27684588456051484
1967,0.54500900059511193,0.66311370747123144,0.55391114308218736,0.32321085853006443
1968,0.19805832819856006,0.68716206708335092,0.54698866581147154,0.32374339848296863
1969,0.41698499310166809,0.97416771543388025,0.58782485782259042,0.35603044134469186
1970,0.55849814605776915,0.8943576949343901,0.58198661436148147,0.34808481665074958
1971,0.58288451524014817,0.41831990955943477,0.52405595831277629,0.29715913292742363
1972,0.92437960232697658,0.30164576912288327,0.51426767278738617,0.28537885952680614
1973,0.32263292931868931,0.57697832281802552,0.53770244882135032,0.31293536220996421
1974,0.76519963954129488,0.64797674437622776,0.55614433845731137,0.32214740971406425
1975,0.49281817538718464,0.62695903219949689,0.54830430033887756,0.31914116335908316
1976,0.51106633678086799,0.086804851033107852,0.47965725462925279,0.26204637449438145
1977,0.58307046353513148,0.80926734869672223,0.57242322267200396,0.33902833422191592
1978,0.85289989395026344,0.44722312920527768,0.53218082646561093,0.30078383205588327
1979,0.38036613709157102,0.18742471594224919,0.48995983730495068,0.27203126996475735
1980,0.9972148692629883,0.96914046693303402,0.59806356651406811,0.35693417275444134
1981,0.13350324861273402,0.85158668957367778,0.563889835090439,0.34062577135280853
1982,0.28062646909562172,0.4091751891973312,0.51555504884525782,0.29481799707292639
1983,0.48107340866721937,0.40627590195034863,0.52040399977540297,0.29553661050435132
1984,0.30822269283874199,0.66410212650200118,0.54792661940412124,0.3221499221392331
1985,0.79947166033795802,0.3260074079078506,0.51578673350699333,0.28780956859981716
1986,0.42501436403874543,0.6853537022987497,0.55379973039097297,0.32509822708991931
1987,0.72832841697799744,0.94512217398990184,0.59125829824855536,0.35400044334345626
1988,0.22054423653412378,0.94473563023008178,0.57817079117716885,0.35147953554670486
1989,0.71282459760067285,0.75255658236922474,0.56807394108608034,0.33327763969046303
1990,0.9547882981311181,0.47317959073142846,0.53683529306067934,0.3036666588021481
1991,0.19672050187446877,0.69289343466068387,0.54762798409582059,0.32434271506760981
1992,0.4165480054322514,0.7920868529396714,0.56644317366982788,0.33650045126648265
1993,0.60481993362730135,0.547158367773809,0.54076378188940366,0.31097507095488564
1994,0.83786676507262747,0.081543682860455019,0.4840737387676452,0.26215682615033015
1995,0.52100409001050285,0.7984246196213528,0.56977129349418409,0.33764624772043061
1996,0.86376230892679884,0.88427409071979357,0.58627604678371648,0.34768878041579082
1997,0.42694412167082774,0.83160502036878603,0.57141961453108925,0.34079290887970481
1998,0.69174161375152188,0.74240539004673489,0.56647017152605172,0.33214040413397627
1999,0.79510196067240324,0.14212045647337801,0.49157091965605793,0.2684222880664322
2000,0.24356258233027767,0.71688316999537638,0.55219078364591723,0.32731277059229169
2001,0.11092807523430093,0.43653878357579234,0.51299785968924216,0.29626500271382589
2002,0.8546036805483862,0.38399311660531676,0.52407194177329475,0.29404645662879503
2003,0.37633943967485106,0.74628919480015765,0.55985968481122084,0.33137186804115742
2004,0.42163898303526226,0.041284654775133822,0.47186031689562902,0.2570316738410669
2005,0.89354910127456544,0.16777114631166914,0.49624394167019509,0.27122943970127794
2006,0.052724996746785477,0.41059294725205986,0.50730311163462916,0.29285962608684823
2007,0.0068524230836075738,0.28651315761794105,0.48985346024653731,0.27930175284434483
2008,0.1041421734191128,0.24133817310129527,0.48836931658728522,0.27573788373563263
2009,0.1488704288671841,0.42005451190603205,0.51244664501801351,0.29491099079722788
2010,0.28120030904064186,0.71696498767986205,0.55346179377648042,0.32761372880362427
2011,0.14047442234921037,0.10356573331508553,0.47224517266073174,0.26181689486623816
2012,0.72684437965812398,0.19430706000832143,0.49748690246873961,0.27378584886018364
2013,0.95563108055567136,0.14105156730316812,0.49342002233190096,0.26848676701712437
2014,0.66643810351026478,0.11172043236464961,0.4856566439572424,0.26502867028709109
2015,0.09772587494476466,0.21848142049020389,0.48524289440455648,0.27329826792681117
2016,0.49868546481815867,0.78860415851663568,0.56807926040263401,0.33650375366306229
2017,0.74046617431313499,0.0142327798586688,0.47379411737166732,0.25504649773263943
2018,0.35091603982519592,0.63634212679619673,0.54581028480544369,0.31945097068858958
2019,0.019505138407379854,0.96505509726371386,0.57144756531509688,0.35112189159152946
2020,0.26910305790220157,0.2250433429457131,0.49184736155805137,0.27536087211847776
2021,0.28764396373311757,0.33027543652331226,0.50580016523225546,0.28652693241462845
2022,0.20052907640413614,0.54117543452248207,0.52932372245526571,0.30821381469003239
2023,0.32186191940646386,0.57836414088258759,0.5378503699295798,0.31307841535106828
2024,0.39505278883239953,0.81921345802255674,0.56909081679860007,0.33929562873769575
2025,0.23450921484947904,0.14053759552334669,0.4799924655882159,0.26633928204715146
2026,0.40771132304297064,0.98776709546874042,0.58913634318093122,0.35743740231455612
2027,0.19423021660783563,0.96018797295644187,0.57894245104250985,0.35287729586917155
2028,0.23647181753270563,0.69948264633469515,0.54985336990665379,0.32539481230764283
2029,0.79172501006167151,0.29427321941432311,0.51154301562074223,0.28443529483588181
2030,0.97231816645861846,0.16847047587997516,0.4972580929871781,0.27137431092658987
2031,0.042921691774565264,0.92137189887549031,0.56770208460133165,0.34685140476757614
2032,0.32290758222002769,0.77271266565698904,0.56145775327584058,0.33387381727025334
2033,0.89309938956574775,0.10498509032198927,0.48788242010898908,0.26466005282306126
2034,0.27056401879430053,0.6545523973316304,0.54557311218381954,0.32086254308276113
2035,0.9597187918309239,0.74284829443168132,0.57059775983468142,0.33259162467627706
2036,0.48890566235081062,0.15402846330270403,0.48802822579844307,0.26897239203193857
2037,0.08590686261764495,0.33236661381322197,0.49903979041964336,0.28504648948036537
2038,0.17218510323761732,0.28406019329194682,0.49625745975741675,0.28082401575280619
2039,0.04301325016313931,0.72703019452999584,0.54508201716750171,0.32618769395979041
2040,0.77193089103273815,0.29372727732221832,0.51118446551573904,0.28434674360415035
2041,0.75509532908272226,0.97627298583158995,0.59534363581521321,0.35739751749116461
2042,0.97245547721079784,0.97841447736170384,0.5988246150174914,0.35791064792369492
2043,0.86911835740999099,0.080766328792588327,0.48435836658609094,0.26211150632966806
2044,0.59850713793804178,0.47579260317316513,0.5316580476270798,0.30333010788822812
2045,0.9250358755532071,0.080666278326988694,0.48500574706662558,0.26215631256135696
2046,0.086669542118918613,0.83225117203634003,0.55954062712501917,0.33798546199084167
2047,0.22029712375534002,0.21211351020018337,0.48871902128474842,0.27368192448151107
2048,0.10098499233945041,0.38016184533302444,0.5056059388275902,0.29022320872605728
2049,0.73920970217935977,0.85768264588298049,0.58114831019619628,0.34462964632218102
2050,0.48792336587916363,0.4307510314480984,0.52366388080475512,0.29816534705676007
2051,0.76331336441425379,0.081039976564410615,0.48301950377570241,0.26200413800007644
2052,0.81019387936504794,0.7956425050371676,0.57488169786198662,0.33808702796950885
2053,0.42546107439732878,0.71392659045982876,0.55727922330854907,0.32816308685356904
2054,0.74706585439922057,0.65220929396654248,0.55637309094688858,0.32256847658486443
2055,0.26103345886842583,0.62106573461621295,0.54118539264090681,0.31721528601276594
2056,0.069518724986945751,0.70603200141511635,0.54387273184678742,0.32432411068202077
2057,0.72674206278900388,0.09312343693968142,0.48410687121629015,0.26320313598415601
2058,0.23469243770682954,0.49309060751093786,0.5245695514795935,0.30338640143953305
2059,0.26146129656139527,0.50323867166276315,0.52670375103439404,0.30466592095889783
2060,0.082057149333425339,0.83619164875455909,0.55978414221972272,0.33834405711314425
2061,0.59920211181578931,0.63879390737068609,0.5520424885898001,0.32077606873205644
2062,0.44297698676040165,0.72751939550886169,0.55937144029722452,0.3297049293433017
2063,0.41119406238115624,0.14910023266427452,0.48571064159770655,0.26816658032186935
2064,0.24281571289027343,0.46802679584355794,0.52172476014224145,0.30078824864481185
2065,0.20446580810077722,0.96697066430478595,0.58011714863334618,0.35370307879982149
2066,0.9491238211709192,0.67198508436762494,0.5617611377850934,0.32496852161918488
2067,0.53591550144535727,0.74690467118005033,0.56391235884366853,0.33217028962295581
2068,0.45651621299254475,0.96087092529105733,0.58733142721406084,0.35480440349000325
2069,0.59251147832249995,0.43086821316404966,0.52584049193175486,0.29852296386472149
2070,0.8420847147024354,0.94963416474758422,0.59363862455497307,0.35468026237246209
2071,0.14816688614484155,0.7091771634173929,0.54768794783232322,0.325597205248364
2072,0.23449624068894193,0.75067098619890171,0.55591752855689502,0.33084936368680135
2073,0.34245577564752899,0.0660039347537444,0.47327399317481922,0.25924250147250483
2074,0.90482568976018818,0.75009843305888357,0.57075011589668256,0.33331659685799253
2075,0.180734358596534,0.78211567095314383,0.55765935052843341,0.33371601820835839
2076,0.7976363850159921,0.87168644056472699,0.58377397429463995,0.34624000580354469
2077,0.97499840482481537,0.18481721167321086,0.49946034601593131,0.27309310923943464
2078,0.34231762870365057,0.01722757462806767,0.46691468295554839,0.25422363951927163
2079,0.82943776808351977,0.37467474886047425,0.52252019932804483,0.29302188686200997
2080,0.9939175661908114,0.40686220429254466,0.52878295474476888,0.29662144117519246
2081,0.60755766575942982,0.59644064773627326,0.54696409261259415,0.3162600148340306
2082,0.52520327629550589,0.25952374080285662,0.5024942150681958,0.28015909486572249
2083,0.8068236535351142,0.46224111661867939,0.53344286823828935,0.30232298113138295
2084,0.25962177413337628,0.65619360851437092,0.54541167842899119,0.32095511557250145
2085,0.53374626062820907,0.80146956046073459,0.57042334307249398,0.33802111222697551
2086,0.053209918352554092,0.44527075367231156,0.51159014462885544,0.29651140539663895
2087,0.93517464512401494,0.24191177244350548,0.50655341407643062,0.2790722263927492
2088,0.71795289241840365,0.69185883124199465,0.56076344583011217,0.32676787511258265
2089,0.29805350236451489,0.35649080299882918,0.50942593946469905,0.28935823169457009
2090,0.61831522000323758,0.11654248412718299,0.48550775668288804,0.26542678374237849
2091,0.48963667449849896,0.6476771889777273,0.55077773368217464,0.32134831924902646
2092,0.26944577215266186,0.92606614987993385,0.57776114167063486,0.3499047829611206
2093,0.98217938149656414,0.28729854001981436,0.51307352739810452,0.28390993163282469
2094,0.5119282832472003,0.73904651489615214,0.56242279873944045,0.33123676276149888
2095,0.26571219614126018,0.15750826347676339,0.48308483510111233,0.26830028935949179
2096,0.2373807585225324,0.13843595960870153,0.47980806797000719,0.2661405101887388
2097,0.69595887913851773,0.56689541485129169,0.54490288817646348,0.31331556752362855
2098,0.42200819408850515,0.061062509766069709,0.47445943135390756,0.2590740406962056
2099,0.016197244432207662,0.51717045758784519,0.51860499845450903,0.30358221294114013
2100,0.14263473409611033,0.5357076274489635,0.52647390261801286,0.30708704405211062
2101,0.053617414915666455,0.097522032719000715,0.46825054182300901,0.26037257288133597
2102,0.89686135015689072,0.37489203917669367,0.52345551641502974,0.29312769912361442
2103,0.58956940282174619,0.44922479775388496,0.52811769562514577,0.30047065943255108
2104,0.10002543729470345,0.81890474953661918,0.55859524432872554,0.3367355321248961
2105,0.73670844565903537,0.84589414616042047,0.57970303983592919,0.34335782672499993
2106,0.34504627716521502,0.70089859146195244,0.55349107926310148,0.32632410838389131
2107,0.21697302866416285,0.41489236440524696,0.51423789491241123,0.29496027287348825
2108,0.58799345515595058,0.67606907663889004,0.55639924668338736,0.32474111546859524
2109,0.028753382062527817,0.79729152536162873,0.55261623114930025,0.33343996007928584
2110,0.86141597291046057,0.43979454259494088,0.53134644079052784,0.30000184094481891
2111,0.8224337170731858,0.11012357279575663,0.48768456062217536,0.26511570460405887
2112,0.3943073403980234,0.94495772678478396,0.58382170523753751,0.35277505699178074
2113,0.35616247185972755,0.12987950236381732,0.48191184262130732,0.26592138874031407
2114,0.045356944138335534,0.93087113675071165,0.56891436823887298,0.34789910419925307
2115,0.92671369054660913,0.11953322514592438,0.49021965186050553,0.26621113848943984
2116,0.0771366882440052,0.55486141678384748,0.52605420578465478,0.3083805032708638
2117,0.29101617428661558,0.60363545175042244,0.540016766196731,0.31557192638636905
2118,0.39552460252329474,0.69750470155040967,0.55449796993024958,0.32624961197324742
2119,0.062362059872795368,0.28475689260683723,0.49211652103229264,0.2798098758783128
2120,0.20432903134674998,0.046698661129886757,0.46702208545328572,0.25646373883904161
2121,0.81130069421593798,0.56744691840965533,0.54682448174022436,0.31358566393004267
2122,0.81656157216118885,0.36277095451267671,0.52079901313862609,0.29173814735462483
2123,0.84635248264438712,0.29816047967475606,0.51280908482483234,0.28492255137059203
2124,0.1075478727534297,0.80086517800270818,0.55681881112979859,0.33490651695442236
2125,0.89732934385415875,0.34971946304991142,0.52019624072027582,0.29045187388082067
2126,0.57450957507233835,0.87879182404143508,0.58049978277649039,0.34646788466299755
2127,0.89403385767558363,0.28526303281137955,0.51174428849913867,0.28361289573752074
2128,0.55025559493707266,0.83999749722556449,0.57538198867094337,0.34221835704327624
2129,0.688067982015654,0.31039273766317638,0.51205019478681835,0.28595787261542849
2130,0.99490057752780847,0.52723792787784474,0.54420589251031537,0.30948246812575214
2131,0.36167928269145777,0.7223968556980952,0.55656822082858926,0.32872668952844825
2132,0.56341880439886594,0.89368581597117014,0.58201492559467383,0.34802973422847727
2133,0.80282363979016669,0.867881455124903,0.58340465960307464,0.34583951422515352
2134,0.0018080979172489606,0.53864774488377154,0.52047702366847048,0.30563226156676765
2135,0.39133035526407189,0.86361011305091673,0.57423590171505268,0.34403634068117933
2136,0.24033194737926825,0.44630234353175624,0.51893633232838798,0.29846588740539581
2137,0.48864803198402518,0.53420005247775704,0.53670135259051632,0.30919972561956299
2138,0.042068040238914549,0.56883344822508519,0.52612255940421937,0.30940216001710913
2139,0.9674114216965507,0.40830102893015136,0.52865489385042352,0.29675345724574981
2140,0.41844501201858514,0.36810263102097673,0.51409131407040953,0.29122538452987101
2141,0.63845868166504671,0.58139673476951437,0.54568181604372978,0.31473221046467575
2142,0.93806971052888555,0.1144395654861466,0.48967028431487591,0.26568916467783299
2143,0.24029438509034226,0.4811722865384887,0.52327639811043547,0.30216418506474302
2144,0.50169923899212154,0.85655589192836779,0.57623783251879301,0.34381115230118098
2145,0.37996864390621193,0.91687393902909253,0.58015233215393935,0.34968208763366743
2146,0.57879435961890269,0.85867386280103819,0.57821302177279121,0.34432137881802499
2147,0.071725146650022359,0.40210212912395366,0.50709420964632379,0.29219851847703365
2148,0.27710040757617682,0.98190464708177605,0.58445684943776333,0.35594052940638277
2149,0.36906517751876966,0.88596150445282695,0.57622751399512506,0.34630352659149499
2150,0.4788719089188031,0.066677307232038588,0.47637971301109722,0.25985788424861367
2151,0.8321110550740618,0.0080830784048535852,0.47417233890888077,0.25453572193329643
2152,0.16240506683628775,0.49052928182979816,0.52168508950832992,0.30249228593720656
2153,0.84544522374534281,0.45448168117447058,0.53300569840503531,0.30154897335531394
2154,0.55031041893345534,0.27252065985297086,0.50467530355080092,0.28160758084664572
2155,0.41405337639366047,0.34261962297892895,0.51073535745370635,0.28850787362591157
2156,0.97513254595076437,0.31867527267654661,0.51710212509079501,0.2872294442087478
2157,0.22224750790315448,0.00077488969826372339,0.46163032951805999,0.25188707533375798
2158,0.81389905877312418,0.53497736879860758,0.5427769404911702,0.31011155869568513
2159,0.10978071090296145,0.9030914798595826,0.56882143149722719,0.34583344301487856
2160,0.62937671987434163,0.10713989991698182,0.48445150701612832,0.26447244482924936
2161,0.046386363036523111,0.64905339133291273,0.5359751724840095,0.31795862029311039
2162,0.73385384086411209,0.75475541050223405,0.56870228089063368,0.33355739072759449
2163,0.018225752302946058,0.4023594837751589,0.5046887925834127,0.29154359084764253
2164,0.62079674191185041,0.55583679287709531,0.54215688601138912,0.31194819123299677
2165,0.062414709542796487,0.10986645967456281,0.4701585977253448,0.26172965191158631
2166,0.035998497076740028,0.60108726734399098,0.52971684131329655,0.31273036928148423
2167,0.014815338507888373,0.11463230176778744,0.46878369436487977,0.26168323055168047
2168,0.066421533800021276,0.067838563777122177,0.46500559485157839,0.25747272859299575
2169,0.48989230016550284,0.59686090425445004,0.54452128418802481,0.3159063541836577
2170,0.84803193939611088,0.055984701045986733,0.48078590654720682,0.25951258384604586
2171,0.71269843864928695,0.42409044521154143,0.52710767850292484,0.29808886503354098
2172,0.57120189381594544,0.27506146698122613,0.50540600832290827,0.28193691797172599
2173,0.44667015417175138,0.5809342578875949,0.54152451053731554,0.31401960460078149
2174,0.11578049738203408,0.59560956956892042,0.53267610275044552,0.31315709633163896
2175,0.28607247305860511,0.77770968742083069,0.56088973286367072,0.3341504836918337
2176,0.46218005831687481,0.33217664422156523,0.51052063171762296,0.28760589743622417
2177,0.85603755382833779,0.76844087407529593,0.57228577066076791,0.33522910339008932
2178,0.53327434061173118,0.74000710727433905,0.56302000697480192,0.33142021087953527
2179,0.64829373112913458,0.79119328495016095,0.57155978172197641,0.33727602758018649
2180,0.1378542523635202,0.76952028416268303,0.55443554738906042,0.33191956206511081
2181,0.35363184994623298,0.65959853134133162,0.54872609657125226,0.32195506148817354
2182,0.38729594991466731,0.048211124389350879,0.47200880007914703,0.25760837615279908
2183,0.19404775905174904,0.36966764596492291,0.50779173048239779,0.29000025533886481
2184,0.830243787570356,0.61800197130468437,0.55342502546696992,0.31903464974549967
2185,0.89644029138878689,0.072280048605042974,0.48355120782336664,0.26125692417081903
2186,0.84193766785500346,0.79185237302222522,0.57490765603961125,0.33772639732832671
2187,0.44485024430913622,0.60097019742931002,0.54395715397101119,0.31615480112560596
2188,0.42980483058864483,0.44096616904576075,0.52360665212331137,0.29901193948678256
2189,0.27635999313761717,0.57414234170619172,0.5359354824416076,0.31232240920756499
2190,0.78601957183846971,0.99987369586682184,0.59858928098410324,0.35998559660905033
2191,0.13436115423456069,0.86348647613193608,0.56531304139225846,0.34190550926431362
2192,0.14589606423900695,0.99078707841980507,0.58046144517170162,0.35562262152397761
2193,0.61111621993622978,0.61460215630567405,0.54928672237604514,0.31821659084089615
2194,0.72913473338751367,0.5802074789231294,0.54712938590717308,0.31481070009253226
2195,0.74312474997887623,0.36483481152910974,0.51997621204678557,0.2918399488976951
2196,0.14866308630189159,0.63405209129246654,0.53867937924480713,0.31759962611907838
2197,0.45355867057180732,0.81980331448010413,0.57070385762408715,0.33965565950646159
2198,0.37220127359005861,0.62767727257910888,0.54534788439905291,0.31864659054038091
2199,0.069387053143058444,0.068873253838636447,0.46525083646552245,0.25760818664599583
2200,0.81307063846295935,0.1500599976353231,0.49286594362573849,0.26927795100342383
2201,0.53145582843107397,0.20002718823669713,0.49488212423817995,0.27392357473683943
2202,0.37417285128590888,0.61773549188041366,0.54418289864890879,0.31759420601307242
2203,0.24663723753598751,0.64119014999741919,0.5431543011534995,0.31925179535098236
2204,0.16687039838026979,0.36203647431061842,0.50587489534752483,0.28896313885684055
2205,0.53983375975949466,0.84636065735492161,0.57590632341339076,0.3428641647214013
2206,0.18934397148763529,0.90545632792344555,0.57244078619416372,0.34698053281936397
2207,0.4248773188552703,0.28024239227905634,0.50299681137544727,0.28196968124775568
2208,0.12919339771600208,0.16171597884848016,0.47924314116904848,0.26771610347068669
2209,0.0078907352653215645,0.27373115709534612,0.4883175019640435,0.27798876177417031
2210,0.04007691924582469,0.49783012033029228,0.51741086898786959,0.30187661421285183
2211,0.20846728751979537,0.80800765740732905,0.56177614908159301,0.33674876164759454
2212,0.94373848170301655,0.7407288506571087,0.57013139233307153,0.33234928969229827
2213,0.3985756145846448,0.69686931258012785,0.5545030826469115,0.32619772496245991
2214,0.99210898549974669,0.69454129573536338,0.56508620429214207,0.32742768183445226
2215,0.9481951900409884,0.020517395264434163,0.47719153396318575,0.25593431459525834
2216,0.13862297835071805,0.74976188568464719,0.55212710082547323,0.32982083613546115
2217,0.96978538642622303,0.20117324597925182,0.50157130381899584,0.27480891845936267
2218,0.23072202351145679,0.038853235010954092,0.46678936158092338,0.25583360589816095
2219,0.29889310130673691,0.9417899246102549,0.58056540710567228,0.3518151919344702
2220,0.92428761003982507,0.090749353191314733,0.48634634310591263,0.2632057012675918
2221,0.1655487297624699,0.69541416658271338,0.54673653294327695,0.32431014755086185
2222,0.93596060083600463,0.46782033939327816,0.53591483122086614,0.30307650794312185
2223,0.60776548300177091,0.49538397540122969,0.5343115633674661,0.30544790545172373
2224,0.69440450319313674,0.47192377386511075,0.53290082751836587,0.30315391989052753
2225,0.85356859674229058,0.56255391062864801,0.54682489981608329,0.3131209030015446
2226,0.40845621793315517,0.35720098563384967,0.51245939128912232,0.29002541509206636
2227,0.99454878159301596,0.45582622268005513,0.53509356585353696,0.30184574239065737
2228,0.45547213774492268,0.47833272938431476,0.52892933729043312,0.30310236550065423
2229,0.7778434332828853,0.42495560984817571,0.52824277237493544,0.298299073988054
2230,0.42911023351250921,0.15618760823089398,0.48703609570268669,0.26897836317791046
2231,0.51786438732802642,0.43551275155382463,0.52491964696948079,0.29878153015701497
2232,0.58571574098194246,0.058302677149546803,0.47725926350263642,0.25929756423473116
2233,0.51515873920788291,0.35058936351278103,0.51402995518031946,0.28975036557698597
2234,0.76757128040933753,0.95458814022197624,0.59303211819511681,0.35509303036373785
2235,0.25381697893653765,0.81688053432680907,0.56445206631364964,0.33809242024336383
2236,0.59995290888239394,0.35041757658467393,0.51568226420605023,0.28999102124357834
2237,0.61134317323743603,0.14030651461289964,0.48852044015533796,0.26788980641988425
2238,0.22753763678470862,0.9989487314924248,0.58464462011496177,0.35733836904902422
2239,0.3425119553464116,0.76383378009501612,0.560987778396693,0.33304946804331431
2240,0.43587932805073215,0.81362298519763865,0.56951690506915786,0.33890796931488654
2241,0.89998438392797253,0.3226484215163975,0.51670622984080561,0.28758069213103254
2242,0.30383930870956977,0.45567133435729196,0.52208123707771581,0.29989959561578677
2243,0.064613319590559701,0.83230597057089917,0.55849764280223757,0.33769145198204187
2244,0.88527646126582993,0.103997188494273,0.48765651478895228,0.26454898674868804
2245,0.18052869266445051,0.41944838091180431,0.51353919037919726,0.29513756450554646
2246,0.37575738004638115,0.6565882260904532,0.54898106292350646,0.32175999220798279
2247,0.14781311035585823,0.54399663425210165,0.52769267127265596,0.3080190429316535
2248,0.82534952404944928,0.77569910090815986,0.57270729361603545,0.33596637438332344
2249,0.25207148369400528,0.91074092271338458,0.57538127553433616,0.34812209154527007
2250,0.49544633395675336,0.53103324477473512,0.53645945520936456,0.30888778767651404
2251,0.1493661003286601,0.48155304848045349,0.52008032036016427,0.30141583329050553
2252,0.20117743463391671,0.4366801393050817,0.51641584729712253,0.29713626241022478
2253,0.4802981576933642,0.27587892126456137,0.50367643384835648,0.28172883049749692
2254,0.25376430965507174,0.28247040696452608,0.49871640118523503,0.28127646564483555
2255,0.072100077474571297,0.68362443253755334,0.54132553912850179,0.32197665894395144
2256,0.58998962637326924,0.58604871662628144,0.54532549373806782,0.31509544042364568
2257,0.21829932409644828,0.3220381779387011,0.50261182570266627,0.28517884778592095
2258,0.058938266867061613,0.21506289758834757,0.48325328662040035,0.27253162372260342
2259,0.53612958634485264,0.57616522140331805,0.54298169287537923,0.31386329342557029
2260,0.015402784673392308,0.93079598991506507,0.5673258564461775,0.34741369769079228
2261,0.45140361282838276,0.84290484578543123,0.57339055757213897,0.34212469529827078
2262,0.88698983785716123,0.16462040404902073,0.4957453536404085,0.27089206056359655
2263,0.044922575777035678,0.90072267495741842,0.56543476514967839,0.34468526572084646
2264,0.57049990046439925,0.71173287131841056,0.56039275883553052,0.32851347236334488
2265,0.70158223959201715,0.77732387650465828,0.57087097254668595,0.33591456799125735
2266,0.88290405365851476,0.55440944717846574,0.54620830490391514,0.31228474198854539
2267,0.83155636992676885,0.06724039956923808,0.48208393964405022,0.26066201948242124
2268,0.26433479218137224,0.71500683262510001,0.55267103734343059,0.327277165718667
2269,0.51540622608753617,0.94238457750574456,0.58662742983580751,0.35307862679161789
2270,0.58906837524004518,0.9871852063098574,0.59345885435534962,0.35815025026788133
2271,0.25164511521089589,0.56597756794368625,0.53413071429663395,0.31126984360896881
2272,0.2253861352457083,0.865571498425596,0.56916219454464323,0.34305828703497054
2273,0.38446673544187798,0.36549432643087348,0.51291647470130231,0.29078917539849175
2274,0.059106281712756024,0.81517164536666831,0.55623110573130319,0.33579012356434818
2275,0.79843112976959674,0.3453003862830461,0.51827645999482552,0.289855544328744
2276,0.24951598062700359,0.72651625214103843,0.55355134176914012,0.32839094310166833
2277,0.50530718684265152,0.70577320956533074,0.55823687264404831,0.32764042823347334
2278,0.28848052879100433,0.68578848296866057,0.54993633176113155,0.3243320168861959
2279,0.66242398677024761,0.99685299948226891,0.59605270406795474,0.35939955282500147
2280,0.50627223825434919,0.59692725793841528,0.54490212285411821,0.31597724108465403
2281,0.65534551129230534,0.38355365133824526,0.52094127178446947,0.29364963411738182
2282,0.89523160214141251,0.42786230146401794,0.53026805098606833,0.29876872181742276
2283,0.50957063850018902,0.15795456119860757,0.48895705590595995,0.26945040090911843
2284,0.28548319259808635,0.10059963793399512,0.47629610499431901,0.26251864675450776
2285,0.2773372462689993,0.06459442788978341,0.47141733447967304,0.25875769520564368
2286,0.57461738162009279,0.40416584946460787,0.52208905958526164,0.29562881035920563
2287,0.44024415368741615,0.72642091552378851,0.55916948735625749,0.32957422044911533
2288,0.79729504631004533,0.96713368537485378,0.59497862919187317,0.35649113739542837
2289,0.62088074883624211,0.65942440403561342,0.55500940850466329,0.32305123399744923
2290,0.68293552680007419,0.74757921065263222,0.56693930562266093,0.33267592054076239
2291,0.85142658902305413,0.90432780199168483,0.58846295821428851,0.34982712348627248
2292,0.59597241671812951,0.24466999510246096,0.50191561757059799,0.27880007098139958
2293,0.70086467928901552,0.05335451645670692,0.47844155472113403,0.25902742806712231
2294,0.39525358812314226,0.65540779580847597,0.54936743486071105,0.32173927737245872
2295,0.0057505075808265251,0.65391609964323005,0.5345057185216433,0.31787184716904815
2296,0.037584159844054374,0.52224253546808608,0.52026283884371016,0.304418158241752
2297,0.79685620555790382,0.019611580100900028,0.4752698636216468,0.25568269647123598
2298,0.065146092561155097,0.7971119798534434,0.55441248466799142,0.33395293862752085
2299,0.78812793747190157,0.39635542908505306,0.52472241001123721,0.29526848449034815
2300,0.59686142342371162,0.060365183699817866,0.47772264867263892,0.25953828903909254
2301,0.81948297094897138,0.47233982000405667,0.53491538135497763,0.30342033521266309
2302,0.76588083076403712,0.5673546047664364,0.5461152263250364,0.31350172103756435
2303,0.88460229920187272,0.99780235221969193,0.59986573659183129,0.35990447659367725
2304,0.077039368427370206,0.47662652188312499,0.51650086655822625,0.30010939353427457
2305,0.88833222162699099,0.80006823598233756,0.57657109702356091,0.33866887588829753
2306,0.91176703109274393,0.33920825195946963,0.51901282493982692,0.28935062649700533
2307,0.11102835721216398,0.93396962461258526,0.57243207978162258,0.34914145119634821
2308,0.89212372636293291,0.91439208487997525,0.59024194399352536,0.35095895357844015
2309,0.71862717954780675,0.32290617032638985,0.5141660611325829,0.28734435990330487
2310,0.32490085645479849,0.88609090369915355,0.57491725592732745,0.346034708831365
2311,0.97637408179839846,0.83736453078453199,0.58223408736192128,0.34276431867436724
2312,0.72164609698340065,0.37923043874193685,0.5214938395158254,0.29333053677061494
2313,0.89398348461579302,0.231224365241325,0.50464217314576509,0.27790407771075953
2314,0.50933853989298228,0.90674192700058931,0.58232468759903111,0.34922937057171488
2315,0.12587444188977825,0.77970808428452587,0.55513047170542285,0.33286971395408887
2316,0.74004816200855417,0.50067665261990624,0.53730130605920678,0.30631765196490063
2317,0.28535163521688661,0.19085002999928546,0.48792701369786751,0.27189021390855367
2318,0.89107781629125826,0.13612907961696619,0.4920087787302404,0.26791174282750546
2319,0.44954213683974231,0.86805527084277712,0.57631379874817235,0.34481473572617921
2320,0.3954018271459383,0.57469793163834837,0.53945140451613616,0.31310668083457877
2321,0.95112387784995378,0.91189220332176191,0.59075849257751256,0.35075060051405405
2322,0.27408139968618056,0.82319614168632549,0.5658870303338589,0.33892948360774905
2323,0.82467860328572573,0.90290202216120674,0.58788889033864067,0.34963612173855341
2324,0.80959592792080948,0.36910262031751923,0.52151885028778311,0.29240126002388472
2325,0.23665151354715927,0.76927032948898844,0.5582094474149476,0.33285640439264247
2326,0.89892071379750271,0.60169576177567941,0.55236044688513097,0.31737252146501455
2327,0.75341291291719548,0.71540715529582233,0.56424110657070503,0.3293673149915215
2328,0.060684470520692417,0.18644228305987781,0.47973275979308833,0.26959095707725067
2329,0.64577705962335463,0.3650603837572155,0.51839620332251846,0.29166181992861362
2330,0.22763324725526621,0.35168347532119371,0.50665620426879721,0.28836990943701035
2331,0.41911715687114048,0.27691302072460533,0.50243350767084438,0.28159422324508399
2332,0.97621081647834518,0.86152047707777246,0.58511698241356835,0.34536013774770902
2333,0.065682696057518489,0.4035069245524821,0.50700444771002495,0.29227414402660645
2334,0.43162919894043594,0.6888203458395904,0.55439104331270683,0.3255018415701435
2335,0.96407254202653425,0.74749770712783803,0.57122056173131475,0.33309510149653732
2336,0.014328061102831271,0.21623011196422159,0.48146315624314928,0.27211959137119118
2337,0.80514500903558217,0.69010686499673179,0.56196479107121755,0.32673817662264992
2338,0.38745122538193827,0.36022215000329311,0.51232154467190971,0.29024571604414284
2339,0.11867089809851022,0.39133213426856095,0.50770555761375546,0.29158409138495828
2340,0.40492817407358672,0.49439056281506782,0.52970471798013774,0.30458389969124056
2341,0.27907331890357895,0.26404761852481168,0.49712227080578653,0.27950833398010799
2342,0.56550155470882313,0.87917080261894742,0.58035087918694017,0.34647825377441921
2343,0.10355362975097961,0.52505298131947642,0.52357172907180516,0.30553733241065267
2344,0.48928555473118324,0.6416685574202915,0.55003180523817408,0.32070299731836738
2345,0.81981494749874118,0.18623576982257656,0.49774463634753224,0.27308099829094162
2346,0.63756157866354335,0.79779071373121124,0.57214558848860986,0.33795623757428217
2347,0.93616329517614794,0.78080476050629521,0.5749006360710992,0.33664938627686314
2348,0.25708157135077053,0.30812248007355958,0.50207578330006863,0.28399419951686616
2349,0.65465212270406781,0.99816461380586274,0.59605411794457397,0.35951997054586304
2350,0.1737495572508895,0.016551640084374229,0.46220690767049105,0.25316590484715817
2351,0.82897224896977428,0.8075435114756343,0.57660175090349208,0.33939453262260444
2352,0.13072880724017741,0.072325781244284015,0.46792655483723444,0.25852783678955876
2353,0.12429677746795352,0.3590914006081759,0.50391101972784158,0.288251600755492
2354,0.43831467405142033,0.59005197999529779,0.54244698099151767,0.31495693553828041
2355,0.84340990587781417,0.76294910910752367,0.57143418021764614,0.33462176820861478
2356,0.14016336371746149,0.12593992441139418,0.47508435950088962,0.2641181166473095
2357,0.71753806138661458,0.05059877654040465,0.47831891134398247,0.25877076804620358
2358,0.71465245391795185,0.8822089147845168,0.5836281116885661,0.34721414513132837
2359,0.64359092223030756,0.7981685971620609,0.5723073178706648,0.33801305490888944
2360,0.5667515348194051,0.10483519678182202,0.48306665455759901,0.26407924768324059
2361,0.40581946857263101,0.64394765858793401,0.54824687433716668,0.32056714637997336
2362,0.29420157774913824,0.79087599139394016,0.56271918113462427,0.33561965242368114
2363,0.51849674170363003,0.7476401832666365,0.56361074448242743,0.33218444204848041
2364,0.055696102757158222,0.28915348831742305,0.49238014248092732,0.2801905159285446
2365,0.090896352512890022,0.66649823930998098,0.54013666406372085,0.32039576143658682
2366,0.73209090410423239,0.29901419421216707,0.51127267397430276,0.28483844881562487
2367,0.47994762244221062,0.58776573748759697,0.54316489348506813,0.31489278126692849
2368,0.85752004655554193,0.32532775074752285,0.51650186507904805,0.28781619407862874
2369,0.34041501558696624,0.9329363776469487,0.58085096999477859,0.35115740320781913
2370,0.58984864708419193,0.19279309921771054,0.4950316269145254,0.27333037625908457
2371,0.095136157403572008,0.82232954309046036,0.55877303196126493,0.33703831755738389
2372,0.75352594896432712,0.49513275732329354,0.53681387996745922,0.30574966398207298
2373,0.33914165494922782,0.60850137911244528,0.5420612917750276,0.31640396846863805
2374,0.99879148650491845,0.47351996761438209,0.53740993016203675,0.3037392347958322
2375,0.8556574043878471,0.9240060467435397,0.59084150532360336,0.3519465566749938
2376,0.46634143928635169,0.01554636299511185,0.46940467670144354,0.25454054582622759
2377,0.42411062477921374,0.22472518066096819,0.49581685176666745,0.27612890657137001
2378,0.24963896418124207,0.29657499629353407,0.50038206762219406,0.28272944619001406
2379,0.17385440817616182,0.23890907199356007,0.49060300623286035,0.27611914492057565
2380,0.42731513735678744,0.019324472228891682,0.4691005385104311,0.25479208503882078
2381,0.39036324496433372,0.629028832461487,0.54600823314035907,0.31888997304670091
2382,0.15911016865338898,0.81177271351962121,0.56029689967460128,0.33666056369659397
2383,0.37938786735635949,0.75548694122125171,0.56104960137182558,0.33237506059411592
2384,0.59332630826771493,0.98236807276332994,0.59299243459556605,0.35764718479049196
2385,0.8757014933959465,0.48005470995845972,0.53668759561224788,0.30431895615634813
2386,0.34392302345234205,0.42916846659550212,0.51989871230308671,0.29732570244473006
2387,0.96292281694450654,0.31829804779159604,0.51690955642980152,0.28717930505439143
2388,0.91462642037690389,0.5530883016780368,0.54646741054247072,0.31217858041200758
2389,0.68373152185924124,0.17910033133976394,0.49481966208063854,0.27210877582118698
2390,0.47464481631339295,0.41790375213384395,0.52173677933896079,0.29674758000357748
2391,0.17167078397060978,0.1917475361385732,0.48453993625523223,0.27119118550659171
2392,0.21850903321133228,0.5405338423242676,0.5298788793272341,0.30829826724982673
2393,0.88991926476376837,0.24999909355285344,0.50706340177793652,0.27988068174896291
2394,0.62844944101105216,0.87175657109649618,0.58077840217254295,0.34587763801573701
2395,0.46740322731271156,0.53959483870136327,0.53688353192117921,0.3096901425287647
2396,0.27192464258704568,0.14148992660172519,0.48119919686162899,0.26667480265847043
2397,0.87228583560081907,0.92956043476994388,0.59173852866521803,0.35256442524655435
2398,0.18551787796005373,0.28187980403996776,0.49644201727705489,0.28070653393864625
2399,0.15879178590482335,0.067746865285199603,0.46828790443815055,0.25828751672290123
2400,0.77052933576774096,0.31720797039166793,0.51422103770368366,0.28683158385126517
2401,0.17540100730437552,0.56186102917726388,0.530938328014397,0.31018515690085136
2402,0.0023594039171119224,0.23249935162443436,0.48293901240393894,0.27364513747391245
2403,0.98042280694983208,0.34209024808021499,0.52022003084252499,0.28971913825332979
2404,0.49923923963004491,0.46615152318113251,0.52839273466858061,0.30197797497561624
2405,0.28168235868649794,0.47089740275555525,0.52331564739950454,0.30137117740553138
2406,0.038046156163921117,0.98684530326459785,0.57490495740090852,0.35373813834399759
2407,0.50892616940940494,0.62611773145176697,0.54856775797956492,0.31911376765267724
2408,0.94133988580465089,0.99318381175667758,0.60012495596782778,0.35946844378662113
2409,0.42719191852150257,0.76125107229923605,0.56303079312257664,0.33324660174164855
2410,0.61347669056608578,0.9407995105507202,0.58858492770792081,0.35324853620968755
2411,0.71015564900460892,0.90986135486209541,0.58680745139730328,0.35017495025086892
2412,0.11477085769268451,0.88561753526338149,0.56702524124458997,0.34403219959353082
2413,0.39776233104629211,0.91462824138161969,0.58039243437902666,0.34954311166185642
2414,0.64348115565733754,0.17862208204377675,0.49410261372540093,0.27197377910780596
2415,0.51097862751587531,0.46902004033814887,0.52901177869219973,0.30232686539745396
2416,0.9661494483366726,0.55704588486299622,0.54762538347930034,0.31265182306505374
2417,0.80232496837134237,0.66280860821221732,0.55855974774918749,0.32380204314695077
2418,0.075596090489707418,0.0023946085162577222,0.45706156039741591,0.25090956167052419
2419,0.58298452286479296,0.086756294302979944,0.48097098611687905,0.26224194352853136
2420,0.82456642452528472,0.56132478321819801,0.54625201670683521,0.31294925458507583
2421,0.53461301654226856,0.8848466251714272,0.58033649238429108,0.34697729841633806
2422,0.96930382043319996,0.79583454265104381,0.57715053898466728,0.33829483200828203
2423,0.4646626676092972,0.17111842806973729,0.48975318172963461,0.27067271870514903
2424,0.18921894490722335,0.1662570659396588,0.48187386855593711,0.26868308044700068
2425,0.22471646678069374,0.12558600128743566,0.47777869231128811,0.26472549455880118
2426,0.24300030621428742,0.61207243726801819,0.53948586104652907,0.31611610343659391
2427,0.21277694744506154,0.023036523203400432,0.46422676875895919,0.25409871946331603
2428,0.98940357271918333,0.76182666925889209,0.57328528669545697,0.33465580569348541
2429,0.14069773839298871,0.16981493573588086,0.48068142510567746,0.26865587359566978
2430,0.4988493927075644,0.017993922172242313,0.47036097884309336,0.25489605849885061
2431,0.10242496034827782,0.093582287917134827,0.46962308865264046,0.26045510959653584
2432,0.54317102387367056,0.49668257571303986,0.53318476436779072,0.30538995205491476
2433,0.13854944969679928,0.92112267264729597,0.57216803308007713,0.34810465433965687
2434,0.71051055657354889,0.79557372599852971,0.57322650993701374,0.33789536100901296
2435,0.91378337250353081,0.48631329179011518,0.5379913717938769,0.3050307054784403
2436,0.70677731349513628,0.56013881877689864,0.54424200342011841,0.31261499336643045
2437,0.79296224782824287,0.40437592606489781,0.52582587349659027,0.29613014658194992
2438,0.67980538298151227,0.1001452232962125,0.48433374512026051,0.26384927946834397
2439,0.26175295451927233,0.92832527446126334,0.57775768584278298,0.35008404678668531
2440,0.53695624013455823,0.31762260356222977,0.51023942942554357,0.28633136197114295
2441,0.85431008347488246,0.3765493672232027,0.52310577878703779,0.29325401330986395
2442,0.42349639573727038,0.85473729459430325,0.57406507681292329,0.34325714623203923
2443,0.25940887360776543,0.061275952325423717,0.47049688517572069,0.25831198584908438
2444,0.37957622113371037,0.55169808798247255,0.5361817652532036,0.31056724014316639
2445,0.78887239160250178,0.92721361083762022,0.59018175326677624,0.3521908565801869
2446,0.79136448427130235,0.45529516691564353,0.53232723171202179,0.30155751977410611
2447,0.82377980876642987,0.42098581012311626,0.52840734442593373,0.29794572082380921
2448,0.44782363826999211,0.38584417518713748,0.51704722069511067,0.29323380575176017
2449,0.48600618310210997,0.19849063637909714,0.49376582334393421,0.27361367780798818
2450,0.90315426456435821,0.98745427493379689,0.59893314827630717,0.35881529434432102
2451,0.41008413166905522,0.65289637295742287,0.54945348615553902,0.32154695254655291
2452,0.3312698088226258,0.9858695180679089,0.58667556986381564,0.35676468495421471
2453,0.24593607372884874,0.74359107928961754,0.55547197932791659,0.33018760694119986
2454,0.23546164755687352,0.78327345041894592,0.55983104820035079,0.33434386822918993
2455,0.59403162484419303,0.066156963710079439,0.47844053837740758,0.26013169768463235
2456,0.63870086407797644,0.58921932274996081,0.54666090975256654,0.3155709641057774
2457,0.050854385941138031,0.24032331341725077,0.48607590345316137,0.2750575603457554
2458,0.58064329146953531,0.92380062428443932,0.58591638023614012,0.35132090352496431
2459,0.63492061854122439,0.45679251155589012,0.52993199170708261,0.30140030586507255
2460,0.043490544585918549,0.46912099747924368,0.51406582858130778,0.29889671992063566
2461,0.79825154902666107,0.54506907823315132,0.54381511275612293,0.31116820960568836
2462,0.48266941303188216,0.48061401541890814,0.52984517362363781,0.30345637826077709
2463,0.0022112471078871748,0.85793105529473401,0.55824066134937944,0.33945234444763667
2464,0.19776682901015738,0.88069522593155269,0.56989144147732718,0.34441741969464201
2465,0.29264284120666562,0.82716695875515001,0.5669676990728979,0.33949457049185144
2466,0.89332054700459129,0.96295194943588003,0.59594607278436829,0.35617473342502526
2467,0.61899274674282645,0.76242279922208989,0.56752499374106669,0.33410488699662916
2468,0.061065404601034247,0.95161975757366746,0.57207836045177962,0.35034165159077846
2469,0.55202533760351369,0.63844595195216836,0.55102952464948052,0.32058972610603786
2470,0.25721936235647885,0.35387982704647586,0.50787173558058307,0.28881479552299727
2471,0.0049867743898299524,0.26509765569275479,0.48711038618002034,0.27705455401584567
2472,0.61530550733428691,0.091691413126292171,0.48217606747854352,0.26283291971624945
2473,0.77741597654438821,0.24212088092347842,0.50451434351836988,0.2789026323676097
2474,0.3208750382891507,0.74685512545496457,0.55830219247425905,0.33109080117076484
2475,0.99751273631219528,0.70941030091164869,0.56698122027073283,0.32902921892383657
2476,0.40372630456016634,0.43292201776184375,0.52194677203567175,0.29803573397320732
2477,0.11467544677484549,0.39395128734571627,0.50787191981800328,0.29181827646537573
2478,0.15948431219278136,0.019868259883916474,0.46217959711747586,0.253397824605404
2479,0.52806004156203712,0.42514205903153635,0.5238184409005584,0.29771282150067124
2480,0.64207201387059176,0.10186102649780224,0.48396225200653081,0.26395072475047654
2481,0.75839663639672805,0.20557341165834805,0.49943686232032436,0.27502335413906287
2482,0.95622463757040688,0.8528417854792788,0.58382295186665345,0.34441061316159011
2483,0.95827643573667165,0.32751636695213382,0.51805836973842512,0.28815337663026014
2484,0.32746908464973096,0.80918374142280081,0.56593738478151534,0.33781145633285431
2485,0.19396649125296392,0.96260063194701218,0.57920886252321357,0.3531323858500815
2486,0.7351477645113017,0.61031820232373435,0.55098365902294599,0.3180507575175579
2487,0.25244956063962309,0.3546882284533116,0.50782549064800753,0.2888668083216579
2488,0.7868859069429921,0.047833803040964996,0.47891202093205887,0.258590293032051
2489,0.33553850302899957,0.71814903696357513,0.55529372352108897,0.32811193044793419
2490,0.11173679700704525,0.14438943369815824,0.47641043902545843,0.26576713032379173
2491,0.88985806560061176,0.64550953256975629,0.55769266721302679,0.32206398263658609
2492,0.30752995687267975,0.90135599203457828,0.57615127433438118,0.34754852026591659
2493,0.18787207893171581,0.026859083024517168,0.46396933929938605,0.25431934952484525
2494,0.67001392094168122,0.95667468004511902,0.59154359980955495,0.35510746036226393
2495,0.79075566442477285,0.75642992083203286,0.56983741108190356,0.33384119114959643
2496,0.71612447480539565,0.63327248887893517,0.55351325983549737,0.32047492116993304
2497,0.093378049521695372,0.603515742053499,0.53266942755636559,0.31373605681010619
2498,0.61012957870679674,0.2113125096595497,0.49781545952391054,0.2753265211426037
2499,0.96985375889894787,0.48270258155897028,0.53823674170169133,0.30469764232244229
2500,0.93302695841105887,0.87095857251045528,0.58567162519625138,0.34633593302925608
2501,0.77482139367136404,0.70618565412672474,0.56346094107603573,0.32841524335860289
2502,0.93810934138131563,0.011862311442208012,0.4759165281172994,0.25503126052057484
2503,0.90130377272992623,0.23180095610328719,0.50480908671574576,0.27797253616012957
2504,0.20270770336870339,0.064130622043053157,0.46921475908149557,0.25824063820039428
2505,0.5399945302459761,0.55539313465963347,0.54047672199360397,0.31165388118893012
2506,0.67316447604188001,0.61331112666275589,0.55028721474762154,0.31823871921442437
2507,0.435570164146449,0.26747021253985587,0.50159921296955046,0.28066921608879031
2508,0.9053577260603779,0.23732864448303589,0.50558773569406967,0.27855970348114956
2509,0.66577224610565466,0.50368072781850359,0.53642657230402402,0.30648261740199634
2510,0.76463876422914911,0.58170679553296645,0.54789283021243074,0.31503766994766069
2511,0.65447540444302144,0.7412007967024693,0.5656406029089549,0.33192101482959929
2512,0.44412402938335438,0.043469319642672782,0.47262259892814024,0.25734010572260457
2513,0.39293432578336218,0.32806163816914197,0.50835832251003787,0.28687130544868439
2514,0.58122952774151937,0.44808890568542992,0.52781099096151773,0.30032527873703574
2515,0.49733175680747954,0.29098155505064643,0.50598830357578739,0.28338317107724692
2516,0.66735694998168615,0.32685529215995923,0.51383835369729158,0.28765770918741751
2517,0.3991855157554266,0.52055830441060247,0.53282661498094863,0.30734559661932914
2518,0.18941731292166517,0.35511054084886567,0.50580440660145531,0.28842845972633269
2519,0.28631617139849114,0.080804778018721851,0.47375761462052135,0.26047899280662812
2520,0.96736237514078394,0.87322977863963469,0.58639604188377337,0.34661107907639227
2521,0.072876779367576819,0.86760679731123391,0.56299777365299786,0.34156520495143522
2522,0.11373916852379917,0.60217710508656463,0.53338555408006372,0.31383152760457045
2523,0.45299053870307981,0.84253928561463254,0.57338752032840679,0.34209293211715369
2524,0.071646076367225031,0.70987644781552961,0.54442934008380084,0.32476106012061401
2525,0.24980174317610218,0.91957787055718954,0.5763261873475144,0.3490484007025827
2526,0.40238216062550203,0.95655166649556489,0.58538940106455883,0.35406297585958157
2527,0.60557291961222659,0.84842991762132158,0.57755450005158471,0.34330511497443011
2528,0.63866358089802089,0.81937784958517879,0.57475191960860839,0.3402786243588507
2529,0.13417151065076469,0.56768115163795885,0.53004104694104248,0.31039217085734355
2530,0.42014795768012991,0.31551533405756343,0.50741430307907842,0.28567014600685919
2531,0.44046636540055045,0.57725615844199207,0.54091669438501444,0.31359828917760746
2532,0.065436685826641042,0.3832452397126821,0.50448923683519142,0.29014404320589288
2533,0.70207959033133238,0.13284110118391693,0.48900268872528019,0.26730156618165907
2534,0.93130626743558098,0.3810126036430127,0.52468499493358112,0.29381439886839006
2535,0.35908387786854296,0.75845205629045387,0.56082831343552675,0.3325745545019011
2536,0.69320241447348385,0.7917300104999333,0.572456407097924,0.33744379513531264
2537,0.25740802364636911,0.54231107445025117,0.53140591686739802,0.30879289089561895
2538,0.87637345876091866,0.2565367534539546,0.50775061739297156,0.280556088627889
2539,0.91213006761182336,0.28148748177298116,0.51147619115805054,0.28323223387663909
2540,0.31249480691606879,0.25254500990522794,0.49659543800646672,0.27850164023132246
2541,0.0669696873972076,0.2368476701087435,0.48631756051915037,0.27487967689805609
2542,0.46037511604133763,0.93766591881726646,0.58473793864923485,0.35233408766310548
2543,0.76215441490799418,0.86417446980768586,0.58230596316445171,0.34537117408753559
2544,0.65151353036022053,0.10133881948291092,0.48404573863969824,0.26391646214997128
2545,0.30501097284083956,0.99185117949993584,0.58652521312872774,0.35721849120808047
2546,0.71480874583726983,0.29999364551600299,0.5111299163291616,0.28491000950436873
2547,0.94741453281504806,0.825018938466895,0.58037790185508709,0.34141240442967202
2548,0.70897526470773164,0.73361364550875741,0.56570662581884468,0.33123405001774248
2549,0.79984327489814033,0.039789767600025519,0.47800775914717525,0.25777424716997638
2550,0.91559511406532268,0.55175844011626907,0.54631246369175335,0.31203711922023603
2551,0.32947355727782707,0.58585697700019224,0.53899684785477409,0.31392588378351038
2552,0.49859088056763873,0.34961937313418606,0.51355479820753247,0.28958949452466759
2553,0.27353408691607184,0.20473568816162879,0.48937407864758031,0.27326722371873091
2554,0.65919157000825512,0.46548201378098458,0.53147234575664537,0.30238697410155324
2555,0.29990377500309839,0.096345566212583805,0.47613144070444208,0.26215898948706684
2556,0.65181150261118315,0.79751223637949442,0.57238571442352948,0.33796416679635732
2557,0.21251658856208672,0.79645822437602332,0.56056218414478176,0.33555130781072157
2558,0.56947909432746235,0.51369381647940027,0.53586538097230496,0.30729164398006875
2559,0.25225448111871956,0.58677671555719568,0.53670321142801514,0.31349099244944423
2560,0.61727664185984765,0.44072789497225318,0.52756395756751306,0.29964153867014348
2561,0.37916392036307373,0.12248933873538627,0.48150601804145632,0.26525984053968477
2562,0.16492262861499332,0.050466783838684207,0.46627556208383542,0.25656481474840204
2563,0.65721711998357202,0.74270135920163016,0.56587405648214784,0.33208918607559801
2564,0.7269405496713589,0.98397376046705765,0.59574967902493448,0.35816781940333198
2565,0.42441511256702941,0.67428942161028971,0.55243693523052706,0.32390970375764833
2566,0.37863630824583816,0.22571318804757903,0.49486457199125594,0.27603099418914828
2567,0.39691669459281259,0.40269267585583729,0.51795275193907642,0.29479262957564051
2568,0.9812872739800369,0.11214429159326246,0.48984483791749406,0.26548430677115181
2569,0.25298388261467919,0.72971271600356558,0.5540530811884381,0.32876057448173918
2570,0.56233533397401914,0.60180586851885309,0.54671876494127636,0.31669713232505731
2571,0.56102411963484489,0.0099410821154131551,0.47043066353112689,0.25424116416460735
2572,0.94405681357084548,0.20870332082690438,0.50227232210320349,0.27557979898182666
2573,0.8193063790699584,0.14092044340058929,0.49173650068379998,0.26832951098806629
2574,0.095468303313653455,0.28275376243618083,0.49322853354163343,0.27996413218492
2575,0.07499004333360354,0.039087499677424788,0.4616919297199486,0.25462823290269154
2576,0.46263958383355058,0.38918624408248581,0.51781399827706165,0.29364917552144726
2577,0.30986188545826593,0.77501033323280277,0.56132773677682279,0.33403143747282682
2578,0.31251348346966551,0.58085770653054358,0.53787873167654932,0.31328477538584543
2579,0.15513084058162058,0.86284308419177547,0.56611263325481198,0.34207055462221286
2580,0.70843728595728761,0.06168916479320033,0.47966181959120097,0.25990503512175978
2581,0.86704621048489361,0.047419631189072976,0.47987204035634301,0.25864503835651498
2582,0.20425111604483101,0.32494906472746515,0.50251423649714488,0.28537602098929338
2583,0.20678571853333852,0.96651041179263264,0.58015339154870704,0.35367643901347473
2584,0.4687788576100837,0.8102406499682111,0.56994479815540189,0.33869876394076609
2585,0.31307316584427608,0.10708596760312794,0.47786767145806719,0.26334085051654604
2586,0.17971915557003812,0.14837261302199914,0.47928060200268735,0.26675705296057423
2587,0.11503395723333816,0.48601069240634098,0.51926425603169235,0.30153360046016736
2588,0.57311850503509632,0.83561883139548587,0.57535606177910259,0.34182642870128005
2589,0.93780355976045837,0.09119573475880316,0.48656025004384879,0.26326414798826109
2590,0.58610475036514698,0.95774081647355347,0.58998717302480841,0.35498163173493891
2591,0.67817725305402421,0.73387992914506472,0.56518988431441441,0.33119294430755436
2592,0.13387988602170955,0.24425490635846508,0.48985956597583286,0.27632750114751503
2593,0.44493394596170405,0.5241863911880762,0.53442460334728359,0.30794806521945484
2594,0.70839580779914979,0.0089170532035524955,0.47263123803243795,0.25444593807367777
2595,0.68504399204243682,0.72146161996665181,0.56380292934127774,0.32987505068325529
2596,0.4481139040992479,0.81057371726733396,0.56946759107809697,0.33863964067125596
2597,0.10859642929726979,0.028249431929306595,0.46153772616960237,0.25383558412840551
2598,0.26084874343170089,0.3532327698228066,0.50790206463469045,0.28877154923626835
2599,0.080398426734411624,0.12146544382340509,0.47232707818897968,0.26310428574663614
2600,0.96070128290521684,0.087332739333331119,0.48629888518562475,0.26288062548951807
2601,0.45485151347011565,0.84642662367470334,0.57389476763308855,0.34251881913287191
2602,0.54004193109717458,0.57224779171416307,0.54257804658143249,0.31345752653454767
2603,0.24576030714045047,0.53256893343868439,0.52982140924525667,0.3076681365247641
2604,0.20140328851983652,0.65469368634241409,0.54319627847374463,0.32030990989311892
2605,0.56654874631055863,0.98612779071830459,0.59285233228173095,0.35796156307264626
2606,0.4883657862507389,0.61096647653026737,0.54622948368974644,0.31741046459647532
2607,0.084525814786681447,0.05351584462864558,0.4638778038244547,0.25618950595174406
2608,0.72502713675223063,0.19295524452083046,0.49728157149968355,0.2736406330466975
2609,0.28398770344160734,0.33576259206096876,0.50638859157530591,0.28708220705694132
2610,0.17197950907835038,0.38410252692057983,0.50882027990496859,0.29133244045621826
2611,0.38416205725878244,0.87692338900467148,0.57559967315457361,0.34542324816016956
2612,0.51970738341495171,0.11542922511262586,0.48358397932905156,0.26504750354801732
2613,0.89483986998744081,0.61571052515137714,0.55405486518372493,0.31887145150513818
2614,0.64370921937484527,0.59223305808367444,0.54712941586767638,0.31590682039380663
2615,0.82259233236858853,0.56618861703349976,0.5468339839168489,0.31346758047004664
2616,0.14032993895976106,0.62383048590010737,0.53710771000157664,0.31642457648770878
2617,0.94601791971846261,0.3056829565205495,0.51505866036651138,0.28582695674482894
2618,0.30178865230799423,0.76239330406253003,0.55956757890122377,0.33262403035055271
2619,0.19494659972734518,0.25682081299180864,0.49358645654354866,0.27815974402379962
2620,0.030187408541992772,0.024210252231161578,0.45806465354504777,0.25265742500830707
2621,0.78013018640378728,0.86170683804453585,0.58230803317997426,0.34513812635285701
2622,0.6362926712823217,0.34370222875227918,0.51547705373645847,0.28937195311293867
2623,0.68491253293828347,0.9475741411017603,0.59076271514816903,0.35416697164338584
2624,0.91662591322035303,0.31524919380039212,0.51594993285842039,0.28681313289767901
2625,0.16858829540145817,0.11848774368668674,0.47509762275717266,0.2635824377857191
2626,0.90516818406243116,0.19149588731637923,0.49953066736723839,0.27373285762480576
2627,0.85936449087838418,0.012653780022065622,0.47511811464111076,0.2550383415260698
2628,0.75685772407952467,0.39263967159072638,0.52377247412488726,0.29482133825568607
2629,0.099317459455842624,0.46268406127061462,0.51574292629966623,0.29889621743287026
2630,0.98904728835917788,0.71550999089122058,0.56762523315436575,0.32967814282884267
2631,0.98981310628346397,0.75979375604443489,0.57304322477160952,0.33443763169321095
2632,0.25599845726321219,0.82862314352175459,0.565912654777601,0.33936685897598823
2633,0.28811773965746401,0.012144888594269288,0.46490155417387508,0.25343258800022783
2634,0.65351655480429771,0.44986690783071104,0.52938661526005693,0.30070740364306403
2635,0.1536527536363923,0.72069913134014929,0.54928625294289701,0.32688386219663057
2636,0.01043327244896209,0.41870223104007309,0.50631664362074946,0.29314772968064123
2637,0.094620168943435418,0.3665804725219845,0.50365743294041332,0.28872800360337786
2638,0.61957461568732985,0.68982378327631166,0.55871277479539594,0.32631017978644994
2639,0.93155166089843267,0.38663316018086624,0.52541558552035639,0.29441291849338563
2640,0.45286623336208287,0.75228348913228849,0.56260721926998569,0.33240729100771227
2641,0.23274490101510892,0.28717532193606021,0.49866235645480272,0.28162354272818318
2642,0.74281137429320954,0.62124466598691652,0.55246803188066429,0.31923754486243383
2643,0.80195389847067422,0.67000894203212813,0.559442319128298,0.32457462572755175
2644,0.97552696761681001,0.8569085313999909,0.58455850000595855,0.34486398433556242
2645,0.9554808502546861,0.78472371215749304,0.57562915918788182,0.33708860486106546
2646,0.46368880998945095,0.25615323977797527,0.50076790254318848,0.27958905939004619
2647,0.50642270026627234,0.75347294786131247,0.56403791992211827,0.3327636382057268
2648,0.90110322566122047,0.09833847501893761,0.48709028054018827,0.26397484278279248
2649,0.51891058548967128,0.78069522161945937,0.56759920171311617,0.33573463828682909
2650,0.95840693538597554,0.94989790414363384,0.59531632891337172,0.3548382629116319
2651,0.92348700073669909,0.99020548091990646,0.59953604141253525,0.35913173921464353
2652,0.7204160463410314,0.0051510035219253045,0.47230023254916381,0.25407760554870124
2653,0.97155957565162099,0.52872371174482402,0.54411147218228784,0.30962279717997543
2654,0.29720335807645465,0.91944639071576539,0.57792154952374042,0.34941046053245717
2655,0.18841413514268351,0.55902568437635203,0.53107463708614855,0.31000384927619523
2656,0.37015039576435232,0.19033419668670976,0.49008715486352478,0.27228762681257518
2657,0.39498684325210054,0.76524122138215467,0.56265071296355351,0.33350731975415199
2658,0.50382944762230619,0.84526146535059676,0.57495087532824296,0.34260730296410624
2659,0.3417290888385498,0.81571939963133777,0.56714415199017332,0.33860464415889374
2660,0.62452159838235244,0.71329357992106823,0.56167461388546047,0.32884383543622758
2661,0.095881064074358438,0.72326726156960941,0.54713129394713744,0.32649638169366202
2662,0.64393828101957917,0.61504111535070694,0.54996709671744859,0.31835226164648639
2663,0.84261870421007046,0.17003373814955122,0.49590208061722552,0.27140927904642587
2664,0.11730577599609969,0.289892920344125,0.49497981239200461,0.28093166904741745
2665,0.21761294873881853,0.76901170051117662,0.55749553951904074,0.33266327373697085
2666,0.5257748646211462,0.80476201163566441,0.5706374355249797,0.33834487549980596
2667,0.82735021814204524,0.69783812135233314,0.56325103256186881,0.3276022592013893
2668,0.41251249525466704,0.55800270378658323,0.5378275234158435,0.31140872795661473
2669,0.69272851693975979,0.16099211644945899,0.49257577284349657,0.27022853910244998
2670,0.54593982764551185,0.52176322261140451,0.53639458668038986,0.30807818943121523
2671,0.3329296575090499,0.89072959624953807,0.5757076313991154,0.34658578761330339
2672,0.52025835171394286,0.5932556755521452,0.54475848984438102,0.31563629211963484
2673,0.46543940040740422,0.12665380091072295,0.48396625622177158,0.26603720251528001
2674,0.70777070049025348,0.76319156545816225,0.56927323011363906,0.33440952466714674
2675,0.29917994105144174,0.6647238003396081,0.54772179910174312,0.32215478162213057
2676,0.60939945774349624,0.65644486704227756,0.55441854640787758,0.32269910232789489
2677,0.98011754504778659,0.52303040882545759,0.54349406802277689,0.30902036440142566
2678,0.13390573208044518,0.44222488316464009,0.51461939531324608,0.29710408007035349
2679,0.33158804613578835,0.39035178367845952,0.51466146215580277,0.2931397659241719
2680,0.37741544820031853,0.022549558141862509,0.46842908650914045,0.25492576005678441
2681,0.064509717527159963,0.69073974041381159,0.54181748527206708,0.32263195156128521
2682,0.5495465134092723,0.5629250664232649,0.54161793877856457,0.3124920020671349
2683,0.56733896060561528,0.2501817184906337,0.50210251636232917,0.27930238679632552
2684,0.27596074353597361,0.5697513351127389,0.53538283203062087,0.31185142563672119
2685,0.18794138092781651,0.59635191154755884,0.53561762682285063,0.31397060006897959
2686,0.98761562824157301,0.78781937332624807,0.57641456194325191,0.33744811711486727
2687,0.30863047861406817,0.032280177208140963,0.46804466114049176,0.2556041818632252
2688,0.21885426203225508,0.48765505105388585,0.52336002479735422,0.30268349496844194
2689,0.76105186596551211,0.98035554065025654,0.59591759071608996,0.35784684604393596
2690,0.60252738208737,0.21123098961628275,0.49767018066374552,0.27529884911656538
2691,0.2949753469320131,0.91226490535753546,0.57701437548724566,0.34862495091789486
2692,0.0089942944535403527,0.35856607291026743,0.49885851835583311,0.28683529171555677
2693,0.47043350184682065,0.74929643322146733,0.56268074922710576,0.33216564757140299
2694,0.23868507950798379,0.11756644862071845,0.4771639288445112,0.26398872921754929
2695,0.58206409279884541,0.10296258435799974,0.48309240104735063,0.26392435187028374
2696,0.38825933814946334,0.70349178239876642,0.55502622778375965,0.32685194053340688
2697,0.28803141465700466,0.58378955482671735,0.53748897274113216,0.31343343371721288
2698,0.20682394468529383,0.5788333847563597,0.53416622152117599,0.31227428840107113
2699,0.96063873759465057,0.5667758624378243,0.54878278794154256,0.31368975975030672
2700,0.7822345886605675,0.80973513798891805,0.57613466486568421,0.3395560600002791
2701,0.03480460603575921,0.26446996927071598,0.48839188392277244,0.2773720717128052
2702,0.60412848275726438,0.57627493510303329,0.5443877096999663,0.31409001670826153
2703,0.6248987950184266,0.52018864871169213,0.53776189575958655,0.3081453511199459
2704,0.62564187635568669,0.70095824904559423,0.56019178860159125,0.32752245014038689
2705,0.17735656997523039,0.89555954681705918,0.5708195201334938,0.34580105835707448
2706,0.64313191155790117,0.23080572327364934,0.50093457455490464,0.27745559698882122
2707,0.33793564382371261,0.64576964782235446,0.5465862750736783,0.32038078303139489
2708,0.31720329111575851,0.46473555034560854,0.52360663985915035,0.30094601332561211
2709,0.89230410777841473,0.016405536493880209,0.47601065358316852,0.25545970666911233
2710,0.71168936120556903,0.77389103714387164,0.57063495300421274,0.33556776118520759
2711,0.33010075294632696,0.85595601354691908,0.57154324665474032,0.34284080930789751
2712,0.93455154355444248,0.068082441674417363,0.48342821210191333,0.26085564864141858
2713,0.5582675660326728,0.45989017788312636,0.52884970396706188,0.30151332252992219
2714,0.11954084191777511,0.83766902659911435,0.56165968659978449,0.33897639294309773
2715,0.7297258903521463,0.2885145424456918,0.50986891930987466,0.28372310355264574
2716,0.96314257574243245,0.69843016017136395,0.56520135504003532,0.32782174549110304
2717,0.99208761576047411,0.85021006404362853,0.58396957093512658,0.34415706222111869
2718,0.12119037659597816,0.3901447902642074,0.50765762794939973,0.2914850090924791
2719,0.82608358281640104,0.64424883226811647,0.55662337032154952,0.3218454855468269
2720,0.68999041103644998,0.023829189723043237,0.47435026870373748,0.25595290925911479
2721,0.61990707819453672,0.43960111170316818,0.52746945164273773,0.29952839165868933
2722,0.18410716630594107,0.63517078192048937,0.54019077832498974,0.31806928555904068
2723,0.79092832720073647,0.07761693562673172,0.48293930444216077,0.2616879734920261
2724,0.11921291716381675,0.33718684638825946,0.50097747848722107,0.28590168924495696
2725,0.6339858179490897,0.82531957166454528,0.57537039429687031,0.3409042239242035
2726,0.9971450231672615,0.0241796371967881,0.47820409152229254,0.25634930553467183
2727,0.064383020865533033,0.8291253923853743,0.55811592024358525,0.33734965696555042
2728,0.20094685791697123,0.96545875274917348,0.57980813682416077,0.35350708026086231
2729,0.5596364508093451,0.13878532273174496,0.48740172700752665,0.26759772144874122
2730,0.52496884596719173,0.27544022224420917,0.50455076700926582,0.28183639652796327
2731,0.10025236170907738,0.9352007747345954,0.57208065747113257,0.34913451122841394
2732,0.38886707370540829,0.6158950567705207,0.54435602839419772,0.31747696259420072
2733,0.96947473447498633,0.84316226664193683,0.58283914049593499,0.34338174420600781
2734,0.36825370952495146,0.49836276679100705,0.52923881927468153,0.30481854980102818
2735,0.70391279171464272,0.087610450634628065,0.48303843909278893,0.26258975236384868
2736,0.10771674398797332,0.27081326309201542,0.49221337301862572,0.27884413537364922
2737,0.3832385470619542,0.96921852091281913,0.58631253803865957,0.35531101993073111
2738,0.77491389868467819,0.03447974259014009,0.47696856520794323,0.25719041007886695
2739,0.83135288760740078,0.064954983665875626,0.48177604816093267,0.26042434913665452
2740,0.20253792288425612,0.30657739826178881,0.50013789994276758,0.28343258838747015
2741,0.33532627457677155,0.27321443497169529,0.49986000989620111,0.28079896231723905
2742,0.12756114961995046,0.35272947167005625,0.50324319583739241,0.28761589100755691
2743,0.61194525087104412,0.084086431113479201,0.48111453413507788,0.26203479330773316
2744,0.49418994810112055,0.98291235825362389,0.59081568913910143,0.35733778557589335
2745,0.12497542789370054,0.24663970348663861,0.48983003884588699,0.27649270009637811
2746,0.32019312404614181,0.57137354402459462,0.53693957726113983,0.31232183227349941
2747,0.09007828915877035,0.3861884334419971,0.50590414665678796,0.29073695856965703
2748,0.30849592223771616,0.86687883164988599,0.57215099503672462,0.34386249159563792
2749,0.24993802913072286,0.25548096499674722,0.49516435180327084,0.27842061441198207
2750,0.34016359146375907,0.6827419637643849,0.55114898577804006,0.32435030610362275
2751,0.29924180698603159,0.48364717232732801,0.52543863502003763,0.30284268325901553
2752,0.30780347794740232,0.61527169243533875,0.54195974144200409,0.31692826469407515
2753,0.66963876682122947,0.43145432838279524,0.52732313242462414,0.2987818766289414
2754,0.60640487424990863,0.40978870608826401,0.5234159344646373,0.29631713072148624
2755,0.061535577217501129,0.1279315480899415,0.47240226831821941,0.26357377079326633
2756,0.68858050840153595,0.8812019153969014,0.58303999241662618,0.34704730449358046
2757,0.50549771241160346,0.82610439358145238,0.57271526867685429,0.34055731174047066
2758,0.20892521813741188,0.45840302097144309,0.51938760061971789,0.29950054144788618
2759,0.29327839053444332,0.28624132687329545,0.50036285123495949,0.28192664737804507
2760,0.86720228559434187,0.73812050896546577,0.56876257269307806,0.33198481326843049
2761,0.64711657080553708,0.28929534048674393,0.50862352505059949,0.28363580323447024
2762,0.38428283868347063,0.77553836677930088,0.56358833167690425,0.3345522797669212
2763,0.26168138348677894,0.56437228590083544,0.53426227696056905,0.31117426417495386
2764,0.84438837815894519,0.90770231303487681,0.58875510807186138,0.35018004351616566
2765,0.76803187144201945,0.59985555659971435,0.55021326669298398,0.31698943829744303
2766,0.16039210554187885,0.19967294903314906,0.48516148276240717,0.2719216512286331
2767,0.95981962696794665,0.33500242233726896,0.51905332254206105,0.28894935478864414
2768,0.87711593234293395,0.30444754625441273,0.51403685606612159,0.28562569220692285
2769,0.67333777709816345,0.30072810030871772,0.51055213079039541,0.28490363370429295
2770,0.39095591571117988,0.50969355541231343,0.53125692142471614,0.30614535849153973
2771,0.99275407375687508,0.47985706232198283,0.53814874407645641,0.30441195956170358
2772,0.19792145884725035,0.58209593113622404,0.53424430783788224,0.31254339017076233
2773,0.63564650724715321,0.21933319066603438,0.49930709690747793,0.27623109763874859
2774,0.052472964098548985,0.62231917678391335,0.53306352657967193,0.31520774919143463
2775,0.64964153273903069,0.43584484610498186,0.52753166714266642,0.29920299829660252
2776,0.41144551599147966,0.68695496355668884,0.55364126932934232,0.32520212698491313
2777,0.1929882394449669,0.8166194090953679,0.56220566707900133,0.33752258871970542
2778,0.94271179364601854,0.12490762722968357,0.49112054654643805,0.2667869512450235
2779,0.030795254654262683,0.74557942657963139,0.54665609043301955,0.32797749704983103
2780,0.10765171237053582,0.23858021510316757,0.4881576297177192,0.27548590606540946
2781,0.63886793743417369,0.044562601193937013,0.47632028723454772,0.25799657727217878
2782,0.78007670100844695,0.44734744200160498,0.53114232640525938,0.30069109757702805
2783,0.41322454774888467,0.98892620328426128,0.5894212418017577,0.35759166356350147
2784,0.83388279431978019,0.7423439153508633,0.56878875158010056,0.33239383092580344
2785,0.048424282274290457,0.82658987149613672,0.55703375748162531,0.33685083198719856
2786,0.36568413161364155,0.45395194864008809,0.52360672228837701,0.30007826307332786
2787,0.60492963613063333,0.73359959834549815,0.56375620244560687,0.33096822606711174
2788,0.83452778709243292,0.020175747866241728,0.47582357049835072,0.25578776179987134
2789,0.87038601937434878,0.25804615464216329,0.50787181643665669,0.28070866997538163
2790,0.773627311581641,0.15936225287056296,0.49355717784958764,0.2701962147354911
2791,0.67245059257430262,0.34947014510444135,0.51684720396623163,0.29006761442012474
2792,0.057857940106571186,0.55337874005172638,0.52499622097783138,0.30797879010421592
2793,0.82863215068752183,0.31052672252381452,0.51418147356161248,0.28620951553695106
2794,0.17301623523483287,0.011581143170257565,0.46154579949616337,0.25265388721043319
2795,0.11982202291482827,0.233601996708347,0.48799289745590774,0.27508631451313498
2796,0.52598830366433835,0.14401760952366752,0.48745416020670784,0.26804624450879383
2797,0.019679118366364858,0.35188616362981262,0.4985425857108885,0.28628306286366423
2798,0.19879473080114696,0.0075705168487620539,0.46181911952332239,0.25242629437790515
2799,0.26061747190895257,0.60579334944571606,0.53930677839453245,0.31558252573180662
2800,0.68823171589578269,0.14632769452478969,0.49057120781023444,0.26868513154518425
2801,0.95349208520568207,0.51886179357435325,0.54263699288285372,0.30855129308406476
2802,0.14825675183275017,0.095811554865923257,0.47152212768204432,0.2610842371883984
2803,0.23874166430557381,0.5457459372594371,0.53121175516984043,0.30901584428590284
2804,0.049898484771803489,0.62803062944720733,0.53362615856820539,0.3157780720097611
2805,0.34442175213292942,0.28815076426981251,0.50201291613858912,0.28241886614989664
2806,0.74845586811105025,0.72217664097937528,0.56498556876178807,0.33008526275297084
2807,0.92219375646988633,0.58980066927938024,0.55118190381898824,0.31612167518840373
2808,0.42459666157682663,0.4563033656599117,0.5254138158419801,0.30062029444206412
2809,0.71070227115469753,0.49576023850754136,0.53619775467639641,0.30573456978046543
2810,0.14833040233250941,0.12424980721719331,0.47515111426076828,0.26401271277088284
2811,0.4367154650081066,0.86074201116109039,0.57512089560247748,0.34396781944796945
2812,0.84810713531583326,0.468330347331462,0.53481190250004573,0.30303149321544648
2813,0.31527053097625035,0.41385686905911429,0.51716549397057876,0.29553397250400737
2814,0.50412972751568308,0.49445355960604503,0.53206631155763473,0.30501461272520314
2815,0.56997275279498438,0.68657646478625245,0.55731353088537161,0.32581175113538968
2816,0.31416790064567468,0.16800435205552494,0.48577217139431239,0.26967326714708789
2817,0.38290350473931761,0.86923392347254569,0.5746607391686912,0.34459148311245774
2818,0.98345437315680329,0.64613705162460688,0.55899253798365134,0.32222253832839687
2819,0.1809871111685061,0.49547662684262034,0.52298655383117831,0.30318879730484083
2820,0.49347041193154878,0.74770626166347653,0.56304035827113763,0.33209257110854901
2821,0.3675786423919839,0.86963219104091405,0.57426877873239668,0.34454399233278887
2822,0.6918783577773604,0.69744730725161497,0.56099265804025866,0.32731142680783104
2823,0.22850550716248108,0.18113818579908694,0.48501556515047634,0.27051391045565321
2824,0.8853253617953859,0.68463915774213391,0.56246611366703281,0.32626070254856493
2825,0.70333031917192279,0.7006321383144124,0.56158438703955205,0.32767891772921581
2826,0.44848280784018574,0.090984948608826374,0.47894345297034613,0.26227027917785634
2827,0.80140649710547873,0.78818411628979956,0.57384584859442622,0.33727147640166066
2828,0.13890505410811166,0.042096110725111796,0.46434722257739847,0.25550383023808393
2829,0.38853054913572271,0.94642208252270943,0.58382851785442924,0.35289900321195317
2830,0.57810174158263261,0.67378128077875599,0.55591634599506501,0.32446481121435894
2831,0.59471983402086193,0.98245108378144219,0.59303132203421371,0.35766052123989767
2832,0.95154967523004164,0.83597397962453546,0.581745436680704,0.34259361603451727
2833,0.68211635362937817,0.5185992882204592,0.53859607481196281,0.30811527977969172
2834,0.16701984655695271,0.50580527980817713,0.52374199597876081,0.30415504761330092
2835,0.58948605175026458,0.79232801880555925,0.570527666322861,0.33722907393790852
2836,0.62815930229948136,0.9524905869655661,0.59024292519360999,0.35454629875666038
2837,0.3295008775679511,0.93868734304948021,0.58118146802354387,0.35170040338019032
2838,0.26853381943003041,0.73709610648482349,0.55546168989531652,0.32967205785456988
2839,0.19955065469561378,0.27149104195815749,0.49559916364036549,0.27973073668567683
2840,0.53137103163694266,0.29509442082104509,0.50722069146270432,0.28393180522032374
2841,0.12987685966565041,0.52256758432401118,0.52435481985910859,0.30556171454118386
2842,0.87087804768398636,0.81068372846777792,0.57759946090732139,0.33978878066739299
2843,0.7152259895169526,0.73990173255888514,0.56657990361373156,0.33192300298860811
2844,0.18294374394450569,0.96952666158272194,0.57956658058651667,0.35375971121453526
2845,0.7154498247271287,0.049380927455669736,0.4781265009773964,0.25864102867349825
2846,0.24687093225138962,0.54435671520667384,0.53131195935473829,0.30893104076977013
2847,0.11533420156323118,0.26306858689700019,0.49153392980305538,0.27811210646672679
2848,0.47856047297116605,0.013255843275564257,0.46934439721322463,0.25434489567024982
2849,0.74808580330511321,0.88094653742754603,0.58405762692814978,0.34714683459335155
2850,0.10292498643774307,0.65852505481910206,0.53971296656346801,0.31969405026854408
2851,0.40091494565947217,0.64216548574488841,0.54789920372390066,0.32035116428796151
2852,0.2355992492418387,0.80407477237154967,0.56229992908429616,0.33656990645935209
2853,0.71786403502702012,0.12735639750069241,0.48851478865146958,0.26675713492409164
2854,0.54606946963375669,0.75440686972554549,0.56504154842318943,0.33301207795550353
2855,0.53638610791376562,0.09401403325145366,0.48108575856593538,0.2628701569274281
2856,0.80691244479696045,0.064350350124959377,0.48138091354528045,0.26033080975322098
2857,0.51132997214748754,0.17842822794275126,0.49166680685072012,0.2715970774417803
2858,0.35815102287790507,0.85827988418265022,0.57265878056156183,0.34326960474392637
2859,0.12791496251878562,0.99329182285472062,0.57996393494833975,0.35567590287661816
2860,0.83753894460130252,0.29829546461846912,0.51270758934073968,0.28492550930461541
2861,0.64267176223892031,0.93779414622137569,0.588817500171123,0.35300914281734863
2862,0.8526059906154988,0.86118336398274409,0.58337080508181161,0.34519282967134701
2863,0.72556628870927964,0.08816823347482132,0.48343168455713542,0.26268547283951643
2864,0.2567353269880987,0.42550123773523379,0.51686365217980612,0.29638234013599801
2865,0.37829613711951537,0.23052967059427174,0.49547726856292634,0.27653443196051519
2866,0.41383971280019033,0.82440393673958023,0.57021751623260086,0.33995310533628209
2867,0.19700292560615346,0.9235957578654751,0.57483763671618104,0.34899505570409539
2868,0.20087269746583189,0.11499194949985249,0.47568746393834238,0.26346434492093268
2869,0.11068792348235147,0.28422927576851797,0.49401307369696396,0.28027412474187857
2870,0.093074540708179124,0.16895654049384176,0.47881657656935339,0.26812335567046841
2871,0.42747636025630642,0.016816014405258466,0.46877462189907559,0.25453477654281886
2872,0.55633171743861165,0.33545260449916825,0.51292108129900471,0.28827936931060583
2873,0.77131981009795569,0.59922231824897465,0.55018630011163216,0.31692725735873545
2874,0.24429960402908038,0.33699838790685172,0.50533592752196022,0.28694455360509413
2875,0.46783117552181941,0.96536602200394273,0.58813846062020358,0.35533934979653703
2876,0.013022197984403466,0.40964319828638107,0.50533211519105858,0.29223465853606428
2877,0.73093877096892101,0.46729274572766155,0.53291694909662457,0.30273329797894916
2878,0.21831508634831992,0.53339184242213378,0.5289927892461932,0.30753725216095845
2879,0.82315877522105585,0.99535168594991563,0.59865956017662514,0.35955980354779915
2880,0.38028551598360066,0.30325019764009631,0.50486928517214236,0.28419187474338903
2881,0.8423430218568887,0.49410996879969027,0.5380136203358038,0.30577912040142186
2882,0.85184628187528577,0.94359199714291608,0.59307972517947838,0.35404484152988513
2883,0.92669968632691313,0.85064006652949609,0.58316629088492355,0.3441461631325638
2884,0.45167843989931283,0.13524811187736924,0.48479848403449954,0.26688223298417524
2885,0.96841368030890596,0.86190471058447149,0.58506225985870741,0.34539502403453409
2886,0.90840523820963004,0.81242216887645191,0.5783381681303108,0.34001939994213731
2887,0.65684522444180915,0.45204034107058544,0.52972225717393229,0.30094717034155338
2888,0.98404488015292457,0.50499716805397765,0.54125029818076731,0.3070936389356832
2889,0.86507208807599967,0.23213005228555994,0.5043948225772269,0.27796740157114741
2890,0.71182775375117779,0.87409092268672539,0.58261776692487877,0.34633581535300162
2891,0.30673459494762356,0.47553409109077188,0.52464962420421113,0.30202833371506693
2892,0.25429823659165995,0.55003227540402444,0.53225610264215317,0.30959168488294797
2893,0.92646733172055096,0.01241712664224906,0.47586247467020609,0.2550787580518189
2894,0.40138502195664916,0.059261534004926217,0.47377042631854432,0.25880648564630043
2895,0.75310666488049316,0.58659784046428975,0.54831987247372993,0.31554123276882318
2896,0.32886014592541618,0.63624086509464539,0.54515612628495724,0.31930529869682284
2897,0.3265266413179343,0.84221712174318974,0.56981527342619465,0.34134473212002203
2898,0.98226097568095438,0.97586241888253722,0.5986549555773647,0.35764448108655211
2899,0.15427219376995929,0.5348848872974632,0.52682861599433739,0.3071165896825403
2900,0.84090731103784644,0.20208221843318316,0.50011788357706699,0.27477381846112442
2901,0.72727909747202657,0.58471625195447119,0.54766191523750529,0.31529027469250132
2902,0.12851994791304461,0.43055584692853738,0.51296268206625717,0.29581786003771138
2903,0.86645817340103681,0.11340127676819683,0.48868032637613368,0.26551013513877497
2904,0.42622838445851813,0.38572904780717804,0.51652178024092021,0.29312865426461027
2905,0.034753937162330842,0.53820376441598639,0.52206381949374703,0.30606426348492505
2906,0.99114254546846503,0.59404660200466175,0.55258558428519078,0.31663891978583136
2907,0.04129736787088914,0.87501247056728459,0.56228741212478839,0.34189530822147352
2908,0.32538969984046417,0.90452928605122729,0.57708516823721834,0.34801342715682859
2909,0.7875139604156256,0.57165092147105601,0.54699115129466458,0.31399875936975163
2910,0.91333141323124289,0.058519434111367452,0.48190484234679859,0.25984304892203758
2911,0.24362408337568633,0.61979848147047456,0.54044911153221198,0.31694516552648816
2912,0.12649909290083453,0.39756466580248673,0.50878895240892463,0.29232002230173026
2913,0.13634537760695675,0.42222247718892758,0.51223546747056337,0.29501747269109019
2914,0.74575352881675361,0.072882435101398732,0.48168841361924525,0.26112913625129103
2915,0.55590829306716338,0.52405331653965403,0.53688904666162851,0.30835569078090047
2916,0.11995268542460399,0.010459753530996386,0.45966462944636566,0.25212385227356782
2917,0.18015775238625939,0.5515545041186618,0.52985417778175303,0.30913413594744638
2918,0.4192324418050819,0.44483629629038046,0.52383643256068835,0.29937552774868559
2919,0.25828537118722456,0.74335206134741905,0.55586630727360875,0.33026141621321681
2920,0.45512706636780642,0.68677489784498469,0.55473133271677699,0.32539190254746669
2921,0.68552852096444694,0.91024414460664849,0.58640571377993134,0.35015983126298372
2922,0.077301009729073861,0.71436456206928711,0.54522602918717034,0.32531265340585669
2923,0.49293058515287702,0.82953450465522471,0.57282631250178084,0.34087403045454079
2924,0.91083762648497946,0.65303729653569176,0.5589116569205248,0.32289561399837208
2925,0.37307719589375193,0.29051027390436507,0.50305597361701215,0.28281394456883291
2926,0.91893205529748234,0.41461927201038928,0.52887015948010441,0.2973818018762483
2927,0.58269036285855114,0.10283596758752829,0.48308673135681257,0.26391277533974505
2928,0.18344706511971309,0.94842319220524518,0.57716621608291407,0.35151103108151116
2929,0.18006415491519731,0.49825351576291727,0.52329550105339351,0.30347490070315991
2930,0.70682781260585181,0.56900520637213492,0.54535331709094204,0.31356486085465163
2931,0.86430812696301151,0.011984003153804225,0.47508745853028489,0.2549744340595313
2932,0.36038299448221223,0.14685608998824609,0.48421755824365403,0.26770677017003147
2933,0.38005476611979538,0.48927970230804058,0.52841880645105077,0.30391374842636409
2934,0.99143415827999126,0.14762263021996477,0.49469278252389864,0.26920272543035073
2935,0.67711641533161748,0.26903936185879868,0.50649238212709657,0.28156168545583915
2936,0.48841336653960171,0.42304822663840608,0.52269772874573395,0.29734775957808929
2937,0.48130769551495323,0.2563109255034593,0.5011691820040115,0.2796709486405114
2938,0.30578573272660142,0.72357933781476458,0.55504045168705196,0.32849666762591384
2939,0.29137197339335691,0.46752028727767758,0.52318967160005625,0.3010773245724595
2940,0.52342588029679604,0.78994279571099912,0.56881085205182358,0.33674476499781714
2941,0.14130103003055558,0.11887984816693935,0.47422486823858395,0.26340021204634773
2942,0.81420117814204429,0.19362449202948484,0.49864492173479225,0.27384980529678671
2943,0.68122249627442799,0.90801998122743099,0.58606479357467334,0.34991064864390592
2944,0.62265144316068621,0.70052323344791079,0.56008051087461486,0.32746744138560552
2945,0.81768039501818135,0.34930346599874318,0.51907013932077617,0.29030870263169234
2946,0.055550943002954593,0.90146967945852097,0.56605748824359958,0.34492327848728899
2947,0.26344725228754107,0.18657948745546166,0.48675410836090666,0.27131090788164525
2948,0.64152222115189073,0.28457605544110998,0.50791400784317886,0.2831239245314669
2949,0.8118399576645694,0.51600341270944339,0.5403487670828363,0.30807763064389948
2950,0.33167349953652592,0.94373681423288081,0.5818333626328781,0.35225596134048826
2951,0.68695158349775021,0.89631580004488365,0.58479338921468749,0.34866711347607254
2952,0.67951839524962709,0.018547585728962441,0.4734906645915562,0.25538837469611336
2953,0.5882304092662759,0.49856813814154594,0.53433483371011525,0.30573231014434066
2954,0.72109781301257903,0.15565794463605853,0.49230509125722455,0.26972226013679995
2955,0.25509854681721189,0.62078403845961438,0.54095457521060031,0.31713995655602312
2956,0.29905716545040489,0.31379488723074322,0.50403686452009966,0.2848610407323095
2957,0.50915564043101624,0.38309327417375755,0.51806234207765811,0.2931775598725333
2958,0.30874106424452041,0.79137545923470753,0.56324129948239199,0.33577641236599221
2959,0.0062718995270901363,0.88329735726105285,0.56138599801391031,0.34221482269677328
2960,0.22310171771455792,0.033414248038607181,0.46586706504975978,0.25522772171248437
2961,0.7382879192358931,0.62162685783560157,0.55244096774938578,0.3192698713120749
2962,0.98771248442680815,0.62434935312365425,0.55633310619226928,0.31988727010281048
2963,0.7612747458180763,0.9091501528242254,0.5876066803162513,0.3502018221905252
2964,0.43004551542530534,0.53996966362862153,0.53602790463580474,0.30956597631155219
2965,0.93374127263700368,0.080341204379952985,0.48506134476059326,0.2621301693345901
2966,0.85377054868416158,0.56955264002246553,0.54770718576150978,0.31387121326566475
2967,0.23788805026843912,0.65361427397880478,0.54436300407814653,0.32050773073199207
2968,0.59975921484985162,0.62716836907110407,0.55061822344816247,0.31953106757851757
2969,0.94908764899879472,0.46114349864261456,0.53522491090206259,0.30237555461837451
2970,0.46257332074112495,0.62377002203153686,0.54719897496669467,0.31867388981921546
2971,0.60202544647866163,0.66620590714548023,0.55547205679557099,0.3237249545540648
2972,0.8093637840376352,0.16276728256066564,0.49449977736288137,0.27060431444428962
2973,0.33529616737515905,0.26621523035996358,0.49896279403885568,0.28006323167379898
2974,0.35776394680625528,0.087080727710190708,0.47638852312339386,0.26149192737948734
2975,0.45203795409401648,0.98820644127844137,0.59037080738005143,0.35771332257297866
2976,0.15635321637998567,0.28632095388484885,0.49598214327999252,0.28092352995565639
2977,0.22771269368951907,0.14498960646466585,0.48035959540424977,0.26675502495444159
2978,0.031858957978838594,0.67442911230627212,0.53828644256774216,0.32044197026279309
2979,0.33773202592368468,0.17934229455430761,0.48785162631373818,0.27097984587639645
2980,0.18893032645854402,0.63153136274641153,0.53993042568441474,0.31772653741333029
2981,0.85648755515004749,0.20655193753218046,0.50091114262559611,0.27526305348650809
2982,0.35272774231621296,0.17276594121238451,0.4873827047964957,0.2703692567219288
2983,0.76537139294176604,0.65724046329582342,0.5572918256866991,0.32314215723321277
2984,0.92168338203785249,0.042339887317374814,0.4798298542290404,0.25817179203674512
2985,0.70754934388952095,0.23167899617528312,0.50209815743459607,0.27768196490591818
2986,0.41354636448406384,0.32775527443940522,0.50882335973945003,0.28693397989990177
2987,0.083426192194398036,0.24506024683484576,0.48801899367397422,0.27591132596679219
2988,0.10918335859797662,0.7982932216410874,0.55658949631938959,0.33465241559027992
2989,0.042408545691927431,0.42446879974944751,0.50854100271185698,0.29418587194648593
2990,0.90667914545951656,0.16111456355833217,0.49551932856064318,0.27054455306786357
2991,0.51754475921388954,0.96448538551811369,0.589242477841873,0.35545810806204742
2992,0.79374519541634947,0.89202994841608452,0.5861197634417491,0.34841951687369582
2993,0.055955621933855587,0.88498562078279208,0.56417854173500814,0.34317482482084771
2994,0.76976524815364977,0.18796294890794671,0.49728033942854999,0.27319054306664936
2995,0.78312357602418636,0.97650104050865638,0.59583691638001757,0.35747272635443567
2996,0.64724257386584072,0.5284648535532761,0.53921656835485965,0.3090879974415856
2997,0.43493110144335079,0.79791461477255221,0.56762055235617348,0.33721790911869615
2998,0.13274189451661661,0.88309676397246073,0.56752179304996242,0.34397921382096325
2999,0.94267493913510125,0.78490877545514381,0.57548352054315188,0.33709673740567075
3000,0.84746392692149386,0.26368746283248762,0.50831178646711106,0.28127710555499291
3001,0.93539152544605308,0.0031669254000182266,0.47471618266853433,0.25413091439279523
3002,0.64652466600934289,0.61766261711405823,0.55034026986845819,0.31863997725050275
3003,0.061877479942410725,0.61146892508963357,0.53220221413172308,0.31418332303628771
3004,0.6822398279025802,0.52572799513147916,0.53949644065043389,0.30887810910624786
3005,0.8752099100225722,0.62142493266536625,0.55449614632225797,0.31946147310322859
3006,0.5831631556079141,0.46530012491162637,0.530031427213427,0.30216623359665939
3007,0.9456557900176501,0.27272349827639991,0.51073300035708757,0.28233701587670251
3008,0.65015144706553551,0.065422168344014792,0.47926712945393146,0.26018125167509398
3009,0.044368114661925938,0.26950782178329541,0.48944025807596353,0.27801167146535832
3010,0.01343477671063738,0.84212937160128498,0.55702411981505962,0.33796086085676225
3011,0.056657520302839111,0.41528510771527655,0.50805763637054324,0.29340147395387567
3012,0.45713890784765826,0.70804050232857707,0.55736588378256391,0.32768109397437983
3013,0.093608283478382515,0.34411231091617378,0.50081974226772363,0.28636067418764749
3014,0.35014852753704184,0.57426631296729902,0.53816293042320174,0.31281254360388167
3015,0.50150649681686199,0.05424070663294988,0.47518864356850099,0.25864398665834815
3016,0.80524249085319466,0.081139242628251673,0.48359868109548454,0.26207366869887999
3017,0.58586604506202278,0.78095429385682802,0.56908668049522482,0.33599599150569182
3018,0.97484815251739931,0.088457648423279175,0.48660428011703177,0.26300876485978092
3019,0.2261135461364058,0.55751592995786337,0.53222982176808475,0.31016745867510909
3020,0.52353276849373953,0.033381677847343964,0.47285543618429493,0.25655532346910503
3021,0.40639008686981398,0.36153486617301828,0.51296086577690903,0.29047472135285041
3022,0.79444778986688469,0.15029054715129317,0.49264484428639216,0.26927650357518401
3023,0.72626618036263391,0.90083584101753078,0.58602999081668405,0.3492398761093794
3024,0.20106406577479793,0.70403986810542418,0.54912792235308749,0.32557252186084545
3025,0.48692851245925994,0.18959749760270353,0.49262726471426849,0.27268513789007787
3026,0.64304959025938302,0.89916658589282306,0.5842983278092857,0.34886220334341428
3027,0.73480051277125025,0.099227695572341332,0.48503415482682039,0.2638522119783675
3028,0.12466409132423578,0.57450115057841178,0.53048305325696099,0.31101419842640732
3029,0.64218094250938151,0.52022552902108288,0.53808729800925192,0.30819406340255051
3030,0.022851398923539091,0.15461431173376042,0.47414195944666482,0.26587753938285841
3031,0.082780100418988145,0.99953394213336288,0.57858869445392858,0.35575217713982421
3032,0.77235709461219382,0.21817760828718311,0.50129678220284668,0.27637174290542854
3033,0.82084918542391394,0.37121131415559216,0.52195160424169884,0.29264160622917984
3034,0.23728249499757076,0.38691514426626966,0.51140176480388255,0.29215918334688268
3035,0.035272208030929328,0.74201561208415079,0.5464634102410667,0.32766598221312088
3036,0.60927334470689531,0.7250318528530072,0.56280263861123747,0.3300609088130439
3037,0.78748912321234832,0.53236494175830151,0.54205036117703465,0.30979075036585552
3038,0.015192345019232016,0.027294317003467586,0.45783686671744522,0.25280263704034484
3039,0.24699921001483455,0.53568188798403138,0.53024655202934767,0.3080088269158146
3040,0.64868990911805313,0.82410234341573674,0.57550965201862858,0.34081306219721746
3041,0.99822584228053468,0.31959870280391767,0.51748858072537929,0.28734529792314867
3042,0.78446329459777342,0.63817534324770098,0.55523601173467885,0.32112862462119479
3043,0.73773871557061799,0.43010214045931355,0.52828078942741596,0.29877786783767285
3044,0.27271926137920238,0.78886950909277664,0.56177677086036459,0.33524442323150938
3045,0.97644309186969191,0.010770518230402377,0.47618150178194729,0.25494809805068341
3046,0.25510611735928107,0.76148576632250342,0.55792351683925367,0.33217583339900969
3047,0.25306911622037875,0.71893301156159728,0.55276295588305946,0.32760864733490397
3048,0.87135978105413969,0.2735683058188646,0.50992116590861647,0.28235034753207933
3049,0.037471724877448286,0.40490879488998327,0.5059076356336154,0.29206835379495305
3050,0.59552949037164216,0.9331217726454023,0.58731909830263718,0.35236938649722888
3051,0.53211000196462266,0.82872355474311632,0.57363784382283634,0.34094168012761766
3052,0.18196204642840894,0.92539596870379759,0.57445525936699071,0.34903597168754535
3053,0.24214373759707669,0.53770619779092965,0.53033496928281709,0.30818685278675434
3054,0.42556902822206033,0.80720040688113082,0.56848354757673381,0.33816769294867505
3055,0.063741739793389582,0.36792198907973944,0.50251822199821916,0.28851701885195286
3056,0.25561448709793622,0.92302269202085452,0.57692978465748967,0.34946585679976006
3057,0.5782451576060732,0.87947715480484778,0.58066019498070842,0.3465538249184586
3058,0.12546163978165714,0.53273346780407016,0.52542047945364034,0.30659225975234505
3059,0.094496253456769042,0.028775896591006316,0.46110173404454424,0.25376287620463073
3060,0.052840064487361817,0.53732672594093023,0.5228149671460659,0.30621579948543259
3061,0.025404274781525602,0.49065381154752108,0.51583447199056409,0.30091934924252861
3062,0.61433580453692704,0.74597818989836373,0.56544436022250044,0.33232515051081579
3063,0.76413971279637194,0.62066819137342977,0.55274208256839541,0.31921496406509559
3064,0.043750590298452879,0.74497830039925172,0.54723756721583428,0.32810523210841142
3065,0.73378045009587656,0.28537118910489367,0.50952177269935561,0.28339794320751432
3066,0.84993076754674546,0.83680420957998136,0.58042388983619175,0.34256907747945098
3067,0.92945649632735872,0.60721159893657317,0.55345597947259362,0.31799652699987863
3068,0.037973353611084164,0.010691774062567857,0.45667230200930548,0.25137290290642905
3069,0.8807103895478533,0.22361870873869633,0.50347276059157342,0.27708801482968592
3070,0.3178567692445009,0.73056451595862171,0.55625404960431424,0.32932630926963063
3071,0.34102793729234254,0.072756415540433952,0.47411763795908812,0.25993254027351448
3072,0.92011074051022301,0.97004376144419668,0.59714836800987325,0.35696481650758383
3073,0.79577218071609979,0.95988730333688443,0.59411093702592688,0.35571076548571279
3074,0.10199670105722035,0.17556714389779374,0.47999246367872744,0.26889436572770359
3075,0.049016435111488683,0.029822974001488183,0.45952275770928058,0.25342643985507585
3076,0.012758440976648126,0.65333161663078931,0.53480134934304979,0.31791897761001353
3077,0.69753079227959969,0.61943685103637403,0.55147802806273183,0.31895103918043627
3078,0.26020091631669784,0.70454272822294151,0.55127393628777288,0.32612629613788302
3079,0.30135575045385632,0.51697240324969174,0.52964735063893276,0.30640202926713467
3080,0.75967576689493144,0.82340443402255192,0.57740478042867527,0.34098502940877529
3081,0.73854001928659863,0.35557342089371524,0.51870850186059803,0.29084770902407547
3082,0.084295663868926937,0.0265477965848404,0.46044709622081442,0.25344191318926568
3083,0.21557709625976859,0.55974525748038428,0.53213748998955679,0.31031745932353216
3084,0.51699450131141345,0.41751012000619669,0.52261462871419939,0.29686268550068673
3085,0.97973228089899056,0.55254671226710783,0.5472249737430146,0.31218113337320619
3086,0.34738053585506279,0.2004069022421609,0.49081747976664575,0.27322897176368571
3087,0.25173058318825209,0.7246316097540898,0.55340113299295368,0.32820723890093462
3088,0.09871800425652183,0.90958316627059843,0.56906503720820301,0.34638412646661271
3089,0.9364234764080378,0.8563725344322739,0.58398125596641592,0.34477178055392987
3090,0.24629805494294271,0.56035328975518939,0.53326196178870644,0.31062975381916036
3091,0.70138726573336174,0.70934915309412172,0.56261595739375281,0.32861091765051775
3092,0.36068669122549474,0.18502137796330498,0.48916619928101795,0.27168723433629616
3093,0.75330443210586684,0.1283618707195972,0.48916452137814054,0.26692137462228371
3094,0.78780771874965871,0.077782466432207736,0.48291956077518022,0.26170085662515669
3095,0.44127125289289981,0.24914447912330506,0.49936401439639855,0.27876414160880186
3096,0.30521190907316054,0.27239544112306324,0.49893311438406962,0.28054318446487303
3097,0.18149176618967905,0.70852267943195768,0.54892703077924088,0.32586634623931943
3098,0.30802014066028643,0.53099096219086794,0.5315859224631867,0.30793831252700388
3099,0.72857388277532298,0.088514536458614762,0.48352134778695421,0.26272655526411187
3100,0.41797053931314732,0.73189553660588569,0.55925599081121069,0.3300522845860131
3101,0.4726620223581442,0.55245125234940784,0.53860895854938318,0.31108588501687162
3102,0.36898568427428835,0.098404489561694217,0.47813095989727206,0.26271560556424178
3103,0.71089211982548017,0.2380999842548161,0.50299133647086969,0.27836486150908463
3104,0.12817262758560247,0.28414735803738006,0.49467196149615184,0.28043686346981506
3105,0.97183135828875244,0.37578840277990094,0.52450043944855695,0.29329477241009022
3106,0.73969368774943289,0.25836141284598274,0.50608527567397832,0.28055435240700738
3107,0.75162171406171985,0.25971956746341895,0.50644214001663601,0.28071818549555377
3108,0.17724595479537966,0.054633729231299367,0.46720387404007774,0.25708409841445229
3109,0.74634498755111134,0.43323256394629134,0.52881732010814331,0.2991274030843562
3110,0.66843468254153848,0.417651148515509,0.52553865218121942,0.29730843761606257
3111,0.15453824182137615,0.55498843850431734,0.52930002412801513,0.3092532749962304
3112,0.32399498530790444,0.6067626082831179,0.54140404326396441,0.31612427574793556
3113,0.78216541627949343,0.27103792017927625,0.50837046796701579,0.28196305175864439
3114,0.9664211112147314,0.80316331948480801,0.5779975271391592,0.33908012319939834
3115,0.42476727851947071,0.28486474281857954,0.50358877449439077,0.2824563240372584
3116,0.21088790029851953,0.071796954903926236,0.47044864424353527,0.25908453612481275
3117,0.062844266705203336,0.0069791756309918133,0.45716624538335404,0.2512507670551688
3118,0.41091926709035181,0.15347847530773143,0.48627379830780681,0.26862179341865222
3119,0.35302845593119275,0.54260334113190178,0.53432656547686241,0.30944994354011146
3120,0.016272170416696465,0.22151444332624087,0.48220971454593686,0.27269025238671207
3121,0.55283610328080834,0.56350490851557111,0.54175916381076561,0.31256497449912884
3122,0.30194601280164207,0.50343987552729674,0.52798397088176807,0.30496549467610906
3123,0.86618641625243475,0.74731136516068375,0.56986730558347143,0.33297127747259814
3124,0.96052850577310889,0.56465633204645704,0.54851450045338312,0.31346249504953327
3125,0.74368266092123236,0.74100590617585693,0.56719893965215329,0.33209924369449717
3126,0.65081937025944936,0.62509652792081472,0.55134089038711398,0.3194480774293556
3127,0.78864814240596026,0.45006352668543115,0.5316184204144474,0.30099477813026015
3128,0.084975007144676068,0.44184517756755232,0.51256899864761196,0.29653525423335902
3129,0.7802430129633634,0.93976364273141377,0.59151080983192916,0.35352384225901712
3130,0.069454492488282268,0.13015676130150677,0.47299774388752852,0.26388553098681744
3131,0.27846654204441007,0.67264101157336276,0.5480234815112266,0.322853886274799
3132,0.79237891631502422,0.51643030015354741,0.5401118091006466,0.30809324219635248
3133,0.34854710121181565,0.23283196231286277,0.4950242170961181,0.27662940093986255
3134,0.86840093819712061,0.35598475552784514,0.52063160358535221,0.29108466169449421
3135,0.93495048520056301,0.61599254707597428,0.55462414392928316,0.31894406559810884
3136,0.30401450505325339,0.098128524545405535,0.47647065705749109,0.26236561234797384
3137,0.72524230963612213,0.82937056067556847,0.57753438269793034,0.34155871336652166
3138,0.6714518430510652,0.64144412949777918,0.55374014989304465,0.3212522939041873
3139,0.06195369834288722,0.45455900549121436,0.51312475770820232,0.29759889162371089
3140,0.82102804369070803,0.0074213095110491857,0.47394543229726305,0.25445421069184032
3141,0.46084990810636667,0.41068211440228625,0.52050577340643311,0.29592485015051823
3142,0.12620480167354692,0.013860004925832619,0.46031177463277034,0.2525217697804969
3143,0.33576351119311298,0.56402976365535296,0.53648835435766939,0.31163444567461795
3144,0.84407723608018137,0.68775060282180789,0.56225949238810646,0.32654228934651419
3145,0.95008264015390309,0.93184863887921676,0.59309168860851591,0.35289296904000389
3146,0.16184478088110918,0.14416066550501855,0.47814843055215889,0.26617958216221965
3147,0.66759685996699858,0.81976347880406542,0.57534884561790578,0.34039522244207382
3148,0.42968048157485905,0.41072064676702724,0.51977733395045955,0.29579654796302118
3149,0.37964256757887782,0.83722101102174495,0.57079390108530648,0.34113992616869515
3150,0.89264059096864667,0.82028197518220403,0.5790624804232769,0.34084661494029622
3151,0.1573905125151272,0.36587367580718128,0.5060096885732206,0.28928135748167505
3152,0.67874665614956764,0.16731024689365878,0.49318859021860628,0.27086289397036539
3153,0.75442993112624401,0.60255200296192202,0.55033188466954464,0.31725425752855418
3154,0.97450980038914137,0.29330490911781087,0.5137731773748524,0.28453984925515868
3155,0.92457154275291842,0.88130601502474171,0.5867851897768056,0.34743940452828709
3156,0.14499116506051507,0.96333290094080148,0.5772902710536052,0.35268328621966172
3157,0.34651131849127126,0.098911895090050536,0.47765312318469544,0.2626632146008267
3158,0.9143370671058656,0.95380853180914427,0.59517580488840793,0.35521613976038324
3159,0.78379361590865304,0.39070923526961121,0.52393100501348899,0.29466057295082781
3160,0.6878385075908271,0.59660875395861224,0.54847104274187053,0.3164817157972451
3161,0.026145808207464871,0.36578449563117466,0.50056050851180323,0.287821629975204
3162,0.12069118394599064,0.14269465150058969,0.47652258748345738,0.26567466609261331
3163,0.56793610058961208,0.19302401267021196,0.49466170359017975,0.2732956378182706
3164,0.55368736752955017,0.72783573403827617,0.56199196356681347,0.33018587455929543
3165,0.80423949646112747,0.2888122119564912,0.51100817435832713,0.28387577729018887
3166,0.63970948288830698,0.23502984599025223,0.50142820936434629,0.27789251356883315
3167,0.21982782995490127,0.55914748831066541,0.53221260688598993,0.31028936154944592
3168,0.69493860048142964,0.30758681618628331,0.5117981525697064,0.28567481736183525
3169,0.03623529581889743,0.022869876376132015,0.45813907251927716,0.25258697224688664
3170,0.69137792623863792,0.4881091992929229,0.53490241921184922,0.30487623602700881
3171,0.38755188325430501,0.97409437349728545,0.58699763895608681,0.35585860479734976
3172,0.15977703216095687,0.60814679935424354,0.53598082972976846,0.31495606319961694
3173,0.42110704159253515,0.51835047397558809,0.53310929713364141,0.30721651176566717
3174,0.61911228575595889,0.4921465316583985,0.53411785862110051,0.30513302095052247
3175,0.55270031401071473,0.024335071483103096,0.47218930050077396,0.25570270540905093
3176,0.86176992006405495,0.047538185890868771,0.47982399291417921,0.25865163468727631
3177,0.16770218023542549,0.56961663820425745,0.53159479709397517,0.3109362464166428
3178,0.78352832219387647,0.14619411019553663,0.49195201224152063,0.26883199382041728
3179,0.56215165463915329,0.83985286136515214,0.57562418497557444,0.34224426124476015
3180,0.13261156149228337,0.39554363358429401,0.50877578258046452,0.29216842694513967
3181,0.89886804886307803,0.025528149585647045,0.4773118464087856,0.25640947833333677
3182,0.46049142934276027,0.10155795043815161,0.48057952031384277,0.26341055545979353
3183,0.49663684422558874,0.96815486759716884,0.58917059130645055,0.35576573532996469
3184,0.64545273204214182,0.33529928418424682,0.51455350073343809,0.28850277502070554
3185,0.027647590621502606,0.60619970628620368,0.52991938904363389,0.31315190217672478
3186,0.50907806096953567,0.20918241330761231,0.49563035045291903,0.27481296169587782
3187,0.89548747552557628,0.80378444320877318,0.57711930010173529,0.33907659477306568
3188,0.23824109420572642,0.17074290457629832,0.48397938550467251,0.26949920313809278
3189,0.79717239906111503,0.024050374772388021,0.47586797119495433,0.25614194019430031
3190,0.60240798680271257,0.10929809349250282,0.48428150697640093,0.26463435238303024
3191,0.45597296605579324,0.51822962209469403,0.53394496332732877,0.30736016426585405
3192,0.64672221493202964,0.27437129239748465,0.50667675392371403,0.28205786344185457
3193,0.81334262978107441,0.38259967960623326,0.52331610006853957,0.29384235911956547
3194,0.42577843881609151,0.42624177013390002,0.52164817570220279,0.29742823117751122
3195,0.80836735549258298,0.49693175461570499,0.53788029957273675,0.30603239756015849
3196,0.55700003502106998,0.095614451754663612,0.48167599771004449,0.26309417212944397
3197,0.63813708832381522,0.50018952952480178,0.53548715191473473,0.30604197940265238
3198,0.04354966719154036,0.70782529358874313,0.54283495576736285,0.32415572108086366
3199,0.98593318624108806,0.39950800756121757,0.52773891622066083,0.29583164299376247
3200,0.52904382289763308,0.76831665044851838,0.56634083696041049,0.33444387833211781
3201,0.53203478096913315,0.75721767209757818,0.56507086625640723,0.33326330772917073
3202,0.034576896581996697,0.035383560323307757,0.45964993062060605,0.25383748164299247
3203,0.12744799468385756,0.73205236312312771,0.54955327073278526,0.32780733934817879
3204,0.46991379107785181,0.0096811957692843863,0.46870331677018018,0.25394921484921479
3205,0.5598465236225515,0.19871957776219354,0.4952550930565312,0.27387038396342134
3206,0.70117472894928656,0.063821967116848108,0.4798380321110694,0.26011347769539633
3207,0.10698394868668402,0.80056917933045191,0.55675889903533282,0.33486802969840768
3208,0.73504123237897878,0.7121784172441229,0.56354073650947267,0.32898511999607305
3209,0.24974754046838499,0.55945066141890132,0.53326550410577989,0.31056013278330952
3210,0.1140852924758452,0.67595936570748461,0.54228733707686338,0.32167985031106366
3211,0.67479643874246398,0.072976175893505579,0.48065456712953586,0.26101454966917098
3212,0.033469833933457267,0.82518138258591067,0.5561106287242441,0.33647675261815801
3213,0.4606394002099638,0.87247052821993132,0.57711520043773323,0.34534060936049504
3214,0.3387900827114354,0.28897626021056205,0.50196901855608211,0.28247558511901805
3215,0.30416894142519452,0.0042213080695015382,0.46428249641003005,0.25270552798119278
3216,0.30858232593870494,0.16610138499356109,0.48537769026612437,0.26944446545187906
3217,0.13970316144676181,0.25074583913880638,0.4908922006893971,0.27705754413214928
3218,0.31159911608000984,0.73463089296472028,0.5565496090594807,0.32971950193400035
3219,0.095629491375188808,0.21322172801961425,0.48449885520018288,0.27273133388112475
3220,0.43425873275821797,0.73793177322918779,0.56040677372687409,0.33078006845522168
3221,0.20193717855958968,0.27054450027205751,0.49555823710938801,0.27965021530044737
3222,0.089644100099394566,0.60518862250576499,0.53270688327879312,0.31386848886700536
3223,0.0014217464093468151,0.49160208303156544,0.51475985850885664,0.30067226766347699
3224,0.080418256435648067,0.13595184885613854,0.47415863392899266,0.26459382476783239
3225,0.28369717398626965,0.23194516059305753,0.49315154100832087,0.27617344167689073
3226,0.72127708381443523,0.47262000649544644,0.53343715263268887,0.3032834404510672
3227,0.53744224539409624,0.40182669174781771,0.52104497781422632,0.29526412811966413
3228,0.76185529886552839,0.99848344609685014,0.59802797615147785,0.35979341746321375
3229,0.63270286345436477,0.18077903187650957,0.49420475911634171,0.27217549529634366
3230,0.16090834896861345,0.93339433686834528,0.5745235590592932,0.34966676316563577
3231,0.54994682004455253,0.071454874333657797,0.47836363989523706,0.26056726663170193
3232,0.32590998527448395,0.6200709258609568,0.54309157879471548,0.31755830623508513
3233,0.89787335424487247,0.34904146045019152,0.52011512049669051,0.29038042791951463
3234,0.3234440486655687,0.59762581290487438,0.54026627701788565,0.3151448882298829
3235,0.30836882749722572,0.35100240213045619,0.50902729608294406,0.28884164409434193
3236,0.031418370838800912,0.64247901474524993,0.5344536496440353,0.31704851202364631
3237,0.82333076821443396,0.30571476285128157,0.5134808610287096,0.28569241440697823
3238,0.76846014924322958,0.057101988059317231,0.47990091408921953,0.25952527207127796
3239,0.13593550665260992,0.41158777835356308,0.51089915635892369,0.29389192320690033
3240,0.29794434451904378,0.71150182928665306,0.55334033397769733,0.3271496267675571
3241,0.46072158958966614,0.17383567259766861,0.49002310468210841,0.27094234096666442
3242,0.82026425015811111,0.39791635575991824,0.52538997802394083,0.29548270933026494
3243,0.16156942165925867,0.90521749397000528,0.57129886277399589,0.34666537265140795
3244,0.40645338343734622,0.98419944139084559,0.58869130817636306,0.35704823967907862
3245,0.45106615871827815,0.56062419267460939,0.53911203521508033,0.31186753212596635
3246,0.0039141253344598228,0.27364526081642837,0.48812010077708784,0.27792652755693648
3247,0.95303526962782492,0.042889568788011097,0.48025247444594082,0.25825524483318818
3248,0.5196203014009283,0.72666911625441866,0.56109941967004717,0.32993781442864933
3249,0.040429110469797164,0.30283261796702865,0.49341515284131265,0.28143211103464061
3250,0.95015951304492774,0.47175140801792731,0.53659532930704112,0.30350985368654049
3251,0.10167372360731243,0.90504301958141153,0.5686776739566205,0.34593840348716703
3252,0.6185610008037068,0.58162103484628025,0.54533323610559759,0.31470310631229337
3253,0.70327503926925128,0.19396865280071507,0.49708185255653342,0.27370720896908551
3254,0.58917814808151459,0.80190940303396208,0.57166982129462063,0.33825732177322526
3255,0.71978914105015579,0.79737096652270989,0.57360486004333311,0.33810830378692119
3256,0.11298299820650136,0.31349586601563495,0.49777077114584067,0.28335692207554591
3257,0.26007100336676231,0.82176406399578561,0.5652437506788156,0.33866573321080412
3258,0.43454669064161139,0.59124693305351539,0.54250099194112256,0.31506735741461844
3259,0.0037395334640867076,0.91277750609904762,0.56462717122946138,0.34530267240661427
3260,0.36456120176672707,0.66177202227524257,0.54930093746374375,0.32225147800895065
3261,0.78549256837501902,0.2796606613231008,0.50954558508019776,0.28287975774689245
3262,0.63575144738574751,0.74526437437302673,0.56577686115788062,0.33230830148355545
3263,0.32331204538397729,0.29590338590355825,0.50243583679116577,0.28311924166445795
3264,0.58237905988354477,0.28491843006588752,0.50689432760608744,0.28300908205649095
3265,0.42234075617777417,0.63182934966353932,0.54719044120652283,0.31935209588225583
3266,0.12034972038163105,0.1122652279601549,0.47264564995319341,0.26253706869458387
3267,0.65234475910518086,0.8229414985296899,0.57544086299792852,0.34069790567362596
3268,0.16530895777972182,0.18674381246961422,0.48368749254688337,0.27061957921928714
3269,0.34139058134750233,0.68202930710931542,0.55109851528718312,0.32428161254870352
3270,0.48727341663165719,0.4776869059864548,0.52958059893519704,0.30316221913979974
3271,0.28911321208887969,0.24780551207259999,0.49533557626835611,0.27786729105192076
3272,0.89414099927205826,0.96413826492271626,0.59609598065746006,0.35630300780187601
3273,0.89878423928789564,0.20736811743545114,0.50155254957458784,0.27539591453558376
3274,0.92116820145189993,0.50671178797961913,0.5406829018851339,0.30721998732085126
3275,0.26285313278007089,0.54385903542317693,0.53177339251366718,0.30899793761900402
3276,0.76143074230140784,0.70335591968669331,0.56289845387638271,0.32808745160282893
3277,0.27239012767592213,0.33427323613459015,0.50585469889913803,0.28684992579906943
3278,0.89470070414385994,0.81220832155832323,0.57812172596313272,0.33998116544817186
3279,0.40021428032916739,0.63427506203820228,0.54691414731552412,0.31950297781631715
3280,0.38054017686716979,0.56105736226913294,0.53736757208291586,0.3115716717760349
3281,0.65070200751275997,0.36997399081034821,0.51911478932911792,0.29219545170305455
3282,0.56477529772670243,0.32915391199596922,0.51227505402653539,0.28763750793632648
3283,0.62371269020607001,0.62574594559854602,0.55091000617159358,0.3194464497492811
3284,0.26848720361726591,0.88661196783174534,0.57314148324507241,0.34567429864430538
3285,0.69365752736447606,0.59074670578025978,0.54784233325283049,0.31586629296893332
3286,0.30447008141992848,0.62482245112314128,0.54302573218790873,0.31792626033985538
3287,0.93658900093414132,0.28666828121294968,0.51245459581104658,0.28380425459964309
3288,0.80299238709578058,0.8992010739198304,0.58711345404683313,0.34920503916044404
3289,0.61557182695887758,0.62752562757710695,0.55097285180229516,0.31961474214272739
3290,0.35402643887855817,0.98262179984945108,0.58699870763431772,0.356567481848166
3291,0.31548477072048697,0.19288761686085493,0.48901453891821944,0.27227518981201421
3292,0.15171169819595526,0.7233708370326204,0.54952636736007177,0.32714828065604146
3293,0.4162352948881104,0.16324682049985278,0.48766481075728296,0.26966274694853709
3294,0.6287526504695532,0.89177037870859499,0.58314649901847249,0.34802824784834069
3295,0.9173144003826077,0.17576589237746085,0.49759182021359055,0.2720922252089078
3296,0.41426427578647856,0.44510671008181524,0.52374753237059257,0.29938119648288769
3297,0.83077391441926596,0.57364287834808925,0.54788947647333586,0.31427824675905086
3298,0.25369151697264752,0.48649285167054046,0.52437483910791416,0.30282962675720276
3299,0.89622100062459942,0.76283187699232957,0.57217861669650449,0.33467555816701877
3300,0.47726161319034871,0.60535964417996591,0.54527830299056745,0.31676487322871882
3301,0.7752989589069853,0.94444075512998971,0.59197621168327896,0.35401739256852555
3302,0.1408893923943513,0.4950007444448653,0.52140763341462126,0.30275516067603941
3303,0.8949699234171421,0.13438205126578689,0.4918233422023422,0.26773296470736352
3304,0.28646207513931443,0.66503801055221123,0.54735864684096902,0.32209905218716262
3305,0.71683736911286833,0.3742067250953871,0.52076953964546535,0.29278709103049433
3306,0.71132247750345856,0.10210948787537637,0.48507239052414031,0.26411225295707857
3307,0.10146093526094919,0.968841990323423,0.57598346673669698,0.35273542542419689
3308,0.45211597717554541,0.036412589863303584,0.47186111198417197,0.25664074553024907
3309,0.17811643673713554,0.62969250860869652,0.53930050864536661,0.31742885744388766
3310,0.39399603317362492,0.6655144127135747,0.55056686145336686,0.32281480359959719
3311,0.46536327053775317,0.080961082568427087,0.47798105718080214,0.26129123430302392
3312,0.22622557976372773,0.018619603835430463,0.46404840938105973,0.25373416406554378
3313,0.90451387033791986,0.49939400488169633,0.53953517485647751,0.30641962730241246
3314,0.70639162785633236,0.043796256896166598,0.47725094463190171,0.25804698486895905
3315,0.73446421057203559,0.50425118957367954,0.53766353425305757,0.30668930036540443
3316,0.35912879488450711,0.7609081682964578,0.56112389388022521,0.33283803926761835
3317,0.27889492589955922,0.72434945523223149,0.55427425575004174,0.32838665466306916
3318,0.9862641965162825,0.72543373349466134,0.56880655739274621,0.33074229635290658
3319,0.26980713822984836,0.36169767157115279,0.50924520558820463,0.28972566822240375
3320,0.18962015870251928,0.25777929952495032,0.49352990124774399,0.27821779827662962
3321,0.80496278232248741,0.18680381906601834,0.49761862677265123,0.27312049097259727
3322,0.58688341561962154,0.39510777988523477,0.52116906469553748,0.29470115202927338
3323,0.31433598084264669,0.53802984095237916,0.53264599717010341,0.30872879869008535
3324,0.39322821835082722,0.29539055708489614,0.50418410596786467,0.28342488321440718
3325,0.63691736887107842,0.72000724629933255,0.56273179976730292,0.32959865938756433
3326,0.87603215588441818,0.62523744196427289,0.55498224210230018,0.31987160389175517
3327,0.82589129500215652,0.54607849434966926,0.54435295213279689,0.31131787392607241
3328,0.92252106500860542,0.88354308040122276,0.58702236423765564,0.34767769357943051
3329,0.44982839643844641,0.37344137792525578,0.51551397855382752,0.29192661087192362
3330,0.10236573435537284,0.10121647685415811,0.47058982707812674,0.26123771078660302
3331,0.022631735686410685,0.93309183180226252,0.5679777925708871,0.34777677635511112
3332,0.85342885665249779,0.8460493771438139,0.58157992093326805,0.34356744215545171
3333,0.81876233210096838,0.58707800083839112,0.54939567317745719,0.3157011185114314
3334,0.45689491462927545,0.086309865961025939,0.4785073274363042,0.26181586153325265
3335,0.4366598416914349,0.89502041999230864,0.5791493637372811,0.34764512310319462
3336,0.65732183360717023,0.26895717635903277,0.50615213732267705,0.28151013127426161
3337,0.55954846106347389,0.31243975846456595,0.51001803607452623,0.28585272146359891
3338,0.058378718378010674,0.48978525369869313,0.51727799326253265,0.30126731754510211
3339,0.51801636842206356,0.71766829683264954,0.55997150641448956,0.32896579047299579
3340,0.41170580466386164,0.92578437088018983,0.58207600762231482,0.35081558833919574
3341,0.66428600029634544,0.83830668736040825,0.57749983110098813,0.34237945989986146
3342,0.97586928211374913,0.94218339577011068,0.59464183174171237,0.35402448900514655
3343,0.043858538257761391,0.40155886713705258,0.50578835608181938,0.29179926540860113
3344,0.15041393500968117,0.55925075864180696,0.52965973858602045,0.30966463859223281
3345,0.72659428065464604,0.20439354443853955,0.49880992278563152,0.2748454177297836
3346,0.20485431931087514,0.47874379042541843,0.52177084749630631,0.30162258106791956
3347,0.44708001943348208,0.95252704139120181,0.58612222334861053,0.35386427374223939
3348,0.84485766043375488,0.76808221429277912,0.57207783802712131,0.33517548006708198
3349,0.38129126971935623,0.95087953028691707,0.58413836410378261,0.35333454348571325
3350,0.020763178460474593,0.4004910834852024,0.50458043098349237,0.29138255041546035
3351,0.86454376723814064,0.45388764574368257,0.53319404142759985,0.30151001327952665
3352,0.68938758163036551,0.36065746616875988,0.51857437143515506,0.29129182931224606
3353,0.99863510153152746,0.34128890039391119,0.52032568374369659,0.28964803333541089
3354,0.49963376997533493,0.15497723029890331,0.4883694065087934,0.26910719133789646
3355,0.63249742231868444,0.48305498724182838,0.5332175558797464,0.30419717771987659
3356,0.46566983699257253,0.25064660953540591,0.50009920539252717,0.27901708941981562
3357,0.91133787546585088,0.91898486299108484,0.59105281255314235,0.35147351068365168
3358,0.79152890032680012,0.97179718391030323,0.59542763316151859,0.35698214821410712
3359,0.50238481263328583,0.091000876863126176,0.48004014551607233,0.26245481857867708
3360,0.68205767186632149,0.77571587914481066,0.57032593986479063,0.33569706145261996
3361,0.42867390485791257,0.036116127742652319,0.47133284216009191,0.25652552663997852
3362,0.77204688384147591,0.35999689655237604,0.51979185930250837,0.29137533719107095
3363,0.99256218425236875,0.5112139943898073,0.54214324165366623,0.3077655233018311
3364,0.54718402267365018,0.25994696383971022,0.50298397819428609,0.28027223453844757
3365,0.44194008991807932,0.32158190426925432,0.50870193668136388,0.28640389879235567
3366,0.89501323662194188,0.085233785568841272,0.48526698179956118,0.26260342410774695
3367,0.43820811192853149,0.45790578438666418,0.52594645638397697,0.3008519163655613
3368,0.33077792098297509,0.16045522483423119,0.48523247439309974,0.26897535677183176
3369,0.9334167554537649,0.1622982582992292,0.49599314886597284,0.27069396129002787
3370,0.84654207194078479,0.12062973669330822,0.4893930010358995,0.26624212424364074
3371,0.97162519276893,0.60704343318192988,0.55397297662639133,0.31801724265616671
3372,0.23619323072744303,0.61832048388248084,0.54001557478586282,0.31672794863969861
3373,0.30646140943096251,0.57209833551467171,0.53661780626287514,0.3123106500759768
3374,0.91207769352424661,0.46413696072309979,0.53513819750813274,0.30265897179438883
3375,0.90557198026225671,0.98326775611481865,0.59848181132155842,0.35836870556418782
3376,0.24149051326663468,0.9453096108764294,0.57900396470274773,0.35172932128448331
3377,0.089294045228359764,0.65896130925755714,0.53916185781148407,0.31957484700644467
3378,0.049272328825260052,0.426881032412115,0.50915174081342884,0.29452741033545343
3379,0.10827130503301742,0.68282639229340714,0.5428579632088002,0.32234246225037638
3380,0.40368513187236388,0.74138880658458228,0.56002090839878027,0.33099642231952964
3381,0.31217943695666039,0.23095085855062353,0.49381836475665603,0.27623658456810685
3382,0.4695927003108547,0.46354185715870699,0.52739545989208714,0.30158466873963768
3383,0.78936849356916494,0.17546367087984691,0.49590582556611684,0.27190781162246686
3384,0.54044519540470792,0.52596722791279904,0.53680627814904924,0.30850901615803428
3385,0.64483299445788145,0.1014008187993546,0.4839462056093603,0.26390875041600254
3386,0.46559860575698553,0.95223950788223888,0.58656217971643165,0.35392142159943984
3387,0.93972989924118167,0.60507622884329182,0.55332252327091336,0.31777749548825046
3388,0.13956858260118171,0.89893770262607142,0.56965002571863488,0.34574895680391149
3389,0.91271050268508269,0.64074629408562322,0.55741205939149452,0.32157806233562708
3390,0.57559030026091496,0.080012076347216507,0.47995118201506398,0.26152287203038299
3391,0.73875663947012515,0.58570085311845177,0.54797452919288514,0.3154181962155348
3392,0.56801615438003794,0.0027965360824367962,0.46960534422015693,0.25352352823459817
3393,0.82700513198407144,0.4615485154881957,0.53364736968220017,0.30227840079289886
3394,0.93083497430804429,0.62893090177004929,0.55618305652977817,0.32032847369355255
3395,0.58163171139807679,0.84119348215895018,0.57619903350916613,0.34245305867132481
3396,0.95720407075594416,0.5018454731461709,0.54052101532587071,0.30673379821067254
3397,0.70149656927654291,0.96808943667084679,0.59345350486083026,0.35640776279697867
3398,0.62527453574781544,0.55889749692535262,0.54262467597772823,0.31228791446674958
3399,0.83353939401445676,0.49601785695716971,0.53813055806850363,0.30597109824974444
3400,0.5248150217552553,0.72572894687169465,0.56110233171684587,0.32985642265080606
3401,0.21092474884117257,0.40553855507957054,0.51286349380895691,0.29392329967730807
3402,0.86132331639780901,0.53040211113680846,0.54288061147666433,0.30968708715184778
3403,0.15198554390206701,0.094382554978493141,0.47146561282397398,0.26096774895298697
3404,0.79307766577977457,0.93341112610035348,0.5909757731235814,0.35286348911741183
3405,0.085846795508323706,0.32332673486267455,0.49791033962568204,0.2840999148577153
3406,0.22396930154700531,0.70258235137091252,0.54978540695263423,0.32562033588234729
3407,0.25869289471009976,0.50300655194675781,0.52658606970470601,0.30462107260356341
3408,0.14609677775675664,0.31740710427454905,0.49951933629581197,0.28408680733713171
3409,0.093494003427971623,0.63373279536204652,0.53631872279037751,0.31694580307463249
3410,0.97703771434273812,0.82706188494680688,0.58100777018977268,0.34165757512971268
3411,0.33763339359549571,0.74478748587580634,0.55856033467829058,0.33097819275484452
3412,0.22106528090214125,0.16757055032056523,0.48305029306070352,0.26905206808690174
3413,0.20827015539970017,0.47755830927275822,0.5217430413614762,0.30152544798084768
3414,0.10258860931413948,0.79545085405722493,0.55596084137218893,0.33426812017123791
3415,0.58719903076660129,0.65269661369469256,0.55351379306872461,0.32223113284230237
3416,0.6414698695103056,0.36785279281610855,0.51867943507724679,0.29194807612379492
3417,0.21490646193783033,0.22864390463578749,0.49065555993911797,0.275367450623341
3418,0.29602073832693282,0.84542470266806202,0.56922958391134504,0.34147466662076004
3419,0.44447145256489751,0.35680169048035748,0.51326686677321165,0.29014093151822845
3420,0.20244204305944732,0.89512945576073832,0.57174923551731271,0.34600555646789627
3421,0.47382083607999376,0.60633187684145529,0.54531735810544202,0.31685464892556009
3422,0.67288834151941124,0.56024718937427975,0.54366655793024576,0.31255153927740703
3423,0.19507760848609032,0.29692305900553473,0.49866768398929534,0.28236034840768032
3424,0.33969699730715947,0.058968381203094035,0.47229077924047497,0.25850377501632971
3425,0.74738066366518618,0.73734630603779816,0.56681564433754872,0.33171311832552342
3426,0.87624673512965678,0.18831238295532529,0.49875180752175402,0.27336771871521731
3427,0.007715150761057157,0.59354886419872055,0.52739146107317381,0.31151717681576324
3428,0.51555059987331053,0.83393421671503465,0.57387976970799626,0.34143789433046456
3429,0.47611478432723092,0.63089591227386843,0.54839886387078407,0.31949471877910096
3430,0.78147246802317683,0.67563565531439385,0.5598162685043736,0.32514530217446691
3431,0.8368464521860588,0.052294960885972248,0.48015296445821271,0.25911671980900303
3432,0.79400325078220346,0.69918119071134133,0.56290592813518359,0.32769510269517721
3433,0.6484330255042412,0.51315951812627025,0.53731137736193035,0.30745414788815173
3434,0.26302783566300059,0.72885957062084927,0.5542905189454802,0.3287485188012092
3435,0.26640326800543118,0.47456967280890094,0.52329748084444738,0.30165521387868466
3436,0.98674076372523556,0.82333029579884609,0.58068306415282211,0.34126418524185514
3437,0.16653155620872276,0.2117276752452017,0.48690358624809466,0.27322644371915689
3438,0.84414828763507543,0.84799277179884969,0.58167359374401051,0.34376369874588036
3439,0.35981264791070716,0.68560347615206851,0.55206410168250386,0.3247750840089737
3440,0.43782075752973326,0.49355184539210756,0.53041831910731629,0.30464809596671216
3441,0.21215653731295606,0.0019641091519384643,0.4614916234830847,0.25194349120494908
3442,0.635188505620358,0.96352066717614659,0.59166474746092412,0.35574999091827297
3443,0.90713812884251821,0.80456860229995808,0.57737575342301406,0.33917386142253836
3444,0.26796487986418654,0.36149582929370233,0.50916361373501418,0.28969195784379476
3445,0.51063340432225968,0.84345431632845436,0.57489582105715153,0.34244063453258428
3446,0.014190022573189345,0.72189439723432292,0.54300577272319883,0.32520824634102041
3447,0.91658592802273353,0.46578381778950573,0.53540710014864923,0.30283959896563312
3448,0.93318260972473077,0.19319675661496585,0.50009127048611601,0.27393854482445507
3449,0.3378848335318384,0.031711396039451938,0.46869641590430233,0.2556899261979011
3450,0.27482938727306899,0.2271906454830547,0.49228829861498746,0.27562135991430098
3451,0.11823645631879336,0.83797094019042573,0.56163762800416062,0.3389929049429975
3452,0.29943596501151332,0.96459736145896602,0.58321423613065226,0.35426060402311882
3453,0.38652392959775173,0.40327146529842867,0.51776180725419996,0.29480310502581147
3454,0.10224090676013148,0.49890214050476206,0.52031519798329717,0.30275550658442496
3455,0.82551698781788585,0.8613609473027406,0.58298315913833509,0.34517375092958669
3456,0.5845607645752724,0.0040152025077841245,0.47004893910993101,0.25368949558846338
3457,0.34687768515633655,0.014494928589893971,0.46666683074838633,0.25396434354160657
3458,0.83829388358026047,0.0091352355851908214,0.47438978531477377,0.25465151774949157
3459,0.55689108633747098,0.64195927363660887,0.55156521362011401,0.32098273566467012
3460,0.99696651230115674,0.48857698322528742,0.53931216724443864,0.30534743225799893
3461,0.65362204060194784,0.54834442575090803,0.54182892654056258,0.31123103542810843
3462,0.42659718653556195,0.2239726456264616,0.49577645895700179,0.27606026778901177
3463,0.56205434476443339,0.22024327099473451,0.49810528051514008,0.27613692683360325
3464,0.84372976466560501,0.55127891359067294,0.54526599559304545,0.3118997816042392
3465,0.79490659058411839,0.62943558783949127,0.55431402133940566,0.3202078215411025
3466,0.82921593254666082,0.18917859520461644,0.49825899791303729,0.27340245489461862
3467,0.91951562407173926,0.46362525098185287,0.53516880089085783,0.30261201967618545
3468,0.61764203805144646,0.16696027848691447,0.49213326024041731,0.27069230075114792
3469,0.25035747528468494,0.60972561358042299,0.53944707827657179,0.31592351292453358
3470,0.18029026398401476,0.0081001476941513825,0.46132478236550573,0.25235162058062749
3471,0.92760628681109525,0.48138146970280216,0.53754076065230061,0.30451758810402085
3472,0.73010280270419325,0.42281741790323285,0.52722657567069142,0.29798703715940544
3473,0.70873414728537898,0.75014053225027166,0.56770952739885139,0.33300923797099147
3474,0.88011768667056456,0.41005543368436631,0.52777734181120084,0.29685305873899553
3475,0.43924727965820348,0.66591480832068484,0.55179233115807047,0.323083321571913
3476,0.49658364027309004,0.0068374882765696388,0.46884599128281135,0.25374127825509185
3477,0.6540765407896485,0.56992086869439817,0.54453783675064049,0.31354244813904447
3478,0.6478414603444631,0.24541457544775913,0.50292245627685883,0.27900521832317443
3479,0.029602836206101348,0.16764809323198862,0.47606686058101882,0.26729829565278695
3480,0.072787164466630208,0.34329169347999849,0.49985023466244927,0.28604274495350557
3481,0.29331306405639046,0.89861992295352977,0.57537171202905335,0.34715148566485843
3482,0.40800792652493112,0.25148729212592591,0.49889686073777056,0.2788704404319548
3483,0.71027312191954117,0.12680639998739351,0.4883283854382845,0.26668620190364212
3484,0.53551177113981685,0.48451113388984235,0.53149066949487322,0.30406506644447995
3485,0.94933356434797167,0.0667138490982703,0.48340986347332104,0.26072580055814898
3486,0.66894666547187376,0.63755587983642481,0.55321433348523608,0.32082914586700789
3487,0.7712743125372683,0.037720885689661379,0.47735256113618207,0.25752072488448957
3488,0.8866251594914939,0.0013150485511519948,0.4739168818217428,0.25389569860161265
3489,0.46843358449906813,0.33787464022986824,0.51139079388286568,0.2882332629166855
3490,0.64193852060794598,0.89308898054052843,0.58356123964258066,0.34820641309573103
3491,0.50316462243004934,0.7992217760000494,0.5694547808334679,0.33766175453411135
3492,0.13327893186862347,0.37540515293629145,0.50629330320512134,0.29005544331450833
3493,0.27032237494018629,0.99037047922814969,0.58519426267273744,0.35679149266262056
3494,0.14348186372717611,0.72452374303451506,0.54932744101936193,0.32718297230747179
3495,0.016457394648564515,0.078706397317966914,0.46434801344690624,0.25803667550273912
3496,0.58320811782545645,0.75370799545693445,0.56574772656246974,0.33306123836503992
3497,0.12080461052452447,0.94162590642260624,0.57374936337349303,0.35007964775570699
3498,0.34051886530892228,0.084491384341090464,0.47563113808145963,0.26114236367902766
3499,0.039106762630061714,0.24283589110871545,0.4858831146950533,0.27517938137448483
3500,0.13543502689279852,0.90966629231780538,0.57071255364864393,0.34684584793158907
3501,0.35487730570960557,0.13883017000536202,0.48304132630248447,0.26684553186324839
3502,0.80076183874270657,0.089262851011881139,0.48462201912602726,0.262913110708693
3503,0.88867403747831708,0.31652872807657112,0.5157634048130143,0.28691933351958598
3504,0.96718295789173581,0.76637251947183405,0.57355636655512177,0.33512637095940812
3505,0.28869945354348747,0.90845587960424612,0.57636493465168448,0.34816996219281077
3506,0.55073527508944975,0.33903054217001194,0.51327078390939285,0.28864129555112672
3507,0.39672681740446714,0.57551406046723719,0.539587232570091,0.3132006979091152
3508,0.64137490004553699,0.14847919137390564,0.49010269442631921,0.26881309372209561
3509,0.39781112927746731,0.93674007692848105,0.58296648922016636,0.35191394363700967
3510,0.71374555424222486,0.20976654028088088,0.49931987423989049,0.27538713310455226
3511,0.75203357496979883,0.90690057345676478,0.58718668036422916,0.34994277723293488
3512,0.51215118101792179,0.544209071400098,0.53847797678841824,0.31035891953358913
3513,0.97353615495426349,0.9201403514711769,0.59202367620027829,0.35165558533924246
3514,0.33889483288516059,0.18974822915144032,0.48922470684386654,0.27207196797106475
3515,0.8900532002453343,0.076293183671904269,0.4840125259811397,0.26166795962100137
3516,0.094816192701517144,0.36446466592672511,0.50340241429500698,0.2885080905375324
3517,0.84034292680915679,0.20727297035699013,0.50079556435761685,0.27531920936702664
3518,0.0061766053531202491,0.36422250523798866,0.49941915133176412,0.28738683604650267
3519,0.20288019283540779,0.50401697022741432,0.52482875892118797,0.30428709662437242
3520,0.96481955907862871,0.68510655784542906,0.56358190705747391,0.32639191392851058
3521,0.38715367858781247,0.79658997090406491,0.56618138224155901,0.33682562487378986
3522,0.81903801829024458,0.79680446359961066,0.57515807322465418,0.33822548138941638
3523,0.42144173015729758,0.33171410866103834,0.50951890930971744,0.28738748093118577
3524,0.88791799008013916,0.7280919947395218,0.56783235385359121,0.33093236180952307
3525,0.18858670057348209,0.84802929543821381,0.56572301219085619,0.34083612562776733
3526,0.84840056228261673,0.37450701065565228,0.52276101747086534,0.29302921576116447
3527,0.6451545362711768,0.45171280195590813,0.52947182423981431,0.30088399782600633
3528,0.5624107377891312,0.21723330112922704,0.49771954638946542,0.27582161902180008
3529,0.49095882363546411,0.70797471252450495,0.55817131584457336,0.32781913554895165
3530,0.79593826280169888,0.91057217568381466,0.58834077174655341,0.35041515340689111
3531,0.19461661615456691,0.35733759593438591,0.50626369526126658,0.28870602698506237
3532,0.93479967620681281,0.97754192294912645,0.59822181587727241,0.35778399622239537
3533,0.26401406136456645,0.93693070014476554,0.57883128792892946,0.35102335936773077
3534,0.52696783059086882,0.084999519940360924,0.47972288115044037,0.2619068230069676
3535,0.60864467163308289,0.14853195353461199,0.48955613475124532,0.26874275197903658
3536,0.97422966247604936,0.62603242641574475,0.55637630491613577,0.32005697239780717
3537,0.33370883407973451,0.52985884705624775,0.53219830245598221,0.30797766697541351
3538,0.83587722701557221,0.094299502099619723,0.48575000781559075,0.26348256499840655
3539,0.3771978719294421,0.38641491878839446,0.51538620102524935,0.29296887079122208
3540,0.042186991412786305,0.75166942261474912,0.54794809029023406,0.32879347751139665
3541,0.70660714580403872,0.77415429773909272,0.57057742130129563,0.33558503336113238
3542,0.44384503898747502,0.74984137468916601,0.56208624189604173,0.33210327098562631
3543,0.10555690986061236,0.011309919506579173,0.45927357106356198,0.25208658660327898
3544,0.38816055482941447,0.8510840812752839,0.57267112276553134,0.34267518157260685
3545,0.86825583297015407,0.47271850279642968,0.53565060251715346,0.30352593077793338
3546,0.04079134756861022,0.69536242265902692,0.54121985814118967,0.32279290084747464
3547,0.38318504032102652,0.78266512575858516,0.5644095282084084,0.33531022292157803
3548,0.63803090184208699,0.29884999973770465,0.50970624639054829,0.28462491291572373
3549,0.61157687991856369,0.86697943687328372,0.57987528006957922,0.34531565194010738
3550,0.69773055962404473,0.61326808379826836,0.55071567572447699,0.31828987205926207
3551,0.93423651869714963,0.04575878625527257,0.48043003922699035,0.25853727271664023
3552,0.70417407833236512,0.11112040261836956,0.4861596650758776,0.26503851717722227
3553,0.13668195836072555,0.67461230164916486,0.54307759994533666,0.32179051533639452
3554,0.30018180581600173,0.67899524115024834,0.54948372424717096,0.32368779004852699
3555,0.22661222822709245,0.67274553214943744,0.54628448672776597,0.32245653239857164
3556,0.70409375795606766,0.90600373955419056,0.58624531728902762,0.349747162299262
3557,0.057527884844609072,0.63985603735189656,0.53540781376665503,0.31713581363049331
3558,0.15419006564045559,0.13812057218871779,0.47711888814089953,0.26549275435309228
3559,0.47526290667095455,0.59911495998402831,0.54445966288322856,0.3160881174873485
3560,0.89946710062146895,0.14338647192431381,0.49307586292276445,0.26867984763424629
3561,0.24879015872803287,0.97098999781549222,0.58221901834846856,0.35453885269280921
3562,0.14805612739770441,0.73694173975234156,0.55099386089266422,0.32855658051116993
3563,0.49914838933335853,0.22378257502190535,0.49732627199284318,0.27631269636031347
3564,0.27670509615630146,0.61878209877874468,0.54141620165173088,0.3170875136396431
3565,0.55796830618983373,0.36856640037236504,0.51720673017293839,0.29179595051980767
3566,0.57100088403875715,0.68755939961128165,0.55745513915055267,0.32592056297239702
3567,0.68358625806184714,0.59368566673543532,0.5480321747447634,0.31615877233561435
3568,0.72637437088120504,0.97360356269021286,0.59453803093317559,0.3570537677428251
3569,0.49833207009503389,0.9938922171028447,0.59218054609763326,0.3585325806390966
3570,0.66923986044769412,0.92778976399699464,0.58815900009712474,0.35200439105022868
3571,0.80162359883514012,0.80174994480196626,0.5754831179534321,0.33872994577420135
3572,0.92539889173653211,0.00028884534087264915,0.47421845728191514,0.25382541453630447
3573,0.41762299582703272,0.46462965807818107,0.52628969180740737,0.30147441314459744
3574,0.25665969133448091,0.64297185864154016,0.54370763320377957,0.31952034748796976
3575,0.076434233238815805,0.87313782692573738,0.56380898412833413,0.34220329229220081
3576,0.18171033789840293,0.57064736949115757,0.53224885829234225,0.31117819263490876
3577,0.42392289437734287,0.51420282244432014,0.532661547061552,0.30678719400369914
3578,0.73059951836677506,0.38535514051221548,0.52242502722121675,0.29399893923484516
3579,0.042642843937606083,0.68051003454468451,0.53954547808841813,0.32124306634693328
3580,0.84581802399057193,0.31107762828309787,0.51448771611742794,0.2862904409779054
3581,0.05076060809454648,0.60045531224185833,0.53035242102176972,0.31286771510884093
3582,0.59645972862952623,0.60565715944390974,0.54788963642191391,0.3172154829814034
3583,0.68272739585657849,0.54959168730905505,0.54250453665458898,0.31143315478453631
3584,0.28887232673441759,0.77330058373903154,0.56045544434380001,0.33369905709064923
3585,0.24345521739624676,0.98356302147427344,0.58346872269530914,0.35583683419598527
3586,0.06890818190522259,0.65059882553144133,0.53722916460668968,0.31842700064437574
3587,0.49496640671159842,0.82977388006021513,0.5729032215491574,0.34090820617862072
3588,0.59308760933111193,0.22550366639884889,0.49936474742059839,0.27677498397843614
3589,0.45191582589038881,0.54488944707856291,0.53717516792313835,0.31018975030318924
3590,0.47420800143483793,0.65040458716800198,0.5507493420595645,0.32157683681627491
3591,0.29680608807652026,0.84178391059894342,0.56882632109650244,0.34109046807641458
3592,0.04617854291558033,0.7319465024378965,0.54581970678644376,0.32675558389192128
3593,0.91071700865275929,0.74837459880799295,0.5706210310923614,0.33313773233155947
3594,0.47174782746607669,0.24515284802470125,0.49952011008772645,0.27846185767297837
3595,0.67576946595368215,0.62243301009951402,0.55146538557848235,0.319223098105828
3596,0.16503936807174469,0.48534573887590088,0.52114453850495279,0.30196805008310601
3597,0.62537212813872622,0.26634631273444975,0.50526234088470445,0.2811600231434308
3598,0.6261430200819974,0.029711607552261557,0.47414483064457763,0.25643397095068327
3599,0.44687382062488473,0.92978740582742037,0.58347560418025279,0.35142464976383297
3600,0.14664023152500158,0.44908835647088707,0.51596296323310797,0.29795545413058744
3601,0.58848110316050006,0.53267559190733593,0.53862876662911097,0.3093784534967553
3602,0.091215000110596883,0.49344748607069489,0.51917784870086736,0.30205283346927397
3603,0.73311437382687594,0.296764715974906,0.5109956986586025,0.28460219613233656
3604,0.99095499872587389,0.015662363538111096,0.47699232329197527,0.25546397593293241
3605,0.2150170419959235,0.37702519244203575,0.50942788459792931,0.29094521129821727
3606,0.40884880673511653,0.87842604595426244,0.57646077535392781,0.34572147810036491
3607,0.70943175113698242,0.72622530619007308,0.56481532155871705,0.3304412737773933
3608,0.13166162459099434,0.82203572606852982,0.56035604781528936,0.33745146546730093
3609,0.50791365323072535,0.68384977971148919,0.55562581909682707,0.32529885421145793
3610,0.68906316515890653,0.20793590927162442,0.49869354893384293,0.27514737726779359
3611,0.59114508424395473,0.3863623560110922,0.52013121608665147,0.29378352010307385
3612,0.28833464078622639,0.34299025327853161,0.50743245673478499,0.28787218128775738
3613,0.27767088718978922,0.39722081774721157,0.51396207085224932,0.29353292379312118
3614,0.6512545490438002,0.3388006673461641,0.51510666542898143,0.28888767712609337
3615,0.51530867317005757,0.91827225770734955,0.58381366945448621,0.35049080466979471
3616,0.43515772125778024,0.050221345430996739,0.47332027978941155,0.25800415138929311
3617,0.69673680479101607,0.38790006021688461,0.52220356061112749,0.29420297612815088
3618,0.58839745992679382,0.13122416007925058,0.48692594284513069,0.26688500336523208
3619,0.11607240982310614,0.55575607868878873,0.52784454691465488,0.30893097461166869
3620,0.5562919421422412,0.36333355340469864,0.51650251279235537,0.29123544152348063
3621,0.57353171239282241,0.92596778240833666,0.586017533538153,0.35152993525494414
3622,0.54056985535471469,0.92020644935934104,0.58461886528208695,0.35079533244914868
3623,0.81273222153378888,0.57021258411571618,0.54719288861272974,0.3138842153994692
3624,0.77280317702578616,0.56848097468846248,0.54636533946946031,0.31363441546449539
3625,0.3972841858655331,0.855548294004018,0.57345132581135649,0.34320487339351469
3626,0.49750206522870577,0.53179561176736612,0.53660100066814354,0.30897713385581727
3627,0.76738759888903008,0.45180256125851304,0.53151769416116446,0.30114540738117923
3628,0.90597036981879508,0.072637585778057109,0.48371077674799501,0.26130334116065446
3629,0.39583663964612648,0.20285784476801055,0.49232768418378003,0.27371545243685863
3630,0.5286347118631588,0.85927803012653026,0.57718397492244622,0.34420952909264585
3631,0.90708695522564231,0.61634386601968438,0.55429959157597619,0.31895302623547145
3632,0.50852447052429206,0.28164479696470079,0.50501678755020651,0.28243645983347415
3633,0.80025480579071451,0.35267739433542594,0.51925884312224158,0.2906417812449722
3634,0.041812696660135408,0.37037760451539653,0.50184806328042186,0.28850502820125373
3635,0.53407029129335426,0.083918969286710499,0.47971381175892075,0.26181536185571108
3636,0.011662519880954642,0.39192652642509201,0.50309142304595766,0.29036017133349895
3637,0.94395126680132246,0.22069525911022211,0.50385697370429561,0.27684276900572508
3638,0.7970549563672743,0.78370001184559668,0.57323653379818784,0.33678247895647478
3639,0.93958047844100512,0.84516177747201882,0.58268559884588367,0.34356997806743311
3640,0.68000112762952925,0.27715563300350915,0.5075971436026252,0.28242509832289836
3641,0.80921680822024356,0.54942529786200034,0.54452821391517459,0.31165171532452191
3642,0.64831672558920694,0.84855957704911711,0.5784161281872382,0.34343986787021441
3643,0.37507741809553702,0.77124458245028504,0.56281668304062249,0.33403964345589376
3644,0.37812593101527309,0.57038287008180055,0.53845655398052505,0.31255468192704711
3645,0.53236828110854839,0.6947926546164207,0.55750915227847508,0.32656437370413566
3646,0.59195786597285194,0.54447604209842393,0.54017626717633838,0.3106509337034743
3647,0.1344670728261699,0.72117242977464346,0.54855398916055331,0.32672671304775441
3648,0.039548362416599411,0.8765565141979722,0.56237598205881556,0.34203288656409875
3649,0.25409725926968968,0.99005959326765747,0.58459200003337586,0.35662327979275515
3650,0.32778788243763851,0.7282883159051301,0.55628250632700338,0.32914796113959743
3651,0.42181407052959546,0.87682022556177108,0.57662140541945239,0.34561747683694471
3652,0.3348398417591234,0.27290744413832441,0.49980772937256385,0.28076405837224944
3653,0.20493045122487238,0.60628502921046468,0.53744919133156588,0.31518114308883105
3654,0.039765368137008046,0.9540680195248803,0.57127328454707982,0.35028007908497072
3655,0.73881608333716864,0.26514468276338882,0.50695876646944837,0.28126909964015273
3656,0.30637952718137529,0.18513989964026259,0.48777183577300431,0.27141620992771887
3657,0.73479398276099239,0.63360005354339965,0.55386805102999948,0.32054768947014656
3658,0.77843654070763157,0.83088734626203087,0.57860739682280815,0.34182295623231868
3659,0.040845759227464445,0.22297042143027065,0.48347654965068193,0.27314196196208468
3660,0.97816182202204371,0.68663633604248753,0.56393883187056681,0.32656745944432297
3661,0.60174000530397753,0.75961564322704223,0.5668409368359002,0.33375286723319136
3662,0.98116182395318763,0.86182150457658568,0.58521619271301228,0.3453964336369103
3663,0.77016531720784265,0.82589507175831833,0.57787561984803759,0.34127180551829617
3664,0.93634057206587173,0.11667277346433839,0.48994870224884546,0.26592090205219943
3665,0.33734501123292138,0.34754512231425616,0.50939537151869052,0.28864409576865208
3666,0.27479858223310438,0.24438926750951215,0.49448727924356262,0.27742105413847801
3667,0.42615008338798072,0.5477462215446286,0.5368985119718529,0.31037838698103226
3668,0.306985365550837,0.89703913002059565,0.5756305257437222,0.34708226091784311
3669,0.61171568601020843,0.60664097697167896,0.5483114590932141,0.31736492910214653
3670,0.38046616460423682,0.67848906994258285,0.55177827286886194,0.32413093713710867
3671,0.40992857793784937,0.46558457577800144,0.52621745400676234,0.30153975536667449
3672,0.87881102925735766,0.88312733642297103,0.58635913477803858,0.34758435150878475
3673,0.77947871857633588,0.17839932072075318,0.49615560650168128,0.27220128753029971
3674,0.4112545179594192,0.98783337288714246,0.58924157180179915,0.35746388440657573
3675,0.10560843562589725,0.56831298208370573,0.52893188814017733,0.31014478677935714
3676,0.91409949671350188,0.51979709194960311,0.54225155238352463,0.30861294223342739
3677,0.21950014080210822,0.39531013165946355,0.511871292599967,0.29291061977506461
3678,0.027928466014435983,0.43222015956669352,0.50881557706101543,0.29480830412234987
3679,0.66689297128106706,0.073691403784381687,0.48062697435608531,0.26107332587449267
3680,0.78284917569420076,0.81845546281629944,0.57719057553538378,0.34049439300643858
3681,0.11339822093398544,0.7560847801851458,0.55179843281609597,0.33020476136043414
3682,0.62593075335983883,0.32617648961293744,0.51303012726126729,0.28748846278513457
3683,0.506562245845527,0.43111411640770969,0.52411877825185949,0.29827308570134309
3684,0.8384456544262241,0.69645778913596879,0.56324663771481764,0.32746982273685599
3685,0.030906419330846983,0.024404407572827771,0.45811819761755018,0.25268490978013897
3686,0.022914659059548283,0.38846378474953819,0.50320342954566721,0.29015187167482992
3687,0.32637939684324668,0.74677868858709706,0.55846080409253496,0.33111893740520182
3688,0.40739447675730339,0.58715442388221861,0.54130464616283946,0.31449890424398103
3689,0.81453146544113986,0.4874580673901015,0.53676754557424955,0.30502873079524967
3690,0.056082658314413864,0.95601767966436457,0.57233013609122441,0.35073609292282865
3691,0.98080383739088428,0.82754599491794356,0.58111384328220483,0.34171262317676782
3692,0.39799777228987077,0.13148608916635859,0.48311636710679157,0.26627719091603458
3693,0.65253472853273864,0.87884641599891478,0.58208609307773485,0.34670479892980932
3694,0.034009000264119828,0.71875409008836144,0.54365321362467711,0.32517707757502107
3695,0.05382067919281544,0.24651846138132971,0.48697688177527687,0.27573479861934541
3696,0.10281653093817877,0.82009869660428958,0.55886122031871954,0.33689788871964876
3697,0.35863338880537776,0.62179427496256545,0.54424842299441722,0.31794039145367442
3698,0.52531145926591705,0.075505946251505515,0.47844202339958225,0.26091730603983704
3699,0.23232305854143342,0.17248066579553997,0.48402344993699209,0.26963990179622949
3700,0.52969499406950782,0.27834785692902514,0.50502214926852251,0.28215836675286438
3701,0.48587052929071944,0.5061922605791711,0.53313197997252781,0.30619774808009786
3702,0.56043097832590572,0.86241983166992442,0.57826243521070164,0.34466197528805542
3703,0.714377914485673,0.94996250679051741,0.59157650293370279,0.3544905187403547
3704,0.52426135883479141,0.1239148118623416,0.48478515980465786,0.26594487308608616
3705,0.015320369029825089,0.71487855234803865,0.54223655314190122,0.3244817691368766
3706,0.50718284992804985,0.49225207411703886,0.53185660413537761,0.30479097718273235
3707,0.47495486995218095,0.57853423193885245,0.54190396884932712,0.31388454853740455
3708,0.30887968808334554,0.61453560255788042,0.54190242197386318,0.31685676992575978
3709,0.3916163269099896,0.20309500277651241,0.49225779037763284,0.27372139595094069
3710,0.81082654360871531,0.25878861627058364,0.50717188622315834,0.28071103879891673
3711,0.04398310802291381,0.63807670751708789,0.53454494782821538,0.31676112667037004
3712,0.26583033097825248,0.39242391907899876,0.51299610852514688,0.29294531214410779
3713,0.81845487082129109,0.39859006438689543,0.52545096891493914,0.29555187880870432
3714,0.55757348954697372,0.037489876348560207,0.47401540818988275,0.25707323200140769
3715,0.34128973594022682,0.73831814783796446,0.55789197334388052,0.33030826741888558
3716,0.38275137898802064,0.078051175617624535,0.47580148154017632,0.26066987009523973
3717,0.37668278861123838,0.20069462037055055,0.4915865453384724,0.27340168991117986
3718,0.36774891808874677,0.58756082348929484,0.54029416749454839,0.31433292601433965
3719,0.43877118510495638,0.32420579764406426,0.50896498154746372,0.28666805039370225
3720,0.36873519272737904,0.24059501906096703,0.49653633050028406,0.27754449776655754
3721,0.99189547509873521,0.61880661755522015,0.55569264120811346,0.31929573397214239
3722,0.032248831706389321,0.82578958157441817,0.55611841618746383,0.33652266379765361
3723,0.16409002678144025,0.89123283407305132,0.56978186497976413,0.34519914537271962
3724,0.83559386134798408,0.1442927466005669,0.49239750043103142,0.26870314711196436
3725,0.88515681364458287,0.56471280555179104,0.54753597389873776,0.31339144828743476
3726,0.6463785076206201,0.58198859863242836,0.54590271692856651,0.31481591903032285
3727,0.32375723659485817,0.68153327001488073,0.55051467438871382,0.3241170470169269
3728,0.57119558878884424,0.19604489479883341,0.49511692874611285,0.27362151920064259
3729,0.023102835760649761,0.022691251224291047,0.45758487423508126,0.25242576364488967
3730,0.8388851660524379,0.9660608801943833,0.59550477738172258,0.35643927221097343
3731,0.52654870360494832,0.80355352329054153,0.57051051991211865,0.33821803249475535
3732,0.014493241800053512,0.83534095637957806,0.55629417105251655,0.33725697896102125
3733,0.58141725346544992,0.50710061871950751,0.53527518755912618,0.30662361500594421
3734,0.066560063084086879,0.77070909815338673,0.55138078215109865,0.33116285716993044
3735,0.030444535446201917,0.055689433306723365,0.46203936244965133,0.25585414410633972
3736,0.77177359717710647,0.20334669994077412,0.49933661295744647,0.2748103543556677
3737,0.096542948452627758,0.45974353211174024,0.51526437324425789,0.29855470020554076
3738,0.21673172563215487,0.029215064734185579,0.46513947196208616,0.25475654353970101
3739,0.044460117470065598,0.085606715982186152,0.46637929019610219,0.25905618369794176
3740,0.75517715081527126,0.062458948758791669,0.48043224726798667,0.26006132172102125
3741,0.26656078816977097,0.68015460481970802,0.54854346068450544,0.32356820774779171
3742,0.61636899171922133,0.56510215327519697,0.54323055771846818,0.31292800008654348
3743,0.69812123648090063,0.44824052035341744,0.5299501995239283,0.30063406215689709
3744,0.20790604642537655,0.82282604746719601,0.56350146138479629,0.33832770141323554
3745,0.20977537408267383,0.59311883465194848,0.53601735132135586,0.31382091787370275
3746,0.62232104997109861,0.71597659144162906,0.56195848777750512,0.32912580211421394
3747,0.64049166437570249,0.068670214001659777,0.47954337830929911,0.26049791450127407
3748,0.79795478502212791,0.18528032429729357,0.49732131429162946,0.27295063543423354
3749,0.60276127244118838,0.19780466633747565,0.49591807595035425,0.27388939806749196
3750,0.28151748373812302,0.5771736441972084,0.53647144713661554,0.3126822299690214
3751,0.32510300468167991,0.99043751772240507,0.58700631033659989,0.3572111206237466
3752,0.91001728529640247,0.52997552167788387,0.54348713600938969,0.30969822637724359
3753,0.33112161758312725,0.034135575207613872,0.468847271988796,0.25590667682097307
3754,0.22458607546767453,0.33467577985908137,0.50441232037722505,0.2865558124916906
3755,0.78578474904807527,0.21499628794364398,0.50106935037802702,0.27605730505751447
3756,0.025544457685563248,0.53830350709607588,0.52162773904193505,0.30594548531376442
3757,0.90780011962697615,0.60914800290471183,0.55341116268462631,0.31818174173399544
3758,0.95675178869076771,0.087256800765509249,0.48624509702122426,0.26286955818699492
3759,0.17633746529201744,0.72031649275735254,0.55013900476342004,0.32707443991746776
3760,0.035337526784988589,0.54327282863269799,0.52270622805994815,0.30660770181241415
3761,0.62543085317666414,0.89563304440426883,0.58353518230618018,0.34843367039680423
3762,0.28136772868639093,0.9427498546759715,0.58009550131897014,0.35178465058797892
3763,0.19564190557805122,0.8152812213851488,0.56214965201973399,0.33740519667700403
3764,0.07509777371558593,0.71200272192064451,0.54484309982412849,0.32503264989520453
3765,0.46573912208847473,0.5486351063868613,0.53797110428311734,0.31064917932186803
3766,0.15884648591581499,0.41269233032175107,0.51190567830654599,0.29422830584263426
3767,0.44911270543435822,0.88529785473354872,0.57833113789149426,0.34666279921971305
3768,0.4091550646853051,0.2718076904916088,0.50154086148371813,0.28101304030517088
3769,0.15847451769049511,0.73935954587525932,0.55170424185246381,0.32892490935876345
3770,0.98034108588203095,0.32179754793705656,0.51757075193065616,0.28756485040748364
3771,0.69417117061136524,0.60269981789273441,0.54933994267628306,0.31714881749054269
3772,0.00091708052085014071,0.4170916750639328,0.50565039169028669,0.29284246198196157
3773,0.39922147670901614,0.48183859225915515,0.527986176186241,0.30321854569523049
3774,0.27068032173988177,0.56875968130264665,0.53509232234474402,0.31170775342329815
3775,0.29284989912017484,0.36346041151081443,0.51015600737384115,0.29006187703194386
3776,0.46932544222126016,0.26468645687656245,0.50199357552399615,0.28050876403041181
3777,0.52173469106807613,0.4729384257187485,0.52973827952256536,0.3027829956742476
3778,0.22547197259716922,0.93494651158371711,0.57722480489484995,0.35047823538245593
3779,0.47236803541659611,0.41864581600102829,0.52177944334588644,0.29681750372644528
3780,0.0079786035602795891,0.16599835949979025,0.474908939856518,0.26686416646069111
3781,0.913546926495724,0.072506935630075181,0.48378123858783606,0.26129688818439273
3782,0.72252498352219119,0.19021135438949568,0.49688257305889483,0.27334800524111841
3783,0.25535588901542361,0.78975410455832029,0.56129422449136646,0.33520222293490853
3784,0.47134016909486381,0.014817858112847899,0.46940804490869231,0.25448212196383413
3785,0.33047453828464496,0.26700006784586006,0.49893453021799383,0.28011950612436437
3786,0.58694513508892854,0.09037587758410956,0.48151774958967969,0.26262794402673029
3787,0.58407834738061071,0.47077572801822098,0.53074265440774704,0.3027530864878355
3788,0.96084390647556872,0.30207230088232317,0.51476239473444918,0.28545730896119559
3789,0.056451298612088432,0.081736342804890602,0.46637163001081738,0.25878888446263854
3790,0.30532046201442137,0.23455296231628164,0.49409231355331751,0.27657468394409451
3791,0.26613026587002681,0.61411087688567345,0.54050359140036852,0.31651129420373725
3792,0.0052822737218928524,0.5023621677948511,0.51626154104655841,0.30186213388367217
3793,0.94862600842759714,0.15984161020662868,0.49584225795392239,0.27044968218969534
3794,0.29670154347744537,0.3339102620625985,0.50652472249551861,0.28696670903989741
3795,0.32857673509001034,0.56229344872214138,0.53606549683723159,0.3114053127351975
3796,0.43176471473939021,0.9193229495447246,0.58186151320075696,0.3502273290110634
3797,0.99128062717340659,0.7316273787265295,0.56962674950589376,0.33141175229669584
3798,0.19913714224282886,0.93552101525705078,0.57629640764390466,0.35029042909353436
3799,0.14413200028598075,0.54518642849716126,0.52769318628498796,0.30810796707708177
3800,0.076793424599093857,0.84188788458263741,0.56019862007476184,0.33887986031706552
3801,0.61376477058980383,0.024964487629185898,0.47331360791186244,0.25591652348150451
3802,0.037676005332369825,0.8277689532244229,0.5566274027873942,0.3368159487817099
3803,0.58709513267091251,0.52936602949759692,0.53818614285259769,0.30902043326022693
3804,0.77902348533488119,0.015930148694722448,0.47454350470727585,0.25527829988229006
3805,0.93213347202386942,0.45930554810086038,0.53477700248443349,0.30216321908089788
3806,0.31958387159380364,0.68249393809830072,0.55050498812944781,0.32419264099076939
3807,0.88594867070839978,0.3799293087415514,0.5239654174547913,0.29365153274447753
3808,0.071978165594290489,0.13038921244192173,0.47312651136888728,0.26393556026927129
3809,0.47007144192740091,0.47052352075922538,0.52828651649710745,0.30233051524438126
3810,0.9776274115144159,0.33727618924445707,0.51955981346237412,0.28920562515511483
3811,0.99416273681832257,0.69363767875941706,0.56500023206859584,0.32733218029027406
3812,0.36183690243483291,0.75927486027142732,0.56100623737014443,0.3326791787478835
3813,0.18227758787689965,0.036533430513122585,0.46503908101116087,0.2552682003086803
3814,0.67645737886241408,0.94244363487396621,0.59000693130262938,0.35359569786036449
3815,0.89347305339704042,0.32252268320965816,0.51660676471244316,0.28756033274517606
3816,0.39593487694886281,0.758325843247457,0.56184716010438807,0.33277097966987818
3817,0.40564270593341206,0.010953462053660769,0.46753811465941847,0.25384953928859461
3818,0.85386387606147907,0.7578057254990912,0.57096403932116391,0.33408313983281174
3819,0.80886960437662203,0.92565098050112149,0.59031777642121186,0.35205560167848299
3820,0.27583327735090862,0.34862125011793105,0.50777442581351573,0.28838561535162882
3821,0.13194558493612568,0.69813646261015683,0.54569895425168979,0.32424404717615285
3822,0.79887620379276347,0.37875360629368809,0.52261098190339683,0.29341177864482948
3823,0.26366133139979792,0.12479337569385535,0.47881484353482451,0.26489382329388367
3824,0.02834467584170634,0.56857883054645497,0.5254251850266074,0.30918312133689524
3825,0.7070761911067297,0.29465066023789116,0.51031223302270068,0.28432966392477244
3826,0.14693697369225556,0.39351417495101926,0.50907099867502548,0.29209402688946523
3827,0.21157222155694619,0.23744173891631654,0.49166867635515255,0.27626154302165545
3828,0.25131963509804339,0.59733164675225281,0.53796440746348351,0.31460914175449117
3829,0.9657650511023006,0.55557601040840376,0.54743520002843771,0.31249399179553894
3830,0.14358197799291231,0.44427210893071029,0.51524889405160346,0.29741662449551171
3831,0.69625731926626766,0.18440378016986653,0.49571445512210766,0.27268966409285411
3832,0.90140278048379119,0.12518200359694892,0.49067520714826252,0.2667774129868794
3833,0.57969084715578933,0.19186858206327306,0.49472667557125449,0.27320651967550247
3834,0.97396244938703025,0.9425320809324621,0.59465797516313224,0.35406040242698306
3835,0.14153049435602735,0.91242104782600653,0.5712920518694472,0.34721052677249881
3836,0.27493957909253663,0.12745278171942337,0.47947426718925801,0.26523711331793931
3837,0.87593230436100855,0.12786209565427853,0.49072329664155956,0.26703117089510592
3838,0.0073480489923967978,0.71627555320021929,0.54198199214007037,0.32450402447252363
3839,0.84777673055595948,0.2538775071858545,0.50702854348640114,0.28024126253707937
3840,0.71626065147690243,0.23917043458988194,0.50321495475038447,0.27848772869232763
3841,0.2683224524460151,0.83025987105515087,0.56652661555766548,0.3396407300425679
3842,0.72374284802995392,0.16211569898816525,0.49319731994413857,0.27040325659151754
3843,0.99060162156735321,0.82143839735951041,0.58050445859308275,0.34106380815027448
3844,0.59419384779470286,0.012083383413462436,0.47128089695490727,0.25454323401075779
3845,0.34367867521072037,0.46309328896602386,0.52415284976736221,0.30092835410664281
3846,0.40213233627955197,0.5522762840755866,0.53684924455313443,0.31074570898217097
3847,0.16398340203383704,0.72847213558709489,0.55062741780573676,0.32782033893164397
3848,0.86475497012723934,0.35914008767198541,0.52099221557717568,0.29141562851285963
3849,0.59691861285892078,0.028980272881092971,0.47356719266695585,0.25629242678332509
3850,0.92090229294366444,0.62216232937559246,0.55520920488513881,0.31959201646925917
3851,0.85741155161446669,0.10807817163142609,0.4878584408770491,0.26494443122955075
3852,0.49707739919823363,0.24626224706318464,0.50020034860843399,0.27866902401584043
3853,0.78255847214931862,0.42050900717474293,0.52774348679633987,0.29783271718084015
3854,0.72902902740672004,0.39150084882866359,0.52319075692920292,0.29464988893575539
3855,0.25857189710900419,0.49721382751191273,0.52586348544216421,0.30400448501898547
3856,0.34598819446839629,0.89838702040716312,0.57699920852497244,0.34749182181560917
3857,0.22157064494868975,0.14710664801002712,0.48044428807138079,0.26693238139787673
3858,0.22344740055877482,0.42522292315013477,0.51574631357413658,0.29610399896372014
3859,0.072532171676948212,0.60431637265818428,0.53183223277998881,0.31356302813136766
3860,0.55135898084066581,0.78423852047036635,0.56874762367418608,0.33623400613367582
3861,0.26953423533999593,0.23879136883396423,0.49361828570497507,0.27680169843657615
3862,0.86207542762443201,0.91254942662172256,0.58958961863813508,0.35072436848829425
3863,0.80257071640639344,0.48720890048771398,0.53655953069476425,0.30498410688019606
3864,0.12881943289191694,0.2762165918022278,0.4936989124958408,0.27961446187658251
3865,0.49527369678601391,0.28547940087429019,0.50523489491573548,0.28279522000366508
3866,0.18546956133194034,0.17647928366925336,0.4830554118423897,0.26971493628008086
3867,0.87180956652917663,0.24097298004644691,0.50564564442790938,0.27890787223790914
3868,0.64692628970044896,0.071876984801574145,0.48007148137366817,0.26084427257910153
3869,0.70105849483018978,0.77598323801028313,0.57069993954465148,0.33576933808080378
3870,0.15524450529996539,0.40037102700750116,0.51023709162071662,0.29289511600079143
3871,0.49715878422606041,0.22778730572917266,0.49780533436866242,0.27672665314669276
3872,0.7242330850756844,0.41419497989426601,0.52602768004283706,0.29705708491406241
3873,0.39880757642717801,0.65980689009608473,0.54999953930764356,0.32222896522686495
3874,0.64111261932441266,0.54637888404965629,0.54135324071146118,0.31098931889875331
3875,0.45069565850096993,0.96582719861645017,0.58775511129595348,0.35530787957426679
3876,0.013176462584955152,0.84695823923723079,0.55756929677709421,0.3384696016717898
3877,0.34552742047434443,0.86218893628868976,0.57274412342697412,0.34360942177191522
3878,0.25342866437713385,0.25053757286757461,0.49463976606800031,0.2779263755823036
3879,0.051696325313032143,0.30060014749258995,0.4936329952437446,0.28133608807931537
3880,0.38102137570603517,0.78393195943798644,0.56450030914868643,0.33543381073356626
3881,0.80006529301864793,0.5086478574101464,0.53924239036514665,0.30727273998593108
3882,0.99855527157142066,0.14086580969189527,0.49386855426360293,0.26850014308845838
3883,0.65062939851350388,0.86649716029082202,0.58058870835671472,0.34537312743799303
3884,0.98154139901358872,0.9714889113301528,0.59813686979712777,0.35717460585902561
3885,0.156044074680598,0.26038846386099468,0.49269888341363061,0.27820980866796136
3886,0.36860003592985452,0.84143663471016339,0.57097675616443544,0.34152719021472677
3887,0.10781821408647811,0.53685854754323381,0.52519375529357581,0.30683578020551899
3888,0.87857111119927145,0.59444345456984593,0.55117491445407951,0.31657102604761522
3889,0.58416404971958846,0.98110438705942371,0.59265238833297951,0.35748202039578386
3890,0.1248910140468157,0.65862547161859697,0.54066633769546002,0.3199584502706776
3891,0.10604279102444417,0.95888944557333611,0.5750587387133842,0.35173430059032557
3892,0.6645388484118856,0.41743845396930118,0.52544384350910078,0.29727688199000279
3893,0.88005048528685004,0.020660786883637774,0.47643895587855251,0.25588750759475404
3894,0.5344057051699026,0.72675289344341731,0.56143998941585482,0.33000159338987567
3895,0.29878672728569944,0.35013648471796188,0.50864243259915698,0.28869177670300572
3896,0.89754560377072778,0.58979991034817647,0.55085320601482124,0.31609512308121535
3897,0.38397223519318507,0.99639482804142177,0.58945868688305136,0.35822643134007914
3898,0.86863651095811512,0.36945245887044587,0.52238035695742502,0.2925167538785296
3899,0.80551238727994501,0.70545024963350733,0.56385271822635374,0.3283869975566745
3900,0.14751738617530794,0.08654326133519645,0.47031415114170261,0.26012592306336785
3901,0.48561385574197635,0.24163970456604147,0.49936097791127387,0.27814260901049492
3902,0.19555971228530397,0.83770294545177604,0.56478199265219953,0.33980076358537925
3903,0.39363765419867125,0.022339635779114905,0.46876637930744458,0.25497147752482524
3904,0.60819974965333246,0.85377069924919635,0.57824182468556029,0.34388671897318751
3905,0.88632596398544272,0.4111568376382464,0.52800147459070257,0.29697759624685705
3906,0.082138289254705898,0.96960306310273014,0.57515905156313429,0.35255632404657539
3907,0.77180017983556026,0.046059592763695402,0.4784729916596171,0.25838518518443226
3908,0.28595356671997579,0.070668097999703611,0.47243537621459303,0.25943176988571809
3909,0.85017696662606912,0.5441651348369313,0.5444614142068811,0.31114642251790392
3910,0.22007186118258398,0.15776790984669933,0.48176445317608707,0.26802757533316157
3911,0.64474628252916744,0.99973921016504763,0.59604232467903562,0.3596622884495147
3912,0.089144615509465799,0.85840425114088004,0.56270038837055281,0.34080455832140671
3913,0.069798456795339012,0.61199744837571635,0.53263283221622515,0.31434254740692225
3914,0.36428413455762204,0.66208018134917368,0.54933068386378003,0.32228286651183663
3915,0.57972281383295776,0.39226678203478227,0.52066769385089551,0.29437849621166046
3916,0.20079931902178796,0.1326926435830188,0.47795307366894885,0.26529285265272817
3917,0.013784057981462684,0.62860963381953772,0.53190373194468876,0.31531752079330111
3918,0.32605543640240797,0.92005869573544485,0.57891319956120368,0.34968154866630669
3919,0.37009442594897707,0.17010753751349403,0.48746831099305982,0.27017539654667261
3920,0.54743889540386148,0.69068956545850957,0.55733742473876657,0.32617752861959776
3921,0.38135429153548323,0.13985064585484797,0.48381455289676845,0.26707459366739056
3922,0.25908245526611573,0.035875264232570772,0.46720243822769175,0.25570128490393174
3923,0.40977894252279073,0.53641570156324891,0.53507476479478533,0.30909013566401511
3924,0.12097211261451013,0.051518068742996553,0.46493561736161348,0.25631589796898213
3925,0.36501094437163556,0.67541891926004316,0.55097443819735448,0.32371491494149701
3926,0.95172998363267403,0.67496777021923338,0.56216323234366528,0.32529126150255933
3927,0.68346543385543623,0.71312639237366393,0.56275821212500798,0.32897607285788438
3928,0.81828385798739034,0.45509998159141979,0.53269819360843484,0.30157738745533413
3929,0.61694974235765399,0.92987830742002708,0.58738074193480505,0.35208639644447381
3930,0.07511101857462199,0.88200092284489662,0.56477084358990481,0.34312906923710784
3931,0.71508136370476572,0.40756492425227775,0.52502950222700628,0.29633308533709218
3932,0.17443725450992351,0.94266484636157988,0.57614300711777189,0.35080207256815166
3933,0.37249180979352675,0.40985753058480334,0.51823104992400149,0.29543068491137986
3934,0.33394349478691587,0.85298894132409486,0.5713116560594762,0.34254830904082029
3935,0.82852650878621503,0.7515149987566635,0.56982368992499666,0.333371736380776
3936,0.41237638163316298,0.78676104413265135,0.56569598292709311,0.33590760228923594
3937,0.6897816742024967,0.47596986531174046,0.53333587247930281,0.30357604286993867
3938,0.54025872788626006,0.59909914449526702,0.54591723067548281,0.31633316588328131
3939,0.30950255871516419,0.12114267434288049,0.47959414753256902,0.26477817865189801
3940,0.37445545757507209,0.51456575433177643,0.53142745807418634,0.30657859174545937
3941,0.25571243781087694,0.38435622862834717,0.51166637363363199,0.29202203149378519
3942,0.54725162770369795,0.24817098760207884,0.50145646711975267,0.27903177017145075
3943,0.83505445269601197,0.87891129488007869,0.58521205680500243,0.3470736003735439
3944,0.027094946010981225,0.0022489115377073176,0.45517324490901484,0.25040341366860691
3945,0.10387799119550037,0.95118079328342575,0.57407812293561777,0.35088474462022062
3946,0.954615530163201,0.082382997838209848,0.48556863257470639,0.26236025533512886
3947,0.463273225804267,0.10904404558941024,0.48161745060000721,0.2641980067296168
3948,0.96114986452615125,0.69809587684069996,0.56513478578655918,0.32778409050278767
3949,0.69484547657690721,0.6569425979666994,0.55606976377994721,0.32296933595200639
3950,0.079444723685982169,0.12991680333918196,0.47335836966690054,0.26396326339894749
3951,0.40549980295816207,0.033540519954205962,0.47049513998703979,0.25617124638323774
3952,0.47340158357910117,0.075151494010689199,0.4773825243339922,0.26071689696393474
3953,0.96853309698324885,0.017872968005586881,0.47705457218366787,0.25567654053951244
3954,0.55322850454655714,0.54658985395677151,0.53965566099896611,0.31075658697184289
3955,0.80369307014195956,0.21305988245384072,0.50106424340169131,0.27587946203918956
3956,0.38573263838529825,0.17533472663977884,0.48852304861772683,0.27079285009494292
3957,0.73497326250880723,0.66886424032835068,0.55822672583616173,0.32433315205826185
3958,0.034255581607285424,0.91714605048649245,0.56676902965241804,0.34626758856058587
3959,0.40147954565848926,0.97310972413067942,0.58727622471212881,0.35583240942116695
3960,0.47532492855923486,0.57769459098334186,0.5418084926382728,0.31379625508562775
3961,0.8035206470449805,0.71908232022958118,0.56548984078278908,0.32984848443175768
3962,0.30210258741775764,0.10275491777373245,0.47701935362052966,0.26283380521967253
3963,0.013542543497832958,0.31907482310436897,0.49419960597606238,0.28277846209505197
3964,0.087892652669886592,0.74380961100010901,0.54920488955048907,0.32858241791252568
3965,0.78159543522348407,0.31447791674580661,0.51402874875000959,0.28655985243822379
3966,0.81881068827667047,0.75907839500406993,0.57059454088867256,0.33417022102743738
3967,0.69192269656799044,0.49022725581793347,0.53518001996854747,0.30510373009040648
3968,0.81484803695984886,0.2108324719533208,0.50092358792576985,0.27566048301152829
3969,0.18331438078408829,0.18874795186837437,0.48454779368208423,0.27097233678511373
3970,0.97831881230830919,0.12282766908708728,0.49124044662279248,0.26659826345945581
3971,0.78894151512639366,0.099603863688569994,0.48584036200110925,0.26397397057964217
3972,0.91999496188886698,0.20856074968696339,0.50196821367298061,0.27554260664825603
3973,0.6539123069304158,0.58893622746228935,0.54690716376668336,0.31557924185789354
3974,0.71226796839263995,0.77756862776352798,0.57108891660459293,0.33596421085078637
3975,0.23747064278417968,0.73846108540307032,0.5545638197220073,0.329569030274519
3976,0.84315791268585027,0.16342723521968583,0.49503370988808137,0.27071704098815069
3977,0.24481661153937459,0.009861733588192147,0.46344221483006648,0.25295376621048238
3978,0.032502624524326527,0.94523010802950014,0.5698865368530821,0.3492259876336743
3979,0.32461175081335242,0.92064945860704184,0.57893679782351448,0.3497349375581848
3980,0.31690972603262635,0.94014516455145791,0.58095502475586702,0.35176936872685394
3981,0.58633417224610462,0.91399446377562132,0.58488925353760124,0.35028663727963361
3982,0.34387024961687862,0.37822370380024661,0.51346454280058695,0.29192480860053255
3983,0.93581297783566408,0.73152873901919235,0.56890379448170003,0.33135299270983576
3984,0.79963653981193206,0.14984438124248992,0.49265640854847942,0.26923706571285072
3985,0.91579840531850942,0.6792048853807966,0.56221344598251077,0.32571104399578082
3986,0.47935504014418695,0.41990988037268401,0.52209741070929461,0.29697927125548906
3987,0.59263723959770287,0.17043686184507095,0.49215240493866336,0.27099447817309791
3988,0.44219367111100588,0.6116378352108528,0.54520725438369411,0.31728433709980103
3989,0.36363009273392383,0.30644727366318691,0.50485413660665279,0.28444619165187673
3990,0.384653768384771,0.88852462636312712,0.57697402316718849,0.3466700108648017
3991,0.66524619881714464,0.80623415052966452,0.5736852401921273,0.33893557825504017
3992,0.88828608074110238,0.25640879577609016,0.50788550974406199,0.28055580928848373
3993,0.66901862743488749,0.86537569016170457,0.58080484863825244,0.34529973187757396
3994,0.69501315591846369,0.44269878653978234,0.52919137444708542,0.30003639957664013
3995,0.7662220376666985,0.080546467540494632,0.48299400545336696,0.26195716739760205
3996,0.96770219800515334,0.93662146302304472,0.59388387361514405,0.35342067360282281
3997,0.47485918905335717,0.41122108298257226,0.52089312451977487,0.29603804931725347
3998,0.068569636481290219,0.90530547507646264,0.56714188558715883,0.34551936180922543
3999,0.36853652289909078,0.74646006858391922,0.55966002857261377,0.33134524764171275
4000,0.30353788023659728,0.34890584732579305,0.50862338075797697,0.28859099789297454
4001,0.36542610251983859,0.12323280718690949,0.48127437015006436,0.26527455007675266
4002,0.5924123483454693,0.30390706821436764,0.50954020636330277,0.28504372260560445
4003,0.34087352665086512,0.41713526001187279,0.51829897252448554,0.29603158108759126
4004,0.73906197714746236,0.3521715059450013,0.51827682450251022,0.29048734148614586
4005,0.94452253541738029,0.63101654552248077,0.55662059549884602,0.32056555891780958
4006,0.34638918096093696,0.96308324351540076,0.58451913992852356,0.35442572277773726
4007,0.9936807127166889,0.33831682626059045,0.5198813615849488,0.28932866666230755
4008,0.53055101293720075,0.049983682928967758,0.47517608690843821,0.25829022124031348
4009,0.70919126576093261,0.95058282783970938,0.59155604095087677,0.35454575683604972
4010,0.85222142409783563,0.31131169911500767,0.5146043752841275,0.28632333169710261
4011,0.53705509105381788,0.86400249493791492,0.57793290862940039,0.34474834568063328
4012,0.62440177939079011,0.049183682812529154,0.47669989273637359,0.25844363293764488
4013,0.47437148041309557,0.19503470097471728,0.49307229193243751,0.27321045957001994
4014,0.46020072864623507,0.88332903047563749,0.5783815950700929,0.34650379444401785
4015,0.27629617649813881,0.31694993421185064,0.50377458708261968,0.28505052627703698
4016,0.47025313059199836,0.65680747756654168,0.55143943236294857,0.32224617402393269
4017,0.52449370123796402,0.87281910873610757,0.57868893930843879,0.34564761117842552
4018,0.51443021727268357,0.47241720290101369,0.52951534523195198,0.30270150066009488
4019,0.29850087947392601,0.29268535758381481,0.50133324622481046,0.28263585433946387
4020,0.91199470199664356,0.83475443525676385,0.58106663881473097,0.34242362499061341
4021,0.20568050749647665,0.38789442277118796,0.51047601329374359,0.29201776378803085
4022,0.30285046135698213,0.95815192801806848,0.5825832085153243,0.35359598297197165
4023,0.86741570078508234,0.5833326718957047,0.54962829349521047,0.31536589024355133
4024,0.3594780423827586,0.73742095295061594,0.55831463628244471,0.33032329520103859
4025,0.34539084829433125,0.78384044126576047,0.5634628617003159,0.33521135955367176
4026,0.1050147731531295,0.2730150877609267,0.49238443871885901,0.27904650992806335
4027,0.89568408164606672,0.79876032224228843,0.57651680444452635,0.33853678167430923
4028,0.035756819766492115,0.20765867099842292,0.48134155712025634,0.27149779150056935
4029,0.01582400114926277,0.20778511308269809,0.48047756237898526,0.27126655518083798
4030,0.35038325030592971,0.94735869903705316,0.58282351065319393,0.35276723918786201
4031,0.1152493937124149,0.016962377959711013,0.46033196313218222,0.25274494871472031
4032,0.70294369644081456,0.220142621844064,0.5005139094570964,0.27645846490195009
4033,0.15807787910850021,0.62538987750847597,0.53800498470274205,0.31677400562718477
4034,0.45886467671444409,0.18804137350827224,0.49183186865715756,0.27242147797123178
4035,0.12739659309884302,0.71023984634120718,0.54695323154431652,0.32548247504996525
4036,0.77321750043329085,0.83747895787594606,0.57930996332993656,0.34252223890256062
4037,0.74679894636397948,0.36118168051865651,0.51956128947022451,0.29145828435450072
4038,0.30278573634339268,0.67710631450816294,0.5493360930277742,0.32350369379002547
4039,0.57407244991430784,0.56094903412765129,0.54187774598640981,0.31235953720678478
4040,0.11703077844636282,0.39652356534743449,0.50828544921598917,0.29211347428920964
4041,0.034468187397636942,0.51953187847674132,0.51978428200411741,0.3040893765127225
4042,0.72443062612622744,0.35823419582262872,0.51883044617551544,0.29110424844464733
4043,0.99623669164172612,0.44329755655365299,0.53350493968037049,0.30050934792481482
4044,0.36260078437851045,0.17093919257089729,0.48739204385984886,0.27022663884213804
4045,0.82679419637391116,0.37754720938313985,0.52285435212260545,0.293323812400622
4046,0.55351360398648541,0.92518470758247429,0.58548947333740287,0.3513766547105891
4047,0.079045417990826539,0.38361968799285823,0.50512127429595355,0.29034247649770328
4048,0.41527484246533131,0.28381330211848255,0.50323012437105419,0.28230445968826695
4049,0.43411153623705034,0.53128009049104297,0.53504564359260809,0.30865679794169676
4050,0.017798732042114716,0.29798310438975456,0.49178629309592636,0.28063939646898106
4051,0.77534763022203701,0.017368222378205976,0.47468706562144952,0.25542172264654095
4052,0.81044950335532195,0.71334983947552977,0.56489565561876764,0.32924339994492718
4053,0.69040068503861551,0.78900569968073397,0.57207819691779949,0.33714460836740073
4054,0.12826181300355821,0.88176070042491195,0.56717269559463324,0.34378389199107107
4055,0.94713359752252002,0.97985939997561511,0.59865770224056691,0.35804412793943596
4056,0.90960371310297639,0.71980122946406477,0.56711781783467885,0.33006586598170334
4057,0.45271125199018286,0.54974795053791026,0.53779920888124988,0.31071234082506255
4058,0.89536887738934023,0.86751166991937212,0.58474216953936475,0.34592580356116176
4059,0.67688414434747546,0.10761116208940512,0.48527690547446434,0.26462124352975214
4060,0.078191420131234923,0.3664903256185702,0.50296086535773554,0.28853529178552312
4061,0.27660024656726745,0.3163810861013015,0.50371139759240502,0.28499260075766736
4062,0.10062313249568688,0.11718419623690425,0.47255066120452255,0.26286141285384201
4063,0.17677952281438047,0.25402847648999888,0.49261893979697374,0.27772168659885776
4064,0.22071284426696366,0.27636158125399379,0.49690730815892581,0.28040176500096498
4065,0.15355645695348505,0.16482741126714973,0.48049691234324515,0.26824947380652464
4066,0.3182169742481667,0.00567428872283781,0.46482246936301042,0.2529245380268843
4067,0.60339163882649738,0.92205185601877748,0.58618844327146025,0.35120536983357559
4068,0.47927576211254347,0.67768574052903574,0.55420718844321415,0.32452237967446401
4069,0.28749866955232578,0.2251910574721056,0.49239434538057297,0.27548984076892463
4070,0.88371570032961899,0.56494312366746602,0.54754523561625479,0.31341443715863848
4071,0.05052877227176214,0.70493524371070093,0.5428342805777806,0.32394787933614955
4072,0.26496754739353201,0.48029340774266749,0.52396467627847321,0.3022528956143713
4073,0.65417968462790599,0.54072238512419868,0.54088282350790673,0.31041662683864402
4074,0.94642780761156464,0.59885583850926483,0.55263039730401475,0.3171165737415016
4075,0.63468951480778635,0.0094191543693770662,0.47158544386199064,0.25435846228272241
4076,0.65908190278414402,0.015265436432918068,0.47274348212234624,0.25501070743055565
4077,0.099245464762521454,0.42290663357371233,0.51083235031664487,0.29470118357029462
4078,0.85004824975213278,0.23766678974417738,0.50492790899334139,0.27853328523922438
4079,0.11382320620570099,0.63359643754822903,0.53718502312921768,0.31717100888894928
4080,0.10721939945080085,0.098802747108612671,0.47046110159026444,0.26103495722542791
4081,0.14907462750723352,0.73782706215303628,0.55114084720362289,0.3286619406104771
4082,0.6997594458505163,0.74507136836069399,0.56693649202960539,0.33244488849307363
4083,0.95105165435312089,0.66748794714187965,0.56123004466599469,0.32448731859356045
4084,0.76228207668700498,0.83118721121911665,0.57837873955112762,0.34182630241887468
4085,0.70420694070236067,0.93258934033153351,0.58936555998374829,0.35260269037737224
4086,0.70217533220289052,0.65097163666476265,0.55546141510283875,0.32234459930262993
4087,0.048393828589713674,0.68996566753761146,0.54095190236763002,0.32232819120224737
4088,0.13904851277595154,0.44068121334885951,0.51462879887928781,0.29699255697139942
4089,0.2934284827971016,0.5165423852431007,0.52935362380630513,0.30630385373436742
4090,0.81150462363016562,0.60480376905017763,0.55150154297500442,0.31759114457991144
4091,0.71389701774135461,0.26017145016713766,0.50592498290171073,0.28069865812046574
4092,0.23768583892484896,0.49653277361915682,0.52509605785566438,0.3037751932160937
4093,0.80130950422837632,0.052760637842013965,0.47976014576418113,0.25912059425687189
4094,0.13068955370214536,0.11276862215035363,0.47307658802227437,0.26267996996048054
4095,0.10178934910843382,0.21200759554175894,0.4845842522102749,0.27266706238452981
4096,0.48034992329570236,0.36263589607878827,0.5148242085871183,0.29090183177436835
4097,0.42365981588430007,0.0017348430595709944,0.46671372339223993,0.25297180181611728
4098,0.2289214618133032,0.099930733365716881,0.47460700718214349,0.26210309513730473
4099,0.12174881814654219,0.42042064070898344,0.51143855757489398,0.29467950815129729
4100,0.51749316016124802,0.84777104791280578,0.57556650255394393,0.34293115261956769
4101,0.75930794680678526,0.54039319731692081,0.54262378596566119,0.31060229430403369
4102,0.83936548976724734,0.96595003149287084,0.59549920254855404,0.35642804941879808
4103,0.32839889272503792,0.39602629452013643,0.51528937056445279,0.29372238818502272
4104,0.78955894561373874,0.33512109687073388,0.51682739428441249,0.28876150043030968
4105,0.4775039795977879,0.41039883763691182,0.52084814951784886,0.29596097631325113
4106,0.8180223605779815,0.16312410671015967,0.49466314468645939,0.27065331956197564
4107,0.87913912409372863,0.0058508779121679254,0.47443924252412895,0.25435640664054415
4108,0.11692052900419804,0.21318340249479514,0.48530724485590276,0.27293625515089909
4109,0.5929383440229925,0.041983209755492863,0.4752229276910605,0.25762641388373042
4110,0.78911619981777625,0.44495013640940889,0.53097189459223992,0.30044982579273793
4111,0.79866755392345379,0.84733658085857755,0.58089506312138939,0.3436248873048337
4112,0.083808313233673104,0.60053716942294266,0.53188548088116749,0.31330357068516068
4113,0.83675668982366336,0.15079411119112049,0.49327540598296665,0.26938530382623976
4114,0.71098996500853695,0.95848866567037772,0.5925088941844272,0.35539842946041594
4115,0.65761561614278474,0.30221267225601478,0.51047995885832342,0.28502608678162111
4116,0.83427801466413076,0.85727877955652076,0.58263118232935951,0.34474780129817362
4117,0.60057962941894072,0.71127444291884312,0.56095472508507149,0.32855806410621918
4118,0.37478965910359985,0.2562015791907325,0.4986954992566125,0.27921268799892723
4119,0.50056605194004955,0.59181964802356668,0.54414078688452894,0.31540857325462501
4120,0.85242184848521141,0.61354736735591431,0.55319234629427727,0.31858722969958997
4121,0.030832375860435423,0.043855258498887995,0.46056523678506261,0.25465624266277348
4122,0.084387309014669162,0.92211530152304333,0.56983581924252202,0.34752910648902396
4123,0.17984668573242379,0.22810062108262208,0.48943584075521668,0.27504081804854486
4124,0.6584400140931248,0.00036644883776316419,0.47075020204348644,0.25347379831981803
4125,0.60465765656967418,0.076755797710723717,0.48002257227512041,0.26125651586183807
4126,0.7743678848689306,0.96210660066135467,0.59402040394532529,0.35591237517322144
4127,0.86753781581396472,0.71079266529540763,0.5654276548137549,0.32904865440839642
4128,0.1372603474726784,0.54284330017304749,0.52713334152732494,0.30778864272609407
4129,0.012617533669539261,0.29363178722927119,0.49100597348838487,0.28011851415025874
4130,0.61493592873279701,0.057382264157792087,0.47763082937680529,0.25927143408604481
4131,0.60960140089659254,0.79767844173134084,0.57157984378799531,0.33786499996775077
4132,0.53275388731589779,0.30692404186705824,0.508775466861625,0.28518641486421226
4133,0.25897428965541769,0.37406643869696421,0.51047246202759444,0.29095775920973777
4134,0.10041600088396808,0.90815722849712477,0.5689789411377606,0.34625414279046574
4135,0.52325728345009259,0.51111389772734839,0.53457656079811766,0.30686259358021933
4136,0.84171058460838399,0.90010393241903508,0.58781884521782746,0.34936003399444049
4137,0.53365692066870407,0.38381283739459471,0.51866724507800344,0.29333751911438288
4138,0.19354365716675531,0.93872652456356453,0.57644853501280324,0.35057755336733992
4139,0.8635999839861761,0.93818676540554735,0.59262204197460788,0.35347984948809102
4140,0.13779953106903706,0.23174648795718095,0.48842324865310227,0.27506056286264985
4141,0.69899875039559567,0.96873485638682033,0.59348299875138066,0.35647134703958211
4142,0.84758170188044901,0.11606540514518275,0.48879865745155854,0.26576669304802475
4143,0.0029588693009573036,0.46338009112373696,0.51140482611217686,0.29772841429416663
4144,0.28266544275098715,0.14709329311813926,0.48222097477730635,0.26732029741329572
4145,0.58183553516139508,0.75672924471889857,0.56608415000968759,0.33338134988303375
4146,0.69088209399044287,0.77718099577602695,0.57066242642596621,0.33587504361028359
4147,0.041748677948035766,0.21566515012689633,0.48260170039771866,0.27239660404797494
4148,0.10030931119205197,0.65504944669884868,0.53918122027249304,0.31929326486133897
4149,0.28330407720733203,0.87305613588736164,0.57205580647779097,0.34433866232848509
4150,0.79644238744686591,0.80274406866397485,0.57552112988358983,0.3388284129974431
4151,0.93572605126254504,0.65908490494344152,0.55999116091456602,0.32357045343151392
4152,0.78703986401535808,0.66260367526299091,0.55829747017185405,0.32375527108090257
4153,0.49089049724958606,0.68836715780230007,0.55578374496656091,0.32571574553016935
4154,0.93968941636880632,0.10935148954506732,0.48900912137596569,0.26515932268922304
4155,0.38237589872617977,0.063357055410777685,0.47387511846140462,0.2591499881811325
4156,0.29247734561677791,0.1142780860851868,0.47825334750384979,0.26397338712106566
4157,0.40076914046575551,0.29195538754436423,0.50392775093978759,0.28309763485723866
4158,0.30624717754129088,0.59495401727071728,0.53942185222313987,0.31474833918690348
4159,0.30921685700613311,0.13789630952259757,0.4817530913098777,0.26651501365555114
4160,0.25914522265283157,0.62646030631695182,0.54178074454733482,0.31777671793384882
4161,0.70488541436673846,0.044392118675389794,0.47730819078398279,0.25810605399512859
4162,0.21801015500653304,0.60828508658948133,0.53815973702671849,0.31550726884472552
4163,0.039827074897906281,0.165082302636432,0.4761818277637479,0.26715370359636609
4164,0.72754707447428957,0.63881228689897107,0.55439233464791726,0.32109264522091602
4165,0.42129450464110124,0.0014389193649054506,0.46662494162059176,0.25293266477352
4166,0.021299433540657629,0.10508043584782863,0.46786474255847216,0.26078386705838308
4167,0.62249289052352552,0.89612005586930321,0.58353376751484931,0.34847754282647586
4168,0.85974649535409409,0.61708395655249482,0.55373759161395708,0.31897625264501905
4169,0.77631681737705371,0.84150139490325238,0.57984050251753261,0.34296001174813556
4170,0.039901439367199788,0.14354309117734665,0.47348089439484775,0.26493948713714255
4171,0.6061006130243769,0.30922062396752886,0.51047967563294072,0.28564238178886509
4172,0.064499953070085034,0.42158587585749341,0.50918254130500595,0.29415998030215007
4173,0.2962203365129768,0.97301345052666743,0.58407656224443072,0.3551372425389403
4174,0.76179515970089706,0.16149892440458061,0.49367209606394519,0.27040186584248921
4175,0.66776572080586349,0.77966591224871817,0.57053929984331275,0.33608700152920679
4176,0.11815216918507358,0.7601923723595333,0.55249154402911971,0.33069888248507945
4177,0.13282601053909165,0.19652879446713487,0.48378721611570624,0.27135501365501624
4178,0.78719271553753645,0.0046051895597134717,0.47313515553289326,0.25412045958357549
4179,0.26116431676406643,0.48612023660697745,0.52456850636793639,0.30284456083218464
4180,0.40756130790245954,0.20420691126993626,0.49277844686704553,0.27390804929484486
4181,0.072420071291143542,0.89147341156486659,0.56573509781002107,0.3441005473322245
4182,0.42724315236668337,0.37025255229194881,0.51457665807586617,0.29149229666444165
4183,0.24161951600158355,0.66154372186268451,0.54545194556891308,0.3213846132017889
4184,0.82348336691915758,0.89471583015524092,0.5869044987625015,0.34875485807348011
4185,0.1693115240797517,0.35286209814179453,0.50481308134838487,0.2880195215380153
4186,0.066063670416583772,0.5361683776293299,0.52328282781951097,0.30626400880659582
4187,0.097328601858543709,0.26874557721902387,0.49154616634650139,0.27852262235033276
4188,0.31808130486259467,0.28334539220404115,0.50068878386430893,0.28176837277814404
4189,0.9676507896533818,0.13139967551048615,0.49226739239587747,0.26748639276438463
4190,0.88140659025501233,0.64919338662024817,0.55803233522440887,0.32244951248058545
4191,0.61039547569683061,0.66146501718984219,0.55505542238378258,0.32324058119668403
4192,0.43335669363973428,0.22654180862266804,0.49626272718040776,0.27635758871645522
4193,0.44885395435019165,0.12456182857392123,0.48334262664108535,0.2657593136680888
4194,0.872046046841226,0.75075499673826851,0.57037028054920058,0.33334875793945778
4195,0.67537563099836695,0.34499858355295149,0.51631925554587055,0.28959945997748876
4196,0.8421174760920811,0.34777203876533314,0.5192111689706842,0.29017921367447119
4197,0.97773218583801069,0.47409735886350973,0.53723284793154424,0.30378441121883426
4198,0.56637779754576045,0.39525587966850728,0.52078906123232216,0.29465671798716375
4199,0.41637937705625083,0.82300821399415147,0.5701197894895238,0.33981659883270343
4200,0.1916683131930535,0.026332206374930684,0.4640179342369764,0.25429220579398121
4201,0.82541057831082731,0.64893080253353108,0.55719326167687555,0.32234711596553611
4202,0.77155471158066069,0.34421727269914698,0.51774194728121903,0.28969850196055702
4203,0.70050861001712039,0.24329836654121756,0.50350856149333445,0.27889294404028597
4204,0.2415078836012981,0.14000358910980867,0.48013165156877619,0.26633004111663977
4205,0.82073723654689967,0.35894362260304624,0.52036250276242568,0.29133725025995516
4206,0.90259295267044803,0.2292152974814293,0.50448406031437909,0.27770123925751017
4207,0.67804240546681693,0.09557304050723324,0.48370078321479398,0.26336989777589015
4208,0.1559724315769854,0.98693620931302428,0.5804501330284022,0.35532680311884829
4209,0.97657365526111095,0.52643109761782692,0.54388223119828361,0.30938152110800921
4210,0.75292487226532545,0.73552476846679349,0.56668595302272196,0.33152788444981457
4211,0.13156665790710831,0.91162531906544475,0.57077122579201001,0.34700936385415537
4212,0.96830421844738312,0.770932049974415,0.57412410510214928,0.33561738453654255
4213,0.85945015317274964,0.51474673038824703,0.54087302090332035,0.30800903256265189
4214,0.9696067397748237,0.26227453417886282,0.5096396932279601,0.28125274955852958
4215,0.9144142221368966,0.26475328748206378,0.50930792258583346,0.28146477117634322
4216,0.1270656765013817,0.25785400687480581,0.4913214657266029,0.2776813986510363
4217,0.35887690369525227,0.95175767446380344,0.58358609796688188,0.35329240528719302
4218,0.85234300848924327,0.01101984727253439,0.4748141215831953,0.25486192806431485
4219,0.52010276086699447,0.6961523979345221,0.55740190820090918,0.32666503442448841
4220,0.67498960014340703,0.21822113071557833,0.49981641540107113,0.27620053368256858
4221,0.32875670918073741,0.3886408818031778,0.51436639595935085,0.29294226525771994
4222,0.43746016358226769,0.89326532948025272,0.57896457698175463,0.34746081655970851
4223,0.15822906383479712,0.19267650556411828,0.48419814132442091,0.27117667827278369
4224,0.86541034160741848,0.41317383721555817,0.527981488903142,0.29716782281895282
4225,0.74499533183946043,0.53724288602672754,0.54199839281817241,0.31023897910471548
4226,0.67088295274783161,0.46041531424137067,0.53103408796309459,0.30187342116117544
4227,0.023723615761322436,0.35623671910689447,0.49926912161928133,0.28679143509870142
4228,0.42258031144024577,0.021902522992866578,0.46933850192432192,0.25503955560849773
4229,0.6549125818653847,0.47117867573989791,0.53211929718103512,0.30298484839102391
4230,0.090734995280380829,0.67663342102511093,0.54134226534898366,0.32147127298879574
4231,0.99702186231032253,0.18737775109045907,0.50004438559204345,0.27337876618740331
4232,0.51941893310657472,0.46068067020537562,0.5281402337680382,0.30146800534443147
4233,0.99525002517685068,0.36537122311933201,0.52342191046615938,0.29220511248070807
4234,0.23693516758073821,0.97334781853043251,0.5820625619669838,0.3546871942131985
4235,0.48857101443618306,0.81307055578023435,0.57076267036845829,0.33908831932470584
4236,0.5643198177451384,0.92280570138009499,0.58544861738312559,0.35115915927414199
4237,0.81123051774423804,0.87338189811165223,0.58418938536432186,0.34644387355069484
4238,0.65021941652001114,0.81012345359517501,0.57386732250378092,0.33931507266888145
4239,0.33062931782904781,0.48269132830387684,0.52623729837838285,0.30293647447385813
4240,0.8710673213918112,0.53716209249169333,0.54387009073629744,0.31042307164067701
4241,0.28961528595233105,0.032867191381065641,0.46763107733923065,0.2555644613768549
4242,0.22268666346607499,0.19989611933104462,0.48723412267134503,0.27242570051172837
4243,0.29765048835299679,0.80075143934671078,0.56400270231118599,0.33670208121806283
4244,0.077921283400396349,0.48248280504600849,0.51725748333621613,0.30073802666231536
4245,0.33463339210971027,0.35499069815181433,0.51026686249787923,0.2894157605281143
4246,0.79025215917333258,0.49863907277655095,0.53782619493613482,0.30618682493888705
4247,0.47895887961677514,0.23697356516561704,0.49861516899289454,0.27762815134022117
4248,0.21990201525256273,0.61822418608275487,0.53943712634482655,0.31658275666419172
4249,0.82830427238488336,0.42279871743746333,0.52870448656079128,0.29814533575853236
4250,0.93129820115159967,0.37335948540250541,0.52369334794172462,0.29300002490152649
4251,0.06044989461783553,0.14665271292295073,0.4747176325515764,0.26548649602856467
4252,0.91115999869537778,0.18165762448053574,0.49829952470531813,0.27270498513359553
4253,0.40667299129808088,0.60081560404117917,0.542971407826911,0.31595609408056125
4254,0.98958719803275308,0.40169493789364352,0.52806453505726636,0.29606749320277348
4255,0.45496482036182428,0.85627940783196832,0.57506246439413411,0.34357669744766189
4256,0.99999672623291846,0.95140140349277069,0.59602857568942347,0.35503218177286661
4257,0.48971432736899007,0.34037726770833837,0.51217895009797954,0.28857838002773628
4258,0.9708565262621851,0.19334227033591597,0.50054512295170095,0.27398602447844506
4259,0.1250946735208272,0.174600929813541,0.48072861891196911,0.26901214474658813
4260,0.8111207983421046,0.87833605953002125,0.58477489980948416,0.34697605748043886
4261,0.0016840892337611876,0.42565680752064805,0.50673642155901866,0.29375118428991331
4262,0.51240768421330729,0.06440915427495493,0.47673649963268122,0.25972930528285015
4263,0.15959523614215435,0.12565453543659533,0.47571273577575951,0.26425006435741871
4264,0.936853905339737,0.31572181457564003,0.51626048031225613,0.28688284623181831
4265,0.021870925251988228,0.59818579785370973,0.52866822591147666,0.31221968509214643
4266,0.10451821996168001,0.52585578681804479,0.52371062131078694,0.30563325503796818
4267,0.33007031756682553,0.20265607247859008,0.49065918754820315,0.27337434620461359
4268,0.53160445620686525,0.42980420011359965,0.5244849859892099,0.29822103589013854
4269,0.18132427774922691,0.50532595949390668,0.52421420622184212,0.30423643969864272
4270,0.80302507489070996,0.28700571145642317,0.51075508734483366,0.28368285600667043
4271,0.95270158658138238,0.025009974850656001,0.47784498346288728,0.25640274213380349
4272,0.72871842834617706,0.35481234465086597,0.51845621566735944,0.29074883694129078
4273,0.21351105916473317,0.22224599633411271,0.48979615033129564,0.27468949518565466
4274,0.88211291438265471,0.68867947081065506,0.56291861025682621,0.32669088480928848
4275,0.13570527881913588,0.31209105621663619,0.49846515176960987,0.28343239850783869
4276,0.66695240212088691,0.48330915500867416,0.53387060661033947,0.30430862529053959
4277,0.94122312669706298,0.43672192061716925,0.5319946994868997,0.29976095799485009
4278,0.082314902197977061,0.59701437820618741,0.53139304530626374,0.31291147776296346
4279,0.83956989540181826,0.74141411708240634,0.56876031443498354,0.33230194806786145
4280,0.069047218454291584,0.15135641661396951,0.47565531541915657,0.26606216683738454
4281,0.62254514375113656,0.98220618299167839,0.59357632005527372,0.3577189008524706
4282,0.3717364758435055,0.98336709289607827,0.5876087926017437,0.35675785567888824
4283,0.95050389718244555,0.53359781969940534,0.54446705471050627,0.31012618870975234
4284,0.81299987075723479,0.95557437463992978,0.59388240553416438,0.35527528015992399
4285,0.4844392326412606,0.17486541353774956,0.49065601635551548,0.27113462512410025
4286,0.40472564747919093,0.19348618856827962,0.49132375694563585,0.27277373363509949
4287,0.86268333919068108,0.69226033934572484,0.56308372199060219,0.32705144533074576
4288,0.015736845556634946,0.18433543832589641,0.47754642292281307,0.26884770080756792
4289,0.26548603868553183,0.51161876514706528,0.52787141110434566,0.30558610575012884
4290,0.14318251034097046,0.58276578216444463,0.53224029890068614,0.31208862803136117
4291,0.34331381714221787,0.07439566276128172,0.47438695543114806,0.26011276757893259
4292,0.082570245107088713,0.35152558277364593,0.5012860788190544,0.28701601185408399
4293,0.60015803468619711,0.73514517242928279,0.56384761491313395,0.33111998797186559
4294,0.090569328699784818,0.999637341668841,0.57897277594762442,0.35587043098387361
4295,0.65426017855213725,0.037282270081306343,0.47559647349692857,0.25727519479086619
4296,0.90339130934957657,0.11418017668711256,0.48923201372772579,0.26562999995710551
4297,0.78401637766343779,0.018325776539614889,0.47492992409807022,0.25553263428906037
4298,0.87021372544103082,0.93130759337196356,0.59191316873231548,0.35274947954817282
4299,0.38700043619653446,0.25493846452512081,0.49883499885286098,0.27913791396084087
4300,0.50598662836080188,0.84598391472148948,0.5750871480514187,0.34269359720677189
4301,0.72298826670727001,0.58724427684670089,0.54790595922664065,0.31555267014819832
4302,0.23568860473759706,0.80661198925272326,0.56260304906739766,0.33684206675697431
4303,0.31564578757759881,0.4168809896468767,0.51755691818976035,0.29585683844131749
4304,0.69585537197362868,0.092834531386627353,0.48361037827111869,0.26311860951483612
4305,0.27643975012587618,0.87551999701583993,0.57211483521448037,0.34454956927054259
4306,0.35971307268078673,0.32512376966289014,0.50713726437930762,0.28639634165577821
4307,0.52585478186322143,0.22595621526049217,0.49814883370746837,0.2766286125752338
4308,0.106498162619269,0.68136443550618131,0.54260578913284874,0.32216588224862364
4309,0.11357364407504211,0.69350164772340794,0.54436415871180932,0.32354100473484004
4310,0.6396523080660147,0.33365468406748261,0.51423944731157578,0.28831459314065827
4311,0.81105444131413251,0.38826392971969914,0.52401410142263094,0.29444183407337782
4312,0.073170369256671988,0.9583254169419525,0.57344003205337202,0.351229869666279
4313,0.060036524601478597,0.21056575717114612,0.48273486414888955,0.27207827994174788
4314,0.316441368140711,0.66383022091017341,0.54814481417925409,0.32217551269317912
4315,0.24720721698059933,0.88270844674316473,0.57194762000868393,0.34508163672261305
4316,0.19329661588812014,0.12070235152350506,0.47618061411607032,0.26399888392618848
4317,0.33662348054168978,0.21351424786482243,0.49222895735796096,0.27454443059516581
4318,0.63401287227101855,0.97633751806820512,0.59312727370021001,0.35712206523027712
4319,0.05983146456490504,0.19138737825922436,0.48031894627006999,0.27009245278784555
4320,0.17155775109779789,0.68090030096351406,0.54522918513250274,0.32282258638076705
4321,0.7501539235458593,0.22945168438708644,0.50245420954815079,0.27752327911849084
4322,0.61055555565588882,0.78206929852674956,0.56972445006235717,0.33619095938558674
4323,0.19371894918998006,0.43067741521057906,0.51540702240374481,0.29643842876725884
4324,0.93567955119976554,0.8183286764990888,0.57941868481497993,0.34068222777693141
4325,0.041915052142564677,0.76534582748046387,0.54954339030926869,0.33024293655274878
4326,0.062229156789800621,0.10568806101732189,0.46962389814388361,0.26129953311765997
4327,0.47860315748829163,0.17820848036705284,0.49097050853804031,0.27146398745087552
4328,0.75171400526181098,0.20184216902310728,0.49884820709006517,0.27462012376306622
4329,0.37403634112348083,0.85130827760604444,0.57229787546538147,0.34261779364419448
4330,0.37682400289791407,0.89983296563188786,0.57807407866503502,0.34783679724680761
4331,0.2510464498316054,0.46071216602030907,0.52108114996734312,0.300073528746856
4332,0.2046022411236656,0.79104405117590215,0.55962736450674533,0.33489961682548341
4333,0.84520431458688117,0.49879169357904468,0.53864889883972111,0.3062836103790762
4334,0.25688781472967243,0.98765128054354578,0.58441508557309529,0.35638943140041712
4335,0.7903683252243674,0.74483018816617552,0.56842257417300435,0.33259394105710816
4336,0.69476243434030338,0.81383968966723197,0.57513806745501117,0.33982333869457332
4337,0.52206353495189683,0.15204856886341003,0.488429846559923,0.26887271077037378
4338,0.12410650829743827,0.25031525815919742,0.49026075459290602,0.27686742223748217
4339,0.00052633876191684982,0.58741200904602886,0.5262820940865649,0.31075790767770284
4340,0.77549781591700162,0.72055314847572005,0.56522825694089474,0.32995999982761759
4341,0.35114397195634667,0.45231245659914571,0.52300664512525352,0.2998244734839603
4342,0.42561149281925759,0.035765543344535397,0.47122170560241977,0.25647795031236137
4343,0.19249276009282332,0.58189867000706719,0.53402212626504886,0.31247374608856315
4344,0.56578870521230862,0.68941260699547124,0.55757238683307986,0.32610243907840919
4345,0.021727419794688466,0.01823333707820857,0.45696753507717797,0.25195953823326456
4346,0.080904660787095781,0.067640175343432932,0.46553307026204094,0.25759598358928038
4347,0.34922021927569297,0.95546671082823309,0.58372573459912735,0.35362828677526004
4348,0.044779316667758397,0.5928831904951134,0.52915457863841653,0.311984255857778
4349,0.0084987580895773147,0.80188913420705366,0.55208393149712243,0.33360666208795597
4350,0.1997962915219483,0.074664379796001601,0.47047912104595507,0.25930240841147989
4351,0.58171686769322262,0.70239413741898027,0.55948836401538604,0.32754693309824762
4352,0.014049198866833468,0.78438802943729091,0.5503381892771404,0.3318383802633626
4353,0.79551261776165338,0.28018497906384293,0.50975744353548891,0.28295029422815804
4354,0.81506379419957531,0.36474269738869047,0.52103292043433458,0.29194561167714228
4355,0.53104520410621769,0.42535886813943508,0.5239084590699713,0.29774599256762685
4356,0.41030677542540944,0.2341071014976944,0.49670881413325513,0.27705482823188726
4357,0.97331489383069569,0.7804399545459193,0.57534054134878787,0.33664350768899381
4358,0.20852980200367749,0.97120568695679543,0.58075818985620475,0.35419497698172286
4359,0.17399322196113645,0.9957243294418906,0.58219633305227336,0.35646235776433743
4360,0.30749197124048366,0.36689932726543628,0.51101553302711855,0.29051596347907443
4361,0.84062843239869689,0.28327884335668058,0.51078664501661675,0.2833399412886573
4362,0.54469554410298593,0.084166061701963196,0.47994312121812294,0.26187117964133927
4363,0.38253919617388166,0.71349710347420769,0.55607972473980405,0.32789252316970052
4364,0.76084132068139732,0.13043135636983208,0.48954585379462867,0.26714941808271869
4365,0.94443407202499219,0.33084950103637534,0.51832706394809713,0.28849484644792273
4366,0.33504628964486766,0.84371608310359303,0.57025273125523435,0.34156182933293472
4367,0.38998728466640459,0.43378826450902275,0.52170664361064822,0.29806063750247191
4368,0.43046952127068072,0.51135204492415076,0.53246743590373813,0.30651332335478632
4369,0.28998852528786523,0.12203714766789928,0.47918871493582743,0.26476310549302506
4370,0.99916213322036207,0.77514823551533041,0.57502402252736329,0.33609493245521077
4371,0.87701803610556528,0.91232257125779292,0.58978137643868056,0.35071876385734729
4372,0.3579510870392551,0.29764823345498881,0.50358205318646465,0.28348976522321678
4373,0.58199856419056895,0.069931080820003988,0.47873204201679248,0.26049333619862558
4374,0.8960788092584,0.17442912822073559,0.49715810921509912,0.27193076570751762
4375,0.55889455222423423,0.075961597586551216,0.47911973580561967,0.26105882045059597
4376,0.56377800311945614,0.38025091070694617,0.51881846818350708,0.29305435459776968
4377,0.21564769432604081,0.99774405487765327,0.58406177098188583,0.35709847257528615
4378,0.44226716016664869,0.35396952332534132,0.51285395485324647,0.28983175841217035
4379,0.18706110142794205,0.028642051605589223,0.46417353988660492,0.25449577612522994
4380,0.55602188155875776,0.9489606302012108,0.58831581016024237,0.35393728266263297
4381,0.68715227503824283,0.39235498027467403,0.52261604502574144,0.29465676392269891
4382,0.60838855996293717,0.40083136423687687,0.52230805273190373,0.29536940850264637
4383,0.16354063896095614,0.80595918267985112,0.55979228092296618,0.33608669325276869
4384,0.57862855023044391,0.01971520133368904,0.4720295690136852,0.25529249410709826
4385,0.36678243273025146,0.0018913619236904195,0.46548443102134729,0.25276064007126098
4386,0.57012302865708486,0.58061873780767204,0.54424836229578843,0.31445283596465939
4387,0.62474467088029495,0.46675283561366382,0.5310089441030087,0.30243680445813642
4388,0.10718444320311538,0.54240911300625883,0.52584438424423396,0.30741670987472403
4389,0.17882208299230554,0.81289192287925405,0.56121682434793185,0.33698431984577959
4390,0.58346055742268221,0.5218186690923875,0.53716650961887502,0.30820267350362257
4391,0.47974419727529166,0.97684929110290253,0.58976240842562122,0.35662460702933774
4392,0.29504466573296817,0.076057032032974536,0.47337503288867266,0.26003745673778084
4393,0.82749093852256195,0.17954196590700888,0.49696206130901366,0.27238811076627056
4394,0.74819965076666561,0.61717194537011677,0.55205024720206108,0.31881081063107808
4395,0.74759772865156415,0.68043692962225755,0.55986015531601163,0.32560016768808742
4396,0.059284545438445642,0.28077341561546781,0.49148855519759599,0.27935949520724079
4397,0.41022415979766519,0.82075777373117165,0.56968756078530969,0.33954300064505394
4398,0.37203747419588035,0.66105627670063405,0.5494228188939061,0.32221742366744999
4399,0.76248334873510759,0.22329306717222788,0.50182646959470167,0.27689476998272466
4400,0.60681871204102644,0.74369043620532616,0.56501735376507722,0.3320575203274212
4401,0.90731707492253044,0.33778435690548503,0.51877130527744797,0.28919482557363824
4402,0.12365230087953387,0.22280854215262225,0.48677390924789837,0.27400003425447117
4403,0.9892605877176277,0.13947040479037678,0.49358179585200207,0.26834738274830516
4404,0.12653265086162138,0.52118587750726142,0.52405029405799675,0.30537996174494658
4405,0.90292815846771701,0.33476984194061954,0.51832318230320806,0.28887016528983811
4406,0.22064513928740054,0.98216342945842783,0.58247073082340661,0.35548086780585675
4407,0.88323942111836518,0.69704421404617611,0.56396292729818187,0.32759082333024814
4408,0.14200329972385664,0.8828355928651872,0.5678878908776589,0.34405832517725982
4409,0.37087162152951353,0.26241161484887127,0.49939541129191101,0.27984631625491962
4410,0.5709805171975052,0.60866986285258318,0.54774806131467035,0.31746033635555043
4411,0.16084889655880397,0.37315071067508548,0.50704665397603665,0.29007884782519894
4412,0.87672453477700474,0.22243553503822769,0.50326625751247511,0.27695891039674275
4413,0.55264524929873882,0.50315876448996133,0.53419658222566957,0.3061126785646256
4414,0.36177047531105344,0.16674956564371243,0.48682918238498668,0.26978572762687364
4415,0.14517282521234592,0.051136765428038779,0.46571259930978492,0.25647850342319051
4416,0.29206313364960956,0.069006155168160332,0.47238252276825393,0.25929423771731624
4417,0.94173943487153167,0.18039062432852807,0.49849311407994307,0.27260037566169604
4418,0.010919616561976727,0.10873552008121042,0.4678754003628513,0.26103362658440582
4419,0.56283499110728741,0.48546150532820032,0.53217498337683788,0.30425570070153496
4420,0.64100766475716375,0.10200743494626369,0.48396429190317114,0.26396366601319937
4421,0.21612813910417028,0.63344882251214008,0.54115426202244887,0.31817389996425449
4422,0.7218353686647373,0.19205729128272506,0.49711510331497333,0.27354063039441601
4423,0.31122052927146437,0.86332865540335191,0.57182092146466279,0.34350144316567971
4424,0.80457345021798976,0.20482993874960811,0.49999188809411932,0.27501472729608173
4425,0.65223126289051725,0.73526458126798977,0.56487787254624566,0.33127759908862076
4426,0.76257964230285735,0.56006820296373916,0.54514895918388784,0.3127152472582696
4427,0.73594619555479146,0.83707406603397105,0.57863853834936552,0.3424084261676229
4428,0.96917901766028958,0.88996642065179765,0.58840509063852875,0.34841082382627975
4429,0.9682956813146012,0.17923261210011551,0.498643328012081,0.27250106668065882
4430,0.88945248486696515,0.47856037795705492,0.53668228688451691,0.30417533179810224
4431,0.83402479950523711,0.91646713353955422,0.58962949608430004,0.35110697248291267
4432,0.52820411100081399,0.67096747879042529,0.55450666330192555,0.32399343961392923
4433,0.23300433483716335,0.4489339446837432,0.51902347069976373,0.29868900868327025
4434,0.37739537490372316,0.13160929141835076,0.48264967742246662,0.26619963047305018
4435,0.48676817123758376,0.48461577840090031,0.53044152306805892,0.30389913251375589
4436,0.096628854760120161,0.069378915678372149,0.46633780165077876,0.25792311991598932
4437,0.44374735022532991,0.0053823421714943838,0.46761056628555664,0.25341863106357254
4438,0.83344044332044431,0.19542934265144871,0.49914083048169539,0.27406481207179123
4439,0.56056204357604733,0.33674511625358139,0.51317046011640377,0.28842909579180492
4440,0.081998446021915888,0.064690646414004738,0.46520037031144057,0.2573054178579855
4441,0.89674138922727442,0.62156618976803735,0.55481061100541074,0.31950194219245559
4442,0.56770661815352508,0.96203189160759806,0.59008992449521702,0.35538064280853882
4443,0.52774577268952272,0.12674819713573671,0.48522369341870913,0.26625056371236755
4444,0.19644475699422184,0.86057256547055438,0.56749351960503447,0.34225372872258664
4445,0.62119934483714168,0.079672470887319657,0.48068519486371131,0.26159757053145449
4446,0.81234491190613478,0.53813718893373153,0.54315252235466549,0.31044755823853298
4447,0.15231136072537629,0.57445883608484871,0.53159005212586319,0.31129924116342567
4448,0.12405113579662284,0.43230348599898866,0.51300219146435722,0.29595639670140561
4449,0.54857634038744729,0.32369382747096248,0.51125372801492563,0.28701034565250905
4450,0.52918507737977194,0.47677514134944649,0.53038121293486484,0.30321811085871542
4451,0.24634735041126843,0.2994071374214371,0.50063980275236319,0.28300419514672831
4452,0.14847447337358027,0.517663586988661,0.52449045299025554,0.3052324705091774
4453,0.37604890412004899,0.061550330139033035,0.47349321250950199,0.25893616476881054
4454,0.98489057528268309,0.31830987650520404,0.51716745115215057,0.28719844366040276
4455,0.1167263902900857,0.22672045423953097,0.48700843844973735,0.27434097429571763
4456,0.80038439679477602,0.99505827295078197,0.59826553213784783,0.35949288302131216
4457,0.86257467857626036,0.90891415281937227,0.58916887505607307,0.35033450651858727
4458,0.34620355663691882,0.47224369326803134,0.52536912539659197,0.30191584196018473
4459,0.079232275827217383,0.73581323524810138,0.54785929283386203,0.32761949898063886
4460,0.580585498572595,0.76179740214737834,0.56666981835162178,0.3339216693209256
4461,0.30600673531537176,0.024739921538170895,0.466997721656423,0.25481691756194119
4462,0.65575557167254162,0.24295198843049584,0.50273434689257501,0.27876341543144206
4463,0.97345487581636991,0.82761965923550307,0.58102883717902754,0.34171460433265111
4464,0.49350469154940224,0.88785334223798706,0.57973238376332503,0.34713667943672605
4465,0.21046676053978738,0.91633844304970702,0.57451343134328148,0.34834940289915678
4466,0.47822607016739205,0.065748299389879694,0.47624473281033575,0.25975960839098128
4467,0.44142504934036408,0.36555959476946154,0.5143136009048449,0.29105602623082988
4468,0.7669793132965802,0.49044277308926687,0.53642975037381524,0.30527194909960703
4469,0.72820578962838056,0.38711640918507473,0.52261366690967992,0.29418182036430601
4470,0.56171530238451672,0.61255786255403655,0.5480374631977275,0.31784712558403977
4471,0.083142190163966748,0.18225755549013847,0.48010848003602652,0.26939736295954342
4472,0.87809618450255367,0.76483482830544236,0.57216662939618357,0.33486950656769082
4473,0.68871032588152448,0.41634030167480229,0.52571728408665486,0.29721352039865789
4474,0.90309157825027364,0.39474448697332992,0.52610341094295821,0.29524761420649204
4475,0.24943719232858858,0.36192621802616631,0.50864419312923548,0.28960912922685644
4476,0.96041782811227028,0.3379060597840115,0.51943898484530715,0.28925818333715569
4477,0.23940450367418817,0.22444536582782168,0.49088477517510049,0.27510280730075259
4478,0.97478172556519271,0.27653940749218459,0.51157543461612254,0.2827653833646222
4479,0.2391146114639123,0.69936890457979173,0.54993162817856267,0.32540450775124108
4480,0.41575850128602471,0.44594461846073391,0.52389027970789648,0.29947730287451541
4481,0.090681747931835713,0.041161831161670853,0.4625367901903969,0.25498844647243668
4482,0.82563316098974315,0.41927813684927534,0.52821440410436338,0.29776628270452349
4483,0.24749459269481014,0.93066727332574095,0.57752808096426256,0.35021508098676357
4484,0.75222037259183139,0.53031910763286283,0.54124184390613661,0.30951113557493842
4485,0.74773703865207497,0.2667415082093445,0.50730216415218221,0.28145320624069381
4486,0.43918407408316856,0.95017998674960114,0.58564437435462402,0.35357365612212105
4487,0.14484825570046669,0.78657739066575894,0.55674254183166427,0.33381685640666448
4488,0.45755416236900492,0.73034589030913777,0.56007745875947701,0.3300752943090578
4489,0.77827761000205065,0.24688971384087346,0.50515219200317618,0.27940702549266222
4490,0.20505450353951893,0.37534699766476409,0.5088814384976228,0.29068895015735879
4491,0.5542852245054557,0.047970849390851798,0.47534202257205327,0.25814766710084908
4492,0.47809798669157322,0.84078343751287321,0.57380371388320561,0.34201819977656117
4493,0.19228264659772396,0.17625764211992501,0.48324962367009267,0.26974419548065531
4494,0.67690926909517735,0.20406036605023548,0.49799056033349282,0.27471549173709348
4495,0.54447891284498617,0.53027170899232146,0.53743059334082766,0.30898269234497061
4496,0.23048670828739415,0.014628983125637752,0.46365511331585063,0.25335314496195038
4497,0.50046284734172519,0.79372634562429745,0.56873420540402608,0.33706085980384271
4498,0.88480216429998404,0.61967645872033905,0.55441152455030429,0.31928537106127769
4499,0.72747534784117018,0.67836846981843701,0.55926981301481471,0.32533870933413717
4500,0.049981477432523388,0.60690983037367696,0.5310923505541244,0.31354088604414132
4501,0.022362135636049787,0.41204691422212641,0.50607600034689848,0.2926156603067413
4502,0.2233290710757603,0.10625589648316382,0.47525358630574149,0.26271861978482897
4503,0.55563824331174838,0.54148324689230642,0.53906709695234245,0.310218313465422
4504,0.85517723917908739,0.29183280160484137,0.51210009020543001,0.2842635495795745
4505,0.16997760787525915,0.41045082931028448,0.51203634653244612,0.29409362172615144
4506,0.085796016432472977,0.45365984684216093,0.51405902168809414,0.29779010214145402
4507,0.65388081547602783,0.32704885680325096,0.51363327940233749,0.28764782616241791
4508,0.87145522831616695,0.88676091964818771,0.58668288708008109,0.34796572556523686
4509,0.11017057062062668,0.25126186869706729,0.48985063537947543,0.27683084502534955
4510,0.15897669959376801,0.033619404229207436,0.46392514427220466,0.25479697440743021
4511,0.037775296999386046,0.76898081927491591,0.54976206041330211,0.33056806561135649
4512,0.5962766198948376,0.56861807309769796,0.54327884161309103,0.31324741333868961
4513,0.20642926269151504,0.82565014014969351,0.56377839682798447,0.33861583181164723
4514,0.61478284888329215,0.59553192142577616,0.54699151693368764,0.3161830075752704
4515,0.52401024345495972,0.12874869246237214,0.48541446764331414,0.26644777429668276
4516,0.90159973258433168,0.029343225119623825,0.47785562771418727,0.25680692181338605
4517,0.67265899052576872,0.77320622767143654,0.56985102118407893,0.33540489076525182
4518,0.59441377598947154,0.35379031928264304,0.51601259618247131,0.29033372472810848
4519,0.94231749031693912,0.18707811483287953,0.49938708794300413,0.27330353718040395
4520,0.22696960731599247,0.05516653055628995,0.46878464284715021,0.25748290738617902
4521,0.46941898794217274,0.31295696151769953,0.50821513564903542,0.28560180322744821
4522,0.90541881708534211,0.25880974684533431,0.50841569241312423,0.28082757659134183
4523,0.27946498147611276,0.18192623545028036,0.48661466577106066,0.27092477893564565
4524,0.96605485423052462,0.54808717981384836,0.54649345383071979,0.31169189738591285
4525,0.26219307747321435,0.80832390694910428,0.56372811122057465,0.33724426474318936
4526,0.56958531907304422,0.75238424226812795,0.56530260269304622,0.33287508338211491
4527,0.18628314836052015,0.94187892334706858,0.57652615106942628,0.35084105402808718
4528,0.15389003164177995,0.38405423898528096,0.50815185701299437,0.29116300933135503
4529,0.16740897738510976,0.048524323945946531,0.4661067696725576,0.25638491575765882
4530,0.48398133227328077,0.23906799882262714,0.4989931834806543,0.2778663634734338
4531,0.92918553226544753,0.70991328464358816,0.56616964627523902,0.32902375745591539
4532,0.49258288181464888,0.64345016380889586,0.55032710913269822,0.32090717628139476
4533,0.60601171067043902,0.21835774460515242,0.49866348657726783,0.27605675721619954
4534,0.21412951547127451,0.75020930785966344,0.55513057000064747,0.3306225309536161
4535,0.20759615421496566,0.984086459075322,0.58219622889511469,0.35556211558284923
4536,0.47840695244754899,0.21160511437220267,0.49531165661528548,0.27496205930469991
4537,0.38875446603501917,0.33185141647484856,0.5087381113796855,0.28725175607936104
4538,0.54926637654426747,0.67056720109774037,0.55491620087321269,0.32402500913793542
4539,0.19781991431607168,0.637225133776397,0.5409498593011326,0.31841486895144522
4540,0.5037891490825801,0.55518097914065001,0.53966087272061625,0.31150083053690003
4541,0.80378558190542981,0.52625302048992595,0.54152504445055427,0.30916229379493992
4542,0.22128412346424303,0.67720651851334845,0.5466341103221608,0.3228873618593881
4543,0.173277046318457,0.84939099626721581,0.56527932799231984,0.34082674783783645
4544,0.15185990749296036,0.69392556033072772,0.54601273620307966,0.32401046555976298
4545,0.24605914639033147,0.54985904718596723,0.5319627958410168,0.30951051630311233
4546,0.90446929964482559,0.81632198410789714,0.57875234853451152,0.34043428402126902
4547,0.76505518835625841,0.43387723823053531,0.529190697320301,0.29922900890293863
4548,0.25197607865767785,0.7625106711822679,0.55793840662329774,0.33226025365736639
4549,0.0041513826787122534,0.18017511105629383,0.47650556094491597,0.2682729799812289
4550,0.97227612495728544,0.42231402670113605,0.53052059199218438,0.29825147841427097
4551,0.74795048426050925,0.12938947184173158,0.48922408986109772,0.26702017276394152
4552,0.22990219279936283,0.7668045502088382,0.55767651004791929,0.33253509633681555
4553,0.60693888235137561,0.84653549014081952,0.57735731302021687,0.34310571674383605
4554,0.87656908909220954,0.87219228362849688,0.58502992094624484,0.34640659696842296
4555,0.81725270101657377,0.19911199584471762,0.49941051214321697,0.27443079086669442
4556,0.12317129341772524,0.64632336421330694,0.53911399007982175,0.3186303029495805
4557,0.65620541867568394,0.090024079704808552,0.48262326929217619,0.26274891474308371
4558,0.7589363878053963,0.99605940050127684,0.59769881741218422,0.35952791401628531
4559,0.53852130604222181,0.25475101346970774,0.5021400985294916,0.27969821784962651
4560,0.088987339638301646,0.86819079194254023,0.56382892114509542,0.34184529388443052
4561,0.71874182673163012,0.31565240799718303,0.51322663159424609,0.28657581617586109
4562,0.12158382679776987,0.77587408536371083,0.55449312349235569,0.3324108890534338
4563,0.13848786390224704,0.75527180110925118,0.55277493529770261,0.33040693818452388
4564,0.44878566685967386,0.75306781311262161,0.56259931705968003,0.33247254552508054
4565,0.41182610197936886,0.017024549727432895,0.468468106597489,0.25449715014443286
4566,0.48655396797779255,0.43991487300660231,0.52479437014956098,0.29913537525844397
4567,0.44427015883988935,0.35983477123420454,0.51364943261393581,0.29046139024766321
4568,0.86118064297725216,0.38503538889264455,0.52429582867215918,0.29416560499185201
4569,0.49370719611645913,0.07110744669568958,0.47725592679538753,0.26036476430712496
4570,0.5966557391841314,0.92557562266296012,0.58646101620405611,0.351562815691629
4571,0.37550456061406295,0.92436568444607548,0.58089614788119515,0.35045874277477729
4572,0.67544971017033095,0.79742433899244058,0.57281759970712365,0.33801398125290355
4573,0.018133247749542353,0.66018034504359824,0.53589410593235187,0.31872661921795908
4574,0.33671332161774625,0.10971713849535446,0.47881266811089584,0.26373459050780867
4575,0.61935262100094701,0.10363734516965925,0.48382194138329093,0.26408499248092643
4576,0.5001217708160286,0.31664414810371821,0.50935334282378497,0.28610438271727384
4577,0.21340365990103455,0.67781839178391967,0.54642529834462417,0.32288417010703363
4578,0.22736291651536014,0.66855284267446258,0.54580441543891711,0.32201525205229481
4579,0.81799536966694297,0.46198559831007152,0.53357329241588525,0.30231219938273757
4580,0.16377229197080015,0.73307293562839049,0.5511674831827903,0.328309050761105
4581,0.18915135306284064,0.042115695499221333,0.46596940440231527,0.25588853212828588
4582,0.74234211858500498,0.0072750766069279056,0.47289048360010921,0.25433141697924216
4583,0.17767593869062839,0.49267395926056201,0.5225189821688756,0.30286161217594393
4584,0.72454144415123156,0.059963280153775125,0.47966662986981462,0.25975348496839346
4585,0.91937674289896387,0.88536861184499005,0.58719556205369483,0.34787061891154641
4586,0.98547694632279459,0.15233892864339288,0.49525637246082199,0.26969254869763926
4587,0.21203280289733087,0.72991420018126951,0.55263105034410887,0.32843524790559675
4588,0.61294537654885783,0.15883092953999295,0.4909843235714616,0.26983016997902787
4589,0.83056224711545512,0.47891086631942315,0.53591218133747631,0.30413821134459823
4590,0.82488173472135107,0.65910346150923294,0.55844368812048228,0.32343851296685439
4591,0.78340020393895682,0.94665291117589223,0.59236735178348943,0.3542690557408219
4592,0.019370403209410143,0.24103009885853391,0.48478118344180532,0.27474847100284844
4593,0.36101916409257107,0.8580520423964948,0.57271598604920093,0.34326277509279401
4594,0.7079904104806134,0.69088370118791942,0.56047185818081457,0.32664207314998922
4595,0.098107102827623027,0.99065376328973798,0.57830892436285908,0.35501502699118698
4596,0.26332475722980458,0.94152465999767887,0.57933810687392828,0.35150924821676161
4597,0.07666930636615725,0.60132187248152924,0.53165906325724466,0.31329787744631082
4598,0.60431657989119414,0.33153461140032159,0.51332983728019799,0.2880006388760874
4599,0.70561951566342029,0.036203513957106047,0.47622857062133223,0.25725980200929227
4600,0.36306092570881598,0.89498651606085478,0.57710876702643887,0.3472345432097545
4601,0.27221924048663348,0.11409828267047416,0.47767576372872178,0.26383799873422015
4602,0.88566926042697169,0.30529999732723229,0.51425877196555114,0.2857256941632052
4603,0.59948359471609591,0.77943849035267498,0.56918425892810154,0.33587531588525898
4604,0.86517818258224299,0.73242343395458309,0.56803867783715201,0.33136999569192621
4605,0.82428476514763904,0.29144848084187835,0.51163195872707956,0.28418290916247491
4606,0.92137205165891212,0.33946530377330492,0.51916657672160371,0.28938762423204983
4607,0.58620786990945928,0.070874609551217882,0.47892969308478922,0.26060167317354122
4608,0.98530049896124994,0.97977108699545501,0.5991483728599053,0.35806619698531361
4609,0.9541816610570415,0.044176694446231707,0.48043793916580763,0.25838963684141636
4610,0.38187620689767648,0.82464955298030984,0.56936857822600428,0.33980469494490362
4611,0.65992795996096687,0.90646284435765123,0.5854815118945963,0.34969040669771395
4612,0.947820505376754,0.31925503683484863,0.51685462207306798,0.28726762831240943
4613,0.28400480993330712,0.49237855847954054,0.52606287484186121,0.30366970999373361
4614,0.93708357291402067,0.61614695847585099,0.55467112550018649,0.31896270935926513
4615,0.49040123375285183,0.86659691507372771,0.57715467920427521,0.34484196909249282
4616,0.16110715350190877,0.6593437845071195,0.54222592132380421,0.32042046771176302
4617,0.1526917239533388,0.54527871348817136,0.52804037056734288,0.30820401625459648
4618,0.52471726322293988,0.5216641213243246,0.53593146166024508,0.30799475827817246
4619,0.61358350635509706,0.41352188666652656,0.52402682929911049,0.29673375126490636
4620,0.67015354980524866,0.0073092307633371096,0.471852893356354,0.2542115912407758
4621,0.71926072282582765,0.21610872152814409,0.50023739721005656,0.27606443737276415
4622,0.95965853441430959,0.7144604262980051,0.56712541157282648,0.32954100032606992
4623,0.72483700860246314,0.10239515105212341,0.48530972410141737,0.26416548099879006
4624,0.95616265743778794,0.66664898339716028,0.56119188729744163,0.32440185537146532
4625,0.84791235474891724,0.336378723457607,0.51781028886230029,0.28897687884872963
4626,0.88700143006135479,0.091495480732142462,0.48600817441067551,0.26324750548312792
4627,0.84186738544356787,0.48103014465625171,0.53634298141746295,0.30438020301743235
4628,0.69317894562728477,0.26177528235738867,0.50580598911665642,0.28082770748044861
4629,0.7096091478364891,0.25132708283617394,0.50470193887601189,0.27975718236764502
4630,0.81963138438131422,0.11708169088846772,0.48857365044667345,0.26583833514534516
4631,0.52683703425907302,0.4880956949059968,0.53175862004839225,0.30441777871078735
4632,0.27423183887546182,0.23829982941654745,0.49369231667246405,0.27677993537894974
4633,0.63852669896710434,0.60934293716162213,0.5491590025001285,0.31772732969506873
4634,0.89013513177620485,0.55058285134680329,0.54582445478226127,0.31188320827759974
4635,0.52336132167485772,0.51633334235193906,0.53523378023425494,0.30742045927767292
4636,0.70905415743194755,0.95911984153032537,0.59254759581899374,0.3554619167165341
4637,0.13221096402617405,0.94652106413504811,0.57481326027177759,0.35073984775056299
4638,0.2576194388229982,0.9470746487658821,0.57977982047247445,0.35205580892691979
4639,0.92782053303791912,0.10511118540373864,0.48830682681349147,0.26470633756478923
4640,0.36726305428348716,0.41452622787948934,0.51868306417051413,0.29589879623796334
4641,0.81360299834049077,0.58291940603120018,0.54879835114676767,0.31524756521180947
4642,0.36680866613065594,0.36036661630327582,0.51180968239074176,0.29015747031523059
4643,0.39187275772833968,0.58516648683325623,0.54065165363012546,0.31420715954084916
4644,0.59011151435551013,0.067324736632022542,0.47852778683076735,0.26024321389734556
4645,0.93992898601932695,0.3001264171697316,0.5142581584343735,0.28523260013367896
4646,0.49110793382494017,0.99479812489670005,0.59210955280755073,0.35859877051570438
4647,0.27873775859336603,0.37092484456422969,0.51068014858486088,0.29075956208695652
4648,0.42046922144532439,0.63332386356428039,0.54732583366620891,0.31950297035559222
4649,0.82776534110101641,0.091767752360098528,0.48530860637020617,0.26320888863851472
4650,0.62968775794651599,0.65492108947708039,0.55462503735357915,0.32259219193041355
4651,0.31863233499162597,0.79621714154252554,0.56412564210717875,0.33636298100018419
4652,0.86792911295857045,0.68396546248554957,0.56213812740986357,0.32616709270230254
4653,0.55913202079351765,0.94203913262161665,0.58757904666106375,0.35320548723154399
4654,0.57215296365561663,0.051320106886082802,0.47610064570556543,0.25854074415385792
4655,0.45640313129673016,0.81265143393977779,0.56992432226621936,0.33890134256663546
4656,0.41336952241052644,0.22690488652369242,0.49585010137703928,0.27631219486396397
4657,0.65925300212799343,0.78308758820757507,0.57079238799431753,0.33643336391182455
4658,0.76069042468707782,0.75499526727158806,0.56917925580169593,0.33363455780718365
4659,0.86126465813269615,0.12619491441078717,0.49031930647816085,0.26684066594744238
4660,0.76964037766315752,0.2489995363652357,0.5053038733233598,0.27961611098090361
4661,0.58479913936556549,0.72832204948175938,0.56270630056015847,0.33034018968399376
4662,0.069614054042671347,0.26126197848763549,0.48948470734624522,0.277445989553393
4663,0.75039978554471165,0.25430047898726771,0.50571479858580382,0.28014404621095257
4664,0.90982797186191899,0.39616159505682297,0.52637300044184998,0.29540567600169076
4665,0.49726530919879447,0.30291578218821669,0.50752543898426272,0.28464325595036544
4666,0.79413714564965343,0.20465454465245131,0.49982441135081579,0.27498140826476902
4667,0.055404516706673901,0.36414690049927451,0.50168536930527097,0.28802123689672682
4668,0.75672149779620812,0.8387275088609546,0.57918680624591434,0.34262637825066378
4669,0.93280420864814662,0.66865391037397792,0.56113673590890356,0.32459518331812975
4670,0.71170229179213051,0.56306257267816695,0.54469187994516421,0.31293844559449302
4671,0.41606339412721577,0.79911788347299451,0.56726913474297469,0.33725216482074249
4672,0.91328468795636442,0.16289575639375253,0.49583504735921857,0.27073780782519197
4673,0.05060362754893722,0.88380144128947291,0.56377392058046372,0.34297004815946724
4674,0.48053107431848768,0.90979621329576477,0.58199034897589075,0.34943567058625596
4675,0.16845868244679879,0.082039378465397758,0.47043288654314352,0.25982946461837469
4676,0.88037283479465411,0.749412628584879,0.57032547325499938,0.33321469485943556
4677,0.066843663749343252,0.026919325827190185,0.45984284331642922,0.25331189712176805
4678,0.57986175020131059,0.56652869334685385,0.54269101310452483,0.31297461846691627
4679,0.44254054918353214,0.32739555327970304,0.50946086267103075,0.28702094293943753
4680,0.72781676444407783,0.94100687804518968,0.59076885681711488,0.3535575125299053
4681,0.97445403420642251,0.60118021300047408,0.55327447511031558,0.31739063890605512
4682,0.82141464568983069,0.85496719705016588,0.58215935393467955,0.34448050738016472
4683,0.17462397762875773,0.15647489647689508,0.4801463187190535,0.26755604009774103
4684,0.33209814558121142,0.099102966463158387,0.4773191991985915,0.262612279448664
4685,0.45526097264561111,0.67352784230372642,0.55311969454706289,0.32397251049095549
4686,0.86236782230556719,0.46660726872362429,0.53478985026763548,0.30286572199025757
4687,0.033123558029031851,0.47713428634939486,0.51455694703328481,0.29960195785492777
4688,0.2688142883633613,0.63547284200190346,0.54319619692779852,0.31881167420549444
4689,0.86800306407039751,0.67752169919792793,0.56134528970105302,0.32547506365848483
4690,0.9565134021598497,0.81102374502421593,0.57881571394286757,0.33991638775610122
4691,0.97672786437644388,0.92469619641172474,0.59260080756571898,0.352147417099202
4692,0.57923726695313826,0.5199423810435343,0.53684668685121495,0.30798939096870609
4693,0.24059928304628703,0.40284649512368492,0.51350865146742131,0.29386751430090174
4694,0.91818379391502825,0.77832870823357958,0.57435911478486656,0.33636515959517777
4695,0.8259471688401071,0.10026932597114938,0.48641808605886866,0.2640924601281136
4696,0.52859855552854718,0.14282594208641677,0.4873482766752929,0.26792977614922336
4697,0.67761180910953556,0.38141110786068022,0.52104900126411802,0.29347215255339093
4698,0.2504468847465352,0.88258910719802375,0.57204779342838674,0.34509616242961172
4699,0.75141932413111212,0.86888549508635193,0.58268539246287343,0.34585727178262121
4700,0.16677042651429075,0.37364879521309635,0.50732474200037803,0.29018471331607637
4701,0.12196470669187839,0.26147419622080637,0.49158550425013708,0.27801025026720327
4702,0.55225980915041872,0.0116108606157708,0.47049786686619827,0.25439032809615197
4703,0.39904545855986656,0.92104999251355191,0.58117642201118036,0.35023877203359133
4704,0.69035652070982612,0.24588367584975204,0.50368486820407177,0.27914545519538286
4705,0.018619198771112136,0.98042237967596157,0.57314114112418957,0.35273975327920382
4706,0.81691815757356823,0.82640036843031417,0.57867934683312472,0.34140340590140433
4707,0.67969147963217702,0.16722689584890615,0.49319260182923308,0.2708560548452677
4708,0.72272990984903884,0.66184808273568052,0.55715608562376573,0.32355536084480596
4709,0.053315165112575051,0.5886783255361836,0.52905367699969852,0.31165482220443874
4710,0.88338490589592844,0.79062357045622789,0.575362145116735,0.33764782657694509
4711,0.5809351079827525,0.58047925305949755,0.54445083452865928,0.31447154970399904
4712,0.068605701534880797,0.20223543449071005,0.4820410077139195,0.27131021819626638
4713,0.52959579229945086,0.68729439301650275,0.55653317056375251,0.32574983549016795
4714,0.001587208493507933,0.21098004542827842,0.48022638096858133,0.2714129284898294
4715,0.32573532631528795,0.43768105461081724,0.52046019791410369,0.29812403637869267
4716,0.17315791953542503,0.39125526225856738,0.50975658807627267,0.29209693274422455
4717,0.73740011373403258,0.10531391890837113,0.48587955221489398,0.26449065672664834
4718,0.23974277303646088,0.13956886950525224,0.4800236293451865,0.26627344108458212
4719,0.43574323230438172,0.40475818952912229,0.5191663291421641,0.29518994923014336
4720,0.49937996400553969,0.21901957280685894,0.4967121352040359,0.27581324376172872
4721,0.5162292077599675,0.88902479935701706,0.58040667513255173,0.34735518216119365
4722,0.77418754802743206,0.93611796570067529,0.59098493558945753,0.35312171048762381
4723,0.19418208470823012,0.98731971990937606,0.58204528464554439,0.35577479931332112
4724,0.65679360839518486,0.37633430339818591,0.52003892891093706,0.29288556103692265
4725,0.66834932883185105,0.4942620930433157,0.53528170110607931,0.30548202311723094
4726,0.5069260845290614,0.63027540946035887,0.54903483865832836,0.31955160504269248
4727,0.32735027461111316,0.14310954728642247,0.48290104830317776,0.26715292836380622
4728,0.49635637407730104,0.45784397667484594,0.52727989394687025,0.30108189730633894
4729,0.9719215838386096,0.26994571091796971,0.5106756534987047,0.2820656421726781
4730,0.99001717709979287,0.27989177868842385,0.5121901521692579,0.28313199377425846
4731,0.40705211755187487,0.023771885130053853,0.46924917296427637,0.25517223168889919
4732,0.48077420933410758,0.091332478837773678,0.47965480936551624,0.26241907785763868
4733,0.03418907916567987,0.58833347064008712,0.52809346023453496,0.31135511551139228
4734,0.62024371822098046,0.23925245905857301,0.50164252388511088,0.27829093917220699
4735,0.81516834464502763,0.5718298774961964,0.54743205522049376,0.31406120270177168
4736,0.94501112326994774,0.65559278088832518,0.55967939461221661,0.32320436249849782
4737,0.13127812547414797,0.073962284269428358,0.46815418025896333,0.25870016465695717
4738,0.75528388808368474,0.8058937692290522,0.57523254213669228,0.33909482962483695
4739,0.6654448768122937,0.39670711186385016,0.52280472062347261,0.29507196622254817
4740,0.54664369828895432,0.51080537274099191,0.53503354149126192,0.30690973768594143
4741,0.054892737781780311,0.41370168003494617,0.50778350999314859,0.29321320239607485
4742,0.85108454233094821,0.49882103559485408,0.53873547109606212,0.30629452035754734
4743,0.4147512110497919,0.21924958949094872,0.49489248853944373,0.27551514162109891
4744,0.65522809202995846,0.80151657178465974,0.5729310384555355,0.33840326541144367
4745,0.27808813074448846,0.85519858341416122,0.56978873046589196,0.34238665611410946
4746,0.33241479781215316,0.1535964651532355,0.48438790122836567,0.26826982754272771
4747,0.080860113887058105,0.60790164941310654,0.53264233734336064,0.31404827020509601
4748,0.72089744609150797,0.75698245036698641,0.56875031944084731,0.33377025645612252
4749,0.03297938556725858,0.075789390082319733,0.46467356344035471,0.25792829756713337
4750,0.67406411528674659,0.91523297515580204,0.58677838720570175,0.35066791008018716
4751,0.82578414983417614,0.53513061454143607,0.54297083884734154,0.31014534737240163
4752,0.47708290961437161,0.59963431698865022,0.54456662619368423,0.31615124913847814
4753,0.93526863862298204,0.76774852849344033,0.5733065998037542,0.33524517397793724
4754,0.044855155841179661,0.076933333078713625,0.46530211174415298,0.2581752624640547
4755,0.76928365504929097,0.034279097291186923,0.47686602731484223,0.2571616039551477
4756,0.36431483902408512,0.31517590656174582,0.50598712504257426,0.28537023745101614
4757,0.10201879347624492,0.11890682972519426,0.47282084553615761,0.26305170243737647
4758,0.81527933830689869,0.83060491164430272,0.57915719709545987,0.34185281733794054
4759,0.56110356378004655,0.21666555362265791,0.4976208843073946,0.27575823433099816
4760,0.083632574739668064,0.52129083977193802,0.52225438940668056,0.30490700622646799
4761,0.19725395840049023,0.57539028895428634,0.53340037053509382,0.31182382825789479
4762,0.50262019868182251,0.51509417202362096,0.53462440305085923,0.30721244956367666
4763,0.90775958162430914,0.43525586829652313,0.53138119445628473,0.29957105149062563
4764,0.44607288823529379,0.49074855046496962,0.53026574833894469,0.30438558332002474
4765,0.77718582304754524,0.95739446229046443,0.59351825418452131,0.3554115011863464
4766,0.62348964832633502,0.82062248096793189,0.5746030338042073,0.34037019569466909
4767,0.92159357374034601,0.50832508448314617,0.54089336022080503,0.3073930312185838
4768,0.94708244802454722,0.10048506398057798,0.48790754790753627,0.26424046511102756
4769,0.27658549261317822,0.66954123137741117,0.5475870433750949,0.32250875955746827
4770,0.15000605395977618,0.29251195092968413,0.49653263030005262,0.28151467313414119
4771,0.69021914536430273,0.28192290992330532,0.50838466651018188,0.28295003198157886
4772,0.19741914100268623,0.41736723213464721,0.51387700497077926,0.29506252863215521
4773,0.63451524952229821,0.32825557912985098,0.51345134888741295,0.28772990230530654
4774,0.22481033536669565,0.3586120539961965,0.50743686164227186,0.28907888853498309
4775,0.4266842256456963,0.98071448062550048,0.58884117519947021,0.35678315596427634
4776,0.56522514476218499,0.2719912309992244,0.50489421587741212,0.28159576586190721
4777,0.98149188907524809,0.93462384861382897,0.59382812324688128,0.35321722801382149
4778,0.35045095909902596,0.38050416600649478,0.51393134707687194,0.29220232822016662
4779,0.63188492339520019,0.48947529908985604,0.53401835064658609,0.3048812912232009
4780,0.2623895756932092,0.47484369663140974,0.52320455444285752,0.30165570942267794
4781,0.70608228650324756,0.66126777639385548,0.55679899959698986,0.32345817169408825
4782,0.72939132447369637,0.91756689690455107,0.58805169781987898,0.35104352255007237
4783,0.82272255099936153,0.12725809100804616,0.48996704988366124,0.26690527457986812
4784,0.70462709898924225,0.42386708757031011,0.5269462428936752,0.29804875227437311
4785,0.3318044148919988,0.40796704504365339,0.51689136088252874,0.2950074818504036
4786,0.99737059244810378,0.31994920342908012,0.51752469364403397,0.28738184656362309
4787,0.36647008426048561,0.52759508747759976,0.53283365150724371,0.30792455830898485
4788,0.03724083509632619,0.38893849046583057,0.50392989536313937,0.29039080383532034
4789,0.78676549927458406,0.88014814681947473,0.58460258071599724,0.34713116519747883
4790,0.68021240502722802,0.060424357056233571,0.47907118901439039,0.25972245588078396
4791,0.89380685789658454,0.20639745254410663,0.50136281131521154,0.27528856615413216
4792,0.62175034834869436,0.9548745168033872,0.59039144061907922,0.35478369331957105
4793,0.32255374685997379,0.57303635166332834,0.53721433502137816,0.31251415965277646
4794,0.44019297832926974,0.81141903059483744,0.56936584933839318,0.33869247800079511
4795,0.80633109329972652,0.50144326679717055,0.53842256165309177,0.3065117691633133
4796,0.62640186342761162,0.76138945951372161,0.5675459675008,0.33401478519318045
4797,0.40516032088865761,0.93754357974500169,0.5832635600903695,0.35204080875635835
4798,0.73727896486235556,0.41514476710179588,0.52635776921262112,0.29718287131314247
4799,0.92087734484091643,0.14535838015897898,0.49359310056934103,0.26890711455362382
4800,0.65707135417613904,0.78969396259038482,0.57154610142605788,0.33713765679918417
4801,0.9461832631734084,0.1000988884515944,0.4878457897973093,0.26419943295953002
4802,0.34301790060176285,0.88366201415803525,0.57518794148124552,0.34589464709499851
4803,0.85879589590170657,0.97017185404830386,0.59628305144280724,0.35690754211977443
4804,0.67203716815974335,0.68641965830108387,0.55928519339234462,0.32608104918655856
4805,0.36413254994753519,0.72742869350427064,0.55724483894302324,0.32928020355329418
4806,0.10909436055877013,0.47926510327629512,0.5181901817440937,0.30075582412370361
4807,0.8470831328628935,0.87192487676349706,0.58456485114801215,0.34633967982405589
4808,0.54285386637173361,0.74719679134703487,0.56410050123346178,0.33222657195639466
4809,0.842958100899181,0.79483831186365572,0.57528284644599437,0.33804876757530794
4810,0.20601877595683329,0.91771855476883946,0.57450440247558399,0.34845455007809512
4811,0.3240015151222353,0.90358136667216904,0.57693141468489562,0.34790238393600209
4812,0.44734197169285039,0.55373419994240403,0.53816537379244855,0.31111471970990945
4813,0.11713582895147848,0.17700522308860675,0.48074119555421946,0.26918751770543864
4814,0.66003908854258486,0.088761571301461673,0.48251683376407073,0.26262548147225984
4815,0.56138455062323489,0.023649175523954909,0.47225178564713166,0.25565468675673164
4816,0.32030409786860692,0.83901000505863932,0.56924443570408745,0.34095901688552677
4817,0.79544175610843815,0.19939751730508873,0.49914953195198092,0.27443046421819506
4818,0.90051198820614964,0.3795765464751632,0.52410909088693147,0.29363010601100531
4819,0.26523734811792382,0.42853355114412267,0.51751065956180597,0.29676362506188164
4820,0.6939094862916857,0.21432097705685302,0.49960813370723939,0.27582840932573177
4821,0.67657772797740756,0.5124630116462825,0.53772550012380604,0.30744652310052445
4822,0.98464007438536505,0.11559951719805832,0.49034325170897181,0.26584766562895884
4823,0.6329880174757796,0.36074673138713698,0.51761430820907117,0.29117268775783361
4824,0.35536277247626569,0.81700736102174276,0.56770081467612177,0.33882811986124883
4825,0.96692536971214005,0.43699849602755858,0.5323459944663832,0.29981348750505965
4826,0.57135314230293732,0.85467101759534558,0.57758044445849632,0.34386687175919978
4827,0.44332316645021785,0.98940569756823826,0.59028223849846451,0.35779912762168864
4828,0.81868123890681899,0.21685669920056827,0.50176940717914009,0.27629983833778038
4829,0.61388750905211786,0.74409058076966317,0.56520685336780674,0.33212111664339611
4830,0.31088636097036071,0.93712593858422488,0.58041365178989179,0.35140326403028416
4831,0.066759310371580075,0.63295442698706172,0.53501290640632393,0.31652618122784687
4832,0.68652135280099469,0.87431587399529531,0.582188000276324,0.34630265495332485
4833,0.92897559741189473,0.35870126817025011,0.5217625146563668,0.29143890615926604
4834,0.67220777882324767,0.83317744661072513,0.57703656376515444,0.34184799588739773
4835,0.87116369419371487,0.5815801774077699,0.54946096040589421,0.31518265495322384
4836,0.69293137756161161,0.42932676944726844,0.52744919793898504,0.29860627035665149
4837,0.23162601818806725,0.41564530681838519,0.51481983365883233,0.29515380968807398
4838,0.041324118167755663,0.0085257089271792222,0.45653132854908829,0.25118905408865688
4839,0.15980972733563975,0.64379603418897613,0.54029906409957695,0.31875119740903607
4840,0.86599104240058222,0.10676358329638606,0.48778983909492907,0.2648169063959499
4841,0.16430805589283118,0.19632528074866859,0.48487112865561183,0.27160645404796069
4842,0.69692219124316479,0.50953346368166397,0.53770708459110572,0.30717819960746517
4843,0.11965966188033345,0.16474149378034053,0.47928079769723309,0.26794228878971377
4844,0.26876552531268683,0.9350128501983942,0.57877325608974761,0.35085672762676129
4845,0.96793328460961359,0.027475986556417774,0.47834088950538217,0.25666974931937436
4846,0.51791204834928506,0.78715023083625135,0.56835063282342724,0.33642384450178892
4847,0.33402613819040128,0.27743403278180634,0.50036537884091914,0.28123553565400872
4848,0.32769607150967933,0.71512569177945851,0.55469446350306872,0.32773801601917685
4849,0.86360830004775202,0.86425121640382574,0.5838979051932095,0.34553696665418887
4850,0.070437039844237742,0.56193475465782694,0.52661079315095061,0.30904571510070505
4851,0.56755435754290084,0.74967027830827282,0.56493169489969652,0.33257694168096574
4852,0.43107510722620646,0.77034533950114858,0.56422289329910869,0.33424128802850006
4853,0.60715225142446583,0.62775560838474198,0.55083679128000196,0.31961550579935638
4854,0.2490157959517208,0.79044293930655118,0.56115708783104135,0.33522425635163117
4855,0.28356892301690534,0.12227472582758638,0.47904440925841368,0.26475100003434693
4856,0.37355577587253647,0.36093705579297386,0.51205735822866572,0.29025231388429773
4857,0.27297498558765515,0.27214840394392376,0.49797723459122034,0.28031963634975127
4858,0.74249027138893731,0.29452188118350464,0.51084744413522909,0.28438149321804396
4859,0.87168392564052488,0.0024846057303831914,0.47389929882901199,0.25400138141033757
4860,0.49076420006646077,0.70974254915287016,0.55838147207170763,0.32800798471343806
4861,0.10311678876533406,0.10070813954951009,0.47055292166453622,0.26119254217229365
4862,0.9778830434366711,0.88766742610564697,0.58824509479258857,0.34817090567563708
4863,0.90040320340035263,0.83654626539674359,0.5811201675326525,0.34260356162425931
4864,0.26937539165051422,0.81886465054679436,0.5652174843613319,0.33842919143957351
4865,0.39409341693542665,0.73947590646567996,0.55953100701023684,0.33074012617360821
4866,0.85761593263357649,0.33935994252836099,0.51832869015176697,0.28930556161184606
4867,0.11945245289002779,0.94855682325022062,0.57448351052144764,0.35080206929970931
4868,0.088873242950241557,0.11593981805326185,0.47195211429346501,0.26262057010418621
4869,0.3003631041654502,0.071092550975119226,0.4728712311614679,0.25955425878030131
4870,0.18409415659195513,0.56161057113186685,0.53123190844973145,0.31023928558016645
4871,0.97987300176109415,0.13698400376021164,0.49314749160282345,0.2680801453774716
4872,0.5458287262327155,0.051087085797998588,0.47560133577693869,0.25844704673446367
4873,0.70571823282084656,0.14906835056740092,0.49120243211825959,0.26900482732283587
4874,0.0090282017241348524,0.48398370600981871,0.51421696679181883,0.29998334719660746
4875,0.13791610114845679,0.21865800038730959,0.48677252397476717,0.27369973938306663
4876,0.90675006717987128,0.97346695745125189,0.59736015322645986,0.35731821831692706
4877,0.14992017939562211,0.58642648154407506,0.53295355065977978,0.31254687237134909
4878,0.51171806900153172,0.02310765716697788,0.47127907617842024,0.25546144058792608
4879,0.4365048895201995,0.43309549080278958,0.52277378596077106,0.29820455028041987
4880,0.69160909151769012,0.81947601578781615,0.57575580865562059,0.34042180705087871
4881,0.87288383335889086,0.47888827485508523,0.53650059056059252,0.30419089556501278
4882,0.84874173966654343,0.36435230702242116,0.52145136396637881,0.29194974114032818
4883,0.094089343416539489,0.030075276523001959,0.46125218301425541,0.25389133846600775
4884,0.83224891318579908,0.87009203595515583,0.58412338341772563,0.34612187068278244
4885,0.76766803866467681,0.79663212996156663,0.57432349228536472,0.33812213995315304
4886,0.96467521988296645,0.62353077411776181,0.55594479098581084,0.31978037404356668
4887,0.64455061439349093,0.61957468952698402,0.55054045029231757,0.31883995232613682
4888,0.47112077367008898,0.93478269015309645,0.58467284496855376,0.3520743604809512
4889,0.63915239384382727,0.4658783619440976,0.53116276972086673,0.3023804182117833
4890,0.31973418654963609,0.2968800651892205,0.50246225924965404,0.28320174394412412
4891,0.5957046090215794,0.94120380111766289,0.58826540772879699,0.35323748973862301
4892,0.5844159072707058,0.89343143924657498,0.58243462593108064,0.34807246935478786
4893,0.59368876183842079,0.45421052875438478,0.52883022976226424,0.3010140262790546
4894,0.69727243431509711,0.26080548961408206,0.50574498273536772,0.28073348549496779
4895,0.50632418068108387,0.90756802436894513,0.58235040740262656,0.34930579451519128
4896,0.75619508777208388,0.16816095164046857,0.49447210664338609,0.27109126537159023
4897,0.34270304910055127,0.47428355758198304,0.52552695892653301,0.3021127904458073
4898,0.2404032207692624,0.75956679911451652,0.55718604545553541,0.331850249383985
4899,0.80107398234704741,0.92717133971039445,0.5903725776575981,0.35220646563081281
4900,0.59756725078733874,0.5204701104723034,0.53727457090944986,0.30809989733686532
4901,0.34792011081728857,0.79524076253044185,0.56489583081411954,0.33644895451527007
4902,0.85615883675954541,0.70755806494144491,0.56486751864344209,0.3286864366520591
4903,0.75560750566861834,0.55856093380429084,0.54484886078756989,0.31254131560860321
4904,0.068342186705081256,0.97966018121271625,0.57563098490140963,0.35343188268075998
4905,0.78730550440669755,0.22588979117010022,0.50252370967744764,0.27720672092374321
4906,0.52215811648654054,0.70169421162732182,0.55812294700236031,0.32726731011129379
4907,0.26290959191106961,0.38244593868915694,0.51164997267350687,0.29187033576545407
4908,0.51588936619417514,0.14124328799798389,0.48689461034660153,0.26772565006306948
4909,0.014990627945715098,0.44603446100124855,0.50988393387837294,0.29608012672432882
4910,0.11003553478583926,0.47949764479572188,0.51825769141273093,0.30079071164109611
4911,0.078990421762980989,0.50385694179279961,0.51992085099746865,0.30300819446646998
4912,0.58030228874488965,0.34648954982481667,0.51480613334074277,0.28951980373929243
4913,0.8061333143552416,0.78757070248125827,0.5738456845544847,0.33721306367690623
4914,0.55496128534855094,0.65707181917227575,0.55338256693402199,0.32259686104469293
4915,0.89426358790969251,0.87671649715496458,0.58581971557441659,0.34691368093296426
4916,0.15674323834510287,0.71457871553670849,0.54867999455269789,0.32626352206203157
4917,0.92275175242017726,0.20660203401228647,0.50174221201445657,0.27533906573719957
4918,0.51725211212515132,0.010001111025537831,0.46965174115430375,0.25412805749875617
4919,0.74561567820707575,0.216990949557547,0.50075059231891172,0.27620349627882418
4920,0.60639887969257544,0.99451013026187429,0.59466656772735171,0.35899047895173297
4921,0.43218932322611803,0.55411728991809073,0.53784101847270316,0.31108710378115551
4922,0.31585184007129868,0.38203382096147398,0.51316800184113132,0.29216700713303828
4923,0.067749775703146595,0.19943171395984247,0.48165384842535197,0.27101083327460063
4924,0.78805124335010768,0.20373444074132716,0.49961814693176632,0.27487574230946821
4925,0.58866995887145168,0.77820760927953525,0.56881441935259447,0.33570978201623042
4926,0.12834105607360835,0.88933321049328673,0.56805380601920341,0.34459274434422471
4927,0.57339776592144043,0.175969604371849,0.49253055715977545,0.27152317001893506
4928,0.65608634396028942,0.23071380406286335,0.50114061181743963,0.27747497584747544
4929,0.50514251444138347,0.55566039795450628,0.53975085922971944,0.31155721445032947
4930,0.58522412291107473,0.82780760188963043,0.57468140692230973,0.3410267537164795
4931,0.77739741631121151,0.042770978550973816,0.47810929890405524,0.2580524342414825
4932,0.30962435831389162,0.88832912695897981,0.57469808744106776,0.34616819381300074
4933,0.70304104326091477,0.3898520521260449,0.52255846902512382,0.29442357636372019
4934,0.41783034620453835,0.48490155028180454,0.52884121523056671,0.30363452844718541
4935,0.19861134671961189,0.62015471362971009,0.53890712526011497,0.31660268155447119
4936,0.01231915975419106,0.25277989215074342,0.48592131467349653,0.27587481144930986
4937,0.7398839167966158,0.77720930131151111,0.5715206210548448,0.33598237011236431
4938,0.49233241750659656,0.37204834369228923,0.51628959495668958,0.29194475826981647
4939,0.45446829043031906,0.75465625160821947,0.56293281821440588,0.33266921193728194
4940,0.62886790307032647,0.96661338685100195,0.59189774065403233,0.35606403826846333
4941,0.46606167037800189,0.30277355332864681,0.50683159810945499,0.28451317298179957
4942,0.98821657809553443,0.66492727329382906,0.56138162242445722,0.32424387776905883
4943,0.97681048488918465,0.77633056092121411,0.57488718355363011,0.33620468999412284
4944,0.13717114011273954,0.70207484507571216,0.54638736937068066,0.32472135356151965
4945,0.1197293664535624,0.81462507160237296,0.55897113631923834,0.33652101471311058
4946,0.089963098702894068,0.75361833853014981,0.55045946229589182,0.32965306374507275
4947,0.54765084795333685,0.15046701473054708,0.48871166688887469,0.26878370224011056
4948,0.6763348475267762,0.074514092172367957,0.4808823230769092,0.26117722489651662
4949,0.53733570516834739,0.88295137094879761,0.58017479130576477,0.34678395699586517
4950,0.89764891101921684,0.36758183347239393,0.52251857263715185,0.29235097087358747
4951,0.91539416661959838,0.55766285393984283,0.54705408034396108,0.31266953296687944
4952,0.082833820352901238,0.55863479895797785,0.52676622002062445,0.30884998169952144
4953,0.96218142577762489,0.96768838815029012,0.59744214885073466,0.35675113042970502
4954,0.8155486031699809,0.44276992656687508,0.53108190202530736,0.30025736765143768
4955,0.65879688657220692,0.77191669306565314,0.5694376256460878,0.3352319421702889
4956,0.30770720929206585,0.052568097744218542,0.47065734790856212,0.25768486969076682
4957,0.40697037150651455,0.4433401377605391,0.52334258325918526,0.29915884493171524
4958,0.54132598181705693,0.2962030560933403,0.50756298878147887,0.28408042195260491
4959,0.10264424165148521,0.48505349839924605,0.51863284062754456,0.30129605479666505
4960,0.79199269470089351,0.50099146255372329,0.53815079230174678,0.30644115558417134
4961,0.94021966575899862,0.61511992488742107,0.55458356700658307,0.31885552886049262
4962,0.11117348418472102,0.044973352946818347,0.46375813446730979,0.25556247417005262
4963,0.15212789082819364,0.32976643093555469,0.5012926576208141,0.28543868936832528
4964,0.62050505870914785,0.57395825363086772,0.54441516551276892,0.31388768214152901
4965,0.5010138466306846,0.13482953896542313,0.48576124225707623,0.26700951598256289
4966,0.91472705835836243,0.27887205029990292,0.511165309521042,0.2829581162628419
4967,0.11877713481764077,0.14448942971924555,0.47668082041048659,0.26584240869260761
4968,0.050474136578629258,0.79852365022163141,0.55386021830377907,0.33389529591041922
4969,0.78307882854215571,0.61811808212212049,0.55272428127943096,0.31897405504697118
4970,0.94570211078318545,0.9467409705697909,0.59477809385242209,0.35448805962438229
4971,0.35748614803756357,0.399886547102558,0.5165730571845939,0.29429399543808077
4972,0.71637426057407871,0.17238218305896735,0.4944406317085171,0.27146613340356135
4973,0.12614985167706619,0.38062759190766376,0.5066679085010235,0.29053396605499715
4974,0.50288228426376591,0.25982250459146455,0.50207746918398999,0.28011660781575032
4975,0.56980377653926839,0.69172541894557649,0.55793908334896725,0.32636376018906027
4976,0.66308531623185851,0.99330244800163203,0.59565574615624894,0.35902037863332092
4977,0.14555041482256495,0.77363593434331712,0.55524301709983048,0.33244372989347654
4978,0.81201705244706246,0.94566305024473696,0.59271022253855488,0.35420960463533063
4979,0.27749796484374678,0.31468839462465842,0.50352308806007684,0.2848201874111001
4980,0.39651298679268221,0.33103265095165701,0.50882657235464612,0.28720211049994399
4981,0.77653183718869701,0.22636312447154197,0.50243267702295025,0.27724025181640016
4982,0.071223063576954876,0.48052706113775495,0.51672247457743381,0.30045057440094602
4983,0.40386341365874978,0.92748141928502592,0.58205839424556016,0.35095494166462293
4984,0.96280649420145215,0.79456935883333213,0.5769140875726424,0.33815330513036984
4985,0.61238647768419474,0.82669037419775271,0.57510544781027129,0.34098998497002092
4986,0.51850239285969879,0.40692975828897909,0.52130022938674403,0.29574277056238985
4987,0.01426808347577462,0.63507748678518694,0.53270153329451375,0.31600944479612525
4988,0.75953592093115441,0.5977481239509187,0.54981506768536137,0.31674837497261771
4989,0.0088372716909856531,0.56393102764018121,0.52388708046929955,0.30840597030489753
4990,0.51682292463484925,0.21383358915668216,0.4963915245141397,0.27532635634751068
4991,0.24849624271740903,0.95156011063338952,0.57997480545087887,0.35245842772988351
4992,0.70432850995148766,0.25263096924539424,0.50478927446748523,0.27988461996739289
4993,0.3165293390022707,0.11722753266311485,0.47927097085457554,0.26440971739526825
4994,0.030027265065989926,0.13746116201278055,0.47230026621142379,0.26420140551170296
4995,0.19116191091436197,0.47046186908181992,0.5202600775845676,0.30062765526142821
4996,0.48504153544331208,0.92242880085887158,0.5835766890366334,0.35081085632083031
4997,0.39489471910934665,0.24178377145190025,0.49733247855624685,0.27779235699044824
4998,0.72326142135014526,0.083224414207309028,0.48274137638191328,0.26216734392718666
4999,0.5905461792430724,0.077481244177010383,0.47987750775280352,0.26129778137348364
5000,0.16192913588198135,0.10912842272127746,0.47368134641353959,0.26256506486810482
5001,0.925560729830328,0.085006159867637335,0.48559260526875031,0.26260861629481813
5002,0.34866395473041339,0.63435095321148405,0.54550232678540878,0.31922462890204051
5003,0.47950860217056474,0.8298948917818606,0.57254599544652707,0.34085556593081845
5004,0.091405996414565024,0.27688929654486716,0.49233114298906577,0.27930975565942312
5005,0.012859394233988132,0.28205050982179819,0.48958122743059923,0.27891831902855263
5006,0.04799185001157457,0.6870798358617467,0.5405890658157777,0.32201615472239475
5007,0.43760102715065008,0.76005075141066913,0.56315523276356338,0.33316869809882627
5008,0.3119102548710187,0.77684291449623422,0.56161029303287135,0.33424182170725036
5009,0.31202072703844169,0.13338941125056009,0.48124447386873404,0.26606222714892364
5010,0.73243970218218168,0.35589267869266916,0.51865436563436418,0.29087047828447088
5011,0.32234550588621064,0.22305510243732715,0.49307897122327882,0.27546643569387169
5012,0.035533549807325475,0.84121707047064564,0.55807998205219134,0.33821327081716834
5013,0.16315301378805888,0.94777334969214866,0.57626937706581538,0.35122644371752165
5014,0.14330289577621735,0.96126736574863325,0.5769817567599187,0.35244338482878423
5015,0.40177533589693487,0.84873600426391926,0.57277098320211195,0.34249881137105759
5016,0.57494274679395607,0.35817467018562604,0.51620534041982424,0.29074380787886511
5017,0.97576533003748633,0.91268776402069496,0.59117476625053045,0.35085694930832279
5018,0.27827363005782246,0.99014105686031995,0.58544014859640991,0.35683086613273396
5019,0.85040437051522322,0.42991022900285897,0.5299270536316274,0.29893335144791833
5020,0.52265097126554472,0.79194435572592781,0.56903305298613038,0.33695673187830594
5021,0.8066678916565958,0.46975307163918623,0.53439848784088273,0.30312506694044083
5022,0.82957524824602302,0.96189106996530904,0.59487659962010297,0.35597832170853405
5023,0.5075651496333653,0.9434465306856088,0.58656637091568686,0.35316087142502328
5024,0.56594700170456202,0.203492071124597,0.49599256538749398,0.27438844599118029
5025,0.91626185726871479,0.6498036026314018,0.5585835772971528,0.32255418312734713
5026,0.20458367222166854,0.95801960911605277,0.57909474286713414,0.35274781670540983
5027,0.64332269676128639,0.80138145423046081,0.57268757665681691,0.33835754542136937
5028,0.59545338011150017,0.14930930126892636,0.48942835793292228,0.26879140450649192
5029,0.068207975098455789,0.94621769387164389,0.57181515667962457,0.3498701264940785
5030,0.13002230092027459,0.5961142336980324,0.53332933001776661,0.3133676711733257
5031,0.40968006651509786,0.61311212463517439,0.54456383971222866,0.31728652905995425
5032,0.15549291515386429,0.70703865818415079,0.547728560229918,0.32544644639260373
5033,0.25819574996036243,0.97422437900089431,0.58292277348849009,0.35496461636517679
5034,0.60651671922215034,0.99192794165929077,0.59437124895915594,0.35871387696564522
5035,0.260177894187544,0.89104963104930945,0.5733736107815659,0.34608214748737093
5036,0.1712974909287994,0.66030753980794687,0.54273990279851025,0.32062479025073826
5037,0.30902157923897028,0.41274891532637414,0.5168458226449606,0.2953783533822843
5038,0.71477548136928815,0.89194218229748079,0.58477963029117674,0.348260102210593
5039,0.5802170663066093,0.69164548312240515,0.55814559093662142,0.32638851699411231
5040,0.53089423373563915,0.94047432422995336,0.58676355303646766,0.35293414457817407
5041,0.60377920567860133,0.92150353193754575,0.58613226837825583,0.35114768637428068
5042,0.89519741183171286,0.68894359293248275,0.56313292065221832,0.3267345455690695
5043,0.21481153544021073,0.30001110559472582,0.49971305875967231,0.28283820385898512
5044,0.48345244193918774,0.53655859359010361,0.53687722703802232,0.30943118172799211
5045,0.22303182063229615,0.44107519863607597,0.51771101745835657,0.29777883931310045
5046,0.55009753309880616,0.28507677373987395,0.50629718806938584,0.28293218250427865
5047,0.032153826929058417,0.52524985928175738,0.52036711412673564,0.30466073529815801
5048,0.70629427825327729,0.48210030430034972,0.53439284790780683,0.30426582266078628
5049,0.44594446689881151,0.058186895278340672,0.47459181029393904,0.25886609485478468
5050,0.42216612027928935,0.90782899196014044,0.58026466767432927,0.34894535507083302
5051,0.90188934719095704,0.32383148797886679,0.51688469066563336,0.28770822541677876
5052,0.22580750462532742,0.66447873468400209,0.54525712770280477,0.32156719979984694
5053,0.46225347014999718,0.17302267964779167,0.48994994502435191,0.27086297706963758
5054,0.55642246173083554,0.14676102059761761,0.48838920742242342,0.26842148263235249
5055,0.26463804197564023,0.91091542383286872,0.57583881905013867,0.34824454800403737
5056,0.83491020202272348,0.066445829153142399,0.48202025122561487,0.26058350743094505
5057,0.6794197761052404,0.5020144087044639,0.53645572777595263,0.30633587467005746
5058,0.10427054341874319,0.21968981122189435,0.48564801326900714,0.27348906912615778
5059,0.51159819335545187,0.95330189651468544,0.58780642942006289,0.35423457441428402
5060,0.44902674164247003,0.04961520635840716,0.47353120206742799,0.25799184112203216
5061,0.072236924510530667,0.61055293787365084,0.53257065582862528,0.31422064239305586
5062,0.30372818152908004,0.36889958345385965,0.51116029544624964,0.29070441654213719
5063,0.32977772531119409,0.22176334377758902,0.49311059421047593,0.27537147848668492
5064,0.17846078233382434,0.71088763886044037,0.54909351577079635,0.32608916473424832
5065,0.36538910576865308,0.60333657894363868,0.54217125049702575,0.31600564698249856
5066,0.505895294953289,0.036946879083092792,0.47299438197232568,0.25687110864600043
5067,0.62786794910557797,0.34015114080015341,0.51486900891773957,0.28897459073695164
5068,0.95066717847782423,0.84712064387641151,0.58306681753686018,0.34379079354113923
5069,0.39638902041920232,0.71806276732921837,0.55701025933239523,0.32845724602258902
5070,0.18955563788536239,0.79478555095674241,0.55949886025157991,0.33515620829359222
5071,0.20702602800530151,0.34607810684373835,0.50526962209436088,0.28762068203566288
5072,0.034623790581885257,0.99267078559059885,0.57538400168945902,0.35430294712975463
5073,0.93114318516916827,0.058205687319824936,0.48206555308908217,0.25982642874364509
5074,0.56867363782116442,0.36290126140898793,0.51669055072447034,0.29122694702782642
5075,0.71805150232900639,0.32105001469549027,0.5139161750675868,0.28714651592591689
5076,0.87860241656234728,0.61269780111875149,0.55345574191654279,0.31852918216701903
5077,0.76310963619811223,0.20416300708201016,0.49931954721667998,0.27488258858805181
5078,0.489434423113626,0.062238794133404739,0.47600588279579215,0.25943309144530446
5079,0.96181752544053611,0.085433203883061651,0.48605673417186379,0.26268364908800818
5080,0.025120714198041242,0.23377334774344927,0.48413527843510401,0.27406941879700825
5081,0.71190787340648243,0.13027850103272359,0.48881239127915893,0.26705175123297437
5082,0.37215726943583,0.74068055799297294,0.55906775141649312,0.33074682108351472
5083,0.62504558137505084,0.6663055033295765,0.55593584159611575,0.32380113517587611
5084,0.7851912071090541,0.38376159941112858,0.52305627627243156,0.29392342436649671
5085,0.81707307318419919,0.80794556657805816,0.57646812951878401,0.33942002464459475
5086,0.82617327234992999,0.1370262008298305,0.49130987992396769,0.26793096039794423
5087,0.76447992420675004,0.63766505112886662,0.55485639491193928,0.32103937519249576
5088,0.8914113441530499,0.26416905357503562,0.50894447948064536,0.28137912970026757
5089,0.66375266261211374,0.44561343576362122,0.52902590185237619,0.30027791175982188
5090,0.73336045029748931,0.12695246271839133,0.48868990923510325,0.26674159655517615
5091,0.19282976420667255,0.65635067992917029,0.54307968238060866,0.32040830469472692
5092,0.85957960006863576,0.32652415608566954,0.51668514800636223,0.28794565168790115
5093,0.98374247310067298,0.013663543348608073,0.47664787395448982,0.2552523128589172
5094,0.58569560120358366,0.27207605699939885,0.50529045097820113,0.28166226638392777
5095,0.32438028837785826,0.74181415074890245,0.55780449486488437,0.33057413524574231
5096,0.13695036338610808,0.51392743197757518,0.52357832627400125,0.30471977124798605
5097,0.55548632631319339,0.2584238049847889,0.50294712702852762,0.2801365125890643
5098,0.38917830680076737,0.11331337389609544,0.48054651493308564,0.26435104814351051
5099,0.45706765282842099,0.043251919180888221,0.47286109412229055,0.25736334865740657
5100,0.41349257987233579,0.26317693900944433,0.50053280330337058,0.2801237854037904
5101,0.31383271024472781,0.14077902749247151,0.48224751778087255,0.2668393707714144
5102,0.13935873743629781,0.55138338151358768,0.5282610532316262,0.30871652960728868
5103,0.7401379988564295,0.71035494973269531,0.56340345218070476,0.32879924412915656
5104,0.60303432224179854,0.33890583826244114,0.51425675489837408,0.28877850736673388
5105,0.8673909251697246,0.32000820013488412,0.51593994534039977,0.28726389197696223
5106,0.65567086785516004,0.27413710059522417,0.50679862773269768,0.28205346352510846
5107,0.76952746598568056,0.12087153261267813,0.48839984462691144,0.26616415432520713
5108,0.24136935364514356,0.067561031279724557,0.47079959889792256,0.25884830946358556
5109,0.43895964767708212,0.45346677551331233,0.52540491945315437,0.30038266886386572
5110,0.63743032328336269,0.85985109002037208,0.57954541214079625,0.34462365769468384
5111,0.010237313223129605,0.54101196502567039,0.52119249467142548,0.30600849975286742
5112,0.93142322161690094,0.39305973031002794,0.52624514974427572,0.29509707757620063
5113,0.55318400172145343,0.32044705803255785,0.51092632232228741,0.28668082794785699
5114,0.77076622784518412,0.78572755649109605,0.57306046432952784,0.33695565745672057
5115,0.033875388899899557,0.20535559435231845,0.48097188429887405,0.27123735830406887
5116,0.67118114325512435,0.24349737215215575,0.50306160846310244,0.27885432504742624
5117,0.081505645308329266,0.22560060971152274,0.48549816351250347,0.27386971975181212
5118,0.57520309549040394,0.44613027910277014,0.5274437992618769,0.30009861183483638
5119,0.90604106931817951,0.20645388895143987,0.50152062844093359,0.27530710117698992
5120,0.49182229877720823,0.061143874478724325,0.47590877993417169,0.25932746420228669
5121,0.696045571369317,0.39695044064853574,0.52335459527232653,0.29516450596588212
5122,0.028800299932912461,0.42017281134334628,0.50737889597074992,0.29355527725280089
5123,0.61281047507157782,0.79807001432027902,0.57169125898281947,0.33791649513702382
5124,0.54012974189560625,0.95425586270076457,0.58857575922778271,0.35444770265105019
5125,0.81757636145349821,0.19895643083601028,0.49939435563522711,0.27441486856029523
5126,0.61321000845833917,0.99909178383763653,0.59533480868847255,0.35950255521923241
5127,0.35716415824134601,0.84560561724571748,0.57113628477521305,0.34190485983223745
5128,0.8517491486750427,0.20059169944688912,0.5000626739060634,0.27463034594194102
5129,0.11592893224348082,0.24201323420513657,0.48890618407882314,0.27592422506462888
5130,0.75256433444217552,0.92325885539863961,0.58911742682983859,0.35170087035320646
5131,0.057607354513264729,0.16881606544213137,0.47739097630153199,0.26773824940676644
5132,0.11315128578358563,0.40315085917677496,0.50895296791582034,0.29277056625032338
5133,0.64060901885241039,0.1173488450449775,0.48598472135308329,0.26556107127371176
5134,0.69061314811623886,0.63863795946069302,0.55373528895459545,0.32099553117746005
5135,0.27046660117373106,0.02397794722103281,0.46597078044955026,0.2545473284993286
5136,0.85637493682327914,0.59029608526154198,0.55034470371890143,0.31609845220585059
5137,0.41683184349584629,0.54537910783271071,0.53636948037086141,0.31008133821823175
5138,0.75373519206711792,0.99851194226847739,0.59789380020810146,0.35978118533456632
5139,0.92603780359610688,0.077125083721533885,0.48454309210512847,0.26178867374587939
5140,0.68605296348171552,0.51466381487037294,0.53816806327591016,0.30770315505377438
5141,0.99809380808033754,0.37003968105680546,0.52406121926811455,0.29270381786946748
5142,0.024322982655128,0.18770118028776489,0.47834689442956074,0.26930021191910708
5143,0.82130657787270611,0.82846604887050346,0.57899421258894046,0.34163206445767169
5144,0.56035339742709189,0.75806772002134237,0.56579233014480357,0.33345455532525109
5145,0.98251913835768356,0.14973753369011683,0.49487723517534693,0.26941772682858156
5146,0.37838240843858806,0.041487674752331803,0.47092692299006761,0.2568779281243776
5147,0.61503326968253824,0.029034586595476142,0.47387443913588001,0.25633957846713151
5148,0.25580316205815185,0.65135376942594303,0.54469706007340768,0.32040875956575299
5149,0.079787219236104295,0.13002779524320504,0.47338567207226684,0.26397813560506539
5150,0.89204455686962469,0.90651340017068438,0.58931259784696188,0.35011253338367948
5151,0.77978329644749178,0.73910161337027103,0.56755768199251166,0.33196046523194778
5152,0.30331322957809315,0.86866802145700206,0.5721951150314627,0.34401708312146717
5153,0.61908725917016849,0.61181539216170788,0.54909588483498939,0.31794015702465667
5154,0.98066940569396832,0.42587456198685103,0.53107951191928149,0.29863809840550798
5155,0.18650686806013109,0.24009534248987913,0.49118256621027612,0.27634556857166614
5156,0.10796961999650811,0.86500793630346884,0.56432983975215645,0.34175004394519409
5157,0.062601837926439474,0.45884212059945573,0.51367945424405437,0.29805812450856267
5158,0.021628461661131589,0.46211634492872983,0.5121714969795218,0.29786336701195537
5159,0.87337823251328672,0.6552517236157902,0.55867031865748595,0.32309021800389087
5160,0.77463869683319941,0.43707601334237262,0.52974648750766495,0.29958629030406148
5161,0.92354571181681244,0.0011241724579944276,0.47431033044058163,0.25391002012652619
5162,0.75941276792372814,0.7089479896867299,0.56354992557118022,0.32868449769353558
5163,0.85429114679415952,0.4625586065404001,0.53416121177825182,0.30242301778914077
5164,0.81462151779053971,0.25922748084274355,0.50728193981111469,0.28076268196010823
5165,0.072068313695967667,0.083340013326785992,0.46718429398961814,0.25911302140301978
5166,0.53601198516349546,0.34877626589069843,0.5142273669284515,0.28962760142554583
5167,0.21407891846072163,0.9818519046041998,0.58218777982111669,0.35538566503371721
5168,0.83120160413469424,0.58416281354239918,0.54921412741586184,0.31540658835273983
5169,0.99152831681809628,0.30874469321932413,0.5159920304898149,0.28618921698492511
5170,0.79384966289290471,0.15440095944638599,0.49318113048514245,0.26970611268050954
5171,0.21112484402494738,0.42371499372742838,0.51514189417518863,0.29584646380201385
5172,0.6012795426778379,0.17891191680497723,0.4934168680635086,0.27190419036286462
5173,0.51365421203124573,0.78279097466472314,0.56773034434997927,0.33593931744342254
5174,0.31741920775830512,0.88034051495300381,0.5740106036371847,0.34536720851671704
5175,0.88650928828330955,0.76447315786824332,0.57224182583434235,0.33484071836254925
5176,0.72202533181930206,0.74810918751676803,0.56769400127369851,0.33281912699335447
5177,0.61516765496047454,0.84994213270853514,0.57792833209514494,0.34349606442349406
5178,0.9089154452566407,0.43315471192369009,0.53112627964268888,0.29934810189506889
5179,0.35054234207012924,0.64964109161606765,0.54742371633490572,0.32087130071479331
5180,0.10871700195831946,0.22429532703185687,0.48639882631018072,0.27401124889050782
5181,0.5602610927506001,0.8523210806282121,0.57706290154068951,0.34357683976121023
5182,0.86109552517990828,0.10894725725223543,0.48802019938477986,0.26503928173063046
5183,0.35584300025926202,0.92850892916460293,0.5808018999721587,0.35078239250013887
5184,0.95084928307376115,0.66715589047089452,0.56118636981653425,0.32445147253511386
5185,0.67321979962865586,0.11397173689763294,0.4860612108139799,0.2652769565497512
5186,0.15581571308510611,0.84552480059195079,0.56411947932510809,0.34022888841770088
5187,0.64622898026184417,0.3343107364786207,0.5144393474209511,0.28839979503510643
5188,0.98423102872277379,0.9662852040403872,0.59756542572224902,0.35661820282178597
5189,0.038778615896508564,0.65084869870311812,0.53581824310886528,0.31804164566001014
5190,0.67900737650179077,0.33918285369257212,0.51562877356745129,0.28899027944572453
5191,0.81164923136519507,0.10996685592242283,0.48752228484604959,0.26508539285034732
5192,0.40955324997572462,0.63048620736881866,0.54669507570764508,0.31914509358043724
5193,0.41668905147240731,0.50597299441249344,0.53145177145160716,0.30587532057289912
5194,0.64758103755478524,0.54179846499218842,0.54089766452505816,0.31051545048203211
5195,0.086189346880896481,0.065622146984457508,0.46547523281050268,0.25744080720870399
5196,0.078517410682362968,0.41570884416318732,0.50906812073292262,0.29370864400535707
5197,0.20392185834384291,0.28772754405835876,0.49780032024685616,0.28146588839120468
5198,0.39539194370830666,0.66837740207567109,0.55095335465902606,0.32312879526959426
5199,0.083503213539451837,0.26194820214033826,0.4901401657552521,0.27766905277093223
5200,0.17220315381783297,0.60528821576946656,0.53611323673839006,0.31477370677254873
5201,0.63172385555744404,0.5402388003652101,0.54040875535389155,0.31030798410468707
5202,0.85882533208426326,0.049059680662478788,0.47999186288395379,0.25880620468720894
5203,0.23355672276803527,0.27524654159519124,0.49717341675902837,0.28037814133397543
5204,0.42062545246368976,0.77011606721103887,0.56392264226801514,0.33416457642563219
5205,0.99814642084419036,0.078398890912148633,0.48550475997966386,0.26197803250029955
5206,0.21527689138524003,0.71940751212913312,0.55149170180246687,0.32734175157104473
5207,0.28200119887989716,0.48955707171455726,0.52565006434042783,0.30335610511199013
5208,0.95035454353637761,0.12233034430240515,0.49086325270056896,0.26652403920353274
5209,0.43476379956392341,0.27317689292222497,0.50231609143165845,0.2812668529402832
5210,0.45531636458110303,0.69121102017353986,0.5552759926571833,0.3258683423842561
5211,0.40193697432876802,0.11320804075283232,0.48082616923202454,0.26439437533019938
5212,0.66224556066194784,0.085135477778560023,0.48207128060944704,0.26225296236456092
5213,0.60741933224237299,0.13895775050582598,0.48827540784337836,0.2677394841028144
5214,0.89062819905584911,0.0097122331523220064,0.47509192539742329,0.25476648889491682
5215,0.31628750973950376,0.0028751181630068462,0.4644101574640857,0.25262853748130165
5216,0.64774767896864804,0.11986266481574859,0.48643313143883027,0.26583864072140734
5217,0.42358822777200261,0.20255101848071208,0.49293375787613969,0.2738022604367229
5218,0.015566870397899767,0.85614220379387274,0.55875982768704058,0.33948431121724926
5219,0.71102235909205636,0.85055408601608362,0.57981047111232042,0.34380498377837621
5220,0.15251510692277226,0.71823899630013621,0.54894665723887126,0.32660951568345892
5221,0.34744208315248837,0.57336429615282691,0.53797496315927262,0.31270040048415731
5222,0.026235204703256024,0.38271409729920564,0.50265179666612547,0.28959432525518497
5223,0.35840718217018291,0.35651192386752228,0.51109926624683277,0.28970592720220162
5224,0.41565438595603921,0.98016197328522114,0.5884793262172876,0.3566656789875875
5225,0.77066950429355496,0.11372362449826906,0.487466830006139,0.26541981767001882
5226,0.79040307009710231,0.064818195146287325,0.48122572596922653,0.26035727999951214
5227,0.29550356100356445,0.14162915313594276,0.4818679435202578,0.26682670187470853
5228,0.48686708703882758,0.4207466384335305,0.52237130069050486,0.29709710278198892
5229,0.54206927322574194,0.73293370806801827,0.56235768898929939,0.33069256804066116
5230,0.84490926791074461,0.97904077882129936,0.59710467718251781,0.35784078587199364
5231,0.65838678699348818,0.39996679101296473,0.52309997347484705,0.29540257843546874
5232,0.27147059495773868,0.5458785490926239,0.53229883681670898,0.30927550111024366
5233,0.063435573229391598,0.039860750750440641,0.46135110585694356,0.25459294106267882
5234,0.24417523627016927,0.45042428728063827,0.51957587190875076,0.29893161149119191
5235,0.73046666363546398,0.39441825158541327,0.52358872712240478,0.29496307054315962
5236,0.073985208068729852,0.74216327374203839,0.54836577823168786,0.32822594965809115
5237,0.36113270048942653,0.19977737354746788,0.49108374777063102,0.27323147352050664
5238,0.52197033144891036,0.468513708374172,0.52918464336667281,0.30231200191152591
5239,0.4375055810744059,0.95998677288455658,0.58673596385388271,0.35461669470914053
5240,0.089365968183579392,0.48513757986956046,0.51807961793405888,0.30115345714668623
5241,0.42055843907709933,0.71096462136170602,0.55679324477349368,0.32782125500347686
5242,0.8804144508988947,0.0066739393023657612,0.47456476313572188,0.25444265981623254
5243,0.94096868422775304,0.67241345737482183,0.56170825033862815,0.32500687158849084
5244,0.0055253736776183365,0.8775973798838328,0.56068937944735009,0.34159684452012518
5245,0.3056196749938303,0.13770300329985333,0.48163261072661051,0.26647530847955792
5246,0.16229790655396645,0.64859971145942119,0.5409768298320653,0.31928789366916105
5247,0.9563229445261765,0.64135450734993216,0.55805767800600337,0.32168608925655306
5248,0.90509606798846509,0.016752205040294212,0.47620440696653071,0.25550768355282522
5249,0.89809431501218351,0.082180275152123075,0.48489516466174937,0.2622885787043211
5250,0.75976985997735758,0.98491508220472612,0.59642415316874897,0.35833374107866178
5251,0.98806039134036994,0.50228785077939975,0.5409537132344161,0.30680697385398464
5252,0.092645525245729374,0.64452227882508895,0.53757854487495371,0.31808171837077032
5253,0.54114646702975733,0.72965428432762858,0.56194009872838313,0.33033725255970375
5254,0.9239075342135854,0.26789385093474999,0.50983672940653746,0.28180608398071239
5255,0.88057086945375196,0.45876647907452428,0.53403543262843145,0.30205032893784717
5256,0.11195445621953114,0.92798425702726239,0.57178648025458834,0.34851495927674347
5257,0.81412563526612947,0.31173364027083156,0.51413707053915148,0.28631740777621084
5258,0.74229477544721456,0.81394645127864795,0.57598071431459408,0.3399354116867227
5259,0.63205114386716155,0.25762713232483947,0.50424392700298337,0.28025618208539405
5260,0.56626251826103546,0.00056806831782450903,0.46927975525184912,0.25328987435456651
5261,0.60237918087245201,0.76617407370648583,0.56764531700919862,0.33445923611194028
5262,0.052294795374141542,0.7178405740445829,0.54445049599900908,0.32534364719947106
5263,0.087910430010093854,0.28303631033551652,0.49296012616998586,0.27991368314770154
5264,0.71324887080398625,0.70567113033396889,0.56237335793918719,0.32824147168816176
5265,0.46169413109772139,0.096753084140887957,0.47997525921727502,0.26291603996796536
5266,0.843209326214029,0.89978589496071226,0.58780393212907445,0.34932795090774466
5267,0.35685855762840946,0.89152891473214846,0.57652196193077543,0.34682562374341397
5268,0.2810917259764974,0.67170199606335967,0.54799446612064318,0.32277266971917601
5269,0.97731088220610984,0.54848829052486692,0.5466828153695682,0.31174435002028272
5270,0.78161181195847462,0.99146555392594315,0.5975455670279195,0.35907593806354254
5271,0.7647580917517306,0.86513388519872692,0.58246303607075556,0.34547904868200924
5272,0.7683966825617129,0.9130271271876409,0.58818110706715876,0.35063132137448111
5273,0.4567359362247051,0.073209037707804236,0.47678658674971208,0.26045820220846483
5274,0.12571073665666627,0.68025401622602955,0.54329673942128165,0.32226984270994247
5275,0.17454820495891618,0.93127416849135192,0.57483623427320329,0.34958672543229774
5276,0.94418601537683289,0.65925962253707693,0.56012299113976116,0.32359732323497697
5277,0.44270393796226715,0.87033449325865375,0.57640662846222956,0.34502637897643823
5278,0.1577000086842687,0.45125884160086283,0.51665236730674702,0.29829124895759335
5279,0.46613286689260275,0.24368752793971216,0.49920890277836966,0.27828685863713515
5280,0.16768875032163924,0.38831709127220093,0.50919156002869181,0.2917383876024639
5281,0.54631765138827038,0.1758900292347069,0.49201565448114631,0.27143864041671661
5282,0.51163770426484989,0.56623352197523935,0.54121198661134251,0.31271244646297736
5283,0.14899238156665814,0.85324185058124136,0.564738080811096,0.34097794329102477
5284,0.86017189388152915,0.79354316332385644,0.57538047770838385,0.33793269046011892
5285,0.89961507353050407,0.34137794930870879,0.51914101321654815,0.28956827728609835
5286,0.5950492981763208,0.19236036154084141,0.49506821830918046,0.27329845190913726
5287,0.47054149905735398,0.6999989755442716,0.5567161861828599,0.32687782205599242
5288,0.042533986402081794,0.85522572350677806,0.56006228958398241,0.33980934093000448
5289,0.00201200687676901,0.16188131044750337,0.4741257644765442,0.26636555467745554
5290,0.035146787290566132,0.91003134301715771,0.56599989222072322,0.34552497789491976
5291,0.37790103176260603,0.011795964239269961,0.46703337010136903,0.25382359307606212
5292,0.50183624952082762,0.6122204749911675,0.54669297448047949,0.31759786535933154
5293,0.6840234089091537,0.94450990750120256,0.59038893298093198,0.35383586948817297
5294,0.8212324162662844,0.92259360346867481,0.59015236692056083,0.35174623158523133
5295,0.83200960035655891,0.34481610457062489,0.51868830747155659,0.28985187170222604
5296,0.35854953173123072,0.94092660860341282,0.58232275929628619,0.35212993259473768
5297,0.091052695648570076,0.8413231000694098,0.56080183133327699,0.33900946788755548
5298,0.81630177430493056,0.34734582676574355,0.51879681132815314,0.29009882558065064
5299,0.22138008447947216,0.41780241052979838,0.5147497312695033,0.29530277385826259
5300,0.57479212864945872,0.40934829762197333,0.52275398098777281,0.29618062887107732
5301,0.74196488288737605,0.043363566259376242,0.47770276151839453,0.25806102898952987
5302,0.47019095903864366,0.53545060157269475,0.53643178436956729,0.30925896805440789
5303,0.68836013026622822,0.99798264904058309,0.59667185626953667,0.35958487389197369
5304,0.53896619474246399,0.90396697001158033,0.5826812613282234,0.34904620386291635
5305,0.35219427292750916,0.084511208182282291,0.47591952010271715,0.26120017054797334
5306,0.29745086365022,0.50793121945863828,0.52840677381999801,0.30541403178929077
5307,0.9644783623197698,0.40463029514366061,0.52814560139263611,0.29635977948605113
5308,0.16175043597329641,0.87936804552165571,0.56830832466330461,0.34390691814062119
5309,0.61099330504575045,0.52237992555050872,0.53777389430106115,0.30834195193198199
5310,0.65035585155960873,0.16333629696249263,0.49220675257047924,0.27038735742559239
5311,0.63167702505589696,0.92750307990481373,0.58739840428021717,0.35187379182368766
5312,0.60539138422732941,0.54195762110844958,0.54012338868432741,0.31042023154612308
5313,0.28906658597443025,0.045305681232165079,0.46923058610501378,0.25683884242160521
5314,0.90826288094011831,0.36899964825619247,0.52283840158251593,0.29251308432372453
5315,0.47248002511447995,0.32433822109141625,0.50974450595877507,0.28681668327455767
5316,0.67978253321157545,0.73135579449926746,0.56491218334948878,0.33092558667548944
5317,0.74993525759653423,0.66750323848802362,0.55830698237539844,0.32421577023179049
5318,0.92337304219970251,0.66526452138017633,0.56059297016494203,0.32422171434993924
5319,0.54177974402395779,0.10832005130025792,0.48306811556654417,0.26437288204062659
5320,0.2322399746441399,0.076343987424497037,0.47166787467565258,0.25969397722756909
5321,0.68660045828142902,0.16230915661846521,0.49265364575214382,0.27035458469851092
5322,0.46853237031208123,0.55076984963655706,0.53830275894950286,0.31088902834062526
5323,0.23772002839673079,0.86041042114867605,0.56900437692992645,0.34261477603792245
5324,0.33706459937071198,0.43516851181666139,0.52046338818939664,0.29792357990291068
5325,0.41270828752346572,0.91561731763958243,0.58091871450555366,0.34973075966518397
5326,0.27727155766097128,0.41647901037511187,0.51637050011385799,0.29556908086694722
5327,0.44359748866796728,0.42745466163709062,0.52222921625254348,0.29763552417001166
5328,0.8662322334297351,0.89749486200864204,0.58787569985545773,0.34911241719699532
5329,0.96411537150332016,0.0045743912405218001,0.47521614267815931,0.2542989571941367
5330,0.2087402290440048,0.41829371860394021,0.51438349000885353,0.29525384173072916
5331,0.35144191579971229,0.074742998549074402,0.47463001018843537,0.26018713250368358
5332,0.44837351630806227,0.65205829315906161,0.55032532092459074,0.32164081211486284
5333,0.26157628196649019,0.75863069427431329,0.55780291148631089,0.33192179908534836
5334,0.051592885957553521,0.87274228952544508,0.56254665567082052,0.34180787446103034
5335,0.45009040400715311,0.72865844832543514,0.55968789224431981,0.32986022687783961
5336,0.44109116103105483,0.48577643154339167,0.52952181289406997,0.30383367835393676
5337,0.59200167548964977,0.11362792974942132,0.48467220087175461,0.26505971236341364
5338,0.83272347997227913,0.87596920676204604,0.58482786412807841,0.34675411063874512
5339,0.48768785171896456,0.66671594879805351,0.55306500425336336,0.32338112070161418
5340,0.93246231312121963,0.37668225969871277,0.52413844032538504,0.29335468287986488
5341,0.036354897954396441,0.42122487646696394,0.50786214077862357,0.29376616027966523
5342,0.094528218557185031,0.59604220566157018,0.53181616557649647,0.31295675318658384
5343,0.91059455852907856,0.19450533224305838,0.4999949708198857,0.27405467092145186
5344,0.73354169895538368,0.62910156317300858,0.55328967007694729,0.320062557727469
5345,0.88874644792148616,0.80520573779012783,0.57719562111890932,0.33922158537956393
5346,0.14389819088032235,0.15628819615946848,0.47907541961838673,0.26728376947085186
5347,0.3629202763184789,0.32794356546102793,0.50758045012453701,0.28671057779583892
5348,0.253914523736469,0.79969499167738256,0.56242306802969044,0.33625423351804623
5349,0.86488564271685897,0.44742259326177886,0.53237121987713887,0.30082025324193157
5350,0.68478583497275836,0.87261245203780713,0.58195454935902913,0.34611553898965308
5351,0.86187231154505861,0.72010355486905908,0.56648608103621467,0.33004186892153836
5352,0.54570669541993422,0.97082850645523289,0.59062242248035368,0.35624625721776254
5353,0.90589393648075645,0.39061002153999869,0.52560531336795702,0.29481033669466122
5354,0.39891439425238645,0.60417345072285977,0.5431816705833632,0.31627575653136536
5355,0.22681289214763092,0.39766788843387041,0.51240941752047242,0.29321630270100302
5356,0.0045098585560102954,0.69023114243001915,0.53875231277871405,0.32169824271500735
5357,0.3729346543569933,0.008268920468597207,0.46645916740458276,0.25344075139188837
5358,0.34455666590729961,0.18147506890647347,0.48830177660220242,0.27123717201195463
5359,0.22862412264164306,0.26884077168334047,0.49620423103349998,0.27967137232403794
5360,0.75490882492457756,0.20085097322702641,0.49876442172275004,0.27452115163234103
5361,0.073410699956247119,0.84985329841278723,0.56096349487076236,0.33968192613214521
5362,0.90728302771946179,0.0064311906283837745,0.47484174174295518,0.25444337089096231
5363,0.22744008345805342,0.60323981601392163,0.53787446019807517,0.31504846271394171
5364,0.28665511758358919,0.6951226042181603,0.5510057836836415,0.32531713943310925
5365,0.65243618921089219,0.44000403808088739,0.52811150866099199,0.29965309054673844
5366,0.52084080122349552,0.23818810939734106,0.49963846112895011,0.27789878712857274
5367,0.7445366459612851,0.79240217208670216,0.573430564914718,0.33762428819706242
5368,0.61421785084708835,0.7382756173703704,0.56450866840440972,0.33149752593868237
5369,0.16869693487779006,0.75812607704858526,0.55434291595648721,0.33103322320378892
5370,0.60885513786062362,0.19647497816992693,0.49585147581506517,0.27376507305689546
5371,0.78769678827518375,0.92861434743826987,0.59032693593898611,0.35233930749380127
5372,0.67150179497121132,0.31141825856658401,0.51190852032926348,0.28603132579498408
5373,0.14509472155795666,0.75192946296244623,0.55265291725002774,0.33012311878733708
5374,0.65585705147759299,0.082231105606083293,0.48158557086207654,0.26193809267980034
5375,0.05708400297741173,0.13084413185379234,0.47259035730690813,0.2638252982075282
5376,0.2832780508659431,0.079113333939400038,0.47345700739975194,0.26028744854312424
5377,0.29274054456470766,0.31110401894998502,0.50351317542801699,0.28453896973132276
5378,0.2445126822833554,0.61230316247857419,0.53956518496554129,0.31615267927437368
5379,0.60512228083164676,0.33824809542620787,0.51421051219337666,0.28871433661013257
5380,0.3542218926303205,0.49469551941441609,0.52839800557590721,0.30435064501640735
5381,0.96227054203943119,0.60597213539330985,0.55372188750692197,0.31789427444680279
5382,0.61871892759167824,0.45135358713400786,0.52894202837456894,0.30077820405947481
5383,0.2493529701070511,0.5167846310091555,0.52798933187334174,0.30601657390579073
5384,0.89284354482936912,0.24598943110090915,0.50657263550419285,0.27946053475612859
5385,0.48548403975196419,0.22539288980056302,0.49725114823946026,0.27643454346235974
5386,0.30422908271349736,0.52964200352054325,0.53130504712897741,0.30777002829237043
5387,0.14641612343258459,0.26049822917211568,0.49236706805798092,0.27813585742962582
5388,0.27029825471941155,0.87569775927875892,0.57192824797563868,0.34452039064828027
5389,0.24759784614475214,0.94832821474286033,0.57957047992346722,0.35210505195536851
5390,0.94537606334852753,0.99592267353908392,0.60049649076174039,0.35976595439324688
5391,0.60399427739280509,0.30845165586461082,0.51034168629423715,0.28555548043938223
5392,0.70250602330606204,0.76080984365429039,0.56889224416947171,0.33414205630677651
5393,0.23893461932061474,0.2493068285498419,0.49404089928829598,0.27769880775147032
5394,0.43531349227168831,0.19218516193941471,0.49185369745804136,0.27276449629768168
5395,0.87513397393875059,0.42728596845365829,0.52992722173956597,0.29868415949950011
5396,0.70287838072309972,0.5812605276848074,0.5468179842207993,0.31486962098818472
5397,0.11210436204358704,0.39257138605593939,0.50759750950238602,0.29164618804711528
5398,0.17898820364846618,0.8424504319650703,0.56469386795702703,0.34014379857811167
5399,0.79160314732895942,0.32844174300661544,0.51598970904776531,0.28805594626880743
5400,0.55618961086591012,0.27952314279956048,0.50569672100891161,0.28236415402230147
5401,0.98205848932458328,0.47535894969544606,0.53744618316646475,0.30392275417399661
5402,0.97275428438530076,0.55392635809351931,0.54731350713134452,0.31232318274194165
5403,0.90747199094678521,0.87380032670324437,0.5856588918606721,0.34661501527616617
5404,0.3464848290504306,0.55425301280395367,0.53558584183884872,0.31065494587575271
5405,0.83246962959611559,0.65212828536623857,0.55769377858386904,0.32270056589413421
5406,0.71824336199731342,0.89726796944510434,0.58546886128239539,0.34883968697943357
5407,0.43111242331677352,0.22265218723969302,0.49570844923562773,0.27594027738139204
5408,0.15696129496298963,0.58035718787942314,0.53249085238415395,0.31197267437979098
5409,0.69240708380398575,0.89626247517691238,0.58488697462794481,0.3486741508253669
5410,0.74353226162215003,0.61082995973963994,0.5511853901107705,0.3181217542916826
5411,0.40795342085437153,0.68252560185379119,0.55301058165552264,0.32470971782884267
5412,0.31532289197643987,0.73220634158194309,0.55637346591930448,0.32948511125281787
5413,0.94434074995097472,0.18932191242218249,0.49970818127689121,0.27354115712071236
5414,0.867643934779882,0.76566073306660409,0.57211717432411169,0.33494529735813761
5415,0.9088985104457592,0.61687991624417482,0.55439076055297032,0.31901250681690563
5416,0.81322510838456219,0.215506663901743,0.50151733158251122,0.27615028197057478
5417,0.95527361817426282,0.67820632044012896,0.56260867984840568,0.32564231559974255
5418,0.37431568882466526,0.15553029406453717,0.48568145029074355,0.26867524058835368
5419,0.63658993511785522,0.045103583523340061,0.476355649550538,0.25804773296193101
5420,0.64437925180309696,0.35026193316109711,0.51646554528940902,0.29008739569846076
5421,0.23259238965580006,0.51917191610647129,0.52772696262443675,0.30614096562601739
5422,0.92385605639443968,0.4866631096734782,0.53816620061498566,0.3050784634398801
5423,0.79788312737512179,0.98757091059294766,0.59735925356801167,0.35868545211577352
5424,0.50132519643012208,0.72775516015036268,0.56081231344753812,0.32998327625148244
5425,0.51260626284600008,0.60193497824602527,0.54566380705940998,0.31653734758097862
5426,0.50767606657255682,0.57819414269692504,0.5426106571731244,0.31397737303292245
5427,0.20814580586956583,0.45020893505535792,0.51834164830952845,0.29862616321189356
5428,0.8173362441400881,0.001690806068677921,0.47313074598907434,0.25385844580353478
5429,0.39059510551131099,0.4086906403833418,0.51855173188394044,0.29539830050646093
5430,0.39714871844336158,0.41018765296038473,0.51890753469921092,0.29558920640642783
5431,0.73553984730084199,0.38540841208401838,0.5225099739817376,0.29401377835671794
5432,0.45817023702639853,0.19051093171545072,0.49213800603337965,0.27267739992821538
5433,0.51504840290778087,0.39053281290152808,0.5191370252687918,0.29398826603036537
5434,0.54970284438113459,0.85036075746697615,0.57659957573080978,0.34332932910616626
5435,0.1204833946464467,0.70479089380606308,0.54600918308496693,0.32482320917338176
5436,0.60584237094422566,0.13245870875079419,0.48739269010807595,0.26705716595882989
5437,0.08738652554807487,0.97192508911771014,0.57567423691237052,0.35287575504211077
5438,0.91562141160377075,0.69891286961882149,0.56463744636073188,0.32782793681364469
5439,0.71720940505716724,0.33498861275018427,0.51570945405515922,0.28862290644655797
5440,0.71691205388031665,0.91457297460538112,0.58748105289546393,0.35069569044293275
5441,0.16716062058383832,0.64696409668094712,0.54096916044799248,0.31916216250675944
5442,0.63001497719396138,0.56443910564504329,0.54340692162381854,0.31289386011433812
5443,0.12568512293962997,0.79690630700084153,0.5571485172278321,0.33470157409621126
5444,0.65930546450278493,0.35201023768935125,0.51695051556224081,0.29030777504907418
5445,0.3930346621142351,0.68554931445299883,0.55297940073037455,0.32495549598353496
5446,0.72345570584613605,0.92441918360028652,0.58875155539315793,0.35176710561756142
5447,0.92546558735672146,0.19758860747161089,0.50058165783295094,0.27439325997610531
5448,0.98383666192773966,0.01915986507938942,0.47738941286209718,0.25582073990710774
5449,0.093166409526660582,0.31605306943446632,0.49730160255925743,0.28341835938382176
5450,0.49459439452710796,0.45110149032241897,0.52638860424413403,0.3003570215503707
5451,0.30399929837590317,0.90884202160629213,0.5769095550891602,0.34832477860673083
5452,0.086829214456712364,0.91877118197710961,0.56956725716857637,0.34720588388948243
5453,0.22011587111303818,0.78334280733506889,0.55928790088512026,0.33421762679163913
5454,0.25127744162158344,0.37930031598183561,0.51089079155824102,0.29145646054296853
5455,0.4863881445886451,0.90461898274837305,0.58152739532017328,0.34890563250963907
5456,0.90909201311146615,0.86311913119511452,0.58441174332980617,0.34546895837836089
5457,0.8796518169271178,0.39320781074486438,0.52559852875477897,0.29505778871106325
5458,0.22874298651173014,0.24985577548384902,0.49379369535338996,0.27768447464619628
5459,0.29237175156831507,0.8863082370604739,0.57390443304021854,0.34582609433815004
5460,0.87275119327913275,0.97116143508484831,0.59660419982437929,0.35703148862542072
5461,0.63635250111847419,0.8025047591153881,0.57268750869756502,0.33845943699073733
5462,0.45466951414387446,0.95049353624006039,0.58608202541660848,0.35368283779649673
5463,0.67893054544330811,0.95108126609596666,0.59106011008135706,0.35452905422515063
5464,0.96250576239762597,0.70724503135090933,0.56627651712150429,0.32876823704750241
5465,0.98639055878514192,0.55710288025824128,0.54788109881016667,0.31267466967163332
5466,0.62697816306123277,0.8979721819468891,0.58384124949384386,0.34868930607566584
5467,0.7877418322983315,0.33001507351439213,0.51613801337279919,0.28821692890959055
5468,0.87437728279045557,0.010133690972428304,0.47495857582043671,0.25479380666885604
5469,0.75104923011717617,0.17154292589690304,0.49484428924157486,0.27143757860351769
5470,0.41504820423136701,0.89534673776807039,0.57861324751738485,0.34756930725412871
5471,0.68168105804215895,0.50107896063447699,0.53637678481889683,0.30624095751207148
5472,0.42604642114333113,0.72139722040261844,0.55819833142071273,0.32896692819730722
5473,0.97613235991947589,0.7893766852591303,0.57645768882273452,0.33760637066863575
5474,0.80942418165771524,0.77906699577855176,0.57287018392726419,0.33630421366970464
5475,0.86052900581572911,0.85949064046078139,0.58328641662172531,0.34502137713895947
5476,0.67484390433166419,0.45645978229191392,0.53059989673879893,0.30146031744642993
5477,0.18068023453351342,0.38239221054645023,0.5089176127153584,0.29122830578274156
5478,0.35579851260656725,0.34365108332288219,0.50939485614943958,0.28833259189409732
5479,0.2878001832307433,0.51494081708268502,0.52898245480887485,0.30609550357020876
5480,0.49261832842695297,0.31537279998079176,0.50903011723428049,0.28594324263679521
5481,0.010521288271213416,0.62934049831583405,0.53182296676108964,0.31534496628800174
5482,0.465862608486868,0.45147866864778335,0.52578711450716131,0.30028474073406808
5483,0.31098920925167622,0.78236315707935722,0.56223932171008228,0.33482671925251051
5484,0.73999152646757427,0.55010418877779743,0.54353510708908204,0.3116066477716205
5485,0.8761073105010786,0.97721993270850516,0.59735728143876454,0.3576858351306697
5486,0.83045718756146969,0.62979491924388564,0.55489479583361634,0.32030041721153024
5487,0.18038440738405334,0.44041974801396722,0.51614389177201914,0.29735294150863117
5488,0.42307416933501374,0.066398934476135762,0.47518121056844809,0.25962960514729005
5489,0.55442957486457889,0.51000267767877083,0.53509411374065852,0.30684950139279488
5490,0.4819551340830629,0.091958487684291323,0.47976071512720203,0.26248797614099334
5491,0.5049713319011615,0.38922342780247565,0.51875522034665877,0.29381365157106643
5492,0.20725443243941993,0.33376007917878453,0.50372567078376329,0.28632622354726567
5493,0.59107943134323004,0.35067583184173567,0.51554923409857012,0.28999411149400006
5494,0.74829591607152257,0.41976053877588132,0.52712287794620738,0.29769475366195558
5495,0.80704350129769886,0.075877128074422956,0.48292066335168643,0.26152877096933258
5496,0.95644887265959988,0.69865013694214861,0.56514267567307164,0.32783946837581318
5497,0.56156550077736611,0.18818584516063566,0.49391064596337442,0.27277052954796838
5498,0.69654061776726739,0.090229738855280447,0.48327525505511054,0.26284883979120038
5499,0.50943173334783654,0.96984318215308019,0.58967161656822276,0.35600004010456954
5500,0.1244535528120934,0.73437583705355647,0.54970197358760575,0.32802072791199
5501,0.74660345647361837,0.44053287599176405,0.52975475821902585,0.29990646398741677
5502,0.65339885045232948,0.66409857798694871,0.55620172657734479,0.32363904200453203
5503,0.84890389362097485,0.52459454135255656,0.54197168026171028,0.30904927904658841
5504,0.97827935672973987,0.70875303654888411,0.56666155809672247,0.3289435686513188
5505,0.71144452648382872,0.79405743220954905,0.57306060561299554,0.33773442692883654
5506,0.21138494720252929,0.6107345165208331,0.53822289454576311,0.31571153494295651
5507,0.5358407434590976,0.89289162555242663,0.58131048147038566,0.34784559888627176
5508,0.40038597518751634,0.86619923759481177,0.57479160112035554,0.34436424296404539
5509,0.37725094250881813,0.37449888545112919,0.51387575875977887,0.29170669726230297
5510,0.2211418867689674,0.89599075353624069,0.57255226651254831,0.3462731260880767
5511,0.0035320081121404659,0.9280814886337263,0.56636392931432311,0.34692432742204005
5512,0.77810418117264057,0.15922114844581811,0.49360128128654324,0.27018815631019333
5513,0.3840803188152262,0.49381828871235484,0.52909282210162001,0.30441812703643018
5514,0.64383427804134552,0.94500868251348158,0.58968173094011089,0.35378682577431908
5515,0.054294720790546855,0.71351496980133233,0.5440348981740375,0.32491202365387961
5516,0.26444531647417463,0.99114769599629804,0.58507966908821318,0.35682642941893716
5517,0.61022540191753072,0.76718641828108813,0.56792536353696443,0.33459124118141048
5518,0.4010073018149124,0.77440426261870898,0.56391221895311039,0.33452235190543073
5519,0.6863658591908286,0.44145748078547187,0.52888675922811801,0.29988548826548289
5520,0.11497877577018226,0.69715842581236509,0.54486163224273265,0.32394671098169825
5521,0.18315532878701343,0.62025951717739236,0.53834675781969532,0.31647182588475686
5522,0.69236225743688418,0.6517219944879995,0.55538221224860751,0.32240348334420504
5523,0.94004378449259096,0.77670698842561114,0.57445601920697087,0.33621266765178437
5524,0.94039748439363902,0.15526259164517978,0.49513849709167068,0.26996248800701877
5525,0.79473867843806523,0.64752925091985392,0.55655425787498292,0.32214952360499854
5526,0.46508049380393934,0.74603447905600773,0.56215675200010462,0.33179206171135589
5527,0.78173238094990383,0.82450784724679549,0.57789752437961994,0.34114299300210504
5528,0.28948028153477939,0.095313517079094898,0.4757201929096655,0.2619947844040762
5529,0.46688905873961051,0.98627259441764337,0.59052741893959115,0.35757639522584717
5530,0.94193656527347636,0.11256171432865085,0.48946350744424455,0.26549640992268148
5531,0.93747898424774179,0.11588392748701154,0.48985640060590036,0.26583950125573874
5532,0.049402575901069209,0.69252138738216595,0.54130490390589325,0.32261372473973837
5533,0.11223023500536802,0.020427077134128196,0.46066863440938277,0.25307131741734157
5534,0.28423799713113113,0.98487110619089802,0.58503834827727474,0.35631412261863804
5535,0.89775853337553568,0.873769114594243,0.58551921992167866,0.3466009308723178
5536,0.55853482434320034,0.46961740096368598,0.5300861166215407,0.30255152768276189
5537,0.52985801737288718,0.0047806637096568013,0.46919297564517692,0.25362677831752301
5538,0.31427975389455681,0.83557421321492875,0.56865086168180423,0.34054950336361139
5539,0.48997736683258558,0.42925394442992987,0.52351964103825632,0.29801384547630999
5540,0.49503168111705459,0.96572185541802313,0.5888503645742712,0.35549798778706249
5541,0.21434378158556067,0.51733081308648687,0.52687454477794571,0.30579742760653467
5542,0.41195365692315394,0.31771877705008961,0.5075005566498777,0.28586653048667621
5543,0.91285734745772795,0.93444037743663644,0.59288902557776424,0.35313499851230562
5544,0.72926311065332272,0.063462818718433844,0.48020025385816106,0.26012442285274784
5545,0.83297964194304086,0.52719376837975573,0.54207276490040301,0.30930583893846403
5546,0.29074856690483869,0.36821216255755868,0.51069493227893392,0.29055063048064167
5547,0.37455255511676661,0.59258152700742939,0.54109972124581962,0.31490706673438768
5548,0.13483999463223154,0.98643701147778196,0.57948850223435466,0.35502860893741961
5549,0.56221612569153079,0.38884670876645255,0.51988746148594089,0.29396286978863284
5550,0.96349570375707705,0.067076377987640448,0.48361413425228816,0.26077479445098772
5551,0.94581008060021565,0.73126586015258221,0.56900316624326208,0.33133427586215602
5552,0.766146783273702,0.6605516143806629,0.55771299523425744,0.32349901983779583
5553,0.08478492386018624,0.67994702669164409,0.54146968481991342,0.32174907597804853
5554,0.39561342071156252,0.42461818269673973,0.52069305902328411,0.29711411632532919
5555,0.21386398801341422,0.66274739141288452,0.54462250718022187,0.32127974616767352
5556,0.79583960008859878,0.45941608451990179,0.53291997227857102,0.30200450346976748
5557,0.98279870131666536,0.41197446188378384,0.5293125320547718,0.29715765003325401
5558,0.083082798924075912,0.038320848665491215,0.46189653864403002,0.25462783754239537
5559,0.773455249452626,0.27738127198430013,0.50907330354015801,0.2826199900049548
5560,0.034967294062033763,0.99934368540575969,0.57615607322006879,0.35501766996201184
5561,0.61703696247868933,0.66544304171028779,0.5556744006213582,0.32368630223994255
5562,0.77027190841872939,0.65169107058177478,0.55668471906148564,0.32255507998407545
5563,0.78875981289768826,0.2007483734603622,0.4992345257260406,0.27456277739745449
5564,0.73654406060079347,0.33148823296193736,0.51555972252725757,0.28828758272071986
5565,0.45438955366477607,0.013126252668478992,0.46884600281209499,0.25425128693729282
5566,0.31220628842803422,0.16203090450094315,0.48494928065143966,0.26904058765513794
5567,0.26814253008690431,0.61288812850165408,0.54041974533504555,0.31639573579108127
5568,0.85963263394149259,0.56938084239097086,0.54776851565825913,0.31386040483378641
5569,0.56875311163378639,0.41227757565208012,0.52300889232932213,0.29647423403016493
5570,0.10522075789450901,0.49198861819620948,0.51959217587208384,0.30205789935756272
5571,0.43066167093684199,0.85908341674307598,0.57476701557011867,0.343759735360674
5572,0.42858081736470344,0.50165613517543539,0.53120767814982028,0.30547046927734961
5573,0.21302349615519636,0.82100574405371451,0.5634777889964564,0.33818037261038036
5574,0.1080931120412075,0.41347400209483459,0.51002829453488496,0.29380385688960509
5575,0.35391235802479787,0.10631108344536043,0.47879606084917031,0.26346504999434889
5576,0.82665870852301593,0.64120477077193794,0.5562546196547673,0.32151956157957245
5577,0.31375076653558065,0.37511207525407669,0.51223319851160509,0.29142213889202295
5578,0.22929711147964699,0.27930925411625068,0.49755503007485335,0.28077354218901746
5579,0.73951963235236473,0.37695432343821739,0.52148347963538022,0.29312185159348686
5580,0.23051868515984389,0.28310509645520943,0.49807549348418589,0.28118047420363851
5581,0.29430988368716787,0.46284727057093994,0.52269455706156442,0.30060027935072964
5582,0.2481568887758418,0.13666020596415038,0.47989696239415502,0.26602646838162869
5583,0.041636867663345768,0.66118508163850054,0.53719291867481156,0.31917847002233501
5584,0.85305850171922948,0.65185593504694994,0.55796052743509472,0.32269962755688947
5585,0.92909756275390976,0.55842959367266154,0.54732971150029919,0.31276570674444587
5586,0.55738012068365939,0.42879809614057884,0.52488588875809006,0.29819767638924327
5587,0.013350209502840882,0.031218075688171667,0.45825293317056209,0.2531787219641472
5588,0.78121806674523975,0.087992565360700256,0.4841904881953023,0.26275374550416636
5589,0.83549800136253471,0.2249323825307307,0.50305914733846779,0.2771725610726864
5590,0.18831880333510925,0.93276554599126105,0.57555680791479447,0.34988814310552552
5591,0.27372565064233495,0.74937394518068767,0.55710340799484681,0.33102527201330395
5592,0.23377099269238535,0.79595367453553489,0.56127393917522161,0.33568558417953676
5593,0.88106511526136888,0.68409207293352814,0.56233919953503431,0.32619685887911315
5594,0.49742924101239772,0.48846398469590352,0.53116452619664356,0.30435044605856826
5595,0.14464071351898602,0.3711439043129911,0.50619397439733615,0.28971695750294513
5596,0.24504266727376964,0.21455885118833978,0.48979301986040824,0.27410881466171449
5597,0.74338649374170929,0.82675207249267268,0.57753231613023426,0.34131382964860646
5598,0.2667657176211593,0.73546082296828974,0.55520685165766148,0.32948353031203759
5599,0.13036936487747591,0.84470738824020375,0.56295243815822449,0.33985533397553014
5600,0.52711801496461264,0.4206267673018505,0.52322467852446741,0.29722914132401923
5601,0.99160885238371566,0.49479674555511449,0.54004181529572204,0.30600846340040772
5602,0.9139987657182268,0.64561329873994699,0.55803351255573963,0.32210191858965931
5603,0.64925234302863244,0.61751199020860958,0.55037224448778577,0.31863076165707799
5604,0.59798558587102446,0.32449425557282524,0.51230424062635227,0.28723784260296353
5605,0.90201499783537586,0.90615765517827818,0.58941161208586923,0.35008555783760076
5606,0.16871104485125982,0.68009954731484179,0.54502209936545198,0.32270894638970293
5607,0.84910085545663028,0.62835421220575238,0.55498775294603342,0.32017163367649071
5608,0.12720922873864185,0.25484886001859564,0.49094820402202771,0.2773694012446194
5609,0.64075967116168475,0.22835651484319244,0.50057414057357585,0.27719233554461598
5610,0.34893840488101124,0.50041942402591233,0.52896594968744737,0.30493028747806461
5611,0.53821006355310097,0.52557451687614676,0.53670981507054893,0.3084594521677258
5612,0.67292668867047178,0.82274906628358879,0.57580492259229166,0.34072917371504774
5613,0.18356344493703219,0.57083226819745037,0.5323403786169939,0.31121498614272231
5614,0.61786380321866596,0.53298748684673336,0.53923754843731264,0.30949522581732636
5615,0.092099604738981003,0.71380797123456141,0.54583682249563759,0.32544253237877513
5616,0.44716332392391051,0.86351542080148358,0.57571778404670348,0.34431622402002265
5617,0.95386665582306462,0.64959661276467384,0.55904979633677576,0.32256872626405414
5618,0.68742731772019761,0.082858815648790912,0.48215928724154794,0.26206537580511602
5619,0.53787460822701694,0.54661511144913966,0.53933565395034644,0.31070772048746509
5620,0.13539914842097789,0.91445420507773534,0.57126354872317198,0.34735632023674218
5621,0.48571458988505184,0.45354362248441904,0.52649951649399829,0.30058331796965948
5622,0.28973250985952326,0.29312596375314753,0.50113832439856465,0.28262868329067098
5623,0.56930458607383772,0.86144829867003725,0.57833916311751121,0.34458788481240998
5624,0.19232393513285789,0.32678310163441349,0.50234161222761142,0.28547292416091546
5625,0.8017344392261585,0.17295014237653231,0.49574368931013557,0.27166169593289585
5626,0.72818696354768475,0.1258532069246634,0.4884685033014472,0.26661804013187884
5627,0.7708318815098727,0.5552332996737096,0.54467178865867838,0.31221171849115964
5628,0.074279300398158374,0.13416966466986341,0.47369409740723639,0.26434791719434447
5629,0.27450702316783138,0.49673074701632142,0.52630901254092455,0.30406696452038978
5630,0.92072737127110604,0.29914173857715215,0.51389506194316714,0.28510999039054874
5631,0.51736072360890684,0.018829207054933069,0.47081969065091178,0.25503720475670227
5632,0.98752575733884007,0.39005982284593632,0.52653497552879147,0.29482656287314674
5633,0.4915140225803829,0.20887410397400383,0.49523086216151962,0.27472153859433712
5634,0.062142790113145024,0.13532397966048448,0.47335847319623059,0.26433967131872288
5635,0.7416871123532881,0.33353996164357524,0.51590526046795981,0.28851444806231286
5636,0.39815125308354621,0.37847357979522783,0.514911326497977,0.29223029767981634
5637,0.0011645322077791208,0.90123940522189949,0.56316329709369151,0.34403317722026661
5638,0.022731964727060405,0.77546431361514845,0.54975053987502676,0.33102787930450955
5639,0.26130097452016782,0.34065689888322959,0.50632636507203521,0.28744849032676051
5640,0.92953224872940921,0.76591398551933232,0.57300742330112209,0.33504234059775378
5641,0.66209246295526392,0.85200669727869105,0.57908827849181221,0.34384594091171794
5642,0.023804659331485165,0.72240900055245738,0.54356565182110328,0.3254116480496988
5643,0.64584854943141112,0.1044641207637149,0.48436767755364074,0.26422986349969535
5644,0.74259905307466401,0.80541755738154752,0.57496264314739853,0.33901935623024954
5645,0.049584450874046893,0.32240503227672307,0.49625196962259088,0.28358550790533293
5646,0.036493057986872739,0.2293301773632993,0.48408251611552838,0.27374849642905796
5647,0.74870888326630236,0.24459184682600901,0.50441816092183045,0.2791168372209436
5648,0.17431412680189826,0.94115770071103477,0.57596469527671834,0.35063981737142053
5649,0.5533157910884009,0.74329653166722276,0.56385658356094337,0.33184445488612024
5650,0.47786281453439738,0.38551688673224999,0.5176897614177105,0.29331954494963736
5651,0.017801885559724177,0.85226295293624288,0.55843083175409991,0.33910841653006607
5652,0.062949494449340268,0.21654936263504207,0.48360612555771548,0.27273028935728655
5653,0.5101161961277132,0.63393721330069241,0.54955766957599905,0.31995616206849958
5654,0.9422163035615464,0.57973048298478824,0.55017840439313503,0.31506162468949733
5655,0.5081058695892221,0.68950162268531279,0.55631970567183242,0.32590581267256469
5656,0.64364618243615845,0.78059444923623245,0.57019599820605804,0.33612498205305169
5657,0.27513126184399006,0.038947712103498636,0.46803605405132281,0.25610871728583501
5658,0.34967124503642555,0.90364661370917465,0.57772367367827093,0.34807904688103697
5659,0.95743557838128179,0.90212548158542483,0.58968962761702715,0.34970706602142448
5660,0.5705068028071546,0.17034430892950622,0.49174072096681615,0.27092630031249698
5661,0.2189800746622379,0.13809323036373825,0.47920936642251111,0.26598065190554537
5662,0.23013918655173621,0.66698885291010379,0.54571282877942506,0.32187159068157134
5663,0.042753152050205974,0.18451034764331997,0.47874244387606685,0.26918964008900603
5664,0.03738705341111636,0.094995884658361326,0.46727239160590067,0.25993737922189564
5665,0.051495564463490157,0.68914919008173747,0.54100546829054974,0.3222849278717253
5666,0.74989619004748531,0.50819226242114091,0.53841022147928241,0.30713952661669297
5667,0.28301990245877534,0.23422590479472422,0.49342419577399138,0.27640799613055705
5668,0.61772768461284,0.53435170098604867,0.53940620733718392,0.30964078304966414
5669,0.89374933800835865,0.71368799251980386,0.56615137532564386,0.32939133431717432
5670,0.54327072383855701,0.61040083490655528,0.54738102209335171,0.3175541947184044
5671,0.79770759757839849,0.86297576654296138,0.58274102236847647,0.3453040585338546
5672,0.14190744515835541,0.45681536314865812,0.51673648077902368,0.29872553720471412
5673,0.76850358662150109,0.0192114655583282,0.47484204813581382,0.25560245140593746
5674,0.62436743215956969,0.15144492479768815,0.49020831464099163,0.26908463217182543
5675,0.75156259373667422,0.092174583859241099,0.48433636398407615,0.26314468841453886
5676,0.80751788640863964,0.98092193155320129,0.59674284217588502,0.35798745035948321
5677,0.4628771840783884,0.85916408128415944,0.57560221104049858,0.34392290656761615
5678,0.47797911738998961,0.048670557356381323,0.47399495265929847,0.25799332568893441
5679,0.26700296932292406,0.56697355865429855,0.53475445011859268,0.31149063250886438
5680,0.64279407743728956,0.53242006748361748,0.53963224004616073,0.30949993740854542
5681,0.85395468395998475,0.28557126714509218,0.51126486278058458,0.28359928670323375
5682,0.36808514725767311,0.39789029050694086,0.51660187557396442,0.29413846164399571
5683,0.9168293335842318,0.59206358091271261,0.55139470257245937,0.31635879946528989
5684,0.69947939155589556,0.28942501247216712,0.5095107337200343,0.28376191046531934
5685,0.40743553763973761,0.64721281407006315,0.54868893525586027,0.32092495446707597
5686,0.3252186829986633,0.53282839968282503,0.53232123625500749,0.30824252073185138
5687,0.11363977889363888,0.9249808281033649,0.57151715887943688,0.3482158397868092
5688,0.65743626442704117,0.50398661232878217,0.53631665214655233,0.30649551225157845
5689,0.64039168669687363,0.59466297528400325,0.54736997827919587,0.31615868803147223
5690,0.198193119015696,0.91176688838155251,0.57351558123759061,0.34774258466253799
5691,0.13317931602358588,0.62493593354354382,0.53694953906052323,0.31646560952043079
5692,0.90943089559070078,0.76112992445380656,0.57215438483372838,0.3345072707694321
5693,0.87890337687126596,0.8780280130352941,0.58575605127936892,0.34703653009650914
5694,0.74086851444920754,0.29752993448750348,0.51121441461460571,0.28469701753679866
5695,0.007695343357126694,0.44703344789900584,0.50964723384711796,0.29608082204773356
5696,0.92859164413708506,0.48071323349772721,0.53746809327751821,0.30444713627729725
5697,0.070632461656129464,0.88702330529800388,0.56513496570855482,0.34360166364843697
5698,0.39156429188718322,0.81403464726913954,0.56837941973332906,0.33872094202747616
5699,0.59284767141212946,0.3550158278807416,0.51614075006023641,0.29045943275799196
5700,0.40313709583018209,0.3173157885754132,0.5072353596175978,0.28578396959971408
5701,0.87294451696589825,0.30435218930990671,0.51397008750183382,0.28561076925050588
5702,0.31910945132785712,0.24924178040794798,0.49635271727074326,0.27819249462307227
5703,0.54367509627084953,0.15336102692711867,0.48901610196589684,0.2690745597424537
5704,0.16291001574344702,0.54736345191121805,0.52869011615634809,0.30852570073122737
5705,0.67527178809317989,0.95134405811767797,0.59102221800715349,0.35454830527956982
5706,0.21583172544987175,0.9362812761938083,0.57701994099263398,0.35053184889195216
5707,0.15050081721284658,0.58905825186494043,0.5332967032168896,0.3128325292373777
5708,0.63998576868878443,0.84784717508965401,0.57817035545867024,0.34334099543550572
5709,0.30919284487146653,0.2803205867910874,0.50005653367257219,0.28139917487245297
5710,0.95764134510235166,0.76941658542015368,0.57380282093944202,0.33544526156988907
5711,0.7053327104611905,0.28288099772840508,0.50875232422903749,0.28308142651476914
5712,0.9737898235977045,0.81533617211187959,0.57955777517581597,0.34039465558483867
5713,0.88380682602551541,0.72596256585087404,0.56751452410555081,0.33069867205039638
5714,0.9583599664962269,0.42730334362162975,0.53099478882375861,0.29877170308261386
5715,0.86425661125538178,0.53135528775543206,0.54304197567040957,0.30979284331832713
5716,0.13618998069217197,0.030545343879528813,0.46278014482051766,0.25430301460795152
5717,0.34812528140590293,0.84756411766355166,0.57109998098678172,0.34205840288328476
5718,0.1724852966375067,0.4689589869033895,0.51939572847748405,0.30030174129424453
5719,0.33940114405128408,0.68296806764294171,0.55115401782471596,0.32436978027688307
5720,0.46384512112367671,0.82047818217173918,0.57104167050749821,0.33977537052651346
5721,0.38493657473578352,0.78556966658135652,0.56480521994366484,0.33563150956786697
5722,0.69847669458839812,0.12219739569922676,0.48753992205444296,0.26618351046745448
5723,0.20341430030871416,0.042999975681945218,0.46651857727414836,0.25607855134418744
5724,0.076552411157370076,0.82356686228577747,0.55805162277409903,0.33692546003774199
5725,0.18248079402017173,0.098620851327280989,0.4730082411412076,0.26164145715437515
5726,0.38378708716543625,0.074828928429202649,0.47540497008832844,0.26034117986991279
5727,0.29036801923416788,0.1721714488644735,0.48566433262248598,0.26997327135937743
5728,0.63774330918331401,0.99619758648927104,0.59549591844408223,0.35926311917587567
5729,0.61334261915817634,0.96388776776607854,0.59126762567933067,0.35572618621393948
5730,0.6920968496695511,0.89872979400827324,0.58517193798689648,0.34893847098956737
5731,0.84441346306822962,0.50338064709439645,0.53922028830788127,0.30677336617459761
5732,0.50254041110329573,0.57474917560255856,0.54206758472251648,0.31358924852090414
5733,0.25618558818442982,0.64800228573995411,0.54430294909884147,0.32005382503061724
5734,0.77048066271260618,0.67144183389345413,0.55912509615024475,0.32467597849296759
5735,0.79957648410211557,0.2867462618215359,0.51067241157341692,0.28365037151229944
5736,0.88575736974576724,0.39628325648427709,0.5260761924998697,0.29539232877318
5737,0.95995765712956205,0.39433768895854016,0.52676077355350837,0.29525939016212432
5738,0.36580771153423702,0.1847454981715535,0.48925748319226303,0.27168306898273592
5739,0.88973275595376045,0.37498542594428874,0.52337505744766077,0.29312975809630182
5740,0.84857190389659953,0.040214561307395341,0.47868182927942798,0.2578778309670719
5741,0.73283967397351513,0.28767754034566462,0.50980789841511531,0.2836401956777968
5742,0.099573155490902732,0.33209133879122094,0.49956291968629091,0.28516513428518209
5743,0.48520834933436713,0.13366522061132127,0.4852907035854801,0.26683590045288691
5744,0.88081983883419313,0.57013877095355425,0.54815860544347117,0.31396786056797565
5745,0.80443757821241157,0.17634896906864597,0.49622995187201885,0.27202209472714844
5746,0.47573503753076074,0.96065763891785172,0.58779125685402733,0.35487043272618746
5747,0.39234965396308108,0.73457125297329628,0.5588926642945411,0.33020492062558182
5748,0.77998503871838332,0.055270719415054195,0.4798125864749202,0.25935184870695133
5749,0.54640993028812812,0.78845183298456256,0.56914495916943453,0.33666903767410394
5750,0.2131846902183839,0.85934813560316115,0.5679838986646808,0.34228159320433338
5751,0.071115279124432704,0.75914893077282464,0.55023607035253519,0.32999473546599273
5752,0.80828434785638237,0.7529090137003106,0.56968403560650815,0.33349101415440252
5753,0.0056894902702071702,0.58556672449283065,0.52632849887940625,0.31064281670581084
5754,0.33989414946724433,0.52335695756209311,0.53156740215968579,0.30732151361542959
5755,0.94355026866745906,0.91679612718151193,0.59123512867153627,0.35127042650396589
5756,0.32788239733324154,0.44621951920156139,0.52159309833645962,0.29904338453853457
5757,0.75872174661195613,0.26391786361160924,0.50709679986477696,0.28117338521017332
5758,0.61886695923717927,0.29558843581267868,0.50894485855142813,0.28423307865116121
5759,0.90974473110913534,0.23492211296943716,0.50532448616666181,0.27831029980695482
5760,0.65559798876842257,0.74513709136486284,0.56613904698969375,0.33234673282627436
5761,0.95077106614600648,0.36721278432476107,0.52313503798316263,0.29236429849322454
5762,0.77670589413916469,0.56982601965175705,0.54659495700908978,0.3137851994671883
5763,0.31767081421675397,0.14389425404701614,0.48275096686065516,0.26718360644885963
5764,0.042329389643634203,0.40059301319374935,0.50559952023281651,0.29167836957752796
5765,0.033511830011417623,0.02456595793660963,0.458243630827944,0.25272949323642258
5766,0.84158896603541222,0.17712308807404478,0.49682737527994458,0.27215197867621072
5767,0.50398946505385689,0.43861922739486914,0.52501458707636572,0.29906262739016692
5768,0.29706281879170571,0.24018303864073243,0.49458426518505799,0.27711620793195585
5769,0.078488283540529669,0.11906359366491671,0.4719496671977782,0.26283838422632388
5770,0.1540139860955882,0.10199031253907598,0.47250508852190359,0.26176662422843788
5771,0.94765294409549106,0.98066961054118584,0.59875876361541891,0.35813153496509276
5772,0.60541979867959161,0.98814542373128944,0.59391209388092481,0.35830477916704223
5773,0.54470334090486872,0.98464445773506304,0.59219632019535162,0.35772444814158683
5774,0.92367947333910283,0.18714333211953055,0.49917652352384256,0.273293394966588
5775,0.26751779294611189,0.377443507282401,0.51116172175353891,0.29137327562468923
5776,0.99290579535308066,0.91498712399253856,0.59166478852093873,0.35111708346102105
5777,0.5998557133624679,0.30743243572966894,0.51013387491605255,0.28543667937502487
5778,0.40468959490660344,0.35118117402176141,0.51159962370879397,0.28937088336610062
5779,0.52938997791724973,0.99162484321877131,0.59265198495494775,0.35841517971869852
5780,0.98859027960587997,0.92031935838501666,0.59223795957085212,0.35168654580153302
5781,0.84939547655148206,0.34230712373665301,0.51860077729905829,0.28960819022774686
5782,0.89278214966700187,0.43109550633671462,0.53065127864433503,0.29911086675557524
5783,0.58270674673329337,0.062112424341600858,0.47771103518743102,0.25968473455265101
5784,0.49221270051869798,0.99883132037132749,0.59260017612349092,0.35903587418296778
5785,0.51203275220618816,0.0034338728898786943,0.46868733260788292,0.25343745943406271
5786,0.8372106787012541,0.5074593610747834,0.53963517621713031,0.30719989772608708
5787,0.01945647644518176,0.47465310780269793,0.51359553905453426,0.29915149137351088
5788,0.49554207335073736,0.78408074150596518,0.56746327215970149,0.3360053152534882
5789,0.75122482709289773,0.72942224461796001,0.56591475915126954,0.33086898296089456
5790,0.10072177455696511,0.32813802261817038,0.49911562144888783,0.28476325120286089
5791,0.66036191990183435,0.91517556595184146,0.58651270006991629,0.35062725287123903
5792,0.17118892713064562,0.22216219975721324,0.48838767518573051,0.27435133665422085
5793,0.14027403731584784,0.5983717964724522,0.53402035715451557,0.31371680719362532
5794,0.2817943018236081,0.44933091935626002,0.52062537152633459,0.29908238097166501
5795,0.97386315662342826,0.07160279065171489,0.48433389697371892,0.26125341207857966
5796,0.16790453942845346,0.66135159354846695,0.54273407876190993,0.32070253269079912
5797,0.30970656652810286,0.17059064857830528,0.48598672141655352,0.26991820919267245
5798,0.28348329205588674,0.64444280046640201,0.54476128765838072,0.3198768305818564
5799,0.019817851269792301,0.15731525692980503,0.47434787934418543,0.26611841258052088
5800,0.56707830807875148,0.95521953073135812,0.58928560348845294,0.35464751530793986
5801,0.67045655040581476,0.28584669357788517,0.50857034031083892,0.28332337828019438
5802,0.37883405894042227,0.97050959943259374,0.58633481933473852,0.35542329899371639
5803,0.34376215159358692,0.93639543979455486,0.58135388474415628,0.35154990888607407
5804,0.50487891127549811,0.56088044416863714,0.54039517881533361,0.31211449614363307
5805,0.22172019383149455,0.40386961820336292,0.51301767662762088,0.29383233629525479
5806,0.14305642393653981,0.76513073646934937,0.55413325449911199,0.33150899743475482
5807,0.03051305553541752,0.45546392291864612,0.51178475001017965,0.29728608672864409
5808,0.18282803309966114,0.46009831592462724,0.51867553516923581,0.29945684924577348
5809,0.28438141098463676,0.79907789044376698,0.56337396950929308,0.33642561685891581
5810,0.90279248566053583,0.80734556673396152,0.57764983438930151,0.33946758101396646
5811,0.41305431913043145,0.96437195582062707,0.58658722395086571,0.3549595095919828
5812,0.011133903822943103,0.03402140784392832,0.45851194423374081,0.2534370102259158
5813,0.79244686180712887,0.14245696185467532,0.4915793195783606,0.26845374804004191
5814,0.11207846630926943,0.036650382296449971,0.46273015756169134,0.254721765028883
5815,0.11416048188809073,0.31369236830611485,0.49784135843674804,0.28338937547205778
5816,0.95449720612209055,0.84396801338534577,0.58274050932000532,0.34345541752067277
5817,0.67704452274726945,0.22910044975493801,0.50127454949252526,0.2773498706742451
5818,0.16040827583129286,0.61650425208235393,0.53701955124538159,0.31585167994059998
5819,0.82007294691134014,0.60653148649969379,0.55184519403681198,0.31778930723693211
5820,0.87798945320373167,0.55672656834287337,0.54643273970303075,0.31252714993841552
5821,0.81785116166680827,0.39545430462228837,0.52503835760501405,0.29521710574192883
5822,0.27313509710006184,0.29862325588221433,0.50135247944297079,0.28310175688569317
5823,0.016932303588942162,0.054362234142667151,0.46131095730582944,0.25556650627841498
5824,0.35959823509588607,0.96234020740400306,0.58482982212977186,0.35443059405744476
5825,0.45308617049892203,0.7210179706057418,0.55883835676134608,0.32905449976342616
5826,0.00046032973650144413,0.81275165021339202,0.55291140426876662,0.33462643463205793
5827,0.10081992713111686,0.8196461012269719,0.55871799956603518,0.33682456430019359
5828,0.04405678014588775,0.8113503407650744,0.55503820227671008,0.33516555616848887
5829,0.94295496700591186,0.75248795145315828,0.57155385690449578,0.33361233989991729
5830,0.67447508500282416,0.29724707792353583,0.51011899123995164,0.28453773835586743
5831,0.99644173070077091,0.13755026971934131,0.49340328680280793,0.26815154744040387
5832,0.4906246512195212,0.31452625319975197,0.50887853015125373,0.28584655640177548
5833,0.54531114801483926,0.49280515426952626,0.53274105815475381,0.30498310818742297
5834,0.10627333470369922,0.83670912868402669,0.56095819280498094,0.33871173751570199
5835,0.59456514547421835,0.79672704632448743,0.57115996622182086,0.33771740253869759
5836,0.099498191696673177,0.83201717898742067,0.56010400720757036,0.33812637911776228
5837,0.53576503766850803,0.92483676111587565,0.58505130100004921,0.35127441085885819
5838,0.6145100412689033,0.12917131003771209,0.48710821245484076,0.26673485937158364
5839,0.980292473125842,0.10086502262748545,0.48832491372693282,0.26430633477924975
5840,0.0047509913879563107,0.46127636726946808,0.51123829398521703,0.29753374979204211
5841,0.20963587100509321,0.056804122376570017,0.46848219793918289,0.25753615833491211
5842,0.88675707399869574,0.045889466628932861,0.47990231289158863,0.25850679350196681
5843,0.094719618597801314,0.85885163293167721,0.5630107612228199,0.34092508693277235
5844,0.096443466211657503,0.18028046747863993,0.480375932617083,0.26932727417411656
5845,0.19652424140706426,0.40445309964449849,0.51223300045339892,0.29369068690167266
5846,0.76324880150941898,0.40365463712654309,0.52528700675882256,0.29600502819560581
5847,0.60363117235334363,0.52194524968568001,0.53757765755761011,0.308274889329133
5848,0.85982147485244786,0.0065121794615290137,0.47429916734922872,0.25440461049956536
5849,0.93013965290748746,0.8494585351082613,0.58307186756963658,0.34402260773270138
5850,0.1808801745855366,0.64877940762477238,0.54171545937017829,0.31948893748950297
5851,0.66277362475959822,0.16649986298320582,0.49282575614174073,0.27074519995865914
5852,0.79877473689761247,0.73629066196460047,0.56751538078265851,0.3316900047905218
5853,0.18981595556730171,0.88776459659259999,0.57040602784889316,0.34509468913653119
5854,0.29066410255929226,0.26161852276563879,0.49714559247316381,0.27932504490778021
5855,0.12239848740816815,0.22080720885155025,0.48647454990696654,0.27378019659490366
5856,0.42426792158965254,0.74549781407202831,0.56106032708433273,0.33154248591424856
5857,0.21846002322767163,0.64863880264518092,0.54307964240050921,0.31981419130038868
5858,0.74584829239958195,0.93226285918172214,0.59005820441596168,0.35265488955705587
5859,0.53924243502198954,0.45723207403143168,0.52812237385890481,0.30116828264252149
5860,0.94799605179018109,0.22192398737279001,0.50406673947618041,0.27697581320802911
5861,0.94141092816101157,0.31971812101214897,0.51683777360785832,0.28731092561278182
5862,0.21285677719932283,0.32329475203299668,0.50259169295918582,0.2852693034390143
5863,0.51715598125135298,0.54965607001833849,0.53926791776069227,0.3109596607840433
5864,0.5508135308293044,0.47565567174981116,0.53069147936200423,0.30317094547799384
5865,0.9579255163185183,0.086968506574945065,0.48621946907040964,0.26284046977467868
5866,0.82968046739288837,0.61153678867915884,0.55261142573743238,0.31834021361317394
5867,0.23156508690941846,0.54895621764817049,0.53136414952466915,0.30930058119798687
5868,0.26561523403086468,0.95079941443469151,0.58048737992127941,0.35252030227405118
5869,0.61520492256236037,0.32556562178368914,0.51275820321636822,0.28739662007836841
5870,0.20552882617061261,0.027995348916004879,0.46465063216484687,0.2545573660491095
5871,0.21101282119263198,0.47029156167051989,0.52093654181513172,0.30077769400629184
5872,0.47566114748847904,0.16683275719381638,0.48942619788747865,0.27026418187749618
5873,0.076340225026186093,0.21346984770969724,0.4837660645365866,0.27255681846654617
5874,0.20741604515741346,0.070339671744720542,0.47015619552289933,0.25891097117657585
5875,0.25807462399037323,0.30377131629962245,0.50155388196757311,0.28354338394836393
5876,0.88620601674265931,0.52200868937299827,0.54216055397690832,0.30881881958416485
5877,0.24327704753793078,0.94028788604947044,0.57848889654989655,0.35120779534887231
5878,0.27756236842173387,0.76190919429993953,0.55872750123996395,0.33239571654055711
5879,0.40347293232249798,0.30778591347596379,0.5060232076779968,0.28477956030772456
5880,0.17587170550791781,0.031154511871293655,0.46414802321925552,0.25467186422690058
5881,0.69546750248820755,0.42766528261833592,0.52727942868769329,0.2984345402449512
5882,0.37945231418568875,0.55698882148087725,0.53683429760794488,0.31113142601086308
5883,0.225017994355422,0.79291605721263914,0.56060005861800544,0.33528460680983191
5884,0.74768829966551864,0.25453369407333665,0.50570481133219614,0.28016407010931155
5885,0.99288557173324521,0.67419376101362294,0.56258544045142655,0.32524266643146854
5886,0.39007544482079104,0.79278582031872358,0.56580892740375766,0.3364339678720723
5887,0.8229846320330515,0.59743714664137226,0.55075334392316511,0.31681816188099471
5888,0.22559577847636539,0.86007773192814796,0.56852726771123241,0.34247257456801389
5889,0.33215582064514748,0.79513177851127692,0.56441099415663865,0.33633664310568079
5890,0.4060697607392329,0.36322422912622571,0.51316813054285892,0.29065212346298036
5891,0.26384784548013707,0.92586403577978493,0.57754523850335715,0.34983783249117295
5892,0.28040411528245318,0.25213458158822033,0.49563948008997033,0.27826753728266002
5893,0.27280928126763321,0.37730271540681137,0.51130553839079707,0.29139412920001739
5894,0.10018351506580367,0.043657183239108416,0.46319867486714267,0.25532999759898106
5895,0.98572655688734956,0.29972657673131908,0.51474429783016729,0.28522898706896765
5896,0.87405364272765584,0.89373200847328416,0.58754520260068777,0.34871794793879007
5897,0.29961693327351241,0.58624217754820129,0.53814922458164005,0.31377425596373393
5898,0.5510025594595005,0.2393974017015309,0.50038864332211086,0.27811931173410964
5899,0.69575398366207963,0.4829993307822501,0.53432926152338811,0.3043397217167616
5900,0.02137995498281671,0.40098755120855062,0.50467080408789855,0.29144297362124771
5901,0.99485499895591056,0.38967833995210244,0.52657098474301722,0.29479158112121823
5902,0.13080664729595884,0.88966551282663131,0.56819943925312411,0.34465737085035159
5903,0.36838762055543484,0.47376787534997566,0.52616553499501983,0.30220056979690629
5904,0.18045311014709298,0.3167780369884684,0.50067174521323021,0.28432370021362269
5905,0.047288978470477742,0.71304325807631252,0.54363748805615431,0.32476329308427293
5906,0.1040899320497294,0.22808572937849675,0.48669890614516975,0.27435943579333938
5907,0.55064022767954746,0.59294544859357412,0.54537491877047761,0.31570945225857833
5908,0.78244084158310434,0.033920385678752794,0.47699426170781206,0.25714305684495303
5909,0.73753157200991415,0.43505580567800212,0.5289110652419613,0.29930568028345678
5910,0.36884791364503328,0.7620057519089547,0.56153399063350029,0.33301320244862942
5911,0.057213369841466195,0.64889425749342189,0.53647560391887272,0.31809047830225484
5912,0.72196601177213016,0.2423423685273505,0.50371841653487703,0.27883262748567955
5913,0.50723685324467949,0.095142589991388388,0.48067878629138872,0.26290002163067305
5914,0.21927857782720822,0.14951087499646237,0.48068218631429888,0.26716570080249591
5915,0.5848817474645911,0.67583234423504912,0.55630680033740365,0.32470611059332538
5916,0.87996333786720649,0.67221713521421189,0.56085972448709409,0.32492008261479594
5917,0.98886654803768037,0.22439052792381264,0.50485996707112413,0.27726896937776874
5918,0.25526833044545494,0.09858518832881237,0.47519813153001189,0.26213206675587025
5919,0.59006797572014624,0.71863796356274978,0.56163783049601301,0.32931678357456456
5920,0.66018040916750909,0.61112692609039365,0.54978115539179939,0.31797333479269602
5921,0.46154483307279881,0.91425821816375252,0.58203945575989646,0.34982858771664638
5922,0.37130985634896208,0.30868969186731848,0.50533788350223108,0.28472133064029997
5923,0.78427696043384498,0.46934517367718509,0.53401236712681721,0.30304649568847253
5924,0.13888886622003047,0.23965165961500026,0.4894616986290718,0.27589375201097965
5925,0.69462844944976965,0.013494371340319049,0.47304153306940405,0.2548942594705938
5926,0.73235400284772045,0.66005872262626653,0.55709779629608847,0.32338262957941727
5927,0.52388481255659136,0.25175258858330785,0.50146010839052491,0.27933626123120231
5928,0.3615206079027965,0.99765255942494846,0.58894724679210486,0.35822445580656748
5929,0.80189933706134331,0.62306128517884063,0.55362939252947185,0.31953496178837393
5930,0.60355658135366397,0.40073873278786198,0.52220573588979713,0.29534648045333489
5931,0.23366066209512065,0.73766679686823633,0.55433482869073269,0.32945206376646419
5932,0.42312651520451766,0.28829501982651418,0.50399134363232123,0.28281088164044133
5933,0.082620435112051208,0.077908776168629984,0.46689891290619867,0.2586619525620647
5934,0.944670582827984,0.93142825084786163,0.5929700604455197,0.35284290688293118
5935,0.15703219363827958,0.36407552530098475,0.50577157231832914,0.28908888170616592
5936,0.43122787125735779,0.013956804568355437,0.4684780165775157,0.25425467133319829
5937,0.49124330944676187,0.22208878119782313,0.49694259178584149,0.27610766312344981
5938,0.20889403336808318,0.13824407894125909,0.47891745406425568,0.26592543576433658
5939,0.89583211756943493,0.51668830019208845,0.54161581227643463,0.30826037734128237
5940,0.61674020318886036,0.379736146768753,0.51976018191952134,0.2931485597677192
5941,0.13042957874067362,0.61642902259154952,0.53580760532984884,0.31553121942707213
5942,0.035097242209396792,0.3088067563939258,0.49391874209463232,0.28198833262313688
5943,0.57734638637403257,0.62264613999516005,0.54960782934458718,0.31897830838144142
5944,0.05950989936826518,0.96466695143877301,0.57348727944729905,0.35170725849845497
5945,0.54706643277119149,0.13967432612328559,0.48728523049611139,0.26765513823647324
5946,0.92224826678471872,0.35672871282465057,0.52142252769493425,0.29122261805666994
5947,0.82817544697121492,0.54923183300540557,0.54478348981446334,0.31165889339769742
5948,0.065056585492321753,0.36704814240325945,0.50246706566916988,0.28844104035472956
5949,0.56836175551015189,0.386048999422614,0.51965076766995355,0.29368414308757529
5950,0.2063611433722661,0.78130254025371981,0.5585394743037575,0.33387478095977535
5951,0.35828011913661612,0.59678710157548776,0.54116722353726421,0.31526521661166723
5952,0.018912287705659402,0.97995223575375279,0.57310385921084872,0.35269470422518967
5953,0.89983725010041382,0.55266660832011849,0.54621782719678469,0.31211741355730666
5954,0.28288541045429888,0.76420619787919564,0.55917619744433622,0.33268138238040473
5955,0.77161976734547644,0.32033353554444621,0.51464348080039657,0.28716468623387909
5956,0.89188316434688175,0.85301935130996875,0.58296767488287193,0.34436435914652902
5957,0.42468297766958135,0.65832932497836882,0.55049589819798384,0.32220120900186749
5958,0.30476278901706683,0.67404355145000161,0.54902624451642879,0.3231896464714919
5959,0.70039874403778235,0.7512299822583679,0.56769474448560375,0.3331080239319435
5960,0.12435874801756583,0.99109608233239277,0.57955654635805831,0.3553982034105535
5961,0.053711725020210731,0.49707528300940762,0.5179546522884263,0.30197662171358508
5962,0.47988775812069656,0.088908675621973826,0.47931895013548248,0.26216465497396274
5963,0.76309896666783605,0.83627843344762232,0.57900038895994355,0.34237498056825444
5964,0.09014143575633643,0.80017250778638993,0.55594894204466982,0.33461336172369643
5965,0.58073646215490293,0.67908804477868834,0.55662056972056806,0.3250425335323805
5966,0.038989314255386126,0.25100117022771157,0.48689703812271617,0.27602490861268547
5967,0.57716335797026996,0.62781067093632881,0.550242114173219,0.31953137112088142
5968,0.71356502278443656,0.68326185115106641,0.55963337503664146,0.32583546300583754
5969,0.86038170078831033,0.6000621786671575,0.55162279818524629,0.31715101175583921
5970,0.19307469832036878,0.86522950019590794,0.56790755209639099,0.34271856338381507
5971,0.82692262147582374,0.63032668836578964,0.5549085829720275,0.32035239899333101
5972,0.031606091702857525,0.43130967302004575,0.50887777095229991,0.29476220039937678
5973,0.74076607187109766,0.73285692291796445,0.56615882071313373,0.33121797707583722
5974,0.17013842936715812,0.5879408533399576,0.53392315639643229,0.31290811537497792
5975,0.31886322747670348,0.6199064662813093,0.54286135071608765,0.31749574680688014
5976,0.94053159401352748,0.25350353580081136,0.50814429275125106,0.28030097436497436
5977,0.29814492999858921,0.23612816076722229,0.49409506780250734,0.27669788105644755
5978,0.46705418329729004,0.95597654853641301,0.5870319935321745,0.35432890727800737
5979,0.73583108694400867,0.94907158843915684,0.59184971260888242,0.35443984734066208
5980,0.57344790794086875,0.69988201294102481,0.5590106186979672,0.32725096145997346
5981,0.86411381646461094,0.8185979332016432,0.57845189216118131,0.34063088533400587
5982,0.98524166843882999,0.91370549690368363,0.59141634122485742,0.35097367782254901
5983,0.52872946697179002,0.88260588109510718,0.57993911764648076,0.346714536651265
5984,0.51397813960713101,0.49750789327375822,0.53266616417048207,0.30537668463609641
5985,0.47123711586041611,0.865613749367802,0.57657132744292738,0.34465295508997185
5986,0.78909381806965684,0.1545425487320288,0.49313455887453062,0.26971414430046553
5987,0.95931691174305744,0.39810854696939935,0.52724059270634926,0.29566048304700948
5988,0.68864159241173184,0.25324820171495671,0.50461963079652583,0.27991871876417013
5989,0.57606381446492161,0.67336876125117995,0.55582372621234011,0.3244140914119491
5990,0.6694664051259519,0.7196920306439395,0.56330417719588399,0.32964798052405742
5991,0.91545135396822597,0.17068572360425024,0.49689536500331272,0.27155716784655454
5992,0.40395893536621008,0.015004858453094495,0.46803262133418971,0.2542590202246327
5993,0.80869981549520753,0.89520976224836191,0.5867325211539256,0.34878529000656755
5994,0.17755802456067177,0.26424457035850502,0.49393891091522663,0.27879580137974841
5995,0.054084052912646438,0.52297303097614789,0.52112789153535777,0.30471547844293612
5996,0.20232803916275735,0.57665658469930059,0.5337386864754663,0.31200339143083461
5997,0.53525580487962576,0.10688366182610626,0.48275721011806971,0.2642046541854805
5998,0.10363456782005961,0.48931137966805838,0.51919715498364161,0.30175716438244188
5999,0.87354544540852075,0.51041469074595958,0.54051862375422721,0.30756303229265292
6000,0.80843694399305388,0.57999506753230246,0.54835479185827474,0.31492623115935264
6001,0.88955967115071843,0.87999317717523085,0.58614161907004059,0.34726035047818132
6002,0.86902734788287206,0.80494400188751758,0.57688242735656625,0.33916950083084169
6003,0.29779049573334632,0.52837825129601401,0.53095380051086782,0.30759310499769116
6004,0.65279559985870728,0.58255118038420339,0.5460909451459065,0.3148922994621467
6005,0.40570597931480734,0.52972368238678902,0.53413708058250831,0.30835588545760456
6006,0.93820091024491703,0.026141864891618027,0.47783841283077527,0.25650810317742007
6007,0.65512959419331751,0.68308892108994768,0.55856578644508748,0.32568186161568347
6008,0.011579705434583594,0.59274707676608818,0.52749357481504278,0.31149120193421281
6009,0.055085824334004434,0.24265465031504865,0.48654732689444002,0.27534832515245783
6010,0.46772917596882907,0.99099791900491108,0.59109252132214885,0.35808679104722269
6011,0.55724553479993488,0.26485119060619039,0.50381512993638833,0.28081931523518094
6012,0.67101929932521898,0.95940497229689503,0.59188010196220497,0.35540304217866919
6013,0.6313479350149982,0.12800216872481396,0.48723757171142729,0.26665172396096304
6014,0.54528276931046271,0.3011659839185537,0.50828252210431812,0.28461719560427212
6015,0.25002073670228708,0.55508701191061416,0.53273767425498753,0.31009751408617175
6016,0.25330283468345882,0.25203054661197821,0.49482635348234771,0.27808187321288619
6017,0.26121540218844314,0.35035397986889583,0.50754965405855745,0.28847039410689468
6018,0.75754896984923403,0.045609934769768733,0.47821866563318799,0.25831765046048633
6019,0.57894211715500576,0.46030404225325916,0.52931544918923867,0.30162085606070982
6020,0.46309981393445049,0.50701617103660246,0.53270961938733863,0.30619348020713932
6021,0.7112661168341875,0.26615249622625997,0.50666478276504545,0.28132519984447152
6022,0.85585082817055513,0.30974473448825302,0.51444849369757806,0.28616175082964851
6023,0.029352285470336213,0.11061671756928554,0.46890139198755509,0.2614434170527638
6024,0.20017252818577691,0.39374985875928542,0.51102059910836473,0.29259085292174264
6025,0.89131851540930807,0.39080973412521419,0.52544231915856243,0.29481573824655832
6026,0.39121017952637049,0.061833583678689324,0.47387780392174084,0.25903009371003671
6027,0.15653385655080201,0.05363067134387093,0.46640763087683568,0.25682382491067129
6028,0.0044853022158960814,0.3592426209992613,0.49872415252106705,0.28684312747072294
6029,0.33563636256806784,0.21524391990889563,0.49242584794264616,0.27472023672651641
6030,0.90357301275191138,0.86225868522628446,0.58423252289810046,0.3453704801508955
6031,0.74188502217045749,0.73171802593016766,0.56603891948499052,0.33109778523073796
6032,0.30008979250992418,0.63560337604087547,0.54420668288474028,0.3190484716403077
6033,0.20332432619851315,0.45753769659112442,0.51908556480234802,0.29936233000263923
6034,0.6858711980337161,0.74420412038184014,0.5665830032250565,0.3323201539416995
6035,0.74600033619041783,0.55299752566075189,0.5439959745154439,0.31192779306830731
6036,0.34544591790960405,0.33997342280774612,0.50865147715717374,0.28788869064238343
6037,0.37759054875288856,0.24150641851221447,0.49687417691737917,0.27768278613502878
6038,0.37258932049690052,0.48194192919534401,0.52730189746425604,0.30309305166610029
6039,0.93982453220750917,0.82097747773508312,0.5797921380655332,0.34097091104033056
6040,0.32451041558213767,0.89935732079647723,0.5764547074460673,0.34745334694291069
6041,0.74906233758217422,0.81000537296334518,0.57562213535653839,0.33952494541017603
6042,0.25937346552734963,0.14068881422417473,0.48073959417149192,0.26651491201531891
6043,0.33257147122003372,0.69376895849652365,0.55226057816341878,0.32548299510844769
6044,0.59769448445072626,0.75402507669046759,0.56608351687770331,0.33314019636481934
6045,0.046848580478958325,0.87709440121446969,0.56281033317440143,0.3422004896642622
6046,0.49578328338497085,0.85719336813705749,0.57617284559199855,0.34385515605521128
6047,0.20925391119023554,0.90446612507960533,0.57309188359424212,0.34706871645620252
6048,0.6988972148392234,0.69588498629723916,0.56092552366974024,0.32715934315499218
6049,0.82217738985646283,0.82479955479475908,0.5785685826680389,0.34123928098329603
6050,0.8459449519117247,0.30553325741674053,0.51376616027530098,0.28570304320096901
6051,0.49687130211460173,0.7039877664171742,0.55782484539811172,0.32741539805790232
6052,0.47690570025780477,0.72769903130737368,0.56022909629760798,0.32987640199525509
6053,0.027567479285888843,0.64586595612865638,0.53466576517396835,0.31735107609584018
6054,0.060223510019376411,0.42886074607878694,0.50988866079644146,0.29487268615891188
6055,0.64870468929446079,0.7212718371037744,0.56311001978586761,0.32976554824033522
6056,0.064884113223932213,0.47803588211623721,0.51613460444010728,0.30010971232516304
6057,0.81607421137936187,0.26526086483880645,0.5080926911659629,0.28140207047718796
6058,0.65132918910464499,0.71741862156057035,0.56269020548146864,0.32935847963767323
6059,0.053121478308446241,0.41958011840231485,0.50842782380859619,0.29380872222470827
6060,0.30436251608129822,0.00016309584361733867,0.46375934800025098,0.25229141481268413
6061,0.97110640768784806,0.040005005959456323,0.48006021452218889,0.25797012616938747
6062,0.20698447916920998,0.4155464779284434,0.51398022461007353,0.29494911830729231
6063,0.50276502609917662,0.51076991219361079,0.53408535263399326,0.30675122411003258
6064,0.87366824007601251,0.86740521849273944,0.58441934769326309,0.34588860265313059
6065,0.86166757945202987,0.40371946319931884,0.52671321460734211,0.29615577613143967
6066,0.44395536540156466,0.2983562881833059,0.50576665043748115,0.28395929943834203
6067,0.36229150742370403,0.30103231484418502,0.50412721833578622,0.28386857807915861
6068,0.71516612510193378,0.15384798762368737,0.49197688525985189,0.26952221303349
6069,0.92564640672950782,0.67988849272279772,0.56242935070476718,0.32579465334128122
6070,0.68681992166017891,0.72634635471807563,0.56442975532914563,0.33040387870587024
6071,0.76604777166520943,0.4377651871048962,0.52970338377044113,0.29964537279446668
6072,0.0097428613699390553,0.48525130314956189,0.51440681905702967,0.30012712716465373
6073,0.018325177786045241,0.89055082228296678,0.56287381441740436,0.34318546207840428
6074,0.21125836353920169,0.66531622835252202,0.54483894717389347,0.3215310034946961
6075,0.096229254318343019,0.52802763613794235,0.52362303862603587,0.30576825501280275
6076,0.1983670283022686,0.056451769784849608,0.46809510186585729,0.25742238959367292
6077,0.15660013952952578,0.58112377668792625,0.53257017614804192,0.31205055838085366
6078,0.59605886358023852,0.39277918966318248,0.52104601837135944,0.29447937290493492
6079,0.35473055434048878,0.55478040543113605,0.53588297011223496,0.31075892595131832
6080,0.059751427793002229,0.62627457598288316,0.53388304418091947,0.31572505083060826
6081,0.90320858698660744,0.39975809947560775,0.52675223336338473,0.29578174027272958
6082,0.2454405809688964,0.32465280579529937,0.5038105007325816,0.28565273789667417
6083,0.36934842537102525,0.18108434069150828,0.4888710289989816,0.27131754730161101
6084,0.15285115161811702,0.5642555105739856,0.53036638842002803,0.31022066794395498
6085,0.73434440086336117,0.50736605843285798,0.53805563818594715,0.30702216317874803
6086,0.85314308583758547,0.15262734744405607,0.49372960636685492,0.26959712245219619
6087,0.28116549055153739,0.99229427121077907,0.58578463868849195,0.35708406924598862
6088,0.22468982924429001,0.59081110564818373,0.53626075422181574,0.31370126292673578
6089,0.73132967701981544,0.75997059616270712,0.56929118932989253,0.33411274955083187
6090,0.76019242852126478,0.38759688569315476,0.52317439236916874,0.29429040573696696
6091,0.6649883832008695,0.43959616099441196,0.5282807807345774,0.29963914138941833
6092,0.49874426185350168,0.08773004616660765,0.47953919899536701,0.26210387248482458
6093,0.98361935150680369,0.91731244745502483,0.59182053794211031,0.3513598273476719
6094,0.64955702037030139,0.64099174897345945,0.55328275230018398,0.32114986397306594
6095,0.84289529947071573,0.24189881792612142,0.50538993030376878,0.27897081701214904
6096,0.38501958081553456,0.7465816323056701,0.56013666673421214,0.33145206242322378
6097,0.57993572950811367,0.039314728297025432,0.47464755665047503,0.25731890056373791
6098,0.64418818536178446,0.65343746616238496,0.55471734179230814,0.32247139624818122
6099,0.29258507888523166,0.60995487898654532,0.54083955036491993,0.3162574192199214
6100,0.57912336266407516,0.97744255580260653,0.59212131085718933,0.35707256549540495
6101,0.81664573943690633,0.44691634818891762,0.53162831310840231,0.30070145484103533
6102,0.48169246996660953,0.1890717072401778,0.49244995268855163,0.27261185235794383
6103,0.23439722276037794,0.3041714365845663,0.50086955500026309,0.28342007488897814
6104,0.9779059406751418,0.32235913856852572,0.51761585789148967,0.28762248924515132
6105,0.11833669150102651,0.0026987428127438762,0.45861909535490714,0.25132195982953554
6106,0.62122925849797905,0.90998708288766217,0.58513786052611072,0.34996310709344813
6107,0.37338042044324105,0.78592524394042562,0.564522862580495,0.3356036732218598
6108,0.68644471880918134,0.77308457509846196,0.57008812944156817,0.3354245994260826
6109,0.66169589477119739,0.21585916323451093,0.49928953598930814,0.27592397385880002
6110,0.82176393610193632,0.25939141366364205,0.50740164502375995,0.28078978678280053
6111,0.88932252243856214,0.73876609192314791,0.56915473449678122,0.33208110499941335
6112,0.58001080785301751,0.95349291810201253,0.58936397694961618,0.3545058180664698
6113,0.17024134636634264,0.98201373113141177,0.58048032139963746,0.35495859630519477
6114,0.32617465191729134,0.63682144123989859,0.54514733613576905,0.31935037952236361
6115,0.026851475068053698,0.66512848910387845,0.53692719396019117,0.31938192787657427
6116,0.45414932472588265,0.45743307808629474,0.52626591125067967,0.30087025000913498
6117,0.6164600832605619,0.60892713701362955,0.54868703085583281,0.31762326691405585
6118,0.6353310501247994,0.14656267192469677,0.48974989802776281,0.26859924286828851
6119,0.59777536561681188,0.48481829232225426,0.53278525231272533,0.30429151460095688
6120,0.60621415538495649,0.14883766118594213,0.48955426913899558,0.26876879038118207
6121,0.28829725551021984,0.16455733840874165,0.48462675132759442,0.2691686766238971
6122,0.68813868186637994,0.51012327594155216,0.53763102928269069,0.30722220793202637
6123,0.33654828188758112,0.86273305779387011,0.57253701086286946,0.34360964308627256
6124,0.68481347649864632,0.4682193938939716,0.53226673738574526,0.3027376221561186
6125,0.81092965306293929,0.0038547008293331603,0.47333995289646336,0.25407375484356304
6126,0.85192344518270113,0.30180525579155659,0.51335977575575453,0.28531561092500923
6127,0.081789255278033671,0.48876617395748617,0.51819652868567256,0.30144760776099455
6128,0.67053989016468407,0.16013417122553802,0.49211257265483332,0.27009466514780694
6129,0.58101982746113801,0.11238920736467699,0.48431608394802095,0.26490287406539481
6130,0.2066420923986356,0.77655961019276887,0.55798756434135033,0.33337047570145545
6131,0.99607886936819423,0.8039289846685832,0.5784657360398946,0.33918602363129713
6132,0.46376972047562015,0.60381691490974043,0.54476785039446651,0.31654285461806519
6133,0.16058402957924411,0.38496214636535153,0.50851277236176795,0.29132043643517991
6134,0.44365439963618991,0.40658970843894643,0.51958613341740689,0.29541850431434391
6135,0.48216995181635725,0.57581307937713577,0.54173450253285804,0.31362295276805219
6136,0.82886582390730046,0.97437063604461738,0.59631697345518597,0.35731681573367902
6137,0.33601176053195964,0.82192129222195365,0.56770681863026362,0.33923246676987961
6138,0.93228978348256786,0.29515255407103108,0.51351435694539926,0.28469859101577821
6139,0.69682705611087159,0.73259574092120172,0.56536887356290133,0.33109798939805962
6140,0.75865486311655261,0.35787666565018006,0.51931577047794997,0.29112770449511322
6141,0.91616323615357975,0.80886380624481247,0.57801678440988247,0.33964519383733555
6142,0.7682639442006941,0.63220429464302719,0.55423998770694971,0.32046005341764056
6143,0.18456598079669057,0.37172990146299129,0.50771979429066449,0.29013792000972732
6144,0.71951025795772439,0.44407834996274903,0.52977324335956144,0.30023353524625701
6145,0.19363120645460441,0.50479618760353184,0.52459550227684904,0.30428985327652008
6146,0.87537859532359297,0.96842750593844107,0.59632461451889651,0.35674128074814937
6147,0.43771103917317233,0.56811496850800469,0.53971560367775706,0.31260841389976768
6148,0.12328664998515743,0.98149540724660045,0.57841646825750537,0.35436146714967887
6149,0.12182325291392627,0.14733435252368218,0.47715233962548947,0.2661637552864507
6150,0.038307664590037892,0.54363840855528833,0.52289342593051202,0.3066873122822848
6151,0.76982088398941562,0.93102912700459128,0.59031705723974759,0.35256740591975405
6152,0.13558236538517521,0.31231948722394881,0.49848920329065011,0.28345516155504574
6153,0.17091284519376931,0.68231924907307839,0.54537465903978155,0.32296749772846756
6154,0.55862386688500409,0.053239237174147275,0.47611545330859817,0.25870415151713899
6155,0.64022847550407747,0.50634256704155123,0.53630203198632298,0.3067048754274565
6156,0.8381279605022981,0.0095932513375650164,0.47444917891540683,0.25469861730720283
6157,0.83187620406352225,0.71754501649708258,0.56573302145307369,0.32972608105780893
6158,0.89050561551084984,0.4481739571484854,0.53281213861893117,0.30093078967522169
6159,0.52752169108480451,0.68264873058457165,0.55591995403678551,0.32524389271857185
6160,0.62048882735940869,0.34570694119354012,0.51545259692725098,0.28954524613956173
6161,0.26800965387102915,0.74863107715795052,0.55682466709303957,0.33090207087830914
6162,0.06327349499688717,0.70550591155212605,0.54351510836126404,0.32418433749058584
6163,0.54687803560203174,0.47287587000393544,0.53025917214853502,0.30286158817271935
6164,0.99190412991583576,0.28213922577163902,0.51250682991476926,0.28337126696770942
6165,0.41433939254771684,0.96932179219963732,0.58719381270967486,0.35549692771767522
6166,0.081394190685648932,0.52677347609197023,0.52282487607628991,0.30545998984211253
6167,0.45086858860518553,0.87498040244310393,0.57716313633605298,0.3455641352331843
6168,0.58923686107503026,0.22110797604025575,0.49872125541792151,0.27630256311082102
6169,0.10945879261222435,0.96038355564515809,0.57538555261807423,0.35193736793174868
6170,0.33081576533251211,0.88110169762904988,0.57451632916707573,0.34554004950353434
6171,0.49593528198447312,0.39280468819962122,0.51901658753975166,0.29416127123824376
6172,0.9258180842973176,0.23513982596813005,0.50554842349873219,0.27834897514129397
6173,0.57592286604590492,0.4265845087680617,0.52497298226618461,0.29801856148389955
6174,0.46814582445783309,0.83007964935781209,0.57228934503684403,0.34082526565250182
6175,0.10651801933114186,0.4856381570825703,0.51886652745564055,0.30140098956537953
6176,0.26206024070360001,0.32160367369489978,0.50393707735223292,0.28544645242463179
6177,0.34587521415521627,0.22663725001417334,0.49415826015753656,0.27596648462142731
6178,0.53342608022611815,0.85976717732617403,0.57735037919527654,0.34428007876273636
6179,0.0929923410271178,0.24833732375792461,0.48881246101124076,0.27635250029793845
6180,0.25770427641965216,0.62877115256116967,0.5420145446522755,0.31801236790615228
6181,0.67062922473392694,0.30717161296467532,0.51134311749263339,0.28557978909232618
6182,0.99464146526065889,0.70104091736193519,0.56591730477271762,0.32812786933741966
6183,0.74886910394997108,0.50089655477864437,0.53747036432957673,0.30635746932272717
6184,0.29759623970430116,0.72589618246149035,0.55506141439669243,0.32868753716977123
6185,0.6575923029437778,0.90479105910699587,0.58524044074873149,0.3495048217977042
6186,0.20903576175345809,0.81348048026304465,0.5624428348332261,0.33733908728562317
6187,0.32138949940117312,0.6365638330211747,0.54497304471058616,0.31929225456069343
6188,0.8730246970895561,0.18949325593711111,0.49886753584349947,0.27348822812792917
6189,0.62307849868723419,0.52651518332628777,0.53852322763419913,0.308817036644294
6190,0.96005879010868966,0.16714085126403952,0.49694324805771495,0.27122492979532042
6191,0.96149679489509432,0.3191405369264656,0.5170027876945601,0.28726745684480609
6192,0.58553588331922657,0.17311150148647139,0.49237613489002702,0.27125616770248451
6193,0.69007441507886402,0.18852341473527487,0.49615935825815777,0.27311003275060236
6194,0.28524658955443882,0.58767658459822414,0.53787898478407914,0.31382869994098672
6195,0.4999009866765351,0.91666872727466986,0.58326260553809961,0.35025600569832077
6196,0.62206696881327084,0.47434585224887127,0.53192148538813477,0.30324014575962893
6197,0.96309028298471833,0.12403429143548711,0.49123351217771516,0.26671255955107565
6198,0.61812796623912869,0.98251269478859615,0.59352220218703444,0.35773882369652277
6199,0.59650061773207275,0.3623851453718846,0.5171566675075876,0.29125157440376281
6200,0.77878257748148172,0.34004327393245187,0.51730809559405366,0.28926704802125841
6201,0.49335793149002133,0.21257304662150564,0.49574998064923759,0.27511599035571671
6202,0.87904855751680444,0.87668391743722607,0.58559872297061133,0.34689227631638986
6203,0.46868286124094155,0.44848984904797984,0.52547443667007887,0.29997795635265329
6204,0.46660401064063189,0.94884396992122066,0.58619364284865083,0.35356190605532251
6205,0.095364743815793199,0.81600710025924494,0.55804391354114091,0.336367527478387
6206,0.51571707916028109,0.4333443571320153,0.52459868991844583,0.29854314056979264
6207,0.67425985050419113,0.99928361222167739,0.59655817248167742,0.35969021309339511
6208,0.27551051741872218,0.92690541714472929,0.57806489958706708,0.35004290971235857
6209,0.56486324399589805,0.21199998523349642,0.49708294324085905,0.27527876079165775
6210,0.37044016149140663,0.25551665725192291,0.49849851615447943,0.27911960786896434
6211,0.90858617701196354,0.82597530460836144,0.57996788105595076,0.34147636426510536
6212,0.27330907048363007,0.46774490610734792,0.52266336932966784,0.30097893912078677
6213,0.40837144994585545,0.86492848203518657,0.57486042400490112,0.34427119099387415
6214,0.7789998730167863,0.060265138725319412,0.48046564205438225,0.25986867827198057
6215,0.90426327038969612,0.1946469719998655,0.49993687023826966,0.2740632379725258
6216,0.49396258324064551,0.089000950595119518,0.47961196414792695,0.26222043733365591
6217,0.29365962122461065,0.71913997933730722,0.55412403357342987,0.32793664258780936
6218,0.51912048868687122,0.98560252020735062,0.59171948943844466,0.35772914335089695
6219,0.96172074394399532,0.7255636463574483,0.56851195218848016,0.33073589458496594
6220,0.78977516765013578,0.3356344447072479,0.51689716766048144,0.28881631047062517
6221,0.72231969731071732,0.44998840513172328,0.53057297206058263,0.30086956297235617
6222,0.28053920706271895,0.63389358375925808,0.54338257346422791,0.31872880865544762
6223,0.62103804699849574,0.66084267761959936,0.55518686647260795,0.32320385265616014
6224,0.61822489904289846,0.41104970754169629,0.52379701601087414,0.29648285278176084
6225,0.86490851688188264,0.88877850321646545,0.58682601061657547,0.34817423654752133
6226,0.58242810513615839,0.80125883787298813,0.5714514322610873,0.33816603875860157
6227,0.89792053789250792,0.19572580616007326,0.5000020954994413,0.27417020224682881
6228,0.93551897305377063,0.47342298284821449,0.53662534184706678,0.30367474069592026
6229,0.21577996019934073,0.2082315878624213,0.48808151831176416,0.27324469323800182
6230,0.4053316356426454,0.45537067521970026,0.52481679824774941,0.30043069159720193
6231,0.246546569894359,0.49315226876334056,0.52496928306541235,0.30348374238510878
6232,0.41610759601664032,0.34652797108226224,0.51128398007731291,0.28893058837564323
6233,0.41640831793131072,0.39712100132039052,0.51773055913353472,0.29429302390886414
6234,0.5454473857589881,0.6668290650468669,0.55437607621268659,0.3236108708847773
6235,0.74646800930261381,0.78873693008882695,0.57302165321740206,0.33723409879331312
6236,0.36054213374884569,0.99209107767097893,0.58828056381842087,0.35762281636811338
6237,0.2122801859475556,0.91286314855614914,0.57417941352630908,0.34799499141248041
6238,0.41702782058928861,0.028516061770136002,0.47008714647293226,0.25569892995409765
6239,0.79052357215093227,0.96797301423799953,0.59496699446257117,0.35656999690366675
6240,0.5592509394072811,0.39896505968329732,0.52112152021091351,0.29502930157515589
6241,0.34324715790482008,0.65711227667900973,0.548123815108019,0.32162663611348569
6242,0.39804251534038926,0.87341796896160817,0.57557595466784961,0.34512555112408905
6243,0.25351032876673851,0.29244232852623103,0.49997603729980866,0.28232183416092677
6244,0.94958554303277054,0.093328987502690877,0.486978274899104,0.26349642507665455
6245,0.33993144356539706,0.84708559154976404,0.57079792233480364,0.34195473225874728
6246,0.11761551652733471,0.23639614426930203,0.48826212072377612,0.27535589917719422
6247,0.86690239008866488,0.68183471177216859,0.56186110103315134,0.325936927091518
6248,0.0080043728623655618,0.63856068433170443,0.53279339534827497,0.31628176740769626
6249,0.66382279264380928,0.056653118831652687,0.47831822181593547,0.25929972667316536
6250,0.0027416695032152346,0.26023156435854033,0.48640118386567988,0.27652012548991906
6251,0.73296197939690899,0.57009615958483195,0.54592765999335213,0.31373466522172089
6252,0.068191909590584687,0.40891392782303743,0.50778180833840769,0.29287234640353904
6253,0.77099546858399415,0.84239610817859656,0.57986034081195359,0.34304675375326255
6254,0.0099279250481515199,0.73373764286522059,0.54417724447429272,0.32639708050071609
6255,0.76723207902569557,0.38994168532920304,0.52358354191214551,0.29455184838984355
6256,0.35492819820517907,0.20447671015172966,0.49153427644658237,0.27369241134554995
6257,0.11684759509550641,0.33859123764421095,0.5010606077695563,0.28602511448036516
6258,0.92936870247718184,0.16602537807238987,0.49644111850876349,0.27108123919142202
6259,0.86712299162555728,0.47722219578010266,0.53620946665014946,0.30400579768221098
6260,0.78102552469723163,0.152118618092977,0.49270197634119134,0.26944853766993382
6261,0.68629926384052964,0.16972997558022618,0.49362663901268711,0.27113145198872618
6262,0.43346492904172046,0.077522083210793791,0.47686140184814746,0.2608197947473847
6263,0.10595739433421987,0.63702703568550056,0.53726054934225598,0.31744449810246039
6264,0.91906641241979092,0.67931220569364958,0.5622705152565689,0.32572599368603822
6265,0.54934658609196774,0.73717582898131817,0.56303001942999498,0.33117357168182604
6266,0.091670179368893157,0.7463557226387203,0.54967840652018285,0.32890150357768644
6267,0.061268473931995686,0.75282673275145939,0.54902036299539325,0.32918777974707469
6268,0.29860093927952697,0.27922452108649304,0.4996192530725681,0.28122141285279711
6269,0.93093757999391535,0.30461895949047763,0.51473694751014964,0.28570022629205583
6270,0.84620382794506155,0.36800424687647026,0.52188952454947524,0.29233477472495184
6271,0.5475829531081835,0.36461436782366369,0.5164929322930375,0.29134426746603664
6272,0.087181799145613331,0.92997174518589165,0.57087001745633659,0.34840394506275085
6273,0.98358704246034612,0.9759644972836018,0.59868389127227761,0.35765644581641171
6274,0.99765925708116265,0.3247064393284847,0.51814985941954572,0.28788680867736693
6275,0.9551873707104358,0.76052330857819184,0.57269103341232641,0.33448721947942689
6276,0.70443228129638591,0.9468740677533789,0.59103801453829574,0.35413699083399319
6277,0.97011885858593749,0.44457010092522248,0.53335744416459319,0.30062430211257957
6278,0.77114363127792018,0.25727286877647276,0.50640952773274506,0.28049174935748006
6279,0.53474775230028904,0.8438161033071927,0.575490482781986,0.34257217978763321
6280,0.47651759760918799,0.10540227643245599,0.48141323346460674,0.26386558112517183
6281,0.068777056046284271,0.32983774573329139,0.49800662930319439,0.28458903335269586
6282,0.37776296600998616,0.12198943063501502,0.48140784602103182,0.26520164808117919
6283,0.018734150691481773,0.7574704656887451,0.54743146832519629,0.32905477644156705
6284,0.38696310628495412,0.076698068718856677,0.47572193355383813,0.26054802336225363
6285,0.93917706725591565,0.90576347273067814,0.58987610635725352,0.35008127077379741
6286,0.40068084400774678,0.37961511888072125,0.51511951516601506,0.29236330587520487
6287,0.578384136765555,0.67478651458249672,0.55604533117908217,0.32457356197367732
6288,0.20023939966900509,0.85565623899389764,0.56706394196246257,0.34176485202946394
6289,0.11616131005840144,0.51381234132108511,0.522722767919788,0.30448744738471711
6290,0.51939080760715295,0.63559705003140266,0.54996951542681982,0.32016884852901584
6291,0.058872575872961901,0.036357933400233744,0.46073230001988108,0.25419094385495888
6292,0.30160280845364329,0.86252548647717342,0.57141963205076374,0.34334681857670885
6293,0.87246061903367522,0.1150012783554499,0.48896763621237277,0.26568376838451269
6294,0.14174812315398597,0.71110166018094179,0.54765495726271918,0.32573330985207233
6295,0.43082088458823276,0.3434999337212532,0.51124819604288696,0.28867484963619899
6296,0.15339019919798011,0.84269280321412954,0.56368834385088484,0.33990012095964489
6297,0.99058785671502125,0.76577367983137956,0.57377970245501675,0.33508092953070157
6298,0.0072221524443128148,0.51967602820174075,0.51845857474079482,0.30371439608438083
6299,0.72152613092047402,0.42265971566342053,0.52706829570084468,0.29795377726615363
6300,0.01804144702673657,0.040992380076937847,0.45967732978740367,0.25422258426787042
6301,0.54264255665912065,0.64339066814760448,0.5514375077155087,0.32108770348101373
6302,0.15782797402573051,0.56171442884657297,0.53024979847169107,0.31000024429681494
6303,0.57411352284423778,0.20178947176913498,0.49592155962557066,0.2742323479040526
6304,0.3456903252343298,0.60278848220614023,0.54154840045367403,0.31583289414509857
6305,0.70062799508919704,0.62478665338902506,0.55219537708900091,0.31953163761986297
6306,0.48555159676569748,0.83288883947584558,0.57304787712867167,0.34120295958111763
6307,0.067846918261435352,0.12179986886671977,0.47187959180618649,0.26301046825786495
6308,0.9740103655458312,0.47961520080416231,0.53789300653438465,0.30437109373873428
6309,0.31594337330533889,0.98797231622867987,0.58643323308348183,0.35688270945757244
6310,0.81035856211149371,0.37722712499330524,0.52257968413140488,0.29326643726046492
6311,0.38206412883818847,0.94000314114020445,0.58290051441554314,0.35217348379036129
6312,0.5425252143174526,0.45828355541854404,0.52832363600705257,0.30129123992552498
6313,0.20213981718228899,0.25679856048343941,0.49382156152602735,0.2782133744274819
6314,0.69359726178677517,0.47398993241131543,0.53314950394742344,0.30337282749637345
6315,0.43903500093758341,0.75144708392590986,0.56215726763938667,0.33225266247283486
6316,0.6215185719816364,0.9544986537801684,0.59034306036835005,0.35474267708277268
6317,0.782782850687753,0.8648342548850807,0.58272250889477595,0.34547878555260875
6318,0.65100642056191571,0.93209403431039539,0.58831394697952355,0.35241955633586064
6319,0.57489254514166399,0.7654862336845254,0.56699548354345175,0.33429948885350064
6320,0.92753503661650472,0.046573568946227897,0.48046421472112927,0.25861599054769352
6321,0.60280826877712967,0.73647091944786958,0.5640618465433016,0.33127028509051565
6322,0.020941007286135575,0.55990650457538438,0.52401195384366628,0.30816020076388917
6323,0.05233830904074712,0.50122143245713091,0.51839719542775053,0.30239630739835816
6324,0.94659786467564988,0.11944738926851424,0.49043590155118694,0.26621960665649635
6325,0.73408809720088042,0.87079490487213485,0.58261649581168562,0.34602837077100057
6326,0.32416222653259757,0.62409904403983385,0.54353260116528324,0.31797769897350719
6327,0.86296957242585481,0.92960898187869467,0.59160747358128274,0.35255786215394697
6328,0.65813080896210163,0.35576237165230562,0.51741401927175512,0.29070339120822919
6329,0.16623495287570406,0.34590955402279511,0.50383058910990519,0.28726126835756743
6330,0.60192984877248523,0.60240156621156493,0.54759392223846703,0.31688259337348434
6331,0.13178941418010509,0.89407390551940769,0.56875248399979694,0.3451393175777453
6332,0.70479433463263552,0.19374954454127002,0.49707660246234836,0.27368706447752289
6333,0.41965236949705287,0.8087301995953895,0.56850958669418183,0.33830176653230959
6334,0.52946508945628301,0.21474983546006263,0.4967617748186528,0.27546260772886305
6335,0.88410725687817904,0.98808699597200622,0.59873407422913782,0.35886155726335078
6336,0.45479276792349999,0.48791264083228308,0.53011734149830214,0.30412073068038514
6337,0.16288942453820493,0.6477388110011234,0.54089607752684798,0.31920212745587451
6338,0.53795443129680354,0.78543265433994824,0.5685961373630315,0.3363144488277488
6339,0.45723087139638374,0.43881040541286348,0.5239860649530127,0.29890088206436322
6340,0.96030742771908417,0.16039841891595863,0.49604926356495321,0.27051784293249054
6341,0.24115378675278043,0.046190381884889213,0.46803496476267337,0.25665138152873834
6342,0.91428392764985333,0.41402145560142822,0.52873384135005252,0.29731330951004886
6343,0.91834087560310729,0.45072483063688273,0.53350207719554454,0.30123312231301397
6344,0.15474283272238681,0.34393357798830843,0.50316527737494088,0.28695026535653134
6345,0.55659719621910475,0.69291950564574223,0.55780600838322825,0.32644814639846509
6346,0.73462524346489233,0.96778572711533628,0.59400697549892123,0.35644635980008915
6347,0.71408320158155414,0.1528976429340779,0.49183504056350985,0.26942078863448704
6348,0.27469003435132328,0.71478998458028076,0.55298767920733016,0.32733271050649765
6349,0.35003796795363307,0.82127229079928954,0.56804952845346757,0.33925228114922434
6350,0.57664352561683629,0.12718083797382423,0.48618519064692717,0.26643289962271938
6351,0.30259139951298714,0.97912456143075843,0.58498723566123934,0.35583876916511725
6352,0.051840739264700099,0.13512943580924766,0.47291698529866238,0.2642084949656921
6353,0.77296185403455753,0.58386545242256249,0.54829419506991339,0.31528355828387872
6354,0.58741087887912291,0.68455659684847336,0.55742649257219601,0.32565014746142584
6355,0.63251150835495218,0.21469092932759085,0.49864615259202555,0.27573561607042973
6356,0.12685475273201011,0.54724563684914029,0.52725097157385414,0.30814584312541221
6357,0.75559098415478365,0.65272455313095135,0.55657603988117677,0.32263966885606687
6358,0.080164607229607651,0.34111058572501646,0.49988991361045559,0.28589808745776707
6359,0.18530698172325502,0.87635949201643237,0.568902637153331,0.34383078021181651
6360,0.58884352833257292,0.37151322761772898,0.51818400118166907,0.29219947230853538
6361,0.40527243213985348,0.31680388316734465,0.50722182369637447,0.28573969256406839
6362,0.82093500839598721,0.3030779109253432,0.51310373768063966,0.28540977834705245
6363,0.43500801806108791,0.37597791087754306,0.51549043973600894,0.29213297379345193
6364,0.24252817047428107,0.96245831809252269,0.58101505184428448,0.35357224536002968
6365,0.80678173538175191,0.50570543864391515,0.53896963414045429,0.30696831167474409
6366,0.18485037078234601,0.59579262283773859,0.53543460043386815,0.31388254219838879
6367,0.78588292812256844,0.53062534508685355,0.54180632708363119,0.30960191722251895
6368,0.63705730795325943,0.82329591234965482,0.57518872186649372,0.34069522150936027
6369,0.48481117507416055,0.4585713183466229,0.5271143604111288,0.30111538517445952
6370,0.5718695775475936,0.55238486409253673,0.54076339412625851,0.31143622941629401
6371,0.98430771038647513,0.74918745748096849,0.57168320598848887,0.3332934371540735
6372,0.003182695842476096,0.60395619069166717,0.52840461458307009,0.31254711853283956
6373,0.9386347512585228,0.032626311595726293,0.47871489732253286,0.25717984830522517
6374,0.069177975501085162,0.95203550922250146,0.57252712790912541,0.35050337341015575
6375,0.73640554148968085,0.089750009041687007,0.48379845281483602,0.26286806763492021
6376,0.29593198614256688,0.68194324388523819,0.54970732955234158,0.3239735179170129
6377,0.86955770520396769,0.27771110501670043,0.51044072991988232,0.28278639824232887
6378,0.6823514230899862,0.58598295766907982,0.54705027180144994,0.31533039774680516
6379,0.23180993866930949,0.26259394365794725,0.4955104503033666,0.27903979746409968
6380,0.19612305546809219,0.67368680070150888,0.54529422980358533,0.3222877572361636
6381,0.18215770667946199,0.42641932749958944,0.51446593835412846,0.295888428955705
6382,0.76771175968047467,0.54709191027554915,0.54359934940768639,0.31133435334497372
6383,0.33265726316523503,0.27818442159552359,0.50042472243516989,0.28130697767154467
6384,0.59278524993961912,0.44010912334682656,0.52702151494576654,0.29950828037187677
6385,0.50290205537244914,0.10112244037260534,0.48137939692774667,0.26350755541030019
6386,0.32366704237785893,0.80990713088182975,0.56590645718860011,0.33786360107580266
6387,0.90108858001687331,0.3289320486657904,0.51753937568640163,0.28824858235335532
6388,0.69863536594646281,0.15702064480906119,0.49214348527024276,0.26982392917541909
6389,0.41290343812435171,0.96274109621114334,0.58639468494958069,0.35478390192261727
6390,0.081643837778305181,0.58936767148975056,0.53043850175028318,0.31209229870938376
6391,0.79222834235030459,0.22738633806166472,0.50278981801868217,0.27737167956976483
6392,0.60664014704861913,0.11051959214011441,0.48451511480886122,0.26477174470582199
6393,0.45868194342668867,0.1726690553869703,0.48982752314291544,0.2708128585372887
6394,0.41417097762861521,0.74899666917308927,0.56121619939589507,0.33186668086450904
6395,0.51251127899774584,0.1332961282766075,0.48578742024303861,0.26688630306782096
6396,0.0043580486965947782,0.68161517303540609,0.53772325839665858,0.32078303974297945
6397,0.78136202813639533,0.32126548465333182,0.51490803670719887,0.28727902287073925
6398,0.19048412318840857,0.32549547375360272,0.50211638849858975,0.28532255036866938
6399,0.28444963130742545,0.87010153942386392,0.57174786849021786,0.34403102203397334
6400,0.57782325409244517,0.1629898057579878,0.49090987010001153,0.27017633900370064
6401,0.42077990661166842,0.06795842488227645,0.47533551705185911,0.25978195758169043
6402,0.55811278173482282,0.52824027128982121,0.53745960467488541,0.30881036603122597
6403,0.79736257611430483,0.39408190959106432,0.52456551280633057,0.29504073080113857
6404,0.29654986893852475,0.99354098576983674,0.58644142309746961,0.35733616530643297
6405,0.73545799152312108,0.34720202502595493,0.51757790870107989,0.28995313647808485
6406,0.61543794173394573,0.94929621417153398,0.58961463140237313,0.354166409143442
6407,0.88786196201770806,0.48429926854538502,0.53739254034076067,0.30478693537986373
6408,0.29541906574434834,0.54276230953425408,0.53266159257182022,0.30910960500409562
6409,0.54962835873587756,0.3333831121777534,0.5125222432993698,0.28803958551031417
6410,0.56667895097703436,0.77878292678660954,0.56842226184998623,0.33570045645459534
6411,0.92595675795335564,0.6609009158966016,0.56008737551484145,0.32375575214389318
6412,0.89368587829730251,0.054113664758799133,0.48108608677671183,0.25936689751704728
6413,0.30154229678345146,0.99996995496231833,0.58734090097427916,0.35806141942057412
6414,0.68513565781704389,0.5971943134780392,0.54849643742717213,0.31653839253534394
6415,0.90436165211783959,0.5292534499811824,0.54332097837040916,0.30961481737780538
6416,0.45963754013202851,0.47505587954829681,0.52861493146715621,0.30277062534830457
6417,0.71816930651754385,0.77883307851498251,0.571344409936689,0.3361126528975944
6418,0.83304730317281794,0.33168454211110948,0.51699676573152009,0.28845924223826797
6419,0.51671291241458384,0.23207639959825901,0.49876156397565746,0.27724267707905298
6420,0.15438607064125828,0.72267282674490707,0.54955134262236971,0.32710206956500965
6421,0.69124112274841176,0.19114008657977685,0.49652178344762765,0.2733870218256908
6422,0.22424572315315017,0.75393947423816432,0.55594197121067723,0.33111066960528535
6423,0.42247787894726502,0.2444366944840993,0.49832644752212574,0.27819183603468961
6424,0.14440994385682279,0.31045420351416103,0.49858382357037673,0.28334247617445946
6425,0.1276767086580978,0.17737233268568525,0.48117366965777469,0.26932258776579016
6426,0.6238188938542153,0.47733877443022793,0.53233317282064951,0.30356426234372286
6427,0.42674572234769587,0.99150091557920683,0.59008379748136108,0.35793933515851833
6428,0.80151231497683328,0.76699808493476596,0.57128727662077572,0.33499453633631254
6429,0.47145007574878406,0.53743051085177573,0.53670830010955761,0.30947568789009577
6430,0.34221652591811724,0.56369513071669497,0.53663217177734324,0.31163739330168327
6431,0.76919514562803082,0.67692919969422516,0.55978006109939349,0.32526297379507541
6432,0.089496931328217039,0.29219504393400858,0.49417054101849223,0.28088629124655351
6433,0.14615181155564497,0.68471393751659204,0.54467746123467098,0.32296847380029636
6434,0.30893749893876959,0.57116873894875175,0.53657807867726692,0.31222768694948844
6435,0.20918870279964757,0.25394943224611927,0.49369010857205048,0.27796913394511835
6436,0.73830924567714107,0.58880836031887451,0.54835525428112042,0.31575044984451545
6437,0.81995885591068074,0.23839105097864521,0.50462018405002507,0.27857085934763443
6438,0.87371197373265175,0.66729122358850435,0.56016370370623081,0.32438344490777593
6439,0.96458215400200575,0.87539008347723868,0.58661655895986975,0.34684085808679049
6440,0.12929542391413124,0.79332875360545008,0.55688249090643838,0.33436186930477341
6441,0.49566508483862276,0.46055985198986021,0.52760769410429442,0.30136867787704646
6442,0.64769887309443441,0.780743612725183,0.57029146582531287,0.3361517109866336
6443,0.18828616795431588,0.25505037671766478,0.49313915298134792,0.27792188309031174
6444,0.87544277833778184,0.057791364104242536,0.48136203820153145,0.25973013590380783
6445,0.8464562188054785,0.61015085466291064,0.55268312529982022,0.31821486156429513
6446,0.70199858791910819,0.58304903357821758,0.54702620793804924,0.31505940616977779
6447,0.98846266997609056,0.043135807918605863,0.48066535827239332,0.25830733247081911
6448,0.10950029611872741,0.6274129475987168,0.53625458154149908,0.31646401467393992
6449,0.59935711535642622,0.73021663450690688,0.56323341712060626,0.33058832114506087
6450,0.53832606599143473,0.50356654424167946,0.53394931293937675,0.30610873043916648
6451,0.80461993284855282,0.59381775333142139,0.5500262982633759,0.31640235225330943
6452,0.0069861562071018854,0.098787900051416369,0.46645754020656338,0.25997044377299416
6453,0.24560172780236464,0.40926431666096907,0.5144744200490412,0.29458310545107191
6454,0.86525741017187252,0.64689098081052077,0.55751993486220741,0.32218241600736885
6455,0.25467158885515528,0.50642310751761554,0.52687974624742151,0.30495467227454082
6456,0.59787480135386573,0.98500901100459748,0.59339294115906971,0.35794488201073366
6457,0.36013276722679149,0.46842960115537285,0.52527370784458405,0.30158787540686632
6458,0.032022802480857357,0.28741249714778966,0.49112279011318882,0.27972217103199465
6459,0.53648906969941457,0.20815631847487528,0.49604013240158279,0.27479197125959581
6460,0.068821379424456972,0.20011282186150783,0.48178304053284876,0.27109290685840681
6461,0.53770104778426475,0.50026422234213686,0.53352079254725493,0.30575398859519382
6462,0.25975499846750172,0.67120188272326486,0.54723461310471821,0.32255944381662188
6463,0.73930688589547067,0.91192629461722685,0.58756077914563887,0.35045777609622292
6464,0.18646010337156477,0.43340080612598686,0.51548892928034551,0.29666400809991339
6465,0.28227974714603044,0.021388261821807829,0.46594892809021526,0.2543476242096615
6466,0.5127468496224028,0.30966744417356096,0.5087198061969791,0.28541040036487808
6467,0.36076992551229198,0.39043377825928621,0.51546469332806932,0.29330959090793673
6468,0.62978672896673671,0.54041816884822913,0.54039501610740093,0.31032209116734022
6469,0.78503388642108773,0.20714208519629904,0.50002467789378657,0.27522969576788558
6470,0.66973321681934184,0.93578830621399689,0.58910350848398363,0.35286447722999537
6471,0.19148018994844751,0.046235718145628928,0.46657064330692705,0.25632688108236129
6472,0.58763692426324121,0.91997186472810577,0.58561663820667043,0.35093258599981442
6473,0.70242425038659717,0.66432794646379767,0.5571123561384218,0.32377875442237636
6474,0.47093612764900322,0.62989370623108698,0.54815271004168409,0.31936556694402607
6475,0.34510560356463538,0.55637904017023976,0.53580983436195895,0.31087371437107092
6476,0.62060987814286495,0.88559965901236293,0.58225680669137914,0.34734217320387939
6477,0.38940306724539264,0.51594888653181259,0.53199675529700241,0.30680438802774002
6478,0.60572291602921902,0.29410752303256887,0.50851589521933471,0.28404287203215495
6479,0.30665031525496161,0.10603644760878525,0.47756394433215282,0.26319796136815432
6480,0.96369043864362169,0.40904233919732508,0.52870575714457058,0.29682928877789938
6481,0.11138493626617128,0.6680288971846341,0.54122047114355543,0.3208046078425032
6482,0.04010574828562094,0.86031631756218852,0.56052780617331266,0.3403140743921011
6483,0.34806576105462156,0.61696085730424388,0.54335585758773186,0.31736171003527652
6484,0.84279297426989064,0.0070576020982232876,0.47416624093485216,0.25444215960030186
6485,0.19530466819700087,0.62990345164065953,0.53996937630702779,0.31761162807624593
6486,0.085404615944565748,0.64011848306405594,0.53672583096612314,0.31752466346609942
6487,0.12970269595215797,0.039570173771737611,0.46371287716637144,0.25517008103342803
6488,0.15133507993804526,0.1362729217055603,0.47678588220482815,0.26527828273694642
6489,0.22511066923997133,0.27424318045299734,0.49677897782984692,0.2802120300755887
6490,0.076157581407402183,0.70635107445196488,0.54422063230503692,0.32444555812765274
6491,0.11070532967277105,0.79434348630165919,0.55619276229634218,0.33424994985010814
6492,0.30614854229801569,0.55217422632580859,0.53415061413717158,0.31018376005568105
6493,0.90062275341945941,0.08386373812024249,0.48515010766396949,0.26246630900359341
6494,0.48613936531563523,0.20100629395417638,0.49409590657228036,0.27387783246633457
6495,0.067585143309447454,0.28232618144870503,0.49203347982549434,0.2796161724095651
6496,0.18603225992586231,0.11804686732137344,0.47560900307926618,0.26367080558465078
6497,0.87237702331164624,0.48902986680419419,0.53778544480338186,0.30527437807979269
6498,0.56813833797328417,0.03457014059344074,0.47381512439515566,0.25679907946860392
6499,0.29222443302614848,0.10649475382772508,0.477240203563425,0.26316631450376921
6500,0.26668009883397026,0.34338619410238463,0.50683576055435831,0.28777262699932105
6501,0.66449036129225281,0.44684574544097999,0.52919577909661597,0.30041104746858832
6502,0.19178387150944909,0.097685388052591596,0.47318374162658289,0.26161382440563069
6503,0.99227515931763921,0.63787138534205734,0.55807341048924541,0.32134214774576092
6504,0.60115448546932315,0.89695444131834667,0.58319820615306006,0.34850358814139776
6505,0.12221842912427383,0.81738256587336078,0.55940297897590641,0.33684467312464439
6506,0.5138679775895667,0.33280791886738736,0.51172049392588825,0.28786236090987227
6507,0.71310237557812373,0.17107513318130513,0.49421862487786222,0.27132317011743268
6508,0.37657917793790113,0.14749507767256584,0.48469333711271539,0.26784869863097088
6509,0.43071967175375908,0.033860181300889233,0.47108021589192522,0.25630071038850755
6510,0.56270295572782636,0.48860681004141227,0.53256914188068138,0.30459103226919759
6511,0.12633036883495516,0.30135924114562807,0.49676414696348564,0.28221896334372798
6512,0.8795028328374378,0.93996999019974614,0.59306335772876617,0.35369112943863573
6513,0.48332529756337173,0.38076639076840368,0.51720518702402341,0.29283619161128455
6514,0.57703478468625113,0.62921441821445478,0.55041280580841123,0.31968145944537857
6515,0.54096248063574315,0.0055500932240043765,0.46949493568086303,0.25373639151424077
6516,0.59038530552763258,0.90106027741850125,0.58345696414394965,0.34891081480929798
6517,0.92489391247761676,0.50881582218079136,0.54099834536575286,0.3074488851526645
6518,0.99374552616215084,0.55969907072008351,0.54829753945951409,0.31295861418053084
6519,0.5456302446710295,0.57172052735862089,0.54263111458472091,0.31342014059601447
6520,0.6270199102904298,0.23101141338221498,0.50068502127886261,0.2774395852745824
6521,0.21686079300552374,0.51752600429073214,0.52698598141977437,0.30583900195889646
6522,0.8159390886892216,0.28002661765186349,0.51002361657998296,0.28296287654261404
6523,0.33613854149194666,0.17786505644036224,0.48761984906550343,0.27081753746741799
6524,0.35417271304215542,0.8966172416960938,0.57703721824953325,0.34735418776796295
6525,0.2259899789908319,0.36178439825443787,0.5078747608932318,0.28942228426079847
6526,0.48463673718463401,0.79266415540663304,0.56823158366029514,0.33688116174779437
6527,0.94324140534534817,0.37589659331854203,0.52416959627325466,0.29328124277046119
6528,0.90027669763675655,0.78528124398185173,0.57495401108076938,0.33709311780071449
6529,0.24311072601644557,0.28178595599293477,0.49830220166799688,0.28113141418382664
6530,0.75981227083661362,0.20937906702525216,0.49995823112663407,0.27542592781230585
6531,0.95372601314041527,0.84328555082577517,0.5826487961612149,0.34338138274559293
6532,0.49845924464390845,0.0083067435495904653,0.4690755324756461,0.25389806968762085
6533,0.60855871203053979,0.071292492869577839,0.4793657873527104,0.26069877129672453
6534,0.92021235511569544,0.5689310642733123,0.54853582042463134,0.31388214951630511
6535,0.92636178358980692,0.23134143108600985,0.50505391217886686,0.27794888749841329
6536,0.52390809836817209,0.72854807654767062,0.56142366578350522,0.33015560748102546
6537,0.57857977758889323,0.12023703200394521,0.48530609219354082,0.26571410014066205
6538,0.64088723548426063,0.43741606052060378,0.52757497685372812,0.29934907256217208
6539,0.42839478981042051,0.31415453061041193,0.50743463360186569,0.28556214839722072
6540,0.1859861229905975,0.17747900703208289,0.48319984050423609,0.2698227146737181
6541,0.24585223638551543,0.49775255853104172,0.52551715042770974,0.30396721155427825
6542,0.54844559339937982,0.39747227980195315,0.52071385752612775,0.2948367659733811
6543,0.077881757833191664,0.92684329596263126,0.57006757341382785,0.3479434400549915
6544,0.040229927691898773,0.709081575750385,0.54281943937106958,0.32424124697601431
6545,0.85573455363888062,0.67255565525823047,0.56055727461531335,0.32492591087017586
6546,0.77691935115956001,0.44392349786512786,0.53065687134426254,0.30032056132730417
6547,0.28038134998533643,0.96647688701798906,0.58279686468212655,0.35431597324894015
6548,0.94153585666724249,0.26490952702701326,0.50965694414628115,0.2815070979045009
6549,0.6735748158806586,0.50279590756701076,0.53645236356749648,0.30640613140757395
6550,0.54031188185246426,0.26807333597113614,0.50390299354625867,0.28110795634288976
6551,0.88175992867165476,0.38942927819864126,0.52513842835528102,0.29465791444424844
6552,0.96804425830178664,0.55203489522148164,0.54701659620515941,0.31211653815617618
6553,0.98833090723083594,0.19558654747832332,0.50103834745501086,0.27423553714975329
6554,0.57161036138393684,0.082959237663738902,0.48026980346613996,0.26181851637740483
6555,0.87847288195736484,0.86850766615777975,0.58461972581031663,0.34601296660911113
6556,0.64918641544691058,0.848302206374833,0.57840225442096427,0.34341451455261457
6557,0.36404401818563931,0.26556902000721311,0.49962808215988819,0.28014450060968976
6558,0.028919523214071527,0.58844725485815441,0.52784813869742953,0.31129206424933586
6559,0.28653693347751397,0.68087216149376484,0.54927953721939371,0.32379238324397924
6560,0.28616392827468229,0.86937461274861128,0.57171942913389195,0.34396617829449871
6561,0.98619541812128164,0.58734670893246077,0.55168479611417343,0.31591652052307162
6562,0.69517001836815617,0.21635508888984334,0.49989487245518571,0.27604486730947092
6563,0.50848786390199097,0.33032604294744089,0.51128894724050389,0.28758112486750542
6564,0.046607614827330696,0.67913027082333577,0.53957536697732922,0.32115281765363135
6565,0.16947368749160088,0.52660766909249368,0.52639333268408439,0.30638496646708047
6566,0.78413736422165536,0.84083619187163428,0.57988775987891739,0.34290205258700213
6567,0.46718363721953937,0.64532944095154532,0.54995901707630479,0.32100309082113948
6568,0.17266639583409998,0.40304816317314984,0.51121101666156088,0.29333649190099348
6569,0.25875452050502645,0.29354989461427328,0.50027637490375942,0.28247366035450489
6570,0.77109897094265323,0.358815565237531,0.51962490522641835,0.29124825919039138
6571,0.58466465579102511,0.17258946575556183,0.49229203574314134,0.27119921662631452
6572,0.96814834459427523,0.89429083979377766,0.58890359342099896,0.34887454988269712
6573,0.01008841863385169,0.88468845419454156,0.5617545938663927,0.3424266376403623
6574,0.36790691789953273,0.61720194923122185,0.54394442121473585,0.31750220423285147
6575,0.31475745948721889,0.063999674606800547,0.4723222203319376,0.25889862739407987
6576,0.093235805304965474,0.64274150937501118,0.53739074372410589,0.31789971077614781
6577,0.17068966108799216,0.51555900834972279,0.52508050856422639,0.30522402524368608
6578,0.0083156100941938343,0.67303845087768277,0.53691402998763993,0.31993711359226801
6579,0.93008372116930549,0.17507083807279125,0.49765078663247664,0.27203122867877721
6580,0.86381040055864722,0.39705705959646731,0.52588328217746083,0.29544876479502619
6581,0.0019693980531417764,0.92127327621924926,0.56549986476433833,0.3461744030302879
6582,0.5649712877814077,0.57340071387254865,0.54324408404435842,0.31366363761085958
6583,0.56066575718499956,0.80431122390459064,0.57135470644326847,0.33842190667080424
6584,0.51486180634625489,0.9351666031264817,0.58577450888798022,0.35230198098751703
6585,0.8696745977459126,0.29747191895319847,0.5130283644855943,0.28487809093520794
6586,0.43720087550395403,0.53629388308693893,0.53574664481248602,0.30920620233127311
6587,0.99384480538571951,0.67739632042410081,0.56299296650219322,0.32558736492037799
6588,0.47100202353693316,0.05614971423571697,0.47483848685931934,0.2587428418887775
6589,0.18236421938148561,0.95021005275939829,0.57732839088041488,0.35169071188892737
6590,0.72214795815622213,0.69480983963898624,0.56119692798035159,0.32709349050670994
6591,0.83964986649976348,0.75043315253643095,0.56985874506654677,0.33327135071578418
6592,0.028060831485653762,0.10854206821488915,0.46858632542744783,0.26121634780448333
6593,0.72466106199558122,0.39906935753728029,0.52409372594255466,0.2954471484933221
6594,0.750764910417411,0.97899402679217751,0.59558550770399898,0.35768125313335292
6595,0.056181606031057894,0.58687245581728642,0.52897054403699684,0.31150179363987013
6596,0.36518829838962996,0.53934249119282462,0.53425833140312351,0.30917050170170463
6597,0.70374196747789386,0.88453706181509195,0.58370880445646089,0.34744031885934079
6598,0.47325569164223269,0.91849769421253591,0.58282772870523603,0.35033695855618174
6599,0.42407168400055967,0.16386944978091633,0.48792283641582002,0.26975975484506831
6600,0.99422306883487621,0.14724603083535331,0.49467284943863449,0.2691652850646285
6601,0.18692929229902802,0.22703222046269803,0.48953804346470481,0.27498603255207643
6602,0.4536073907216196,0.97879652896389602,0.58932739389420308,0.35671228357272572
6603,0.62676462422312473,0.23606451306618983,0.50134035765365093,0.27797099448598378
6604,0.29089500923593298,0.83461522241564234,0.56778963831675178,0.34027932687719076
6605,0.57436700179543121,0.63488193090868883,0.5510573764174107,0.32028068811893712
6606,0.60292668562148466,0.13237506879452851,0.48733130567116273,0.26704133693300686
6607,0.62824217708410002,0.34678212447582046,0.51573078004394357,0.28967883964109725
6608,0.28700928642713702,0.81556972428326258,0.56541351998816625,0.33821101977641821
6609,0.45329140462892831,0.01543810857104836,0.46912783767826072,0.25448522846557708
6610,0.2037545541561791,0.55356048905079946,0.53096011853840797,0.30955862843135767
6611,0.081190184780734129,0.41887284760359905,0.50957342371403258,0.29407254892491086
6612,0.58602695226803192,0.8067997996253311,0.57218976983167058,0.33877269691867784
6613,0.54673209963355918,0.48400920030769196,0.53166171487297442,0.30404896096803707
6614,0.96663592086046701,0.092307909001351801,0.48703040084652222,0.26340369469893171
6615,0.4526546660659253,0.13644024667093763,0.48497495669693486,0.26701001958018955
6616,0.51657495354617722,0.29220470130861503,0.50654666875685794,0.28357820566360736
6617,0.46244430590405833,0.11561889397780178,0.48246054627448814,0.26487849980001371
6618,0.54186072878859715,0.65435249922209182,0.55276804283067704,0.32226033108721108
6619,0.048738948665920177,0.68787668512737155,0.54072024715891664,0.32211125371802846
6620,0.7201276948717773,0.18245835544044384,0.49582534234361952,0.27252983308239714
6621,0.17862754397072131,0.35947807032502027,0.50597456134192587,0.28879679049011409
6622,0.44976727871004263,0.021853090796072502,0.46989952713155381,0.25513293608850729
6623,0.23026823867553614,0.573716953730525,0.53436075463102894,0.31192610039093638
6624,0.30091979632520816,0.24074455148867566,0.49476389111615099,0.27719770644120539
6625,0.73177130595004425,0.53599615325318883,0.54162647788572149,0.31008041154187954
6626,0.080575077725166921,0.41254224600469463,0.50876516771387748,0.29339945175422638
6627,0.70924023783294254,0.91553598621083665,0.58745763545179874,0.3507824408369315
6628,0.11643230555866613,0.16542603420041271,0.47924900229463546,0.26798317829430685
6629,0.091115313063364012,0.20024750396545279,0.4826882192523001,0.27134060776738872
6630,0.80435643084518382,0.96427524042731394,0.59475903690414089,0.35619573474183713
6631,0.44938431090001252,0.34276839124414837,0.51158653523229369,0.28867534797449779
6632,0.65043950965203112,0.2570622809598106,0.50448585881118968,0.28023930417351633
6633,0.32586274885957828,0.8112686220584554,0.56613541162804326,0.33802416038518562
6634,0.19335912085763413,0.51803225537111286,0.52621808053662578,0.3056924330110421
6635,0.092366311371105264,0.053989457662671339,0.46422744183276304,0.25631175034425718
6636,0.6663569723795052,0.49257202066608008,0.535032757002049,0.30529679410503668
6637,0.44852415406518847,0.97032265817442676,0.58821834171922838,0.35577927887589317
6638,0.7098052153336466,0.20940422810158926,0.49921146438617636,0.27534170922436213
6639,0.15291882225623121,0.41919810029120419,0.51249316442718917,0.29485920392829429
6640,0.24094952009260889,0.81914056676056934,0.56426897597477532,0.33822715838975742
6641,0.97537252836570842,0.79012708597568559,0.57653871965383618,0.33768640544436146
6642,0.52064898719080965,0.80292376393663001,0.57030119558424452,0.33812797372890591
6643,0.71367097334434515,0.028016492688015569,0.47525451102387506,0.25642696654242253
6644,0.85720901787843329,0.5148346639230964,0.54085286721307924,0.30801557364005466
6645,0.35669291564073646,0.3873015656163567,0.51495954399003807,0.2929559726779063
6646,0.85819539817840562,0.43942389452537756,0.53125475736622374,0.29995824419546485
6647,0.7832394216663553,0.96074255144008203,0.59400739211570264,0.35578146281129808
6648,0.20658612866975601,0.026792693152918948,0.46452729947495158,0.25444151566962575
6649,0.21711096227861709,0.85752399981446803,0.56791639539716943,0.34212268569120935
6650,0.45630563755497572,0.12774788684373489,0.48391729220285234,0.26611825775402254
6651,0.074350492349464919,0.5941663670259878,0.53068981413615413,0.31250993571685054
6652,0.36357266488667811,0.96855684332387759,0.58566440980664813,0.35512131976080946
6653,0.97596427596545554,0.29085792558490065,0.51346905757869621,0.28428187979235059
6654,0.015680703322903722,0.15321911858973328,0.47365372227572888,0.26564729726986436
6655,0.29617128944926663,0.63696793171047472,0.54425119730605964,0.31916739059807281
6656,0.92682777051787135,0.3803151851048111,0.52453881803643632,0.29373581145137356
6657,0.49807135648980039,0.033288505198981147,0.47236259417714144,0.25646976049693754
6658,0.59461558842390083,0.02543469992122846,0.47305854656252555,0.25592101783885673
6659,0.7258319741167244,0.51307976913248421,0.53863882725182233,0.30761676231485618
6660,0.36984579972891374,0.90151516027200274,0.57806937224854427,0.34797555491646637
6661,0.16786281927219826,0.43259947917194808,0.5147153278400336,0.29641353895846745
6662,0.59348276354732232,0.72087477801473576,0.56197943255250371,0.32956741990171406
6663,0.31147944454801035,0.3817206457999186,0.51300374340110511,0.29210759057538482
6664,0.90196256428711352,0.32131788116925164,0.51655780765365722,0.28744165025930701
6665,0.25212665753021141,0.61622816824718618,0.54029985291387328,0.31663091316882414
6666,0.3753791729111341,0.61670242709523304,0.5440891930715438,0.31749038356498932
6667,0.45459369709464953,0.11433272914554692,0.48212753254202761,0.26471656480460592
6668,0.54804623148570542,0.50465710170314415,0.53428981654604524,0.30625765410571548
6669,0.30044067685498155,0.26865687200346727,0.49832166224698377,0.28012242550023142
6670,0.28859730398954125,0.35073341602509611,0.5084208386367679,0.28869096824689755
6671,0.092753782468184373,0.13306723730604864,0.47426707503564797,0.2644195306947153
6672,0.2228852060107398,0.56231357519462477,0.53270740685543483,0.31065162192034856
6673,0.93717780893781455,0.70433802150319103,0.56559103294758084,0.3284326014696225
6674,0.6636450032349327,0.25342487023387805,0.50423326927405188,0.27988490770284724
6675,0.68579327493583553,0.70140501040051462,0.56136824993119427,0.3277225661304799
6676,0.30149422691838118,0.36987755707256731,0.51121936649769439,0.29079403245107516
6677,0.26761076416455909,0.91142122055030206,0.57599966958836801,0.34832269936666926
6678,0.16969734104167439,0.8927836937192013,0.57018970962305227,0.34542447682134514
6679,0.066611538665939593,0.20140846548933772,0.48185581081779333,0.27120298620525324
6680,0.99430464812816366,0.64153566879235446,0.55855398658705369,0.32173705208828585
6681,0.021184440721163992,0.95305651513641942,0.57017500818563627,0.3498747397314283
6682,0.017199050207773688,0.16662257204336348,0.47539732824558062,0.26704305216963442
6683,0.25082043993192493,0.16003893564495958,0.48297916017934633,0.26846941280341247
6684,0.88473455088696218,0.25293617264492207,0.50738406883066667,0.2801851582006451
6685,0.76992590982440168,0.95562271739033755,0.59319183219661653,0.35520836399243205
6686,0.71562034035752298,0.85748460609327304,0.58071548642413806,0.34455965043343051
6687,0.60000493747337025,0.48739457877845271,0.53315378922719914,0.30457291647694928
6688,0.75730742282063013,0.14555968934587438,0.49149958030310209,0.2687257869763231
6689,0.052066267924255227,0.34175838737400482,0.49876351938061964,0.28563772156379369
6690,0.40202906576147074,0.16159690330215964,0.48712429812819413,0.26943083147823971
6691,0.99774963052590615,0.35241858802271309,0.52176574975629098,0.29082989147686283
6692,0.52410703222210286,0.86168949551481056,0.57736584804194324,0.34445117937699199
6693,0.22246751517268132,0.22467629850030646,0.49038932338319635,0.27500814094325504
6694,0.62906921597450272,0.31314283038786378,0.51140044504436222,0.28611579792734032
6695,0.005191406492667739,0.85784016048904743,0.55839380559752039,0.33949299057627619
6696,0.24519033472581067,0.55085728869646566,0.53205679810309947,0.30961008844338178
6697,0.17533232222333317,0.33815655167662773,0.50318167923364376,0.28652572936933757
6698,0.85657125370415166,0.53671836215500957,0.54361204208878056,0.31035728890363207
6699,0.56326619570882763,0.93042662919849395,0.58631585263355912,0.35197355710781991
6700,0.22321037328528473,0.26714394197076324,0.49581693650776443,0.27945431349765076
6701,0.48519659200714671,0.59723116031928225,0.54445863620055401,0.31592715520482278
6702,0.8389523687728565,0.5914498136135401,0.550238969417567,0.31619878545559738
6703,0.18722215380383422,0.5065004450469861,0.52457433366210238,0.30441406100142482
6704,0.79835701002905846,0.051676197863428391,0.4795766219671817,0.25900420756458298
6705,0.94923189992002444,0.66377675486587695,0.560747459256695,0.32408709835459099
6706,0.5375674068680848,0.67290612222509227,0.55494953502477162,0.32423505837184385
6707,0.46492180916682124,0.32343857669777937,0.50946130920284394,0.28669243188656157
6708,0.38482263876224171,0.26076316436523339,0.49953082227720169,0.27973997192611882
6709,0.10472432339790975,0.86066355762950841,0.5636784627688749,0.341246119461111
6710,0.54242890542071542,0.50257679201263239,0.53391098629978551,0.30601684092866505
6711,0.90915402316256655,0.69773381793786537,0.56440503106108975,0.32769435910003963
6712,0.40656743890735092,0.0036093272796017123,0.46659497987453513,0.25309939248514618
6713,0.81565809164199754,0.38655486236979486,0.52385958109680464,0.29426659503934643
6714,0.096997324298054452,0.16379063373893732,0.47831402141033275,0.26762854519724827
6715,0.0033337106531835161,0.092972748090967075,0.46556925221793871,0.25933292431366928
6716,0.63761481383572105,0.72566212150118081,0.56343319818373072,0.33020785114536205
6717,0.25488001136983512,0.035978091601829514,0.4670998657711215,0.25568704436452727
6718,0.99444452059747424,0.54794605762428839,0.54682205694852704,0.31169987570724755
6719,0.60384499039318185,0.25461359601503936,0.50335259329625015,0.27986844803142219
6720,0.038254218169546224,0.24723144895959415,0.48639449188287043,0.27562495838847134
6721,0.50351631218109982,0.74532258688964659,0.5629873094669644,0.33187731154578803
6722,0.72844989669738569,0.45482921829092088,0.53128956784312975,0.30139801023247986
6723,0.48437028749239397,0.59439007223233353,0.54408792990951582,0.31561971046171289
6724,0.67885758063319379,0.61921571757128702,0.55112167230514408,0.31888523397773277
6725,0.60075822443057547,0.84331680384789365,0.5768486692776631,0.34274124737436801
6726,0.26037501653310613,0.68062428521410334,0.54839480923655182,0.32357105797938962
6727,0.76076607715183642,0.92087504694679523,0.58897581108792973,0.35146028814192132
6728,0.6493099035213119,0.4471810106696445,0.52896977663716327,0.30041081466311131
6729,0.091564888748934023,0.39800055300971726,0.50743028541689061,0.2919949999718145
6730,0.24869126599229641,0.80935202173033027,0.56338472468859768,0.33724470001685997
6731,0.4561282382216188,0.30806607120643603,0.50729035172831438,0.28503333986262269
6732,0.51834683272013204,0.531197805599391,0.53698739935110784,0.3089907412898899
6733,0.79100654935106873,0.16056375037672699,0.49395797692350762,0.27034772676678936
6734,0.88761170192878935,0.7396924872268108,0.5692437206184997,0.33217866151049014
6735,0.34671906124349916,0.21289887399539584,0.49241097777349147,0.27453225126625025
6736,0.82763289212087399,0.9461854241128197,0.59301463886335637,0.35428929698033351
6737,0.8410678392727976,0.19953195704253157,0.49978325322336598,0.2745057979274364
6738,0.41075787693526361,0.095777600842819097,0.47875124878475728,0.26262226630201185
6739,0.030219633401825558,0.042602763983129989,0.46038250837409339,0.25452236248045601
6740,0.44675071210832107,0.46792494733295176,0.52741299727725233,0.30195613186538256
6741,0.54652463345316937,0.70383804295040897,0.55892074665620195,0.32758530032585836
6742,0.043205492388608401,0.78834542288192311,0.5523062179218472,0.33270680743108938
6743,0.95880744220792558,0.48359023547786056,0.53821456180564065,0.30478298733934123
6744,0.047768855919467751,0.094847315041592814,0.46767780661916636,0.26003620111823605
6745,0.591310535933252,0.43815123108621923,0.52674412849900176,0.29929544722759338
6746,0.40551687169907386,0.37186344949909256,0.51425402468010573,0.29156463012192241
6747,0.80327480312363475,0.10779369586637477,0.48712215518542756,0.26484753842607084
6748,0.20351548744655448,0.73326807554877604,0.55271811782735936,0.32871621121167599
6749,0.8726965101652896,0.9158375520963572,0.59013230118208126,0.35109101644798774
6750,0.5142256907685776,0.10668499671645695,0.48233021231955431,0.26412107286793118
6751,0.50783511259238001,0.67678078005010034,0.55476070399042399,0.3245404071686584
6752,0.20004014083686053,0.39939772798247869,0.51172272458329859,0.29318603160938034
6753,0.91514128411094431,0.964826627605327,0.59647200211444062,0.35639973493835525
6754,0.27162200957635652,0.47682868143260715,0.52374283693914503,0.30193186873917938
6755,0.42776095798403257,0.11288983269660967,0.48136177878024339,0.26446562184881645
6756,0.84535272761959357,0.039464304265927057,0.478541672019905,0.25779643752593173
6757,0.72899318426715909,0.74304818520859117,0.56719897335314384,0.33228960355872839
6758,0.93760447123813218,0.22186531584280311,0.50393680078240755,0.27696037242598964
6759,0.96789946715628039,0.898446400319587,0.58939181462055001,0.34932076558267522
6760,0.75534584442271158,0.75138487877616433,0.56865331136846664,0.33323669140959472
6761,0.20546119354275288,0.92423189521807947,0.57523626891802082,0.34914539342859663
6762,0.97943935023605599,0.82965070503152671,0.58134892744846767,0.34193774284541423
6763,0.18880928646734682,0.46639896944166398,0.51967219304230117,0.30017672974152748
6764,0.74275084932321922,0.98978210757308405,0.59669704259435641,0.35882321927813216
6765,0.6200222648125957,0.84164643529379979,0.57703979901237779,0.34261896994538599
6766,0.19855189394723857,0.80862586946113735,0.56147609464214221,0.33672175542360527
6767,0.85866441027953988,0.2086381058101193,0.50121466690585492,0.27548517784278398
6768,0.074489579776220491,0.053860744895727841,0.46354496802407325,0.25612765099534118
6769,0.69109379110477176,0.35971768304827856,0.51848146312777932,0.29119558098631176
6770,0.26197077937588331,0.69409592623213545,0.5500744151368866,0.32502322609181961
6771,0.65646800310980769,0.9396879227080267,0.58930616676795533,0.35324925564357884
6772,0.84951879456116586,0.025193289219506552,0.47668076302157558,0.25632377588505501
6773,0.37277055283788363,0.55789531168964468,0.53676588897430777,0.31119213900400994
6774,0.36444898052603236,0.65623260368105252,0.54862258893131133,0.32165797068920643
6775,0.95132261570802656,0.34846595552092191,0.52070526296894815,0.29037190200213109
6776,0.66933387543415879,0.10401015447593527,0.484682194600633,0.26423115683148285
6777,0.15488764852002496,0.55347959032797955,0.52912912490435604,0.30909652033132395
6778,0.76654605186282432,0.059567434643965682,0.4802035271009662,0.25977827269927223
6779,0.48662193084944744,0.12751645641516662,0.48451477176460533,0.26620011870901406
6780,0.38624657630369769,0.18392893478287151,0.48964873173436596,0.2716928039344077
6781,0.61752138074644614,0.97476644070214824,0.59261372390245892,0.35690594058988584
6782,0.60527256076264901,0.9965305540261209,0.59487610719423412,0.35920371802002482
6783,0.47945432247024733,0.050757466727041178,0.47429872312825039,0.2582137348270877
6784,0.74715775219382485,0.46086910435104511,0.53235839546965491,0.30207765778241102
6785,0.97129690313321781,0.0904572106306092,0.48683351530748409,0.26321441831410441
6786,0.85445324800048261,0.96047271463224904,0.59508922898176853,0.35586070247873236
6787,0.75809148975874996,0.23040309937222631,0.5026960563865569,0.27763663489190271
6788,0.81536487946681446,0.021223406322055962,0.47572330169889548,0.25587294960826928
6789,0.26823312977944735,0.67483290034969112,0.54795492734314688,0.32301210024414523
6790,0.79658951496997621,0.90936661540033537,0.58820931639760066,0.3502867196844387
6791,0.6662177121710382,0.25824463249483381,0.5049048398505559,0.28039894795458054
6792,0.17052762536649826,0.096959229219483675,0.47240928096617707,0.26137953436110739
6793,0.42327494789775227,0.85533971350261717,0.57413030448260094,0.34332064062552364
6794,0.73256195160412463,0.62289985704097195,0.55250403292694727,0.3193952764516787
6795,0.39254705996265404,0.84273759036095575,0.57180782833464128,0.34180468607093151
6796,0.67860043117994207,0.041316115171241112,0.47650697507645051,0.25773990440591732
6797,0.046585912265826486,0.40409118362752489,0.5062245006425985,0.29209970840765709
6798,0.060805760067317166,0.19415456879547566,0.48070661787476204,0.27038919058742805
6799,0.91783320812407188,0.1882920685817604,0.49925903791128695,0.27340855776793344
6800,0.90934948764900914,0.1856984988755663,0.49881332654688582,0.27312772829811088
6801,0.34198020658927275,0.40199736850020712,0.51641960464363246,0.29443262504507817
6802,0.41055371424780462,0.45814156122069105,0.5252969299102449,0.30075051258260321
6803,0.21393963025346166,0.90587629262077396,0.57343189249872872,0.34726357563133836
6804,0.314682103312586,0.86678481466775992,0.57233589590128531,0.34389594159113263
6805,0.84789117051555074,0.30533220314712961,0.51376612488045992,0.2856842090643581
6806,0.76787701038768286,0.62423750860950677,0.55324510698882035,0.31960452308559995
6807,0.42800762558552674,0.52852812487554046,0.5345514653440171,0.30833493595254163
6808,0.73788196676386286,0.97784838464885249,0.59523121013404423,0.35753293169090727
6809,0.96750047136732609,0.3059288890697644,0.51534556132848575,0.28587163110739655
6810,0.16484615767445648,0.78747449525779822,0.55766485013430911,0.33412669475209861
6811,0.74062665849189513,0.038075483008602168,0.47697880698374806,0.25751140185593752
6812,0.18432922333128518,0.65231189301494741,0.54227292884082468,0.31989821507041932
6813,0.7690951055050711,0.87921445582137681,0.58420383552881039,0.34699994492405106
6814,0.43683989899092124,0.34073085095576244,0.51103546671028965,0.28840753527873692
6815,0.73415932293640229,0.2747928089958499,0.50814779209529093,0.28228022485604765
6816,0.45622100817592581,0.81752974049850602,0.57050043741282008,0.33942403249033476
6817,0.035459654652245813,0.81072912999138946,0.55452946910439305,0.33497069258624318
6818,0.086409043968713378,0.45864708384341796,0.51469889222397391,0.29832314277543498
6819,0.68067411581174242,0.91814485832263015,0.58724321247551936,0.35099675306911488
6820,0.51903878922375157,0.84927450897517853,0.57578026460365983,0.34309860135043363
6821,0.31001157242987537,0.67976042532607683,0.54988133626238533,0.32383664681718777
6822,0.5859279922377435,0.14756870391221019,0.48903107885888331,0.26858522249944333
6823,0.65829589022650614,0.061940375505469276,0.47893373150084012,0.25983679903061957
6824,0.17149039246387549,0.73116836895282622,0.55124535301344302,0.32818422992447427
6825,0.51413126932681774,0.9033998067455018,0.58204533868089925,0.34888988861466241
6826,0.6831780587917311,0.50850725265435182,0.53734121950709346,0.30703842849769664
6827,0.61403500477789197,0.60962961967763263,0.54872717874401045,0.31769178929045666
6828,0.2797870717065758,0.93166934386907385,0.57876100117983142,0.35058638551263255
6829,0.29566808904592184,0.14303281184654917,0.48205355749154499,0.26697340249919949
6830,0.72575420900519239,0.66232416198333954,0.55726599385639231,0.32361261642634603
6831,0.68894106671962663,0.64785717747324378,0.55484483437144916,0.32198102365365849
6832,0.11588419419057901,0.65774419628587788,0.54017902819296737,0.31976256798556757
6833,0.79454864829267613,0.65734569939357457,0.55776514936977417,0.32320305850872333
6834,0.87000064799197718,0.34540273496479501,0.51927901922788611,0.28996228237269067
6835,0.18664338449732168,0.20579805376926671,0.48682869383365174,0.2727716053954643
6836,0.84693435037845044,0.28734723092155762,0.51140356633988404,0.28377848293706143
6837,0.98507976201759895,0.58501046370960552,0.55137786642764486,0.31566511327036284
6838,0.99555330552413368,0.17205056544305991,0.49799098768409084,0.27176759035725279
6839,0.26074189866221276,0.05675352004597662,0.46994911079601986,0.25785484357193139
6840,0.0098482341847964568,0.12823376940771705,0.47027014608856316,0.26301438268119087
6841,0.76261863802814633,0.69003268081824065,0.56128439353003945,0.32665850603351232
6842,0.44082866060162196,0.74089277842621082,0.56093152113965983,0.33112911958293717
6843,0.58492924427987314,0.047201911320292854,0.47577722905788655,0.25814667735995134
6844,0.051362673917075156,0.82379578597474623,0.5568549175271853,0.33659652170932641
6845,0.85023469685922615,0.41656889157973931,0.52821081175699536,0.29751059564009813
6846,0.85705032418154892,0.033702385109278837,0.47791309517114899,0.25721275962458395
6847,0.13013149555855197,0.00096055252676596867,0.45879656261308116,0.25124306225685517
6848,0.81282410546912587,0.96943502107922686,0.59549319786862653,0.35676291638662694
6849,0.46279912732521777,0.51617368114989948,0.53384923912098048,0.30716961044857782
6850,0.45336010800426596,0.35965944090929119,0.51383683350671949,0.29048031362124405
6851,0.0053047065486782228,0.068274001388798938,0.46256074498402311,0.25684308550553669
6852,0.38663130888108865,0.89588173500898993,0.57789112863480074,0.34747020070659695
6853,0.22722434594085208,0.62513387083340199,0.54053479294223461,0.31738100789634732
6854,0.58935377872643302,0.08475372485999251,0.48081742069020772,0.26204987087898868
6855,0.29143507542629959,0.8419469944365906,0.56867114350354175,0.34106848844226489
6856,0.67431903354205425,0.0033170374729554171,0.47138370639554877,0.25380799375895641
6857,0.21658051240214846,0.91350358110732643,0.5744149172317119,0.34810368817224696
6858,0.98797386305768753,0.20354347135879799,0.50208961959738907,0.27507245504399519
6859,0.76209025204243375,0.24559828014714877,0.50474785125353616,0.27924514778047105
6860,0.070308735186664861,0.60030211226049579,0.53124623820168815,0.31310899438624423
6861,0.70040861572538271,0.96022836816658974,0.59252032919787356,0.35556152116091738
6862,0.84056536196981324,0.16263815683884314,0.49489550127182552,0.27063113043995918
6863,0.94422308016453171,0.17561272197217914,0.49788762367247591,0.27210077584941417
6864,0.22095991857048358,0.81791716972525474,0.5634061225328284,0.3379220699085459
6865,0.045851234187290542,0.77245926295731926,0.55057560005469264,0.33105660504391932
6866,0.52071314814252556,0.32309725835119607,0.51061374094484557,0.28685765305356709
6867,0.75690921708283709,0.61425968435230904,0.55182935395787891,0.31851447686918632
6868,0.95211418158333982,0.7157654280626099,0.56718810519554619,0.32967445770310033
6869,0.55233858611475439,0.46738503394742731,0.52967739903398181,0.30229365550731174
6870,0.82160332106432177,0.14234751549019711,0.49195622436984765,0.26848182406564175
6871,0.30234741755098804,0.99085099880647609,0.58632382570777919,0.35709177024590466
6872,0.96722559787331852,0.33745381050737344,0.51946078472954349,0.28921593969748483
6873,0.34873293055241228,0.48829323889246445,0.52744651369176709,0.30363801628078269
6874,0.92371109358343539,0.1781913754537818,0.49798970222468053,0.27235298210553305
6875,0.51639077511666109,0.18530673148907956,0.49266519679324283,0.27233348737868524
6876,0.91525735429673227,0.48919783872383416,0.53837806972971614,0.30534065510890962
6877,0.34704006202366439,0.66787129285970015,0.54954334559404161,0.32280088193687312
6878,0.58770504142163549,0.15225970453902848,0.48967890741559789,0.26908006804060269
6879,0.0882133032370708,0.18617124969222351,0.48080058843831674,0.26985396197321398
6880,0.91096952461801706,0.59859665593785472,0.55213472173306621,0.31705328801841465
6881,0.45769735832229491,0.95726675251201965,0.58694435511721743,0.35442354486235317
6882,0.68928500026216499,0.25797864416722444,0.50524772244376459,0.28041914456061973
6883,0.12598533373841783,0.63308951108633771,0.53763655606605254,0.31725404805357954
6884,0.036979544254846411,0.59391896328671134,0.52890221913990743,0.31198548706815854
6885,0.74204584931317952,0.4402728645989788,0.52964954510276341,0.29987042606813891
6886,0.10302517795582536,0.097735008969123016,0.47017221606716142,0.2608866194959446
6887,0.86972488647199941,0.15845588657913032,0.49471280051901734,0.2702269163061452
6888,0.38110379206497452,0.26586900290661725,0.50009527442029145,0.28025924684474901
6889,0.73539456651963997,0.082689909091067978,0.48284563308470485,0.26213194832443182
6890,0.11787301928662929,0.44234295831419296,0.51399677576013525,0.29695117428244328
6891,0.60974001931626121,0.80163734215240701,0.57205719446548775,0.3382907116511773
6892,0.93060310168688898,0.16746331483578544,0.49664662788170966,0.27123323384266251
6893,0.60897247538609667,0.89999468240415448,0.58371607500239597,0.34885385291047472
6894,0.19933000244362048,0.012756806250859518,0.4625029510962278,0.25295892252314806
6895,0.4875278016053024,0.63096905074269749,0.54867545371989079,0.31954950487706774
6896,0.4708076079119346,0.035490951266989583,0.47211847034052096,0.25660950613608252
6897,0.58784511636520032,0.64479517299408329,0.55255427382766853,0.32138562170273377
6898,0.57622427864623027,0.41582621194567765,0.52360825362914665,0.29687418370789886
6899,0.34843421379964568,0.64405939142297719,0.54668196205449615,0.3202616163900755
6900,0.78084679951641012,0.91158880477637294,0.58821661164687034,0.35049887154565085
6901,0.75063543670360233,0.62566064077621564,0.55314419406434956,0.31972603335263966
6902,0.28253712850684537,0.83431974759103034,0.56748043512707969,0.3401851328293003
6903,0.41738384493306513,0.73899628847531273,0.56009688319523909,0.33081069790738826
6904,0.43200925576103616,0.69424848820379703,0.55506064277403,0.32608547880801125
6905,0.97852711801052794,0.46988815381947208,0.53670407625448802,0.30333525668588873
6906,0.81918895907761768,0.91367398542299638,0.58907240049268772,0.35078506527001801
6907,0.38689959134910024,0.32118688918339328,0.50732939383464093,0.28611642630344175
6908,0.94216237967876959,0.43416351068703229,0.53167761213294296,0.29948885176073814
6909,0.048862125612690578,0.03303291018774035,0.45992213625584794,0.2537505730064506
6910,0.38784560897463238,0.68129022262535288,0.55232092658563259,0.3244713412861614
6911,0.84507986742694641,0.83424628004090629,0.58004581632277652,0.34228752498123749
6912,0.9638956942614052,0.49012382810668792,0.53911064130792041,0.30548600584940966
6913,0.8121475701097749,0.88790568435114114,0.58592360278650635,0.34800591000939907
6914,0.83334413605661839,0.82994387466501218,0.57935465392584129,0.34180857952832444
6915,0.93448245860665335,0.81478389387469519,0.57897668857389928,0.3403000550283955
6916,0.82048451997494554,0.10951634639076656,0.48757832382428379,0.26504986245359735
6917,0.91601333564413945,0.8864892296497362,0.58728199677508375,0.3479875323522808
6918,0.89826582010131106,0.72685506297169489,0.56782505658090132,0.33081134320833477
6919,0.85123759295732027,0.82926621249004973,0.5795414880113865,0.34176063881445112
6920,0.31679531552904522,0.57633787019931482,0.53745038023491021,0.31282997992949996
6921,0.54829750801014021,0.85702563572680823,0.57735813476173559,0.34404005119041775
6922,0.81950314396618629,0.83449099010155769,0.57968713677757466,0.34227692256957759
6923,0.58373639781385422,0.87957987208463029,0.58078853966030142,0.34658275194009658
6924,0.49693788406803507,0.057204418284946587,0.47549032236273614,0.25893619293619791
6925,0.63379346956385996,0.0032074286220711659,0.4707452647870688,0.2537166349144141
6926,0.32911350039978277,0.37760949881371342,0.51298122855176587,0.29177657094034581
6927,0.26317440668978959,0.34245530574369482,0.5066111611081916,0.28765081017759248
6928,0.55487696226738636,0.98725615167164948,0.5927253039486583,0.35804151901790832
6929,0.31870193182985534,0.40547524674105229,0.51620774450999718,0.29466632381290742
6930,0.63028622416675795,0.30500240903497905,0.51036782706195138,0.28525716195681111
6931,0.37029369488715896,0.92892541951577878,0.58127530359445401,0.35091618870309804
6932,0.097435901376127731,0.59990056224580623,0.53240989946955586,0.31340080353827315
6933,0.57227739071784312,0.64466240440098344,0.55221948385923114,0.32132279117302764
6934,0.21971995672873454,0.62728482618589199,0.5405328407874932,0.31754728899833362
6935,0.70930762891412014,0.058732997542771045,0.47928142820818403,0.2595999176257659
6936,0.43525136467475678,0.82826085169006847,0.57124002711759103,0.34047548915185605
6937,0.11519469029844041,0.5714839968207176,0.52972249034280072,0.31058959781673362
6938,0.20138798645591599,0.97796957265821993,0.58125782677621651,0.35484796320206347
6939,0.88680421926561981,0.95744397755818211,0.59521061529649433,0.35557593962515555
6940,0.91676951220623459,0.27728479441219239,0.51098226192043028,0.28279223294943595
6941,0.60566920350702713,0.21020983803371202,0.4975924693876701,0.27519949501347662
6942,0.50738380214421785,0.79363861685270687,0.56888525105160481,0.33707924249972832
6943,0.42265462931251391,0.61211402361505896,0.54477504004890009,0.31724350961343845
6944,0.56128095124770194,0.42893581491383959,0.52498178689584563,0.29822449474049695
6945,0.75787672005529749,0.85368296348823935,0.58098790012252621,0.34423579053665709
6946,0.90650323345587835,0.97889993916839591,0.59798795732506427,0.35790100701870303
6947,0.75904003638246798,0.67573867438117752,0.55946964095654517,0.32511690524053316
6948,0.37260460003671475,0.54069785147196392,0.53462863865003574,0.30935571550076602
6949,0.089757525811216335,0.16943807590043872,0.47874946995328205,0.26813995830722759
6950,0.25288716593704885,0.96634212748870496,0.58183087097889818,0.35407684007980089
6951,0.77709991217750363,0.56315575447579613,0.54576446370914666,0.31307113573282713
6952,0.41285236811904474,0.57253814281668747,0.53963795354634103,0.31296352701806796
6953,0.95600764578738029,0.21518208705271827,0.50326846434773298,0.27627238989357467
6954,0.39419151954640402,0.018408237142080907,0.46826382841268038,0.254569716244337
6955,0.5445010057402192,0.88822011617174135,0.58095555859435344,0.34737595595136145
6956,0.75653976852867055,0.31436199634546647,0.51364206338987095,0.2865067875288751
6957,0.22215852399527794,0.98002974506913465,0.58228323001900473,0.35526695865010294
6958,0.46823072649763198,0.47476381051578792,0.52877809236331896,0.30277494910245872
6959,0.1139636195551022,0.97946382035898283,0.57776630653365624,0.35402839481521381
6960,0.56921823663891991,0.24314594546655427,0.50122292110401123,0.27856667822033265
6961,0.3232927335972316,0.92049014822313335,0.57887703743178398,0.34970879960443946
6962,0.070925978354981642,0.44549947081891589,0.51240968777402929,0.29675438008502009
6963,0.025974678652628792,0.75503346536095484,0.5475212097271317,0.3289082199925456
6964,0.35346048038013977,0.48777745734337952,0.52751282639640451,0.30360981553989808
6965,0.78052058393260237,0.90631303641184935,0.5875904499131146,0.34993157141221548
6966,0.34317869439303178,0.19694761339315447,0.49026367835910828,0.27284602615643888
6967,0.85089394838061416,0.22829160417792155,0.50370498393992524,0.27754582976531844
6968,0.93505728611190575,0.99872262988955485,0.60068066854955116,0.36005672977631603
6969,0.29528873129944549,0.341564619757107,0.50745470835252049,0.28776539782127353
6970,0.3217538651399664,0.2716078324279399,0.49928869451828334,0.28055534075116684
6971,0.02155747853111243,0.53057873471454953,0.52049580707801979,0.30507338916246241
6972,0.47675817696008599,0.79144576410303125,0.56789565101798556,0.33671657491247292
6973,0.87818077351326362,0.25308575763435803,0.50732027094429755,0.28019365943582364
6974,0.21377205587095816,0.56045960942512607,0.53216175550367972,0.31037826092190374
6975,0.10123120169880567,0.87579586632013096,0.56527602344666306,0.34281497478611883
6976,0.59491862203472989,0.39293169396187877,0.52104392765677654,0.29449241778016066
6977,0.72076270655471597,0.071358019638422421,0.48112779107187992,0.26092990270192029
6978,0.86631544595892784,0.10581055315480335,0.48766678290118715,0.26471784250461278
6979,0.89178013226737973,0.87985038255621917,0.58615623514473492,0.34724757824062547
6980,0.43029682444861395,0.031863709396438213,0.4708093039072957,0.25609351116599044
6981,0.6563376165323076,0.7909760249721236,0.57168637371240316,0.33727353635369595
6982,0.35083921859011752,0.43983777301168303,0.52143084118079575,0.2984973262677218
6983,0.26772933036660546,0.16908776391566499,0.48463122421956922,0.26951664446932239
6984,0.059034685983194508,0.68923646883795742,0.54137839872317717,0.32239814375757031
6985,0.88097767158254281,0.68110911686784825,0.5619705050218109,0.32587634535302695
6986,0.23795772057395662,0.8409418267362635,0.56672940969397922,0.3405340063479968
6987,0.11447500328930328,0.30129678868086779,0.49630074294115506,0.28209566502587535
6988,0.013912453870975878,0.1949369056132273,0.47878852358568014,0.26991718245591684
6989,0.94180339635893473,0.40130597959096781,0.52743956612107512,0.29598530043049831
6990,0.0012543668789672666,0.22457285100949231,0.48190204816320159,0.27281152612217185
6991,0.96331585355055294,0.45693839628190036,0.53486147739315149,0.30193908821156773
6992,0.045288828556158116,0.64255426475597788,0.53514438172420953,0.31725410345507454
6993,0.75323926728597146,0.12909520782114706,0.4892607884184913,0.26699788482290177
6994,0.056569552278553606,0.68580964805056577,0.54085247031893624,0.32200046030169432
6995,0.61180303313484186,0.50284761595920424,0.53533013140066887,0.30625642058339858
6996,0.63893421775420434,0.12310222679827129,0.48671670882539603,0.26615739252465903
6997,0.31901882349610095,0.99378494941104434,0.58719729719686897,0.35752665578864817
6998,0.24852566175038229,0.49153139103845467,0.52483282359302008,0.3033264333779393
6999,0.78836304178935246,0.055865335613547361,0.48000392983290063,0.25942520581523931
7000,0.33714395229691874,0.76867163134393057,0.56140634180141635,0.33353377492043462
7001,0.4278632084744633,0.85443880203437295,0.57414528862400782,0.34324733287042397
7002,0.96425837532953595,0.33442143591850765,0.51903027787654654,0.28889146278490446
7003,0.3921447580949054,0.37509371136821579,0.51433106247026705,0.29184330393547675
7004,0.20415882653795417,0.55795231734417616,0.53151337989630154,0.31002924315411112
7005,0.81343332286482906,0.81547222108108686,0.57731566640917054,0.34022346184556479
7006,1.3691994477994741e-06,0.27918859896085924,0.48862172202182375,0.27844847784750937
7007,0.50303028375761349,0.22995605157708052,0.49820791327451275,0.27697450138391316
7008,0.25643894659964134,0.4108548765763757,0.5150185002977149,0.29482954332293326
7009,0.928666837457649,0.55988967987593508,0.54750808447491006,0.31292173754042135
7010,0.77687203836658736,0.5425701068730443,0.54317317818028665,0.31086579834404088
7011,0.13457237481762421,0.69149948497194569,0.54501446405912779,0.32356608668578313
7012,0.086201715886581223,0.75880735072927785,0.55089993744051857,0.3301572904683161
7013,0.34495681699354902,0.72929226605246078,0.55691452443188982,0.32936430416703089
7014,0.68363892949492444,0.46399688188921429,0.53171000886533637,0.30228428521337525
7015,0.63147647150718844,0.60870858275141804,0.54894732776514643,0.31764073771896456
7016,0.68750282330260382,0.21733770588174231,0.49990197406005066,0.27613308335967768
7017,0.2575707008831552,0.42176171903548532,0.51642162050191143,0.29599225325095158
7018,0.12076980203097919,0.82795626524899857,0.56057808590111646,0.33795518420155585
7019,0.56516594840384793,0.37605600717960624,0.51830857341858427,0.29261300266932483
7020,0.29373951463514242,0.75855900836355294,0.55885302701796824,0.33215622660965849
7021,0.70504780423372293,0.69215652228215485,0.56057660830210954,0.32677240899787491
7022,0.31841121123834748,0.45240583057753975,0.52209781914332487,0.29964347813717213
7023,0.68117734637338434,0.78340839854568478,0.57123700519417808,0.33652157949315015
7024,0.95925676000852844,0.19993525876771892,0.50128722853098007,0.27467005300398151
7025,0.305170197008166,0.24756756597076313,0.49575592109382793,0.27793754439803342
7026,0.57301406087783402,0.29170935612485049,0.50759735793346317,0.2837001890476154
7027,0.2491378899706877,0.099859482727444271,0.47518745723161138,0.2622256477155484
7028,0.069944386254146229,0.18841959852656584,0.48035832762680736,0.26989572350947716
7029,0.54420573736875089,0.56726095486950368,0.54204563561247521,0.31293803477360244
7030,0.66764710839617769,0.76073617455713682,0.56825232146606008,0.33405278269167171
7031,0.09373016677472043,0.97229829887544039,0.57601665646722178,0.35300128273529602
7032,0.81979022846202143,0.1357440180883161,0.49105573345170828,0.26778864483784837
7033,0.90219322883527497,0.081497649922838908,0.48485214202545812,0.26222152866291154
7034,0.35519457796021597,0.25095728413610485,0.49752536679463488,0.27856484111497898
7035,0.59827420783491114,0.94553835876494419,0.58882392728389299,0.35371079983639864
7036,0.35831592807146956,0.93732004061461194,0.5818978081903019,0.35174204016633487
7037,0.91268418824685515,0.95183408582712303,0.59492219559209336,0.35500243351633259
7038,0.077271355253516236,0.52136182435950029,0.52198259014989212,0.30483761865524978
7039,0.49219536723719215,0.28220604373739333,0.50474724939695526,0.28243896844750854
7040,0.49821045856411805,0.63731571651695995,0.54970281095022311,0.32027214762814876
7041,0.70992896367829539,0.40727557380745422,0.52490833760182709,0.29629202983254566
7042,0.5639662530317554,0.78172382075603819,0.56871777877123486,0.3360072051422347
7043,0.46418995026677151,0.94976073082665691,0.5862391593500017,0.35364905973914773
7044,0.73150647474174624,0.59234287745632463,0.54868412584570903,0.31611615827928247
7045,0.32285655348863224,0.55819348941469804,0.5353916030361443,0.31093242307709335
7046,0.88753176707151582,0.013562620076036548,0.47557331945342463,0.25516123886436626
7047,0.61082519792650125,0.50931882754721447,0.53612705101473079,0.30694526333968103
7048,0.87213992698328802,0.30737734391080451,0.51435462574301771,0.28593039972590539
7049,0.82722682608164622,0.70596925668161137,0.56424634698568654,0.32847562270311709
7050,0.93907605739085709,0.052180277825135277,0.4813460397411502,0.25920764328644336
7051,0.2858931412202888,0.5251649235712248,0.53019088929343328,0.30717081280616459
7052,0.33927722573358332,0.076409250698250261,0.4745496578504606,0.26030127320052832
7053,0.86213535900599103,0.041507448425551416,0.47902065369841113,0.25802683298188789
7054,0.52168151715750577,0.3366814330232446,0.51238041017106017,0.28829894827726177
7055,0.36654131581793775,0.18407132618367905,0.48918839646967449,0.2716161577883871
7056,0.90492065350749762,0.68173922092200967,0.56237879111050415,0.32597155359089347
7057,0.90956383541425467,0.9284583530322299,0.59214131999343744,0.3524890876040247
7058,0.36785745472729908,0.56057537002059399,0.53696361093191425,0.3114513047398087
7059,0.83944664648118195,0.041867042260000015,0.47879013592188191,0.25803857661801249
7060,0.29190332114560297,0.92707949053564809,0.57863308182321338,0.35018806330293484
7061,0.82234313995059349,0.27512863589833725,0.50947122352608698,0.28245370236020639
7062,0.33808380281639983,0.29154539421194936,0.50227860758347476,0.28274218597129452
7063,0.61460891477958068,0.4749374281015597,0.53185657332947855,0.30328335884776186
7064,0.58515002460150289,0.11143868023961549,0.48426372561687486,0.26481445127767023
7065,0.0091173900412279182,0.068777130426012439,0.46278820744146748,0.25693976388894324
7066,0.65866975735094169,0.90661266229454207,0.58547510879613773,0.34970325435815031
7067,0.40087618741412884,0.037984454127389475,0.47097519965013651,0.2566104029805259
7068,0.91964839101476836,0.68216652493920416,0.5626302794597412,0.32603318660572
7069,0.38519040982302982,0.41297894982305594,0.51895559562024673,0.29582661175224362
7070,0.84043224130681482,0.10246235081261257,0.48689602528160586,0.26433884826575893
7071,0.77916511027304225,0.047181230531621259,0.47872186383621274,0.25851190722708306
7072,0.10924442917279667,0.13933530420417664,0.47567789655438592,0.26522272259979135
7073,0.059355242531409023,0.93378486329367161,0.5699553139680833,0.34841842033598708
7074,0.86396116272091161,0.098001948486606122,0.48659625009417706,0.26390096988787165
7075,0.97285954814600994,0.98347962629770636,0.5994181771778182,0.35845445388503167
7076,0.34299728426107906,0.69418472600629322,0.55261868733648523,0.32559269138901575
7077,0.91792543772914215,0.57746837363614467,0.54957863897410575,0.31479494992466273
7078,0.30318891919871094,0.94864238712884252,0.58149707256201111,0.35258048167675976
7079,0.41895391831091838,0.57751017066050558,0.54040935665204315,0.31352465221395603
7080,0.83565271280476594,0.17762583382813027,0.49681626137711321,0.27219735845339255
7081,0.81240355044362367,0.56348713637454206,0.54634378213402224,0.31316300432182476
7082,0.94737344990189887,0.19488452261359199,0.50048083920675879,0.2741286646190586
7083,0.60982944153411078,0.95826362962684364,0.59054274138528262,0.35511206530281608
7084,0.38360060451807221,0.40500012089366794,0.51790548849428297,0.29497191395400174
7085,0.46676235361039875,0.93454978835234659,0.58453665230248131,0.35202947562280418
7086,0.16129477589969757,0.66658880479325311,0.54310595980194631,0.32119433464314845
7087,0.11142068424365716,0.27157943269995743,0.49245321590227109,0.27896111589734179
7088,0.08141372325272532,0.30706796982773815,0.49569879736346428,0.28235166978003184
7089,0.99175557274549508,0.036033020077541007,0.47974420358117714,0.2575732608599442
7090,0.98102600594997647,0.83509226461759545,0.58202132012037444,0.34252383611199338
7091,0.63905163612432081,0.38977320361052409,0.52145167783899049,0.29427198949046013
7092,0.50749937100840037,0.77616453044557709,0.56679310005745853,0.33520373817869614
7093,0.63070807570932674,0.12376897725629388,0.48666859300423343,0.26620862675262069
7094,0.67746683977356881,0.3519262876973604,0.51724880994985711,0.29033927148733135
7095,0.36375084822900827,0.46312022573928119,0.52470575832818478,0.30104280597858601
7096,0.56187242767551226,0.19822575576895615,0.49522856532960607,0.2738243165316171
7097,0.74420514132221005,0.48837850771563829,0.53580915245894678,0.30501075173186165
7098,0.42930431792516027,0.94572670190593933,0.58486708004037169,0.35304620124367714
7099,0.29351186641432581,0.75354283767155139,0.55824602880714902,0.33161760886122482
7100,0.21869019835825312,0.63926419887911756,0.54195119915160306,0.31881611357112349
7101,0.64567220029550376,0.33296969154627298,0.51425638185582312,0.28825630545060288
7102,0.9320721554123913,0.99136556433142398,0.59978836831787519,0.35926463135617248
7103,0.27532533526777986,0.6129523125106352,0.54065966835609536,0.3164552052773042
7104,0.22950430596311344,0.77472967030118456,0.55860443932048875,0.33337905710072685
7105,0.35235708419169531,0.5194240433448809,0.53142857149517975,0.30697454222874204
7106,0.14765052132009296,0.6130712497348082,0.5360994582452322,0.31535672887745864
7107,0.80313420016962345,0.45095965166968527,0.53194806339472023,0.30111294018785056
7108,0.66080222365799135,0.5336445597509738,0.54011325261197529,0.3096753128989862
7109,0.41215572898060782,0.54915224889795067,0.53671944547110095,0.31046164998324305
7110,0.48952102013729748,0.10412719289449741,0.48150864896205914,0.26377660755378024
7111,0.68888834610633787,0.51743653015050806,0.53856678728035279,0.30800595410266429
7112,0.47361672485492895,0.21401175291343827,0.49552266265917799,0.27519731443094531
7113,0.53159729863522809,0.62707732040634145,0.54918862784122591,0.319300189921019
7114,0.4762837333785952,0.3977506275032065,0.51921251702359572,0.29461240132952765
7115,0.22793174586553361,0.21371042872575344,0.4891610988839814,0.27390268892573355
7116,0.27076747439530446,0.45260649271277942,0.52069458691573722,0.29935453709618642
7117,0.80387983141102604,0.97619000495799124,0.59613604391361374,0.35747383602096222
7118,0.059913444901199549,0.58424920888360365,0.52882809449794632,0.31127321564234772
7119,0.53386878100339097,0.72492988301404981,0.56120704866463378,0.32980397269148004
7120,0.98686410411492687,0.35127172668563433,0.5214909113464169,0.2906997099825363
7121,0.14677936765641209,0.34923939230147516,0.50353544998760147,0.28743411999486157
7122,0.46199311130655701,0.64063194404594836,0.54925751348648222,0.32047735772909014
7123,0.99944330729829389,0.77042526368304398,0.57445451980369944,0.33558752130641889
7124,0.5608248603926157,0.37227295282647249,0.51773830817531452,0.29219815850905079
7125,0.084100766857073184,0.7443649340755889,0.5490965235822487,0.32859279924796914
7126,0.25028271634363342,0.12331100924011554,0.47824119254981701,0.26465732971641004
7127,0.84258999299086867,0.80036024703661679,0.57594252796842371,0.33864180033031255
7128,0.34938972510722238,0.28780772147936512,0.50209978194993876,0.28240898325809921
7129,0.40246573654453971,0.66166437273590128,0.55032356953057271,0.32244690656434954
7130,0.20537747309216065,0.3994237306828029,0.51190936981000035,0.29323251259417177
7131,0.90929236052794149,0.054578801674989519,0.48133007133700279,0.25943015252466689
7132,0.9817986164816539,0.85832341886836805,0.58480741626547184,0.34502103483348823
7133,0.14526386092415777,0.67867498917417834,0.54391681164603334,0.32231562127376556
7134,0.28236532557572941,0.96393893680478226,0.5825718549446447,0.35405995990946976
7135,0.12555242684482365,0.79167184434473759,0.55652671984159729,0.33414178487192603
7136,0.12949331125627506,0.044481006467889536,0.46433243831041787,0.25566959945513645
7137,0.96596765932521089,0.91408925695187648,0.59121277684786022,0.35099945426238155
7138,0.63790368228288141,0.52617956087674245,0.53875767599111524,0.30881995038669113
7139,0.44800360855098115,0.98842759969810723,0.59029175820002577,0.35771738285120258
7140,0.59049994157644692,0.38262800372616623,0.51964057931153107,0.29338484728733211
7141,0.31119446616569768,0.87152126713403277,0.57278108113058246,0.3443788826371148
7142,0.6161016580229276,0.70580309036496325,0.56059662808597477,0.32801586274647204
7143,0.57157195478704526,0.77788519568253545,0.56841819652294456,0.33562026283081509
7144,0.84425078192952796,0.43873040127657592,0.53097267694730144,0.29986621276513026
7145,0.68618133184361507,0.40592627027955608,0.5243407712503052,0.29609907709264288
7146,0.04645929377706489,0.66366287467355145,0.53772414014070113,0.31950937080617875
7147,0.33313441217284417,0.22041033880201868,0.49302507109824489,0.27524775145060631
7148,0.31990767845000373,0.71831731598494808,0.55484303489764697,0.32802875561448386
7149,0.055263394877652174,0.11926643841144396,0.47105803549983905,0.26261752434128544
7150,0.60108977852227408,0.093765759378031374,0.48220927958247867,0.26301501938830185
7151,0.21779265812338564,0.76889432543193692,0.55748814290754478,0.33265233056629667
7152,0.3592496991825872,0.01224470088564558,0.46666387252800806,0.25378919242740872
7153,0.85840488962644013,0.7953110223413794,0.57556781236268773,0.33812040697365237
7154,0.63486812055745401,0.83379216889875241,0.57639802879653979,0.3418169535907733
7155,0.96190542780380939,0.76026178812194856,0.57274616120540256,0.33446504907626612
7156,0.6607176913233358,0.36861860171220034,0.51911452152359683,0.29207470375405187
7157,0.81262296670899958,0.44293368854311993,0.53106043905848055,0.30027056172105054
7158,0.52438187663907887,0.15547927541636164,0.48892396202918237,0.26923821480390336
7159,0.56162222904983206,0.42940576625460525,0.52504839925162283,0.29827559241984009
7160,0.89074328083262089,0.9153602180585847,0.59033623293342374,0.35106135481970507
7161,0.84661586144733014,0.71709101476283987,0.56589572805767252,0.32969792365110995
7162,0.16381771900349995,0.45328292672083487,0.51713249542464845,0.29856278924734891
7163,0.25888916511636928,0.14157937164831674,0.48084029042319604,0.26660426887919708
7164,0.010186769849446137,0.30036043172500793,0.49172563697903532,0.28078567024789591
7165,0.80261901957619708,0.27550932293458613,0.50924665221121879,0.28246627232456217
7166,0.258484586594312,0.51353038343506641,0.52788360305565529,0.30573848446370755
7167,0.0075521896277670753,0.33400994424881647,0.49576108859325591,0.28425339990737514
7168,0.092506143154564777,0.25041169998218538,0.48905370969770096,0.27656328756464327
7169,0.92983048708237481,0.13296938457213112,0.49204758150219824,0.26761864347940761
7170,0.33749672996063018,0.31158882262419207,0.50482212664328585,0.28485033095331619
7171,0.97717944858378036,0.30194649333545237,0.5149367513572024,0.28545747865479149
7172,0.83194683009953008,0.70318660516078824,0.5639758235643334,0.32818349204483999
7173,0.25716186238935917,0.73142238758589384,0.55440000315535143,0.3289766212463322
7174,0.31364937705293999,0.53755114151336025,0.53256634086654631,0.30867341324829956
7175,0.062058599319250791,0.72172602463789515,0.54538170577078637,0.32589180489021663
7176,0.55836113574231272,0.44176326843990249,0.52655313874435983,0.29958162833467172
7177,0.29511174743041629,0.97825480773920437,0.58464194519542834,0.3556897562931578
7178,0.10541421467257897,0.079700179209641647,0.46796900890080506,0.25906014857263354
7179,0.11636013326008106,0.6604532226750045,0.54052475912876996,0.32005622456674904
7180,0.42228066083224258,0.36042471947866728,0.51320541333269543,0.29042921207142663
7181,0.31688087953414074,0.29710078139553081,0.50241168106707523,0.28320863804433322
7182,0.48888985133297974,0.73560038128664018,0.5614703633570084,0.33077458987837621
7183,0.95189188758669196,0.19473281118428568,0.50051300952031585,0.27411660278979405
7184,0.43259560018040943,0.66429336948614803,0.55142635849392807,0.32287819382940852
7185,0.89663276007435055,0.4359995159768616,0.5313316212843906,0.29963833711004045
7186,0.38595662077575693,0.66457244252905956,0.55023442529753608,0.32267080355225186
7187,0.11289573607541388,0.094679850761394485,0.47014291236493161,0.26066359880270401
7188,0.36395317520269893,0.1909750319180428,0.49001692936869046,0.27232498732838301
7189,0.57263961680597852,0.28972593817171877,0.50733346716957384,0.28348955509499379
7190,0.64644853683369008,0.15907103499778316,0.4915810759396842,0.26993231421053299
7191,0.53809516798557022,0.2123273262648494,0.49661496665426275,0.27523475967746769
7192,0.5727098094388493,0.02346406452819938,0.47242440210976799,0.25566441287961955
7193,0.91109112981237705,0.96822851790726427,0.59681163868627973,0.35676062518187629
7194,0.10885489318013425,0.27398903973192212,0.49265642222163641,0.27918685862449061
7195,0.48640780723876087,0.12608905484824209,0.48432358149070964,0.2660507555856565
7196,0.17352065072926925,0.85190892768533666,0.56558342220196889,0.34109824086847584
7197,0.6366794692233787,0.37019555723256203,0.51889557447865398,0.29218527661212457
7198,0.52704396627476668,0.4363506620244938,0.52522048318798809,0.29890252749281726
7199,0.3002255120737129,0.04055629288525088,0.46890494250383158,0.25641055398433232
7200,0.067261991980054878,0.3202230329834973,0.49674557458472379,0.28356659725340638
7201,0.73034640537096429,0.23386114582418233,0.50273547194606516,0.2779537477299901
7202,0.74853775352909002,0.22969412948599785,0.50246207395367826,0.27754611391560813
7203,0.27814727629133268,0.58391724211339602,0.53719313895960263,0.31337753661613682
7204,0.70358038329306294,0.85606116754967965,0.58033264120746042,0.34438036649772069
7205,0.63032856848660168,0.27497045049850133,0.5064708679140838,0.28208250726445439
7206,0.85252729230950353,0.79056075529268721,0.57490873664804487,0.33760202021508179
7207,0.11800062323753956,0.13854059432655341,0.47589782786383156,0.26522170623293911
7208,0.28006953950723401,0.073703037412825509,0.47267021250170449,0.25971148958882795
7209,0.0095774443702423013,0.21146309767166388,0.4806533549073459,0.27156665741877734
7210,0.083345280660979917,0.87226429910551528,0.56403621573290519,0.3422041053905901
7211,0.31579992108809529,0.53200669745440832,0.53194309418583674,0.30809620417173972
7212,0.44463467442317633,0.0092899961538030779,0.46814261550459518,0.25382313948132473
7213,0.620348709074792,0.80956257488316619,0.57321846059740322,0.33917299646627197
7214,0.023652307660563383,0.82896800459277586,0.55604021026653971,0.33672653453081292
7215,0.84760716523708546,0.99480695701815425,0.59897202986406639,0.35953622691872927
7216,0.64882428414140603,0.74227890479244529,0.5656647629528313,0.3320222670943474
7217,0.097052918524981949,0.41729786636071514,0.51004768544444656,0.29408631963701154
7218,0.35351174834509153,0.10881589030252072,0.47911175274087081,0.26372278423708589
7219,0.27954077793398174,0.66964816541053596,0.54769560811337514,0.32254184035442646
7220,0.64803812613774792,0.76466195813660742,0.56835867735340628,0.33442480060077046
7221,0.9807877387899091,0.094417445387423499,0.48746695425317438,0.26363432860306829
7222,0.14687854258861627,0.98431574839298852,0.57976648019606236,0.35494366343170514
7223,0.26269082418164469,0.89184481881571709,0.5735530414074812,0.34618772999952074
7224,0.5880090301329387,0.43261227873511382,0.52597570922545533,0.29869587497221184
7225,0.81614017173174069,0.5189982485843706,0.54079109658506253,0.30840448901888878
7226,0.76687095312903408,0.72311546393722537,0.5654019849039531,0.33022008636304251
7227,0.74055141410065117,0.98275237380001923,0.59584560168333445,0.35806454194947668
7228,0.98563287290135637,0.66356187433992753,0.56118063869840806,0.32409521602376556
7229,0.31343719797591912,0.65819853990088451,0.54736879280153428,0.32155343305645573
7230,0.45587008168260801,0.76320303078504514,0.56399554937423435,0.33359262765749104
7231,0.32998616735049291,0.12816934278729605,0.48103462322087148,0.2656145399318649
7232,0.16520388413172915,0.87615981796678388,0.56807616287526619,0.34360127688752079
7233,0.1683660478975042,0.3306636649584514,0.50199282483993191,0.28567805669480029
7234,0.9658086938920547,0.33059447384617524,0.51854938973462261,0.28848650613650234
7235,0.66438376501755558,0.82742940710507107,0.57620453893786927,0.34121092875903192
7236,0.39246744142830142,0.76496342663472749,0.56254841122606025,0.33346379974778528
7237,0.91924937478151403,0.93916851385677003,0.59353174121715402,0.3536493642418756
7238,0.32841465862911429,0.39162954090804558,0.51473449100841628,0.29325677825216634
7239,0.33816142110793151,0.83263208913718123,0.56903868529252721,0.34039426707110348
7240,0.30324283589679984,0.90238180118323075,0.57613297150257092,0.34762743852291689
7241,0.87198303143027001,0.44477184021548605,0.53212816880158309,0.30054599087125061
7242,0.21914720690251563,0.25757230209942211,0.49447117558778109,0.27842236683104366
7243,0.37382338674851928,0.40293673743415859,0.51739082150531412,0.29470335778572326
7244,0.073875584046996665,0.5731692428392009,0.52812824947836534,0.31027880055759965
7245,0.72493985410680761,0.52437291004912689,0.54004957907954043,0.30882313298521114
7246,0.049758409147465141,0.88101022226255155,0.56340931125077964,0.34266050233518591
7247,0.78826388614122989,0.15179297559688568,0.49275901350127227,0.26942499240621004
7248,0.92052169606004619,0.91104376420591726,0.5902449522930131,0.35063011474813455
7249,0.35151691440680299,0.29396172794023295,0.50294280839102146,0.28306807422218883
7250,0.13465859451302095,0.61101822241657644,0.53532603929165312,0.31500160670360033
7251,0.91414006941405823,0.34456271759067897,0.51973943078718687,0.28992172542458372
7252,0.5333962604535627,0.7812737181513919,0.56799551183156816,0.33585119406154407
7253,0.43266254854163855,0.45017795558156215,0.52483834433138843,0.30000478627517363
7254,0.74391260220451516,0.48621851673716449,0.53553038337820735,0.30477937581354814
7255,0.039613140305934942,0.74845207985726891,0.54744033161168282,0.32841389624904099
7256,0.50007312071836785,0.94297296109484752,0.58633298631514585,0.35307909697403778
7257,0.93027394229761562,0.78628098391651879,0.57548431557578317,0.33723222853447171
7258,0.89434855118483547,0.21704330519611248,0.50277587185623951,0.27640999326924598
7259,0.73566386240919823,0.94302485653577606,0.59114117790033993,0.35379027707687549
7260,0.70497809068510553,0.56777086988893577,0.545167287501096,0.3134287184581796
7261,0.28690688497301886,0.73392915790373225,0.55568422290493868,0.32947057398197466
7262,0.40729528418689731,0.95414916568087649,0.58524726757083911,0.35383253818701554
7263,0.841478622461448,0.90567397889263235,0.58847218958617697,0.3499581056248347
7264,0.090493114429165161,0.16251679384919115,0.47790389670204281,0.26743268304726192
7265,0.89248936946849577,0.14942539662463825,0.49379444259451027,0.26930513756246638
7266,0.88260585894257537,0.61933765283493569,0.55433896014174677,0.31924641320545954
7267,0.63642684683081463,0.76828667065036715,0.56857358497478461,0.33478330409631452
7268,0.40686687426910506,0.46524182800062702,0.52609721418947575,0.3014886024040338
7269,0.93729768334637631,0.19042317912682194,0.49977201563913309,0.27365067121995418
7270,0.94255266300487561,0.014194850214000326,0.47627914083436174,0.25527598020985376
7271,0.70867346516827823,0.26296777568740071,0.50620819367483438,0.28098395651350089
7272,0.89469701568827742,0.44977614730532517,0.53307281952027208,0.30110654117280661
7273,0.37313210665421798,0.7100095791604254,0.55539641947766882,0.3274659896705821
7274,0.83917884325635395,0.77020950713636116,0.57225109337520041,0.33539623584367306
7275,0.40859368386821593,0.65428606298059455,0.54958426433515528,0.32168821153527982
7276,0.80048369433473565,0.6312690015862813,0.55462729657011089,0.32041347974271878
7277,0.91828440449301851,0.67016836758296705,0.5611312718084025,0.32474309710548788
7278,0.92771140186568968,0.92337419558587719,0.59179467435880739,0.351961751790549
7279,0.31319089013227497,0.68686950595587271,0.55083999676673845,0.32461848373693225
7280,0.4707946684692404,0.62819154525675114,0.54793994915591016,0.3191826530071098
7281,0.65379630229234464,0.96867045703466281,0.59262682466898409,0.35635323503007854
7282,0.82649063894018771,0.87455392374143703,0.58456475279352516,0.34659294125438128
7283,0.77728682439938424,0.79077438670677369,0.57377449130976865,0.33750956585616471
7284,0.59314645170151492,0.056550290719408078,0.47715472478888887,0.25913421531728631
7285,0.24240507373186992,0.69192468178161659,0.54914895182833878,0.32463606218248631
7286,0.8024004883039394,0.16638886916214835,0.49488482985565602,0.27097444429468082
7287,0.56720681458286715,0.92908435883460339,0.58624492502928249,0.3518430448685545
7288,0.86078342786204309,0.24730439070031282,0.50633583369122037,0.27956314904665508
7289,0.36632670420565411,0.424804871747538,0.5199552687940594,0.29698489176418152
7290,0.21243871346082308,0.57486641555727702,0.53388041854268664,0.31190025742688288
7291,0.4004234417843982,0.70284775891861651,0.55527756340641332,0.32684808707302471
7292,0.64668926014868777,0.78791280191388213,0.57113480268175365,0.33691933665787571
7293,0.031358750868134666,0.77292135543563634,0.54989804125577935,0.33089036557142593
7294,0.56562452555823839,0.48712511869921588,0.53244135952659966,0.30444201111731317
7295,0.88444578023465592,0.89218703989222414,0.58751242386563507,0.34856453380916252
7296,0.37393562448370504,0.52399038962278288,0.53258744139570158,0.30758068864109461
7297,0.81497414818952096,0.66821956947991856,0.55942032364344252,0.3244026369750872
7298,0.46888584516033299,0.10160083560893546,0.4807588903968355,0.26344447214709305
7299,0.3780064549805946,0.81093530727940388,0.56763187087807687,0.33831192039326335
7300,0.36218304790974365,0.95703246878691728,0.58429362696596931,0.353878154464077
7301,0.3714063595798216,0.18350934269741409,0.48923521779937074,0.27158050703467657
7302,0.2114171594114625,0.69595714340055137,0.54853722219746393,0.32480304839211571
7303,0.58435690543433882,0.54672321474059726,0.54030675857237354,0.31086874632537931
7304,0.043318734957475687,0.14583740463956493,0.47391196560234461,0.26521393555021805
7305,0.063938830872753163,0.45557058364505648,0.51333771811639284,0.29773000973885166
7306,0.37193919571401785,0.28364356855839723,0.50214713526341392,0.28208520224246802
7307,0.56740254192737627,0.06171499283598969,0.47739083016695999,0.25960462025121184
7308,0.34280349737867943,0.1481931624239427,0.48395322134596064,0.2677602383481657
7309,0.40813694785527188,0.31199035734281644,0.50667486422072627,0.28524450676643415
7310,0.98399588089814649,0.78318328541548687,0.5758080880115527,0.33694699249150323
7311,0.0054259737047483219,0.49364698336810109,0.5152107999195944,0.30094703666972267
7312,0.64617562659172112,0.92375259368129781,0.5872445101847289,0.35151098953739618
7313,0.67078431222242074,0.92232506485715271,0.5875482818563349,0.3514214242682378
7314,0.88614912790887757,0.71672710058972011,0.5664177120627476,0.32970904354224789
7315,0.3118868460533093,0.5157290059242049,0.5298075732947618,0.30633749883218253
7316,0.93899902559138138,0.44212162579613512,0.53266041388523988,0.3003351132636824
7317,0.0050486286106635817,0.73630604072540307,0.54421979097986106,0.32659108304858386
7318,0.69989725464127273,0.10815700844459934,0.48570250587381991,0.26472179923085432
7319,0.61256220823148033,0.4617431534717209,0.53014576482840192,0.30186985824067225
7320,0.040337363250169442,0.99751992845257054,0.57623206104820868,0.35490907614050254
7321,0.9847318940322497,0.13095171635883163,0.49239548625222113,0.26745258213391832
7322,0.91384759496353807,0.66847217229391676,0.56086217269437855,0.32455626257924747
7323,0.41263822512183107,0.43023632282727631,0.52183035189900973,0.29779248918432971
7324,0.79278458396302309,0.78105371835079274,0.57284969427749455,0.33649104997879714
7325,0.16345005567668705,0.23673538668212715,0.48996793331830613,0.27580541382362433
7326,0.033003614560107239,0.61385558302392018,0.53110375009101751,0.31403950251890328
7327,0.30245734142874137,0.90196984184539186,0.57605961658126537,0.34757760917276215
7328,0.83867722149210755,0.3024543122510775,0.5132659896534898,0.28536749209004436
7329,0.017635739066067618,0.46014299671932823,0.5117364810414905,0.29759987026472667
7330,0.63301556584256469,0.33260098476737038,0.51398616156393184,0.28818680535772939
7331,0.22293818813253893,0.64043967221336218,0.54224410529327671,0.31897764775745024
7332,0.076079280013672548,0.72387706506889082,0.54629824716373077,0.32630839316930216
7333,0.75192940822966625,0.34621744353311368,0.51770482041168642,0.28987786996598031
7334,0.010387418368516957,0.18388394110527589,0.47725046810768418,0.26873409617164429
7335,0.34901667359402638,0.34183830792430092,0.50898421129602078,0.28810495028822886
7336,0.80095620866591344,0.54859866877530006,0.54430029438581606,0.31155046351346843
7337,0.17108466841612244,0.18201272712367353,0.48328155077107465,0.27017553660893456
7338,0.76661970953202119,0.4645341136197676,0.53312953327751944,0.30250328540028631
7339,0.34405899553262864,0.7380903915316217,0.55794636748231741,0.33030115994481851
7340,0.775691219363839,0.6943622534224414,0.56202591050389339,0.32714667102631056
7341,0.28938969693748512,0.63498714929189304,0.54379697740908517,0.31890855455643452
7342,0.0026747096230625178,0.43499040228318192,0.50792672744725798,0.29474426634225526
7343,0.34168521069545532,0.86598101668051675,0.57307420425878608,0.34399115292439975
7344,0.60324699326461417,0.75457056755552776,0.56626191143209736,0.33321549537882184
7345,0.34438954049892495,0.5445625192121486,0.53432642199209435,0.3096088667598732
7346,0.35552822549304697,0.11180557436341187,0.47954944890254897,0.26404232810352724
7347,0.50214419132453625,0.56123868502209662,0.54037850700278534,0.31214243090942767
7348,0.0094088941214722586,0.89853789716103349,0.56330809425980388,0.34388644583266614
7349,0.84161915998257464,0.47773428862603617,0.53591967643123883,0.30402763741212513
7350,0.27368081866548166,0.82886501389228517,0.56654254027731021,0.33953326721069688
7351,0.23265919577431635,0.1199033364527044,0.47728637486800618,0.26419090481433877
7352,0.12860683200248751,0.046437031795887741,0.4645516468784629,0.25586189824393224
7353,0.80656497938790128,0.50565743761096382,0.53896033463188808,0.3069628481707079
7354,0.62607009477206743,0.68311327497932361,0.55801755646232087,0.32560789662826911
7355,0.66815983927593336,0.38164761019718135,0.52091820350716822,0.29347634026088842
7356,0.5441389127143077,0.63463330727537404,0.55039143220134112,0.3201540735547061
7357,0.30544082419014301,0.14326584040111628,0.48234644557268558,0.26705209265494517
7358,0.10749475273474818,0.030718455722497311,0.46181323789369672,0.25407724482207644
7359,0.1756415835922002,0.45410749710410603,0.5176712327983215,0.29875848215706013
7360,0.96656192278427777,0.43727013286860894,0.53237651170099443,0.29984216469693648
7361,0.49781801038532286,0.10316489854782121,0.48154737768180228,0.26370357316264287
7362,0.16162398448783208,0.020703784048545639,0.4623553605853386,0.25349922928066587
7363,0.75002152544449785,0.88371256597478642,0.58441750810093085,0.34744776053037374
7364,0.6076215632872074,0.41437791175992467,0.5240248330676428,0.29680888549871814
7365,0.26248260709698079,0.15486346764293268,0.48265222867771285,0.26800552197215649
7366,0.78940043481496391,0.32633241298772631,0.51568371592239381,0.28782883508764628
7367,0.97722920085828524,0.22073393515486969,0.50424549635997296,0.27687463431718679
7368,0.57656869894588603,0.54698874096946093,0.5401837903514114,0.31087346885608141
7369,0.51353941803678183,0.82431667692813793,0.57268958054685359,0.34039736412220262
7370,0.36024236250565156,0.90378745335711874,0.57805402535529926,0.34816052054764729
7371,0.36946354304811685,0.80719833138921537,0.56694476042259156,0.3378614596813323
7372,0.69782784400539244,0.11838593153291149,0.48702562123765392,0.26578460123351721
7373,0.93872599762162434,0.84107453754973838,0.58218562150913067,0.34312989050146331
7374,0.74432525927050741,0.092286522689776038,0.48424870797249225,0.26314488829023364
7375,0.5867208442215458,0.30897922132740496,0.51008999424227497,0.28556469597655898
7376,0.22709570688620445,0.62040560794147903,0.53995489644201,0.31687569906497387
7377,0.91766145099637808,0.3409575195802958,0.51931450155322378,0.2895423826792366
7378,0.10638451794217109,0.54150934062100708,0.52570083360209652,0.30731232680205622
7379,0.8473918146288838,0.11046321782422019,0.48805023389975444,0.2651817025723599
7380,0.38477368384065341,0.98884479892252708,0.5886151358735584,0.35742250534235853
7381,0.59560812568747212,0.52768461533394884,0.5381426426056769,0.30886560698710264
7382,0.12805625630208525,0.13999350826580778,0.47644462522058195,0.26546213361830695
7383,0.19637267004045428,0.082454503063706219,0.47137352290785328,0.26007913102745767
7384,0.55044420524620219,0.61128047230233207,0.54764253114365036,0.31767286295106506
7385,0.84361595918921517,0.25947387865200872,0.50770778917603876,0.28082710298977137
7386,0.61269078919774622,0.28560852952756688,0.50753974959984294,0.28316254676469105
7387,0.93401184966919248,0.079958092361979649,0.48501310909988643,0.2620905275483052
7388,0.2052047492555692,0.27025861052869588,0.49562966460682262,0.27964551672721183
7389,0.71678304950537863,0.83175375573110077,0.57767152308604575,0.34179704856851123
7390,0.77355219914846829,0.47323691065515161,0.53434447435107002,0.30344452670966271
7391,0.76678288316734833,0.010246439359115903,0.47362015185023637,0.25467424829025254
7392,0.05698396464433754,0.62138225277810133,0.53316486786285167,0.31516929549674971
7393,0.81573528894787894,0.49688712410310981,0.53798302195016401,0.30603860204130534
7394,0.93923139742600037,0.60552180738426986,0.55337179481345056,0.31782481747829494
7395,0.013223258862120566,0.73107749483905504,0.54403784355757467,0.32616717638704124
7396,0.69801696953879444,0.55733606880999875,0.5437409403610487,0.31229615259787702
7397,0.23320269754278708,0.30365601462941855,0.50076640837115693,0.28335729417076655
7398,0.53886756307781913,0.54337976186500159,0.53895243805678894,0.3103651353361121
7399,0.075872055859153631,0.18184563840326157,0.47976873086279764,0.2692791994327296
7400,0.46763519133928932,0.68639988557113107,0.5549909634360044,0.32540699619887903
7401,0.47478398476281436,0.52771552249131493,0.53557259251661082,0.30845156157533754
7402,0.80482195161428538,0.51185014376455218,0.53971893444014696,0.30762264380294146
7403,0.18529334482202542,0.20781684555428803,0.48704073724895058,0.27297113732157507
7404,0.99534095589733917,0.13978166734987171,0.49368921853687342,0.26838435555768597
7405,0.27414818121682621,0.86797591351756131,0.57115481458519723,0.34372403788190792
7406,0.59141910481980309,0.15681074192671804,0.49034253511680531,0.26956544398265309
7407,0.68729453864487589,0.95920597030228238,0.59216108743091045,0.35542131148014289
7408,0.24715657462769888,0.1860044311317266,0.48620182753668723,0.27114608938365592
7409,0.64289428714778041,0.98450721833856081,0.59424801155169038,0.35802324892667764
7410,0.016855316018161832,0.4515345364489709,0.51064704273661143,0.29668418901058879
7411,0.35765005529817429,0.67689512297584453,0.55094513767996911,0.32383005273102805
7412,0.51044946664419266,0.57157425205792534,0.54184990508830733,0.31327941858672925
7413,0.15301843448566504,0.49452097863672539,0.52181965442585787,0.30282478231053811
7414,0.74216472383834198,0.68447111063956978,0.56026586489332797,0.32602301913023779
7415,0.28375672152157638,0.80696660809157184,0.56428855776824005,0.33726556594202145
7416,0.29935475748811152,0.89754900032199225,0.57544391908003933,0.34708150163414431
7417,0.33491287587519042,0.76104001888380157,0.56042675732170144,0.33270187246396132
7418,0.77601623783746043,0.78535646562880135,0.57310084139581996,0.33692502761689097
7419,0.33510708194078181,0.88695765736821341,0.57533329403195221,0.3461960736464601
7420,0.98731152137141909,0.7416047481469461,0.57079613015776876,0.33248088695790268
7421,0.15106891445309156,0.9842513846883435,0.57993732829735978,0.3549848383317919
7422,0.34475914182354461,0.64282503294987836,0.54642529718215771,0.32010748906864461
7423,0.24765098828630289,0.04011624382756418,0.4674336046372965,0.25606806335587268
7424,0.37897374679177304,0.070001764879946138,0.47466388570570922,0.25982154759982751
7425,0.63088745288917569,0.22882799556254177,0.50046667575139181,0.27721895533504531
7426,0.39752917176772612,0.79899753128922313,0.56675453026216738,0.33714104725827976
7427,0.99937935781482379,0.51781773650638063,0.5430636545848283,0.30847745072674804
7428,0.94103506589607577,0.70293490350918153,0.56546932033908148,0.32828555892408573
7429,0.41801165315135153,0.98440133372173888,0.58903148773520164,0.35713256128732312
7430,0.39946275296789829,0.89739404197660055,0.57842669916465816,0.3477045953180582
7431,0.98877788592589788,0.90760892881880284,0.59074239415268825,0.3503215412716289
7432,0.50034632136771695,0.77932981089771491,0.56700645508175251,0.33551489684844904
7433,0.89154145515981365,0.4465587513378938,0.53261888743644226,0.30075954110917497
7434,0.16465331492015395,0.089355968037934511,0.47124448181904222,0.26055186018013898
7435,0.69851080212019157,0.13796309725585162,0.48962523961322324,0.26783014972288666
7436,0.54512663411133688,0.53983770343790538,0.5386417538310484,0.31000758033084841
7437,0.021480639506282751,0.50137512087380753,0.51694776032642742,0.30199349122965546
7438,0.45249616138838467,0.27469003329725239,0.50291302876558008,0.28149788676599918
7439,0.44567052572927207,0.85333296596378794,0.57447761971957423,0.34321643995716611
7440,0.16149847817466362,0.95269155357702406,0.57676544747107628,0.35173338362704604
7441,0.86223249172155059,0.017712191245669966,0.4758313892794041,0.25556412166870962
7442,0.019018819543335123,0.60377174533201616,0.52919529095476137,0.31276835916681245
7443,0.51475457773866373,0.18056386583381101,0.49201371522367515,0.27183161223698704
7444,0.23216507489037469,0.74786785678711021,0.55550054538411875,0.33052987934222716
7445,0.19761452688575956,0.54349394493558212,0.52950393863288936,0.30843477164255478
7446,0.17955819726829653,0.51291226541948276,0.52508422724064041,0.30502523501820439
7447,0.20045476526009154,0.48041542221222777,0.52182342964849382,0.30176260734401844
7448,0.34668160572048512,0.57434320252576143,0.53807417533216628,0.31280044670013407
7449,0.96355322024842027,0.65511401146637505,0.55985747446166634,0.32316973077739036
7450,0.86243126912469747,0.71849825170330006,0.56629777759468125,0.32987009491567865
7451,0.95254694870294776,0.48084454088540518,0.53778658479815755,0.30448387206942862
7452,0.24791445359290812,0.97287605578253289,0.58240416287786989,0.35473298426908112
7453,0.87832540850493834,0.13492185637726217,0.49169230159976074,0.26777200851248012
7454,0.074169854498875795,0.60232822654185592,0.53166704107751039,0.31337302432876013
7455,0.61070534459705239,0.34288406004289868,0.51491066450025236,0.28922059369401226
7456,0.40423868835236643,0.24966118327634176,0.49857187475701786,0.27866184170625968
7457,0.27960274667904017,0.039671426788310052,0.46824939304295116,0.2562080304531692
7458,0.98722323271319046,0.052310762650833932,0.48188594811957436,0.25925846647422895
7459,0.22933265278296314,0.026649262259795799,0.46517424005706765,0.25457504403550857
7460,0.2317250142148114,0.24066588885296372,0.49271663442712371,0.27674446631374189
7461,0.43385842564675259,0.33073496506669325,0.5096868070617746,0.28733760862911312
7462,0.82971872884506592,0.44198656571850881,0.53118494706167674,0.300193939304705
7463,0.057358204090816434,0.19191710682822161,0.48028337556172473,0.27011978801203307
7464,0.079623039961198822,0.1368321938846144,0.47423895523555942,0.26467634956192659
7465,0.45944089507038011,0.22789378881497543,0.49701782733854966,0.27660194513620145
7466,0.41555668590184069,0.021677559608721642,0.46915871021872857,0.25498979674737898
7467,0.96028512558733348,0.30687492749701489,0.51538450957753901,0.28596582077706673
7468,0.78470959480471214,0.65997857565622542,0.55793692023219288,0.32346953287848951
7469,0.39446707679860993,0.18215007188160673,0.48961378540190498,0.27154368778171101
7470,0.32240645192774248,0.38459307812409244,0.51367684159371441,0.2924767030307811
7471,0.75922433572296288,0.80412699782653951,0.57508570956936544,0.33891228068713347
7472,0.70882262880486668,0.85244571492021204,0.57999641054293138,0.34400345154896644
7473,0.29539457427106097,0.29309430736178765,0.50129682195216052,0.28266005376468611
7474,0.60595394950300685,0.43646858014004536,0.52680949305971114,0.29915709404928209
7475,0.3695435337677016,0.44418852998145159,0.52248232079803625,0.29906096677062893
7476,0.71714382778502772,0.51720583493892336,0.53901622908407032,0.30804081046033771
7477,0.12200699896017324,0.46480735935546696,0.51693688298024376,0.29936679873724331
7478,0.49679506431525811,0.95583603248487936,0.58774779318199699,0.35444516861746683
7479,0.82687128618938155,0.58536573656402768,0.54930122927783143,0.31552937098733058
7480,0.88222390695082731,0.54478253759519435,0.54498531184594723,0.31125265289394033
7481,0.096080815776286188,0.1558830446348875,0.47727948551081867,0.26680330962356719
7482,0.82986953709992817,0.21717153490699129,0.50196166102250839,0.27634780543217341
7483,0.45852981190331049,0.28640725143776508,0.50455769272465778,0.28275679036398771
7484,0.022073069714626765,0.85175011860405792,0.55859840880212908,0.33912254269864822
7485,0.013817588212026751,0.42979422454937594,0.50784011704444387,0.29435880351079485
7486,0.87177868482026977,0.64658526908388603,0.55757422494516085,0.32215777596671419
7487,0.92232823770471151,0.0071045609262655497,0.4751016069734611,0.25452635948495195
7488,0.060396829774638172,0.68347763343976109,0.54075744063459807,0.32180499126209516
7489,0.63920735273190077,0.24692438069357306,0.50297225861021855,0.27914452376222665
7490,0.70075652295917967,0.32525374473104024,0.51418414785539368,0.28755832506129869
7491,0.76794370451505534,0.70480095353614303,0.56318090094583617,0.32825439071627538
7492,0.11851659820076312,0.91691554561847588,0.57080715917684766,0.34741623030095614
7493,0.25698466217521349,0.88392517286607764,0.57243207352943482,0.34529347681950817
7494,0.70341054925612412,0.74586455160294429,0.5670972711985458,0.33253818434930088
7495,0.80417134014816261,0.47786807617180749,0.53539520707757393,0.30398827461697553
7496,0.41519513177807676,0.44784822131424445,0.52411628584815728,0.29967716853617971
7497,0.5558301730623586,0.31015009977041047,0.50964996407925911,0.28559935603363668
7498,0.88554360621693784,0.11960437834699407,0.48974095373255061,0.26617844437186444
7499,0.75462624587091853,0.72252483317413141,0.56512997581217617,0.330134276224678
7500,0.058670314235461415,0.90946094736916716,0.56713191242623728,0.34581947283200487
7501,0.61848055697997339,0.51020222246831981,0.53638372563638448,0.3070605669681078
7502,0.81770481253016047,0.17360832125867018,0.49604669057077672,0.27175250857244099
7503,0.83597534246003491,0.89644655730332024,0.58730024244490531,0.34895901454826705
7504,0.91630985926479336,0.39107104850275209,0.52579788355816004,0.29487027210693328
7505,0.18265790553184924,0.086444333767483478,0.47145400008331534,0.26038963113831282
7506,0.2365230393098551,0.11350950722702546,0.47657845138130711,0.2635552446401726
7507,0.38333543503381079,0.0020711232903995553,0.46588261924915847,0.25284879261145909
7508,0.19025835811231517,0.086638133871566977,0.47171925071892806,0.26046543645506887
7509,0.79690145290059744,0.31252942712897203,0.51399654714437915,0.286376739520457
7510,0.13119577177074973,0.94769673567042934,0.57490373226899538,0.35085314101743387
7511,0.59726958128354746,0.92782049947766365,0.58673619200494842,0.35180573939627297
7512,0.83773637259699174,0.088646274407778405,0.48501976989879153,0.26289598679771947
7513,0.83259415943116188,0.18361780335017247,0.49756863014605185,0.27282263847255667
7514,0.021081527413742151,0.070224786471726836,0.46347843884754691,0.2572268417063503
7515,0.83088031516276539,0.97570098767873137,0.5965025528469835,0.3574625298773309
7516,0.51283098151375306,0.020809605795668908,0.47099663885252502,0.25522795658087399
7517,0.022197199089999776,0.2787203827054589,0.48959780461977465,0.27869392688868999
7518,0.1527074205988436,0.18007019619235071,0.48240516251797383,0.26982185502002243
7519,0.49903183011595392,0.64235949670834236,0.55034163063092745,0.32081588055246857
7520,0.33832432552917163,0.37240766428763744,0.51257656640061366,0.29127839556400015
7521,0.045170319447352086,0.28153100382111734,0.49097369422710091,0.27927177213744875
7522,0.39266444768552899,0.44301937890521947,0.52293901338995952,0.29905512631219883
7523,0.52546099477516262,0.54780080361765582,0.53921729189828727,0.31079115237386151
7524,0.64425559272171229,0.71974661807579687,0.56284009188024442,0.32959014038395668
7525,0.25017121701658473,0.87115121785131056,0.57070215052788376,0.3438699146481774
7526,0.74520205297692454,0.6515640460550437,0.55626272979455871,0.32249568508550119
7527,0.038556129995046651,0.9600096623088118,0.57188655578599235,0.35089298625055138
7528,0.3123734525585431,0.77804044249564175,0.5617675102318781,0.33437326312445931
7529,0.59025005633208205,0.29855078528317391,0.50880686572204492,0.28447139808608224
7530,0.097885845171555408,0.81716361399340676,0.55829427563522105,0.33652288713329281
7531,0.26895703981121771,0.10551918483978372,0.47647774921637431,0.26293126081216117
7532,0.6315672927036533,0.29967841236289827,0.50970039838491421,0.28469700312763097
7533,0.66613812629085734,0.75708832227539968,0.56778314371914018,0.33365713479655779
7534,0.95780508807942977,0.47130190002637684,0.5366325092786649,0.30346869447830188
7535,0.00011807454220252112,0.92874359804618878,0.5662490616853767,0.34693552196675825
7536,0.28498067765928575,0.33983266344649021,0.5069337032782224,0.28751776584853306
7537,0.75570833526075587,0.13867855184167857,0.49056568359837177,0.26800347455423074
7538,0.58541646112460877,0.054086114088061736,0.47669641908069482,0.25886023915347367
7539,0.56898144678940299,0.32853203225895994,0.51227635686738127,0.28758402823428819
7540,0.7579889449518058,0.75279447886744755,0.56886791169973483,0.33339307808306495
7541,0.65976828965937029,0.16168344827058029,0.49214298947743429,0.27023446412407515
7542,0.9496623333257973,0.70538094410073249,0.56588221285365004,0.32855644446938198
7543,0.69668006590622245,0.25417821825117576,0.50487003031330369,0.28003291416703813
7544,0.83179338404805181,0.96190033523911855,0.59491183980947826,0.3559825373524822
7545,0.71309186873495356,0.52141037207880292,0.53947914161719557,0.30848236419874425
7546,0.50661363930929226,0.79577062512406849,0.56912247676207428,0.33730506833307417
7547,0.045962550392479172,0.062392390613292811,0.46351299554611752,0.25670504460069227
7548,0.34915412251885286,0.57821892236365247,0.53862247080704706,0.31322879944350634
7549,0.70589509449974874,0.80680562401459321,0.57449383975645207,0.33909235449111458
7550,0.78524162383339136,0.29047081495214955,0.51095356824180715,0.28402297676075999
7551,0.035832840455917177,0.68499376536995416,0.53974164977331807,0.32162072788009161
7552,0.79186934304592438,0.47994934436635817,0.53547664267678208,0.30419156075207221
7553,0.66140820511995113,0.13195860302123474,0.48825065977899157,0.26712974034653675
7554,0.54784624171314067,0.069785405313211965,0.47810527050804774,0.26038845948417361
7555,0.99980811376926726,0.068430436392955013,0.48418408815319847,0.26094204644307606
7556,0.0405170250899042,0.86373915573948767,0.56094482948378788,0.34068437256247935
7557,0.39955947768840705,0.085882803914451508,0.47720776644125262,0.26155131537206971
7558,0.76371018406878,0.93359627471991125,0.59051598657193016,0.35283196862706667
7559,0.19693518597715304,0.88947698146213083,0.57088111363298533,0.34534794718361278
7560,0.44547175069291844,0.49177331985681089,0.5303799250915775,0.30449222695580713
7561,0.017947112144401763,0.88471229452496636,0.56218210140377445,0.34255885579274648
7562,0.135606941396615,0.79500052805292654,0.55734790560712399,0.33461233086225906
7563,0.51498248886609221,0.43910652548371587,0.52531379368051145,0.29915400979707307
7564,0.0070303910570568406,0.33847070521650607,0.4962866347396474,0.28471126582596673
7565,0.4944597374527599,0.50977856084062956,0.53377569024614346,0.30661389738553141
7566,0.7251776644486585,0.97958809993454488,0.59521075835171544,0.35769350852876741
7567,0.98971577002644773,0.89248344245319033,0.58896646501680305,0.34869746274033431
7568,0.03868713536217111,0.35459282948818294,0.49975486722917112,0.28681366376806344
7569,0.5625584480799618,0.18279598663788058,0.49322420056148558,0.27220842869529555
7570,0.72435143551161751,0.46400881280967737,0.53239218627967699,0.30236995377332221
7571,0.92143897002259045,0.77116829886302585,0.57353583858656332,0.33559889279735006
7572,0.40357209015508416,0.3909572991884197,0.51663169330408298,0.2935794925310603
7573,0.40897368285212438,0.47188380817588188,0.52698499089205342,0.30220585863675814
7574,0.72360601427856597,0.5332688116382458,0.54114859341669386,0.30977247380840123
7575,0.63019265251847678,0.7858361955970643,0.57056624304951586,0.3366516464789584
7576,0.37068554473522819,0.31933839173408923,0.50668268513027148,0.28584166665705807
7577,0.50428072163896864,0.027684642040415205,0.47174244481376054,0.25591091351531203
7578,0.49946166107385653,0.00041111666193464772,0.46805240778243057,0.25308949726342767
7579,0.9721584215025767,0.97802965822390986,0.59877602268263075,0.35786911699281043
7580,0.64537904729753504,0.69490314169783385,0.55982966339254747,0.32692528413059874
7581,0.26353166311677778,0.45082974260166525,0.52024598987082249,0.29911531760463184
7582,0.49169972121658506,0.64949980519897077,0.55104930014256315,0.32155197056841195
7583,0.19072285814626375,0.84416130102294273,0.56535287573865389,0.34044383163358422
7584,0.14561760587267344,0.51703171096505829,0.52430127190028697,0.30513688333028893
7585,0.70648081294283038,0.81327562855448343,0.57527985064112885,0.33978895631318073
7586,0.4639455686076428,0.46702740273658422,0.52770431987527611,0.30193297590655599
7587,0.50967584053926407,0.32213120353453562,0.51026028338816531,0.28671802631338816
7588,0.1184742036548094,0.256943659150356,0.49088298883161441,0.27750416434207992
7589,0.96098135183114797,0.70836346257523408,0.56639432799786293,0.32888706991185879
7590,0.43632328840232221,0.94954550979010532,0.58549566070676073,0.35349129719815658
7591,0.041155752604606098,0.62795358481401342,0.5331944709432348,0.31564851120404602
7592,0.86818694898585103,0.59620922383413422,0.55125113254292368,0.31674766023696549
7593,0.080073397821432454,0.84305558950250281,0.56049001999126447,0.33904858616104938
7594,0.48708464454974748,0.1739784367889981,0.49059494877426713,0.27105095830745662
7595,0.73699153432125453,0.11934334380534711,0.48773448422565513,0.26595323213103739
7596,0.3161778851827956,0.58960803480170432,0.53906479219695635,0.31424244186809647
7597,0.88422857741561034,0.25869826288536424,0.50813489278335222,0.28079321011768182
7598,0.17834485146667575,0.18088886001437204,0.48338174937256545,0.27011691757827327
7599,0.42370600463618757,0.54903412788618589,0.53699738187318258,0.31050445311771729
7600,0.084608718848845466,0.23405502107007198,0.48668464191641675,0.27478022847817729
7601,0.30938542898752497,0.67311249399565865,0.54905610129400195,0.32312135635567862
7602,0.60946066912169339,0.50901714886153349,0.53606298040081679,0.30690925072451974
7603,0.68283871986529565,0.70073650734020632,0.56123345663232616,0.32764393020281168
7604,0.072331720654142562,0.080497142433316918,0.46683478057000088,0.25882501825510462
7605,0.052640026888542343,0.7127251688120072,0.54386100835783124,0.3248049979904386
7606,0.98810869387270661,0.42902986304656376,0.53157398129426026,0.29898058178819376
7607,0.4910910102954717,0.88076653689806117,0.57884097169544502,0.34636582664584065
7608,0.69610386643990652,0.34855827612084106,0.51712356103215051,0.29002102142074382
7609,0.80814168361091288,0.60152621356841418,0.55104200162259465,0.31723446603966071
7610,0.33173552268684142,0.35403844068861801,0.51006649273276439,0.28929878250817243
7611,0.41108598880810898,0.093273864619026439,0.4784316350793581,0.26236407259444749
7612,0.054629953035933432,0.26433653755482522,0.48923798040329791,0.27759526896263681
7613,0.71237658358145273,0.92674988383796308,0.588828545800268,0.35199367216400756
7614,0.66346254433559948,0.87139201687515022,0.58141275440252882,0.34593215337121336
7615,0.47162290168959881,0.73401562351410976,0.56086546367802881,0.33053131075322834
7616,0.33381834625251361,0.46027741703864888,0.52352379000830729,0.30057195142744175
7617,0.82322195829829437,0.83514323868887741,0.57982227106236683,0.34235260468241674
7618,0.39862026263856098,0.7160169940357447,0.55682322462865885,0.32824987699294306
7619,0.90089524418351941,0.069468214580498178,0.48322718248906388,0.26096891605396394
7620,0.044133820244681557,0.62252587240353463,0.53268803190519498,0.31511500853720248
7621,0.31731843206797494,0.7289336589507176,0.55604146906489149,0.32914810625035368
7622,0.46657618699531306,0.57090066632822867,0.54075941185359422,0.31303306296730721
7623,0.77612139028658855,0.57525489193949619,0.54726607681817507,0.31436601315218737
7624,0.56696500462634725,0.40245113053160025,0.52171974024812029,0.29542354826964701
7625,0.96164535140789809,0.05755934607734671,0.4823166982037953,0.25978443294657227
7626,0.83117544172088387,0.86773798115876277,0.58382751527500298,0.34586734578551331
7627,0.012593662691803183,0.18869322344829562,0.47794997910240111,0.26925719001299936
7628,0.10487699473575922,0.29000635074587777,0.49451033519282567,0.28081857097639845
7629,0.56458932678328133,0.58353221515420595,0.54449689607752227,0.31474717752475218
7630,0.62942245195369473,0.060759760157146958,0.4783160523448915,0.25965371860475034
7631,0.73919533123547454,0.79984360025996581,0.57423539088115028,0.33841360235394258
7632,0.99479896065931539,0.91654626164404918,0.59187241143024583,0.35128592360745708
7633,0.89325406391465811,0.88710125909644411,0.58703620687181757,0.34802837047100821
7634,0.26419395181707805,0.76332856859512399,0.55845158577494347,0.33244497138810175
7635,0.66559669350400807,0.64362012575402627,0.55390262081738173,0.32147169173636719
7636,0.87459593197241192,0.56585280005909744,0.54753413110201632,0.31350100059426678
7637,0.9756836052300758,0.66901794731878916,0.56173206002033671,0.32467309082440471
7638,0.39462799794123277,0.28356717174305818,0.50270151405120456,0.28218552523152413
7639,0.67121061844454377,0.43365177638797325,0.52763083557190549,0.29901966475314512
7640,0.21787034863386071,0.80099330080124787,0.56129540955041357,0.33608467232913614
7641,0.99684450538271341,0.76790873534040294,0.57411683288780602,0.33531512755938386
7642,0.89818851252057352,0.0008047745897551068,0.47398143125655501,0.25385415485431939
7643,0.27691469339568869,0.92188080212223578,0.57753006067373358,0.34951617674287555
7644,0.28756587049685189,0.90406391792498764,0.57581641717036658,0.34769113153112774
7645,0.28688359797055601,0.63444532126061393,0.54365173408557177,0.31883300807752352
7646,0.17331231866189048,0.70718823260389041,0.54845107380377345,0.3256437106141013
7647,0.65454078557923212,0.52915950611325679,0.53943653509629141,0.30918031553206032
7648,0.60099192048039984,0.83549071299222999,0.57592262957405727,0.34190125939309851
7649,0.95223674721374418,0.36492206734170907,0.52285541086262244,0.29212198651200855
7650,0.30705630785630783,0.3630994047813933,0.51052214278399566,0.29011168865061848
7651,0.68545451958276093,0.56486223806556091,0.54446585539510139,0.31307455563105907
7652,0.079840756854077335,0.72526733526141618,0.54663773565750062,0.32650543921916747
7653,0.086395411971828442,0.19770287050789923,0.48218262453019772,0.27102881038588367
7654,0.11309453113666969,0.33110374351855137,0.49997769512012091,0.28520210133504992
7655,0.96556678352117309,0.21599785799664678,0.50348631559251855,0.27636628289138565
7656,0.5543132338183816,0.23031747850613901,0.49927073107652581,0.27717375825073354
7657,0.0059013093734043651,0.30051642061903838,0.49154260251810095,0.28074402653315744
7658,0.056226607872091702,0.39171611810744505,0.50513107564930815,0.29092140921441018
7659,0.88738630095993876,0.61349551611662612,0.55367659758435794,0.31862519927937827
7660,0.61146087236021418,0.54203239081789512,0.5402498120109317,0.31044524000949858
7661,0.13920772404292367,0.9436144269965473,0.57478296301630949,0.35051227441637306
7662,0.39688249552076454,0.39861307157763515,0.5174350094089365,0.29435962160734597
7663,0.21460508393762867,0.47031483262608526,0.52106317613239528,0.30080960745219409
7664,0.43271436692766152,0.79495109875669012,0.56720942894796555,0.33688907810858659
7665,0.13146417252613465,0.43471206479688412,0.51359337600481425,0.29628632733886145
7666,0.39194303406105613,0.26341898328744573,0.50004687193536868,0.2800524620792228
7667,0.5842017152379384,0.56545253232201798,0.54264395651018338,0.31287262649014325
7668,0.71965901552560974,0.78225477969789647,0.57178291201021714,0.33648350616676492
7669,0.13620308221277083,0.84610845298954529,0.56336604365192455,0.34007231711177138
7670,0.29113712403747488,0.84466118418652336,0.56898094459253268,0.34135694850171655
7671,0.12167587189645274,0.78955283922703245,0.55610969081916317,0.3338704364389683
7672,0.97462736180584186,0.93840277797103633,0.59418275707364554,0.35361757765267704
7673,0.3483895237372141,0.20271801447552865,0.49114132887071288,0.27347571404371485
7674,0.44867917060652984,0.24025634860774736,0.49838112500392995,0.27785919447377821
7675,0.092113255035609479,0.7321221320708865,0.54801240909998206,0.32739185000792176
7676,0.7786054906673614,0.80899939313646174,0.57598781967523682,0.33947071912938404
7677,0.14574760177159915,0.066878841239062597,0.4677433497608362,0.2580944854060383
7678,0.92174003309841512,0.11978880593919894,0.49019598549101784,0.26623328733844825
7679,0.88880290223580094,0.36731424850983313,0.52236924707067922,0.29231275373317389
7680,0.59531994327121651,0.80333417712753874,0.57196714882246746,0.33842948034483167
7681,0.32353362063282404,0.40828740107024786,0.51669933835027182,0.29499308833785692
7682,0.8467570027620881,0.73952641886196802,0.56863667164146992,0.33210901264988552
7683,0.11897879989783978,0.53787088095069635,0.52578268137676798,0.30706674446745252
7684,0.66747481666317909,0.87775061132240806,0.58224047998274409,0.34662537500502716
7685,0.21067431506403955,0.32956231608613162,0.50331031086802791,0.28591145722204131
7686,0.32098659342209579,0.62677935267897555,0.54376562980918364,0.31824385193340859
7687,0.84351892806886464,0.71775004342334581,0.56593081164491421,0.3297644912933832
7688,0.44158765049778165,0.59545747631842971,0.54319596584444041,0.31555015822836607
7689,0.090200261786568453,0.58454473458743883,0.53023436390165524,0.3116852292555683
7690,0.16726995271187042,0.58327487520425347,0.53324482440739629,0.31238416858149332
7691,0.77558563195691688,0.9273164833982126,0.58997718304000835,0.35217896593842635
7692,0.56412974679841432,0.62366931492310251,0.5494614925481518,0.31904582471320514
7693,0.62331123995055682,0.33626727188074729,0.51428617172090862,0.28855137308574802
7694,0.59157139333934761,0.68224852245141521,0.55722863561437608,0.32541519188886781
7695,0.40253459836369149,0.38959786782820011,0.51643333575357631,0.29343041666411801
7696,0.093879507474706053,0.030900332628458274,0.46134945138709033,0.25397335744662525
7697,0.41905981556448391,0.87764506996819991,0.57664471960619468,0.34569167040928978
7698,0.73028032630911333,0.18468566165390657,0.49627155780599547,0.27278153513639247
7699,0.0038895884058321828,0.43048319868237012,0.50743624215627303,0.2942892325074678
7700,0.66980212182615662,0.019506156324350741,0.47347167115912026,0.25546904936705328
7701,0.41370400915114441,0.42830124169300543,0.52161228063577258,0.29759179925062446
7702,0.23846221444831464,0.89090952841661641,0.57259215296190846,0.34588404573553833
7703,0.91643380375051642,0.7731801706400816,0.5737117702468767,0.33580993318892016
7704,0.087769149954605385,0.32726085084426454,0.4984800354301635,0.28453253950724028
7705,0.85995221076334127,0.20895644892688142,0.50127329583279612,0.2755202019136983
7706,0.63331907135833765,0.14391121345468563,0.48936712735522125,0.26831757152067404
7707,0.92704335064735499,0.37945905829170951,0.52443064560298369,0.29364491100337714
7708,0.66159636777687125,0.011120550068665762,0.47223036044750338,0.25458812104011203
7709,0.92418802834941305,0.8042039164515794,0.57756499124128258,0.33915260582356971
7710,0.73165267715809168,0.5795319976507104,0.547086642875801,0.31474325218010701
7711,0.2408633106321213,0.099555907839105937,0.47490936644426407,0.26214199640337044
7712,0.044658783809433229,0.29021658922793575,0.49203285055911961,0.28016967938766235
7713,0.41487577835562411,0.83578801725342633,0.57159482952226726,0.34117973145759739
7714,0.48713454717571153,0.84746887896034173,0.57481494298595204,0.34277481803502441
7715,0.029444888270494997,0.82731156106978887,0.55615022103268963,0.33664113591322542
7716,0.82752435433572391,0.12099408170970856,0.48919699363751656,0.26625694023850621
7717,0.10325390825726791,0.51538657322776271,0.52237695808345175,0.30451076610296668
7718,0.0092427404907648447,0.016679408944805619,0.45625461325844074,0.25166135702127856
7719,0.76156220251010964,0.95634117324628176,0.59313590969623597,0.35527019469498344
7720,0.95955377324969737,0.23547066768204095,0.50599043405534472,0.27841407731141465
7721,0.43996474882481851,0.26262135884686139,0.50107414322570853,0.28017672518421965
7722,0.40626918467417128,0.37837829544908602,0.51510100996781172,0.29225850167984252
7723,0.60791378305352994,0.064750592674675866,0.4784893829988997,0.26001885900010846
7724,0.63115480545236491,0.89295206213818168,0.58333328023807174,0.34816193401244094
7725,0.13425133735329145,0.33554048029776895,0.50134959044046479,0.28587689687169038
7726,0.66099071233120055,0.042560279319190888,0.47640246163754185,0.25783463220251668
7727,0.13804750773702981,0.81188718373753366,0.5594370205546384,0.33644162688179285
7728,0.50099434781101304,0.48125195806521226,0.53033559579465417,0.30359453771834688
7729,0.3506120544944541,0.39468418672167466,0.51573040571237871,0.29370532214688749
7730,0.80202303101619477,0.31969526830386608,0.51500237275628347,0.28714394440569374
7731,0.52045432350257181,0.89676094533904693,0.58141339029318073,0.34820222068782436
7732,0.72393336668462727,0.27040363245856719,0.50741739249083562,0.28179792190134551
7733,0.43019973579318033,0.90347204555665384,0.5799690006881022,0.34851928091424
7734,0.34184375250205634,0.0087395836275187336,0.46579589005496153,0.2533511245793581
7735,0.032429156934458296,0.18583669779169143,0.47846676105966179,0.26920551782119612
7736,0.86993638060240774,0.45603198393638017,0.53354191146946472,0.30174560174485565
7737,0.20783716468358179,0.27124338825921296,0.49584085445152465,0.27976880859945474
7738,0.32757385786449306,0.87101766089532762,0.57323464101992183,0.34443779162715915
7739,0.63827760780815734,0.50039967654937656,0.53551626352430448,0.30606479295665284
7740,0.62369056030119541,0.56821947161484276,0.54375959129963392,0.31328175592247937
7741,0.28731883586292389,0.92887328985881767,0.57868916171171203,0.35034529081012988
7742,0.023449939777224791,0.75776545938228956,0.54771170152049176,0.32915946994949558
7743,0.17200564323224826,0.24634089746355314,0.49148117367235855,0.27687937041993277
7744,0.8154324558732915,0.30941441238253609,0.51385319429175569,0.2860734661626459
7745,0.016512468370993155,0.035110921215906275,0.45887430524013822,0.25360909847759444
7746,0.35670398877045373,0.91800463254499487,0.57960630516621336,0.3496621739972347
7747,0.96860077222493712,0.049765905259072318,0.48134530749412885,0.25898067898391386
7748,0.018416753001150209,0.40670762348066786,0.50523190678968766,0.29200186791728422
7749,0.81836277125101775,0.53878866841049167,0.54332361328587275,0.31052625429888348
7750,0.40296298902126731,0.89046051848317742,0.57771150151105621,0.34698030012621067
7751,0.56074268768980406,0.24397501261119034,0.50117041042235666,0.27862973864359858
7752,0.070092542785580747,0.534117213837069,0.52321567571579597,0.30609779589713065
7753,0.96329287454193691,0.079371332572295797,0.48526065643615368,0.26205363641802826
7754,0.48172668152264086,0.32766152271615573,0.51037397534873929,0.28720304723121926
7755,0.73112736414746626,0.33277292376571571,0.51564189733131149,0.28841398610436614
7756,0.49272444478414257,0.75822023446290987,0.56429000648877348,0.33321791571544612
7757,0.55946687596993283,0.90267816645797583,0.58298511399995057,0.34898154048778823
7758,0.94361887599033067,0.7769590279308265,0.57453380257728603,0.3362431441307201
7759,0.52794472761777,0.68102255596929462,0.55573064836472996,0.32507100171729292
7760,0.79395057530436897,0.75056570992629279,0.56917597027109967,0.33321623022164187
7761,0.083968644301395404,0.51327895956741409,0.52129073107767621,0.30406378359913006
7762,0.73700605958771193,0.46329270232232522,0.53250547726400443,0.30231768256257269
7763,0.47663528544205475,0.36763366642113543,0.51538059992849838,0.29141756602029933
7764,0.79929559711517073,0.7811682140310644,0.57296609159478329,0.33651398664337412
7765,0.097990574254828974,0.12502560931540793,0.47344619988960462,0.26364269752052893
7766,0.77260578607880748,0.63951318326498152,0.55521496769892065,0.32125201542858078
7767,0.25154059834786457,0.63170408229745234,0.54216604472435448,0.31827780957665947
7768,0.64909340400028737,0.41238214365030873,0.52452592749042082,0.29670215686955481
7769,0.53223823949786597,0.0043038131893728864,0.46917306967333838,0.25358433904737643
7770,0.31949236993741942,0.04461156427044189,0.46992217394871644,0.25692645783307294
7771,0.47457231309203202,0.58663584293721938,0.5428991649231879,0.31474974974417214
7772,0.38286220187341097,0.60548885016063003,0.54291481897360527,0.31633199190053346
7773,0.67829472043017158,0.48586312638038071,0.53439253133952425,0.30460738854401714
7774,0.46970665477929868,0.71280596894157355,0.55825113106192392,0.32824776124958566
7775,0.62318021155245362,0.9281705693266471,0.58730680440059402,0.35192122512562374
7776,0.071498351983621256,0.31269103240921398,0.49598670486206309,0.28282819671082765
7777,0.65692287554758366,0.66290306979607561,0.55612000175565657,0.32351958744541354
7778,0.0063627197159337812,0.42704117538678699,0.50713768717815977,0.29396398703916943
7779,0.55468325226075255,0.20032687725614526,0.49536768833939859,0.27402423500797568
7780,0.48041428177388157,0.80328205442681211,0.56939875346016844,0.33800283613182452
7781,0.75052305456126345,0.13910474136093398,0.49054788549726197,0.26803977595059392
7782,0.36572982882052896,0.081980968884134198,0.47591500898953548,0.26100098480449102
7783,0.61942952571272625,0.39144011673753848,0.52131012415431544,0.29439973370657885
7784,0.32969550996910546,0.34465590606346963,0.50881906729954041,0.28829596201672109
7785,0.49762065891731766,0.47748897624280073,0.52978682649450837,0.30318059913083084
7786,0.024850138775759846,0.72982135855307573,0.54449433737599862,0.32621429744468966
7787,0.089061319768975952,0.73677646544167075,0.54842546283447835,0.32784867751739499
7788,0.14094103615452769,0.56661476695040469,0.53018331287322884,0.31034982171318898
7789,0.36280785086551914,0.096467461790086237,0.477731293417612,0.26248677171801787
7790,0.44115603747571591,0.030208079869823996,0.47081966027888345,0.25596258664641908
7791,0.99408770635317789,0.99919487120317074,0.60151282198019229,0.36015639593054888
7792,0.28382437626133905,0.21036118037594717,0.49038895158526319,0.27391752216802973
7793,0.54147292478537423,0.64412316033685346,0.55150240032339715,0.32116216425356769
7794,0.91725958244329087,0.67326261523201825,0.56149972783181346,0.32507434559811427
7795,0.1681164103717194,0.97375114594245094,0.57944957153981225,0.35405364415069945
7796,0.23209271264428971,0.81198715953939837,0.56310956901888887,0.33738600878841501
7797,0.50409721160872145,0.96259275135836797,0.58870574972955925,0.35520045777416265
7798,0.065275149552023501,0.19407382687249922,0.48087965207360261,0.27042981095593999
7799,0.72765277184991861,0.65563281231744919,0.55647282127631881,0.32289814474116663
7800,0.61733535177047605,0.027079889335611371,0.47365266444777177,0.25614286607735381
7801,0.50558031147437876,0.4435779692618293,0.5256774271087834,0.2995964051960619
7802,0.18730447933956751,0.90090782705772443,0.5718336240661317,0.34647401051486593
7803,0.98282296409340342,0.43168901764795886,0.53185371179385976,0.29926008772056789
7804,0.74138913662660644,0.56457269777382024,0.5453736681733492,0.31315904533591332
7805,0.14255981628374431,0.8568602042186656,0.56489014263768378,0.34129217526515299
7806,0.34343076205487599,0.21572964132680791,0.49269093361736538,0.27481166084057501
7807,0.93841247404901074,0.97265698723070093,0.59770297019832519,0.35726318724389028
7808,0.74867038508361439,0.83092533812111946,0.57812034416351998,0.34177258451724729
7809,0.27187420235899046,0.031468285354657566,0.46697935130062063,0.25532300289354731
7810,0.16613469696239336,0.87741381584316269,0.5682598617585094,0.34374511148295267
7811,0.25067581839103953,0.41965319016115976,0.51593868326237557,0.29571949739983183
7812,0.51889345759366412,0.15424219705046854,0.48865510942458179,0.26909200997109411
7813,0.26092613067958736,0.33043367362030551,0.50502110983718163,0.28636866911921782
7814,0.71885210153035584,0.36453846392215927,0.51955531657367859,0.29176338725206169
7815,0.43798286377695622,0.39879792769112393,0.518462919046072,0.29456682260432726
7816,0.82362784902987773,0.24955535878658994,0.50613662144227223,0.27975373294725386
7817,0.70735826937895041,0.56143515671252975,0.54441433663937033,0.31275506275921189
7818,0.55995362363789469,0.94285766245083658,0.58769239696129738,0.35329621317944793
7819,0.42581577981935115,0.805799043601926,0.56832311364033483,0.33801859120565403
7820,0.40336854600085648,0.85991517724796429,0.57413338761962485,0.34370650947738929
7821,0.057983601165527948,0.18691421319061194,0.4796809245884131,0.26960991797757583
7822,0.42895377657084027,0.89710409326663942,0.57919078915834687,0.34782989911944823
7823,0.92747427151635053,0.50607001891179237,0.54068270973120558,0.30715769396464865
7824,0.091774552483821756,0.12956790128197754,0.47378709981750877,0.26404987820912995
7825,0.77750885576271689,0.93794436316009389,0.59125323679593877,0.35332370402123825
7826,0.16252908784988104,0.4450584625125979,0.51606466227503356,0.29768111110646034
7827,0.90469720297056488,0.58632507906901887,0.55051406186589014,0.31573043533070094
7828,0.29005610265050785,0.078585539421101566,0.47357025777056977,0.26027086636495061
7829,0.4820767815218191,0.53221010591412199,0.53630251684609698,0.3089610921021565
7830,0.90120349952274703,0.90863988841726684,0.58969286240136576,0.35035130883628873
7831,0.1713584900332964,0.20135449660784799,0.48575085380831945,0.27218715939332538
7832,0.17364576284441866,0.63451067440971975,0.53971352707605624,0.31789908307126652
7833,0.67383230504338865,0.56216292866630246,0.54392316395450968,0.3127588970748939
7834,0.18994680229552324,0.9885838997823303,0.58202269431545817,0.35586682652859836
7835,0.21335081542908449,0.90112003369360461,0.57285787668582255,0.34674954483174492
7836,0.35185671273082264,0.10342433095761808,0.47837067879214368,0.26315615794236991
7837,0.46448130448352315,0.051913640074327125,0.47415005844244218,0.25828305306957733
7838,0.047806518438237258,0.30428068407265241,0.4939210218271054,0.28167308436412453
7839,0.020139817846741064,0.33129657640409427,0.49602019223211885,0.28414023282822348
7840,0.045629800897010138,0.27091690453012707,0.48967092936849038,0.27817327678159742
7841,0.98995055787408492,0.91060873400055575,0.59111118701893417,0.35064462958740678
7842,0.32861666365083075,0.21787107376981296,0.49257930677724771,0.27495785125092387
7843,0.16416911255632294,0.95233812383700867,0.57683519633474911,0.35172485639753737
7844,0.39421188912269428,0.48685230498757448,0.52848539114390669,0.30372764969762128
7845,0.91225789979252736,0.59479323307889276,0.55167588141828561,0.31664672462857679
7846,0.60023307295386918,0.022996631845191587,0.47282918113267491,0.25568258855211029
7847,0.46809187097289834,0.66028116395188263,0.55181276974294502,0.32260916644405813
7848,0.80872240588116706,0.16933318063017214,0.49536017708591723,0.27129192061745006
7849,0.22162113928449109,0.14547649302744542,0.48023684182042498,0.26676377448753325
7850,0.089874360376305418,0.62550106267126981,0.53516714199478443,0.3160274819687669
7851,0.81222380922922166,0.38112153181877223,0.52310928133987233,0.29368346169579634
7852,0.27395843561809746,0.34569181294719459,0.50734748071683877,0.28806423946315174
7853,0.38849512615768472,0.84763490748066694,0.57227340701756635,0.3423071787709987
7854,0.39841624792133229,0.38804731913701401,0.51613362352747927,0.29324639735708963
7855,0.31024502231237716,0.53586829486979404,0.53225660410602627,0.30847230677541548
7856,0.68767726238333848,0.20245359636860669,0.49795186703586952,0.27456837454325789
7857,0.45013610113103641,0.83640473324250197,0.5725882856931257,0.34142116537549622
7858,0.28085881308616373,0.62416780915186976,0.54220663595806595,0.31769246078224628
7859,0.7081663167350577,0.78946050706597748,0.57244984043535918,0.33723330034308463
7860,0.17578803234907101,0.30046754618220728,0.49845349946680706,0.28257337087394746
7861,0.54349289218365449,0.60588945716778975,0.54682747984706292,0.31707165184287672
7862,0.69252424871748086,0.869713442563673,0.58175272327429295,0.34582218307223711
7863,0.48272811364125229,0.58432466664497051,0.54280316137971663,0.31453587424515911
7864,0.99239888756180883,0.91340200280692663,0.59147156339773299,0.35094646320202205
7865,0.68437163164314119,0.85778506444621594,0.58018929913017825,0.34452144953237951
7866,0.97804848727249782,0.98864962748518448,0.60008540414668154,0.35901322594449303
7867,0.45770470127403967,0.20606855113621569,0.49414919153762543,0.2743054507062917
7868,0.13833943804501322,0.038409620970569089,0.46385720241046868,0.25512283964629223
7869,0.44824263957972876,0.99541579076229836,0.59110142714983105,0.35846746494584969
7870,0.82303614741564968,0.1479316048743087,0.49271601418263522,0.26906818382849645
7871,0.90869217262320456,0.43217103652436056,0.53099702066178756,0.29924292315242335
7872,0.54623046408303777,0.22871518369765256,0.49890683578160688,0.27698132658866725
7873,0.10152735910819612,0.69236304077446698,0.5437021477440227,0.3232765708256522
7874,0.39179751449549804,0.19258134059481091,0.49090161815460281,0.27262222723194157
7875,0.56888251997426853,0.84444631261395997,0.57631467998260089,0.34276043173287846
7876,0.60824433838486447,0.28069108738357901,0.50682146504827652,0.28263165982059035
7877,0.69739688164357794,0.078814990565029441,0.48177335453398806,0.26166352449172298
7878,0.48820532364359825,0.37419753555351637,0.51647406522699868,0.29215749103650968
7879,0.95426217863516649,0.91476357171406275,0.59113839813714253,0.35106180745323207
7880,0.08248069716574391,0.72078337097024781,0.54622745462135858,0.32606258449256414
7881,0.12138756296114299,0.84422385587369797,0.56250587578449041,0.33969765852030576
7882,0.55120089592639121,0.78510923352913231,0.5688486941581482,0.33632695957923942
7883,0.18871399617317366,0.25152906559213295,0.49270707510654699,0.27755729950156532
7884,0.26516648459850112,0.93888021356464602,0.57909638251470119,0.35124136508149162
7885,0.69648460327723294,0.69971417289100357,0.56135165985137603,0.3275652212029736
7886,0.21946749375724467,0.69441867465946128,0.54864285622700648,0.32470950997230863
7887,0.055380650133884053,0.56794391167283764,0.52664525892074054,0.3094873220536134
7888,0.71117491668813171,0.36220865425408122,0.51913127115100632,0.29150089997860118
7889,0.32900799278629711,0.4820074324916932,0.52610558095856785,0.30285403444344139
7890,0.47553940464094052,0.37359479093541165,0.51611735543140425,0.29204556047092944
7891,0.8903738798318781,0.28342324263470947,0.51145681989486991,0.28341422619410317
7892,0.95350239745714938,0.53016612484207148,0.54407020702261655,0.30976146370620056
7893,0.62292472554432465,0.89251210832250083,0.58311770869005008,0.34809128892914243
7894,0.79622384629576703,0.21446435818049361,0.50114565887454399,0.27601663605438864
7895,0.81442335995213366,0.2589173118444742,0.50723854100731791,0.28072964774481296
7896,0.54234101832326265,0.0079606753952451981,0.46983853905511286,0.25398815190126245
7897,0.94805434526869803,0.60715403794205058,0.55368928451787069,0.31800825093966983
7898,0.93889365001794656,0.22680861190009163,0.5046049870457292,0.27748256828252438
7899,0.61866720507323048,0.12269345741315046,0.48632490478550749,0.2660688722165595
7900,0.03266719472334953,0.53157371936453279,0.52115917399931733,0.30533530809911558
7901,0.15855285264913693,0.42861361426309452,0.51387465843452673,0.29590631619587116
7902,0.93938208493151476,0.16705406937397785,0.49669461228676476,0.27119818562052717
7903,0.47275402964571256,0.57651670233717889,0.54160206757149987,0.31365960687849337
7904,0.83521942368153257,0.88415674794459487,0.58583581234853188,0.34763747080455981
7905,0.61682615858520151,0.79839624533340103,0.57181064883755373,0.33796321512608518
7906,0.93323398005444325,0.87781002484847559,0.58648809949904834,0.34707234752774663
7907,0.51038605128311321,0.085575419528188659,0.4794825091078852,0.26191672221903045
7908,0.54087747410828024,0.065549723868712315,0.47741933821990296,0.25993025776071116
7909,0.72006234529271029,0.69968473237574802,0.56175829708274816,0.32761276177696963
7910,0.43719535542234084,0.31353982850004686,0.50756096994357069,0.28553445402067257
7911,0.75778241872974905,0.38677938313026683,0.52303221033728098,0.29419928099139203
7912,0.26713326933808856,0.72441012268649652,0.55389384391811647,0.32830433939737158
7913,0.88196838411957723,0.37298064987120449,0.52301382839815103,0.29290768464166733
7914,0.46013133795427857,0.80615507950942267,0.56924342924547533,0.33822127610655284
7915,0.13244218444837025,0.5078802196069272,0.52265624284643297,0.30403255640862897
7916,0.04698090559077682,0.17770946174165,0.47806758873515603,0.26853658199508051
7917,0.96538124049425822,0.82803766175900828,0.58097496153260475,0.34175277784843539
7918,0.32727150354724149,0.021141898693621625,0.46706030351114081,0.25455388800111944
7919,0.02667475163495401,0.6842041650636006,0.53918723604038332,0.32140186905589802
7920,0.53960896076146758,0.22642105113390137,0.49847980204798237,0.27672013844867149
7921,0.84565240164502753,0.68733507825295681,0.56223144258614033,0.32649981104919235
7922,0.17341160501862177,0.20214443788210629,0.48592086428168979,0.27228599736347253
7923,0.36612239547601205,0.83882394226792967,0.57059658218340736,0.34123226515087896
7924,0.47506922417680036,0.51934298680521318,0.5345321007711521,0.30755859989548701
7925,0.39332625718273923,0.56114397850247333,0.53771869862584853,0.31164799869838722
7926,0.21591869397516131,0.71650279869305666,0.55116690143519242,0.32703714081324037
7927,0.02733220885785995,0.87468162357507973,0.56152496950410857,0.3416435414854927
7928,0.57382681209327424,0.47904632678277559,0.53158583503909806,0.30360496798377579
7929,0.21643665645063156,0.47525239265678682,0.52173897046778761,0.30134809679309277
7930,0.24644799189834157,0.65794750276251002,0.54518125815554364,0.32103936447810349
7931,0.59392989159441789,0.20507116589086363,0.49671113388870747,0.27462970921379365
7932,0.92061180285202582,0.74442530394572537,0.57027431271459428,0.33272371764507797
7933,0.023903144059854095,0.40640369726970099,0.50545619197257763,0.29204491198995769
7934,0.14920126020900207,0.69316312934517632,0.54581395073664174,0.32390119684144447
7935,0.20201954893182267,0.097378245216433429,0.47346397394789969,0.26165578135563783
7936,0.20955939883348765,0.29637093735696979,0.49908027535846,0.28241603738365217
7937,0.38457069228907348,0.079850875269772956,0.47607826833649486,0.26086383246149925
7938,0.59082833971317161,0.63648519944857118,0.55159012184811662,0.32050349827964048
7939,0.23497070886440344,0.51687630826240638,0.52752335782128601,0.30591567809295306
7940,0.9047123883299647,0.54095018131985562,0.54480446310413644,0.31086772113038702
7941,0.44614997604571982,0.56379204870389088,0.53938616914909254,0.31218439791274039
7942,0.76132560148212369,0.79446161142104532,0.57395813154792985,0.33787732607212417
7943,0.66653420401177133,0.77924107862833192,0.57046522876904271,0.33603830803413531
7944,0.62282191978947965,0.56928637000696036,0.54387629227880663,0.31339365656013851
7945,0.92199996505653259,0.05263991982765729,0.48121556103347146,0.259240522282224
7946,0.21173048550934764,0.93416604806849501,0.5766214286379906,0.35026709880263501
7947,0.54487667563102449,0.073511454074422375,0.47854236454946586,0.2607664670700609
7948,0.36311069793862993,0.089459461780765567,0.47682645569173632,0.26176268195773078
7949,0.67732347018542938,0.47609641495541438,0.5331375243448162,0.30356203006318511
7950,0.43647564526140925,0.31424801901296018,0.50763513310590125,0.28560624728511069
7951,0.72594036610316259,0.11481687944048317,0.4869732131009335,0.26546234697496152
7952,0.1230954388744547,0.28757606465626745,0.49491052137286762,0.2807462618585973
7953,0.292112587551761,0.5400344824526343,0.53222290452150711,0.30879670869794862
7954,0.57576723793084961,0.15946407825275091,0.49041017107143114,0.26980204985447565
7955,0.16560724840193289,0.62823872885793686,0.53864406626566053,0.31715247747564607
7956,0.41860395104292553,0.88899117621764312,0.57796430220663353,0.3469063235580479
7957,0.062791255346464472,0.16139202156529064,0.4766681238389,0.26702938900179846
7958,0.61661297127451986,0.66254645696774828,0.55531020585980939,0.32337429069848567
7959,0.096756120383355307,0.3015375825694413,0.49563181533745065,0.28193898386207827
7960,0.06494129392049508,0.16799109219879613,0.47758572221771789,0.26773283344732363
7961,0.32702700575016208,0.34500709670073121,0.50879011453634371,0.28831787487761767
7962,0.19152864117437277,0.15107341072490674,0.48000937495151091,0.26712681523473625
7963,0.26535138362302679,0.26929809065932647,0.49738841587406224,0.27997130492451894
7964,0.066286233272089157,0.3047280608222005,0.49477388220580859,0.28193734652145536
7965,0.26600305021082749,0.77466616289560919,0.5598631213056473,0.33367227874107519
7966,0.26220164168890331,0.34147955866385021,0.5064579978438819,0.28754133900480772
7967,0.11796692303348101,0.097182636377622852,0.47064296556749052,0.26096598821079137
7968,0.72962135640132475,0.18961323603087804,0.49691072971708172,0.2732977332354336
7969,0.46830761744979543,0.69159054452191338,0.55563935416706811,0.32596647082005947
7970,0.098313373249198768,0.24943560767624295,0.48916028147045271,0.27652152131793756
7971,0.32926373720847768,0.3375372577092261,0.50790257104857051,0.28754183546052176
7972,0.83730711688454029,0.51062558226994015,0.54003794491187596,0.30753876090767407
7973,0.22184514318286674,0.079593257669650488,0.4717799580947723,0.25996029709233776
7974,0.20327358240574833,0.1683171187507338,0.48258872784271584,0.26900201059150319
7975,0.22977772672973806,0.23345798439857318,0.49173745163074284,0.27597733212034037
7976,0.74920369151103083,0.77436504453805977,0.57133367966591786,0.33569473967790964
7977,0.19452054476354971,0.65039272701632,0.54242230284125081,0.31978859499318962
7978,0.0013915005290997214,0.57197393724444556,0.52447217167212956,0.30914134116963476
7979,0.532899686229101,0.45286743627780818,0.52743726700312732,0.30068183275604399
7980,0.48736884840972489,0.23579384002197767,0.49864013673731855,0.27753414024684692
7981,0.47836070849330864,0.41629342607242287,0.52161603946098245,0.29659089152848461
7982,0.8219843797618408,0.31816356687260561,0.51508429984410642,0.2870099926643489
7983,0.49029971362230135,0.26565470377624734,0.50256870195216952,0.28068725675293099
7984,0.99888909857174146,0.55322909065572312,0.54754273076229809,0.31226924987330568
7985,0.088043413548509128,0.4185711421093089,0.5098275742298084,0.29411937060453736
7986,0.64985528432900319,0.10841718091297663,0.48495502728045059,0.264650121387491
7987,0.83481616272892567,0.89356016038308161,0.58694170149588698,0.34864724696905625
7988,0.41674580759928798,0.90223687582659773,0.57946536208011168,0.34831724229928412
7989,0.24880431649322857,0.40024580520450836,0.51344531223387846,0.29365248355663598
7990,0.6723081414000015,0.33139433212297736,0.51450920498818598,0.28814977384948454
7991,0.64556110844096404,0.67391536929094009,0.55726142018779357,0.32467264252314609
7992,0.63051299661643578,0.42670521820957075,0.52602129207100801,0.29818168073447154
7993,0.75540940304169202,0.42392172978407472,0.52776693988030954,0.29815086499735921
7994,0.87646485825312559,0.78605854933039521,0.57471241039973742,0.33714876756218914
7995,0.54330126204608242,0.80969620693494804,0.57161924117180085,0.33893936741831021
7996,0.99514472584865299,0.40717090921053894,0.52883714361790923,0.29665527423042198
7997,0.73344572229649641,0.38212011390627593,0.52205356279170467,0.29366011265235054
7998,0.82404309376649332,0.040622264261718374,0.47843010958983362,0.25789120540645555
7999,0.95509369905182395,0.018936589070281479,0.47705365515112458,0.25577627573744399
8000,0.69906722874281702,0.73417713905145654,0.56560089262481372,0.33127288489531709
8001,0.66068520296044886,0.49371866447605428,0.53507721361935612,0.30540595384131475
8002,0.097213188404229017,0.26797687258593506,0.49144514975850251,0.27844130723765242
8003,0.99662348110697929,0.37777822289114121,0.52504883991616402,0.29352610644495131
8004,0.21602118946401169,0.17224117385469145,0.48349157442962271,0.26950161142890822
8005,0.87057305493495662,0.059899117901793218,0.48158550847676629,0.25994384410412574
8006,0.50689590703662257,0.34106721933701778,0.51263473498083467,0.28871289147784429
8007,0.51826299349105687,0.97457224040637958,0.590426157144471,0.3565428464597542
8008,0.024595424943824766,0.23159884582454107,0.48384068273568986,0.27383779994926466
8009,0.48494664222017164,0.96147781237022723,0.58811360685308567,0.35499928087495047
8010,0.59093453831247755,0.92940836721669184,0.58678929024178283,0.35195620527901217
8011,0.67302781702104264,0.28958704159167831,0.50909948533344762,0.28372439431044449
8012,0.37150733563696264,0.51629323388031911,0.53156339054265334,0.30674691867811799
8013,0.096841315571882303,0.35636845826989738,0.50247803017018156,0.2876805925178601
8014,0.12890208210389831,0.42116970596754694,0.51181426902972849,0.29483172898392196
8015,0.39072134458651997,0.70813395489814002,0.55565548086574068,0.32736271967744335
8016,0.68254533027916908,0.95196197740650979,0.59123003429864962,0.35463235018941264
8017,0.75184404733887644,0.56708043160209209,0.5458571595228866,0.31344718920642561
8018,0.9707864864637028,0.017658833736658563,0.47704968269876191,0.25565606785578399
8019,0.029199657449999358,0.85897410083218706,0.55980875483415926,0.34000311282044399
8020,0.045441519321536179,0.55064993630688408,0.524083274190148,0.3075254355208637
8021,0.33840864664233528,0.77790217588570676,0.56254659072174007,0.33453085724158832
8022,0.60311542437382748,0.62635755679680738,0.55058445508140608,0.31945393529948513
8023,0.70002591437803352,0.90022197304697471,0.58549162948757971,0.34911694625090267
8024,0.90242859658339303,0.59132216689294437,0.5511097379080121,0.3162638084406717
8025,0.082213908238185113,0.2430151938358904,0.48771350222801207,0.27568585377320959
8026,0.37623020572609972,0.065869820303760929,0.47406110863197121,0.25938285578049186
8027,0.54555468172385591,0.8644131749027526,0.57817132447515318,0.34482350581861942
8028,0.010646256126428489,0.71010280903984102,0.54142729947937884,0.32390193321339156
8029,0.68733664345300061,0.34804644676403845,0.51691279723306061,0.28994849650149296
8030,0.053977533430873879,0.37529071707151601,0.50300122526299984,0.28917135785216563
8031,0.78095843938639153,0.20953409395610217,0.5002821048927284,0.27547523179817629
8032,0.94999305559477076,0.85040087746352655,0.58344961635295078,0.34414270907067462
8033,0.7566183503368753,0.97703027196443881,0.59545726133254306,0.35748167451098956
8034,0.067081532424257614,0.13311284256492509,0.47327673826590771,0.26416456512808922
8035,0.68051696799247297,0.29529436763512207,0.50996533836098523,0.2843439810309778
8036,0.68303781305636513,0.54301309650068874,0.54168417470598751,0.31072960880543349
8037,0.058469960151484701,0.83925366755478326,0.55900585413374015,0.33834389701012435
8038,0.038800938317796685,0.85580683060408336,0.55993898938179953,0.33981462906631382
8039,0.95292158852935549,0.62224570234400456,0.55563562914239339,0.31963202373509303
8040,0.56847841659135889,0.063097371619928164,0.47759242835390975,0.25975060709075315
8041,0.012234728585311678,0.23596202456933679,0.48382558078479915,0.27413251165112423
8042,0.89021796035080913,0.013059654219646473,0.47553696172742749,0.25511189772012566
8043,0.57511332772861934,0.18296248256420949,0.49347758358232374,0.27226044580019754
8044,0.33134468089729785,0.99242821050410868,0.58743000395884903,0.35746726070846385
8045,0.74976231861015552,0.35707372123358078,0.51907605834751247,0.29102704924305184
8046,0.45786651312893956,0.5778860001212569,0.54141813634991565,0.31374288969090464
8047,0.80122154683008562,0.48371990506806178,0.53609593905966912,0.30460911734333818
8048,0.77003294638973896,0.95799138165105835,0.5934695339071927,0.35546284676471729
8049,0.97507240075691382,0.76435120979653448,0.57341155329922766,0.3349157216477468
8050,0.85730783895504437,0.66945475293447965,0.56019729099432447,0.32459495414053596
8051,0.97921814138564522,0.31218706263188506,0.51630107073187703,0.28654462087572308
8052,0.05296068318464095,0.91782956542010663,0.56780681999411065,0.3466260314178598
8053,0.40308993861371423,0.35605137607689252,0.51218102501598661,0.28987886401605922
8054,0.24921291375557195,0.32946414849512512,0.50453704725946413,0.28618578447384202
8055,0.34610441807479364,0.47823876868948573,0.52611657153248825,0.30255304242517533
8056,0.15837144111107337,0.42255198356894547,0.51311451234584626,0.29526454892268861
8057,0.89319138664776687,0.87146049461954977,0.58518061051169168,0.34634765966225645
8058,0.14279459195201052,0.88051193065262634,0.56765172816883525,0.34381931794121035
8059,0.64000254556353908,0.8181440819242155,0.57463042829147859,0.34014969002093803
8060,0.86573871679307202,0.47630717435010012,0.53607381201983628,0.30390630042781258
8061,0.20401568538659487,0.23882747909963364,0.4916003920770452,0.27634947847589431
8062,0.99562604437690461,0.04593954532343196,0.48111752537173758,0.25860312232202304
8063,0.67092504036935285,0.70022361305510861,0.56095477122972892,0.32756062578211631
8064,0.91023414113878975,0.07346058716947447,0.4838705509706851,0.26139297321524163
8065,0.88020452218792644,0.068129447229334616,0.48280280824694699,0.26080901148158181
8066,0.55933099895335037,0.3727852021529689,0.51777439439386319,0.29224798986853096
8067,0.44894575970357986,0.377193222340371,0.5159716830383837,0.29232080872214633
8068,0.60845365875355206,0.41815597657690523,0.52452267026418886,0.29721334495862511
8069,0.39358429353485119,0.054928277195652485,0.47302899037625656,0.25832727930595728
8070,0.33695992868923352,0.11070943925176981,0.47894761244465828,0.26383865560603298
8071,0.16598963765873342,0.0035021051498944872,0.46028799188110375,0.25177959755374191
8072,0.72642272490834592,0.65579692558146785,0.55647233260946083,0.32291328511859047
8073,0.20579528208401754,0.83075912126066398,0.56435524963853689,0.33915606460827386
8074,0.18150695780540121,0.78704155029280809,0.55827212321331143,0.33424982983808726
8075,0.33271589175575644,0.85811712766702997,0.57187753444004774,0.34308975277009979
8076,0.94669775952507051,0.45658513344273671,0.53461138102766548,0.30188649957166486
8077,0.90792072289405623,0.35938087122550932,0.52158630227772951,0.29148993229684794
8078,0.017276025657646823,0.32871925535249757,0.49556761812683175,0.28383343624126489
8079,0.52304185537340819,0.39486539225409512,0.51985810482565353,0.29447608298988776
8080,0.56715770194703952,0.61915591599821351,0.54896666613460932,0.31857186678433047
8081,0.87499506747900746,0.039113294209924064,0.47885442839923947,0.25779238875498345
8082,0.88845913307428137,0.55666774981132472,0.54656846289565086,0.31253319978990379
8083,0.369983038797637,0.77743673851828798,0.56341268893936103,0.33467390008391218
8084,0.70556663407013986,0.35007673722399635,0.51747409439387226,0.29020134370133016
8085,0.14374946312721587,0.29922365412119545,0.4971479934073853,0.28216012718987654
8086,0.080265965430147496,0.048370232919335836,0.46306641962497763,0.25562425400262773
8087,0.59325238469172037,0.27388234794215532,0.50566450319919631,0.28187335451711804
8088,0.51601892189848009,0.052864533721411137,0.47528434037751349,0.25854573742676124
8089,0.44069009547269672,0.12888952521508329,0.48373215420086429,0.26617900887887291
8090,0.29483983915153661,0.072058593297761403,0.47285146091477487,0.25962402382277611
8091,0.49434407963393023,0.70738609295032218,0.55817902940377384,0.32776976432335242
8092,0.74268209546419095,0.98080972149564183,0.59565735753658366,0.35786031080782271
8093,0.83538640012951804,0.58052175696311747,0.54881907726385459,0.31502212585878353
8094,0.35208788121255352,0.656712819582841,0.54833028986337584,0.32163711274655099
8095,0.66314819923710311,0.21759927852092079,0.49954139724769797,0.2761101279817047
8096,0.10963070008478826,0.62114651959206679,0.53550403255829315,0.31579964877975641
8097,0.33234824918223316,0.13119808692716761,0.48148719468595991,0.2659410413606072
8098,0.7438164426708711,0.97466489774865328,0.594964507420497,0.3572031034793674
8099,0.23197128193395913,0.87058141745218309,0.56998719800124131,0.34365266792503568
8100,0.29403539603106915,0.3893885931094061,0.51346491274664219,0.29281076171186332
8101,0.27601458912453386,0.28081237538288112,0.4991706403276317,0.28124861617999736
8102,0.63211408601057484,0.75622580942666395,0.56703328436406875,0.33347588066070777
8103,0.61969846615559654,0.032365264720038978,0.4743925399024167,0.25669398604215415
8104,0.13254271185918479,0.18722204874331366,0.48259800651914081,0.27038715984559086
8105,0.19714314285659931,0.075673781817650887,0.47052689526136676,0.25938740583927949
8106,0.42750421697447316,0.76677306203107587,0.5637017272699707,0.3338404606885359
8107,0.44306841557907173,0.2497231220583315,0.49947926682396721,0.27883219976828338
8108,0.047459836162265859,0.51816440609717973,0.5202342414934592,0.30412058452156732
8109,0.4801390094942064,0.37792551992313239,0.51677225135122962,0.29252263233172854
8110,0.60152022959691243,0.60075762695079904,0.54738181380803552,0.31670523982509879
8111,0.90034512416835644,0.21953452375862981,0.50317895575086191,0.27667867134625473
8112,0.8582611410690123,0.34447109818599425,0.51900147452870282,0.28984910962771238
8113,0.36841708275395213,0.27249216534014559,0.50062768437449634,0.28089426648378152
8114,0.31407842043986312,0.93945326347333613,0.58078496581980288,0.35167524533453548
8115,0.46101436239910548,0.55456024423452321,0.53859670822040084,0.31126243721986319
8116,0.43446060283674159,0.80367883933213313,0.56829585624642387,0.33783406009284928
8117,0.17280657399914925,0.84058201890765927,0.56422970506990355,0.33988089772095442
8118,0.39984562399467688,0.17176987017184731,0.48839408358369502,0.27048305465967598
8119,0.66326902222478534,0.20835930428624852,0.49833259974804606,0.27513876904206575
8120,0.98317513653064392,0.37056804950108058,0.52395668739868384,0.29274854817744844
8121,0.28311563449112004,0.91961938737585447,0.57747613432453804,0.34932239809011056
8122,0.42382610642019425,0.89005634176753234,0.57822884509967998,0.34704767469082892
8123,0.24018807646442439,0.17670880541539519,0.48480243878036389,0.27013253667657416
8124,0.77937733705976286,0.88547630714570413,0.58511321715856524,0.3476909744165983
8125,0.9104000375083765,0.22892324297983435,0.50454142789890544,0.27767836818037156
8126,0.07547170179897221,0.73063852883576186,0.54707135344568503,0.32701961203017899
8127,0.28189834221588683,0.22050786771447164,0.49163519109634607,0.2749661833622119
8128,0.78794996626429492,0.42612800222338415,0.52854469237175605,0.2984403371886174
8129,0.060739569678914272,0.45927907347833974,0.51364948609265881,0.2980809955496061
8130,0.060930046656343627,0.02210736819136655,0.45900852049728635,0.25276492943023782
8131,0.27175228661153233,0.36923891001335579,0.51025628059850314,0.29053507396607031
8132,0.81002105576141048,0.032007976732135283,0.47709869003037769,0.25698172811950265
8133,0.38767130475131567,0.95275662515513837,0.58453751867106285,0.35357291950641961
8134,0.81683867196048388,0.47156876975077905,0.53477871456096848,0.30333411857689574
8135,0.17498387582019206,0.35229598097713899,0.50494454744433737,0.28800952976746153
8136,0.72735962150610289,0.28094401626869808,0.5088455754350687,0.2829181819975935
8137,0.97025234069422595,0.18999086178826402,0.5000936768516836,0.27363315963175278
8138,0.98052332702873979,0.95493300773639933,0.5961932569721996,0.35539688017814353
8139,0.7312789733315237,0.17909227357899071,0.49554933524044864,0.27219627015281789
8140,0.69404797932250661,0.83217094327359231,0.57731671668246598,0.34179163099869264
8141,0.85628200504655261,0.66571740244968103,0.55972107884504918,0.32419225786714961
8142,0.25953925208199069,0.14590106184523319,0.48141497813247752,0.26705669752309347
8143,0.51086781998152153,0.13834694354807725,0.48641682477954989,0.26740777196254772
8144,0.4362234336966998,0.11693364910428646,0.48207438622748777,0.26491849112432786
8145,0.30583251393997346,0.14364202665711054,0.48240548196692667,0.26709332981758455
8146,0.2821878571212641,0.39662578201164722,0.51402369850248253,0.2934998963362267
8147,0.15793052410726668,0.89484461310877239,0.56994763861310671,0.34551813659925007
8148,0.92126186915222785,0.34582578953952764,0.51999294318346767,0.29006306978925239
8149,0.2901515725025558,0.14891718413314084,0.48266233534117398,0.2675532280755652
8150,0.5231298500659759,0.77702782075545984,0.56725476319944534,0.33535697209409732
8151,0.92872010998310295,0.13354027877365007,0.4921107854575999,0.26767736104950346
8152,0.32509533533888169,0.17028058896329021,0.48635395015451205,0.26996907910293066
8153,0.76931931690397903,0.97150893648500791,0.59502966814769009,0.35691256776419589
8154,0.26422598276407228,0.22848570980866209,0.49214501646754821,0.27568969563362616
8155,0.052196081509918446,0.049233007610880307,0.46209929312722431,0.25543132356425324
8156,0.42522205088307385,0.37890133447867119,0.51562925393191561,0.29240014965070676
8157,0.91979868957762378,0.90907509061862946,0.59000297000032842,0.35041790253090049
8158,0.19068745461275102,0.17667098637408343,0.48325049277601906,0.26977495983176875
8159,0.48064617864388276,0.28808280088190225,0.50525845161128979,0.28301727391285897
8160,0.77968472154225466,0.14642209075550783,0.49192893603221644,0.26885021214967764
8161,0.82491572700693516,0.14514243382260902,0.49237073837231171,0.26877861361368693
8162,0.49510989707520936,0.023572400618845132,0.47102502288208586,0.25545908447894028
8163,0.97912957467170203,0.96169742177260342,0.59696487431540057,0.35612187893119668
8164,0.13737872404864757,0.68617085330736594,0.54449256569575277,0.3230292082754711
8165,0.065834104763565118,0.10753708169687307,0.46999965981678965,0.26152653830656847
8166,0.19211135468323484,0.40584035158705667,0.51225227592212563,0.29380009746735403
8167,0.90373449533769168,0.35342856697473907,0.52076008710787813,0.29085286371938379
8168,0.55419992014680763,0.41802763428905748,0.52345107844518091,0.2970412211957702
8169,0.64406639814517697,0.31405960339711747,0.51178242459635814,0.28624893947949825
8170,0.43282597926453453,0.96283870932409787,0.58694219276618143,0.35489876877371229
8171,0.024000820723024664,0.27604302371632078,0.48934720192328424,0.27843885221130588
8172,0.35250366448262943,0.63714719500407813,0.5459540531324244,0.31954647010223725
8173,0.048134204492962455,0.11190822677750839,0.46984205538151463,0.26178610911263256
8174,0.29468146320035449,0.50487542081425196,0.52794314451014257,0.3050705607262249
8175,0.51868112209631367,0.18255261902044295,0.49235109585585052,0.27205231373059097
8176,0.54073838326242996,0.71710536586522367,0.56040846495379015,0.32898883591935058
8177,0.54391862893422371,0.59045370549644582,0.54492325380515017,0.31541986670748179
8178,0.49815265338044851,0.60170097792086896,0.5453091620490057,0.3164570784969733
8179,0.50322580748713808,0.15435081467068523,0.48835951480094092,0.26905350539468581
8180,0.45739084763658466,0.50770554086811615,0.53266141686203183,0.30624299500697882
8181,0.9401151367795072,0.51262756147388144,0.54167714757783936,0.30787167183118019
8182,0.13202290775525616,0.44136965254029492,0.51443965146755755,0.29699474611303672
8183,0.008717545992566739,0.15394091080165237,0.47343546272210074,0.265635260286256
8184,0.67028076855669494,0.73604297968003674,0.56530828823607093,0.33140634053753765
8185,0.33224152002056362,0.59334537154802824,0.53999895038680579,0.31474264482026426
8186,0.68090668062804038,0.84069473577033493,0.57809339455868547,0.34267682489301093
8187,0.34208955287848369,0.72916877780027001,0.55681524663273485,0.32933326119063983
8188,0.88601875628632265,0.34810799942229642,0.51984070245523639,0.29026817787928633
8189,0.73633465828386835,0.93587579234755836,0.59031736162585269,0.35302397573230188
8190,0.30553127170529915,0.31499845862471265,0.50437419635778735,0.28502683692363184
8191,0.83574991062657211,0.23335438037031564,0.50417103052511447,0.27806056588817674
8192,0.77838509539078227,0.13217399447056233,0.49002239435435618,0.26735806319955396
8193,0.77771523316487445,0.71266252566074251,0.56429960406180757,0.32911607693697481
8194,0.43184671001463432,0.84863893318938788,0.57356475298511789,0.34264507957942714
8195,0.33147771980535473,0.23255959253738401,0.49454331037898641,0.27651134065369398
8196,0.6792560760893277,0.34718731924389723,0.51666709700206681,0.28984012600879744
8197,0.24104529601609104,0.54624851693954557,0.53135092774233039,0.30908734896865325
8198,0.74029107967080787,0.71422719869249274,0.56387916593210707,0.32921552299815043
8199,0.79087660985986008,0.24768887595058187,0.50543679237710526,0.2795104464530741
8200,0.79637821108753559,0.94949483290315839,0.59290910179728185,0.35459602354477898
8201,0.075315400116879039,0.27079137401500486,0.49091306685242975,0.27850091725963788
8202,0.33972673323991476,0.048999089623859619,0.47099346360023198,0.25747686437349959
8203,0.3363369692916866,0.51199996210824461,0.53005396522963899,0.30609041611969845
8204,0.7974342521317187,0.43933255323773485,0.53037696730081096,0.29986346072859532
8205,0.020275715586158916,0.063148637577740016,0.46255542397605859,0.25649776470054442
8206,0.42792182584638944,0.099094798583991367,0.47956330056332097,0.26303417192186412
8207,0.14858963293164271,0.062914660444029144,0.46733202939632434,0.25771136589716021
8208,0.45038474585596705,0.82637229870607842,0.57140422956540304,0.34034572786942563
8209,0.10664328169127693,0.72340315063734306,0.54762578055527578,0.32664240539380296
8210,0.35460252766619671,0.98870215671235928,0.58771422526491124,0.3572222493067308
8211,0.6928715833870811,0.7960670479976456,0.57297186060857497,0.3379091069329061
8212,0.35965905025707329,0.11385425789869624,0.47991617815862531,0.26427426136865761
8213,0.66101078245366229,0.73776075844516742,0.56534536758953136,0.3315680001867034
8214,0.91157826609575432,0.7841961387598072,0.57497878828564686,0.33698885264203121
8215,0.55245514727461853,0.0049899866829277014,0.46962482806391831,0.25370934248514759
8216,0.50871187471974411,0.18752707104490837,0.49280159725359618,0.27254134114290995
8217,0.76404910047083396,0.43629011900309711,0.52948395665383896,0.29948462788608471
8218,0.17428356545170537,0.54350047406217783,0.52864753515654239,0.30822378352806706
8219,0.49532483180476122,0.63215309714517787,0.54900146296204189,0.31970758490877066
8220,0.76003916124481474,0.099776738087960989,0.48546586151014171,0.26394956573217648
8221,0.10104396143882768,0.063270141760248227,0.46572280158992768,0.25733953663986792
8222,0.44232719876266785,0.38089251054577766,0.51628853833041488,0.29268540287929273
8223,0.045558072880224794,0.42146566767167537,0.50831637235993543,0.29391096015189477
8224,0.45180088425761789,0.30386114829097643,0.50665241993725252,0.28457206636528343
8225,0.019148255566263109,0.9231561247163802,0.56665570728609405,0.34666384967107916
8226,0.95573382732566681,0.44766691194406016,0.53357965813045372,0.3009424323625377
8227,0.57777842447065053,0.5015051648150548,0.53449819177926139,0.30601489149082284
8228,0.57614803777750356,0.21017378525194944,0.49705424823281585,0.27511827136431194
8229,0.52277494096745514,0.82681347083932499,0.57319888703982047,0.34070129385165671
8230,0.39111912271036997,0.86386917777823979,0.57426050300746379,0.34406293626099571
8231,0.96131837159270661,0.58878168515675933,0.55155680417778308,0.31604960933092835
8232,0.26723720053228317,0.96997321858581864,0.58274961787492174,0.35458472481440162
8233,0.77986707830544333,0.93982468723385837,0.59151179371450069,0.35352974316121161
8234,0.13686165310746293,0.075314720742648944,0.46851875475902055,0.25888579251740551
8235,0.91598937241957756,0.2414948965933989,0.50626705500338332,0.27900994705595256
8236,0.63787709512162261,0.89818624443361772,0.58408185381618771,0.3487427907985125
8237,0.18201709758312209,0.078454839331971019,0.47040963646253831,0.25956355806598241
8238,0.42999995688834458,0.11034636484017829,0.48107862965870513,0.26421012675379218
8239,0.85050509608093416,0.83412872179009723,0.58011249816443111,0.34228228814619299
8240,0.45931745497394588,0.68504169618155575,0.55462312777332334,0.32522483380538481
8241,0.17913437136338325,0.19221457308671672,0.48485017149707149,0.27129960120628832
8242,0.20591232462703482,0.70962139483602948,0.54997653917023936,0.32621266785545261
8243,0.92185673913630894,0.90790088675279412,0.58989282392720965,0.35029387349001173
8244,0.79320806979982883,0.64318005380901744,0.55599212113248508,0.32168019249504098
8245,0.75850763157253398,0.31885440061384579,0.5142555573809291,0.28698624429279485
8246,0.92462539692112489,0.40767047194169137,0.52804652267340424,0.29664689967504515
8247,0.64975480858035162,0.71408188903996495,0.56225395026871849,0.32899607410477272
8248,0.94307176975508922,0.91131646992511817,0.59058324857913724,0.35068141036750811
8249,0.13763308606139618,0.88515590846283598,0.56797081939681027,0.34425581913919451
8250,0.99326766155838275,0.59341042296047097,0.5525316072622859,0.31657233226700038
8251,0.21519105382967973,0.56604979109734999,0.53289725701496038,0.31098513384663651
8252,0.07375197472901783,0.11617708414002556,0.47140104848172459,0.26249406049256041
8253,0.046093976069253403,0.86714150591477523,0.56162209460656487,0.34113032309205987
8254,0.89088411139879609,0.33658491976716326,0.51840530542123986,0.28904983807919338
8255,0.11159361014716561,0.10573904477657052,0.4715009736321964,0.26178721404279182
8256,0.69823780059361606,0.73004715673112086,0.56508384319881422,0.33082734354669868
8257,0.19318020657099552,0.20701011767381572,0.48719845499187681,0.27294857018298357
8258,0.28142903474177006,0.44534371870843464,0.52011539219852421,0.29865688747410557
8259,0.38355551010175842,0.051478376324905553,0.4723506777910022,0.25792943546072594
8260,0.37908787912571568,0.13229320519341856,0.48277878078403313,0.26627835075905587
8261,0.83835210843259711,0.55315191260162977,0.5454245764218103,0.31209308454990403
8262,0.7560673297159024,0.084891831979679408,0.48343120734612605,0.26239376992541069
8263,0.7478292045355891,0.370701009280968,0.52080626270609098,0.29247184936587667
8264,0.41449078649427978,0.81991921942689228,0.56970252769809138,0.3394754121157269
8265,0.098962682839960334,0.99414607570731328,0.57874524319516141,0.35539839895702768
8266,0.44244682635260979,0.31181708247583595,0.50746105028024391,0.28537427470483834
8267,0.87763469053340382,0.49583585942272329,0.53872290245222176,0.30600846786382352
8268,0.60998823349849551,0.87253974262761191,0.58050061558396826,0.34590818029260645
8269,0.95028083459216872,0.54317962693279842,0.54567613357086864,0.31115217073383028
8270,0.49307203066119698,0.83046491473446371,0.57294024593450432,0.34097450329979284
8271,0.78559351173798797,0.1327146322112647,0.49019349575729793,0.26742507773888724
8272,0.25457644151340936,0.45593454588184834,0.520598812787613,0.2995925399692847
8273,0.010709680061053951,0.4570392002912122,0.51101770623041309,0.2971750726099554
8274,0.82788057828700412,0.27610143913555657,0.50967442633945903,0.282564035144445
8275,0.49486370689185571,0.26978536281719573,0.50319899320144579,0.28113865356419504
8276,0.55191405245553471,0.17406143277076772,0.49188217344441976,0.27126340530183995
8277,0.37783598408176333,0.82945395774972863,0.56982362639450435,0.34029662971815522
8278,0.074624548239458813,0.34985707699615742,0.5007441564061933,0.28675126219268604
8279,0.24734024736167631,0.65757941822145372,0.54516697080468868,0.3210071604142779
8280,0.92286831409939341,0.61008968351407677,0.55372906221008988,0.31829864156586152
8281,0.53005457255014921,0.78365535666960062,0.5682065290541396,0.33609456145789174
8282,0.89933975253690734,0.54821552469363666,0.54564987985455815,0.31164001586067086
8283,0.94529801391541257,0.99807749150575842,0.60074477360600709,0.35999703288274998
8284,0.47719500367742734,0.7650071884924895,0.56473574267037752,0.33388091631454209
8285,0.34690954760065074,0.63014415571031857,0.54493739536603159,0.31876428997802086
8286,0.96275564856961138,0.34559282924962464,0.52046824750932241,0.2900766273264398
8287,0.8738110411275295,0.42501047680423365,0.52961707169940953,0.29843990954387734
8288,0.61484959235769931,0.822258218553511,0.57462611185739709,0.34052104660613103
8289,0.74548514397636756,0.78858228039884715,0.57298651610261098,0.33721558077586439
8290,0.67626869822443703,0.76407385849734999,0.56881460485646296,0.33443234802322297
8291,0.054534230340400246,0.59862495526421122,0.53031059925921009,0.31272464708192699
8292,0.026320267740159761,0.15761626281208593,0.47466832781965745,0.26622750485725549
8293,0.34153428564284699,0.52867944405359457,0.53227513114963332,0.30789847352016203
8294,0.99744904648639499,0.065296402048913293,0.48373842759497188,0.26061458467118859
8295,0.051015181673888584,0.53446391944865457,0.52238209099219202,0.30588921182718742
8296,0.012404111979913434,0.57792643944068123,0.52575402886287015,0.30993756655612337
8297,0.90640689005671315,0.43537649150843499,0.53137915141918957,0.29958248097543833
8298,0.7260222768496607,0.31168154900808587,0.51282538367975827,0.28616875561712968
8299,0.52741825802925746,0.34746127151983097,0.51388294111330146,0.28946011654106668
8300,0.058544395178498236,0.12646282593117794,0.47209712953024285,0.2633911061951385
8301,0.71848650249746859,0.42105038109855963,0.52681296960731583,0.29777634382121293
8302,0.41834228093487907,0.30636153275034156,0.50619795415513302,0.28469580872684291
8303,0.53765864250891615,0.4831096400632407,0.53135905897878832,0.30392277678629309
8304,0.24469058335731969,0.15853015592276351,0.48260500373630899,0.26827296873497053
8305,0.19010963410554688,0.96499633254854711,0.57933202046521759,0.35334937474882838
8306,0.32718697782194939,0.63521999738168666,0.54498184576382758,0.31918559266291446
8307,0.80212891075009252,0.32699104776157767,0.51595262212918014,0.28791783836571899
8308,0.74295811330782013,0.83716344011680932,0.57876869517437635,0.34243192498863911
8309,0.15496728727916489,0.43196569320581618,0.51415648460323815,0.29622656732005714
8310,0.60955219017491913,0.15826027498912298,0.49085069724809721,0.26976225709358553
8311,0.85155725147175843,0.81233112909953342,0.57751527434385541,0.33994078325825261
8312,0.23536217341272858,0.10799301479352871,0.4758345562375943,0.26297768374142388
8313,0.86773099082343985,0.33225069386943945,0.51753885401320487,0.28856317285455085
8314,0.92655342850632738,0.31285127935566709,0.51575949653229469,0.28656866110022222
8315,0.0066062230310752054,0.98109071509918444,0.57255572265420185,0.3526063708764558
8316,0.30819326369784544,0.13904402283144882,0.48187428203761246,0.26662863546203686
8317,0.65795804215172538,0.71883730922326217,0.56298713695074465,0.32952770319263763
8318,0.79431392205798768,0.31805712887101106,0.51467879335294564,0.28695878688338611
8319,0.83983359868865226,0.090663278152409474,0.4853154103107884,0.26310854658712124
8320,0.16641198912960245,0.26826224376891045,0.49406003199599546,0.27912217770297681
8321,0.058094035680999516,0.063649907441309189,0.46415205738370069,0.25696048055911835
8322,0.76599379541008972,0.71067112720092995,0.5638676573578566,0.32888152971474
8323,0.66188063022830756,0.068362452210125046,0.47984188546891943,0.26051018503774859
8324,0.34763457071030279,0.61279576381804657,0.54283268324291256,0.31691393512463195
8325,0.40273718344467929,0.13924236080109842,0.48423474222530083,0.2671043840384133
8326,0.32628272426767513,0.39333408692198574,0.51489012159470893,0.2934249076236104
8327,0.89699112363326128,0.64629389131428905,0.55788784055182006,0.32215635982055157
8328,0.57085894439198315,0.10438459279680393,0.48308096519570015,0.26404324761178199
8329,0.95808359424773382,0.90033382522949257,0.58948650519061907,0.34951516415929917
8330,0.052532551089080518,0.33343932105308632,0.49775175635775593,0.28477376588105408
8331,0.25141009792309488,0.19718581504373581,0.48776065048498946,0.27233889110297443
8332,0.33342669666184815,0.55403607825251533,0.53518569794696058,0.31055402254410935
8333,0.57395236645346748,0.86398027791512433,0.57873821507872047,0.3448753466744805
8334,0.72952213751658568,0.68337620983725644,0.55991962595241418,0.32588057300646084
8335,0.88722337262443041,0.76640725426819412,0.57248648162636706,0.33504944270109138
8336,0.75728638837750772,0.34253889427656542,0.51730998130595318,0.28949655524116469
8337,0.65961678013083302,0.23231416580280057,0.50140868223277524,0.27765123007800813
8338,0.83288457586456799,0.66322382008327407,0.55907169456197647,0.32389249088943434
8339,0.94687837726256119,0.70300568296987342,0.5655542837463251,0.32829867012700725
8340,0.54217296980585672,0.25715705136928013,0.50252404454944333,0.27996295911319258
8341,0.19102174566552277,0.23787512977881126,0.49105160860382141,0.27614957137444834
8342,0.14361897240442922,0.073396873126493303,0.46850399288350852,0.25874512881573314
8343,0.27012187715886393,0.50432202600125453,0.52711369615588644,0.30484324856316158
8344,0.83165717583185761,0.98705541552602094,0.59783128521378937,0.3586821408704528
8345,0.79509477547114948,0.75710283423060321,0.56998743409589292,0.33392065569155166
8346,0.76525817075873492,0.443887490021938,0.53047397956193254,0.30029714795703927
8347,0.44729531307333387,0.83630713822831171,0.57250435774094133,0.34139721155732461
8348,0.31264508553460474,0.53071497637279108,0.53168953852525658,0.30793855662180647
8349,0.55743268909842014,0.4411725918217213,0.52645939454033175,0.29951578295015052
8350,0.90233326164047467,0.76556859870081539,0.57259549594744397,0.33497657650427382
8351,0.095748470382567036,0.12466937623581617,0.47331697414895763,0.26358452494378082
8352,0.88259531854722884,0.76788353541485266,0.57260016902503408,0.33520262549489377
8353,0.15037286948623368,0.76453356026076946,0.55436436201090522,0.33152490686399338
8354,0.47591289654044672,0.28447456856955544,0.5046907521927374,0.28261911548549162
8355,0.37874238027125834,0.56209139263260877,0.53744721559345265,0.31167246863545012
8356,0.32219276608192599,0.94397014469093421,0.58156440067820414,0.35221594767568792
8357,0.29454064055847706,0.5242676931753173,0.53034548825051342,0.30713374061938248
8358,0.71769366954019065,0.045434934874472678,0.47763353443050999,0.25823605492571933
8359,0.53866926993835962,0.690491741643392,0.55712286475518802,0.32612552405818301
8360,0.097166347037104431,0.31007371987226656,0.49671584501607369,0.28283556590475545
8361,0.44169996537944539,0.060605311369907579,0.47481996206330151,0.25910061046271704
8362,0.054421763070311865,0.36957707352727887,0.50231409972973273,0.28857808350477571
8363,0.7451403115603491,0.59068252373881402,0.54870094079445819,0.31596434233468096
8364,0.99920849698655079,0.18094217885151739,0.49921318664684594,0.27270402960931994
8365,0.58753598216857061,0.67341749107645588,0.55606499540459475,0.32445518257409217
8366,0.76277227639312628,0.36568604335355342,0.5203875118922161,0.29196455419473077
8367,0.87428223611769507,0.083402605392260007,0.4847734648141741,0.26239142943919652
8368,0.76458085294923517,0.26687989076745,0.50757063564478011,0.28149587137413873
8369,0.80724886679638874,0.11631997358562658,0.48830889643136605,0.26574255358904159
8370,0.088590186991041986,0.12188739912173478,0.47269417830423327,0.26322891155419248
8371,0.48228262602252653,0.52566326972796817,0.53548887991491834,0.30826257254958694
8372,0.088670479793369311,0.67944973887408855,0.54158606880380833,0.3217450162032251
8373,0.52379827234841658,0.69604494602124911,0.55747157060332631,0.32666730149685846
8374,0.82472177331909768,0.48140625932320258,0.53614586999494429,0.30439665587035775
8375,0.46622760146592046,0.97071997374455676,0.58871689736955124,0.35590600471722822
8376,0.74345495253930571,0.74316963566342609,0.56745808398447795,0.33233130389957716
8377,0.46406190804274522,0.27227979131633184,0.50285874866943081,0.28128879494007203
8378,0.87341298786570554,0.088309724539273882,0.4854184140430996,0.26290142537645583
8379,0.22253276984231779,0.38477351685048783,0.51065052702053615,0.29182145334243065
8380,0.45832901002167498,0.48479769153158414,0.52980938485535123,0.30380356443226864
8381,0.22037163103482454,0.70359801582359938,0.54977883960607699,0.32569772265351254
8382,0.57940045187502398,0.43792405493933473,0.52648378396389339,0.29923665484182732
8383,0.32442756298003955,0.96408485147553735,0.58395665398045926,0.3543853384140343
8384,0.98307100232223754,0.59974724450543293,0.55320136438829814,0.31724398117327096
8385,0.11551476079140557,0.87390089868729703,0.56570010388674929,0.34279179249240399
8386,0.77407425684420161,0.11528798833860783,0.48772176593064975,0.26558811865723392
8387,0.31551649018001043,0.5627236415427993,0.53573380782578017,0.31136926486749378
8388,0.60161196039692733,0.61864207895294532,0.54960041254546699,0.3186223713189193
8389,0.76635846724571899,0.59805345384870889,0.54996195325413821,0.31679325240496364
8390,0.29899039045177633,0.62591191737713525,0.54298976437749391,0.31800555075617148
8391,0.53506909223491095,0.18639449462381891,0.49317312346596925,0.27250541913760129
8392,0.063853335322078791,0.97539262152787998,0.57492376973250858,0.35291246232944601
8393,0.4463104293648969,0.85262406878065089,0.5744102629451745,0.34314344245864831
8394,0.84823884035506059,0.32930858104041549,0.51689520845919557,0.2882269348808934
8395,0.26370246779498413,0.50824198673021748,0.52739590843024087,0.3052141274411922
8396,0.1989532953418908,0.65584396363320996,0.54324527499528519,0.32041040345392779
8397,0.3973074413547642,0.022482680240494667,0.4688664189829172,0.25500100329287761
8398,0.97301690396805074,0.48091902925564212,0.53804748191637108,0.30450963804185599
8399,0.10378481555931503,0.825415871502168,0.55952684816157539,0.33747677610551502
8400,0.66873078371189776,0.61563463774217531,0.55049575239249982,0.3184773617943007
8401,0.15927379350104601,0.4629599143939675,0.51816058368460283,0.29954372856185035
8402,0.28460094165512129,0.58222665186320666,0.53718945190757394,0.31324280967531309
8403,0.91165905837778705,0.85218387037202492,0.58314450874329471,0.34429651765144936
8404,0.75265099193550422,0.88446254823921489,0.58455055403632616,0.34753337108056948
8405,0.2783462581948028,0.91412426066716435,0.57667822987385187,0.34869713579053085
8406,0.99571073878669414,0.29126162833088309,0.5137477351958607,0.284339895464784
8407,0.14149226072459717,0.11684367433906301,0.47397213275980188,0.26319208656674631
8408,0.65050038165122981,0.025900427291879899,0.47402508492479384,0.25609135298489311
8409,0.93468602394167111,0.24718775222842815,0.50724281019923856,0.27962868204906188
8410,0.59188512955395267,0.17180449621920707,0.49231838297295266,0.27113575991070676
8411,0.79266050989121439,0.68813864592538454,0.56152961196248652,0.32650675608774415
8412,0.65094676480648339,0.26942680071309444,0.5061053354693692,0.28154537959793002
8413,0.34269623684418621,0.94631782472332715,0.58247047981679234,0.35260584825132452
8414,0.16214706934286516,0.3911294703453197,0.50934013611526863,0.29198464132531859
8415,0.4835798620634596,0.92541822320575595,0.58388972348971824,0.35112522592947243
8416,0.20308341902795946,0.061325558431155516,0.46886559350624557,0.25795527994144068
8417,0.57037803218947958,0.038723658629052811,0.47440373116815804,0.25723382434679293
8418,0.68847640662995402,0.911149088661524,0.5865662515102672,0.35026399451642748
8419,0.58872784958312985,0.65023890345067481,0.55324237356638684,0.32197218267366995
8420,0.18109283015133115,0.77842252495865116,0.55723613956579665,0.33332512443030654
8421,0.58738507229568204,0.4720200028543477,0.53096487316985908,0.30289554339614211
8422,0.24552232421276859,0.48698842396173864,0.52417062192728892,0.30282136097165352
8423,0.061371220276120589,0.059472956909926149,0.46375199678846524,0.25656839742994875
8424,0.56309939869454828,0.79869592679123169,0.57073497454945643,0.33782708887396806
8425,0.23110412934288616,0.43785507940287938,0.51757854239054735,0.29750068678484515
8426,0.042808747478935406,0.015384781621803996,0.45745562126969014,0.25189857874196536
8427,0.47377436991477151,0.49114131266345507,0.53096588742399753,0.30454366576856107
8428,0.83324026537368778,0.95894233624764025,0.59458948510487097,0.35566707997351649
8429,0.32156891919471092,0.4616835068775923,0.52335081703968589,0.30064833281636116
8430,0.97996833542423567,0.29494090591053246,0.51405075631684682,0.28471749192229129
8431,0.57206598279530885,0.56269722782223253,0.5420551345880793,0.31254038120502375
8432,0.18428507129227512,0.096887586054776334,0.47284387286152452,0.26147643129807913
8433,0.26789671460645043,0.38180978804399496,0.51172351566395502,0.2918372840169951
8434,0.19594595302437667,0.96471949385049516,0.57952914170802283,0.35337854067781543
8435,0.80223871351558484,0.49719220092281469,0.53782244825398406,0.30605091318143196
8436,0.50435101353718204,0.25576895608947381,0.50158292963879958,0.2796946718748895
8437,0.26698408128492301,0.28253507112363591,0.49912288380990899,0.2813712332482653
8438,0.85539387452687377,0.45223049636163054,0.53285618470807394,0.30132156598110815
8439,0.18908162787164329,0.39836257442416395,0.51121156965220205,0.29298493958901334
8440,0.39147513929103733,0.66937224299822706,0.5509690369663961,0.32321449754465309
8441,0.28679494444163284,0.93236708905232368,0.57907635557078774,0.35071527951591419
8442,0.033633434557181319,0.37622463281628449,0.50219585009470058,0.28901224054708075
8443,0.45026534757841147,0.069217590375139845,0.47612869590604689,0.2600221186753498
8444,0.56440225651954534,0.6553900458612828,0.55337505250085861,0.3224478254246923
8445,0.89444278983249104,0.9440802819117089,0.59375887112662429,0.35414997460889475
8446,0.61222356007777856,0.93645243141819956,0.58805233525834077,0.35277814135995916
8447,0.61565961793073221,0.22034648645332783,0.49909361915699746,0.27628990956633603
8448,0.94540976699307799,0.64711392585862193,0.55863294527976648,0.32229438166810187
8449,0.028613090582925362,0.37817971898351099,0.50220417771380099,0.28915115066793629
8450,0.3947587371708709,0.088004521339910574,0.47737569943223684,0.26175095840614709
8451,0.22567413981425344,0.14964429827233544,0.48089475899245321,0.26722369264560059
8452,0.26927055729985006,0.1968264656368294,0.48823704458459199,0.27241552382157869
8453,0.5488915867061005,0.031919979216123467,0.47312438030480397,0.25647505918375169
8454,0.99584003225070195,0.37688615661965452,0.52492404373225077,0.29343058321201654
8455,0.79344463097119,0.48650888348988958,0.53633428597894572,0.30489508233596357
8456,0.71992229345816883,0.16558346290852641,0.49359759048310348,0.27075984334751185
8457,0.85203076207026618,0.99520536652704472,0.59908484551023344,0.35958494162160964
8458,0.95438074623955182,0.42814099946202483,0.53105394107397585,0.29885752709132046
8459,0.43977583283778515,0.44862551962953295,0.52481377726279932,0.29987097269967655
8460,0.14703107114093147,0.96898350053721816,0.57802332478106222,0.3533096647291426
8461,0.88968106718395146,0.32560728346436518,0.51696016962452274,0.28788341506404697
8462,0.93798829341336387,0.35479231716325738,0.5213658177801348,0.29103199820000736
8463,0.95368551728766182,0.42478318439772123,0.53061321154450602,0.29849875409444926
8464,0.086507503982295758,0.59218571639739681,0.53099612329142243,0.31245084335764528
8465,0.20987285195112929,0.17493355120773194,0.48364317124420053,0.26973718297001265
8466,0.85540309652156432,0.27336675160614543,0.50968594960374736,0.28231004602877452
8467,0.04500473487727577,0.25249662584633331,0.48734555874108842,0.27625213438767843
8468,0.93393153849934463,0.60842128692282138,0.55366548647135072,0.31813073181435991
8469,0.16808665532885353,0.79398288873719292,0.55856293590202899,0.33485522326967604
8470,0.33850963379553289,0.275758046867291,0.5002703832028208,0.28108354280713277
8471,0.89633955776615781,0.82168984087739372,0.57928338515279931,0.34100217032246211
8472,0.95149623233020542,0.14569126805908744,0.49399140582136891,0.26896916521002356
8473,0.23701551960856887,0.7333434196012677,0.55393567615804573,0.32901812728490126
8474,0.27864698993115455,0.75657041637859079,0.55812571359852392,0.33183250263268338
8475,0.18566565704107052,0.54765870173015863,0.52958024018798322,0.3087706299758578
8476,0.52663687261253367,0.21893341159870616,0.49725062080618326,0.27589316112666928
8477,0.38267513795710406,0.28615227236041102,0.50273830044133572,0.28240151715871614
8478,0.67561993176360846,0.51408679885560415,0.53791355908161564,0.30761797587683021
8479,0.16019913099867991,0.42691630058161684,0.51372517411840435,0.29574244312307801
8480,0.42844116302019686,0.35172015361363301,0.51224190687724636,0.28953457812431804
8481,0.11489284982177196,0.0062187538819736803,0.45894976876348365,0.25165020179452274
8482,0.2291441988469218,0.77226597803042962,0.55829881085594057,0.33311250778162627
8483,0.42878295776663583,0.21889283451231897,0.49516888204476633,0.27553638460158664
8484,0.63266984493978096,0.42242386869710175,0.52551422569536543,0.2977310934066611
8485,0.73796039735941443,0.69505317335937877,0.56149406454427242,0.32715135476020557
8486,0.45870032776937586,0.23142592438383727,0.49745924857151963,0.27697010783137133
8487,0.0431453215654823,0.55606335748668068,0.52462964186067651,0.30806656563573676
8488,0.67753191487014985,0.95688807980691792,0.59170987726251689,0.35514898356313263
8489,0.58011838372173963,0.75173721157858386,0.56544537107043336,0.33283976539367305
8490,0.26991964466118956,0.30342593426970998,0.50186719773586186,0.2835858708369024
8491,0.97966567674461991,0.092656641765369571,0.48721897973060946,0.26344994812117201
8492,0.21872811838226627,0.30796863951691195,0.50084745725392354,0.28370344753164228
8493,0.50829845505420812,0.24847312257232843,0.50071866997253522,0.27893984723744125
8494,0.4739848123129341,0.13426070608260343,0.48513832912398025,0.26685945638288561
8495,0.1191214356738492,0.67180683040703881,0.54200503633679398,0.3212959447477064
8496,0.3005893349101651,0.44552965385542487,0.52071516489796421,0.2988021982989022
8497,0.95902907147099037,0.35135424786206565,0.52117368369800809,0.29068559048015502
8498,0.31074655374569121,0.72304466516653787,0.55513048085199301,0.32847338332498821
8499,0.13500262725296197,0.70150284535483221,0.54622891971081333,0.3246365524555464
8500,0.35997550282563318,0.47952648650236662,0.52665934910217871,0.30276775947633955
8501,0.35627026592235778,0.69763911527682798,0.5534216398758427,0.32604290665234775
8502,0.16200378284059699,0.13075710360953818,0.47644460963971275,0.26479613256648443
8503,0.19002304619158386,0.8978932581100264,0.57159041052435788,0.34617913981525322
8504,0.85694503148983936,0.17651124190174744,0.49694468896619826,0.27210623597020156
8505,0.64603106129287047,0.57234062651764839,0.54469246258638226,0.31378151359857998
8506,0.19847355311032153,0.14808895591580076,0.4798499738708592,0.26686936216444429
8507,0.86063254511678822,0.26538557121300838,0.50870830035158765,0.28147266633873902
8508,0.85499285687323434,0.70643448240720907,0.56471288641102502,0.32856417993758541
8509,0.18479120445508745,0.23539807786784367,0.49052879192798332,0.27584164905980091
8510,0.10493886141496478,0.21226312005600195,0.48473733502403155,0.27272470781549935
8511,0.50615022889251116,0.069693072343885429,0.47731196839634876,0.26025732254461265
8512,0.33023584416449303,0.82834385091544827,0.56829105701965099,0.33988284780167227
8513,0.85489089565112952,0.78771914130580856,0.57460054330498356,0.33729973159729515
8514,0.50835182140773394,0.086266971058479983,0.47953412444130444,0.26198219719085003
8515,0.86538227359465092,0.97299236522925792,0.5967086496509294,0.35721875750103482
8516,0.90220076600549515,0.40147869978438833,0.52696125004010197,0.29596394796004755
8517,0.65178250127305515,0.42634241612291662,0.52635745817039803,0.29819549339991092
8518,0.77855282791102076,0.86994997405606556,0.5832609930956012,0.3460212004941432
8519,0.16547108001633315,0.93367917787620103,0.57474417235449227,0.34974678580733215
8520,0.91230932731180214,0.48882555253905013,0.53829228209033053,0.30529776044041301
8521,0.065551043355243754,0.14457259806956865,0.47466066154062114,0.26532692585053302
8522,0.78614347071734958,0.35611892213084506,0.51949910097970287,0.29098583305221015
8523,0.88747797345673907,0.49101191694267332,0.53824220314760407,0.30550416520050588
8524,0.71414608547339453,0.21044759870102864,0.49941548927590701,0.27545950143218811
8525,0.099669033263821635,0.36311857473956194,0.50343331009679437,0.28841926658823075
8526,0.74894880537824937,0.62545931925630438,0.55309172493976166,0.31970128986340368
8527,0.16454517492578599,0.13069429453111953,0.47652172884337635,0.26481004811686432
8528,0.55306548850013648,0.59302131879279629,0.54543541606668589,0.31572568046762922
8529,0.25434352899586088,0.57848269177955813,0.53575538325108751,0.312622869847961
8530,0.6785920154994004,0.4686560850721202,0.53221506509593097,0.30277044923477453
8531,0.16323469513364836,0.67658786796528148,0.54438528425780319,0.3222796206140533
8532,0.0060350835552788343,0.25586490203453,0.48601338521725485,0.27611174113485787
8533,0.3897008697808837,0.14257556486582618,0.48436551836475894,0.26739520469238759
8534,0.69632928725018872,0.13398047104637373,0.48906542949770421,0.26740989054066011
8535,0.77519297095722284,0.67159548973786887,0.55921920385194213,0.32470069205311408
8536,0.58393844610642409,0.54217081436471781,0.53972854347156984,0.31038047760832593
8537,0.87568004066507565,0.78911689367681981,0.57507050531361892,0.33747654119794729
8538,0.14972606782001677,0.60280926468156981,0.53493718480091024,0.31428666599476879
8539,0.23294179030366943,0.94710544010809394,0.57890114341931964,0.35184579096085
8540,0.23390685833831087,0.28597638863158648,0.49854684820213524,0.28150607296287161
8541,0.37644239297054011,0.61392782860690498,0.54377759094699674,0.31719951109773425
8542,0.30206794219607258,0.10224902010963997,0.47695294515293946,0.26278127902485621
8543,0.33101442620049931,0.3859809540903778,0.51409300627132337,0.29267363222126763
8544,0.50222196008631725,0.12928997431193712,0.4850597672986931,0.26643611052750477
8545,0.3712143606865197,0.18763524608324517,0.48976424732976132,0.27201062444781282
8546,0.011293621775542852,0.7068451935251826,0.5410763023285482,0.32356674216987502
8547,0.84884105896380502,0.58807039349541312,0.54995865926376353,0.3158498524707789
8548,0.27009137306084158,0.44587703577991344,0.51983246888470735,0.2986359889134596
8549,0.091806710143841341,0.42192803482149033,0.51040094567876537,0.29451528707959052
8550,0.63526404238709944,0.96733376164723894,0.59210872221562971,0.3561594126029391
8551,0.74328465359242413,0.75941010133587994,0.56942550870184083,0.33407616852098149
8552,0.21369426554540405,0.092400200152688197,0.47318229171932147,0.26122419009909353
8553,0.38581003146144799,0.57046347019005339,0.53867307091660388,0.31260427714051148
8554,0.55452683914949885,0.060054318300343586,0.47694210373270851,0.25939860806587572
8555,0.31501424172093395,0.85574599137426122,0.57104985378904372,0.34271565181213282
8556,0.005814732218428981,0.40344156537574022,0.50422004475344506,0.29148327064268681
8557,0.89975075764051882,0.026011286516545808,0.47738691085731894,0.25646031241488204
8558,0.39374657885405467,0.86238784832345561,0.57415927856375182,0.34391878402818055
8559,0.51123741820330026,0.57602894331776777,0.54242108628153773,0.31375902727908728
8560,0.28518348593508125,0.53638232385994633,0.53155713003260763,0.3083604176267763
8561,0.3448882201322937,0.45333020445051375,0.52296206552743518,0.29989745129926665
8562,0.19189755950769177,0.70009668786661938,0.54831238286792527,0.32506650976005413
8563,0.15314083805707052,0.11672325500081061,0.47435554020345311,0.2632766050567798
8564,0.42644709547212117,0.97863115978400461,0.58859482059531498,0.35655865572282497
8565,0.85415370975193805,0.31487249169828141,0.51509457891600452,0.28670321044992259
8566,0.59888288533129963,0.83277818234496515,0.5755564470603225,0.34160342140579059
8567,0.82623089518881176,0.74056627857406865,0.5684573707682391,0.33219171573475181
8568,0.21737815410649639,0.22129404135927327,0.48979767510385419,0.27461841550592786
8569,0.79618326446070575,0.95282354772699773,0.59329433016596644,0.35495309375302636
8570,0.28552478387282465,0.83948246486744615,0.56818726774396433,0.34076048622518684
8571,0.62755651625707987,0.6983662115185173,0.55991229668875764,0.3272494319067078
8572,0.87695754509716062,0.66607920253457276,0.56005963483062948,0.32425726394677407
8573,0.47641201801706345,0.309968338454084,0.50798462292056978,0.28531249030435352
8574,0.97411281187095455,0.45766420844636158,0.53508554131836472,0.30202575901036788
8575,0.046754595323803369,0.85012846140506448,0.55968522740798554,0.33933023209497487
8576,0.49138577839188513,0.83141327226326101,0.57301266994881728,0.34106925273697902
8577,0.80782338996756597,0.21535257822979476,0.50142306911026502,0.27612659558473468
8578,0.23624050087587678,0.12484341571111,0.47802759737211853,0.26472551446623327
8579,0.87770200229947226,0.70367631846774603,0.56469943705614656,0.32829667038962984
8580,0.50566940625308787,0.26009446077017345,0.50217033843006642,0.28015474180883332
8581,0.7836304454990547,0.53553955093709515,0.54239163894078568,0.31012429571515993
8582,0.25230196661773374,0.35535607862459728,0.50790517065738816,0.28893621662376323
8583,0.7157382390368846,0.047655562814173755,0.47790095819870637,0.25846276410314373
8584,0.46591507115935676,0.97548240192442903,0.58925889861719072,0.35641515302806404
8585,0.063507073588238566,0.55726209536961979,0.52572778221540006,0.30846281865897818
8586,0.34754831523603064,0.008494804589881097,0.46589949006818393,0.25335220231239014
8587,0.67194643138289689,0.32576302425038306,0.51377442711691712,0.2875520208367629
8588,0.68047090812599054,0.059762020904559184,0.47898714342915238,0.25965426240159617
8589,0.02673063355785562,0.097832489298854491,0.46718491249704991,0.26010651118271672
8590,0.86319892949598154,0.51100799925451867,0.54045122183460226,0.30761372996486436
8591,0.79975591619272024,0.0442773295775638,0.47860642756720456,0.25823904671927284
8592,0.15645112635780825,0.83895080277215461,0.56337666254486485,0.33953384979643159
8593,0.88908985660908513,0.71494708986891209,0.56624082739542547,0.32952123167899755
8594,0.69305737582872395,0.79343625478966862,0.57265897779481556,0.3376268203562498
8595,0.76567030436048522,0.49489254397751065,0.53697394039001556,0.30574537080595532
8596,0.99027378417194134,0.32922334242473589,0.51865545237000976,0.28836061556107312
8597,0.047686319506831935,0.14200515724004947,0.47361141379589705,0.26486903008479246
8598,0.65770061217643094,0.95395785298455749,0.59099278792809884,0.35478437426804971
8599,0.45045062232328348,0.64925973787574331,0.55003381103634752,0.32135040953446387
8600,0.92625761296321873,0.17340126725296723,0.49738409263763766,0.27185241996535475
8601,0.19341612545239042,0.019038084585417527,0.46313298199533132,0.2535594266111188
8602,0.20762111939283787,0.51094126686063834,0.52585089847942279,0.30506246882613997
8603,0.32075261380298764,0.028433403276547326,0.46784876005584214,0.2552702896630652
8604,0.45744768358342119,0.02732149728588993,0.47077501719827736,0.25572248899397948
8605,0.67361656413505566,0.054898858127242427,0.47823638781381805,0.25913704390854603
8606,0.094113292613218075,0.77454413133763012,0.55311779863228505,0.33193424228014307
8607,0.24431475652501686,0.5952311548245024,0.53747285619078577,0.31433066159499834
8608,0.76480385935913076,0.662416575244267,0.55792150379808725,0.3236968543593538
8609,0.032707307005126494,0.34913478521326324,0.49880715219905525,0.28616663332270326
8610,0.44322272904106652,0.3934493454186595,0.51790696288244764,0.29402149298397173
8611,0.98269178292808357,0.063703744580445351,0.48336843293882908,0.2604386360158768
8612,0.39741061348129297,0.85075528071614681,0.57288936991579253,0.34269151319192942
8613,0.80734329248088177,0.52949418186458053,0.54198749590014572,0.3095146733450313
8614,0.47225195376101181,0.0030246164356241933,0.46787249020257093,0.25327280301742261
8615,0.011879827995586675,0.59427217443851987,0.52769205516188833,0.31165693515387755
8616,0.46791537909997866,0.034617510232853234,0.47194568606315573,0.25650979371354687
8617,0.099073749847186268,0.15911567768867829,0.4778018715698748,0.26716614313671161
8618,0.17825392399906415,0.81908683790549408,0.56192327295540734,0.33764036356169569
8619,0.54732800399638948,0.96367075201120456,0.58982989133292751,0.35548433188836343
8620,0.46984878648546291,0.94800567451379036,0.58617779204791332,0.3534868826837152
8621,0.22368469536056509,0.34835771245883079,0.50610845171616103,0.28798973692779234
8622,0.84718516207585348,0.050697821907338222,0.48006807908937837,0.25896306097991356
8623,0.14391202266284964,0.81375778861454462,0.55990325057267953,0.3367070151129371
8624,0.89119448607041263,0.79931689855115251,0.57652089753049707,0.33859145018022296
8625,0.62358249324861681,0.83482130041077041,0.57629833660486041,0.34189592458039297
8626,0.35196743657499319,0.30541550449427451,0.50441871736945643,0.28427717319576373
8627,0.87552559915242023,0.25852468557817632,0.50800087342059042,0.28076511650918534
8628,0.78497932690199235,0.90165252850378175,0.58711390443248668,0.34943857961128744
8629,0.16976070259361295,0.25168740217242158,0.49208055098186987,0.2774187836905746
8630,0.80996120649791559,0.4022631711123395,0.52580201072285848,0.29593077173446503
8631,0.24178165782619035,0.73669574016871631,0.55450327186499238,0.32941615271669494
8632,0.022472265710786452,0.035093141030624976,0.45911936637006007,0.25367465180115745
8633,0.16364387396435487,0.59198288017926981,0.53416605265606398,0.3132748806623758
8634,0.22430182944616536,0.66618235341581755,0.54540992526619125,0.32173628971901158
8635,0.67557792376918946,0.68035622221719239,0.55860582964755001,0.325438484076359
8636,0.0034690881368354895,0.49396407900721534,0.51515045983518293,0.30095133045543687
8637,0.1391082340695779,0.34385738796583609,0.50257430458117414,0.28679637093713461
8638,0.82383430066868901,0.52105515338337283,0.54116393822625497,0.30863582943739076
8639,0.17256268794419011,0.26338953618841482,0.493658388808352,0.27866484050979085
8640,0.81815618344767727,0.0078117553330142985,0.47396167469912565,0.2544910159762715
8641,0.76024636765165488,0.10378237185691251,0.48600099581534489,0.26436731235499278
8642,0.58818630941748862,0.4531183294904535,0.52858509968954337,0.30088176463751459
8643,0.88270240245762988,0.18378049170105953,0.49823250258663115,0.27289863386822866
8644,0.18818729445437202,0.57244779709208526,0.53270893303529088,0.31142918771775457
8645,0.82051297342398899,0.98379678247548874,0.59728077259639389,0.35831601487027626
8646,0.41496627821520671,0.35778153855645795,0.51269198985100539,0.29011656487575554
8647,0.82289674891870246,0.36694404717938739,0.52142856025973305,0.29219071577027328
8648,0.13346680389830146,0.87719634476985098,0.56686834255246665,0.34335807399758511
8649,0.5200278300467529,0.73753305617909648,0.56242399901615636,0.33110537572282628
8650,0.44179711426569851,0.91981513945710613,0.58218193993205614,0.35033022023157828
8651,0.39760692522312746,0.2379568057314842,0.49690419691022747,0.27740281609597528
8652,0.93416932944079167,0.50454457504890171,0.54057452447675036,0.30700109227621791
8653,0.55976449792893845,0.63939054578848886,0.55130940266698558,0.32071685857077348
8654,0.21007165990279755,0.25234540863350269,0.49351498297200846,0.27780803172416135
8655,0.52280906227728119,0.58145022812840763,0.54334977687729991,0.3143817435905582
8656,0.31791344349716094,0.50693951554320527,0.5288924562454308,0.30543955156364816
8657,0.24708030482582982,0.076881797065783769,0.4721654341790667,0.25984328792412809
8658,0.99330207804423998,0.65127814433489695,0.55975208895569284,0.32278221525385287
8659,0.79360250565266477,0.67743671176665232,0.5602281552884335,0.32535888277344832
8660,0.10273207172463882,0.80772165971343646,0.55740758789700751,0.3355776473820084
8661,0.20388737459635595,0.44579635554036362,0.51764507573020335,0.29812368342238582
8662,0.069885967637726573,0.83452861916682453,0.55901140888155088,0.33800152048344551
8663,0.75094698459383802,0.94815796220054627,0.59200261370554863,0.35437157479593051
8664,0.4409578845788143,0.61895744903424055,0.54607800042591037,0.31806214769113267
8665,0.50346505643018757,0.84819321275806292,0.57528968256457236,0.34292057123928549
8666,0.98003350574468506,0.11820268310190878,0.49064116348861825,0.26611620780035478
8667,0.36255716868055754,0.69858571074948417,0.55371577521539073,0.32618133839269314
8668,0.13701557867479278,0.11795849943192444,0.47395867122636975,0.2632688133606394
8669,0.78645440438926462,0.68528133986900797,0.56108128246010769,0.3261896028030894
8670,0.10574775558215334,0.30218317753764573,0.49607019780334316,0.28209988281421428
8671,0.56403551334958757,0.40520079649571561,0.52201272749573557,0.29570708896156483
8672,0.41943993636319649,0.66198760824002101,0.55080776066870973,0.32256736963516774
8673,0.95286458495688864,0.036865040676470381,0.47944096415546111,0.25763059602119331
8674,0.097629197681706872,0.90410467840720665,0.56838332336333608,0.34578603796662377
8675,0.4348222402360174,0.51903725825197766,0.53353502577712564,0.30735319116592341
8676,0.039462500501715111,0.027100888560281602,0.45880152845545991,0.25305008505689119
8677,0.23104915176279611,0.017455713025003209,0.46403624722766984,0.25364555958301327
8678,0.61598818638565711,0.12047870928124758,0.48598756077343913,0.26583167467808649
8679,0.35338850713100983,0.010537337224034127,0.46630382482811839,0.25358798645279323
8680,0.32488157809466361,0.73079457965473416,0.55649600062404436,0.32939738718120659
8681,0.45605628335004439,0.93703479493145136,0.58455468046209913,0.35224604599538217
8682,0.56829920732899342,0.74905979374538878,0.56487367596999316,0.33251385096725483
8683,0.51004868601512865,0.72165719675224971,0.56027427091472215,0.32936325048227266
8684,0.19386332484112356,0.79281835714093185,0.55943136689007256,0.33498765457857016
8685,0.27081415232188305,0.052453197761916093,0.46966879335446066,0.25747144369282376
8686,0.76295335428755495,0.53946657772475148,0.54256472417092749,0.31050953623429461
8687,0.87073861990183365,0.71188315938363089,0.5656069287266996,0.32916984591848975
8688,0.84070472804604801,0.15861996038764484,0.49436462535664222,0.27021009293976495
8689,0.37922470608357112,0.8050553199811723,0.56696723968420004,0.33768844108223178
8690,0.11028717825034401,0.72400857871634661,0.54785759917316146,0.32675052243998476
8691,0.44510378784750354,0.14296528880264378,0.48566415162156323,0.2676616870372977
8692,0.77791000126692234,0.049839501125819516,0.47905987472754163,0.25878568500999888
8693,0.53192092123542678,0.053498835419083485,0.47566508918886669,0.25865762778857587
8694,0.46906461269551658,0.70223247630413388,0.55695194497096046,0.32711094956078968
8695,0.2086931327534956,0.31276090516437544,0.50112380891383812,0.28413006575007177
8696,0.32476235776386458,0.59118036764111603,0.53951321158854226,0.31446490108344899
8697,0.96886575626361893,0.077846512320905462,0.48511710232831845,0.2618992475420065
8698,0.76572358447426236,0.26987046731821029,0.50797845725194779,0.28181370774538606
8699,0.22577200455089333,0.84911804661018553,0.56724988115445474,0.3413019407902021
8700,0.097546576049539729,0.058675730832631237,0.46501194963231418,0.25683810137697116
8701,0.87501362235926794,0.98920902708974912,0.59873178785534309,0.35897101848156482
8702,0.20363678702121835,0.2657703855135129,0.49500898516175335,0.27916359356735004
8703,0.76879492983032249,0.520751298616,0.54029574796205193,0.30851651880949249
8704,0.88916465431071123,0.88951113014112937,0.58726332171286411,0.34828257391142348
8705,0.31069487460645617,0.64322877210722074,0.54546260691525517,0.31993479630999228
8706,0.81643988857957306,0.39203342840295519,0.52457729079862547,0.29485087381943292
8707,0.72888935299405133,0.88987417984135686,0.58478319437632786,0.34806770010156923
8708,0.30082781235893491,0.32596443797488467,0.5056344744011213,0.2861541624929192
8709,0.50992033018433724,0.066550590770307463,0.47697086860006943,0.2599434605598791
8710,0.57425420070785338,0.65765792497404629,0.55385866096636804,0.32272288194778648
8711,0.1360800014684326,0.93723727506912546,0.57391574401482626,0.34979522514350386
8712,0.60426048817940758,0.052993143755395433,0.4768717048646845,0.25879228828005524
8713,0.51951423044645928,0.74796066509351367,0.56367251481411207,0.33222271930243724
8714,0.023340831317857375,0.46500590310659029,0.51260716618598012,0.29819110441161811
8715,0.12397840095817809,0.14574170480141183,0.47702812616886647,0.26601885122910757
8716,0.26867583399518624,0.30910631463908361,0.5025514630569502,0.28417523432880643
8717,0.87481865030600459,0.097934761921514291,0.486720564208656,0.26390579861616581
8718,0.201690129116911,0.51251528979173167,0.52583579408359171,0.30517910385053182
8719,0.91587238296208673,0.074466308870248035,0.48407043946477779,0.26150283579019507
8720,0.15814902685865528,0.53915308228001235,0.52750150245156535,0.30760767351752849
8721,0.10588513556855032,0.64081912009449449,0.53771390745175573,0.31784670585708197
8722,0.76885388054664949,0.12277786902548979,0.48864341327317695,0.26636219309595649
8723,0.2147767601083615,0.77201358949333665,0.55774845959552466,0.33295872540683502
8724,0.18320045446563746,0.89111188939722485,0.57053530211629855,0.34538579318425328
8725,0.19965260592197301,0.95629023574477767,0.57870604669938774,0.35251476176248098
8726,0.9326390720297234,0.261092349854263,0.50904841457304584,0.28109546504970667
8727,0.46129370301145833,0.53142227035221878,0.5357196423289643,0.30879145718385786
8728,0.21012441243097418,0.69571891443658385,0.54846152855486019,0.32476610172470599
8729,0.62656461563691268,0.62182384123780066,0.5504793075264548,0.31903365193913957
8730,0.70717400795508878,0.32998311443451095,0.51490053731754215,0.28807251408293211
8731,0.80545531335707055,0.76416202033775626,0.57100516555307146,0.33469599020392315
8732,0.024453823848755565,0.24254681689335267,0.48519903980061824,0.27496965881950469
8733,0.46693542290410261,0.51983143015423561,0.53440394393804003,0.30757736580167511
8734,0.051794538026547529,0.22604153436437482,0.48432891058815258,0.27358775386517487
8735,0.22372604840815766,0.32075906568089269,0.50262682091728539,0.28508525470192758
8736,0.99244858220434984,0.35546569986442339,0.52210141006793975,0.29114977125247504
8737,0.73190274135799849,0.35362743176900552,0.51835317905428469,0.29062889729940511
8738,0.23247013948495734,0.23392759803211086,0.49188099938677898,0.27604535945953895
8739,0.49585570848105709,0.29232116307053946,0.50612992439034954,0.28351938960961703
8740,0.68135518275924256,0.79940130581461122,0.57316339903755908,0.33824056657201929
8741,0.017442431644827595,0.53893695441497258,0.5213035189176719,0.30589569443874193
8742,0.33363975030552828,0.51842051393616706,0.53077552840635167,0.30675833365229499
8743,0.53078407521605264,0.91089685783399044,0.5833079005615579,0.34975939005704737
8744,0.97318874983369608,0.93852833241048506,0.59417882757725993,0.35362990286362161
8745,0.87047346748673593,0.82156978648895163,0.57890071514389929,0.34095838760384023
8746,0.33594577649090207,0.68602722788195825,0.55142306081363834,0.32467564931264015
8747,0.51338900187400871,0.56287922465145823,0.54083322799181255,0.31236010306928996
8748,0.12330101328614401,0.29640722298623295,0.49602722462597953,0.28167151406440738
8749,0.050972260958759584,0.34782326368541688,0.49946720407516332,0.2862586530009309
8750,0.13966337969506859,0.46383138501310028,0.51751632152226401,0.2994448635583325
8751,0.041418673072650562,0.96728396607354517,0.5728624003504259,0.35171123897289674
8752,0.24202689035747901,0.37064840698865015,0.5095084091794948,0.29047636694479978
8753,0.71250906717163742,0.74112927320661259,0.56668181124984207,0.33204911906868811
8754,0.84830857661067283,0.28373222196785503,0.51094903020461102,0.2833976657233625
8755,0.75588741796022518,0.83823510895898801,0.57911413746787122,0.3425718951746804
8756,0.11058703835682246,0.91019390123536581,0.56967708119126181,0.34660087961745495
8757,0.14241407149595908,0.379094691439264,0.50710219175826488,0.29053234212656742
8758,0.14119331772431035,0.018001393050246409,0.46134361505689692,0.25306515712287414
8759,0.18185831359160368,0.4149916943233577,0.51303133814185109,0.29467844977957519
8760,0.21632354959551015,0.20166611601462356,0.4872608836384148,0.27256458271881723
8761,0.77625438702112293,0.15801543054954381,0.49341587150229405,0.2700590660937458
8762,0.11184809273740975,0.33320011518908432,0.50019059990359283,0.28540906844880687
8763,0.13527119982772273,0.082510165613621941,0.46938178841446326,0.25961030713874561
8764,0.5356232465090347,0.56153020411437615,0.54114882059651015,0.31229538832854598
8765,0.10897571670442122,0.50663200539835962,0.52154494030802601,0.30364845573719518
8766,0.25604565782478311,0.98998469003582146,0.58465230687348957,0.35663180838491698
8767,0.83379725338410349,0.40944752039619492,0.52706596517436788,0.29672984461761664
8768,0.72711578321090209,0.97279413746254284,0.594457157215451,0.35696844514641324
8769,0.42700720513333806,0.33600888286581032,0.51020039100775183,0.28786591152478103
8770,0.077432441341725652,0.95120688947195886,0.57283454362336472,0.35053185966594974
8771,0.00035600267996778717,0.32142693089531971,0.4938620413422305,0.28284307301752276
8772,0.50337828387898631,0.85969363775466334,0.57664842423343765,0.34415486253088795
8773,0.8592335346520763,0.26374227427555014,0.50847437744526813,0.28129732714024008
8774,0.2712350840841769,0.26838499746246963,0.4974462332083584,0.2799136007462571
8775,0.66724736710008004,0.75765740935545189,0.56787255386861368,0.33372101418853939
8776,0.85553373827604817,0.71137006575429118,0.56532553376812855,0.32909518561932277
8777,0.18493935894664609,0.5514764444237924,0.53002165298484705,0.30916975321942897
8778,0.12458697878314415,0.94410776866684909,0.5742017615925773,0.35039061053494791
8779,0.5324201550906873,0.59053562477437083,0.54468665917682768,0.31538872412688218
8780,0.22806161516375142,0.4243987272112747,0.51579694351929384,0.29605264155895222
8781,0.71642515463960599,0.76065374194694457,0.56911740169118985,0.33415537555241581
8782,0.11239501906997756,0.36242700797599975,0.50385900220590685,0.28848080680716121
8783,0.24272272519165417,0.93199201909339757,0.57751095393972851,0.35031567644526629
8784,0.39285218150346773,0.069810513808054392,0.47495710274910269,0.25986091936407624
8785,0.30650717184088427,0.58959575566331623,0.53877171054872564,0.31417809082620812
8786,0.77442354951963066,0.26721964776859386,0.5077589991375796,0.28154750553961805
8787,0.58974763422961118,0.046738684213173114,0.4757983277969951,0.25811051530079837
8788,0.86680743862880627,0.4153560772877769,0.52828121081211032,0.29740213050394371
8789,0.54695107956615985,0.10732180027650903,0.48303282390559454,0.26428369928073076
8790,0.86662949129064804,0.71168160910418954,0.56552356763724065,0.32914301755415409
8791,0.47769993557486451,0.79789747238113784,0.56868987646570568,0.33741314510296516
8792,0.31776527914617914,0.089578788513981267,0.47571930076349372,0.26155426434739359
8793,0.68198995802401341,0.47540996263996937,0.5331311401175417,0.30349915454017123
8794,0.37765992194622522,0.4793998140952434,0.52711842237858086,0.30284916180858223
8795,0.9488754954888835,0.24678307026188123,0.50735778429117462,0.27959874292329545
8796,0.90628236321065336,0.27405988940527898,0.51042929140982418,0.28244051424157918
8797,0.51318316110792805,0.69907562069928975,0.5576017821403777,0.32695241497648969
8798,0.99618336454177048,0.67430484661433143,0.56263962701630699,0.32525710777382077
8799,0.49368244529837979,0.29777990696312628,0.50678765011159388,0.28408806453329344
8800,0.57076185476215324,0.53880531936519549,0.53904206048677006,0.30998014528621409
8801,0.086717705233080783,0.20745616129002303,0.48342351881274215,0.2720424794160286
8802,0.43461473567105136,0.91218388313282051,0.58110352032752011,0.34947599670414647
8803,0.30263098363218599,0.78141047148496146,0.5618625484540839,0.33466634535326306
8804,0.94205087038282076,0.77157043333960473,0.57386006066462825,0.33566247636493091
8805,0.3751500165196951,0.64997998361549114,0.54815768478341798,0.32104931962680494
8806,0.83991560742667648,0.30788768040005815,0.51399174229941036,0.28594477251453632
8807,0.050397090603585819,0.9217173167559668,0.56812306012789615,0.34700144649380682
8808,0.3403161381447804,0.57266133537219133,0.53768490003125957,0.31258310680646367
8809,0.95487669985954426,0.36388436365429078,0.52275255383098052,0.29201397570636495
8810,0.58644104151598875,0.85734914996685696,0.57821714809971581,0.34420380964753783
8811,0.1508176786348806,0.6040663632524782,0.53513308902094292,0.31443152622935261
8812,0.39828837462583327,0.16780771020915128,0.48784354222155013,0.27006271405421012
8813,0.8486113755480037,0.37198451008506817,0.52243758527540429,0.29276117504547411
8814,0.38671937549746366,0.96907225888181714,0.58639506830963284,0.35531569670081509
8815,0.93198452835920043,0.50925458064292328,0.54114517256959904,0.30750288456508146
8816,0.92963220944671199,0.14197352249136894,0.49324487209626777,0.26856076233379306
8817,0.88644364048490543,0.074212089090200606,0.48369116680318286,0.26144783595765736
8818,0.11326652522858932,0.80306841902829473,0.55733120070496167,0.33521113106304973
8819,0.98443185304299696,0.2372525670535979,0.50651000392590784,0.27862207335443956
8820,0.62736038184281218,0.52797224688661515,0.53878683436189678,0.30898425569459748
8821,0.99798462093729756,0.82725586962274977,0.58129537719885827,0.34169455620832895
8822,0.72613395329263297,0.11640239091682016,0.48718620577092936,0.26562808175066299
8823,0.025611354635760655,0.58349709152138096,0.52708833039799685,0.31072089121097085
8824,0.7724283518188052,0.11158793695586501,0.48720757529939518,0.26519962545821091
8825,0.42094782768547306,0.8913128360661563,0.57829929323884277,0.34716756150672617
8826,0.50065424081856624,0.41321584882024909,0.5217174442658522,0.29634764116268036
8827,0.86551587220161463,0.0048968947900575582,0.47415025446159464,0.25424392013854025
8828,0.55714750059192308,0.63285297181663336,0.55044861462452321,0.320007297180398
8829,0.15221439608406509,0.95573123420980999,0.57672629745808757,0.35195451863039873
8830,0.35248766168298901,0.88155905571951299,0.57522527017656566,0.34572966185011478
8831,0.75117111387281921,0.435607734912762,0.52919682177033689,0.29938935489487056
8832,0.42005189110847424,0.97164387974814748,0.58761696576968092,0.35577626065213103
8833,0.35738190967886474,0.31754988226840503,0.50611003125059462,0.2855850015343056
8834,0.8439434935149388,0.44370561067817038,0.53160575197493343,0.30039670306512767
8835,0.77425251448793564,0.87626338059353881,0.58393914358533505,0.34669205687221838
8836,0.83476820634152971,0.92619917235948379,0.59078399110537416,0.35215334585325014
8837,0.81193895928085558,0.42608797327423237,0.52889207653351267,0.29847266375263287
8838,0.22904619770903373,0.68627507306888003,0.54800258847433081,0.32392181987384699
8839,0.51299537152618868,0.87609716022900541,0.57880979555316547,0.34595457646295147
8840,0.30306318351611267,0.13653751828245586,0.48141385226895578,0.26634023958907038
8841,0.73664487989667105,0.07823733933478362,0.482271508375687,0.2616710510735209
8842,0.23966530079325896,0.72098538268829004,0.55254775908939036,0.32771918837300973
8843,0.7253319155340433,0.5461625491402694,0.54279922959984839,0.31115617063714723
8844,0.65899777906754753,0.38628521541337252,0.52135565071435575,0.29394857411234104
8845,0.65324404646795009,0.80657309011433975,0.57349963698345063,0.33894146465726122
8846,0.14320231493051397,0.46999101426507117,0.5184148267288694,0.300131544898527
8847,0.41729908527053194,0.58075367435343794,0.54076846780285992,0.31386338536409386
8848,0.61624924037536843,0.53975194885273237,0.54005555975669528,0.31021446124878416
8849,0.030606609761842995,0.98056781702631857,0.57380174920745219,0.35295204748298198
8850,0.87786397324757415,0.48783756359390684,0.53770837336915567,0.30515350296178345
8851,0.0030754439743817786,0.60028792185782232,0.52795942807945218,0.31215779268293159
8852,0.84221080216263655,0.34701107535468184,0.51911368347382458,0.29009850828119588
8853,0.070212705758016095,0.17616457852519815,0.47882699572071663,0.26863259912469911
8854,0.32987138719862563,0.76655019309894423,0.56093380263911918,0.33325955447350486
8855,0.48116712797976802,0.26096548625020077,0.50176819206262713,0.28016055102354748
8856,0.17597438473779475,0.20318743135378464,0.4861400279973806,0.27241519121856156
8857,0.29971115877238336,0.75030360991455392,0.55805599885644563,0.33131501195862001
8858,0.033212141973327378,0.97188122599687199,0.57295491955245947,0.35207056179468399
8859,0.96105643438444244,0.16437615353019211,0.49658688538404555,0.27093567779557143
8860,0.88116146342857982,0.067462949366460093,0.48272509428047877,0.26074073095354172
8861,0.63542505579997099,0.67962602236612002,0.55776993501207672,0.32525894188947702
8862,0.80852425172234654,0.78455342950775531,0.57351878716277582,0.33689251057801411
8863,0.42956544738655211,0.69691649943758971,0.55532223126175706,0.32635966149765239
8864,0.81313622111865558,0.28120913352769566,0.51013930039444488,0.28308404023471129
8865,0.66284766801152151,0.22486790612455226,0.50048810135032373,0.27687429685656845
8866,0.078862413235229911,0.15976860859108857,0.47710450236429092,0.26703126999039062
8867,0.10112232555228985,0.52150371478031166,0.52303485920406034,0.30513396732869624
8868,0.1462325418840279,0.70129445840861881,0.54666668477018165,0.32473629529381948
8869,0.78298929804762596,0.74809214037152705,0.56870195681439062,0.33293209182556416
8870,0.95245334411124938,0.17427281031020686,0.49780442491302479,0.27196716571312518
8871,0.8533458899641061,0.70186937445980735,0.56412909891585961,0.32807153344137868
8872,0.39274559720713881,0.12100096042949009,0.48163019250731171,0.26516476505240727
8873,0.42495018332438778,0.01637643493463984,0.46866354092726825,0.25448022591545155
8874,0.58131285984461434,0.55020487198814516,0.54068143258413015,0.31123205399547466
8875,0.62715229985000331,0.099432137116661767,0.48339639317676864,0.26366506635801501
8876,0.63610228597739482,0.94543505282179685,0.58957936680338652,0.35381133556365413
8877,0.4455937636923627,0.22149989911603044,0.49588446934299479,0.2758773352756409
8878,0.52672717242845102,0.49126921523626665,0.53215596900434925,0.30475607313684622
8879,0.11123692274811911,0.87065285943275084,0.5651321440909205,0.34239264710607781
8880,0.015065142880135681,0.4335971386543126,0.50836633709259971,0.29477541701460686
8881,0.039222937975975217,0.056058850562700539,0.46244338828839887,0.2559879561662296
8882,0.84337022462432509,0.76768638437382186,0.57200782972325048,0.33513088364892452
8883,0.79060690509547715,0.230066374647629,0.50311926901312187,0.27765169736882972
8884,0.11931933991202387,0.62589388714687666,0.5364886870818788,0.31641458628308294
8885,0.89915500073955623,0.96758723944321978,0.59656889685968195,0.35667884586444459
8886,0.90076743597852771,0.75533819536160451,0.57133143947098752,0.33387525597307149
8887,0.058112571215874056,0.60922076641904432,0.53175528683388662,0.31389517112664683
8888,0.93160336295786561,0.65840238684638164,0.55985255240819554,0.32349311352380877
8889,0.51230382894921345,0.54740848983480828,0.5388807337566246,0.31070154936500627
8890,0.81628021861579036,0.98656289419993992,0.59753492320312784,0.35860640874682381
8891,0.80335179008882263,0.74579422991868338,0.56874310282855634,0.33271861849974466
8892,0.10138321284468985,0.97739926569095115,0.57695468131188321,0.35364621100577559
8893,0.47155825221234704,0.12384901487141615,0.48372655665521369,0.26576678042176177
8894,0.16632648111240705,0.48753406754148898,0.52146297619264481,0.3022119699695463
8895,0.17967552944322815,0.58854492917869938,0.53435772675778004,0.31306300880419019
8896,0.14409283426912736,0.99726117381501256,0.58112043826469895,0.3562921934277381
8897,0.78631459714284868,0.53968153037541788,0.5429548616281209,0.31057216097461493
8898,0.53915031748601472,0.088800147806887983,0.48045096573856289,0.26233658202235555
8899,0.17270334825209577,0.88086558995289965,0.56892657955711123,0.34418300278905012
8900,0.77379180802371128,0.7970605591371307,0.57447482750982171,0.33817909066048168
8901,0.14774774315800751,0.13501905625622021,0.47650291544670931,0.26511885892700859
8902,0.87939553013715199,0.96119346244652992,0.59554072306178618,0.35596964873665748
8903,0.9931820079386352,0.49842500802656869,0.54052294323924499,0.30639774757059279
8904,0.97874454347178108,0.17887653806583259,0.49871313871665379,0.27247186934288914
8905,0.95550351842493986,0.6077495910305879,0.55385863447570027,0.3180789512364382
8906,0.051916864333779088,0.48340062517236221,0.51620184452683138,0.3005111893146698
8907,0.23061398304622854,0.96311848550523871,0.58065775084702631,0.35353690730504628
8908,0.070570971684821418,0.34301241525738735,0.4997212601573911,0.28598801837263427
8909,0.086037410082423604,0.22745752426869004,0.48591261905526134,0.27411011134643093
8910,0.77649791725453698,0.33455859423984075,0.51656292143463189,0.2886813198924294
8911,0.73805372711134842,0.87020573269095047,0.58261481009715099,0.3459730325692954
8912,0.024977878976298964,0.97710726779311674,0.57310923955815807,0.35249276193174811
8913,0.61803467396664202,0.63592527025343148,0.55205844906710611,0.32052241969916984
8914,0.27266681205210042,0.13384508955714991,0.48023496599059645,0.2658862435065944
8915,0.52810985468126603,0.78732412679522534,0.56860284356164625,0.33648124046616346
8916,0.4845848739617854,0.60499484810695281,0.54540429661018242,0.31675580795062408
8917,0.17685023667494534,0.26966886479594976,0.49460075300192641,0.2793571800501099
8918,0.71047626018646404,0.99552530534131223,0.59679208159939379,0.35937186893620571
8919,0.29574181123079035,0.42163559576458065,0.51757386989715981,0.29623678917554369
8920,0.54878024648643342,0.2961367746241973,0.50770173522398998,0.28409644213511653
8921,0.73628307146759475,0.015187094844772946,0.47386339711193387,0.25513848840456194
8922,0.91889596026706277,0.71614264381899273,0.56679563488620321,0.3296825930473668
8923,0.72701848897446175,0.52067826473297318,0.53961772401290986,0.30843192133764441
8924,0.31331667072322456,0.93836164433575475,0.5806343446683494,0.35155293677814864
8925,0.0659713004578487,0.98660109066137813,0.57630129048159318,0.35413615798865644
8926,0.70172576084722527,0.027524471791868566,0.47501542786320727,0.25635557206250786
8927,0.69834469235920116,0.6268109924595221,0.55240662055536527,0.31974381548845354
8928,0.33457335555489409,0.72909433559264292,0.5565831829085216,0.32927790604792406
8929,0.56588426945585535,0.12433843487160048,0.48561753151355636,0.26610794052648362
8930,0.2440172631828231,0.060564872347645002,0.46997234993909742,0.25814541146541187
8931,0.48789842533919725,0.46888486181605843,0.52848525911984112,0.30222630772725856
8932,0.17946944318887548,0.046330918873485644,0.46620888175658509,0.2562501767169707
8933,0.17703207155630227,0.89655521083174983,0.57092205209483371,0.3459040661024122
8934,0.14297505138871494,0.27974347540455635,0.49466803231668138,0.28011509745491042
8935,0.5951784466445097,0.68375744124270288,0.55748624598199314,0.32558805592347834
8936,0.20804810691025341,0.54291532464205527,0.52980518292666656,0.30846357392749885
8937,0.35694360935223524,0.06351694579204778,0.47330011171527359,0.25905371833212082
8938,0.98326393318368366,0.73722804921568608,0.57021115628869801,0.33200735083645294
8939,0.49895975643537238,0.10451259772841587,0.48174676510943087,0.26384729243187677
8940,0.6656860565032694,0.0059805276566301472,0.47160827163817293,0.25406614390567184
8941,0.064285225131723578,0.89228476581528093,0.56543237985458739,0.34407210539575606
8942,0.084038023549213553,0.98531602590264522,0.57703687355398114,0.35425582683202317
8943,0.068425910521287006,0.43716592707041424,0.51127439886512194,0.295846728250312
8944,0.019917720944050234,0.1108177557241288,0.46852549009756145,0.26135400662608299
8945,0.24125889512969881,0.82268271029199236,0.56469762679249835,0.33860873658434454
8946,0.187561225452472,0.078910448864090724,0.47064332588419128,0.25965113320120875
8947,0.92929399971297244,0.84955060141774597,0.58307142169119275,0.34403166464777252
8948,0.025084971556405072,0.94792949896809886,0.569800756672171,0.34939369203157739
8949,0.70312706246842871,0.90683105066827274,0.58632521259293036,0.34983386136692662
8950,0.69537880962359488,0.93805037165569383,0.58984377725990766,0.35316901084160962
8951,0.6578524258323829,0.36138962604958796,0.51813427531632972,0.29130026357435901
8952,0.44072651695880344,0.84688446605053036,0.57358811971278911,0.34250059213548423
8953,0.81890339136131818,0.21764578548701249,0.50187635968941668,0.27638322656109271
8954,0.330982818752795,0.2957324626760674,0.50262270697295552,0.28314411197551403
8955,0.99267078565048295,0.17148821660402466,0.4978846763486221,0.27170646584734842
8956,0.43154892596908612,0.70673597918500886,0.55656466513538194,0.32742189058474674
8957,0.96923439852212334,0.45624481337232281,0.53484460049640781,0.30187008064653714
8958,0.70454667509623103,0.15669702346724226,0.49219160537479706,0.26980110171420463
8959,0.71859809684249343,0.5094588178851992,0.53806191663583325,0.30721514621183982
8960,0.18393367091702531,0.54997094737737207,0.52979996857704847,0.30900056615190996
8961,0.78627758093728917,0.59826905738540237,0.55030127251017014,0.31685032410142266
8962,0.17802653681567174,0.10529309026604751,0.47371909668260842,0.26229517029995653
8963,0.44430535939483673,0.84886560901732877,0.5739145628640383,0.34273050268219835
8964,0.58667784645395582,0.83751499039985944,0.57586747840729657,0.34207412044890578
8965,0.59958977723814322,0.17874956068816827,0.4933657500372059,0.2718829222607001
8966,0.28624106126694243,0.025245952012983616,0.46655359460643892,0.25476452919553971
8967,0.66605354271141115,0.31304903982066318,0.51202826636293519,0.28619208414979741
8968,0.43033473267253725,0.74410431058417303,0.56104985731470192,0.33142298623731914
8969,0.71039399261182412,0.86309132439108804,0.58128869003811579,0.34515080511065011
8970,0.75048542528530826,0.55099767523236809,0.54381694480410825,0.31172189678880857
8971,0.35759617980542829,0.18177576051143698,0.48866956263771044,0.27133330338893491
8972,0.67917761923080544,0.38560677404321031,0.5216147713006325,0.29392173758578544
8973,0.67849709831468064,0.6390608122863225,0.55357237946863214,0.32101318143435209
8974,0.036874432106211316,0.17601413447236411,0.47742727630391663,0.26824540815081066
8975,0.96156115777686935,0.82691833219149857,0.58079114977347979,0.34162919278961379
8976,0.43706299657243075,0.10860716129968642,0.48100478730656721,0.26405656712671205
8977,0.03701876001023921,0.32054417096307736,0.49546176075613196,0.28323627191841205
8978,0.32553220339742256,0.43830115270934766,0.52053230750276547,0.29818865565851249
8979,0.38832604446603219,0.79034804276704085,0.56546969693358062,0.33616283714332779
8980,0.2145066898927675,0.2194256943634362,0.4894684737443693,0.27440257025112158
8981,0.33896389415784511,0.88817530115830012,0.57559331221478938,0.3463519338361421
8982,0.5678088571914589,0.78257974329300928,0.56890259276004296,0.33611200121824003
8983,0.9983054394966574,0.21267977002313129,0.50341464362235722,0.27604197463914065
8984,0.20940814519446577,0.64640829444789571,0.54248491501561558,0.31949755759435089
8985,0.032887398873490743,0.83402051391749421,0.55710807806819784,0.3374075115145348
8986,0.2673819768448244,0.9148162867643056,0.57638601318571492,0.34868421143769879
8987,0.44993934385938339,0.11470061922037277,0.48207707606184685,0.26473779740177728
8988,0.95877029316317064,0.56504874468873023,0.54854189219968352,0.31350299665595016
8989,0.76034825466097111,0.10268927522216691,0.48585719858328896,0.26425354025200942
8990,0.3843679079872207,0.16125771234804998,0.4866652541569958,0.26931793580846003
8991,0.72269145583173955,0.84353260781659045,0.57917962401221224,0.34307535064206196
8992,0.11083835903956789,0.10425035757505102,0.47128450325447391,0.26162740779516669
8993,0.52991964743380671,0.6397509993017535,0.55071319218458314,0.32065252969764219
8994,0.31980683014047101,0.36905955235034926,0.51163873087120115,0.29081796311761016
8995,0.80399840781678222,0.43893969892292517,0.53042333915448103,0.29983156737125549
8996,0.93074403421367757,0.49182520260337043,0.5389122071618424,0.30563728700632731
8997,0.13983877182576107,0.36847080288325668,0.50567870646350521,0.28938987043381587
8998,0.18274614164648811,0.26595686991520928,0.49433315092210162,0.27901746626443574
8999,0.13674342665491859,0.25744517313811233,0.49162894488968994,0.27772918335187663
9000,0.21072836519711419,0.87727335980163201,0.56998519348466581,0.34417533908331543
9001,0.048205541503627318,0.36211265426370087,0.50111387955060449,0.28771985531770494
9002,0.28507710105985173,0.34355889986584665,0.50740862295938316,0.28791144155865483
9003,0.56501651331140901,0.3973818575225887,0.52103381318660336,0.29487861650771613
9004,0.29098055941188944,0.37569905055394631,0.51164749162543033,0.29134343862308471
9005,0.30109628102631542,0.5846193494775449,0.53799514145548233,0.31361100852560292
9006,0.68678991305337989,0.45738794694411339,0.5309234065074957,0.30158583109666443
9007,0.35590700460091468,0.99824951485936775,0.58884803041530853,0.35825280585520491
9008,0.38530564276579538,0.8500595310553094,0.57247016192251277,0.34254911394015342
9009,0.78463156281596758,0.2362674481195747,0.50384926302101618,0.27829640982835258
9010,0.24526914248712128,0.25001607155503008,0.49432571270432429,0.27781666386037057
9011,0.11567688108045841,0.51448738354990498,0.52278548833695571,0.30455363228493049
9012,0.21752878204189474,0.99124195218257383,0.58339102825344558,0.35642164692802714
9013,0.070708265639992898,0.53661489573431909,0.52354736462035822,0.30636966302869145
9014,0.68399429966491887,0.2947483985879808,0.50995159336479146,0.28429350352331867
9015,0.59587388390592533,0.306624054475443,0.50995584247356673,0.2853404930747242
9016,0.23124008834912677,0.99059909208241159,0.58382841558947496,0.35647995145615591
9017,0.01218701228905702,0.035229924625845163,0.45870804813712523,0.25357155203701537
9018,0.70824314168720748,0.15153852966615233,0.49156706319541321,0.26926794239886281
9019,0.17933655180848437,0.78440765146290647,0.55787597096766928,0.33394689663548227
9020,0.8701345286462806,0.025798765904235188,0.47701091943605212,0.25640874439472078
9021,0.59179023215217752,0.75560879470844522,0.56615433898079015,0.33329221717154078
9022,0.27934543260309147,0.67854867782454242,0.5487671124203588,0.32349183300204315
9023,0.088123247280472425,0.3666184053888894,0.50339354733250052,0.28866051942969817
9024,0.11723104388696376,0.69669116392302088,0.54490272156226049,0.32392313586704152
9025,0.60223626724103241,0.72478071140703981,0.56263125301095385,0.33001320863468098
9026,0.44747703079535861,0.1157793643510784,0.48216566268467559,0.26484084391149293
9027,0.98092688266584882,0.97389903103787234,0.59840940108354612,0.35743276901586524
9028,0.68324261978260481,0.65480510889211441,0.55560077175135802,0.32271365441056254
9029,0.6695765152810258,0.57911133425993622,0.54596581744181572,0.31456442574698773
9030,0.049609247906750538,0.21801668637188851,0.48323154616179798,0.27273147158717936
9031,0.66888380742481679,0.89944390285004638,0.58482573159999507,0.34895923008376517
9032,0.83978980465651254,0.2290998751232517,0.50366494230552106,0.27761721688697588
9033,0.96249099072887334,0.41774977561043342,0.52981441571453969,0.29775647334122496
9034,0.94592744433105702,0.21334414073204391,0.502908182757831,0.27607011052499814
9035,0.27346494892615597,0.34057039853011956,0.50668444380364053,0.28752086812486077
9036,0.6511622413240955,0.1653110606025788,0.49247984400387673,0.27059590087858998
9037,0.27892482033608251,0.65199340507042369,0.54553336419761067,0.32065065765693362
9038,0.35283474888602506,0.67628678817554611,0.55073338395598626,0.32373638943861111
9039,0.21627807862953052,0.03473684585046722,0.46583789195234876,0.25531868936596469
9040,0.82938646888850487,0.38344750927946297,0.52365286264243094,0.29395517590888226
9041,0.46311021521893564,0.99294205406609692,0.59119917757084128,0.35827364488289981
9042,0.62808522873552286,0.9749691771135317,0.59285048804648,0.35695842968255564
9043,0.31293694356429624,0.16088894066273934,0.48482131861401973,0.26892570346068795
9044,0.74653769710735651,0.5728544160362683,0.54649482664021687,0.31405607671829966
9045,0.86780756403846904,0.32418445169505428,0.51648962452328173,0.28770736469929153
9046,0.99350303875223045,0.34084138609321091,0.52020855989026638,0.28959665438457688
9047,0.88238761718369796,0.93599118819207661,0.59263907748889122,0.35326732982648584
9048,0.38939289886687184,0.47792184497007406,0.52724120550533238,0.30275225397336397
9049,0.89042427733697704,0.16102247934698827,0.49530991733971519,0.27051836754009534
9050,0.70761770442695127,0.17458070877582069,0.49459685724987712,0.27168065513379724
9051,0.32004180044907843,0.73508146575187572,0.55686376721153874,0.32982449619298165
9052,0.079321884944976787,0.81350052061813183,0.55700626861426983,0.33589071208111504
9053,0.93830085714393063,0.14691740402869183,0.49400360962502832,0.26908622798063203
9054,0.64126358826862417,0.63613266112351552,0.55252752282756346,0.32060727313174431
9055,0.55169496458595391,0.62056554419152676,0.54881690538840666,0.31867203194758437
9056,0.55372157575868775,0.65377675114512679,0.55295150521137404,0.3222393035650522
9057,0.32561287686674623,0.63238146268591522,0.54458832747242758,0.31887217224421843
9058,0.83803845516050945,0.45661043023940873,0.53317364369114217,0.30176634173147082
9059,0.23923770838462516,0.032968303663993719,0.46627280175392127,0.25528389569424698
9060,0.79521699385066746,0.21078298800742487,0.50064685441480306,0.27562772512619976
9061,0.40453753651989394,0.68961266146810962,0.5537815496377948,0.32545141475852823
9062,0.13756284337303368,0.24700708978489277,0.49034207026164678,0.2766481885683057
9063,0.82189470904619677,0.80066318168739103,0.5756663883704729,0.33864453448790388
9064,0.00071493284170283009,0.32372158481002555,0.49416263532923516,0.28308696345428302
9065,0.39620108285701133,0.25371400369902841,0.49890117633085379,0.27905162905188674
9066,0.13308872814805944,0.98134861209398372,0.57883247367804513,0.35446501410362025
9067,0.61219822262827084,0.11765262961440022,0.48555058516902849,0.26552814925961937
9068,0.73521719719056278,0.59371443331009943,0.54891659199346821,0.31627044092166279
9069,0.41087578865344404,0.86581881295308705,0.57503320777312039,0.34438005120814791
9070,0.52619986738342561,0.28991328161709246,0.50644699212895261,0.28336790586020721
9071,0.50470349786662272,0.84453876725555166,0.57488575158606836,0.34253325834882004
9072,0.36341865791581801,0.30402363614124478,0.5045388259657646,0.28418960743615668
9073,0.56683835946371552,0.02565203859381145,0.47261222204888031,0.25587527327595611
9074,0.72403257470022664,0.64706917979867429,0.55535422887696839,0.3219716707596319
9075,0.50701477129397676,0.97446347271978162,0.59014836837966045,0.35648563736836569
9076,0.88367420786678563,0.070101979226956615,0.48310825557407527,0.26101762980696713
9077,0.2509867751698126,0.16851486126006349,0.48407220229450215,0.26935135627985501
9078,0.40870921152749801,0.23716851067872488,0.49706645814981903,0.2773692750675254
9079,0.91257022224817197,0.69621917218588059,0.56426513806629297,0.32753530805831738
9080,0.099912408217263882,0.4964856127464562,0.51992067264009389,0.30247368058339841
9081,0.89618859172085064,0.31790096725024053,0.51603865230250112,0.28707306736177979
9082,0.38240644667466406,0.91760749415889153,0.58030736651710169,0.34977497577736888
9083,0.40713505889532392,0.20612775004495634,0.4930171358202548,0.27410736326572704
9084,0.029020907906175127,0.99495798346410735,0.57534507420632097,0.35445563543659597
9085,0.13187445749858162,0.92479073415106405,0.5723019576148991,0.34841763387126728
9086,0.93947604441685839,0.2851724815269816,0.51229321252062909,0.28364858542471511
9087,0.69093569193604643,0.46137956614136932,0.53150180374471667,0.30202080683661386
9088,0.019206109357310926,0.88748021596312765,0.56256796324183655,0.34287350520391496
9089,0.45955955893724459,0.85540902246233308,0.57507550889814474,0.34350465834668564
9090,0.33540622657689967,0.16499291416947964,0.48593813566035204,0.26947187820749197
9091,0.53014767315260836,0.57685603806223962,0.5429386675040434,0.31391625205867774
9092,0.16692947222673102,0.026425635014835282,0.46325845136991706,0.25412282847397549
9093,0.067616637819923928,0.83957772729279245,0.55948973276365543,0.33850758285991889
9094,0.080683331652812204,0.13462434215439717,0.47400119862466117,0.26445992857187045
9095,0.64174241456341696,0.10478380054574227,0.48434326166567621,0.2642543226132727
9096,0.17870187782522989,0.95320664634491559,0.57752595869055934,0.35197268307978929
9097,0.60266724030541952,0.15166839416633593,0.48986474349040399,0.26905599249884699
9098,0.32422702691444427,0.95867058786792914,0.5833262182002793,0.35380423003780354
9099,0.1337974024886382,0.16199205682029716,0.47944311576520576,0.26778566476089927
9100,0.64597026472986907,0.039968091229267887,0.47582311055471921,0.2575360723887295
9101,0.62516190489475842,0.91833995310555916,0.58619604443898721,0.35087139675888535
9102,0.73398270296201806,0.63678267035918545,0.55424874462032014,0.32088761182173814
9103,0.47912278358434562,0.82219135281284106,0.57162087258650807,0.34002698617324062
9104,0.65218711274160301,0.13259966340166282,0.48818653534934181,0.26717730066232759
9105,0.5211781155172619,0.73980203868449901,0.562724396837327,0.33135327285139654
9106,0.24075031290579357,0.90707146503267577,0.57455341663420301,0.34763285735435218
9107,0.97849063431018735,0.77951034916312212,0.57529376513072694,0.33654782339054762
9108,0.7803022900558193,0.25515032718925507,0.50626400310521924,0.2802819707916715
9109,0.84926530640848219,0.39586436092754596,0.52553121651327195,0.2953034411264977
9110,0.52721648862865989,0.21426551547750133,0.49665438742955181,0.27540472660963466
9111,0.20585325559551129,0.46715235635415886,0.52036786574677063,0.30040216780937329
9112,0.6526989988966031,0.53506139814347264,0.54014502494723471,0.30980722952759232
9113,0.94344829543434316,0.23222232697788861,0.50537348190038855,0.278057492642246
9114,0.32272230634588056,0.9816076849753852,0.58591832128732102,0.3562493872578652
9115,0.60442496726618855,0.85343779426804978,0.57812543296044105,0.34383960006941106
9116,0.53458629530066393,0.9661214574015351,0.58982566135291259,0.35569984494986667
9117,0.26907011934664332,0.9543615428754012,0.58101695442088008,0.35292949727178241
9118,0.074567856540030328,0.39419921398150037,0.50623973049399951,0.29140165581239158
9119,0.78844240328985038,0.1799815243593301,0.49648985968743276,0.27238060472303499
9120,0.76114396923411409,0.1200980634902022,0.48817974400349434,0.26607063076729515
9121,0.72664913922994168,0.92276839910311403,0.58861402845851818,0.35159649729512321
9122,0.56912329638964732,0.87292027156093388,0.57969140399362262,0.34581930391189786
9123,0.93178423921548537,0.13182237394441618,0.4919173147094445,0.26750041901604887
9124,0.53359273948158381,0.97830509594510084,0.59121210139906255,0.35700290700027837
9125,0.35441701894776195,0.60309904789348379,0.54183474756197103,0.31591742724688576
9126,0.94989010226527471,0.013700088560895529,0.47629246245219509,0.25523074996751582
9127,0.53488263986703244,0.58017537356190152,0.5434534158599208,0.31428819884379305
9128,0.40984186624932339,0.10250148983184482,0.47960845159912868,0.2633158223031995
9129,0.27564032330060145,0.56944517957364438,0.5353349858253259,0.31181650018792728
9130,0.40125835345677335,0.30959769265354847,0.50620136916901115,0.28496060175269372
9131,0.49319019884803567,0.87041971543385888,0.57767255535018314,0.34526408951910464
9132,0.19516896758006189,0.23438764430795567,0.49074606700820056,0.27581797240001787
9133,0.77664478859476516,0.70424311143317031,0.56325224023262199,0.32820972399200571
9134,0.78069922410974979,0.18594672627992695,0.49716917636002828,0.2729954545392807
9135,0.1290116076562903,0.77009924565580445,0.55413004821317791,0.33188124368401467
9136,0.98554651304030561,0.92197939790397654,0.5923944957584969,0.35186252054192868
9137,0.66992343736492332,0.55820308826611142,0.54335780969846537,0.3123257096717203
9138,0.19820716700284977,0.61489756729585354,0.53825324424445242,0.31603891465628575
9139,0.38893121275784215,0.41427914696995866,0.51921603106617054,0.29598327369670036
9140,0.45697078643954592,0.3361665807753918,0.51091438683469326,0.28800738288662714
9141,0.40057844132852044,0.73093133686367651,0.55867708757451229,0.32985889706887894
9142,0.13026712464751908,0.55899113217206908,0.52882331180985098,0.30942835839341032
9143,0.12696041743726239,0.62091433733118462,0.53620661185074703,0.31597017131622707
9144,0.69144983418298656,0.14273704608964036,0.49014711947378142,0.26831584355505517
9145,0.65544035649631405,0.90484652329544779,0.58520575392907725,0.34950518483440329
9146,0.55118404854409164,0.066288746572600213,0.47770460899048434,0.26003527317803327
9147,0.42925901506919184,0.77853220533003342,0.56515670787822003,0.33511057233244179
9148,0.40158812920277709,0.072404014473257131,0.47549296958425707,0.26016513116532897
9149,0.54224417253962021,0.44310974136610748,0.52639497902749166,0.29967333084447928
9150,0.49470350722431905,0.90429342448845274,0.58169014402839492,0.34890617335778867
9151,0.42082208322737136,0.99282956400137634,0.59007673570076702,0.35805056878117325
9152,0.70525156591184213,0.95615182916388153,0.59213375338727348,0.3551348501455947
9153,0.13212900044802808,0.94933086903431685,0.57513179109046209,0.35103859923086816
9154,0.81853112795104976,0.77641646777262219,0.57269007647223724,0.33603330275530829
9155,0.80962758831958059,0.79001983147746657,0.5741953437293803,0.33748178913639054
9156,0.39705382659769384,0.053104812165151817,0.47286849882148868,0.25815344353812886
9157,0.71213379742020044,0.94033057901511208,0.59041261261328171,0.35345147828528317
9158,0.77218256395695495,0.97850756345136325,0.59588937777037632,0.35766884627296763
9159,0.6003649648393854,0.30260618325489341,0.50951870720399384,0.28492747365551147
9160,0.89748717271023204,0.00065476954827317971,0.47395323149405266,0.25383801522465543
9161,0.25659077544786268,0.40817627408503321,0.51468720044680749,0.29454715531991887
9162,0.44005149870152821,0.81800264219794194,0.57014554818109942,0.33939822435817146
9163,0.89291208111370213,0.9226285148933181,0.59122189484306664,0.35184453306957669
9164,0.74536916844066003,0.44878845496961151,0.53078958984469837,0.30078499432064165
9165,0.75990395465063632,0.42027139889941317,0.52736861183456585,0.29776960956546333
9166,0.9482816712945118,0.22133305295844333,0.50399197910440485,0.27691378873796163
9167,0.58721408630759697,0.28875108088679846,0.50748123415905411,0.28342730215380429
9168,0.4158072013819008,0.71722450953117811,0.55742665494052979,0.32846843764649541
9169,0.92525221699309768,0.49137754337628142,0.53878484926730963,0.30558395540884947
9170,0.13050394773617155,0.42082805318908068,0.51183474272520202,0.29481190530693119
9171,0.84905103543327431,0.90517813773754752,0.58852768200649619,0.3499152636228442
9172,0.62743027886302449,0.63007050742885329,0.55151604737515703,0.31992033188009861
9173,0.37589318339895689,0.99623328428001845,0.58920692465234414,0.35816096685137044
9174,0.15611546603696189,0.92224066222073742,0.57303967000839862,0.34842322907786988
9175,0.6739265550915734,0.1344633415339864,0.48878052986944964,0.26741686143828641
9176,0.9249016998371925,0.96683523129335369,0.59684097273002457,0.35662527444707437
9177,0.323049717841635,0.48707983907136371,0.52656755770723329,0.30335764555164635
9178,0.59061057126336969,0.31023177843346494,0.51032462499582043,0.28570792222250657
9179,0.56339886881114221,0.74729398061713448,0.56455618480778147,0.33230793502693051
9180,0.17658625977205811,0.93653984807851964,0.57552484410163507,0.35017051764076917
9181,0.29445923280225839,0.42338411253885133,0.51775538400931276,0.29641389524953915
9182,0.17171249671051048,0.37618071169437611,0.50781998450577226,0.29049534387452769
9183,0.91241307240644243,0.001293352596240584,0.47420856985444859,0.25391766281640715
9184,0.59165886177992211,0.43392575898260111,0.52621327815339469,0.29884624647843527
9185,0.44790648150203055,0.72425851630057447,0.55910119072150311,0.32937822344219164
9186,0.87588344078873048,0.16872702525538627,0.49615247601853979,0.27131085341647687
9187,0.72947090631463807,0.45216423968627356,0.53096632512531849,0.30111556126100719
9188,0.88920296187637138,0.054743519764707892,0.48111769580259856,0.25942782491575322
9189,0.91493212497484644,0.011206332409603056,0.47557043036346852,0.25494351231733181
9190,0.91456836693406807,0.3628555819969741,0.52212149816896469,0.29186622694223568
9191,0.54906970017148415,0.92362117688840961,0.5852082150096326,0.35119290037068163
9192,0.48248572960001185,0.92458970682657105,0.58376629977683592,0.35103154580964258
9193,0.004290408228884917,0.65789985486503,0.53490303811680961,0.31827056799237191
9194,0.50469971210093945,0.98367308021789657,0.59115625816772743,0.3574636440629162
9195,0.92822820836027387,0.89967961140436825,0.58900963995283229,0.34941710537478332
9196,0.73718651666514345,0.70372236530132359,0.5625428193992883,0.32808099999675566
9197,0.12526777950312243,0.15303965436838335,0.47800081338925804,0.26678406785830311
9198,0.11258868527103914,0.69246924572460122,0.54419821913764654,0.32341957464286092
9199,0.87463399753078119,0.300887206616404,0.51353942268745123,0.28524562520537622
9200,0.13829441369062989,0.81959503450250482,0.56035213392279526,0.33726688752087852
9201,0.83395318942271413,0.98125869441175606,0.59719477650130437,0.35806341027186356
9202,0.53492646060594129,0.78350438988435789,0.56829739933204848,0.33609633812948314
9203,0.37186218732664128,0.34793029571826339,0.51035883051434172,0.28886794221824019
9204,0.058268964020477147,0.62321230768266833,0.53344537651815216,0.31538053509466502
9205,0.84389488844453597,0.78896863416651031,0.57458893678002065,0.33741914407136037
9206,0.46206678169901716,0.78299698870725698,0.56652407452300002,0.33574478745046982
9207,0.14949690465218154,0.6713511379898176,0.54320849755535383,0.32158010742508109
9208,0.79214266067881833,0.46607202840707035,0.53371367221133903,0.30270947930342779
9209,0.88244462727872897,0.9615666171398829,0.59562838261784479,0.35601335765078562
9210,0.95267061735646563,0.71534045534533219,0.5671432168650713,0.32962930047212552
9211,0.49056777933820855,0.36059439400912963,0.51478690452080322,0.29072355984012854
9212,0.4633520514209406,0.86832309693199361,0.5766946103354319,0.34490801217858086
9213,0.013658445780735929,0.43445855616516199,0.50840323381031693,0.29484600811722206
9214,0.23679739552572138,0.63947278500596305,0.54260958573616958,0.3189894869032327
9215,0.63356665280960733,0.36007801065655659,0.51753857825219618,0.29110311656602683
9216,0.70368438634722263,0.56713182220928138,0.54506519625477523,0.31335751371767867
9217,0.42762324931608747,0.49985340316767107,0.53095831389270221,0.30527383198636915
9218,0.55141146361710269,0.57675113358719976,0.54337903464725612,0.3139780270867254
9219,0.27430976131377977,0.030153788298449946,0.46687429045537565,0.25520192904485356
9220,0.45377704257433071,0.47813153368196221,0.52886402420208833,0.30307373885070349
9221,0.98666290487422381,0.77622741298280884,0.57499906390066546,0.33620145547247343
9222,0.47288352950297996,0.34169567841243698,0.51197928522208114,0.28865490074509526
9223,0.6817565862120013,0.62278797198637625,0.55161621297468433,0.31927506375853915
9224,0.4579639035633416,0.79385316404540796,0.56772078990430863,0.33689115350048243
9225,0.39087104814945489,0.19674679230026668,0.49141867929746003,0.27305375755577477
9226,0.68382551000468672,0.89766180376793492,0.5848943771012618,0.34880428444236239
9227,0.056724710380949547,0.32350566734230379,0.49670088901247977,0.28378617871375889
9228,0.66802420890618819,0.58408935619202684,0.54655906558173539,0.3150941367266995
9229,0.46239275368679084,0.19610948340260656,0.49295676440689984,0.27327938861785628
9230,0.87477250918295468,0.08785980252976297,0.48537485918318707,0.26285602169537214
9231,0.51454255530015802,0.21876349154330094,0.49698720064984442,0.27583665623448739
9232,0.47873254205569393,0.3819130744858063,0.5172496698922836,0.29294039399234967
9233,0.45918503813269779,0.76871216000056597,0.56473972323215305,0.33419885681110889
9234,0.7616286675549695,0.18045891670723213,0.49617387468399282,0.27238995238617092
9235,0.70169767654259918,0.65964266004621752,0.55652251566336908,0.32327423665949295
9236,0.0064052045615972022,0.60296773980202856,0.52845357121495762,0.31249252593880977
9237,0.17627295426916098,0.36188831916478231,0.50619325746529165,0.28903016357577643
9238,0.63502459994676752,0.24474268038385782,0.50261573989830266,0.27890480632433295
9239,0.020845980685378893,0.15031119721316502,0.47351581845476776,0.26541147472178545
9240,0.26553850815136687,0.42138513295055602,0.51662424591292888,0.29600844194775505
9241,0.88354226534244373,0.8990433236258919,0.58830965542266078,0.34930008148365632
9242,0.69371841416690727,0.22763399424290984,0.50135030611866283,0.27722917201390951
9243,0.71553225417562061,0.16950554652457359,0.49404858290488801,0.27116303661146945
9244,0.025818904317019043,0.11818105476325146,0.46970155940824204,0.26217653104123367
9245,0.027122394174325749,0.17333198126995703,0.47667131194914047,0.26785376941857153
9246,0.74445223303107788,0.18984950831251918,0.49716222802423399,0.27334791141169346
9247,0.02065342031404143,0.93173345486597403,0.56771656983565311,0.34760006344822814
9248,0.18386075602347265,0.09305202851531795,0.47233897230584748,0.26107841086089939
9249,0.82879535870462429,0.22857328753533074,0.50344869222520228,0.27754755200016956
9250,0.031047528163192329,0.10727814314233838,0.46855321391167565,0.26112136578880557
9251,0.87730168184010549,0.32229299165442354,0.51636777690190405,0.28751783831742583
9252,0.7326616510422318,0.65245652351848549,0.55616482791109167,0.32256718297678777
9253,0.42815056415816072,0.30604692952054319,0.50638896350810192,0.28470505047252886
9254,0.68798973099855942,0.81825912787913113,0.57554459667198987,0.34028264877620207
9255,0.85096842139704387,0.37981317866313041,0.52348220614638208,0.29359702670321364
9256,0.46116167994068236,0.62853225186608042,0.54775083251685075,0.31917774422497625
9257,0.7202450161477435,0.83667213423206699,0.57831908960422229,0.34233294828168959
9258,0.74552732271055,0.72815885036495753,0.56566623753785761,0.33072240463014824
9259,0.053419820083363448,0.077001369381661064,0.46565369474885415,0.25827357064193279
9260,0.91186421895656977,0.51219575643645365,0.5412580908815946,0.30779708645159909
9261,0.79906860066271623,0.44795087335746503,0.53150352103819287,0.30078559460391796
9262,0.45905427121132381,0.5068982994252933,0.53259961787396337,0.30616390228252749
9263,0.2889096480036038,0.45164838948777181,0.52113157487470341,0.2993757677505241
9264,0.22041343806890074,0.056911998490535194,0.46881711147869493,0.25761929740616601
9265,0.34970869024432033,0.69268932309135556,0.55263302657770175,0.32547356299560753
9266,0.52927249081897321,0.059174753625725864,0.47636445602012834,0.25923727477729586
9267,0.57192880135601165,0.059340726985002409,0.47715685114346884,0.25937040419361596
9268,0.90095465270840802,0.81503368077002236,0.57854870845655249,0.34029191623409033
9269,0.88164869708906635,0.56576400221105438,0.54762013526500541,0.3134999661209833
9270,0.76433579220235126,0.032415759392024485,0.47655019699824874,0.25696161645737287
9271,0.1251197816672153,0.4136571332231746,0.51073336453074314,0.29400126067089727
9272,0.53875889434019342,0.28115195066599408,0.50556590291804426,0.28248294181506906
9273,0.38556576265034964,0.02273830101460917,0.46863815572446454,0.25497933195343336
9274,0.14239372060467723,0.12366262166615342,0.47487180767620057,0.26390231749525084
9275,0.64701596586493548,0.25287125316892056,0.50388126584393556,0.27978948503591106
9276,0.18611249042215061,0.72390053994638148,0.55094367313175552,0.32755227528937891
9277,0.385246364101267,0.014786877332732548,0.46759028020450283,0.25416121726739888
9278,0.92477070130951478,0.069149468545976561,0.48346036048786611,0.26095799477276527
9279,0.47194550621398962,0.99690469748607136,0.59187778793033363,0.35873929547431949
9280,0.8080685884900275,0.39593387667177016,0.52495968977004981,0.29525396581063373
9281,0.41759160413391661,0.49796907040724764,0.53047287407567623,0.30502617098094897
9282,0.82825163717326944,0.14629382039423799,0.4925673122478712,0.26890340213285902
9283,0.41468192154035205,0.61023201539340666,0.54433891547734381,0.31700324331287344
9284,0.246777489092981,0.70627948173395128,0.5510274812685847,0.32620552113610013
9285,0.3400370957333711,0.77892249296769733,0.56271701769330407,0.33465055902779695
9286,0.17647961011208829,0.70824560418232585,0.54870063235712918,0.32578781442966309
9287,0.85360786374671149,0.59842622435755333,0.55132207299116598,0.31696673600819991
9288,0.41158937566551612,0.40800889635506321,0.51899249173295159,0.29542644674299134
9289,0.61746026925774067,0.99678817096488781,0.5951562891920763,0.35926817237828851
9290,0.61165413713789318,0.4039997248649248,0.52277408789065072,0.29571522548303569
9291,0.045721579472103625,0.77250610528608088,0.55057464376027221,0.33105969816928993
9292,0.87662394140019317,0.4620959565454279,0.53440791421425304,0.30240125398097273
9293,0.78594856380805145,0.0067696899004629817,0.47340871497724285,0.25434209606529518
9294,0.98585653861620226,0.49241506009799196,0.53966938809457898,0.30574924130692388
9295,0.94112862552342713,0.32629875363154576,0.51769336981375902,0.28800884299040147
9296,0.24493965366365156,0.50752305872129511,0.52669788258607408,0.30499854451603298
9297,0.025260831448913085,0.56527764084764065,0.52487465139143075,0.30879006947744542
9298,0.85891154733834552,0.95366425810555233,0.59436178567289299,0.35513564744222653
9299,0.69267706247334138,0.75216746434272508,0.56767086082337093,0.33319139205974407
9300,0.84684486027535744,0.19768634965630483,0.49961508717080838,0.27431885373211773
9301,0.32697715031775881,0.19247853353790706,0.48926660631622082,0.27229464966494432
9302,0.54914497237129833,0.55369128076493512,0.54045748911748892,0.31150270799295932
9303,0.40006716148314303,0.93908057728110583,0.58330097152439842,0.35217743249072375
9304,0.911409517252876,0.97561879508198479,0.59767562568505572,0.35755412242756834
9305,0.12277570366758156,0.52542823523901172,0.52441691009034908,0.30578930853541403
9306,0.84000571550837488,0.27641226444536593,0.50987954339690611,0.28261280122697818
9307,0.95122528582779931,0.72538886689945359,0.56835510145611334,0.33070773079052967
9308,0.69700502094678818,0.40950974180424821,0.52498141550205679,0.29650353995946649
9309,0.98412641449893135,0.70135598193538606,0.56582578439054132,0.32815354811261843
9310,0.39579946157467788,0.010357762671227101,0.46724473086346185,0.2537494605518506
9311,0.66332847155152119,0.1970266792585724,0.49684705038496851,0.27394820386631696
9312,0.00066323594687273731,0.25185293890734906,0.48526363237136577,0.27562442573088147
9313,0.19030149661522591,0.0029044680083985443,0.46096280091314179,0.25189259070566239
9314,0.44965322268769381,0.67885179112715421,0.55363066515996362,0.32451779569282507
9315,0.38631772630998168,0.99345443707286618,0.58918851955344365,0.35792528416295288
9316,0.0663823389429017,0.13407829963098047,0.473370723986902,0.26425646134635289
9317,0.1267284843396512,0.93242300921574939,0.57295478825391499,0.34917026611248303
9318,0.39227292189194124,0.90875830876732955,0.57955440870969999,0.34888292570161794
9319,0.12774842816720483,0.49009717058920071,0.52028264236036692,0.30210107953720139
9320,0.002506635117426049,0.49400837469658587,0.51510708150916784,0.30094163174729899
9321,0.095992685222590815,0.63745282788797053,0.53687666389428246,0.31737122635387438
9322,0.78996009002275536,0.59878768466148757,0.55042291300278623,0.31691198236320528
9323,0.69910395526975633,0.11915723656251795,0.48714713114245273,0.26586743604311913
9324,0.080794922968267943,0.042495732146839146,0.4623411937458255,0.25503102413922146
9325,0.58117281748052929,0.67386836425639929,0.55599019772281499,0.32448381641939217
9326,0.53416353007556172,0.19819847120827763,0.49469635478727786,0.27374006259376193
9327,0.92206623525187614,0.045066482966055629,0.48020015981055186,0.25845485554890524
9328,0.39872736125424274,0.93386229274052901,0.58265781223348867,0.35161057205295643
9329,0.41361903324889721,0.55596700713242175,0.53760316020276577,0.31119665885631553
9330,0.69158638594475341,0.89061483669107555,0.58420622524400978,0.34806555277745083
9331,0.20189291846564739,0.0086434033218189144,0.46204980346056118,0.25255662741740476
9332,0.16006076831620886,0.3201447809612728,0.50037290501823273,0.28450059749473644
9333,0.5283467148613068,0.24773499120228226,0.50102805148984819,0.27892747182576572
9334,0.87153331020321934,0.81294016411799241,0.5778800820823089,0.34003213992529602
9335,0.96391238125179668,0.95963930385293206,0.5965266062691007,0.35588866099889849
9336,0.15128158981160961,0.014529810848634224,0.46123048245629444,0.25279094543499425
9337,0.86278006484064973,0.45472330079333628,0.53327678131615175,0.30159704419138023
9338,0.31718729498082543,0.8834064382897574,0.57436206093568154,0.34569404618477784
9339,0.30347828111263225,0.48222521522579481,0.5253879214661229,0.3027188697314499
9340,0.87258425437492559,0.54404212678548647,0.54475951732764882,0.31116175511430194
9341,0.71744608945430954,0.45911499618767992,0.53165629592754748,0.30183394689988052
9342,0.072618039049289651,0.73497438161637396,0.54745112013443131,0.32744301487655814
9343,0.86983460819503522,0.91853915629395055,0.59040828471933959,0.35137763521261706
9344,0.22449248156807153,0.75106101246929025,0.55560769513865915,0.33080513434134423
9345,0.32208607311384985,0.068577410061995039,0.4731027199949,0.25940792728584006
9346,0.20732248618892629,0.70513247027719628,0.54948981742622116,0.3257460886070157
9347,0.77259197615062591,0.38315031921371123,0.52278944940076377,0.29383807628898123
9348,0.52517258846332548,0.59263706622427559,0.54478964281381415,0.31558788971513285
9349,0.062558655469084623,0.32457518376087535,0.49708597272557742,0.28396672677657153
9350,0.26279641609404936,0.29936966208704979,0.50113803931520717,0.28311232297995348
9351,0.95751277203973151,0.86665909279464981,0.58548621239256549,0.34589658589838623
9352,0.60043570190753093,0.1699462634671596,0.4922260278336365,0.2709628745073297
9353,0.88319177634351664,0.0015129424917395228,0.47390359802135334,0.25391273674657383
9354,0.31700699567022966,0.86546215936964155,0.57225380532895986,0.3437704021171194
9355,0.41951838024054888,0.47651783179197232,0.52783098960066821,0.30274925179831952
9356,0.36087549758559329,0.23585990854684497,0.49572884742329199,0.27700908309301731
9357,0.79801313722055645,0.97131622275508711,0.59547627120064994,0.35694125012523198
9358,0.41228051081035522,0.27282953618754402,0.50174664245546685,0.28113440849277799
9359,0.21162033340643394,0.35740653685090362,0.50684898700177994,0.28885003299648265
9360,0.58962149373173012,0.97350170632126976,0.59188890887345669,0.35668413015888911
9361,0.095075713492033545,0.2045553661950282,0.48338534390583704,0.27182707881115453
9362,0.32056000194136286,0.11515513823513175,0.47910684175022988,0.2642160185126296
9363,0.57758420334098626,0.36625682872860926,0.51729394541829055,0.29160923147091716
9364,0.9670628244094901,0.83966172068292511,0.58238925516114937,0.34300350944335256
9365,0.8693398269239464,0.14028251784140011,0.49229396950951942,0.26832306756142482
9366,0.8995955204152154,0.61853137044300099,0.55447121000593813,0.31917949225680942
9367,0.48288383860961764,0.46568656956729249,0.52796896562310558,0.30186600753895815
9368,0.22945854948760244,0.94319831594560533,0.5783233967869168,0.35139670842121334
9369,0.93234777396208379,0.1841029881445109,0.49887586999818728,0.27298195163211003
9370,0.054969008965569083,0.53468878727470304,0.52259349892892726,0.30596490590132797
9371,0.68245704588295197,0.71249302777465207,0.56266275637396257,0.32890569488067306
9372,0.96900266776267685,0.64266489371700453,0.55838098437311035,0.32183784686958561
9373,0.95737525896752484,0.12857415910478451,0.49177562163752397,0.26718261428276358
9374,0.53903644595762024,0.42594868611925052,0.52414938530171606,0.29783539251568508
9375,0.0046729675981099722,0.6305218363688212,0.53165998217896093,0.31537929621388727
9376,0.087655806534050501,0.89010650839857985,0.56630318917038402,0.34416282671895265
9377,0.97696158152994472,0.81866083489448072,0.57999799881959913,0.34075457908098905
9378,0.20175783936065855,0.99218163994407527,0.58289547378321949,0.35636967204875081
9379,0.11045721702858573,0.40878323757400503,0.50954289419262222,0.29333510672172869
9380,0.37484178863685813,0.40705125595844588,0.51793779750564439,0.2951450658052136
9381,0.48420183440366527,0.65402476925899977,0.55142928650086875,0.3220064540539046
9382,0.34021545033712175,0.093849120659835181,0.4768397437521994,0.26210867088313272
9383,0.38217149552643537,0.83133521700458368,0.57016889615674482,0.34052330998188585
9384,0.85666626834577186,0.33768547200189203,0.51809827871186676,0.2891266095862976
9385,0.34071885554838227,0.057404702878568789,0.47211219448323333,0.25834749047719346
9386,0.026459900042403024,0.63199003406789855,0.53295141178131389,0.31586491716371601
9387,0.93294088792201368,0.47912794542593184,0.53732117463456419,0.3042819606280141
9388,0.28560233628567078,0.16571262971075484,0.48470084757204601,0.26927312006739673
9389,0.44135409965241562,0.66927576821913248,0.55225556989896607,0.32345328888246883
9390,0.69114831011801725,0.32869921921388012,0.51447370636238332,0.28790404413416276
9391,0.94846678461931877,0.24485857529964997,0.50709932395338819,0.27939521827544161
9392,0.84308143161971827,0.1059704314093222,0.48739710998965391,0.26470786582394346
9393,0.27990620181955167,0.7359867745286901,0.55570369496591931,0.32963924602641742
9394,0.37465420527303361,0.028891127772408074,0.46919518379086417,0.25556579944317864
9395,0.16029963636127068,0.20967898789482425,0.48642834696598408,0.27296114630368551
9396,0.83014851066725104,0.24410619727504673,0.50550939069760148,0.27918732550514097
9397,0.8731170610422152,0.92630060502785494,0.5913680970782671,0.35221535343765537
9398,0.063669989935692867,0.091865027942380412,0.46793530903992919,0.25989936960245114
9399,0.83007523255118876,0.49738981611343336,0.53825504608865016,0.30611297481075561
9400,0.4599790140010766,0.53691975757899935,0.53637452420719633,0.30937308054716817
9401,0.087247536339296494,0.76910910464384363,0.55216321072137464,0.3312676284818652
9402,0.73062934605811025,0.88583536816878483,0.58433643456123097,0.3476373573761628
9403,0.14432860833766173,0.079204155123943937,0.46926939775333643,0.25934651554491811
9404,0.57769288130236085,0.58104708195963184,0.54445591937322591,0.31452237494670404
9405,0.61301737935763079,0.60952832552060721,0.5486948628056203,0.3176780737916069
9406,0.07622057165150764,0.49567163701873507,0.51879769675886755,0.30211004666993518
9407,0.37374552844549763,0.94386033742557052,0.5831081938363013,0.35253750276682705
9408,0.66584127100253254,0.23941511570598231,0.50244013847692126,0.27841270955678005
9409,0.68335693133427999,0.096095789467648143,0.48385207123803747,0.26343455153735085
9410,0.26055699823164613,0.64304298019254347,0.54384577230355502,0.31955783113596709
9411,0.73003147588354766,0.93566102871833146,0.59018276012915105,0.35298806031541868
9412,0.38563168337050596,0.74883495432265335,0.56042442995090325,0.33169700854360884
9413,0.039361154450068721,0.34400068644563436,0.49847450296667511,0.28571487675687463
9414,0.60672140007136621,0.22616940469477559,0.49969630691881828,0.27688012613760893
9415,0.77274669300654208,0.59488768680557835,0.54966793194177699,0.31646491165135676
9416,0.23038743649175158,0.33383374571002788,0.50449354677451486,0.28651038650065558
9417,0.00024191939126467333,0.27781835976022995,0.48846343053859809,0.27830960484752038
9418,0.1750993317346205,0.94586078578116151,0.57653715809829698,0.35115036372739594
9419,0.48184446775758411,0.027861226715624798,0.4713326791708729,0.25585913272414912
9420,0.51667219757015126,0.13542095166622894,0.48614712340417265,0.26712081464083215
9421,0.39014247637923111,0.37376944668939105,0.51411224565610092,0.29169329618060624
9422,0.1340368339765235,0.55040235404405979,0.52792770530537858,0.30855690535015179
9423,0.98230014172150992,0.81049243639226765,0.5790833407541216,0.33988090553102018
9424,0.5395513232400525,0.57357062125402736,0.54273218642935106,0.31359742165791971
9425,0.45558724199506689,0.41674145800106926,0.52115303302725002,0.29654719824267867
9426,0.044250791267643218,0.65593619743151366,0.53669402975442926,0.31865869404473823
9427,0.80011290076401786,0.32282649572069061,0.51538235816362765,0.28747315690516856
9428,0.86672559598513188,0.77059647165843059,0.57270213669959569,0.33547464479220956
9429,0.30495641313273225,0.047008307312137912,0.46986467379753583,0.25709857668758251
9430,0.54375676847362198,0.61982181847324824,0.54855597256722266,0.31856530624579182
9431,0.0074677829600754203,0.49325823918959361,0.5152663078691635,0.3009362831659067
9432,0.30719737087847898,0.11774953555053798,0.47909443489074516,0.26441403930031526
9433,0.15625879059442085,0.41596706500713487,0.51221667282427075,0.29454971035017607
9434,0.62631439940376443,0.4057662553990376,0.5232700360246344,0.29594147687188044
9435,0.8143774463009904,0.069578616436745511,0.48217586985238942,0.26088358382854243
9436,0.66355942445060945,0.90047725822970981,0.58484674844358453,0.34905680346698809
9437,0.993418687908596,0.78695681394581918,0.57638286491061952,0.33735984356311322
9438,0.55094461492121927,0.30024661677047843,0.50827533133165637,0.28453739018103757
9439,0.17783762252976887,0.90272655409054137,0.57166960886284823,0.34657168251422243
9440,0.39939813946316721,0.97500290068561457,0.58743635624852331,0.35602361187878506
9441,0.72245990156471962,0.60834852147473728,0.55052694218291742,0.31781432672280435
9442,0.94892374815811642,0.036735398154275026,0.47938045592845718,0.25761400098526055
9443,0.73210924801720545,0.26758551598082997,0.50717537222731479,0.28151503593756022
9444,0.40769746262448608,0.77236919732278919,0.56384907233065673,0.33433957968097683
9445,0.63289129735372263,0.4006497972000041,0.52273468024717573,0.29541368374649191
9446,0.66780252583249244,0.15081214565919945,0.49084026038744161,0.2691134591089438
9447,0.98516980521598607,0.031508811115857682,0.479066281712133,0.25709992104777979
9448,0.1825845693994663,0.5653812323305174,0.53163737634259856,0.31062630083380144
9449,0.38808261314645642,0.35766366169791436,0.51201187325678721,0.28997801495490411
9450,0.37599127090153051,0.57647562137123898,0.53915175591495723,0.31319396340799993
9451,0.88586177888369422,0.80823179618400753,0.57751892559961959,0.33954345981133138
9452,0.32101054309253813,0.43209283362413992,0.51962352115906241,0.29750269871773699
9453,0.52765419283063386,0.52700861254936315,0.53666435824522152,0.30857619013692206
9454,0.33032331219414485,0.40127619734773184,0.51600589323642387,0.29428976944132335
9455,0.96504483265642782,0.71928293804283028,0.56778547292430581,0.33006388347542498
9456,0.12103508273117478,0.19905287759777857,0.48367490806145547,0.27150849256608234
9457,0.19739808150002502,0.046891958380897998,0.4668365461016642,0.2564356797384385
9458,0.67777637275987079,0.82037718525718661,0.57561104369686378,0.3404860618928584
9459,0.74943320187724904,0.62657486478852809,0.55323806176930668,0.31982188298300324
9460,0.43694392371628199,0.012835806894709822,0.4684499812268379,0.25416017212217279
9461,0.68529174102834656,0.34474191543004706,0.51645196782702296,0.28959347849253159
9462,0.16072196471084607,0.14112677569886437,0.47772378359433987,0.26585687129045116
9463,0.23930248542913471,0.049482979014876763,0.46840738233898871,0.25697778994551912
9464,0.85212065053196862,0.91579225053201674,0.58982343433972806,0.35105959634974365
9465,0.44053125074425481,0.65978819093772911,0.55107592255251225,0.32243288943705672
9466,0.94332095249894776,0.53843788865768583,0.54498859037475622,0.31063783720111954
9467,0.86562206687574506,0.49203848136198947,0.53807556778935639,0.30558776071845289
9468,0.39041348302677509,0.56334321832003775,0.53791418621111664,0.31186781872408315
9469,0.66291550940590682,0.70698492553447145,0.5616336821510296,0.32826715346359131
9470,0.17997348141880939,0.77489800781727536,0.55677510511142347,0.33293758841132937
9471,0.79759677730920964,0.2262964202976902,0.50272169156939084,0.27726466587867815
9472,0.18461945472030203,0.58367433258109958,0.53394827969179537,0.31259079499186698
9473,0.63442496578636354,0.38680587407752176,0.52098822711277026,0.2939450419832389
9474,0.65473491580007837,0.28846963684322546,0.50864657098907018,0.2835659302069517
9475,0.24190433270038339,0.14778457371300321,0.48114289364653606,0.26713945837305947
9476,0.12781101468497655,0.96569148396401439,0.57681442111793713,0.35273164903014953
9477,0.31277880323004215,0.090574297741742346,0.47572008290459045,0.261631199302085
9478,0.21939943158057287,0.17974880269231508,0.48455690107496219,0.27030578427495056
9479,0.69229540467100459,0.34638121491853385,0.51677967223033705,0.28978209958281448
9480,0.95866040854131573,0.96175533457213325,0.59670422670223999,0.35611133366095093
9481,0.15507472528720975,0.2615258149551577,0.49280799159346889,0.27832009076413128
9482,0.97003480194510205,0.52096437061651379,0.54310880038489551,0.3087908341429369
9483,0.83410312045301549,0.020021468290977645,0.47579762070810572,0.25577131614195797
9484,0.38619868053580869,0.055028630062018059,0.47287481589924141,0.25830676419448684
9485,0.58501022297128813,0.96744826893318681,0.59109006046553658,0.35601970749968687
9486,0.51342134787464755,0.15415182170021582,0.48853585579703968,0.26906540139732443
9487,0.6070926285246504,0.57707252505576478,0.54454490857665805,0.31418388515984591
9488,0.54619387595903823,0.4955778905724525,0.53310866093499321,0.30528203749322186
9489,0.044568888779066042,0.014937807443120983,0.45746839279196899,0.25187168417616934
9490,0.72795873337452066,0.68932745000169382,0.56062361152251916,0.32651653564555216
9491,0.72804435715215521,0.63607482979284835,0.55406180979356368,0.32079989022273675
9492,0.12011459383774782,0.92521663405724108,0.57183381960451607,0.34832117540242918
9493,0.68963928746703307,0.893911603304965,0.58455936691822508,0.34841516668391515
9494,0.59351858773272259,0.57737412789190423,0.54431588405625853,0.31417688108996078
9495,0.73949141585136535,0.54815184160837671,0.54328163118588546,0.31139662958599679
9496,0.26184292302607792,0.57960875422396929,0.5361395392515661,0.31279931538166811
9497,0.98690636743997462,0.16428599998384016,0.49686311537339423,0.27094638212871308
9498,0.48801159879806222,0.45039944493666995,0.52615348246024662,0.30025727496173976
9499,0.4522144966489054,0.72378762252154993,0.5591518505979155,0.32934756638851831
9500,0.23838404306854355,0.4020742939544027,0.51334016552922823,0.2937694331408755
9501,0.38148682354508201,0.72518013279802407,0.55746148538667051,0.32913858313888772
9502,0.36707168498752873,0.27792706706443571,0.50129069929515624,0.28145940246984913
9503,0.43293501592209793,0.28460445930982242,0.503745119775031,0.2824633865181756
9504,0.099170894111541577,0.46143122748279713,0.51558255155024113,0.29876234201103874
9505,0.64019402926919278,0.10651281459339662,0.48454653115079488,0.26443102340945274
9506,0.53436870803827186,0.10941899893045194,0.48307377024924203,0.26446581152449333
9507,0.074865483283728829,0.52894892541180605,0.52280046745028208,0.3056104473614234
9508,0.79917542816033826,0.4855320687129745,0.5362958757743117,0.30479964121361747
9509,0.27132356604697416,0.30901362414582401,0.50261889754564681,0.28418285442530172
9510,0.37709291463847039,0.079018461400421805,0.47579628716730454,0.26074527527377422
9511,0.060532861521292947,0.018145972711395009,0.4584920151556473,0.2523592518415228
9512,0.87947258379795823,0.89808565779846394,0.58813799500131836,0.34919231417309371
9513,0.64329054770929506,0.0061524567338521602,0.47128622280713139,0.25403960633140382
9514,0.087574635178537572,0.21118385905682807,0.48392656910751519,0.27243772873376382
9515,0.9080719511114177,0.56246946001379983,0.54756250540321894,0.31317681701145467
9516,0.99037190116912832,0.04161883391410811,0.48048134178531349,0.25815135179012433
9517,0.078707535181951255,0.75425093586206204,0.55001488233028184,0.32957462553421657
9518,0.033377208744909147,0.15877089322052199,0.4751161596694124,0.26642946917384275
9519,0.08377366998413345,0.051752476895123259,0.46362615645319072,0.25600254553293411
9520,0.70658046445524092,0.91596467650326674,0.58746031504531881,0.35082260235026635
9521,0.23956626951607179,0.73886446936213179,0.55468541141517058,0.32962964591329486
9522,0.54126590957365694,0.81086349126925927,0.57171357650330445,0.33905737965304855
9523,0.77882388687919601,0.71851264455303321,0.56503224767702231,0.32974651426489537
9524,0.29733349077437304,0.28040563035045057,0.499734062624348,0.28133790859174973
9525,0.7833558414537809,0.27764105992120458,0.50925088948253427,0.28266291971112734
9526,0.40323306031563549,0.74663189569005051,0.56063976308623309,0.33155618057745279
9527,0.52848515886355896,0.6728573594551418,0.55474416684575145,0.32419716000693183
9528,0.087039226577163217,0.29780547049072337,0.49477238653662448,0.28144562778104443
9529,0.63236726761424222,0.7697390569466982,0.56867009841278149,0.33492826523748198
9530,0.31134552567485957,0.99446683685212633,0.58702976435487864,0.35754465597710722
9531,0.20998286484995626,0.74151877263764621,0.55394209409851036,0.32965657985347963
9532,0.73085835410669675,0.15363550210957183,0.49218324835084326,0.26952749953956501
9533,0.6091121945547987,0.81773480940457677,0.5739704790322574,0.34001820882546796
9534,0.015911758152663241,0.093987759897334031,0.46624235483591514,0.25958785961061903
9535,0.24299544063491049,0.56640213271562245,0.53389490632856185,0.3112483243671384
9536,0.31660651547786545,0.2326420815025107,0.49415571401735919,0.27643857215514434
9537,0.87328366747844277,0.87238881669800039,0.58500572958829267,0.34642367008743724
9538,0.55785055187820698,0.38817278318899917,0.51971455308846604,0.29387786532103505
9539,0.88349886595244753,0.80486268304531705,0.57708001370775708,0.33917851122278969
9540,0.68940796526010384,0.72226632469274343,0.56397927765886191,0.32997154293601988
9541,0.95595993016877923,0.76373431269217984,0.5730911995847332,0.33483302848858926
9542,0.97296040733974665,0.61794522759354442,0.55535171644288217,0.31918805116205334
9543,0.19276271676399048,0.37142896654548824,0.50796815053195998,0.29017520667783847
9544,0.57449404968776507,0.15098096072823974,0.48927391717403612,0.26891176983747977
9545,0.098452597524144231,0.62462861585723006,0.53544026844759052,0.31603840958344609
9546,0.57530283832364948,0.54546011732598998,0.53996700165764289,0.31070604095082371
9547,0.59808570696593966,0.20599746700929247,0.49690672371651257,0.27473771346134196
9548,0.79535905356515435,0.67702547265401813,0.56020483315734126,0.32531757108052189
9549,0.70265863517428517,0.60344808482694212,0.54958013337443246,0.31724752710351917
9550,0.2240723709012731,0.80228723259879042,0.56167449592732932,0.33627836541498185
9551,0.88801359460403906,0.91888911600088474,0.59071240379636669,0.35143723050360642
9552,0.64055831306095945,0.055425674428220377,0.4777885524682477,0.25912491704483226
9553,0.83094446275999079,0.12134192333499669,0.4892876327794704,0.26629755580027514
9554,0.27989883370375029,0.24747288581227186,0.49502911221797552,0.2777759185070815
9555,0.0040211663518450224,0.34212417488902575,0.4965925375979075,0.28505051627023476
9556,0.79311077051948531,0.91903885253967021,0.58929076662064828,0.35131993712379328
9557,0.55251907134406497,0.85668201330086446,0.57741045735860486,0.34401815187933299
9558,0.27099218720429347,0.4695739361543092,0.52281912523752394,0.30115701790099231
9559,0.31635591695936166,0.82387009274287859,0.56733327425157531,0.33930993436006784
9560,0.32822186064171838,0.83156851228402229,0.568610513711718,0.340215024159154
9561,0.82263295000594805,0.80537360211216147,0.57624430632193524,0.3391519460724628
9562,0.23889271834419343,0.53709716554292242,0.53015114912895922,0.30809674834560069
9563,0.12661493820267497,0.85147267528894599,0.56357926893819865,0.34053304956861719
9564,0.060179224309360145,0.76344084786638855,0.55021841732291521,0.33030154245753235
9565,0.35378142099367688,0.41139545232626845,0.51792735092750752,0.29549442161410561
9566,0.72091907953486078,0.80282817944906426,0.57428015162571322,0.33869716674760941
9567,0.93857816632156021,0.60809526750481457,0.55368501940997883,0.318100270923518
9568,0.16663820878783009,0.43000261955492897,0.51434742929878763,0.29612794811931087
9569,0.63681969855538345,0.74957710505576114,0.56631981724950509,0.33277445691761298
9570,0.85038172575960636,0.95477992551670188,0.59436447461607611,0.35524410349088387
9571,0.58158776081580432,0.58448017627844817,0.54496180262137051,0.31490202206165557
9572,0.38906894539593484,0.95783688814706414,0.58516464774568255,0.35412540794578462
9573,0.35608541076547701,0.821392871098232,0.56824185018378903,0.33930266561504607
9574,0.44314088679120178,0.43288743861269907,0.52290575670840755,0.29821125932187509
9575,0.30949663158239565,0.34021605800163235,0.5076911762222176,0.28770966217706562
9576,0.72989229555897184,0.84439208800111665,0.57940692513126313,0.34318261667761113
9577,0.085559032663621484,0.4510466476230533,0.51372723228659634,0.29751183757654015
9578,0.50804561018595706,0.87483188902520348,0.57854494663304767,0.34579892147926722
9579,0.89720475929173404,0.22520135866807542,0.50388796365541877,0.27727253775006366
9580,0.62191502722849834,0.96674488361811961,0.59177322099129726,0.35605810002666555
9581,0.14287156957400729,0.37867147526094924,0.50706672359038474,0.29049218531639931
9582,0.34149469570721269,0.67113834517615611,0.54977923385446703,0.32311668121486853
9583,0.82509411143403277,0.15247719464077381,0.49334601098249953,0.26954685825299107
9584,0.80972589246871651,0.81111581684489509,0.57673524096334761,0.33974946207924034
9585,0.84979544388918438,0.4084443809472374,0.52715943840567392,0.296644168174928
9586,0.24788069181527245,0.25426317557963779,0.49494660311495031,0.27827913057393677
9587,0.074759179334004874,0.93605627467251618,0.5709726534196512,0.34888106308017697
9588,0.80273221696965635,0.1205575940307579,0.48881184919154042,0.26617890098160102
9589,0.59631726360133619,0.39500502978655277,0.5213357457007789,0.29471676392092716
9590,0.1061210540156695,0.70529648221678798,0.54544734168340336,0.32470835351653127
9591,0.47206112983388598,0.9678649288507063,0.5885335010545637,0.3556266680321335
9592,0.1944418777645682,0.32837502062051793,0.50261449023672822,0.2856574961360796
9593,0.72146676822366429,0.57897762242032924,0.54684785440345562,0.31466359713304087
9594,0.90870628012166133,0.19887327345168451,0.50055029114690075,0.27451216494188518
9595,0.9788580609537777,0.31649713170697213,0.51686066580795675,0.28700140859658779
9596,0.67216668062350948,0.72418029905658921,0.56390030283113224,0.33013661681683076
9597,0.14127972777370598,0.39366767669374819,0.50887545704109216,0.29205584045642163
9598,0.71443447285437722,0.72698835275828599,0.56499525147014584,0.33053392815848437
9599,0.23318043778786671,0.17518737614018609,0.48439616101999594,0.26992711279777615
9600,0.9036862821744639,0.050119756018172486,0.48066741470915747,0.25896211492899512
9601,0.45349319257942261,0.39822866232675735,0.51875403726808544,0.29457187100436805
9602,0.18589082932650344,0.97931882881113563,0.58080395183115463,0.35483585782509319
9603,0.62582331391199264,0.80110332346499202,0.57231352877906516,0.33827970437482924
9604,0.27522216173134512,0.97676678847091969,0.58380362549955012,0.35537594293309233
9605,0.68590099728779175,0.99395274222657315,0.59616121408090417,0.35914670761479539
9606,0.80565506529411079,0.32901564430686414,0.51626605890769628,0.28813778445665983
9607,0.89193290361593247,0.78286424195397419,0.57454538603940586,0.33682383027355123
9608,0.74745006947078518,0.41695848114708206,0.52675043517161135,0.29739464118642783
9609,0.23090652340353701,0.72725387170988842,0.55299152421539199,0.32831571891769851
9610,0.69995552734247179,0.33689308211655594,0.51567830708070539,0.2887909986876408
9611,0.85402153592520635,0.39969350404505383,0.5260901506810125,0.29571733089435592
9612,0.26621221223903119,0.60766330564060489,0.53971839862974524,0.31582388703721864
9613,0.93691875534813163,0.044838621747551953,0.48033642156240064,0.25844411845379262
9614,0.56295202273839395,0.81677353384938334,0.57289303868442465,0.33976819284142179
9615,0.094945187522389465,0.75585628381356362,0.55095038461428902,0.3299544221775419
9616,0.43942339629692723,0.8078231338335784,0.56891781219619275,0.33830291404621649
9617,0.49140347791066163,0.98984795387968194,0.59154710482537765,0.35806938602821659
9618,0.74156078705630502,0.60062686428824674,0.54988272295557306,0.31702379281330756
9619,0.85112335920884519,0.83320566312613664,0.58001125191010372,0.34218390953912392
9620,0.75278007385045065,0.30611772262564629,0.51251313307579482,0.28562697341561016
9621,0.42028417318019784,0.1889195162706892,0.4910907987568201,0.27236182223796651
9622,0.33750969340360026,0.63968059381620268,0.54583062254838788,0.31972697594632743
9623,0.35700876706250712,0.79992968233950679,0.56572059246993256,0.33700759203656871
9624,0.43322201632797952,0.72873311540900032,0.55926983620849813,0.3297885648270874
9625,0.48124151962868639,0.83013519854132323,0.57261662112174661,0.34088886428153337
9626,0.29826624163003873,0.55689895538567802,0.53449466351753017,0.31063538277155833
9627,0.32067267436386321,0.83242535364498615,0.56847873778654323,0.34025603356832784
9628,0.72354081690447636,0.077251344311970754,0.4819516469265766,0.26154687442828772
9629,0.88495649190027037,0.038170619693270423,0.47884615774428796,0.25770489487633014
9630,0.14074094532682796,0.13630655347990106,0.47642380992253741,0.26519233089753153
9631,0.72282004750127671,0.64675796694903409,0.55529526226518533,0.32193580541698025
9632,0.8608386234899168,0.23524959563644371,0.50475078629871228,0.27829137186588299
9633,0.10687294562690659,0.1547442827812047,0.47754193953429402,0.26678984949356116
9634,0.57297152648927885,0.26186998198289657,0.50372748724199956,0.28055028510475788
9635,0.95693874210048246,0.41394042265104369,0.52925581545775979,0.29734549870036042
9636,0.37492518376555528,0.016197541195189114,0.46754161530463051,0.25426279439880622
9637,0.011378457692696247,0.8690684404799599,0.56002620683073878,0.34078877957350989
9638,0.49603985076731771,0.33192989627983188,0.51123109230592922,0.28770701739545795
9639,0.7539374943294912,0.66790953293909561,0.55842255150578002,0.32426685323206927
9640,0.17690653949648841,0.69726649108942373,0.54740144055528073,0.3246206951435201
9641,0.1454676142070559,0.84039930823029718,0.5630905394467921,0.33956783875451191
9642,0.75843944652437933,0.093493031648721081,0.48460824120600643,0.26329261883803762
9643,0.43149559776551322,0.57542242870813931,0.54046702141574665,0.31336093604994536
9644,0.16138808895287804,0.17725401683336822,0.4823466568229885,0.26960253796750244
9645,0.34097817476991332,0.15533836137830512,0.48483186499994374,0.26849472096621957
9646,0.59520162166388479,0.57101290737412647,0.54355633724389074,0.31350067572039253
9647,0.98497719960465335,0.46420632230764025,0.53605407718342724,0.30273339225360074
9648,0.73078242331567456,0.20587046302113449,0.4990673021113986,0.27500809413435634
9649,0.042201374633528757,0.33537307211366718,0.49753336004393439,0.28484903976270659
9650,0.56604469194997808,0.87817910907828489,0.58024566332533134,0.34637361140528988
9651,0.10435840541281505,0.92346422814436957,0.57092170803951625,0.3479365957197425
9652,0.93730459365575813,0.72797868563750523,0.56848960670700055,0.33097294163217283
9653,0.06618174525784562,0.58816058733329413,0.52959076491163981,0.31176911321970091
9654,0.19129438302732304,0.11744656620955794,0.4757001391133448,0.26364798008290558
9655,0.42039337811862348,0.67459245440430238,0.55237006244935194,0.32392240481572115
9656,0.53547276587371018,0.86207572639543806,0.57766953672882659,0.34453558867281581
9657,0.43222879145630871,0.050323311023938007,0.47327155526088099,0.25800381818998447
9658,0.93758503958579398,0.4001500667303684,0.52723803328112606,0.29585818981848139
9659,0.036791520708601456,0.99949179753999928,0.57626893724763972,0.35506253297718687
9660,0.69925317740115578,0.98281875513073758,0.59512006128295902,0.35798334639546825
9661,0.26505143620638411,0.85487426703238156,0.56931047022029357,0.34224959984992509
9662,0.29693556357930651,0.94432500087494264,0.58079435874733298,0.35207201205711447
9663,0.47635876241974767,0.20510565124031854,0.49442380190367141,0.27427306612187408
9664,0.91706882822833724,0.26609111337031938,0.50951630226237932,0.28160882089969091
9665,0.13091719740865521,0.2605321418922511,0.49180256574026032,0.27799704787802476
9666,0.1647894858213258,0.38120638430282711,0.50819761570195143,0.29096295985975934
9667,0.80532821353800832,0.89166476936818806,0.58626075066581806,0.34839908432281491
9668,0.78564395669043308,0.5390916402204079,0.54287025477144069,0.31050790398430539
9669,0.24335102098420031,0.2531985980963451,0.49467252838389564,0.27813670004037433
9670,0.073374202044971762,0.27032955186510227,0.49077511444675198,0.27843140902458419
9671,0.39203051970278613,0.43733408820211189,0.52220622376555581,0.29844762756334209
9672,0.36328880272636888,0.087596278635377528,0.47658814916017467,0.26157070581477304
9673,0.011069462749140804,0.58490696306730383,0.5265255215519431,0.31065497915932844
9674,0.25992501453439476,0.75328633385401922,0.55710910747343811,0.33133703484925553
9675,0.22147226286850638,0.32586902012614305,0.50319919080432507,0.28560573444153259
9676,0.2144377240906819,0.86438265802861425,0.56861924019227517,0.3428315173665244
9677,0.65310887497001091,0.63130310487140673,0.55215130570998661,0.32011952689403905
9678,0.42886961955007863,0.9725176136868191,0.58795476152409831,0.35591597943672076
9679,0.036045113300008237,0.81156928768438519,0.55465738216631666,0.33506888316272637
9680,0.032353213044570291,0.78803060700221683,0.55171889933602836,0.33251093208152893
9681,0.25633263266206491,0.049560505361843393,0.46889679678220048,0.25708954620992958
9682,0.23502052675237647,0.29582204905141846,0.49983095807382588,0.28254754785196673
9683,0.87974218668950488,0.38704320482906185,0.52480346867781913,0.29440156317260346
9684,0.23348200097345981,0.29844190208382204,0.50011450396946766,0.28281160923254134
9685,0.13364527145469329,0.32649860730400543,0.50019415294699343,0.28492270129510122
9686,0.88404957459719158,0.36605908979378876,0.52214449069352487,0.29217390969821899
9687,0.59901337703358148,0.32276141780043255,0.5120995480461642,0.28705708033783517
9688,0.59076989606580466,0.72736691920046004,0.56271290367984073,0.33025618857596162
9689,0.25987096266703452,0.16517272002553801,0.48390207353750997,0.26906051473722725
9690,0.70745583441402993,0.46182455025321112,0.53183612641817823,0.30210300873941542
9691,0.95238106254365995,0.37281883558809059,0.52388195325337195,0.29296207702650007
9692,0.92799111183871286,0.084305292133206963,0.48552660681959048,0.26253780565482354
9693,0.78657822657780496,0.26769208104900316,0.50799618086455389,0.28161621715024127
9694,0.34994014007617957,0.77528292065012505,0.56257575704392726,0.33432260541329856
9695,0.69380270035491565,0.34889467782584255,0.5171292030490906,0.29005199886531235
9696,0.53093287254016619,0.51038204984896585,0.53464916212890967,0.30681129888957182
9697,0.61399635792075424,0.13554179167320254,0.4879385838321828,0.26739856647355809
9698,0.17074684307376156,0.52381319938517412,0.52609778047314792,0.30610038407281542
9699,0.48473001802623039,0.19328656877587783,0.49306196493366256,0.2730639276572488
9700,0.6934730626715464,0.048074531213182496,0.47762941146864651,0.25846709322804551
9701,0.1511173395110178,0.50765135539759654,0.52336264289118373,0.30419737996666807
9702,0.51564064853222813,0.15599171983188717,0.48882022802267938,0.26926459167121458
9703,0.90168261031707519,0.035597544791444669,0.47869614455594545,0.25745466591601951
9704,0.56613832303738454,0.41897501151225297,0.52381073345123352,0.29717903018555941
9705,0.74175858819036511,0.7636143395941356,0.56990892831100948,0.33452500861683471
9706,0.19584929916929689,0.26389979521363277,0.49451404313140007,0.27890723475712315
9707,0.27215388768619159,0.1487835767138633,0.4821449660520894,0.26743331050989677
9708,0.71910333192328701,0.49613130556592955,0.53638422137064856,0.3057912147269875
9709,0.57840663849463458,0.12898741414229153,0.48645433885206368,0.26662591889273501
9710,0.33284512215697909,0.29385762023754652,0.50243351731432073,0.28295700650541916
9711,0.15146754014823818,0.90736999301075705,0.57112862648345275,0.3467840170795225
9712,0.74839776083204201,0.49952964234413816,0.53728972122914787,0.30621045760088678
9713,0.51923016130459732,0.60687316971592375,0.54642181089832442,0.31709078133528079
9714,0.33355110183224318,0.92761886129578353,0.58002354399247924,0.350542154393851
9715,0.43376779239721364,0.70744150473420742,0.55670693856815168,0.32750821756247406
9716,0.64683152325426929,0.38159133614030433,0.5205398456214182,0.29342089129916771
9717,0.63106131884044736,0.43092289005239726,0.52656916074365967,0.29863243034334847
9718,0.92808045197963951,0.47628721631596566,0.53689664029686912,0.30397356084879323
9719,0.71651965497542403,0.12299987555657282,0.48791799194768526,0.26629990730182657
9720,0.79128180603749354,0.12866083740311443,0.48973336573559451,0.26700951113979332
9721,0.30682505999860588,0.80852766940122234,0.56521718397634668,0.33760018084190663
9722,0.14967364338472253,0.73273693331117973,0.55055951803597514,0.32812546544410043
9723,0.95041499617242953,0.32062119647882648,0.51706420847423884,0.28741486694556434
9724,0.029274747962492985,0.82080993556125326,0.55538518004257065,0.33594743982209629
9725,0.675835550058412,0.77085111066492973,0.56962523465076043,0.33515951092434065
9726,0.57175280539182716,0.094768806137575309,0.48182977631423524,0.26304564421235643
9727,0.11438714590951568,0.87357482772198281,0.56561205844021645,0.34274316571493374
9728,0.66468322916593181,0.84284388922512299,0.57804755414079212,0.34286797719193762
9729,0.28984483946544348,0.071981959023547828,0.47270928260342809,0.25958875358293715
9730,0.90754881364224715,0.39927505231954857,0.52674578077570888,0.29573490500385291
9731,0.8559027649997617,0.25566012283976891,0.50736982075381754,0.28043949398782836
9732,0.36049412840326556,0.83350778438333661,0.56980477583696587,0.34062833654297237
9733,0.974381203518773,0.80743706253607528,0.5786146549940453,0.3395461285304292
9734,0.16338707122259077,0.33809597969040045,0.50274756972704771,0.28641485788937454
9735,0.94851074583797013,0.99561615824810001,0.60050313499560293,0.35973589663936473
9736,0.53846914726031248,0.35755429216910856,0.51540364430806873,0.29056626928003421
9737,0.7493333430343192,0.74373941393372367,0.56762536425222199,0.33240380025314947
9738,0.75285911933827454,0.10784843656335726,0.48643693303520036,0.2647797211033896
9739,0.1260924816455343,0.33311143359780543,0.50073405880007604,0.2855427047263645
9740,0.91919896987449612,0.90208011846774028,0.58916950004272906,0.34966586162396845
9741,0.36247641427229393,0.97482258726389848,0.58635369700748541,0.35578562579318812
9742,0.66488147838356682,0.61906078040198187,0.55085097571468944,0.31883552541446963
9743,0.2358972240605508,0.91389562561650528,0.57517048521380387,0.34832041566979338
9744,0.087445131418446551,0.47127435406489532,0.51629546662846493,0.29966742927176965
9745,0.45573129665065792,0.455725365699234,0.52608761624640321,0.30069505729894436
9746,0.90007105480375471,0.05786582767242799,0.48166360647122486,0.25976265004850829
9747,0.9591823774905992,0.64026748552148927,0.55795895722886257,0.32157194916933096
9748,0.53043251860841412,0.31094472660027678,0.50924704469980675,0.28560406615133677
9749,0.25320805357523501,0.44253791721101154,0.51888255276117901,0.29816210210688626
9750,0.68086492091288098,0.33016999984773576,0.51449406303094225,0.28803841652820744
9751,0.024605294611665888,0.68437199589408704,0.53910196754833095,0.3213886431049407
9752,0.59233272205205867,0.20322785364562879,0.49644139277019267,0.27443199741943547
9753,0.3101813636064879,0.49524555310279833,0.52720945090287918,0.30414642877540893
9754,0.065757963132939773,0.051287012255482843,0.46288612383299504,0.2557788840307117
9755,0.32812769179631723,0.24578071202571738,0.49615172128755225,0.27787924689319027
9756,0.12215878715083237,0.24495951585056028,0.4895126636416226,0.27629090576701593
9757,0.55014443625997522,0.066928818811743993,0.47777022517939716,0.26009875337745608
9758,0.12001058226592141,0.4077793170714169,0.50980156244952002,0.293329468068735
9759,0.43318404880958844,0.67219627269544868,0.55240584055154784,0.32372774953273209
9760,0.47304939256316286,0.20808007578876569,0.49474016420224476,0.27457304778670516
9761,0.40502847594328928,0.61376640249196213,0.5445229405104034,0.31733309334072368
9762,0.72039553425646163,0.57402389037507828,0.54621046314490818,0.31413059165546864
9763,0.048998491418745835,0.25598131514386041,0.48795308252482883,0.27666117541037638
9764,0.75410432756630474,0.23704760613428663,0.5035092226184017,0.2783303599122971
9765,0.44184113863293317,0.67537454645066752,0.55301187644345107,0.32410911952294186
9766,0.62994467334664661,0.59783421533553627,0.54756782201000243,0.31647109576625687
9767,0.66719794913529185,0.14176255701774501,0.48963712069845217,0.2681659329212282
9768,0.98961444582255798,0.83496811541366633,0.58211518995025746,0.3425171654845981
9769,0.24061866241354729,0.61363502997568575,0.53959561368395237,0.31626380902182771
9770,0.89578584525944904,0.60144167196274512,0.55228618501302174,0.31734173744588601
9771,0.49194626743575792,0.16022004275278887,0.48889892910949639,0.26962928071781078
9772,0.27795460491537816,0.42958330047515925,0.51803528006868294,0.29696220599889972
9773,0.5996862820420531,0.23562554168322822,0.50080413770274779,0.27785729905844442
9774,0.13947706665984588,0.32967279146792133,0.50081165342554035,0.285311199625431
9775,0.40786703112270917,0.026291584069945383,0.46959715431738691,0.25543458212751402
9776,0.79930972850968829,0.2734413461012184,0.50892947592404381,0.28224282572315668
9777,0.39451677487528652,0.047343420951918236,0.4720581661490808,0.25754890210987186
9778,0.56149258114941181,0.61437850418033779,0.54825806477233707,0.31804149705713941
9779,0.97109170804995815,0.75269357386903146,0.57194318621893347,0.33365949232417841
9780,0.72170721210959599,0.04872536791964667,0.47812963697909827,0.25858365460030641
9781,0.66257465538879634,0.8954771407656722,0.5842394723868457,0.34851722488218867
9782,0.93629657677289801,0.64488927422292763,0.55823845563442864,0.32204684299379521
9783,0.36380915042593842,0.15517894630833762,0.48538048082097252,0.2685895892147388
9784,0.76747446161695998,0.76228107155490443,0.57017318843409259,0.3344298518293683
9785,0.34712501910849242,0.61449221050482017,0.543026198649883,0.31709223364424693
9786,0.93662685953757041,0.95853436483187837,0.59603354068525327,0.35574568158372755
9787,0.41454831019927518,0.044703900498140138,0.47215505560064752,0.25735687649695926
9788,0.57547089955235131,0.83124570262905917,0.57488560974148106,0.34136447126762398
9789,0.85850335117395737,0.26203293295222102,0.50824051045740182,0.28111583007314928
9790,0.57024328983098971,0.020295699712319766,0.47196217090743003,0.25533148230169156
9791,0.21537203129188856,0.39687302139481767,0.51192889109973705,0.29304326368061434
9792,0.85712090537889174,0.33860952564055335,0.5182245052652642,0.28922527621385269
9793,0.97175017209571091,0.51580845188481039,0.54247533124887082,0.30824042710531796
9794,0.50924018340342447,0.040302224685123657,0.47350025176759797,0.25722753689900169
9795,0.62680419273086596,0.048865207646915224,0.47669676147168494,0.25841594328515111
9796,0.70092706738269195,0.35442265632128112,0.51795989315262503,0.2906534587419079
9797,0.031247866384906231,0.87082378171101449,0.56128481687344578,0.34129498060354457
9798,0.67255318337710346,0.82528301592672948,0.57610074028530123,0.34100054789859574
9799,0.55776930748202147,0.062784197192627483,0.47736064898014924,0.25968999378320362
9800,0.7330438314422616,0.61135230472307889,0.55107739610140527,0.31815755830610898
9801,0.62466222269547877,0.88579739310882288,0.58236117373864604,0.34737507337780998
9802,0.74102164361219625,0.66761152136222235,0.55817322365489885,0.324210437341307
9803,0.76047971547160997,0.019434871615713927,0.47476363135971356,0.25561390861828304
9804,0.44201322778424945,0.37644694115662714,0.51571506476585915,0.29221261807788035
9805,0.63389585272622062,0.035655914008629046,0.47505856451134348,0.25706486589055555
9806,0.75475938245699514,0.98477994043367223,0.59632372869343608,0.35830979295310511
9807,0.86284771008213279,0.29032718873723645,0.5120045863078464,0.28411347009017751
9808,0.5483397085349192,0.36772684958236063,0.51690705956835437,0.29167695145795031
9809,0.014594767581170891,0.97773886019022904,0.57261775660436476,0.35238707039330674
9810,0.71775738799743116,0.056382516710541682,0.47909198492406008,0.25937069095567761
9811,0.71603337808026712,0.73656831342250806,0.56618873908393053,0.33156655659762568
9812,0.83464126592219112,0.24378920076818905,0.50552819749898792,0.27915973270057132
9813,0.29951525313406019,0.47144124216433853,0.5239240345495898,0.30154709611251923
9814,0.35892189187657786,0.21982647374236261,0.49361447209581694,0.27531889471913756
9815,0.26635717037300349,0.3693197722300538,0.51010184742579801,0.29050719527703095
9816,0.91802046511661028,0.12976929648070362,0.49148330679568319,0.26727305994975337
9817,0.57320196346769814,0.82559189279513667,0.57416398763645327,0.34074971433532847
9818,0.12254994661583334,0.7863889350302401,0.55577486296779166,0.33354333874846659
9819,0.66393582189559242,0.81433585988000268,0.57463108089620007,0.33980285921734177
9820,0.94281588154759965,0.52379828275557383,0.54312864787556381,0.30906984335462334
9821,0.74030049732065528,0.078152985042461667,0.48231241334399139,0.26166818910952927
9822,0.54276273992290958,0.89312713120012777,0.58149379076719276,0.34789645575273759
9823,0.94245181064644135,0.72193837230507052,0.56781834424542688,0.3303287846325223
9824,0.63194714209124214,0.27866070309517671,0.50697885259316855,0.28247616940741105
9825,0.53126429956456411,0.0021715754050412217,0.4688734358854727,0.25336237265730499
9826,0.56541736710580304,0.68909827677871804,0.55752617798802218,0.32606748689574455
9827,0.80081255468976453,0.17793444149763091,0.49639003522318303,0.27218343629209796
9828,0.7450864962238003,0.047794086522061845,0.47833715659006032,0.25852489755485075
9829,0.63220324648573289,0.37394759034590097,0.51929768681822719,0.29257284010957768
9830,0.37980177617428129,0.52443093456764478,0.53279956299768672,0.3076589316282245
9831,0.71000282892271649,0.26134422725940826,0.50601710317573068,0.28081508641978037
9832,0.27852377442478904,0.78465319517768228,0.56146835738742951,0.33483736956033289
9833,0.21797759435683256,0.61545688996127579,0.53903227425595057,0.31627141428578048
9834,0.29781209474235076,0.41179996512593936,0.51639874361554228,0.29520767958753397
9835,0.063146296125708615,0.7798264391438221,0.55228848715473633,0.33208585644872973
9836,0.52145903646374359,0.57983101716170782,0.54311908547574606,0.31420354017477287
9837,0.62913854444305184,0.67871105340343207,0.55753726425476524,0.32514376554040958
9838,0.80118852764273762,0.87189480741427983,0.5838550377108277,0.34626816055911064
9839,0.40119371801827802,0.792290256848454,0.56605477339570553,0.33644151618218099
9840,0.97324042197467064,0.38740647315989485,0.52602291946059887,0.29453256275481748
9841,0.94072179361017194,0.9854851061733324,0.59922431828915368,0.35864189815576353
9842,0.24262317177489168,0.47002871601412771,0.52196756838394576,0.30099920236372701
9843,0.73455473035488983,0.14486568178419257,0.4910783720481931,0.26861601308259836
9844,0.79339651503710773,0.18314995437733597,0.4969770526433312,0.2727204130279976
9845,0.51994364274326943,0.78726029378256057,0.56841018776207075,0.33644346734353597
9846,0.99964534884110334,0.76708421719596953,0.57405136634898213,0.33522858256421201
9847,0.72862828681316461,0.95763175733383976,0.59272159531172053,0.35534409410737516
9848,0.1033691998760798,0.59656980711371876,0.53226388934006297,0.31311700971379641
9849,0.51764025082635934,0.46623649187992561,0.52880418965399434,0.30205395356774478
9850,0.19994979542597432,0.91721070386240022,0.574213283734062,0.34834156739857886
9851,0.44752848430025627,0.21644818760015769,0.49527269682463904,0.27535488783726686
9852,0.86348852942170351,0.76856336948991522,0.57240900872887657,0.33525198103916837
9853,0.685657957253058,0.29169615572605984,0.50958204302686816,0.28397408612785485
9854,0.18510509380315199,0.64743655277028456,0.54171288023874486,0.319385858156569
9855,0.20127177763400833,0.93749817546556002,0.57660665094313457,0.35052262272711304
9856,0.78070702761412836,0.51283231301709309,0.53947882384973778,0.30768934655664493
9857,0.16734317928525852,0.94460669092732719,0.57607778351218963,0.35093378225837674
9858,0.53719674569760678,0.49817073325215611,0.53324675784661479,0.30552875841130117
9859,0.25447512142217021,0.045549670038453768,0.46832656767944558,0.25666663657941774
9860,0.33689328481183622,0.062063047314190774,0.47262473945194611,0.25880931977024868
9861,0.43848049628195584,0.97763463523812832,0.58879969103477281,0.35651336916212045
9862,0.62985148118367651,0.60475152415080224,0.54842537266061242,0.31721223329916304
9863,0.85528262829660673,0.082709582250111283,0.48444768503253155,0.2622984268475772
9864,0.71537664372342413,0.93406009439098425,0.58973752793280954,0.35278521296510262
9865,0.2983880320045515,0.95008978531492183,0.58150769517680123,0.35269994287414613
9866,0.86884014953306177,0.02580067557968432,0.47699571760781484,0.25640758285302329
9867,0.22883996925259709,0.037040435996127781,0.46650116549948722,0.25563589273500209
9868,0.36913430245307977,0.76752799774484015,0.56220346855525605,0.33360678719085796
9869,0.57881255708074897,0.97609541578070502,0.5919588427816207,0.35692701447977615
9870,0.69452168294953887,0.91033552492895398,0.58658125751995249,0.35019069731520563
9871,0.94065729722006952,0.94720032980385005,0.59476401588081729,0.35453271810753251
9872,0.68980436481804364,0.97062893050260612,0.59353425455756648,0.35665329052027084
9873,0.79895938683551504,0.81037005029829456,0.57647717093514994,0.33965218295210048
9874,0.88505873748335284,0.12703632969475584,0.49072510646363449,0.26695456781272747
9875,0.012974023577303161,0.42036677943853429,0.50664443293386496,0.29335808991992851
9876,0.72317212080805338,0.27591649975430921,0.50812496838221655,0.28237905619156295
9877,0.069270487319969112,0.41931082467859376,0.50911175887426863,0.29397827652580227
9878,0.67832270788123139,0.80641219655518648,0.57394898836557207,0.338986715794794
9879,0.50085063684709608,0.11302562343877508,0.48290082934862594,0.26473850151984202
9880,0.56907417859229037,0.91325175631885647,0.58443374463538256,0.35014978794306184
9881,0.41132841121471719,0.021437227797985545,0.46903598856517076,0.2549488165388159
9882,0.43193873022514162,0.80943094062829624,0.56891566803940263,0.33843879156499324
9883,0.22643131638133202,0.12942700434065194,0.47832357935259878,0.26513450685578116
9884,0.055774900754645931,0.44167687719444515,0.51126493098465442,0.29616557754588463
9885,0.4924594688518788,0.24089900860121707,0.49940880934327136,0.27808879770590933
9886,0.71942398848078448,0.84495856891471199,0.5792924102262389,0.34322171194794387
9887,0.48747408273936021,0.42774251635627591,0.52327241951489856,0.29784354910947441
9888,0.71455894003828291,0.78156864385913372,0.57161139022427709,0.33639897650878625
9889,0.69964498135946929,0.42579074420080287,0.52710956727768377,0.29824348978143461
9890,0.52568033765550937,0.50118445107458387,0.53338115618848991,0.30581082539895715
9891,0.36620340387352046,0.24882387948835968,0.49753134820010214,0.27839588044711561
9892,0.35169300628338246,0.024855343038949651,0.46813318364523882,0.25504968489185409
9893,0.48415022303179139,0.47584783065974484,0.52927850045287228,0.30295400496047098
9894,0.63609089185813206,0.070498782727995424,0.47971463596608377,0.26067820438723333
9895,0.59861479784959226,0.64601763313069238,0.55292122857839188,0.32154909580708346
9896,0.59710796502378083,0.88239073024810066,0.58139946897516348,0.34692701029304052
9897,0.83233646361640423,0.34318334507328691,0.51848088644053669,0.28967892416722268
9898,0.45175631411945216,0.012531621075526345,0.46871434561561104,0.25418109240362946
9899,0.26258588201495586,0.40271045476823347,0.51418865764004995,0.29401095469876914
9900,0.67594353828789899,0.21398927387156294,0.49927723935491725,0.275757357025604
9901,0.87924175379936365,0.22341941123158904,0.5034279077986521,0.27706538713342121
9902,0.40920999511430273,0.45495583822984481,0.52486222435519847,0.30040512197501329
9903,0.97754534778810342,0.575117330321821,0.55004225366623427,0.31459830426130675
9904,0.58533207767928253,0.023316246218734887,0.47262100271884827,0.25568024281829327
9905,0.57675553076512875,0.055307412175403442,0.47670809484526461,0.25896507705680433
9906,0.52973988959273566,0.70764298031128714,0.55901589594549927,0.32793366172966076
9907,0.44581088403348118,0.71990834813587135,0.55852222828829989,0.32890195116883025
9908,0.46137273228646958,0.46749111822434936,0.52770289206275589,0.30197175709928858
9909,0.56855031386892074,0.12127792826184305,0.48526325810220761,0.26579612930291707
9910,0.66055402249590267,0.49495929366511993,0.53523175855467542,0.30553820609634263
9911,0.3011892075282871,0.16924282718981851,0.48558338634355513,0.26973030972229778
9912,0.064042027697234882,0.6382895932945073,0.53552656808561372,0.31705653833886971
9913,0.69434133149293487,0.65357103735300481,0.55564514911747775,0.32260634843856645
9914,0.47295014094406512,0.28930396636148215,0.50524882197356114,0.28311754440452208
9915,0.96625558018825253,0.88505236008724897,0.58778487430743442,0.34788043003476016
9916,0.1627508606165764,0.75098431997966253,0.55325801506176553,0.33020981808553829
9917,0.16886920563603053,0.85166293503461643,0.56536820830171686,0.34102356172126763
9918,0.47607943077854581,0.75737222790549286,0.56379038890639821,0.33305675903670939
9919,0.20152442717881641,0.03769938737008488,0.46577948459494312,0.25552288353883423
9920,0.02413850031552138,0.32194000108203619,0.49504777646831472,0.28321710045442544
9921,0.72303775671353809,0.75932721931153213,0.56907120735598682,0.33402666720110807
9922,0.79283244459530111,0.62737390408563665,0.55402601569988352,0.31998323079569019
9923,0.6292945325216861,0.61471095429701961,0.54965028862460352,0.31827838376934242
9924,0.36520327168238587,0.62340512688133176,0.54463004845287355,0.31815028437979548
9925,0.91366568488077038,0.073080290397547654,0.48385938148715313,0.26135662845073743
9926,0.63833176800621438,0.58484373063828099,0.54610903599995986,0.31510117709185753
9927,0.45974238131766909,0.86896398137490027,0.57667954277868805,0.34496016353586378
9928,0.1920736665947945,0.33968107380099827,0.5039567462076463,0.28682688024940356
9929,0.096166949214611677,0.93684759280163565,0.57208006193138028,0.34925647985844366
9930,0.68155479139931263,0.77391443879491417,0.5700994721946866,0.33550230287494515
9931,0.62323183133447313,0.41611891787232602,0.52453680477040887,0.29703554541173538
9932,0.96378567362491752,0.33242832119670934,0.51876471339861263,0.28867946462295457
9933,0.44403305041374408,0.89236878131082054,0.57903019128649946,0.34739691706464981
9934,0.56644594163316075,0.9032032264464418,0.58319866085983696,0.34906200010346594
9935,0.19625463778228733,0.53602322804454017,0.52853684933133682,0.30762886485897145
9936,0.48085107688732681,0.19839789642201505,0.49364612337725433,0.27358589696783109
9937,0.4290513168257778,0.8466299854432815,0.57325395486398822,0.34241553303407329
9938,0.68464911279085794,0.072126662842405487,0.48069273442006355,0.26094515942198682
9939,0.41772498609438774,0.1527970541624469,0.48633969143353784,0.26857885332104697
9940,0.3181549350254354,0.55106295303729136,0.53437175679862414,0.31014239967518487
9941,0.23083254332212966,0.83932532923318215,0.56628397917159734,0.34029923094382286
9942,0.38340171823626151,0.98915402507226691,0.58861133221107564,0.3574475552213785
9943,0.050051949656044606,0.40859293314347744,0.50693617084387366,0.29261607265375533
9944,0.69423834787915695,0.40103225814731563,0.52384832873633935,0.2955951795250647
9945,0.51144386478572856,0.23329949975534109,0.49881386646057385,0.27735402454675651
9946,0.17049936421461173,0.96515105183935967,0.57856327537955032,0.35316122431947705
9947,0.80592768332533316,0.69799309125413422,0.56294494251076366,0.32758653715182146
9948,0.07996888240621193,0.19000192745287203,0.48095878005085657,0.27016529610884127
9949,0.85325745654230711,0.70270658610396786,0.56423052778605087,0.32816136181019212
9950,0.54294529925986434,0.6720567303916789,0.55496241511494493,0.3241628945769926
9951,0.77312476461451729,0.63892176059557826,0.55514993592373352,0.32118944118814968
9952,0.14711981802076335,0.69039878895337459,0.54539830002841871,0.32358453375975255
9953,0.62627949642246827,0.23957959303477547,0.50179066403166572,0.27834003634676563
9954,0.60458150063221117,0.45778220153691951,0.52949214047861781,0.30142551042301874
9955,0.18869902303061681,0.5979098841328756,0.53583552767616449,0.31414340932495632
9956,0.40612024272851416,0.97102099394280239,0.58716412506419879,0.35563431061172684
9957,0.0048537765659508294,0.86980410086509075,0.55975513236608332,0.3407578463015381
9958,0.077627587520552335,0.26813396772512932,0.49067555061736118,0.2782495462086873
9959,0.23634029463435291,0.77868953439154431,0.5593179997060681,0.33386109768733979
9960,0.43364936841306045,0.49297326801972235,0.53024416888499759,0.30456769471983369
9961,0.55398054128651275,0.49627246435926065,0.53335718176145519,0.30538163382838213
9962,0.31605793826234296,0.68359908839896089,0.5505316512206665,0.32428765341375981
9963,0.75306000826730157,0.36514050132367998,0.52016899108927073,0.29188995266114648
9964,0.19483304585063599,0.69737963243530832,0.54809639443850555,0.3248039919460628
9965,0.049357869028218558,0.46652885734798621,0.51402023033816047,0.29870019560963179
9966,0.20225056104738035,0.52286335490226055,0.52713163207670088,0.30628289779868684
9967,0.75811594337715071,0.26357790407986614,0.5070433653866192,0.28113647734806074
9968,0.65144807774099756,0.69469826354692921,0.55991874043955181,0.32691894183050252
9969,0.14100316207661528,0.40519287143120308,0.51029929011784214,0.29326757702764505
9970,0.64795699911901028,0.5227734342621756,0.53851360779419899,0.30848101807610157
9971,0.44657261167428225,0.74178896747223333,0.56118487000965278,0.33125230242617476
9972,0.97045893450890441,0.25912070885178401,0.50923433728227907,0.28092013984882924
9973,0.92290860575017297,0.0187177358548739,0.47667010910982061,0.2557269745064959
9974,0.43988707314386266,0.27002897233291295,0.50202756683664773,0.28095633337554887
9975,0.25739461222380633,0.92628718219849981,0.57737007400552853,0.34982996566395186
9976,0.52090704230101548,0.22257686480210398,0.49761078781262963,0.27625776025734727
9977,0.61313968168540156,0.82408114652248343,0.57480933900785691,0.34071188470214731
9978,0.61362764874758435,0.013324552218208555,0.47176621792735124,0.25471554652945255
9979,0.56538279406995284,0.63203580432693707,0.55052033650829812,0.31994674815281826
9980,0.94727508612178501,0.32746213669391583,0.51791950598540648,0.28813790445783594
9981,0.6127724901005277,0.80818261249967616,0.57290200173624406,0.33900279508323516
9982,0.79350579338480021,0.87420406045493448,0.5840066546622974,0.34650374956108193
9983,0.95166999069409208,0.51524155989530263,0.5421546920332595,0.30816217370578763
9984,0.31105168415891238,0.90929903799438616,0.57718890787071142,0.34842440690137122
9985,0.33867380868777403,0.25522184061069275,0.49764292635893381,0.27892672567272164
9986,0.22834857135884232,0.80601574672973952,0.56226974337004765,0.33671472358220378
9987,0.3623237241326715,0.095421270217851267,0.47758354422370397,0.26237620756900015
9988,0.94165369919697994,0.05909328810205916,0.48230238247878177,0.25992758544587774
9989,0.98718835737338528,0.6327244014480734,0.55737037992296834,0.32078571288301932
9990,0.13655947681335964,0.58234601245151141,0.5319229885236646,0.31197475944026481
9991,0.47511503961087437,0.99709694427457884,0.59197921496288064,0.35877433791440444
9992,0.98740877889742851,0.60424330417920147,0.55381742199665296,0.31772972522537152
9993,0.21051070676572856,0.55388943899591692,0.53124044855787489,0.30965162007207636
9994,0.28878098818719156,0.69052477869078288,0.55051844452801613,0.32484067589100768
9995,0.89705126885921926,0.55647344948077804,0.54666013741203801,0.31252217633386714
9996,0.073533553739276253,0.1145799618668505,0.47119074101634401,0.2623279300754654
9997,0.17550883389279481,0.15995763469705127,0.48061983186886026,0.26792376392808315
9998,0.62418108299399022,0.1038231726805796,0.48392714913864898,0.26411537668108237
9999,0.68447486568569438,0.44286621237712681,0.52903419058412959,0.30003160401742224
10000,0.66518322817831066,0.22168206232128432,0.50010954950486197,0.27654403349129442
