Simulation,"alpha","beta","Fraction in treatment[HTN]","Fraction in treatment[DIA]"
1,0.2352739364441368,0.59893797056946207,0.50340518250975264,0.28931049014286847
2,0.58084802507079447,0.48257738266397504,0.5064082786973011,0.2860771588161316
3,0.62092212766174926,0.40669695525689747,0.50236904411287153,0.28191611518785803
4,0.88132351563194544,0.17437754584004869,0.48931826074460211,0.26743875106644965
5,0.74625213913485644,0.28266975488838508,0.49588333490165554,0.27462744076661244
6,0.36924478473073108,0.83919768345594647,0.51917070087764383,0.3011239695828723
7,0.86320880933337618,0.091229366059217137,0.48194058350220004,0.26114263559584316
8,0.10700235524469755,0.8968164329999011,0.50949573157142836,0.29812302754885522
9,0.46052282299107178,0.16860239654666512,0.48172876085454164,0.26575815617417925
10,0.024235087997291706,0.12620309308940778,0.46491420524148291,0.25934020916791534
11,0.96959504062797641,0.73347626548631817,0.52779366633253766,0.3008352134946628
12,0.8243064533987432,0.49148251620036321,0.51148596401522539,0.28765830947411097
13,0.66023531439910876,0.50267477913071634,0.50927830320629841,0.28760190090303817
14,0.60909604469576151,0.98955810752789264,0.53046283349303114,0.30769919373903726
15,0.13130798023216195,0.15890292814044515,0.47163884335628237,0.26279260580149605
16,0.71246158268261939,0.80519281991805181,0.52697762501849665,0.30295253917209575
17,0.91841316649845106,0.6106919416478952,0.5201867414805651,0.29448206859295989
18,0.19664233711733251,0.75110548740212102,0.50942390117568648,0.29570231426870003
19,0.81585347545916453,0.47612510714750972,0.51037237344719366,0.28675375077710613
20,0.38081095404183729,0.28863474551487017,0.48882268503219106,0.27335081350064333
21,0.51051623695961901,0.15784016963698669,0.4819245973874785,0.26520942212317428
22,0.55803263528236424,0.5316048086978612,0.50888368105253468,0.28862709013415605
23,0.75363413442556049,0.59532993629620179,0.51657209194982256,0.29301963286808125
24,0.95663705007670219,0.6450058310267166,0.52272992977453558,0.29639188514680331
25,0.57640425353125901,0.79150381007642723,0.52329861316653303,0.30144406007993718
26,0.0086266907354933219,0.29063423855815784,0.47574229325144562,0.2696288482521127
27,0.95200598139801307,0.5376515408628505,0.51629783169519816,0.29066347561072997
28,0.52153095143461836,0.10464725642801495,0.47773693094740849,0.26134796199344068
29,0.31167117849452192,0.98551152593680891,0.52058885037024294,0.30370551481989211
30,0.025308095876465087,0.93929720214469126,0.50560104320470123,0.29686165841735684
31,0.62958339419186815,0.24334795084166108,0.49092696502241251,0.27161470510122576
32,0.77959319108651259,0.21361269747015324,0.49108658032435309,0.27002272248085396
33,0.46349102984037022,0.40459341677940686,0.49877191425451434,0.28093806249590719
34,0.38155068050645058,0.45718249673120442,0.49995831513387784,0.2833550237940598
35,0.77576764238077456,0.22333542986674002,0.49179758501343857,0.27069104340235833
36,0.53813585688514864,0.4483903923956794,0.50332779083385759,0.2839120156992318
37,0.54430432619579372,0.078647449210484055,0.47593390616677833,0.25944795773493823
38,0.3556779083457659,0.98671358486396499,0.52231677418284317,0.30442922096466696
39,0.45231982205685928,0.62441235441135945,0.5115672424995531,0.29267563603162711
40,0.078226688457198906,0.81442116039007673,0.50598347194240179,0.29556968610005913
41,0.0036205677716876382,0.88199804106707458,0.50325100968150949,0.29528280082327929
42,0.95858037200755208,0.13052380437202518,0.48654796696307001,0.26430037626633529
43,0.73144028328097199,0.12357933154312195,0.48294866389622854,0.26337506278713901
44,0.35450976819401842,0.0088782504195696679,0.46576125833451959,0.25323034088445884
45,0.81712664471847241,0.7925690482354375,0.52836133427484,0.30295643164683328
46,0.091345401064923504,0.70049196783638323,0.50252093650496465,0.29194205837788773
47,0.68072049618071184,0.85427869682173485,0.52836432087578444,0.30465166749341743
48,0.99679167047712258,0.51876347193882111,0.51573718119350798,0.28974061458621403
49,0.50776569542660144,0.72155914295139956,0.51813625473844349,0.2977669609058074
50,0.21261842063249789,0.51563567186110892,0.49799146514023612,0.28485981560739582
51,0.55386801558268495,0.34666189621001248,0.49693730888674309,0.27796394941900554
52,0.98452358886332958,0.90382557435688804,0.53607373747843656,0.3082478178031865
53,0.67133749918235697,0.094183389750646898,0.47947923189143427,0.26099985116889973
54,0.095210528750799134,0.91290787141137997,0.50918266716856575,0.29816609603182115
55,0.55532633870487336,0.75337908929913544,0.52093037252756991,0.29959073885041387
56,0.86023772189264425,0.38723728529406948,0.50514249649381671,0.28162538187590236
57,0.67512896393515409,0.58549101551253113,0.51451697395892659,0.29212725913120707
58,0.027890710032812786,0.03435973514852813,0.45780640973953873,0.25279774855482617
59,0.32222050451793477,0.62454133405181356,0.50775139324901841,0.29151238357010617
60,0.8147465536594275,0.016259751278802286,0.4744280598374726,0.25504102527065331
61,0.34521192448792282,0.20566714108426823,0.48181978854607233,0.2676896245836114
62,0.50249317108205294,0.93262495384978839,0.5261136985744993,0.30527132371239013
63,0.99657701841426316,0.55275945241361635,0.51784585125009497,0.29162807776520722
64,0.83437289546377724,0.2115356483219541,0.49171112711338921,0.27000515665157337
65,0.60803346530374835,0.18492461622493575,0.48597869969233132,0.26750188223955834
66,0.4731780661554425,0.45402003177354344,0.50215956344409385,0.28383416348399571
67,0.53110448766915364,0.63419824587152107,0.51410501837228384,0.29374407848514011
68,0.21819526859299512,0.12761693556249376,0.47214027297544636,0.2613860776156523
69,0.74475559502163668,0.24538426447039238,0.49303525883948751,0.27212307005661746
70,0.14052263744083468,0.25813311249412363,0.47915829176147956,0.26937649551233789
71,0.85454452358448185,0.45053107080446791,0.50931916132564148,0.28540287147734017
72,0.49986666763300308,0.95697552916564754,0.52660969319653061,0.30579631267749802
73,0.983372046017705,0.38047080164387592,0.50636458136709384,0.28152402298669676
74,0.87129507213890323,0.48960996522990757,0.51210026327909186,0.28771284234398631
75,0.45154832737707767,0.18308191245446215,0.48267278705551697,0.26673221951745046
76,0.67605965206619589,0.84908548259962124,0.52806089597118067,0.30443262181147179
77,0.3442171185881947,0.095964570033212654,0.47308278941867887,0.25991078610966956
78,0.17401077930679312,0.98311233343252691,0.51445246990876947,0.30109489399366468
79,0.29385402816879796,0.33641808421112368,0.48966283039477299,0.27565935363647587
80,0.1509086120197666,0.10060964376128978,0.46779868913371836,0.2588948103738799
81,0.061477249574044261,0.29438983083307974,0.47840633208620703,0.27062737820249039
82,0.61793212129027819,0.8236265752727282,0.52569794370959932,0.30305257254804624
83,0.55765170755464344,0.6699612579306472,0.51667109732715277,0.29567996710099032
84,0.68182976110946625,0.42427535736659777,0.50469513947600575,0.28322461980178071
85,0.095501694005343599,0.1951668824891909,0.47296543358253978,0.26483315834960053
86,0.91311647665406348,0.21974158888444073,0.49342005394575239,0.27074342121538392
87,0.26392627569917826,0.083705536261957619,0.46992849553396498,0.25852146787593194
88,0.19982740583171837,0.86630235985209003,0.51331890975002903,0.29931055973533244
89,0.1812395992264268,0.47974423007325967,0.49475545459654408,0.28260835210411867
90,0.34774881631586468,0.03718997504086001,0.46813038802362877,0.25544592811365391
91,0.2029483949204092,0.97235535379025395,0.51566399849414335,0.30151450623717779
92,0.094350542263814716,0.43756970862982564,0.48874682241361528,0.27921224026866948
93,0.27208645427786982,0.33950226296348268,0.48919670890133354,0.27565794538305055
94,0.49953270502866948,0.44969926889777423,0.50252248453446513,0.28375724512706135
95,0.041550814446934967,0.9732658433148289,0.50709443572251389,0.29779967207502323
96,0.90404713932249003,0.59936401492488811,0.51930690780033884,0.2938363311870783
97,0.53177734888998096,0.39840230801386062,0.49995328826354868,0.28097537589636984
98,0.92815381968239097,0.66872343192702399,0.523639873220202,0.29749373988985522
99,0.081886668084620029,0.30820774655792632,0.48019048226020783,0.27172762847509446
100,0.24536441717197888,0.86828142290924448,0.51534308801065032,0.3001468427943782
101,0.32195625733927591,0.86013949112772248,0.51813554379760896,0.30110606054226868
102,0.65165654162302389,0.90005038275109839,0.52924935772835824,0.30589118019100109
103,0.46726880862225084,0.31078715468534501,0.49251791359011265,0.27527412284314101
104,0.53666590878077558,0.1334134370308486,0.4804454123676079,0.26353863695359386
105,0.18302477087512378,0.16586763364447982,0.47397246115578723,0.2637576906627927
106,0.86873563452003288,0.10820280415340094,0.48351164376187372,0.26246568326820918
107,0.38547972102448114,0.31594264177345904,0.49085499165659147,0.27509440393016243
108,0.18770764771160903,0.85254578205264409,0.51241233157609534,0.29874558253973349
109,0.38160870235468031,0.441272275313281,0.49897579190053398,0.28246695562634633
110,0.176684872150945,0.02772414957104484,0.46259252928431949,0.25367032127086075
111,0.31453907869287068,0.88883929114729399,0.51864165940135243,0.30174934983617602
112,0.31322902809983355,0.58242227751660391,0.50518473470312286,0.28934645954930566
113,0.31836366114231063,0.44463468525739153,0.4973439698135374,0.28213221472702965
114,0.12954309285766213,0.48383219665020005,0.49292680108546744,0.28215469783098646
115,0.99547546599510828,0.39649289147331146,0.50763804856028349,0.28254363500549706
116,0.64220525234531378,0.050836835009034263,0.47516079157101743,0.25754197881193847
117,0.33724088190459878,0.086008311850007166,0.47207381218392541,0.25913033056862378
118,0.91485236621523514,0.30486718264502705,0.50000426294372435,0.27653271698980741
119,0.79018655746626898,0.3708530381299206,0.502935460744389,0.2804019653618513
120,0.72136200810611484,0.79952513849869133,0.52688884774166489,0.30275871653839526
121,0.84084780287301408,0.61785834593974287,0.51937765030658356,0.29456291032103038
122,0.23819919060232353,0.060138402859622152,0.46721663641676237,0.25658417081595403
123,0.5222904168239213,0.465998260120221,0.50407469547309125,0.28481447714079711
124,0.66501276182908331,0.46925388129529311,0.50728262135350632,0.28575045238118646
125,0.85836675454009093,0.23775590582381703,0.49411792802820032,0.27188622784302191
126,0.86652144263322706,0.37552466673479651,0.5044210182241522,0.28092051294360931
127,0.33939473446042978,0.70328793257729849,0.51237674689809531,0.29540920583061947
128,0.44624956736519239,0.96056306844087092,0.52498862916315447,0.30520828066771161
129,0.96549940884652319,0.6366059702345287,0.52237940228219271,0.29599039276932521
130,0.15168209848409753,0.76038495435690279,0.50783563172751678,0.29531949042634592
131,0.47215061651681317,0.70466156151165482,0.51634033577423943,0.29669622705744131
132,0.83642830785707345,0.35801195406251357,0.50274739470165219,0.27974300116981454
133,0.81063890833979246,0.22419703626927223,0.49237944965885033,0.27083697408992374
134,0.5821481709521148,0.02222128664077027,0.47154789761450128,0.2550939903907381
135,0.36556838915121043,0.52906745155508395,0.50378682905328531,0.28710176030876622
136,0.57502118106432032,0.5738946182782646,0.51174066016281938,0.29096412471915473
137,0.002826077732362319,0.17853146507710918,0.46781278485346411,0.26255781279878254
138,0.0017066115607391112,0.40745088590326489,0.48262042896780055,0.27612570225337318
139,0.32672812284479152,0.31087832310871455,0.48889790193042365,0.27436198212959628
140,0.71426296450026572,0.75663927884126314,0.52459598792480966,0.30076008757361877
141,0.38958890779294308,0.15831146994697629,0.47927437419135993,0.26467562931852279
142,0.070858033302973494,0.32669074516709662,0.48091398843951039,0.27266825898350538
143,0.42824906059493079,0.93092086651482397,0.52372631612320519,0.304328902994981
144,0.22235098897683203,0.17325787549378585,0.47581212489976732,0.2645984081591094
145,0.69017539992305688,0.071591355140937951,0.47778040801406785,0.25929055925170535
146,0.56362439905557549,0.82110096707079794,0.5242570060656766,0.30252034418053159
147,0.9705537437029067,0.40739284435886658,0.50806737749081932,0.28315219583258955
148,0.38799560120744864,0.25227690542637138,0.48639347530606952,0.27105609357935612
149,0.11169060464730719,0.1915628545622225,0.47333171912101513,0.26477733973982398
150,0.71154935207023517,0.69306978485280424,0.52122059712262159,0.29772956376333409
151,0.01975175435499987,0.61842316118957252,0.49495630732734419,0.28695702862995687
152,0.97899198414819555,0.1216345765775186,0.48600712000372165,0.2636492165734759
153,0.17610197196238442,0.13456256274856859,0.47133191152609766,0.26152942508525295
154,0.40226708547665041,0.98901050870631602,0.52405673777039607,0.30516221603042676
155,0.33193534470124869,0.48285877909659175,0.50007004092378904,0.28434684381985997
156,0.018895248956012075,0.18125919730124299,0.4687400003023412,0.26296094195784286
157,0.87419770073258563,0.55185352149849065,0.51601401960465798,0.29118659983088302
158,0.029815335814084392,0.29204987876134697,0.47683137330739789,0.2700355075377644
159,0.43808497827047255,0.2154376959303976,0.48486396773550705,0.26888911520810987
160,0.88306438367572848,0.089975943582027693,0.48207632929924621,0.26107368750038157
161,0.25256741212877676,0.03108493089777185,0.46512949247728225,0.25444706492123387
162,0.21194336070922437,0.0579032243047026,0.46625143176752798,0.25623336790627727
163,0.015269745181163308,0.5995588705922128,0.49377601544478861,0.28599844621814235
164,0.59217123919959425,0.046901261484192221,0.4739728953109415,0.25710379133871619
165,0.9404875896263053,0.98596228841013511,0.53780608129255025,0.31036040552853661
166,0.4263224127486232,0.24611262379210677,0.48688625961512177,0.27087692850016115
167,0.64290888036362592,0.48890392526088983,0.50808386746783729,0.28675182104814956
168,0.016738369399111254,0.12525532633130207,0.46451585864624884,0.25917854114228717
169,0.8787319277915755,0.92097924609543991,0.53478210569268381,0.30818726388471546
170,0.80586033170415328,0.94871761553689149,0.53415983138412781,0.30847496133661184
171,0.1844119497225038,0.3469783770285198,0.48673082776373111,0.2752460296206885
172,0.46737318504549336,0.63585515280679106,0.51258774214306768,0.29335800264962275
173,0.69338966305908978,0.71049286894212715,0.52178410764752126,0.29846929782223142
174,0.11883772396392887,0.50548145570558267,0.49369860514184843,0.28312400326828402
175,0.78968508993425646,0.12257240249501775,0.48370770593977069,0.26342235693263916
176,0.3279012300620438,0.71379698123972635,0.51252855205183723,0.2957687782068395
177,0.1682435368665145,0.37802406191827032,0.48811689702998051,0.27686420885044649
178,0.10998566086472711,0.45373876090514242,0.49036669929365534,0.28029813563845635
179,0.61581319533559731,0.44857159485766895,0.50499483416276336,0.2843349147087218
180,0.64850741377883836,0.85080102593764895,0.52749136605776192,0.30428437602153724
181,0.83106671477028871,0.24246743206783433,0.49410357021765816,0.27214809974141885
182,0.97933712812805318,0.61401090350436283,0.5212706387309376,0.2948609276607187
183,0.88159341952189574,0.88725837401953767,0.53367764679871532,0.30711828622647719
184,0.68914691257901728,0.4392472912655096,0.50581003069560815,0.28413199761419972
185,0.44770340922115143,0.74397963485446528,0.51765753709971529,0.29830188819454567
186,0.74402159576566196,0.1741524639584939,0.48737011281634063,0.26712999295864531
187,0.14223377853032435,0.53087336661097362,0.49609405573453247,0.28474275856605002
188,0.7238139544629375,0.29951180005137573,0.49676218092196378,0.2756609385217994
189,0.76398810148987684,0.69521010217837764,0.52233425654300403,0.29810235417611547
190,0.79859238803343624,0.64977137144979791,0.52046754623591152,0.29601386487793052
191,0.65204193506048758,0.74871318091290306,0.52290347762987632,0.30002576992281582
192,0.90014089203408221,0.053748086539248473,0.47898958193318636,0.25821744908535482
193,0.74598363224585773,0.53520533368998446,0.51287040367290604,0.28977969232036171
194,0.69520319352924131,0.93899749850189551,0.53142572863628001,0.30733925861348349
195,0.47685033541525484,0.70218854687932186,0.51633831549595932,0.29661839442057841
196,0.92269945556469035,0.20297149422111688,0.49219134301413214,0.2695736143002383
197,0.43303148638881978,0.076180386353412177,0.47347926964399928,0.25884748062126317
198,0.092278691823978451,0.78982480157556711,0.50598701911488997,0.29516774881827768
199,0.91876015455186144,0.23652679418736372,0.49482441629766588,0.27192657267205678
200,0.28277674442803252,0.65600630275140281,0.50808359524541902,0.29259577472524195
201,0.8252448631917243,0.41987653783630813,0.50683468935570442,0.283495666245691
202,0.24476053335376782,0.6529291057929979,0.50657511580786452,0.29200746321205956
203,0.96521071869031294,0.097209382649615886,0.48369155422485355,0.26174476311306932
204,0.61063643621130614,0.41447405141304483,0.50267733718266872,0.28232721740090855
205,0.10397315453755437,0.78181370551387086,0.50632112114005423,0.29515731487242919
206,0.23146659154949012,0.42323206067894353,0.49320795001385298,0.28010758848476019
207,0.43433276704821039,0.94197200842601025,0.52418492084939106,0.30465585090182229
208,0.42511133376421645,0.83974943255904366,0.52101929688364257,0.30180809828410471
209,0.49172031935419658,0.66819468473192534,0.51495203723173166,0.29511908819941907
210,0.046225293809117288,0.75591517410214293,0.50243520877354608,0.29313854752709739
211,0.9910083406270831,0.47331487149199236,0.51274824514304873,0.28712723998472428
212,0.016350391142547598,0.30517474013302709,0.47705179031284883,0.27060852941129904
213,0.075263135922246149,0.34950762397429208,0.48255625570354183,0.27405132908745794
214,0.71705127050544837,0.36012511583821616,0.50097979584759245,0.27948770068849549
215,0.11754158258951503,0.63067381459287142,0.50030559771371608,0.28921779719589474
216,0.035695134427037561,0.23299214903233806,0.47313327777221031,0.26650675469741592
217,0.2071955944571528,0.78611471332762162,0.51120805060451591,0.29712232419567364
218,0.62494097178749508,0.74990778540271563,0.52237231998901579,0.2999097005730737
219,0.77397761864451464,0.059613697312481236,0.47791901467530801,0.25850679637539842
220,0.22419184829628794,0.69876207872332308,0.50810906021146462,0.29386128190347216
221,0.21546318661804545,0.24902943113046933,0.48115833218114612,0.26954857870299759
222,0.3817462062217179,0.44777290611228676,0.49938326516697673,0.28283237330502303
223,0.56383998865351326,0.97924893566292015,0.52898689692620959,0.30700148256996213
224,0.88549523391515261,0.77267341545346435,0.52852601886343065,0.30235502639620671
225,0.41010192123294109,0.27820021214102164,0.48882614329520258,0.27287020133184164
226,0.62867748270333978,0.77281032817993545,0.52360746945201708,0.30098363855002735
227,0.42687681624168761,0.15677032007832312,0.48002992902485547,0.26475833268086307
228,0.42944866516677432,0.9973793423076277,0.52515418557032156,0.30569469026557589
229,0.02771463578202529,0.87791635712370042,0.50464615000066482,0.29584228713699734
230,0.19601161531243708,0.83104028027361498,0.51218276267965579,0.29831732966732821
231,0.73278977742983264,0.21103089741348524,0.49016511318971123,0.2697199259401582
232,0.22847251117726555,0.23446130424210571,0.48053965598514553,0.26872524041386492
233,0.20774155517806067,0.93539443400123856,0.51521961843882513,0.30095346388508376
234,0.24373186053541723,0.3848303151646047,0.49122455998575915,0.27805679717455112
235,0.65851569099914053,0.1953092251676484,0.48769735607837378,0.26839966227467932
236,0.3659590826256317,0.65380503483683572,0.5106689854690214,0.2933533962174758
237,0.54893994609791563,0.10031559691684087,0.47789223519088264,0.26111637126332554
238,0.59128885725430447,0.12541763741719769,0.4807989880803048,0.26313469322084221
239,0.74141001207424562,0.15370717038124568,0.48564195293640106,0.26563619479871947
240,0.6198805486908997,0.9343496050501825,0.52943461933218627,0.30653986203225725
241,0.7826475841704873,0.72020627974391693,0.52400861833381129,0.29940064930706178
242,0.97135923383092748,0.84625152040488327,0.53353669357073807,0.30603312216092687
243,0.63091532700943065,0.5543057465590886,0.51180089996949707,0.29025288712009356
244,0.94970286377662572,0.95067284298107269,0.53700211058634462,0.30949137225515172
245,0.69059200658445474,0.39216628522536484,0.50271268510635714,0.28134708897968463
246,0.35073456646722045,0.51053356508266889,0.5022702187900725,0.28599488940888207
247,0.83145382446123983,0.52783462436971029,0.5138703239126643,0.28971637992356436
248,0.42535732160542394,0.86602235724505738,0.52187764801603898,0.30261466279064742
249,0.25496698163555703,0.44953592706626516,0.49561181724539566,0.28180263667040145
250,0.378513974711427,0.24401630321944834,0.48554600318875424,0.27045584444389681
251,0.094273693529062452,0.44034525544288339,0.48890645775085484,0.27936006975411826
252,0.78534330070343561,0.64380436114732875,0.51990068287679858,0.29565322052440235
253,0.49612709634472851,0.11104242081007687,0.47777203136311497,0.26173181111242705
254,0.22784871298001383,0.032102251142624307,0.46451577212958567,0.2543685783204922
255,0.52463238159300529,0.2623483889373136,0.49029642034222354,0.27245012341459096
256,0.96018389242257696,0.1752716757316026,0.49037113981270392,0.26763538666202291
257,0.30594503183128546,0.6781514207393281,0.51000630606118669,0.29388985782845223
258,0.67724688209065942,0.82810889112624575,0.52724421320689863,0.30365895018046379
259,0.91305465552496023,0.64039860927808334,0.52181432466918076,0.29600081355779884
260,0.23136036403913751,0.63832295444986087,0.50532948508586739,0.29115534058900172
261,0.8412617063491955,0.94699503868998736,0.53483753456640648,0.30868296373615051
262,0.95199706218239155,0.31321897242191482,0.50111079107988643,0.27716203783145699
263,0.88816676246022108,0.65116707095965976,0.52203578178905041,0.29645602005201288
264,0.18507616252108711,0.060814327496953771,0.46566608786035174,0.25625307607133707
265,0.97067247584013971,0.18424613577962157,0.49124085719087701,0.26830527815164007
266,0.28578781688002636,0.092066989692870999,0.47122939436194944,0.25928102630394423
267,0.48771407386696669,0.98027975875815621,0.52673178497908979,0.30613343799991577
268,0.081018388493743265,0.034952411060745363,0.45993114743137209,0.25340146909452621
269,0.047069104113697545,0.31509739890041527,0.47911424047977713,0.2716522586168294
270,0.66826428799523274,0.83339505139080583,0.52726286789799293,0.30379792116001852
271,0.74953620391943265,0.80214638593714915,0.52757529953881654,0.30303628014752687
272,0.19753160829344998,0.35092487013785867,0.48745689879685089,0.27561749746026387
273,0.35525309159011814,0.24828958103387852,0.48525109200643868,0.27058668657470275
274,0.74684579322783973,0.77148453766849134,0.52599041178556538,0.30162606063360209
275,0.51024715571455892,0.68074025558190199,0.51608591074898136,0.29586122596873199
276,0.60189756786379733,0.5821979349721107,0.51281017217366309,0.29155542399770146
277,0.2777949960579979,0.89032150208962857,0.51723869168982062,0.30121717776832763
278,0.35121870214011286,0.4280931117941742,0.49729298178308168,0.28148349487947821
279,0.036583722789154852,0.32714476895794503,0.47940543133097718,0.27220055045200914
280,0.24836215103877476,0.21415525600692492,0.47968536460099653,0.26756050113336105
281,0.65981821139588726,0.80040388044553112,0.52563633376714014,0.30241353854473185
282,0.62578056947909066,0.29014698614416412,0.49434808791420826,0.27470071143953267
283,0.81140159646571852,0.31619490418821811,0.49936982455636258,0.27700908102493021
284,0.38195334757758537,0.61605295688280604,0.50913669228864988,0.29166857713658317
285,0.66232594006824075,0.86023254404844496,0.52816354983945846,0.30471812027604089
286,0.83266461850669005,0.88213532176058507,0.53257075204246729,0.30664899102957593
287,0.34114755753617504,0.11026016075521476,0.47418972316042057,0.26094884622945974
288,0.65712433432146211,0.94059204604522095,0.5305446798695248,0.30704455185885043
289,0.68958909677538327,0.43546914310719587,0.50557190985096467,0.28391359430648883
290,0.033929599651077294,0.8448574853133527,0.50429085733495205,0.29529518503350521
291,0.89099990534862739,0.12410813544740668,0.48517916133239197,0.26371604126710801
292,0.14989349543339342,0.17478562445478749,0.47350104248262181,0.26405358241891991
293,0.4887924748742371,0.70669613041378321,0.51688466908169972,0.29692507737373047
294,0.30990088679230537,0.81453084377039919,0.51624222235491923,0.29956659429839277
295,0.17773296319151996,0.46278618407059696,0.49363130474136507,0.28166369492956123
296,0.62556653009034935,0.39184961651888445,0.50146988934601733,0.28105169385399686
297,0.048610851638123863,0.18153716011071813,0.47005826390741751,0.26337169100378727
298,0.78729189931201982,0.95905753171063268,0.53404469526060894,0.3086017958686797
299,0.97909786896415762,0.97693362945698914,0.53826719894603692,0.3103769643617339
300,0.94947411496845313,0.74859342316110855,0.52829055826065074,0.30148345530700149
301,0.53932372953501762,0.56416585321313473,0.51036347061665466,0.29023431391187854
302,0.91017387545859674,0.54880562828030677,0.51637518860221177,0.29114355005785658
303,0.82153003939095648,0.31473323372359158,0.49941501368663233,0.27694277510865706
304,0.18802585146516795,0.71259861377911882,0.50735822868936642,0.29399159858876123
305,0.9052636958602932,0.058821685731655457,0.47951815909256007,0.25863239206953498
306,0.027416932118625847,0.14227389535248514,0.46626015836054341,0.26047815975673466
307,0.83656422590891599,0.37856032028944464,0.50418847371274123,0.28102167550485774
308,0.8263138096007635,0.13202843326089206,0.48502296698702252,0.26420498406937082
309,0.87099068094535037,0.76216267729139653,0.5277434698054364,0.30179979701915133
310,0.91066453831800032,0.18289944139799336,0.49039788138661677,0.26810982356361229
311,0.45130910444079203,0.94148851524553034,0.52472982392464174,0.3048621344166369
312,0.14213800161295803,0.13720733722214357,0.47037058559115491,0.26140449796908116
313,0.99840243894689495,0.4583248252045713,0.51186177028266078,0.28627017472216304
314,0.16917139189565789,0.85279556137680779,0.51156474888693926,0.29840888593442788
315,0.73579085239776176,0.58267137090865284,0.51551057065841166,0.29227487887344167
316,0.42174544882768533,0.72360294398496627,0.51590395491928154,0.29714123654155516
317,0.011934788328583818,0.67065104264110564,0.49708048210518246,0.28915398149610216
318,0.31044278461305658,0.10176606733795489,0.47269445877714816,0.26014726689020012
319,0.15343767537447858,0.65472004806537887,0.50307505945836906,0.29087380162505738
320,0.17515912318102783,0.59597200450632948,0.50094810304543336,0.2884060590253214
321,0.012062725121004042,0.44434669348114403,0.48528131693609583,0.27826844686761015
322,0.53721525989634689,0.56324461330239428,0.51026092756271824,0.29017265401076148
323,0.67672511707769012,0.35797718581872762,0.50011870545916326,0.27920261379263489
324,0.20612594534874662,0.52483309060012695,0.49827046909358935,0.28525666395367805
325,0.14733031219543191,0.6607523324573995,0.50311674553420904,0.29106078772525817
326,0.28198074094447079,0.95646339456496066,0.51885237409923968,0.30268726327721013
327,0.80895020824299435,0.55747888993105155,0.51530251192153353,0.29124687824727413
328,0.3193082950729062,0.0557318003513501,0.469042345549884,0.25673770345257391
329,0.39107866163357397,0.25114924752580703,0.48638913177739723,0.27100126910793193
330,0.47185098943525228,0.18570893118690002,0.48332806292436048,0.26701185130865435
331,0.9656496416127659,0.11789755030235975,0.48552819798125135,0.26334627852918757
332,0.22671626630477842,0.29283505098364548,0.48458593936378741,0.27240712010153767
333,0.41828236530834112,0.8178208849866293,0.52002485896843409,0.30099948680212457
334,0.57251489941185574,0.89578177482188914,0.52709674194263167,0.30504705600485571
335,0.93331479001169793,0.63916585714629615,0.52205143606034865,0.29601076373808433
336,0.23512667128479808,0.46646328156891981,0.49594522229185628,0.28251580367522428
337,0.24188745765386849,0.65316282806241655,0.50648184468784752,0.29198354255197717
338,0.71064837587984508,0.90853835728716814,0.53090095570287887,0.30662626696519929
339,0.14161607617457631,0.0025904466700390916,0.45928176807036403,0.25144143487912135
340,0.91943805965300418,0.26663546308249936,0.49717564051888752,0.27399205726522874
341,0.94318418970898499,0.1434010979386163,0.48747664397849588,0.26525032473030358
342,0.97867718447364171,0.020985999238642399,0.47678419382364984,0.25560535989707323
343,0.18571166980579729,0.3476530238015228,0.48682156580300112,0.27529966283747409
344,0.70231038011907365,0.83817215472612305,0.52820901601907222,0.30421794499234034
345,0.89658919626782885,0.63112592043505278,0.52103110639334493,0.29546366970597682
346,0.67372254270819254,0.85674819396153323,0.52829794715371603,0.30468562522478221
347,0.040690519744751512,0.39316445115845416,0.48367722046423878,0.27599318853912158
348,0.7158980266585131,0.94423129524294058,0.53205309586183547,0.30765011542649828
349,0.7183450623625075,0.0060158237072057089,0.47215657328023286,0.25404567428359487
350,0.06337946574433008,0.63774751503298766,0.49812985254781245,0.28864651006743725
351,0.80776645747494191,0.6357940761111095,0.51984191710056038,0.29534583047864577
352,0.27575915174569238,0.1452859910363215,0.47524975040468265,0.26305927697526382
353,0.67938497988382585,0.69921273300618636,0.52090317930099816,0.29784932996562452
354,0.64898511545868831,0.20157250502064125,0.48803005170470137,0.2688091203746325
355,0.12377420824432048,0.67770766145504324,0.50292326495022088,0.29146931161523776
356,0.39319177044584647,0.480340433126071,0.50169319598008899,0.28472135724296049
357,0.95454025913920493,0.93482434724929053,0.53660492512769264,0.30906277839713098
358,0.16449581239848632,0.84891899120743619,0.51124344035847824,0.29822249558186237
359,0.091934880434756644,0.86726555812264572,0.50805419294454923,0.29716304736442373
360,0.37075520512020449,0.76151081974633272,0.5162131809637619,0.29833662327363064
361,0.76352762021356035,0.33586664249895842,0.50004311562008796,0.27812483227347584
362,0.50117430343226299,0.87514970784214097,0.52447392125259162,0.30372902910867511
363,0.94672300433743517,0.068919022001244598,0.4809240468887318,0.25948939054465403
364,0.23855238227789524,0.23758086203535786,0.48108611839189536,0.26901416604837503
365,0.53061593726462464,0.34991905999410666,0.49666411341304506,0.27804734422801458
366,0.38644842856494943,0.38855887475017226,0.49575280477615857,0.27947897862940668
367,0.4823026651920867,0.20696234380892711,0.48520878773175669,0.26853073303207708
368,0.66043721125520538,0.36870838375542081,0.50056196316289348,0.27979835651002333
369,0.73761103850336518,0.59455449149712225,0.51623474041010931,0.29290554947303582
370,0.62017739612989831,0.21914648776029935,0.48889505304231357,0.26993138740321254
371,0.26592977459548278,0.89609688369029905,0.51689634835740672,0.30116038951913271
372,0.461408742062829,0.36712787166462518,0.49624829767379042,0.27870506422988373
373,0.21425521690094612,0.79617404307030382,0.51185821462249159,0.29756713590993189
374,0.747231183604675,0.10745331957001472,0.4817928650638359,0.26218766834330254
375,0.51438825646535269,0.57125534999413652,0.51017880673264049,0.29043914154814521
376,0.79258568380131622,0.6046860464042868,0.5178029467561418,0.29367899247592599
377,0.97527738218415772,0.23981657519418514,0.4957883896270549,0.27225899149618038
378,0.36816136201453631,0.19809186646036106,0.48184028436252657,0.26731726212326273
379,0.12051774179005298,0.64841429575750376,0.50133036667886943,0.29008511215487931
380,0.89841987393273748,0.3842108731866698,0.50548316075492683,0.28154538977125537
381,0.18161626525231406,0.096155151651205972,0.46846247822907516,0.25883453832774894
382,0.40445579495799033,0.58915264617352525,0.50831149747045445,0.29052354713097178
383,0.11268116767067696,0.34518623407749693,0.48385931306916158,0.27430037437331872
384,0.75487010304512225,0.50627031638646725,0.51125110178762301,0.28822309473969293
385,0.73685630262704804,0.99230253692663983,0.53372969283077309,0.30897253278191322
386,0.53319632299985975,0.51179699005443835,0.50713218458049381,0.28740765844424598
387,0.79007353477102005,0.10102187001578278,0.48184037211203112,0.26177922334075143
388,0.43098464296037564,0.51150255026224778,0.5045831293800972,0.28669700594430297
389,0.73815323183372394,0.29343126048882262,0.49655075272497029,0.27531005870873554
390,0.52038800857007739,0.81167029311178496,0.52274203172995837,0.30178965301942973
391,0.95712445736924423,0.15719916658449221,0.48881651461679426,0.26629977016660467
392,0.6120873644726933,0.33098831048727734,0.49701967362295635,0.27725486201460575
393,0.42599062521619496,0.17807268734060927,0.48169688263323246,0.26625547260685734
394,0.15996179306843553,0.24601527061484524,0.47902794954875433,0.26881828032556199
395,0.52249219380720757,0.57499258837850076,0.510587756302186,0.29068700259175706
396,0.23578670980216704,0.8249398923836998,0.51370046963335037,0.29880362975074304
397,0.3860016292551649,0.8156134078239673,0.51891336256546106,0.30055848684258885
398,0.031740626583795527,0.83389652435901818,0.50389952236465019,0.29498616329555255
399,0.63553595827020481,0.30233179477927041,0.49541656862640837,0.27552745194283651
400,0.95497701649075617,0.18781142119622093,0.49134839352678689,0.26853921259391711
401,0.98892296952527248,0.92929450660595903,0.53702046601527142,0.30909051071999061
402,0.22085036096646218,0.19565708966603271,0.47745071919334009,0.26610121453467728
403,0.24893249992317287,0.92148356635355166,0.51675799284476531,0.30142883963888112
404,0.55874357871926628,0.47301287082870264,0.50533306178169479,0.28541984194999231
405,0.36496496807091172,0.49945095632494196,0.50203600775063573,0.28552606519260199
406,0.10864252154565184,0.15743353317851436,0.47068695322026943,0.26245833448214478
407,0.17520099679817211,0.39381165525716499,0.48936554359499362,0.27784111189360822
408,0.57693621799763062,0.24641816492286744,0.49016757269237277,0.271619428463023
409,0.95706203426631409,0.85384845632644135,0.53364400945236146,0.30627670582189687
410,0.61656594302164158,0.13601509938506642,0.48213546077670139,0.26399755477477177
411,0.03909072521167109,0.58692566881225217,0.49436082081331029,0.28584946289005791
412,0.80400222450991865,0.41244025230380943,0.50600104116700195,0.28298073226774684
413,0.064116382310760681,0.27661157816847554,0.47734148014169536,0.26958976060850809
414,0.17238366766831606,0.44945449650645025,0.492639140221107,0.28088188490796895
415,0.067162284927547458,0.3822284096519114,0.48422905245870024,0.27578823112856726
416,0.67185928695936459,0.7647780750538572,0.52413944091640541,0.3008884430651223
417,0.75422142417217841,0.42453586046119457,0.50599285118410753,0.28352680094625471
418,0.39969671448093141,0.1265911600131891,0.47695821345655925,0.26245199109490375
419,0.63342564736459184,0.75435974913939141,0.52278547608496084,0.30016969392798909
420,0.66218292090086039,0.42343814195414309,0.50427267386810681,0.28309072548834974
421,0.84119962422215622,0.38770969477976908,0.50489145119489265,0.28159833949207297
422,0.92717787616861758,0.2669064229610027,0.49729692170690565,0.27402635048094465
423,0.14873388764559059,0.54376084278099013,0.49707016097269435,0.28547961450988024
424,0.26043918936840493,0.71197034970972461,0.51010939947740075,0.2949145220734577
425,0.34880333744935926,0.80769609371916162,0.51737716997926941,0.29983995585069562
426,0.55056869722384727,0.40531143352108773,0.50082019862185789,0.28148455996760929
427,0.26471156349427766,0.065018026466073936,0.4683824846156906,0.25712571906415366
428,0.26328900577052267,0.41548761309128024,0.49380060922971886,0.27999288164514552
429,0.12343290538667935,0.83582191789326021,0.50890293858203384,0.29708158717290906
430,0.047558226769568869,0.90182758908079708,0.5062893831846903,0.29680756899359173
431,0.37977406420862536,0.083084437463188082,0.47286340310484359,0.25912975754340051
432,0.88201652785324258,0.23020860902074494,0.49384487401657712,0.27141381685860294
433,0.50571242545373973,0.62032074639491042,0.51272120661883813,0.2928746900016081
434,0.90634760908667233,0.095214193852047907,0.48282730919289352,0.26151486604037139
435,0.61106603844204221,0.3443349694629782,0.49793558589596032,0.27808478194627534
436,0.73101654522937021,0.01606715090899961,0.47328772342995007,0.25490057943640215
437,0.071590191006043455,0.59753622786834604,0.49649780421954548,0.2869182841488146
438,0.16892100751415129,0.15720353407262591,0.47283606641132575,0.26303686078504368
439,0.32315891583588674,0.64432050366051263,0.50882635707662349,0.29247528792447247
440,0.51327669858307345,0.65418434152834815,0.51475061337561812,0.29460063602082098
441,0.32648416875818514,0.73532249233919433,0.51354365336440211,0.29672630266294076
442,0.50529359150958475,0.57077700682847055,0.50993011802628085,0.29035246378522878
443,0.11661998300912092,0.27440990560710199,0.47935649236760841,0.27011621760175447
444,0.71272169690179876,0.480113622864557,0.50886129737296004,0.28657809616456692
445,0.47063465369372864,0.40614833625195318,0.49904625400292452,0.28107361981196155
446,0.87725556896856294,0.17965804197507679,0.48970194644917603,0.26781487267645426
447,0.6870240553563578,0.17132680129463551,0.48624080781688989,0.26677637818641697
448,0.6686233109057067,0.51779204723074801,0.51036873434764407,0.28847507546972595
449,0.75022723888478948,0.85111994173413852,0.52974341098155464,0.30502275633394588
450,0.65804946533612674,0.57943197815938619,0.51382461193233031,0.29172196729854788
451,0.6393723036965705,0.50298675243150215,0.50888386146250797,0.28751641072348538
452,0.41716619187354809,0.53217525139619826,0.50542580190525521,0.28768990738527905
453,0.05474050809979672,0.70263199330534554,0.50080383033924425,0.29135983371935459
454,0.98914038553886352,0.99833454812035205,0.53900207312400417,0.31097257683092661
455,0.27159998155840442,0.41909921039330078,0.49429622490699726,0.28027592845863619
456,0.52507514642322206,0.1912429910250823,0.48488442928092446,0.26763221851445113
457,0.59915651043838591,0.40993599812692266,0.50214596533403999,0.28200430834557283
458,0.020453881523234307,0.8218078587466735,0.50293338299986401,0.29441506665409001
459,0.99132570219767524,0.2913797266624053,0.49996865876024632,0.27579812718337615
460,0.94510406971821803,0.43614332115059956,0.50967423669586742,0.28481914489765603
461,0.40404948302808918,0.20994113907624271,0.48363690159367173,0.26833160101504383
462,0.88770193341249837,0.13479437610894676,0.48606004770721323,0.26451903792825637
463,0.40186246716185708,0.51414175467587775,0.50394967384478562,0.28661350019332177
464,0.30728471908393551,0.085359244480996854,0.47124775585153084,0.25891261208150146
465,0.25419426844780102,0.93030908209221674,0.51716793627781454,0.30170128119628242
466,0.60729505313079579,0.46370284995782424,0.50578314469566976,0.28515553289565021
467,0.90289385767559294,0.35232986596502597,0.5032996598120415,0.27956452601977966
468,0.75713967206691157,0.40114622864158594,0.50447534970869279,0.28214004408393645
469,0.21703871226770571,0.49993186498180731,0.49725603257036882,0.28409372123681342
470,0.86855130371457201,0.29326441042321966,0.49850661988655354,0.27565968687739212
471,0.69568231168322958,0.40426344322933583,0.50361886336557082,0.2820943927301886
472,0.93671322779856858,0.22315518628853606,0.49399142852435468,0.27102701458988865
473,0.29472605652610073,0.4317959093276062,0.49582135362643526,0.28120407463446534
474,0.50208635801897616,0.47210145938018105,0.50398130894105075,0.28503163819315946
475,0.4104495996073238,0.94227189772174469,0.52338874771336452,0.30434777226415716
476,0.46967854829452699,0.25663620892878392,0.48867364026497456,0.27180432484815731
477,0.53679415288007593,0.02814844169515418,0.47128950716903706,0.25544914530944313
478,0.96125407931964146,0.60126165524817776,0.52026552736682186,0.29413121858562202
479,0.37544191017221895,0.16961692384720081,0.47981951562583008,0.26539277049466892
480,0.29029182277164656,0.19599227375230985,0.47957667255170977,0.26666391808651652
481,0.12994753921421945,0.1413730237425887,0.47025516208938301,0.26157527641277983
482,0.94770212878143656,0.2645948056462803,0.49738111987802247,0.27391045558207666
483,0.95811946066551612,0.81599705992661187,0.53188450883485638,0.30465779727947001
484,0.97365568260051083,0.044005382586771162,0.47891339933512883,0.25750274672776374
485,0.57232265112329039,0.11313750184249366,0.47941785630670325,0.26215804690850258
486,0.3633349504235317,0.78162029829545654,0.51684600757900911,0.29906199552200424
487,0.75634764387797337,0.70929556688662854,0.5229447059355089,0.29874616082641908
488,0.48254970827264482,0.0041714503583847552,0.46806217375880965,0.25333723334596014
489,0.86585749484981644,0.68415506063677611,0.52350774181049753,0.29801966308265398
490,0.28925660597918323,0.60749740458993473,0.50575519895179077,0.29033789646131203
491,0.90836954376309886,0.63470266078779247,0.52141779351627571,0.29569131654443848
492,0.85678850682148477,0.29104159922419354,0.49817486843978198,0.27548392187863396
493,0.76815966565030391,0.86328840067534485,0.53058662006726631,0.30558151471255113
494,0.64816241521331253,0.44641351342151175,0.50549831244340415,0.28436532536552966
495,0.69745731082096463,0.096648043458035682,0.48010406904116021,0.2612510413926058
496,0.29293480616387679,0.54160118469874152,0.50225145814702465,0.28707282214776808
497,0.8744251410497702,0.27753311611936665,0.49740382559875063,0.2746270845987967
498,0.13879099915170809,0.61736718442515715,0.5005550973231615,0.28891592547597045
499,0.94380346487875799,0.85393297239922683,0.53343148960579823,0.30621766564380498
500,0.76384748280275383,0.67618519289203693,0.52130200494603673,0.29716964518602412
501,0.26746673983765068,0.27706633106252415,0.48479419530105183,0.27178122644408242
502,0.84575435200197391,0.88001780339513203,0.53274369042077352,0.3066569830481774
503,0.62422826302350731,0.8336846871298621,0.52625517139545031,0.30347905801512426
504,0.90267713286856899,0.50727357791588867,0.51368918732922697,0.28881447738147742
505,0.085667273851588829,0.60449445735529306,0.49751884489505283,0.28748118196446287
506,0.52183572739054218,0.66978890885064613,0.51579641844772284,0.29542008756912752
507,0.46458071426415121,0.94329110175351383,0.52519733941904212,0.30506786917960826
508,0.56196941752274299,0.83031820213879692,0.52457923381339211,0.3028452571181024
509,0.41854135838086953,0.30175576933153209,0.49070952356443071,0.27441955771018778
510,0.00083784198121866218,0.57935286330968383,0.4919833353560471,0.2847720372243705
511,0.25059357541265198,0.36353898934727769,0.49008462702597549,0.276886371504726
512,0.3529451529454789,0.57297494145923999,0.50590331373740416,0.2892523299453249
513,0.65654561107986387,0.65144767070583764,0.51785630785553449,0.29538482691101386
514,0.25542708356716903,0.85859115976031175,0.51549784244727803,0.30005992229818979
515,0.64523805921563182,0.85646053914806108,0.52762475883401538,0.30445518380920261
516,0.27382242949061331,0.71588070689468875,0.51078265508284038,0.29525217531675252
517,0.85911947866246341,0.79328475124909315,0.52913233850351993,0.30318969250108607
518,0.94497800795194931,0.89451899457214179,0.53506764825079778,0.30772194677696474
519,0.38226709155068966,0.6677018631220214,0.51188778875927154,0.29416966327000804
520,0.05742546130918199,0.68827903668774526,0.50028858664639619,0.29080578110721339
521,0.7360466627287795,0.66344970723245056,0.52008763305483396,0.29640298262567866
522,0.45821236678963762,0.77817137173764639,0.51959068237770933,0.29989706635909191
523,0.98861825001892867,0.33411384951834333,0.50311142551094923,0.27859702831318461
524,0.20831488444319696,0.74705504230236397,0.50973594432198144,0.29571958183361846
525,0.71897198773216231,0.90712769154469719,0.53104551166866354,0.30665018018474721
526,0.16902260749464623,0.84005716411144249,0.51121521251015067,0.29807731674273652
527,0.40431215030736056,0.50872687555452578,0.50369765535997624,0.28634361574766237
528,0.067965289763256442,0.35336619407526448,0.48247845938424494,0.27416950738565604
529,0.17790447355696234,0.89410636946411104,0.51297476119116858,0.29954189307969364
530,0.26450400492426707,0.23308744018980068,0.4815652435867861,0.26893526518582578
531,0.66913484173576587,0.49092991246845341,0.50872342059198961,0.28699090335473576
532,0.38928898009675328,0.77912926836538832,0.51757447253390487,0.29925030436094219
533,0.35319739886642204,0.23472469181997005,0.48420136653326773,0.26968237461746553
534,0.98131537863082496,0.045243744861322925,0.47911208759507484,0.2576109212514654
535,0.65291493280861768,0.51331383725482738,0.50978681129344783,0.28815258304254499
536,0.49775744191942506,0.61554847720722905,0.5122593685418767,0.2925788020669996
537,0.90610059992362513,0.2331897930992651,0.49439757266533596,0.27166995919905945
538,0.36665511118661381,0.75579250673122012,0.5158210568868169,0.29805207931655764
539,0.56010002192148245,0.8453464544341085,0.52509595524604846,0.30335645329272232
540,0.73730407338427617,0.8467205996782402,0.52929944666779616,0.30477482706695919
541,0.64187644620138451,0.64821102455462098,0.51737224585428621,0.2951402987107421
542,0.25266945351638137,0.090122315460478428,0.47013959268084204,0.25892193931723312
543,0.024749845575296785,0.46098557299702664,0.48686168510925715,0.2793566340202836
544,0.88434729243294574,0.24122173244146397,0.49474183545962597,0.27218156938529403
545,0.35548232550736286,0.31625647243572169,0.49007221666002126,0.27490603134555042
546,0.42135819009003461,0.92936002684329866,0.52345962373486921,0.30420385486096307
547,0.89223661412104271,0.88918553523399169,0.53394203214829572,0.3072457635885858
548,0.088442941307590811,0.5561016365463497,0.49511835289390915,0.28520121169747981
549,0.86041643613429042,0.81204614000100417,0.53009431461134127,0.3040504367939128
550,0.68775967522131987,0.11870430252362275,0.48185787473012898,0.26290446668136136
551,0.7508858991593006,0.65070370500459107,0.51966161549139978,0.29583983770967781
552,0.05586238314133371,0.19388718863761753,0.47125636558445139,0.26427235200267729
553,0.92316084586655489,0.31988744103600042,0.50122515618231556,0.27753303991496203
554,0.61242475271298324,0.0076257167874253353,0.47069525084065322,0.25397188511662944
555,0.80509586252466547,0.91043891150640566,0.53299673731899899,0.30738150543025955
556,0.39834548634957762,0.10698983953393765,0.47530841160247705,0.26100655292139469
557,0.41933160668831554,0.46340222285761268,0.50136863918808405,0.28398660464015746
558,0.90396874144532491,0.88244826191406467,0.53390210031759899,0.30707860632892697
559,0.47902380830898184,0.72286264514973153,0.5174522343597292,0.29759910086939351
560,0.50866120049733443,0.97216016437950314,0.52721024729145205,0.30622292799936268
561,0.48007939137775685,0.62842916573194096,0.51251581324437234,0.29308921574605978
562,0.89713338972117052,0.26547342160091503,0.496792126045005,0.27386608505952931
563,0.5836314340504003,0.92161895365369284,0.52813495870154969,0.30586014030534292
564,0.79674652741182372,0.26851135003148813,0.49560239628648811,0.27382892013680243
565,0.15326668026834961,0.94824197634545859,0.5128506380127611,0.30008842730925683
566,0.9594440495681833,0.42790120846534846,0.50931507739192883,0.28436426985465829
567,0.95894488637602193,0.56807484941958686,0.51825431866444382,0.29234902170928168
568,0.5589106888015406,0.67164322511163776,0.51679054834842031,0.29577004213902652
569,0.96670566692008875,0.6020845066470677,0.52039203406171874,0.29419238469430198
570,0.041029663399967831,0.31842614139494252,0.47905358339179971,0.27175897687125017
571,0.35659854301811433,0.98939033606323656,0.5223996880667261,0.30449081694887808
572,0.40487379770294069,0.43489542866902192,0.49921108488878663,0.28228224119135437
573,0.56965609752362356,0.91627027958523255,0.5276100272782297,0.30558113589610858
574,0.15379884775596439,0.28290344382439508,0.48135406326095087,0.27106071097394047
575,0.50024070415584143,0.45613395403117174,0.50294342528434743,0.28412526624662898
576,0.40675565554121279,0.17289852783378445,0.48083869805768542,0.26579375017891949
577,0.24612009049573683,0.88650314180707801,0.51583801587191958,0.30060518161153205
578,0.57067863646867911,0.90058225176382123,0.52719029645669879,0.30516497231919659
579,0.2390420455115731,0.42754640164800223,0.49373326213260749,0.28042616991317476
580,0.83765879367798335,0.70509953490098709,0.52417283979057117,0.29892676633408011
581,0.28295984622159742,0.29406250792889627,0.48645066530749936,0.27297389633333285
582,0.62771799092519798,0.0063038063967251218,0.47081772857896015,0.25389651070209734
583,0.43953647367485105,0.70412181228451665,0.51542175371634957,0.29639756626276992
584,0.3006407160853618,0.45466766987048324,0.49740782331324879,0.28252651675330043
585,0.59816245548952141,0.6510577825306566,0.51658079498989162,0.29501902728284179
586,0.18974789842643078,0.37103174236881314,0.48846855952688634,0.27670386808830438
587,0.63724118110326811,0.48172914554529128,0.5075235632649393,0.28632234724806654
588,0.81076934647368037,0.61534116800242344,0.51872893618587723,0.29430890998050724
589,0.65952468977301626,0.52749518618852609,0.51077912842718443,0.28895996761052029
590,0.15243104946460809,0.15811964920106111,0.47233481029471958,0.26294584176149421
591,0.97662348092341567,0.36255474349033323,0.50501068395899718,0.28038589457400093
592,0.47446994826140582,0.45293928985897219,0.50212359714706134,0.28378170524901419
593,0.98655994518228107,0.691087423861248,0.52574521658912021,0.29882069661210214
594,0.96683192234247695,0.076552997064671946,0.48184661400356732,0.26011961654657739
595,0.79465227012898543,0.029504349988780453,0.47541751016620132,0.25610584960250748
596,0.48145830078559232,0.3945145330980071,0.49854472202440531,0.28045714402810223
597,0.77923031771696405,0.84729313866264422,0.53017609674448762,0.30506389768734593
598,0.3214550505433581,0.29602811823555969,0.48771996947172586,0.27339891096411262
599,0.24004127734206851,0.69321542566531569,0.50843303645163263,0.29381206794522235
600,0.025740098674700129,0.11538704556775047,0.46415608870324998,0.25861203501318231
601,0.086949730593117419,0.27268738807925258,0.4780425887654432,0.2696477680598191
602,0.93773049778874273,0.18881629744978853,0.49122165950338587,0.26858375711878535
603,0.43541331781180342,0.21482502727274552,0.48475519613779,0.26883352967565122
604,0.51611516033707883,0.36632516069629928,0.49746252438659078,0.2789708229223366
605,0.78110022219914244,0.66308466966698176,0.52089664532820523,0.29660173838719178
606,0.055192560600966688,0.38298267696850236,0.48373381034766633,0.27565276239547171
607,0.14659587179099909,0.84202613911445956,0.51020664623097711,0.29770183584659776
608,0.88396470704440722,0.30852631088263588,0.49985564461657866,0.2767003061856434
609,0.96879400115968894,0.41027734556497308,0.50824193061034606,0.28332349047507926
610,0.57902210421707723,0.52680005212515835,0.5090629829447354,0.28849193876337798
611,0.65668796829181963,0.36085551910098873,0.49995110829895506,0.27930031103389452
612,0.067327474431216255,0.69272090031349798,0.50099095994346166,0.29117994537935321
613,0.28021750958181219,0.061443622978555511,0.46850506088748989,0.25695051961579662
614,0.15963547028364847,0.19661086726981447,0.47546415092966121,0.26560806113570706
615,0.46293912110388047,0.95352727756429234,0.52537694121157674,0.30527204247644002
616,0.67662628303164385,0.81657067643423797,0.52673552678728841,0.30319789593009205
617,0.42191960101196307,0.64203387351379493,0.51168399873247539,0.29329012203102289
618,0.13239888196234825,0.74045351640790469,0.50617519292655888,0.29425953200816612
619,0.12122069756529527,0.75185276022945768,0.50609952724248464,0.29448114931339281
620,0.93108624090520897,0.96552997629292081,0.53708806343147508,0.30977927036150454
621,0.52290735970960234,0.080267693197226625,0.47566991719842944,0.25950164596822611
622,0.35029697049845709,0.74029765046417018,0.51456225895492613,0.29720351985415644
623,0.91291818116049983,0.82429448136227446,0.53157363420474357,0.3048366707640387
624,0.46181808672848862,0.6764694034817279,0.51460155697350429,0.2952801548205079
625,0.67610289698998682,0.12015512018249137,0.48179578300854831,0.2629841033235521
626,0.014715039328287823,0.062618604853458243,0.4595540160418754,0.25472722996183156
627,0.83442771523207193,0.88436350109999773,0.53268603226568623,0.3067358747495767
628,0.23759994243496332,0.096226196379528853,0.47020146628566284,0.25926623593694592
629,0.028562449828686658,0.4166930575831444,0.48449590209969806,0.27707869351845971
630,0.2562638775711763,0.99467543300291295,0.51843144708847055,0.30289075826965661
631,0.71907283525048993,0.0093797690460341986,0.47248625525315463,0.25432664549062356
632,0.35642463358688403,0.89081827873805308,0.52024287265874392,0.30240187746316777
633,0.82352817517445653,0.42821054158118788,0.50736490623652419,0.28398648620152184
634,0.65281731959538303,0.33877856295536041,0.49833925075942381,0.27791217727919904
635,0.60084600412271683,0.74826144157493257,0.52174568504861274,0.29967476468702214
636,0.96510097114212123,0.074967752564616963,0.48168292966564979,0.25999170210549
637,0.98601250771101345,0.93936896607022502,0.53729298566105255,0.3093780123702814
638,0.37096872967589878,0.91913647035405743,0.52147418819125313,0.30328831903954628
639,0.57632142467523229,0.4342457814262598,0.50325603628155657,0.28330916468771195
640,0.020042139358364512,0.77109067955884381,0.50147073590546654,0.29302563376818669
641,0.27247133706788301,0.68149432784918462,0.50902310363777892,0.29366711250075483
642,0.33057621000924847,0.21008199200708189,0.48176032763342658,0.26789186567076978
643,0.53024476190513237,0.096515551196003802,0.4772121228391103,0.26076540300674395
644,0.11549724302013638,0.3743780248383875,0.48581575552690098,0.27601193437872712
645,0.14793443595933495,0.015775235349184371,0.46063727978935248,0.25252258429483393
646,0.79999963220994696,0.35319493132942592,0.50185157938316227,0.27933244998617879
647,0.59373686911951518,0.65807484526854243,0.51686285668583398,0.29533673008391131
648,0.71591612553690798,0.40250952993229733,0.50386106933578534,0.28206900610131869
649,0.46646567426976981,0.51799831155835419,0.50588839175686817,0.28730263178660687
650,0.50129996014492362,0.65018411988880254,0.51423532672173788,0.2943175391075199
651,0.86832810003421046,0.086105384420382333,0.48154718547407116,0.26074957065523541
652,0.70018531323414068,0.78662961685453781,0.52582351827275531,0.30205552956463527
653,0.29152214814146288,0.80345010638631642,0.51517280847254254,0.2989494952292
654,0.90768486050552466,0.092715676557889676,0.48262050336645596,0.26132172569591428
655,0.47355115277796289,0.80566743022726162,0.52120219987821559,0.30112883956465408
656,0.053522638595255564,0.97669497608958045,0.50785904406122029,0.29816529243869871
657,0.80346068959262917,0.71414149850175024,0.52406150285891495,0.29920888829575171
658,0.19191301993123489,0.88043043549984001,0.51330920162564586,0.29950209461522936
659,0.29649530085710579,0.67020588564606154,0.50928204865176885,0.29341535211885572
660,0.44646920848217558,0.29563168616081825,0.49095627367226713,0.27419795823535081
661,0.071305461968213787,0.39020275627257067,0.48490013029430185,0.27629261228843027
662,0.19947147114857799,0.76625075096354123,0.51014566299298492,0.29630911992416842
663,0.60473461037365484,0.99432393171406586,0.53044543395223076,0.30775173377382903
664,0.14954546074316605,0.33302398248760728,0.4845289700295411,0.27403506507434994
665,0.77588762256811605,0.93025270071605926,0.53299659619138129,0.30774946161067029
666,0.82010149726815296,0.65822498163093113,0.52131056201559911,0.29653356125181224
667,0.48152191722270804,0.74098902043857373,0.5184316645795648,0.29845272232692976
668,0.13584996458900858,0.1639524771450204,0.47218447042130141,0.26318165646172209
669,0.010883071958937217,0.64227472175954603,0.49565790643051028,0.28786838989917524
670,0.43887365732825129,0.043007118600176183,0.47070254856863203,0.25629994773114489
671,0.86153778627266875,0.52469481584917532,0.51415314371474952,0.28965067972915515
672,0.16065195404532134,0.97641471642233668,0.51368694382698776,0.30070742516059207
673,0.55470242123695801,0.97395883240249248,0.52861065402700724,0.3067890736479284
674,0.13745461533543421,0.86878965729888302,0.51043582351139205,0.29817142068092684
675,0.44478545457952429,0.76042645392621644,0.51838392795693056,0.29901541378054003
676,0.15561295991129009,0.5950337688278291,0.50010234214329796,0.28809235998486532
677,0.10460869546827162,0.25335569868251917,0.47744006754963986,0.26866715843424466
678,0.62181736668894305,0.76813162451287498,0.52322050647905305,0.30072552803672808
679,0.65942121621287664,0.88755916958366299,0.52903975857494434,0.30558165576183044
680,0.23688748265431495,0.8205360669088666,0.51360661826661624,0.29868895101335136
681,0.031913437690550932,0.22793068319669693,0.47261481056300647,0.26613608210102757
682,0.31493974658410301,0.46448096521619009,0.49844725826331299,0.28319535418649239
683,0.31391066679464419,0.64053734537701823,0.50832658637334827,0.29219817658675767
684,0.54169822894708497,0.032719192063028459,0.47179543226083309,0.25583070689067927
685,0.52554434624280555,0.8162674985399121,0.52306735337089716,0.30200933431026644
686,0.29633744052749827,0.69334286621896324,0.51044882671188918,0.29448650466260606
687,0.86893845860877772,0.11206863973123254,0.4838530261807662,0.26276281391385442
688,0.2342749427036033,0.90067950252393503,0.51566791776540977,0.3007259748376544
689,0.30481094361600702,0.36107239275836622,0.4916277663306346,0.27722380470188296
690,0.13473019502615791,0.8260957560279989,0.50919310227545611,0.29705019767131835
691,0.91744688632056359,0.23865836524051848,0.49497533150763157,0.27207177179816505
692,0.80911124295893833,0.86479389040834509,0.53146135514077664,0.30589510932899217
693,0.62790138040705357,0.17948881259051852,0.48589868841504907,0.26718246576566224
694,0.31858524869038957,0.93000153454408285,0.51977403580375103,0.30275454477097563
695,0.38061893924280304,0.67109572433641884,0.51201471557179079,0.29431510519946369
696,0.7211530970623834,0.81698045047564671,0.52769868233331763,0.30350313932371381
697,0.059657515283522665,0.089820118048146838,0.46357111150668279,0.257211325117847
698,0.72411766685567569,0.058458026065712335,0.47710759402953029,0.25832375646033406
699,0.91866723427757391,0.65442766413734066,0.52269414228970124,0.29673668116007623
700,0.50190055455729599,0.37165981387988434,0.49750123442032124,0.27921428067743131
701,0.27915230765958549,0.19357185954578454,0.4790723017715941,0.26641944388022243
702,0.81390989485554166,0.075096199050813453,0.47985868930519521,0.25980066630635806
703,0.15574576125143794,0.5562784937166958,0.49803922917456506,0.28619917331284794
704,0.31035369298978477,0.69204702738953061,0.51085786220511664,0.29458201396953476
705,0.99048841670594412,0.90598045656421455,0.53624924484884429,0.30835066326843014
706,0.43359118730671475,0.44661746886497133,0.50070078828941111,0.28314995003256033
707,0.83314547718981058,0.2911689758957946,0.49784512199753894,0.2754325642576006
708,0.16308677443616323,0.18269744695007104,0.47455616337340684,0.26471338764711272
709,0.54381804257022459,0.50000389057492134,0.50666157922642585,0.28682891246179054
710,0.5430291148562334,0.93213877211349316,0.52728805056288153,0.30570800347345378
711,0.73860132891648689,0.57594341824237494,0.51516819652829948,0.29193307932111301
712,0.35108786141121529,0.52814379822170598,0.50330454408264669,0.28692637722039754
713,0.90689411515489926,0.83609737611034662,0.5320259222113326,0.30531387619534855
714,0.48819804449441145,0.0050812976293615067,0.46825573057000985,0.25342958680267413
715,0.48620576538507598,0.36360132393693789,0.49659741971658966,0.27863894159004965
716,0.55218087166069307,0.62317280421172039,0.51400015654168796,0.29333692520781712
717,0.89839791353355403,0.35521265965948118,0.50344280033040323,0.27973528981496626
718,0.66137853000579638,0.012330687461292837,0.47191161113445534,0.25446442012417675
719,0.37679895188995871,0.96836272023360948,0.52275089374848305,0.30440770207620566
720,0.29308362496393969,0.42366375774113696,0.49526573699904591,0.28073301173584714
721,0.17039181587266503,0.65745967664060889,0.50391989280983873,0.29124423723931975
722,0.15060774095627713,0.82012441201802577,0.50978353885255812,0.29719002635102143
723,0.69216817566828104,0.76269674687586964,0.52445657743633745,0.30091357786198752
724,0.18744812518201071,0.0090926160632050605,0.46130510361039179,0.25229579543714697
725,0.50973982766411507,0.69564176304376446,0.5168523189585823,0.29656656941479614
726,0.60135036754499893,0.49339438901984833,0.50751247331077964,0.28678908123640068
727,0.9539503672141233,0.78762682641478032,0.53038394470884553,0.30333661186985356
728,0.86921425935010199,0.52319252428462493,0.51417902475776478,0.28959393168856978
729,0.69766694556650477,0.77997994408773963,0.52543981266997219,0.3017382186788104
730,0.81357741795220639,0.4318388027509325,0.50744945669432784,0.28416848192606436
731,0.34356305077798899,0.72957511159899879,0.51381923063744495,0.29665043304623517
732,0.13495824687835994,0.80201188309375437,0.50848785269749963,0.29637129211161062
733,0.15533564249837073,0.25960787930862278,0.47980968228315135,0.26962866505274585
734,0.82792914310545906,0.23354946559556994,0.4933625780943075,0.27152635905406158
735,0.7966884728500504,0.32403183094727572,0.49971484836241414,0.27747150284081623
736,0.88456703705220718,0.77533924409277977,0.52864748431665332,0.30247514206288112
737,0.61974097691116625,0.37883283260524042,0.50047745473665795,0.28024059664836837
738,0.4550714037828264,0.16361449774339562,0.48121123717034564,0.26537961447042796
739,0.75821639673385066,0.012987054655665999,0.4733731688518642,0.25468908724653616
740,0.90349226923115789,0.2160617774702725,0.49300177880569407,0.27046607101853049
741,0.50142058174753334,0.46519533638950672,0.50353707663650282,0.284641738490998
742,0.15716938739990582,0.57576816314804602,0.49914596801167221,0.28717874233427038
743,0.51591750438144668,0.87581965516606586,0.52491950959030809,0.30390254212433632
744,0.66475574591547493,0.99719666234023174,0.53208421970016784,0.30841557999483654
745,0.33438248261654518,0.94130637703690445,0.52062342637327486,0.30323462706895304
746,0.98164479983305797,0.45434372058260492,0.51137799657468863,0.28599310271572109
747,0.0010456261574407109,0.23062109623494326,0.47137802615274965,0.26585780734426101
748,0.84457474906918362,0.085715750738943455,0.48121123861541454,0.26068345310735092
749,0.15392466118148296,0.54133297565906546,0.49715005679078877,0.28542879425520784
750,0.85063342577592704,0.32780838983479194,0.50079503943395465,0.27786533819038678
751,0.050265900750353469,0.85870821754055793,0.50555449306038469,0.29600422318596586
752,0.46436552335195014,0.52365861686900028,0.50617000275790469,0.28759044421198271
753,0.22718318298083032,0.087453068111755433,0.46917162093632081,0.25854730129648429
754,0.26962373228453801,0.58007751275688646,0.50360459425766058,0.28877311809893108
755,0.85903149153630953,0.15296818196844542,0.48723764213083015,0.26582665035770126
756,0.10186259872867959,0.35293908402583329,0.48390605201220044,0.27460875459047268
757,0.18366105050636689,0.20985107878233539,0.47726885998374124,0.26671272009992553
758,0.047109190889669118,0.27990352296287896,0.47681539343018564,0.26955578514483669
759,0.84021425535575256,0.77405085372264726,0.52783010034465061,0.30221438451304278
760,0.70544683662947505,0.17195779425433139,0.48658945772118906,0.26687229813694119
761,0.15550769096164732,0.61174904697445454,0.50097071628374812,0.28889133591746824
762,0.36009125382268103,0.65886220165713461,0.51075361347074699,0.29353833477380703
763,0.71299779115008433,0.19732154562332435,0.48876007962569173,0.26870210543004613
764,0.9224985454094714,0.22729939377390546,0.49414210055884622,0.27129105124425645
765,0.98198739658748968,0.28699321302335012,0.4995218696446338,0.2754872421192246
766,0.82444568593116707,0.79411763900824595,0.52856978036822766,0.30306310611559334
767,0.35935749584204751,0.82905520320542858,0.5184937570369722,0.30068024949444155
768,0.23590296751946443,0.22001989926932147,0.47972734604288891,0.2678450131717322
769,0.52453878194083237,0.87442133623521079,0.52511940341996555,0.30394850842514326
770,0.19265983731049346,0.27170266284687677,0.48197760555085239,0.27076760461934452
771,0.51775456657792673,0.90836352306810442,0.52592999628221482,0.30483238528764939
772,0.98241673791228101,0.59032300261751525,0.51991836959479099,0.29361769328449566
773,0.62765775799249535,0.031326743017660919,0.47314555634414546,0.25594292999345941
774,0.31444035751452903,0.44203812747556953,0.49706451709832733,0.28195313935859484
775,0.065381579512020102,0.96221908672360013,0.50834505442361189,0.29826423666328672
776,0.84608461706467208,0.43276198349877959,0.5080163843814941,0.28432931015038343
777,0.33821440552360144,0.809872626204032,0.51708968316751924,0.29978177721443011
778,0.21721680718163261,0.85507476230392943,0.51379035020775199,0.29933272429391472
779,0.16429356232489226,0.22235340278990334,0.47750026499138198,0.26734246479993889
780,0.44503082004288447,0.91605701531328965,0.52390921054482897,0.30418842408710323
781,0.44573800198294927,0.2632139276137459,0.48860369295306899,0.27210700761742573
782,0.39612465024924604,0.54019224797553622,0.50530703191006132,0.2879416003115936
783,0.99977761505170493,0.33250416939553107,0.5031322863840697,0.27851594635210514
784,0.38071893501280579,0.78037764483700733,0.51735657425996462,0.29920734604326177
785,0.62722556498105408,0.19727566663759064,0.48730673786592638,0.26843656693054141
786,0.19252321120478447,0.93546428204780674,0.51451710082946656,0.30066117905658413
787,0.42338538292822198,0.77420322937426389,0.51840181965275078,0.29940101416077641
788,0.12961729412785497,0.82397653593426812,0.50888260000609042,0.29689205657224699
789,0.8768485596516985,0.60228903929585365,0.5190562501370648,0.29389106103018631
790,0.97260412320111644,0.36835043475303103,0.50537080708347226,0.28074160275713134
791,0.83713933622291081,0.89442026208293401,0.53309691385840907,0.30708834804836166
792,0.67162488902910855,0.038246324298961555,0.47447655921124543,0.25659899593040209
793,0.2879290317161125,0.92072568787831122,0.51835962981803452,0.30206954450023843
794,0.40862682069133738,0.87730105893149746,0.5216686630748828,0.30273089014689625
795,0.67785645853242615,0.86738988056395905,0.52878146893164579,0.30508063684289477
796,0.76195488014885926,0.93115459036316028,0.53272197566110946,0.30766913529178841
797,0.92976965508948783,0.87901665107366866,0.53422169105041983,0.30709630064955318
798,0.11030970032043989,0.44889551705302438,0.49009783535908119,0.28004446043539993
799,0.05775878672009567,0.26738278818373806,0.47644700900394021,0.26894069980280449
800,0.16587599667190808,0.57909522270037561,0.49967849222435734,0.28746044262356402
801,0.27614461215216435,0.87478028012240538,0.51677459687431515,0.30080848738858368
802,0.99785698805049761,0.90240166555746704,0.53624092610875074,0.30826773086359704
803,0.3406004124114872,0.60602371856112736,0.50733978174626837,0.29078831396718019
804,0.18689176727259765,0.68794768162035624,0.50610948422425561,0.29286950179271376
805,0.038462128003977705,0.18132040392117343,0.46960702302720897,0.2632267499137646
806,0.1913002967192442,0.35259484325944218,0.48734259620788251,0.27564934785526485
807,0.73890358144784118,0.17752556444759249,0.48756748886238538,0.26736016432730819
808,0.34723682327106364,0.065973694072279612,0.47062068524855993,0.25766873484005054
809,0.07831851904712385,0.51923391439354749,0.49266235073143283,0.2832132571605448
810,0.64243169589185867,0.66219726170107029,0.5181476351211608,0.29583528698590544
811,0.10733372650166276,0.88738361611767913,0.50931541665987301,0.29793757109882951
812,0.17005834634617203,0.050004776799550746,0.4642795623384865,0.25532197596516232
813,0.34578425342963309,0.30334022954265821,0.48891238736942438,0.27403466395861298
814,0.12027325731754536,0.44154313336560735,0.49008578835626149,0.27978710780577082
815,0.82847636068750874,0.47368614537267711,0.51041745728599341,0.28665818847041441
816,0.59748277873526101,0.52322934449483871,0.50924759294177135,0.28840300557682386
817,0.74306864820915508,0.31224242648886286,0.49800893220326226,0.27654803614080775
818,0.071047996437537952,0.064076004294061573,0.46195462892957345,0.25546889789323129
819,0.65191167598710165,0.91868562720877822,0.5298119536601873,0.30642147664992869
820,0.21325530521218899,0.43850113420950948,0.49349778937741862,0.28075722647735885
821,0.78986233776487647,0.50078053953471824,0.51150720426674701,0.28805498350515057
822,0.22816831031726906,0.58312323838270974,0.50229670513405056,0.28845061911249203
823,0.40903274848054866,0.11092391559222015,0.47588266330278234,0.26134882787455627
824,0.71493089667231546,0.77060819333164265,0.5253185215703936,0.30140899470140037
825,0.15868749067260651,0.54229562994731828,0.49739647826809635,0.28554131570027025
826,0.82903828777408928,0.46237257818266519,0.50969621584232694,0.28600786727015232
827,0.51402072951860034,0.84029204968769344,0.52366824164858561,0.30275595372028702
828,0.48537237296275559,0.36670327566292837,0.4967870673720487,0.27882144909695755
829,0.99018146813261565,0.034820989065908366,0.47822419415487522,0.25676279645554784
830,0.32544055166376057,0.35838038360622015,0.49206211986917597,0.27723286318110657
831,0.44926775267688795,0.41096210198592165,0.49883389876152245,0.28121749534923779
832,0.2555827958358568,0.81645822078223573,0.51423215332877359,0.2988524057936448
833,0.23995669600049732,0.37383215617368698,0.49039595517061607,0.27738431644941752
834,0.78668533726352041,0.43842943011739993,0.50745160348200702,0.2844640458547999
835,0.93274781243229521,0.61740507475723283,0.52079163924389571,0.2948828470965757
836,0.24228454105845887,0.20492050214164192,0.47881432244055699,0.26689762984134402
837,0.95409865011539086,0.79214936151407889,0.53061713509375397,0.30354678153440912
838,0.28456276578131368,0.80263211911869015,0.5148825382689407,0.29882595118604727
839,0.91756801845055314,0.053072318092931531,0.47913091798674884,0.25818298860991473
840,0.68016322539570973,0.04173150048340904,0.47492716670404017,0.25689757616658881
841,0.018513419161399362,0.27906617912998194,0.47545371734364161,0.26908905707269387
842,0.50986767197697191,0.80022972364845923,0.52198299695294925,0.30125504590022401
843,0.86446105023365238,0.35080074269148753,0.50264762639863447,0.27936744200284214
844,0.42291465614048068,0.3397713451054995,0.49345229208678065,0.27680687302857643
845,0.42274882734265412,0.0054701697156182491,0.46697033679860206,0.25323622953061059
846,0.18632378247942544,0.077378624770336329,0.46708080058436358,0.25749639110506911
847,0.27115566216710724,0.20230755909044529,0.47949420920241292,0.26694873895515109
848,0.38965396129387664,0.45807842906139556,0.50023832773386046,0.28346785509923877
849,0.37346783224748215,0.28391751846125118,0.48829604224275219,0.27300294599560543
850,0.81170461881057132,0.8063181132300874,0.52895079892520869,0.30355467724857998
851,0.47401937062387589,0.98605733610849133,0.52641331545379344,0.30607459882589139
852,0.17907166785992451,0.64527350814862872,0.50365846880325049,0.29080020204392837
853,0.39641228175944421,0.67032186429292195,0.51244350380274628,0.29442465946675572
854,0.1293095163405058,0.96138004419965439,0.51184748535870073,0.2997818958374433
855,0.5273908507563756,0.74562763439781266,0.51985149993489044,0.29902787483463023
856,0.83852567419266566,0.1284211039587739,0.48487679247097354,0.26395547366499161
857,0.12471512805024396,0.39425438207072439,0.48742228028608298,0.27725086287762607
858,0.98708864236098026,0.26937430077655011,0.49823678785629433,0.27430930715177965
859,0.63590484545057413,0.24867918842911022,0.49144674812303607,0.27199679439899532
860,0.75451435875772732,0.55031250257397768,0.51393379898903457,0.29063531331915737
861,0.37566997154498244,0.58993504923627482,0.50752335276607885,0.29031331673979327
862,0.22638188577037074,0.45304553268750897,0.49483875012712181,0.28169502085049458
863,0.55175687047784461,0.46870493827465687,0.50490986539458771,0.28513860674949015
864,0.2732611889610882,0.67503490924855003,0.50872438978829804,0.2933771927871337
865,0.18676424277682091,0.71645587168330094,0.50748968387606752,0.29414222397414652
866,0.098286897717521055,0.94787342508161676,0.50996976713608699,0.29884776026157545
867,0.67413039069041847,0.68857697091872105,0.52022921845049808,0.2973058926954959
868,0.73846372981298491,0.63795401957914,0.51872020853982104,0.2951377980559578
869,0.77769076350467514,0.11128474003149896,0.48256320750875731,0.262541858902689
870,0.32663884072998772,0.79129761406247268,0.51599113377910411,0.29898681285685202
871,0.52050318225891101,0.8512185668070219,0.52423609917966207,0.30318235866708754
872,0.036123640332592188,0.3809777204350685,0.48272586624967384,0.27524799225890006
873,0.14729106950877469,0.3800851257692906,0.4874436680338386,0.27673422319177438
874,0.6171043158218148,0.25903526366507867,0.49188249471333323,0.27262032708588491
875,0.017019934914063197,0.27012344966373641,0.474792386890378,0.26852689804165009
876,0.79819792288654723,0.65009933263502317,0.5204789520640426,0.29602863637922022
877,0.33301441445403035,0.59248986118832836,0.50636577423305551,0.29004399452950241
878,0.51981687842028923,0.72045969110328012,0.51838618577101769,0.29780805161599661
879,0.11743124988853233,0.32188724112707423,0.48254817452774224,0.2729935603003969
880,0.54068277806238041,0.32080125019029948,0.4948544431509776,0.27628803566322846
881,0.056322040067811031,0.22406402784368257,0.47341377895950448,0.26621992552352663
882,0.21966795361366823,0.24852436285895529,0.48126084476474479,0.26955426462259147
883,0.82990620102813706,0.85959430721554675,0.53165601093946813,0.3058301465584744
884,0.97547689648378877,0.36970121454914334,0.50550354564346378,0.2808329290162761
885,0.91346950949908934,0.28604321492937163,0.49857536691931381,0.27528367073456256
886,0.83926378356079812,0.8378218767391169,0.53091748597919997,0.30504018830426793
887,0.57360764104750706,0.11006491463644197,0.47918038529137252,0.26193167640341702
888,0.28010121441074881,0.55836755696291807,0.50276521597099111,0.28779579622857099
889,0.83900737587810736,0.29894973365390903,0.49850940140193789,0.27596016601459783
890,0.35380684686825842,0.14995616028754738,0.47772272411634947,0.26388402082028112
891,0.9626483160855831,0.7293690582162119,0.52747070759718295,0.30061109971486638
892,0.76426440494336423,0.8401281237484306,0.52958084569733377,0.30469704644166962
893,0.92406562217347099,0.1798207005786826,0.49031090912033382,0.26790930109769417
894,0.22192534071909031,0.49275343916317216,0.4970184442312463,0.28377208258751446
895,0.16604182675977935,0.4116478270796477,0.49011886736198179,0.27873342613995
896,0.39607289335172391,0.93829939729837941,0.52280313207525364,0.30406561704863438
897,0.030330279013991823,0.40604008666543523,0.48395265483882072,0.27653150943197286
898,0.46487441809530139,0.7674648492219277,0.51928299711516124,0.29950284938676897
899,0.37234415790099884,0.53857328906991753,0.50453281038088227,0.28765716483970372
900,0.53685240378283205,0.63533036293928746,0.51430528222810157,0.29383981630037942
901,0.75705148125070842,0.87204914149154211,0.5306839376418806,0.30581210452245083
902,0.36144911181678763,0.72273429278443801,0.51404910237313595,0.2965247559104971
903,0.41743144637193763,0.91549246452852395,0.52299028718426865,0.30382725672774102
904,0.1491076994936564,0.091536598807165859,0.46700825101246196,0.25822308816168599
905,0.39999751080303686,0.94591882081615042,0.52310841075129166,0.304283179030574
906,0.75210168277696943,0.49593182813184106,0.51055791853535426,0.28763381477812627
907,0.27921858837491598,0.15600686509624356,0.47618956631128156,0.26383601413319707
908,0.84942336287993248,0.093676050672202846,0.48198276201424395,0.26131209582620668
909,0.068036389137676456,0.53308965705482991,0.49293711881095642,0.28373975797325351
910,0.64233536879803288,0.68598898154319032,0.51942612806983413,0.29699582260570356
911,0.48406791829796281,0.59012828570354037,0.51049849877641229,0.29119617407158355
912,0.099777461952751043,0.45896552951851627,0.49023058977417466,0.28043050845028006
913,0.17187095540004083,0.30251744772082895,0.48334267147442872,0.27245509606480328
914,0.29123372748867843,0.56783288002613708,0.5036617580128917,0.28839008996678145
915,0.29583119890912202,0.51149722793855479,0.5006238264536963,0.28553658380280456
916,0.48320927259131569,0.64837857408447885,0.51367584250947063,0.29409337894701137
917,0.50605238600351155,0.30358038365450923,0.49288670799733331,0.27502619910598919
918,0.14424473907457433,0.062879652223235466,0.46450161250652061,0.25607506837119692
919,0.61927569865215348,0.60644825623504595,0.51456632637796762,0.292905106832829
920,0.76718077975505727,0.96326882865600061,0.53371594121899391,0.30854944295054088
921,0.37696914689597905,0.26064097965847466,0.4867190449449913,0.27153136263738664
922,0.45420788266015011,0.1737619183432893,0.48199828942087303,0.2660922480470041
923,0.49406435518007497,0.89461074123451256,0.52484695715826046,0.30420532180774951
924,0.66176136985729683,0.20757817779375473,0.4887249388658107,0.26926949047156451
925,0.17473599510869245,0.91799984386801958,0.51333142616340433,0.29997314856307561
926,0.93367639699630678,0.79888939201791076,0.53064080406631786,0.30377422552886263
927,0.28777212874131508,0.43433230784215265,0.49575784837804904,0.28128136380949742
928,0.27701027349199869,0.23660812707139411,0.4821972061322724,0.26926349995466564
929,0.64497685509676816,0.70173228124576847,0.52031734460526535,0.29776939171883943
930,0.89866218436210188,0.28903197168143235,0.49860271088253161,0.27544969242539602
931,0.89597975302793786,0.44675581843449041,0.50968696159353755,0.28530902950999393
932,0.41877508929913165,0.4716729003123124,0.50186099368782056,0.28444021302970307
933,0.94693408169286564,0.33598238342419501,0.50271474172010266,0.27862713325900101
934,0.71981319483815454,0.73087197893901035,0.52337798399066748,0.29958400601281254
935,0.52231287200934018,0.51518696597515368,0.50708240279823469,0.28752341528497177
936,0.80054723605177136,0.55113790945982333,0.51478013069658413,0.29087101449719344
937,0.86308070697045192,0.91745683434339009,0.53437047493704981,0.3079806540006938
938,0.26489093096629951,0.16308650666262256,0.47632528008684089,0.26422680810272214
939,0.84963115236576414,0.17167283645543505,0.48867605704294909,0.26718226669004497
940,0.99900751753336514,0.099305756695906161,0.48425369943661056,0.26194638150921601
941,0.093973137577774465,0.99587159365309641,0.51044971781166748,0.29945623441263924
942,0.46001938644269252,0.1682427659547073,0.48168908826267326,0.26573039732341847
943,0.45123695793495283,0.78024188690757146,0.51948374286507226,0.29991677012707985
944,0.39972200174740286,0.97022977988653591,0.52360655749852703,0.30477345602546657
945,0.79483840712731479,0.20920298515794566,0.49096051960520598,0.26975037636278304
946,0.44695226916504327,0.24221326065036702,0.48708401731477857,0.27073193398797185
947,0.96893605229187529,0.78566453022348004,0.53051238255930866,0.30330462531813362
948,0.66679663399598799,0.41603925657299118,0.5038717949929975,0.28267458165237364
949,0.10219790028285934,0.58563480678385826,0.49730157895366811,0.2868490402111783
950,0.23986184810952982,0.73446916436498288,0.51042576226673153,0.29564733462431936
951,0.76098859267417573,0.19858860322010005,0.48960825399024149,0.26891851895719671
952,0.76492102868737422,0.60884467379475249,0.51755461351573584,0.29377297564518923
953,0.50178222186506027,0.44750541349818235,0.50243718157989659,0.2836466634757992
954,0.3151002008793759,0.070795037279592368,0.47022353570131292,0.25786271565568036
955,0.45562862455238357,0.98381628390984843,0.52577292593172098,0.30579432381414356
956,0.022593832635611762,0.83528343803681204,0.50339456441092612,0.29479167944982942
957,0.1741232045747689,0.91334175718870247,0.51320787196364592,0.29986890797208443
958,0.33642199742464585,0.48419187490913318,0.50028509117595921,0.28445859467455636
959,0.56423654923698641,0.12037404910867336,0.47988008116472852,0.26267170309492993
960,0.41063282014128055,0.22384674243562622,0.48484811212756879,0.26930682725871086
961,0.91034166328160793,0.19795279259592063,0.49162729893363194,0.26919295541493476
962,0.52130460214350605,0.090891719406179627,0.47655707107539191,0.26030763608751462
963,0.88122602096745983,0.43402152945426059,0.50862647148137174,0.28451224176309592
964,0.95584056639693449,0.47708434306088604,0.51251833607257313,0.28725059017647736
965,0.76895300969973912,0.35844033404592196,0.50172835080190825,0.27956210895239103
966,0.33620341498480411,0.35433645159549776,0.49210555666457312,0.27707654388642794
967,0.62219170898100129,0.36397387245496504,0.49951115463339513,0.27934597355731833
968,0.63987486312953989,0.088260856022022202,0.47845134159340158,0.26046521813752366
969,0.37165604431465038,0.71108672815406471,0.51378406119114661,0.29609404622226437
970,0.41534993892906935,0.17122768683311299,0.48091030408659119,0.26572159448722443
971,0.49461515485624552,0.59179584114180184,0.51085779021701372,0.29135697601354954
972,0.021945411809522194,0.53384063571713636,0.49071811754628081,0.28298341915573577
973,0.061612193374580237,0.5379173868228565,0.49289276741713417,0.28387278380927816
974,0.03110997639667476,0.6307296037367196,0.49615854033218476,0.28773705400461741
975,0.87821211686554612,0.4996348238853156,0.51284132730512932,0.28830426640477269
976,0.29314893780743007,0.54879739321385279,0.50266388577445653,0.28744381142065867
977,0.49019033336554424,0.71569512577884598,0.51738223039276965,0.2973563954661862
978,0.43137220943659776,0.8540570327433642,0.52169232637662455,0.30232831454221493
979,0.95779042769871892,0.6938253856787342,0.52547409003524281,0.29885457133376853
980,0.73320592197243828,0.15635137108342023,0.48573726445470905,0.26581016832261739
981,0.35132823316758732,0.052072563848563007,0.46951963506263444,0.25662160796370947
982,0.075617141771002205,0.23466491315338064,0.47496631147375423,0.26713805003958452
983,0.53624036111749007,0.76663807858884103,0.52112044030673321,0.30005098202999475
984,0.77301196826846574,0.79307953635308659,0.52757638547638908,0.30275476315791722
985,0.43858328100113436,0.27536655418894956,0.4893167182547028,0.2728553236937698
986,0.59385228873178131,0.78644295289717847,0.5234799361885355,0.30135627548828864
987,0.60144119402068907,0.64105082282318038,0.51610632965996672,0.29454339892616976
988,0.75234877812481726,0.54680570013319385,0.51368460455737208,0.29043664239910105
989,0.82117637052949288,0.23481690243702616,0.49336537656720286,0.27159798533608365
990,0.91980373749363942,0.28968173837926009,0.49893350605278364,0.27553979124131134
991,0.79144732754250291,0.7326493414629367,0.52482328571748449,0.30003730077081586
992,0.10347481547846693,0.48592229713817359,0.49193433734282305,0.28189513006757677
993,0.96635380374154778,0.75898935389673572,0.52909200707298776,0.30204232766079936
994,0.28722023408975222,0.42419682103771483,0.49511374072271513,0.28070908949980983
995,0.77149330545169081,0.12307410517082318,0.48349317184799023,0.26342360993856789
996,0.036643791446590329,0.079428233523259409,0.46181430550468616,0.2562036383667925
997,0.74095170149322365,0.43806268487594791,0.50665749245357483,0.28427294053330926
998,0.51225050068503475,0.79468556058005202,0.52180773686905479,0.30105504138975736
999,0.071870938007289081,0.83695776224731244,0.50624100756009571,0.29600600576040265
1000,0.68030071521479407,0.15257686437718804,0.48458945176199786,0.26539759840121996
1001,0.15073970010170015,0.39577433664515849,0.48855271417213803,0.27766222478691749
1002,0.24807903415655019,0.87966244204583344,0.51574998765369418,0.30047390277178654
1003,0.096319651790556973,0.20099421090764227,0.47341889462063214,0.26522397130798042
1004,0.0082445205217343762,0.38130408686286538,0.48139482936078165,0.27481241711338245
1005,0.10816725866653724,0.081276965188921899,0.4647371746698557,0.25709911653399464
1006,0.064773903922911269,0.27946620380255627,0.47756054067978948,0.26977209907203842
1007,0.70974652411866701,0.7717281225780841,0.52527084418512426,0.30143086503520211
1008,0.64945541625058978,0.37320796574520648,0.50066523662942186,0.28002790167341313
1009,0.63047144339006633,0.97521256400843859,0.530715956163753,0.30761027065234126
1010,0.36208338196558182,0.45254982081424677,0.49912284295387788,0.28294230627948225
1011,0.37841196161621482,0.51342670904461996,0.50324758203591546,0.28638484814225601
1012,0.29986781996482753,0.99744008586631394,0.52031409007948204,0.30370647939947315
1013,0.92101364437794553,0.094581029629649135,0.48294592657327756,0.26148498978565937
1014,0.93357582216720336,0.90553459997997865,0.53526485615297636,0.30802860994962766
1015,0.92696754896225175,0.52032367333286678,0.5148629036305794,0.28962311090214116
1016,0.93430766566953394,0.86102632938498869,0.53357538019144612,0.3064494828779073
1017,0.33902226344324882,0.24797493801893433,0.48479110082795207,0.2704571100418196
1018,0.6444098958043033,0.57806109558251928,0.51346764256825284,0.29157774253319874
1019,0.37328470288877147,0.46942458203622378,0.50047372477118046,0.28396517998923437
1020,0.66702086692018203,0.89027169695104247,0.52930861286790953,0.30572735681526364
1021,0.71204997327179886,0.76586579159292167,0.52502083911141961,0.30117433104168023
1022,0.95315083011040702,0.19076129324651556,0.49156920917681124,0.2687494072000513
1023,0.71932560481379049,0.77189317411532399,0.52547124005829948,0.3014929210113258
1024,0.22650488751298981,0.58526727525779287,0.50235107719198369,0.28853629130774971
1025,0.23609275626229356,0.60984659485089365,0.50401468163624996,0.28985009683199581
1026,0.52898179752939611,0.50803140741459796,0.50680767764303025,0.28717706632162926
1027,0.44035549751314101,0.64599788681155768,0.51240725347052074,0.29363729601196453
1028,0.74127786061639211,0.52248779666622869,0.51201120640535869,0.28906351699295812
1029,0.53254614377402465,0.18556362245277269,0.48458750792737521,0.2672653945804585
1030,0.50363734305832775,0.93155003564475336,0.52612156370973473,0.30525888160641568
1031,0.77339771961098314,0.70016811040694593,0.52277334577467349,0.29838933034781645
1032,0.62226752049828649,0.23974870617465352,0.49051902431075955,0.27134483309648505
1033,0.86090239379130074,0.47015329858217159,0.51069379383871882,0.28656374129525503
1034,0.31355197203581919,0.25737601715064379,0.48476165445557512,0.27088622460817852
1035,0.63676480783891165,0.39564732559610855,0.50194231629133212,0.28132956015001637
1036,0.34468967692897423,0.030419864120741841,0.46745827404992679,0.25489926520240058
1037,0.21021767720308854,0.26913308053334478,0.4823979239068229,0.2707752413098955
1038,0.81250000498573061,0.083669434581103277,0.48060867958077097,0.26047180753269344
1039,0.48911743986877848,0.74340795830663997,0.51875423613164495,0.29862527963960822
1040,0.079136233608832124,0.90820712411383864,0.50821070882801123,0.29770080976546182
1041,0.49799467258685037,0.67521906270704934,0.51548412321092996,0.2955044872245785
1042,0.82064850482350449,0.15959782434041847,0.48727722908205334,0.26624206663429872
1043,0.97600191408112891,0.31580543128323046,0.50160737530708022,0.27738153249328956
1044,0.70785769909456142,0.3248945919821854,0.49833278274159198,0.27724087925230112
1045,0.66795048862836559,0.53196970942175248,0.51121501850689244,0.28924453023198665
1046,0.13338061600163348,0.70030005974503007,0.50444661422352755,0.29263082093280762
1047,0.079534123801311946,0.1665917877421598,0.47023853638085999,0.26275396283432051
1048,0.91716118347687881,0.011418727110663895,0.475192752142932,0.25475137604881748
1049,0.80476670984785315,0.79421870557913787,0.52822111386347848,0.30297024958095709
1050,0.2298070291114622,0.25609035313989736,0.48212804687191785,0.27012830656368136
1051,0.76541546583910247,0.69552383911142823,0.52237746425241083,0.29812463104526737
1052,0.37287694955280748,0.28572083477579291,0.48840830232394017,0.27311358771455457
1053,0.5164399304294377,0.88145310845962965,0.52510911983092634,0.30407342206838889
1054,0.31280898627253484,0.41301320015770621,0.49520890949936947,0.28030607658908341
1055,0.52623695803488368,0.57927201727499489,0.51092164615418867,0.29093299424364277
1056,0.50071053474497751,0.1315297301109298,0.47957389983527926,0.26326342770168698
1057,0.5263066636557342,0.98518508568265251,0.52801533828811353,0.30669611184885753
1058,0.62161078152376004,0.030311213617108299,0.4729536590048139,0.25584665398623246
1059,0.14002775628153469,0.32399412995489546,0.4835745189431751,0.27338979768101601
1060,0.23339345260026167,0.68846561004623075,0.50794824522780113,0.29351159588241604
1061,0.47969866783580511,0.81742279603217027,0.521844658574389,0.30162280848369871
1062,0.48290452804652739,0.55542844805732605,0.50849308424210338,0.28939855891180022
1063,0.78929662170897941,0.82255938816656127,0.52930317325946163,0.3041383438130173
1064,0.85131067313674147,0.95873991532720393,0.53536669099560441,0.30906568353054392
1065,0.36488530473479769,0.79975424499289371,0.51762169848902351,0.29975430796582386
1066,0.029996350538276605,0.75616061761874009,0.50154743094562337,0.29278926266910338
1067,0.57933167912458305,0.49085267931265991,0.5068870894083839,0.28652873093137449
1068,0.29186368268985535,0.27060309474469396,0.48507561484609685,0.27156888025563219
1069,0.65345306967193029,0.47094825253767197,0.50716610529776351,0.28579263468215466
1070,0.69952405461025191,0.040897312770306594,0.47514257915289609,0.25686960035197404
1071,0.43735590610409858,0.94333214054991266,0.52431578502933307,0.3047248653015493
1072,0.49645321054667002,0.83295283869210401,0.52290845837590172,0.30233513518894412
1073,0.62270250049825993,0.94084286982548659,0.52967856586278161,0.3067304387626929
1074,0.55344744911346355,0.37915115691927498,0.4991425362266404,0.27994168062000152
1075,0.031544000950327611,0.084656098130659663,0.46201573742397667,0.25651818515385894
1076,0.78180749976000519,0.7635295629104949,0.52624584011593412,0.30144096428357237
1077,0.10935727486653488,0.07311221989389742,0.46411919484932795,0.25651446801222427
1078,0.31963298180917044,0.21279279131678633,0.48166409645854286,0.26799998327706043
1079,0.91850203574813216,0.42661307298358303,0.50866571768980895,0.2841777278120316
1080,0.55679546033643423,0.15658240168696502,0.4827371854287803,0.26529730988439604
1081,0.0777969444725779,0.81318762283761759,0.50592569194875903,0.29552693843349848
1082,0.67469966081964095,0.96977613726091805,0.53171446232314445,0.30791060485871163
1083,0.30452938858884154,0.29802198330353713,0.48736802368560944,0.2733932798745719
1084,0.070105398947012149,0.62194751341462839,0.49766715887559199,0.28803573096196861
1085,0.54948960489662135,0.055573596049926711,0.4739952741043007,0.25766867102671309
1086,0.20930796682134969,0.4997107303874917,0.49696059984991142,0.28399281299136642
1087,0.49384747829557163,0.6481631680865888,0.51393749564309965,0.2941633113446267
1088,0.68415569763715611,0.15573397513398668,0.48491348594418332,0.26563861480499945
1089,0.027279520709055944,0.87643744323052242,0.5045901793915859,0.29580183672133592
1090,0.0032030795807833786,0.19746333757039394,0.46917652807092136,0.26378984386967064
1091,0.78383518664935836,0.29484571740928806,0.49737967842177294,0.2755400457808545
1092,0.1572614082247368,0.49634059293133909,0.49477150636315625,0.28317613553738818
1093,0.29712022665337429,0.51204211793394061,0.50069698166878285,0.28557786847630584
1094,0.36128182742971693,0.72606111434303466,0.51420902463728002,0.29667423472162546
1095,0.25113862364612288,0.87126851734021915,0.51566192517849652,0.30031716866610175
1096,0.2668366662287503,0.75639153604927711,0.51241128362966959,0.29689964919991801
1097,0.55186314562343763,0.95674150496107757,0.528141327248977,0.30638228798628109
1098,0.75622005540983517,0.4382549301637686,0.50693180924469849,0.28434238549999213
1099,0.67995056549439914,0.089666752354300119,0.47922048823564384,0.26067296688416264
1100,0.15012548845644344,0.66228816083279674,0.50331258248359878,0.2911726618329884
1101,0.9568955117034843,0.7819074070756673,0.53013604794943314,0.30308233750752128
1102,0.76866762031988478,0.074144304795342036,0.47915815360525649,0.25964815496849653
1103,0.25070626281081937,0.669801261684706,0.50765167895950181,0.29286696191508044
1104,0.69877170191969495,0.66563952534365245,0.51948704983728766,0.29631913081702804
1105,0.3211954643342062,0.88682080311599421,0.51884122874065774,0.30179733285454013
1106,0.97250083083327632,0.62391198368103939,0.52174897034799472,0.29535604196504317
1107,0.12357887325427729,0.19928007903142134,0.47434472555850693,0.26541456369597177
1108,0.84559756535625785,0.35355508728722346,0.50256811223683961,0.27948910635735752
1109,0.07755487544111675,0.27489457724714889,0.47779912076916986,0.26966248905366424
1110,0.21747587572984631,0.5878722542768926,0.50215597477084584,0.28855485089759797
1111,0.43247306418634252,0.21185976932648337,0.4844607700222186,0.2686167505949757
1112,0.55502534795607217,0.45517532698191937,0.50413200578311179,0.28439308731597301
1113,0.35728362178424139,0.8786143419403234,0.51994378611452607,0.3020979174937089
1114,0.6641658161759959,0.99403557696571809,0.5320019828156044,0.30834453799914152
1115,0.28489178399072262,0.55192544443629454,0.50256616544392962,0.28751865165724955
1116,0.58388235102723118,0.70442248899830739,0.51910243939631107,0.29751007038737831
1117,0.35806667556759209,0.89824485896389239,0.52049538992234956,0.30261047165463567
1118,0.63957543049323151,0.060971677408379041,0.47603089618796623,0.2583384135510306
1119,0.33420909022748235,0.11167653823514702,0.47412913428418935,0.26101330623820129
1120,0.074082771818491169,0.029672297145903578,0.45922902961035583,0.25293368540127192
1121,0.35264793618124679,0.4784793077228009,0.50042537529773135,0.28428927800327741
1122,0.87759642904674406,0.57779295097250727,0.51762492522017667,0.29259698658289063
1123,0.49034151306055718,0.5449879427032196,0.50807296206238606,0.28890282890791819
1124,0.46750115289342359,0.40632345113422491,0.498981809148481,0.28106426730709427
1125,0.059481951257830956,0.44349158807402711,0.48752577550875609,0.27900682400943477
1126,0.85504682860848269,0.99645901174208851,0.53640313279264851,0.31001452173839816
1127,0.30732992170335494,0.76982766697682681,0.51444835910901454,0.2979426713322923
1128,0.72547929826172775,0.020314779350406025,0.47360895257533125,0.25524133017453704
1129,0.66594423455266516,0.67232242683599475,0.51918722207648249,0.2964675716547554
1130,0.48599320918266897,0.34040898386194607,0.49501229719593648,0.2772226303324466
1131,0.50675050727933413,0.20903596439050745,0.48589181385203623,0.26878491250769387
1132,0.51707238282585755,0.7357807343569468,0.51909506438456787,0.29849666415151083
1133,0.11621075793317287,0.63146087987463695,0.50028604622032546,0.28923366095716557
1134,0.15683686310170453,0.37135306306778221,0.48726384098902886,0.27634975862706634
1135,0.24232921980473912,0.76997577944836815,0.51203186922523525,0.2970833975326907
1136,0.82034232551316966,0.91204672881899174,0.53335707733752447,0.30753451696405903
1137,0.29840131661052582,0.47102479566080729,0.49832311137208246,0.28339903707202496
1138,0.81675474008444005,0.081366827884537626,0.48045929212492783,0.26029843268858077
1139,0.41161399988903435,0.36742977350038708,0.49502713575549501,0.27840481228539804
1140,0.38863809087254342,0.73612726686001995,0.51555061343893338,0.29740167150303554
1141,0.098008773362555077,0.10091653502607952,0.46592980821284402,0.25841264677561876
1142,0.5477688729449991,0.023252442885620988,0.47104001553241959,0.25508544970596603
1143,0.40010908099889059,0.90494372209239526,0.52213872965310293,0.30334500711647711
1144,0.8251800787340966,0.7848767643699307,0.52811685164407807,0.30264298295768055
1145,0.1590623930614791,0.35142131057340886,0.48607964851589258,0.27522372648635623
1146,0.047317774222337176,0.16245701787354191,0.46860912932910054,0.26208977538079481
1147,0.22276670418683206,0.26277493939594138,0.48236988472913328,0.27048995022946065
1148,0.37032951357277344,0.30491944252758985,0.48968907625243724,0.2743054887037647
1149,0.82918950072118314,0.87973343448246599,0.53241586463379109,0.30654541031623939
1150,0.76642823320279141,0.95531529457858999,0.53349120390640414,0.30834411260427547
1151,0.1708356493400992,0.43452620016912696,0.4916886152370889,0.28005195800262367
1152,0.36767949226679053,0.50413353025297403,0.50239157409222146,0.28579964337026648
1153,0.62390778757437371,0.12531208694215165,0.48136438876150772,0.26322639727450936
1154,0.91503644826301611,0.57325759987508651,0.51792583218499466,0.29248524560115202
1155,0.23415298612070037,0.81872761671174099,0.51343642011563395,0.29859131467354588
1156,0.11344317392416997,0.15013943255859194,0.4703167001566449,0.26201126488422771
1157,0.89454360074281003,0.27857550240274287,0.49775713822356144,0.27474274240489988
1158,0.29047534553547161,0.52263532761357501,0.50109154448043713,0.28606662358247342
1159,0.33446177919545445,0.26217547356578286,0.48569243788026412,0.27134556093678369
1160,0.69075248459129368,0.32882838342493637,0.49831727642350543,0.27742964654182189
1161,0.85274213690838074,0.26659090242768874,0.49626951068948583,0.27384088496989312
1162,0.25312091216068949,0.14862680582377361,0.47485318178704655,0.26313265579054695
1163,0.11777218810439809,0.73042262182560524,0.50508369949444654,0.293622012400646
1164,0.3736387388772448,0.0037386556213139556,0.46573523792996607,0.25289943009177446
1165,0.63732073563291924,0.86456848253099017,0.52772732577185877,0.30466446283863785
1166,0.36475235796793132,0.40881558219023284,0.4964602738602843,0.28049185587680814
1167,0.70386051057226728,0.60903151333773275,0.51643004910638468,0.29349240295666346
1168,0.28470339307332182,0.64177442695122444,0.5074121985504777,0.29194279176592197
1169,0.27443954501556,0.31390765181892788,0.48755054407268467,0.27412805693957704
1170,0.45389751716122267,0.41331848284254086,0.49910088996674384,0.28138426442654824
1171,0.27682602512406884,0.24352410189079821,0.48269275009533286,0.26971206912025109
1172,0.51812132801677802,0.86083245626381832,0.52449666533073425,0.30346666445251153
1173,0.8192427160875756,0.83803506949971207,0.5305565044663948,0.30493840949359724
1174,0.76054795085914673,0.07543155813988997,0.47915957364534639,0.25973444155976538
1175,0.88060842333432521,0.7445160089009325,0.52698430362981208,0.30100860684738612
1176,0.9244229557011393,0.15507783075059997,0.48824438463557851,0.26609306023199858
1177,0.20066927889684449,0.77132773727556925,0.5103895971604796,0.29650909827274835
1178,0.44769998849298576,0.84960549447612144,0.52205388230671057,0.30237428375499559
1179,0.2941076972209965,0.45999666882735912,0.49752382238229403,0.28275776980320927
1180,0.72226103260467067,0.81764348357209238,0.52775123021919412,0.30353733612807393
1181,0.35502772203040078,0.075283305655757443,0.4716068611045125,0.25841646935362855
1182,0.061100638097024061,0.84046512901257964,0.50573475004266222,0.29584340247374286
1183,0.59228375472306516,0.3482519891789998,0.49783641040726095,0.278243964783012
1184,0.42978722138047454,0.90254049423855043,0.52306420877542226,0.30366299312765493
1185,0.10530636040711543,0.11136628769753734,0.46702449390190376,0.25922918905287873
1186,0.67452475601396289,0.57876857647128632,0.51411512169272422,0.2917725762558584
1187,0.016694898222072516,0.48445023652516539,0.48777025168056554,0.2804221225143026
1188,0.20036604210858933,0.35414936688375892,0.48776606067895645,0.27583628094244439
1189,0.70516963359470253,0.74034409500792397,0.523577745697833,0.29994885302083396
1190,0.21293810761395143,0.66335040127005196,0.505911069442746,0.2920939828939999
1191,0.66663357890249475,0.64662253017529148,0.51779846769010673,0.29520096540496227
1192,0.59617737636001555,0.43570847221376613,0.5037660540067922,0.28349568237097228
1193,0.54356300050715212,0.74267215697049405,0.5201047087048295,0.2990135226597827
1194,0.17715981981462101,0.217905546464643,0.47763065636270008,0.26717889220466573
1195,0.085288313735753768,0.95462535423733064,0.50936058725726996,0.29864372643515918
1196,0.82228848665730336,0.78685084060592347,0.52816533026848556,0.30271968525923848
1197,0.82201511254120863,0.47518364747025771,0.51041080481698731,0.2867215698081389
1198,0.90172474256778379,0.1437093381032464,0.48699861838879915,0.26521043808304678
1199,0.5885660764286178,0.95031941341775239,0.52901052157171558,0.30662150178045827
1200,0.92838090920260874,0.14010064857768595,0.48701660812448472,0.26498093385582244
1201,0.94471294256792182,0.17694389361335197,0.49032496165614631,0.26773346945756421
1202,0.75742299155782677,0.96707400922143139,0.53359576308802215,0.30856380172845366
1203,0.085128375939920078,0.98174095333443256,0.50975821242992203,0.29904322464743049
1204,0.35433520406278551,0.29446172823446104,0.48852753669906013,0.27353938940825961
1205,0.46915403497888475,0.23999855212249097,0.48742653958758614,0.27070025776801615
1206,0.681063206445647,0.70193046644666468,0.52108152906725325,0.2979895256886968
1207,0.60505367997452852,0.81726257022594806,0.52512421949729082,0.30270748268729541
1208,0.19055758554321947,0.60018800908365522,0.50178092187991807,0.28881392961871494
1209,0.96997792614767109,0.53399186813699784,0.51632319596471199,0.29051469968372307
1210,0.048046162506204568,0.20841378060657298,0.47195810691733064,0.26511200432742943
1211,0.17481786917202408,0.86460544834049657,0.51213110430475695,0.29880676349509999
1212,0.32046807548446815,0.042206899875763343,0.46789827058850791,0.25569924302552582
1213,0.22827588937348919,0.92394824481749682,0.51591291579181364,0.30111157123832494
1214,0.19541781890610002,0.46495237332015532,0.49442532768812308,0.28199007281963617
1215,0.31058832532860103,0.599406455251982,0.50602539389689405,0.29016353947612283
1216,0.35634428534236506,0.4867980862440891,0.50103213988551953,0.28477179264768732
1217,0.21238932302844479,0.28137965143671029,0.48332024591447453,0.27156199183048069
1218,0.56465632067437976,0.50995227316349045,0.50773253864869017,0.28749536682455817
1219,0.9714574324266636,0.98630598007520898,0.53838001396743185,0.31056767551528619
1220,0.79420198982661827,0.24872045852887678,0.49405085293186424,0.27248449230249366
1221,0.74114606968328589,0.30725877730028006,0.49761451960190306,0.27621976640814672
1222,0.5758676568140626,0.80235291888146898,0.52377386766435119,0.30188916528868315
1223,0.83638102567977046,0.79027143291198887,0.5285867418829987,0.30294460280294766
1224,0.95333575045989127,0.19425051065472654,0.49185783890193691,0.26900112371679447
1225,0.32682750392496823,0.30769542115196824,0.48868154571035011,0.27416571181297028
1226,0.083261807126377249,0.62669745044653535,0.49853333955564189,0.28847926549935043
1227,0.06306578882382019,0.12575208739255322,0.46650264385354751,0.25977984754403649
1228,0.57950707120395961,0.64356921134827427,0.51575220909387332,0.29453078887408835
1229,0.49209985221874669,0.75484028374213963,0.51940225951992547,0.29916942309730288
1230,0.47813927532160888,0.88162813127144479,0.52399001550998869,0.30366765853331745
1231,0.64169153201273876,0.64185732984723298,0.51701874012874149,0.29482270375090663
1232,0.62851440108680401,0.80844516028770008,0.52529659389385619,0.30253183363962027
1233,0.0093205860487767505,0.31873739604967416,0.47758137905898546,0.27129034750362735
1234,0.2031321564404876,0.11295566262594657,0.47050201102156863,0.26022085146593704
1235,0.6619410796041717,0.3730566719663912,0.50088815387138941,0.28007061396965971
1236,0.1774277736362419,0.43242131548594914,0.49181279060725847,0.2800153528317198
1237,0.085301390066358729,0.3422784754945547,0.48253178814412617,0.27377251021319937
1238,0.77505250039276441,0.71734159878537762,0.52371817790565645,0.29922607809078428
1239,0.58229545105266156,0.95931618696263765,0.52905490420375401,0.30676488964674364
1240,0.2871146903561545,0.6229242301308433,0.50650434232355346,0.2910647115282935
1241,0.1463961859080824,0.89332807401352343,0.51143622592101112,0.29889534487341129
1242,0.098575731621135504,0.71933740664186197,0.50370464681723293,0.29284701664268847
1243,0.7496373023442342,0.612400584747817,0.51748159286870621,0.29388660044150439
1244,0.2300968954098993,0.51862431797691388,0.49879587172762074,0.28521563854739129
1245,0.054118736750318204,0.048496240409265742,0.46002349964197919,0.25413990162774736
1246,0.072970692437014081,0.58822023082080999,0.49608352399206335,0.28649967541406568
1247,0.53392868944035143,0.82485390820488114,0.52363133694777786,0.30240057753055322
1248,0.19684651135170134,0.21851909627678107,0.47834679115119266,0.26740392770601262
1249,0.94556168788889194,0.96526753411333777,0.53734646208357895,0.30986440184289249
1250,0.53533197136336241,0.86702336430082794,0.52518075706286838,0.30382976180065058
1251,0.082929568103270138,0.64490224874339763,0.49942705154530842,0.28931174330594195
1252,0.3192796117440681,0.22274321742205649,0.48239516435747204,0.2686610702072646
1253,0.023598241213767322,0.59156650265738142,0.4938066354208176,0.28578298661004842
1254,0.70227590602670098,0.45276347467174061,0.50692611000815546,0.28497101249336626
1255,0.30180602536023365,0.36378764366266553,0.49171497202433406,0.27735903512613869
1256,0.41597396792020885,0.92290275154485135,0.52312397837523095,0.30398413185994283
1257,0.088785389829345515,0.041040764646383468,0.46072746866367592,0.25393584842261113
1258,0.16923267036635664,0.75682966080437186,0.5084815775226309,0.2954847997572268
1259,0.99503261035418844,0.097449190901534172,0.48404421336946302,0.261797049356714
1260,0.90694152878500756,0.64512170311278894,0.52198820251346656,0.29621966259213217
1261,0.48366877626910576,0.56387466423794397,0.50899823341074057,0.289843702850208
1262,0.71340436145152197,0.50179204368850916,0.51023080579992697,0.28779778601793021
1263,0.83790120697825921,0.38529591730119434,0.50467512394562486,0.28144033933136781
1264,0.44450629061610669,0.78244389417649951,0.51938705664732243,0.29994274251024666
1265,0.47581643853228306,0.79635971708312858,0.52088099095949303,0.3007930591601099
1266,0.67276874772022721,0.43600394365909745,0.50529427252671599,0.28387247413872735
1267,0.70183845907192444,0.27678475803184555,0.49471324611158707,0.27409815063720833
1268,0.11420224674289349,0.52351440615764588,0.49450015025159377,0.28397360196433136
1269,0.19906964581116335,0.81427264307226288,0.51180619091749247,0.29788365279991863
1270,0.62835495048846357,0.68542093999116915,0.51909527774492814,0.29688404432040189
1271,0.023284372815361713,0.057043892971484461,0.45946767114235482,0.25442317411097942
1272,0.65003944798508895,0.68761543397732305,0.51967634786492423,0.2971201726101535
1273,0.0024715588616556487,0.75204452404320477,0.49982959707621677,0.29202250559208232
1274,0.1145904171568458,0.48162380168599778,0.49216981867367504,0.28183129824470426
1275,0.94838961984069325,0.50913310949151636,0.51446534881281125,0.28905965777959225
1276,0.36469595112487441,0.93956426077658539,0.52171379533092777,0.30364975728427179
1277,0.98290023097275991,0.73318089688332988,0.52797468874355569,0.30086982755674013
1278,0.75910882715812189,0.1569597892989521,0.48617762338253379,0.26591607862929734
1279,0.41543785809389089,0.5565943378556869,0.50678561837382208,0.28895107172077888
1280,0.83065561935160082,0.37670948889685102,0.50397050496945661,0.28088971270639856
1281,0.53424088698109851,0.25365289812263803,0.48985168521731504,0.2719193720293322
1282,0.6653654447257169,0.74193588436449642,0.52284054637108512,0.29979180750095041
1283,0.86467116970276692,0.32099263204560846,0.50050074902605413,0.27746277812313241
1284,0.1287077391341678,0.40001661440326136,0.48793770161613598,0.27762397503286973
1285,0.13648477525460767,0.43152370531809287,0.49015719392254831,0.27945950368664518
1286,0.089554782751866152,0.49916877786103875,0.49206360859775511,0.28237017002705417
1287,0.16954013259619241,0.99276549594082175,0.51437861763957204,0.30114524073605614
1288,0.31751704750695497,0.30094695496537022,0.48794836377907541,0.27367588513600061
1289,0.43593693402231437,0.014096846905432177,0.46803719434507424,0.25398422446580154
1290,0.49007642753330294,0.097011709250637804,0.47646151222475541,0.26065687424093614
1291,0.36192909607413459,0.50512154894281414,0.50228251591513784,0.2858036677616882
1292,0.65433364441100272,0.76967385085705908,0.52401243646821971,0.30100486210487049
1293,0.5303909531663521,0.96098224357228035,0.52761546563275874,0.30623726101785836
1294,0.38017097008362183,0.24277306337648771,0.48549702489092872,0.27038436567222879
1295,0.54980974947415528,0.99422803832947981,0.5288940970472481,0.30714738953626886
1296,0.56979056723999089,0.60456470931499506,0.51336890441485405,0.29251070834082055
1297,0.090388095268059993,0.69639164833802503,0.50228431262747786,0.2917487610652908
1298,0.10052076489879984,0.89955875794544127,0.5092063973645421,0.29803119920432825
1299,0.25275354139105188,0.75389235425140944,0.51177441803536461,0.29661339580143375
1300,0.38778522580853902,0.93324467201576333,0.52239849170427644,0.30384023447746294
1301,0.70591139162195626,0.95292806020885479,0.53204977818928612,0.30778589905072989
1302,0.52884691629438896,0.70843979073216912,0.51799443824004276,0.29731308367755388
1303,0.51872916433928773,0.97202361276728344,0.52751214240642985,0.30633904788831701
1304,0.76345747432248912,0.71662255902251926,0.52346575102366188,0.29913394608511018
1305,0.47747863617142433,0.95951058132905753,0.52597072215528273,0.30558025187671745
1306,0.94480965271607287,0.90727997620435197,0.5355220849200224,0.30814865313424622
1307,0.088321750276966496,0.29732283155751649,0.47974540848978792,0.27116094997195778
1308,0.19522237562061057,0.38285456972691467,0.48941510789488157,0.2774424196748696
1309,0.52259497894704121,0.08352681977663888,0.47594651746513095,0.25975034694780075
1310,0.64090784849539639,0.52212757154403955,0.51008249808579809,0.28857409928822281
1311,0.0096354232640122068,0.52539132572842062,0.48963302032536643,0.28234233567874656
1312,0.31486823538671016,0.95756236653547966,0.52019901615788056,0.3032510717429443
1313,0.008570903665281366,0.28835466402234744,0.47559122817165778,0.26949239955113541
1314,0.22497306718545734,0.95311127860833667,0.51633600609432873,0.30160799013526818
1315,0.040942482875857965,0.13765010746117914,0.46649244109064392,0.26033424622365048
1316,0.21909388205740835,0.22971751302835766,0.47989382007829295,0.26833492881759713
1317,0.54818646258324155,0.29660822955569022,0.49328836660060077,0.27478645498413951
1318,0.81742400720153241,0.67088611075266968,0.52196496917468937,0.29715450382282382
1319,0.70696218417378853,0.054428716957347939,0.47648920995131833,0.25796906746298931
1320,0.05872424188869773,0.22105620485682739,0.47330562363965162,0.26605972519677568
1321,0.96234540881129216,0.29703437975452984,0.50003537574987034,0.27611745909107027
1322,0.43937135199367766,0.87854350353827471,0.52270119380752178,0.30313819026247874
1323,0.46424879037971845,0.95379057476454188,0.52542470765872262,0.30529407846015749
1324,0.029546815425681418,0.37235686948621882,0.48188942325023015,0.2746642911232075
1325,0.74480799653191354,0.70776054697049551,0.52264568482933016,0.2986135706156402
1326,0.22208141636318762,0.61496834343370288,0.50376636644436201,0.28992678670231209
1327,0.51377676997309318,0.39918972227635097,0.49960142888427078,0.28092166257712531
1328,0.056852444889617625,0.7229991785571096,0.50177047643918793,0.2922013786590611
1329,0.54106621920693432,0.97040850936594658,0.52813804693962252,0.30656114304252707
1330,0.81055549538963245,0.78925662329286572,0.52807657299601451,0.30277236118672041
1331,0.58334915957929334,0.71520180867424943,0.51965045600372439,0.29801613151559175
1332,0.68148449733842864,0.43907224458073035,0.50565681070834823,0.28408897946766892
1333,0.17922300087510376,0.16070835933020572,0.47345238435386372,0.26337054090916079
1334,0.73972237127785345,0.708816727049707,0.52260496812702728,0.29863819362386779
1335,0.66404600817799808,0.47255965749364115,0.50747313980853226,0.28593347469870295
1336,0.14456490159662208,0.45900459681273209,0.49210768821260981,0.28104527880304553
1337,0.39669855867089937,0.92054259703088326,0.52241087051938162,0.30367404588487512
1338,0.62896405736707384,0.3083702044202597,0.49572995832800582,0.27588940912628901
1339,0.090922442494088318,0.19065268450631995,0.47245690395221479,0.26448388869831746
1340,0.92510265317700113,0.29296632520124549,0.49925033828267695,0.27576951880769429
1341,0.22526266010367546,0.66482755356727874,0.5064560974465494,0.29232083539905651
1342,0.70275252003608035,0.52498439970050237,0.51145874332072605,0.28902961580471437
1343,0.87989223525760463,0.84401005501874027,0.53191481224453097,0.30550352252248925
1344,0.017386522208072713,0.38762143852495357,0.48222532164580056,0.27531274143008155
1345,0.19886602375911316,0.24563950141937241,0.48036246233535718,0.26917809137909043
1346,0.29666765242315596,0.11248500431905269,0.47320389580876615,0.26084739835799642
1347,0.88288895740107398,0.35668713045563782,0.50332981280937772,0.27978796914345117
1348,0.94625219885114353,0.29077646186918721,0.49935964347881462,0.27566870930584936
1349,0.84469313506329202,0.057672194690431937,0.47867354303809168,0.25846149700359483
1350,0.50447427133476597,0.3846531912728795,0.49842830596487797,0.28000699729179029
1351,0.87397056850540689,0.68974599765549649,0.5239459587173918,0.29832931917944772
1352,0.05121249844251434,0.53181241162001391,0.49206506081470525,0.28339683451432701
1353,0.44533843675703977,0.2298417662424152,0.48612136166929032,0.2698982094639496
1354,0.34217941961310572,0.52088490537385224,0.50261658354437699,0.28646575258337453
1355,0.77478331540002254,0.038622621250746308,0.47600205826030778,0.25681935840907882
1356,0.78455209893219879,0.62203409858223746,0.51865739238256825,0.29454052006613202
1357,0.10989404567918974,0.25191417437620695,0.47754986811656608,0.26863932168096744
1358,0.91692239820373944,0.9830589747443913,0.53729006463923057,0.31013311498986973
1359,0.16987464742370648,0.30451337536923823,0.48340396399570218,0.27255496422849512
1360,0.53309211465580153,0.54122075998779617,0.50888031113905641,0.28898628786980024
1361,0.5825612318794825,0.21997773433005205,0.48825776031661672,0.26984963195347955
1362,0.4741917704471969,0.31339069414309928,0.49286163003793643,0.27547638706162325
1363,0.91775852193500618,0.14474290346071358,0.48728471308319637,0.2653128850477644
1364,0.17604296343721218,0.60310553601755534,0.50135894124313585,0.28876189754531967
1365,0.96205165326761788,0.18344504020494642,0.49107235962175294,0.26823384465607542
1366,0.57373194349635159,0.0816846332021407,0.47673732684850972,0.25977353430732653
1367,0.60401424295919715,0.19589109988528072,0.48677704823344631,0.26825975308730937
1368,0.68531652366974161,0.39882036033294865,0.50306579422843589,0.28172631372572599
1369,0.72772003537107954,0.92502234213332413,0.53178379888843275,0.3072320386220509
1370,0.85787500208272827,0.22950099492099835,0.49346248084610672,0.27131332924945378
1371,0.46097656329233433,0.34681456188819137,0.49486464706957989,0.27747138332995352
1372,0.995988684659882,0.80445998397088847,0.53187618023473937,0.30427897062263465
1373,0.47777007499787727,0.51436822622801415,0.50595652357874876,0.28718620909103165
1374,0.30072257734442831,0.21670594877126859,0.48142566654096697,0.26812879556473523
1375,0.92001616453804314,0.67959629638862096,0.52411842333373759,0.29800763181191342
1376,0.078628089141135574,0.75797695237410956,0.50422040190366324,0.29388136314169805
1377,0.58048958494946135,0.11625119291961893,0.47983058833447401,0.26241732967043185
1378,0.53293257942047212,0.7737135248104926,0.52138328922148502,0.30034169333575189
1379,0.70125528544300475,0.23649699082575973,0.49164660411049332,0.2713884401370909
1380,0.88890328989193079,0.54646277774247576,0.51591203395114194,0.29094374788670574
1381,0.3076580599166337,0.70865669063242387,0.5115988562199385,0.29531388487619731
1382,0.12536224123757567,0.45961220345186304,0.49135649380966334,0.28082244596709061
1383,0.72333700516097021,0.19168432374716504,0.48847225060516286,0.26833127426560682
1384,0.82654214802299397,0.26281080088022868,0.49560730510902368,0.27352213269580949
1385,0.99304586325940913,0.60784537796493388,0.52110208659935398,0.29458011935096762
1386,0.8619491383972927,0.15124919239577139,0.48713085983500626,0.26570457217794702
1387,0.54499851304370683,0.69953708021166972,0.51792850002685287,0.29700989455522009
1388,0.53974612561193069,0.53478988220017643,0.50865553795754581,0.28868573984875578
1389,0.79569471780959289,0.022030611317849256,0.47472851716608738,0.25549270698839305
1390,0.028242311655252709,0.29876195706693692,0.47719586446882117,0.27041112732294986
1391,0.80764253030136468,0.85417101984681798,0.53101306561462502,0.30549652565193813
1392,0.45090994030759907,0.22095096798400629,0.48557829217437337,0.26932883641773947
1393,0.70722705193316804,0.40177694693572125,0.50365839858615724,0.2819912453133791
1394,0.24390506798779826,0.033199958537810013,0.46507057205778773,0.25455735206265706
1395,0.27784801103797507,0.95091667431344984,0.51857396758099294,0.30251183418017424
1396,0.078023898509412534,0.54753816032257163,0.49418065013397433,0.2846149116309335
1397,0.76940046074957358,0.032580993813148239,0.47536727909292892,0.25631897900375511
1398,0.80989360305940505,0.073850388257962196,0.47969324092717602,0.25969587770638058
1399,0.83745175025063801,0.42965484104106438,0.50767719121420918,0.28411743461662564
1400,0.4584164327312843,0.90282039106228629,0.52398667460147064,0.30401658174427387
1401,0.78432292681698457,0.65666815950697066,0.52059937751688734,0.29629594711640361
1402,0.17855864056743451,0.67555334974160652,0.50515809091171715,0.29218956179898448
1403,0.43407745504773926,0.52601836579764494,0.50552122573344083,0.28749437489081964
1404,0.21032665741728854,0.69658567177563668,0.50746604976297871,0.29358008522553941
1405,0.5973818896246027,0.26772213700067948,0.49215782863747654,0.27311909310309063
1406,0.098818645062542051,0.98960474314711755,0.51063271528249299,0.29948883879291105
1407,0.75430105758643484,0.40485643001218563,0.5046783051503575,0.28235318482376071
1408,0.98185916897360004,0.038594498226081492,0.47849252746111648,0.25706646830205787
1409,0.10831469683764736,0.5340575796692516,0.49482103005494465,0.28441615815898313
1410,0.36730205082000467,0.78821898774647858,0.51724633036808088,0.2993581889027257
1411,0.25786190126092406,0.46434414848381422,0.4965986516788583,0.28263913514794792
1412,0.90993002656312894,0.87369117265971152,0.53367042722025249,0.30679804807398886
1413,0.88184150834319885,0.5455219826279557,0.5157467210284481,0.29086798378299433
1414,0.01604473106280202,0.71958917389941635,0.4994331160401958,0.29122258079107832
1415,0.20267964286346687,0.24112236143933843,0.48016976480457463,0.26892401003241462
1416,0.38301840712999691,0.49032233770099704,0.50200918356592605,0.28518321213519798
1417,0.27548993533543548,0.80907136667083257,0.51476299460426878,0.2989105023995432
1418,0.52645569803178083,0.66463754446284151,0.51563597230070701,0.29520408978236767
1419,0.23802923524364597,0.13582671529656509,0.47339608563052055,0.26211942650362013
1420,0.80741966447614832,0.52346686765296624,0.51320873489716512,0.28938502007514821
1421,0.48304700908620146,0.5756021009701886,0.50965196982741301,0.29044530895939091
1422,0.23282243614665932,0.73230106728813849,0.51005641469774843,0.29546154840090499
1423,0.63434099521940812,0.48439554035622862,0.50763193581005872,0.28645745586121146
1424,0.62662980293979642,0.24528010787729873,0.49102002992147231,0.2717343202711644
1425,0.4305641277679359,0.18545026555062505,0.4823799772055517,0.26679266005180957
1426,0.24443242292307552,0.31122834064931376,0.4864185040449836,0.27370001523604248
1427,0.37116235287360616,0.87544733731868918,0.52034420187501285,0.30219996318336401
1428,0.63585068383718613,0.41213403039159024,0.5030220879329792,0.28230669041187717
1429,0.80795737090621844,0.91927276776443467,0.53333551077165986,0.30766606944254787
1430,0.7061801713186433,0.56916423794425797,0.51416630969570476,0.29142299753585876
1431,0.51463623803058878,0.51545280883720845,0.50691724989389808,0.28748899185028159
1432,0.73615346004836035,0.94742028791866029,0.53260389907789751,0.30789965477797537
1433,0.93040438034228279,0.68873961210084378,0.52478163681770973,0.29850143684214131
1434,0.08485727594025666,0.78004722801669268,0.50529204619546231,0.29471835739317648
1435,0.63315954891891446,0.73868716061952289,0.5219818268785158,0.29944177427290603
1436,0.028444605873816184,0.030814227512420623,0.45753577452863653,0.25253826841210203
1437,0.98933887396437359,0.63315753277823095,0.52252196020928365,0.2958909067663571
1438,0.39382789771998072,0.50504006175944816,0.50318873639807193,0.28606291117086352
1439,0.86003916295537497,0.65060995980716552,0.52155252221773474,0.29631672084332294
1440,0.57790375259636206,0.98830050837119354,0.52957669089637238,0.30734191940280098
1441,0.53946449489662185,0.54468459517938328,0.50923206901884754,0.28921024989607574
1442,0.092845572531188386,0.50051597290100769,0.49228597934373758,0.28248881216225297
1443,0.47031970202616652,0.1910618861693307,0.48371345804238786,0.26737717607235861
1444,0.38384761138715551,0.95516839428019018,0.52273749287334303,0.30424923651507602
1445,0.66120284468223112,0.97241221551314239,0.53144028377112862,0.30784512363190852
1446,0.6341698859650059,0.80557741285407691,0.52529847849119826,0.30245454271044198
1447,0.82710311615838439,0.78509564727485415,0.52816195314569114,0.30266233589270874
1448,0.78238417613682099,0.064232518279098441,0.47845360219849387,0.25888865654674098
1449,0.92887596139464301,0.92910733961291847,0.53596774534311686,0.3087408872142775
1450,0.92997074567779203,0.85432845541524005,0.53321891633694107,0.30616631977241932
1451,0.43967419639484728,0.12344954700429227,0.47761052250069336,0.26241264171949447
1452,0.19925203046969839,0.92824654064717471,0.51468964529329109,0.30065438422453472
1453,0.76550867118065946,0.54569294183574391,0.51384994977080334,0.29043253977131339
1454,0.19088318196445472,0.620840684169915,0.50287494248964215,0.28980868574370328
1455,0.076970556706108625,0.91704148661274232,0.50825492774680048,0.29781086237930932
1456,0.83692985347913351,0.40782282393322095,0.50620194300825505,0.28280883307685245
1457,0.36714112541448563,0.20687023514407921,0.48248209268678854,0.26790768733519049
1458,0.68429450128540636,0.2235512229233631,0.49035942647569736,0.27044762867634581
1459,0.75648320578151618,0.1944209369746619,0.48920500171566444,0.2686117264414587
1460,0.84476283352890746,0.070934286344831343,0.47988330635921073,0.25951920836553832
1461,0.32385776213809153,0.26840432971344563,0.48584248501437488,0.27166960776244609
1462,0.58899982203358092,0.5546376501440653,0.51092997079672653,0.29003636219257101
1463,0.96432498963276159,0.65326180705177828,0.5233107557772273,0.2968401610945986
1464,0.45319695752047706,0.11866419572498417,0.47750995419584247,0.26212079409811795
1465,0.53659532583601544,0.99300638738834535,0.52848112852931317,0.30697140051364369
1466,0.85772525092909346,0.48237864245114614,0.51143125265676714,0.2872554631610964
1467,0.38989130183510717,0.75512957374866818,0.51651519215764785,0.2982626159193284
1468,0.9720121460856056,0.32506963568091157,0.50224030995269797,0.27797690504071132
1469,0.2807638222145033,0.031614550989598506,0.46594349430120657,0.25465592728201947
1470,0.16264982079995097,0.3652523520903313,0.4870985693917812,0.27606671258161375
1471,0.89852972428138611,0.37786837118911792,0.50504264567769819,0.28115321363236889
1472,0.83611095063301044,0.68485759565447235,0.52305017574410062,0.2979283329941334
1473,0.39514936847422505,0.57501928894488386,0.50725866582453827,0.28972892182974591
1474,0.067448793245165145,0.56558990230668571,0.49464090074817701,0.28532161151249685
1475,0.27305829826194095,0.15310657077244252,0.47578621364230639,0.26358994684324843
1476,0.23472669367560886,0.76931067383683982,0.5117051515232236,0.29694947632516006
1477,0.14593600726678269,0.83347346894621155,0.50994185730411923,0.29746553230668227
1478,0.054373149462568111,0.35694068987147187,0.48209337575057726,0.27417613716648198
1479,0.22356260708711345,0.75981065781506485,0.51088015987949664,0.29643365706753122
1480,0.092443681693996776,0.030602447414037309,0.45998650301456745,0.25318167585852264
1481,0.24826253524074565,0.76724218056992388,0.51215432258250737,0.29706548348902284
1482,0.12243875752032037,0.50520402444127244,0.4938365594322332,0.28316095103552202
1483,0.86402071206447439,0.2327301025343477,0.49380088246939302,0.27155084666982859
1484,0.24778263622814559,0.3659372379509383,0.4901474991413462,0.27700005486715895
1485,0.75249874361491531,0.66065260069459919,0.52024156178076575,0.29634488357782901
1486,0.84516195664402338,0.93423705888694386,0.53454306181162181,0.3083560753166984
1487,0.85805715118387027,0.82248273953424067,0.5305558769808062,0.30449761354900667
1488,0.40169382923034719,0.46687428513813067,0.5011078366734727,0.28404730183016041
1489,0.51306815857029286,0.074037148300546696,0.47493764352219692,0.25898866911271856
1490,0.92321732697937409,0.50899966957882281,0.51409805749224058,0.28897609365311416
1491,0.41885764037786283,0.017552904228575063,0.46799054352765723,0.25419793907993243
1492,0.28241581635336627,0.47691632487043978,0.49816057268380276,0.28356405727154027
1493,0.76361318480906781,0.76737483344731161,0.52610195339595334,0.301525472577238
1494,0.41819991963462672,0.46249442357517551,0.50128274709980969,0.28392790571844045
1495,0.37611884447733179,0.62335361410669288,0.50935786908181979,0.29197434641460185
1496,0.073226902697642801,0.69821866597823101,0.5015360800638079,0.29152203942807126
1497,0.78207203236449274,0.67516031156535028,0.52157716801559684,0.29720575092752149
1498,0.49626051261065296,0.3571313785789651,0.49639097392727372,0.27830353519580853
1499,0.59672091496075741,0.41146753575283807,0.50219713365185636,0.28208276561475015
1500,0.27100694175992396,0.03739877706958214,0.46618600925293152,0.25504921954814269
1501,0.7559523338938714,0.53318493708773751,0.51292456024766964,0.28971199243414564
1502,0.97744303574975355,0.69888236807220394,0.52604092787531787,0.29917510659456176
1503,0.81401658783637687,0.76301835903123716,0.52680425373231954,0.30157661879560044
1504,0.92732146680335281,0.22546556696855696,0.49405746957402868,0.27117176770720858
1505,0.33589837839262332,0.34527469556947471,0.49149288370548055,0.27653053534975647
1506,0.27251134597776694,0.73014022394259237,0.51143118259312736,0.29587471347697225
1507,0.78480702186849671,0.43031866588037232,0.50688535504002996,0.28397949165317249
1508,0.39345118545842128,0.67637718814591641,0.51267071625263683,0.29468432560249108
1509,0.55522963907838574,0.27843382668414857,0.49211379876069772,0.27364305730729582
1510,0.34785276583888336,0.88404996244701328,0.51975325338306322,0.30210949385608588
1511,0.90565308925550203,0.66709355098480594,0.52320209916069815,0.29732725939167126
1512,0.34413149125197673,0.98152338930458072,0.52178558060666869,0.30415791372987488
1513,0.43237134318527531,0.021582334099814762,0.46864304239965981,0.25457322432723345
1514,0.75409422618349775,0.52691909312690843,0.51250978451473561,0.28936121867535003
1515,0.65500043752518256,0.45192019315046494,0.50598475432586465,0.28471397811386689
1516,0.2916492420395953,0.287949132411147,0.48628720823955129,0.27266214627556773
1517,0.33336206909512406,0.15191909553982552,0.47735054520657483,0.26390166264063358
1518,0.51077860821274812,0.59511219873187371,0.51144425998289389,0.29163952890268957
1519,0.60063856141181893,0.44088548846245978,0.50419162540119067,0.28381715186514184
1520,0.89254519308778701,0.067115140328172132,0.48012709636855816,0.25928098866139809
1521,0.55557099537119503,0.96374244232483908,0.52840784789110062,0.3065780890924576
1522,0.022269538844132332,0.007712302838347387,0.45534965309524122,0.25071706230439295
1523,0.51521551218408856,0.74256505790025695,0.51938946944180775,0.29879399507178706
1524,0.83360560344775436,0.84504134059288782,0.53112506022425776,0.30529623248684595
1525,0.38095672816048609,0.64734536695884315,0.51078117541229029,0.29318410384736571
1526,0.57144076244378228,0.8457906776071642,0.52540770027366812,0.30347268450218201
1527,0.19430736162670656,0.53457354074971519,0.49836968837274298,0.28561021917859397
1528,0.45251696566023164,0.14929279118865962,0.48000472318183379,0.26434579547496162
1529,0.19096559413900832,0.0010413295865408145,0.46070147764519598,0.25168402655721345
1530,0.48097620517326289,0.52471300311196833,0.50665041714233339,0.28776284509412819
1531,0.081278544065158345,0.86945437772035372,0.50752764298237685,0.29696919836890651
1532,0.55515394009930319,0.41846550642090152,0.50178029605979968,0.28228059952489237
1533,0.45400209993504687,0.56563102992885983,0.50833724421132198,0.2897178521027417
1534,0.12143425926206401,0.15060105746990304,0.47064841883511144,0.26212524088217121
1535,0.94089186859099438,0.42318700231212425,0.50874511114495868,0.28403276213993794
1536,0.40282890621320117,0.56638861557760978,0.50699060364873771,0.28935252324445959
1537,0.96499447391011062,0.0057536691683693795,0.47516920793071926,0.25431505783724706
1538,0.52784211837648187,0.69135984859996247,0.51708193710237593,0.29649778825192985
1539,0.15741864882613302,0.25443150777806295,0.47952540504654001,0.2693248008662168
1540,0.36608558276089609,0.49764537492062666,0.50196149993482031,0.28543860623421508
1541,0.52601451925953158,0.77607147649779218,0.52132063621730862,0.30039084273092009
1542,0.62133014280033538,0.19626162198203384,0.48712088390982428,0.2683455738339568
1543,0.64737271483415981,0.10322190787818981,0.47987485292582366,0.26162955607108546
1544,0.67345224182069063,0.72615208017259147,0.52219509153555044,0.29909916892173899
1545,0.5479039738035878,0.63262281803853115,0.51442008315656451,0.29378029270894135
1546,0.12280032194097294,0.37256704507496907,0.48600045573839395,0.27600282577448537
1547,0.35879904202510371,0.16408407416880363,0.47896676909539065,0.2649095989674019
1548,0.65889140699742133,0.20194769059434767,0.48823090816901576,0.26886698868692482
1549,0.25189312552214832,0.85090988625899189,0.51513780642779017,0.29979755910867634
1550,0.075702471834898463,0.11858996272465448,0.46645500961226755,0.25942382961918964
1551,0.63944360541213541,0.043525046190933794,0.47445254428122863,0.25695189994236017
1552,0.3036036838630331,0.30670473787266533,0.48793980975813533,0.27392476954391737
1553,0.1271437610955094,0.11265247481731931,0.4679225646009465,0.2595358051693305
1554,0.32933836662486432,0.37470548318178631,0.49324705480405051,0.27822944171277891
1555,0.3117203935347847,0.53005741075483381,0.50220107231943489,0.28666164193091037
1556,0.55157448457652936,0.71465067496848056,0.5188708624863092,0.29776975522612231
1557,0.35221803258777362,0.33731422988997073,0.49141761002371703,0.27617224480905456
1558,0.0065755629860213957,0.25088247492221416,0.47301472842548131,0.26719585879321045
1559,0.028105112768372055,0.040452031228237324,0.45831685170199221,0.25325471036628655
1560,0.49420156466636112,0.50192276841405548,0.50561413686124379,0.28662301669611084
1561,0.1474586989835254,0.065101756093872254,0.46479405134613444,0.25626783473812353
1562,0.23400669854098233,0.36610657418906928,0.48969940846429028,0.27687656957739637
1563,0.68260603592590197,0.095092953659442717,0.47973694581594889,0.26109685949802786
1564,0.42158853977030381,0.23553128850489158,0.48598725466025727,0.27014917316634673
1565,0.8529412514584489,0.14467931240423348,0.48645638641588701,0.26520018066075124
1566,0.70959632833221697,0.16444693385261344,0.4860395792362206,0.26634026430942404
1567,0.31896201212772868,0.51222374815716176,0.50140045025869695,0.28579649419521042
1568,0.10518014941281872,0.70248533575673355,0.50326738874474919,0.2922658001497101
1569,0.67038049679392719,0.52006451978109547,0.51054136169221676,0.28860799393138842
1570,0.18376752600219334,0.88806507770399334,0.51311269434826334,0.29952221682959423
1571,0.28955786546963502,0.21742094281093452,0.48115811457116509,0.26809514167895154
1572,0.45890044366664956,0.40336679570352429,0.49857997406934768,0.28083734866193844
1573,0.67501816980749141,0.043900287454563661,0.47504675363471432,0.25706103587951085
1574,0.40599242598552959,0.029473580180376303,0.46878593054882672,0.25509856045785578
1575,0.63472795902391665,0.6400059412460658,0.51676955217449505,0.29469006588572744
1576,0.38739950532404477,0.015870054998795968,0.46714844026119517,0.25393554270176888
1577,0.67797406047949338,0.95213019453774905,0.53135832319683496,0.30752050405625353
1578,0.74377275104942964,0.97552640927344336,0.53349628447359954,0.30865232337328746
1579,0.64746209782039521,0.083133096738543841,0.47812645201317783,0.26008888730188046
1580,0.0071859072639490484,0.048135504974576179,0.45806526439804407,0.25357664337260927
1581,0.64508364551585406,0.1832002371147857,0.48649748648308261,0.26750118400829115
1582,0.017568506004044322,0.28106074164531897,0.47554065759945296,0.26919460744444906
1583,0.37109629186928511,0.65875841043525152,0.51108466523390339,0.29363888974374558
1584,0.45802558514626002,0.84363140215309107,0.52216578730191521,0.30229654727966671
1585,0.053039213244838179,0.20525354025081036,0.47194822294926686,0.26497336068780292
1586,0.77035958598867293,0.081895574768248477,0.47987488410694373,0.26025909605159353
1587,0.6100503869962296,0.30146735957219495,0.49487303713498126,0.27536942165474304
1588,0.9553913885764429,0.86951966331094743,0.53427672266698312,0.3068776745741813
1589,0.28096146917982262,0.49926908850799084,0.49942846610247066,0.28474384415629955
1590,0.92843176914417413,0.040778238814312501,0.478109583068414,0.25719474743419402
1591,0.48314776643655499,0.88846130927450728,0.52434239922714476,0.30391498439929726
1592,0.55400344258664413,0.26641588302963648,0.49120472456936587,0.27285060532717553
1593,0.7173463028269238,0.88625629380714388,0.53032965447258162,0.30599707106838459
1594,0.80624770269402068,0.31899744272493991,0.49949590247223186,0.27717537845831519
1595,0.90816722955849261,0.098203727500361868,0.48311524457027089,0.26175005436659626
1596,0.92573397315907069,0.77210980174116561,0.52914676355115386,0.3024991126025548
1597,0.34953170373142933,0.6658372865669081,0.51078801070646973,0.29376577195194475
1598,0.76280459990593374,0.8518343780115829,0.53002962759782224,0.30513067530623272
1599,0.34985272407640006,0.74012021256835436,0.51453934612833707,0.29719091727449853
1600,0.58654083439997629,0.29988614272034031,0.49430121487283413,0.27516866702281323
1601,0.80601406839137202,0.23015486237189034,0.49278100515919421,0.27123927517031488
1602,0.54402240674773938,0.89265414406134524,0.52622530915999954,0.30467687998841525
1603,0.03782714096164564,0.97516908458493423,0.50689515478132519,0.29772571057213743
1604,0.90388884413860504,0.42841629916356178,0.50857986817170664,0.28424454865639776
1605,0.43818411722468448,0.24385235840409297,0.48700068914751093,0.2707932271988191
1606,0.57289995640009883,0.24801742893381742,0.49020912056459476,0.27171004928130027
1607,0.83664026158897908,0.16565214863606961,0.48800077370169986,0.26671750844656472
1608,0.94872356593908058,0.58288920411671274,0.51899657024621326,0.2931134897810882
1609,0.026939638398063834,0.14607971178045265,0.46652303261191463,0.26072960493529501
1610,0.87064262195959463,0.75556159253934174,0.52739559259630331,0.30148795446206056
1611,0.44281824959459481,0.53370000780775451,0.50620172864450941,0.28796654036250635
1612,0.18710367662123173,0.63256690426416473,0.50333122159699806,0.29031374012965494
1613,0.42106219398983524,0.98570317493287152,0.52464900632042055,0.3053654204283458
1614,0.50508789017522937,0.45063545661660609,0.50271213898357137,0.28384435273392444
1615,0.83704149372406544,0.18237340540831212,0.48938732294984161,0.26793268742128518
1616,0.80069578984751144,0.86578469686413884,0.53133489655897659,0.30587862271738264
1617,0.85165673540822462,0.69098591142125665,0.52364565069465852,0.29829704964819931
1618,0.13104242165876787,0.51233482070310277,0.49459868653555217,0.28364660172792366
1619,0.1623171048216871,0.30581696044114653,0.48321399648982671,0.27255220730689395
1620,0.90412501706384352,0.73970451623460975,0.52711292383925534,0.30087818233374219
1621,0.1453264463453903,0.77163961670583814,0.50795931109736947,0.29559864428761712
1622,0.049109604976710401,0.83197611052655851,0.50485026783845199,0.29535833073391699
1623,0.74912213250937643,0.7541551066047395,0.52515044731102245,0.30083482144443735
1624,0.12388412335602335,0.14508064478315646,0.47031818239189926,0.26177076656739673
1625,0.128493526767788,0.34611938543646831,0.48455521389096373,0.2745521372127101
1626,0.6240491896988708,0.62882812407609312,0.51592293628326114,0.29406751302046646
1627,0.51111392264020394,0.27116132144212024,0.49065661800720006,0.27296359498287548
1628,0.74419749899093302,0.9634158935892978,0.53320454002247708,0.30836614305206561
1629,0.26971547960065073,0.69340041755546122,0.5095228742599226,0.29418223475545641
1630,0.80909993671152047,0.76270913371831417,0.52670052585878868,0.30153837842442766
1631,0.07681452894444811,0.004458691216085572,0.45718721326433404,0.25102558939916375
1632,0.15441886800335489,0.92645823477149247,0.51250941356613511,0.29972139879965692
1633,0.59870369583527794,0.65259060438560557,0.51667628972379398,0.29509804462053529
1634,0.67177626346288022,0.38338469616790538,0.50177448816111481,0.2807396886964787
1635,0.53187222968806747,0.93014966006862232,0.52691700246527218,0.30553880931015703
1636,0.35786734920818125,0.80469865044789635,0.51757447655386957,0.29984639254838014
1637,0.1447039121532929,0.18664019538360882,0.47419635300492596,0.26479710050004351
1638,0.27500749276209391,0.85352079504147405,0.51614407872802037,0.30023076418135214
1639,0.1947807689254987,0.88973908578645211,0.51365917302546971,0.29976721158821656
1640,0.63324149299297716,0.95714585601330038,0.53036135768075143,0.30722573772683226
1641,0.96476320655035086,0.43461147257281701,0.50983796556930716,0.28477950936123753
1642,0.63066376689671311,0.058065990858490117,0.47562455225227385,0.25808725042935865
1643,0.5351064094558009,0.74616577547116913,0.52007143196075178,0.29911088781751988
1644,0.94636623585555935,0.13563272903169274,0.48684686169809205,0.26467033581262778
1645,0.48937092951842354,0.50985381933915197,0.50597325858648545,0.28702123146371367
1646,0.70022789459816415,0.024691836610750761,0.47365292865469388,0.25555500196976977
1647,0.61609863909740237,0.21292444721692011,0.4883363980523201,0.26948778227180198
1648,0.5943742829574622,0.41476325104191203,0.50236566186287213,0.282265224251873
1649,0.80574787815365712,0.42206019146424956,0.50667405173827196,0.28356165430859237
1650,0.16576951808683807,0.42217845417583594,0.49074945145448229,0.27931321258851349
1651,0.05018030425786274,0.77491883943489526,0.50328365982872403,0.29382491830593349
1652,0.86335743410856236,0.77764450991404022,0.52841048862325324,0.30248770635545719
1653,0.3216457594106556,0.27454344832767968,0.48621646670890911,0.27204515758216791
1654,0.47254644174493154,0.70118325107194257,0.51617206880608357,0.29653642262725305
1655,0.95323714620162503,0.021716872794309165,0.47658070747718262,0.25564496946940773
1656,0.89924797626592912,0.95972077316086513,0.53633076276878122,0.3094192379481146
1657,0.11277467773050304,0.15059988860428566,0.47032658827797152,0.26203581460626552
1658,0.39066910478662464,0.98520393342237234,0.52357332761568731,0.30492549905171845
1659,0.65590904718925014,0.14782362639979693,0.48379235345114741,0.26498167175955845
1660,0.85079332952046538,0.89887128860765375,0.53351402594355801,0.30731884255317399
1661,0.55290891065363545,0.8149476859018091,0.5237312961489019,0.30219701402448162
1662,0.84617040377784292,0.7660703485428938,0.52752403860289065,0.30187064316239903
1663,0.61446879467485715,0.83848528032220204,0.52620919837813274,0.30357726430101767
1664,0.47545752135302177,0.58949307074641111,0.51024326473916692,0.29110083623387417
1665,0.44347064158777938,0.75876884636628683,0.51826690243034002,0.29893047100976322
1666,0.7839286905041547,0.75311974570037565,0.52575024594730213,0.30096595138707449
1667,0.39020127085071288,0.4898408101865207,0.50218182297512048,0.2852146648139553
1668,0.0021591823164955714,0.46818084262077464,0.48612095153974705,0.27932893674108072
1669,0.99954583420328569,0.92654301994411514,0.53710758070667131,0.3090626703644721
1670,0.92727005623568548,0.91618478712717766,0.53551667336637288,0.30833367219189423
1671,0.73364016707314883,0.82624946516858189,0.52836600642674225,0.30395870588035612
1672,0.13515339441833785,0.72205100549123025,0.50552525613487698,0.2935838223472016
1673,0.16758517615030286,0.50847807333824468,0.49586980199887998,0.28393784575529862
1674,0.92036556397719538,0.27131428939070318,0.49754642228774887,0.27431034326713721
1675,0.54192054633178055,0.54938287419286791,0.50956425966446062,0.28947426655668707
1676,0.61044444925148278,0.24041999319592725,0.4903517060247623,0.27134651033954665
1677,0.77456430666452514,8.5371023195330063e-05,0.47236087520209546,0.25363548316464868
1678,0.36272883145633389,0.36124921199671228,0.49331081195698701,0.27769067075716763
1679,0.64256017398511767,0.99518777398675451,0.53147066958322153,0.30815605819331127
1680,0.21665556616428075,0.48322814136889064,0.49627488562484995,0.28320883099981958
1681,0.63124795770462372,0.30629250320830614,0.49562299379022967,0.27576525812911051
1682,0.30224246482976014,0.94911377292670085,0.51953156447100612,0.30288398425333862
1683,0.50459624963601823,0.87525756936146648,0.52457656261767927,0.30376820083182221
1684,0.15936359330023406,0.21242510789687513,0.47660842418845245,0.26664654209262806
1685,0.1229527228705003,0.89777666033598369,0.51034714423087935,0.29849247216035418
1686,0.99890887383689408,0.080180359777633575,0.48252778444048938,0.26044090680441845
1687,0.40930843753590018,0.99177087480697079,0.52435532827601739,0.30531250622716993
1688,0.48375271292451072,0.57052921705892079,0.50938096853019921,0.29018884923947569
1689,0.15751687740817433,0.77358111397825424,0.50858731682721192,0.29587751496025866
1690,0.8401729189040722,0.45956181625680764,0.5096879594667808,0.28588239055151543
1691,0.02033969679985894,0.25533709271940175,0.47395854989076586,0.2676746712330319
1692,0.87749171388248215,0.4436930131200818,0.50921344365081278,0.28507304145444429
1693,0.40823925646530695,0.63242201895479822,0.51078179758375331,0.2927040318043404
1694,0.13297988415608417,0.67040672095500631,0.50297291624298934,0.29128326690500922
1695,0.51184378287709553,0.90629680733612039,0.52570065829306112,0.30471390594118719
1696,0.20479236573426751,0.0039247065258561633,0.46137063813337142,0.25200666379576991
1697,0.60343158069435743,0.69674915255071834,0.51914516505864616,0.29727265573818673
1698,0.93489622939064876,0.86843329429068838,0.53389024458575041,0.30673437727023706
1699,0.43609933681789559,0.7122229494415806,0.51573798827346728,0.29674423631296576
1700,0.20519348245245639,0.14189142909568037,0.47285268256636154,0.26228889299496466
1701,0.13811550548610976,0.10968288691841299,0.46807736806832373,0.25942834284579092
1702,0.46171734214433235,0.20623252722547625,0.48469857798619209,0.26838188290299736
1703,0.54862076568935303,0.92664672389150371,0.52730464195780524,0.30563117638614118
1704,0.1067279720768449,0.57275935539518252,0.49682827649979938,0.28629795001718122
1705,0.15023953321777517,0.6911125282121241,0.50473686853519817,0.29248051144797832
1706,0.099871704485279045,0.57218837809268153,0.49649064922728137,0.28616416209619394
1707,0.61121460299441832,0.83865889284388395,0.52613676918378127,0.30355727702351115
1708,0.32804463865658035,0.13372204582510749,0.47575991926580929,0.26257421118226559
1709,0.36748534122655402,0.050994376868556721,0.46981153766173595,0.25661646672872179
1710,0.99074641576466382,0.94066922642135764,0.53741432247880438,0.30944309000719361
1711,0.73421005026256903,0.17088026457397501,0.48695181523261089,0.26686923710078936
1712,0.60877348303963663,0.55775301490240969,0.51153884921284554,0.29031396144368549
1713,0.40261552751491547,0.025379678513843103,0.46834425278283082,0.25475908914246148
1714,0.77807558003027222,0.014348360334977042,0.47376936827438276,0.25483167082885871
1715,0.75881777584563248,0.062586429316562137,0.4779783135625657,0.25871673010978519
1716,0.061795059461856726,0.3031442588843522,0.47899415000002882,0.27115442296010922
1717,0.72567331024723825,0.8285879860579618,0.52830312388208178,0.30400189424966995
1718,0.56316327582282255,0.51375291159882908,0.50792913746687685,0.28769361304184904
1719,0.23483607608409365,0.16417581940075615,0.47550661180141168,0.26407498341350821
1720,0.90579873788760745,0.48997996407790345,0.51263804019429893,0.28784394761991533
1721,0.64460227483186183,0.084211331920640092,0.4781743962784254,0.26016502256961421
1722,0.0067109722080524086,0.95506814959066688,0.504673509578903,0.29658014013075812
1723,0.93053359614819053,0.61667248994660329,0.52071614059091975,0.29483695068579929
1724,0.63367428904686829,0.20392496454344364,0.48794685060930798,0.26892320621743149
1725,0.16519948679817609,0.47868717160661473,0.49407306816689922,0.28235366691076835
1726,0.20620804590863412,0.8626473545256188,0.51350856971462822,0.29933343663965101
1727,0.34949102746002614,0.88922357222809223,0.51995069992562182,0.30226477444713112
1728,0.72991659077344229,0.74465856249992501,0.524290418601012,0.30028780731308913
1729,0.57687787529028722,0.77663737630780094,0.52260526236381366,0.30080207850088642
1730,0.93545953276030491,0.60943020242940404,0.52036804282434324,0.29447516511160265
1731,0.81378751591801424,0.46695013589073209,0.50974952718185684,0.28621945385517911
1732,0.82391452746823202,0.53922509392848006,0.51444577530672941,0.29031388133712588
1733,0.4198774668613332,0.83187087934942694,0.52058191575689772,0.30149259393468197
1734,0.12266971516875783,0.60759225497007141,0.4993525416592412,0.28821209776495937
1735,0.37520188561793189,0.8148468093457516,0.51852944848229754,0.30040483846018518
1736,0.18113025923882378,0.29541520457168807,0.48319675057320455,0.27211898712463922
1737,0.19575761290638474,0.85313211251668408,0.51279114903592937,0.29890572719937503
1738,0.36965154909981651,0.80249475507986501,0.51788471819205684,0.29990819701914739
1739,0.77598529395282967,0.67793251816212441,0.52161865516054473,0.29731392453942129
1740,0.05718862258606823,0.13736578116068848,0.46714702625536869,0.26051146024179717
1741,0.82415844313331188,0.21064671107380417,0.4914967160282005,0.26991985470007102
1742,0.41398155380954271,0.50445807135439247,0.50370863816479972,0.28618977020469549
1743,0.50887745917852734,0.85459141201231403,0.52402530736337583,0.30317607463565976
1744,0.8362581774895429,0.37040608644291062,0.50361572750314221,0.2805159275983044
1745,0.56264066907743693,0.29276783082740149,0.49330792183958411,0.27460538249945027
1746,0.57568046009832763,0.66393313307730717,0.51676840969352511,0.29550718914272744
1747,0.4361064119849471,0.63162584988105819,0.51151880741798894,0.29290020814837037
1748,0.073098548767773899,0.52953081201064633,0.49298161752148184,0.28364495669165635
1749,0.45112578077948423,0.021047285592870321,0.46898430350785997,0.25459951624482163
1750,0.4773202148636454,0.5273874334157328,0.5067170652435582,0.28788024082043551
1751,0.71665362225113205,0.63996821010223359,0.51841981096890533,0.29513148564582209
1752,0.45077634111134107,0.99364692819012568,0.5258021301454523,0.30591535245680801
1753,0.098647631526191257,0.31069786325196042,0.48105367450964714,0.27209361613909655
1754,0.36136332745827965,0.31946860303649449,0.49045364885468434,0.27514621906237147
1755,0.60212164551153557,0.90745214960061726,0.52822463096332117,0.3056574324524271
1756,0.56094639065262164,0.15964879882169192,0.48306588644833226,0.26553322006954477
1757,0.051147797626687683,0.27894963810147022,0.47693115896255789,0.26955449640212437
1758,0.46512786649101184,0.96108282251775967,0.52561298423437386,0.30546039772299577
1759,0.48908644308877414,0.019996120138477999,0.46964599187137157,0.25464477281628478
1760,0.69793001407660782,0.62951073829518867,0.51747258891892389,0.29450771729662556
1761,0.89908771121670727,0.94488417245197354,0.53590191598194925,0.30901315618073205
1762,0.55578578552649127,0.81613710011896912,0.52385393721693441,0.30226648103127435
1763,0.83030724479461793,0.26118530864795902,0.49553725706414592,0.27342160975039281
1764,0.29391815713109681,0.34197852895903635,0.49003584622402285,0.27599432472430296
1765,0.85797303742297237,0.028396911920735148,0.47611593455406104,0.2560993857771815
1766,0.44945875654633854,0.13104245604363968,0.47845095239947572,0.2630116946322566
1767,0.59842887204476869,0.55937734917277704,0.51141214126570933,0.29034109878521336
1768,0.57740471582777098,0.89388053560972913,0.5271702890288853,0.30503984483640989
1769,0.97950303730979793,0.7105553499755799,0.52670720051713615,0.29975692250810759
1770,0.65304972643599613,0.12151696938542883,0.48153546263340602,0.2630253433711553
1771,0.4647061611775658,0.23846960238671164,0.48721180278745646,0.27057566040105957
1772,0.36979777242055861,0.73688677679720571,0.51501006645599934,0.29724996054814024
1773,0.65486202947768624,0.42547612879582453,0.50426718629458112,0.28317800271194521
1774,0.71398203591384235,0.99666197342575769,0.53328658437351295,0.3088640933149116
1775,0.78046521947713343,0.31546012469868873,0.49884084665994549,0.27687161865902249
1776,0.25921280571710087,0.58611511360715385,0.50357147591218476,0.28895728703769014
1777,0.29171666949467034,0.13717997488911499,0.47505699723542605,0.26259278377186335
1778,0.41971097355947135,0.87828304738207963,0.52206101388113868,0.30289451411980023
1779,0.66265952883978618,0.092548839698836677,0.47919759714792831,0.26085292969252449
1780,0.25478669858168579,0.070527263308421254,0.46856822963060912,0.25747713077911294
1781,0.075994391095952601,0.31852395266065142,0.48060996470019507,0.27225935013881486
1782,0.10444306895524497,0.21776589232956758,0.47493979656472596,0.26640539186833173
1783,0.5569583419155214,0.35959154855915115,0.49789096961896001,0.27877329264630785
1784,0.73222967266178463,0.43683764105796585,0.50642561820060383,0.28416728252896767
1785,0.15762604478715223,0.55289047702524119,0.4979320020445584,0.28605639441455871
1786,0.88716035980685848,0.38901899010742785,0.50565664522057818,0.28181089286034972
1787,0.56768788862820951,0.0052126186293899087,0.46971819637007312,0.25366556171649318
1788,0.22965451231844491,0.10309332143137,0.4705241387690714,0.25971013280171262
1789,0.42289094503725644,0.18066614245796808,0.48182795705229681,0.26642049923557931
1790,0.97099658165803415,0.71231674739896556,0.52667764410336038,0.29981258572179198
1791,0.55901159003594658,0.38877706318070415,0.49990601831696652,0.28054734480061144
1792,0.085039826171926694,0.78014402628032253,0.50530460742853267,0.29472507758112576
1793,0.084460676359815995,0.14828508362016873,0.46906592900915361,0.26157184580823628
1794,0.17294545556240482,0.27563402702767636,0.48155476054774965,0.27081410720889421
1795,0.011413127225649078,0.81339508501131785,0.50217844076099272,0.2939803294007316
1796,0.3079231589159579,0.83053011661387288,0.51670598972022053,0.30004595005667811
1797,0.46355681153741901,0.20121895778801993,0.48435300821112492,0.26804675416834239
1798,0.34605293022048428,0.73850984741525028,0.51433846162446584,0.29707880849202251
1799,0.40416638163834578,0.74297459546941103,0.51635415299302989,0.29785992576610748
1800,0.35172866930150193,0.84978687589956681,0.51890150332589369,0.30121832786165059
1801,0.65614869933739539,0.706538581381843,0.5208075484837309,0.29806592705797424
1802,0.30120623963236576,0.77349466884442375,0.51438233590224203,0.29800711814206715
1803,0.78693478256621174,0.47440397224953634,0.50978930751846052,0.28655006051541188
1804,0.6157881117357058,0.73476746764188872,0.52139648773428804,0.29914778278035825
1805,0.8280846604671912,0.17683008483600571,0.48880873760014443,0.26751367544188848
1806,0.68457242890062042,0.81218259404160786,0.5267121710441629,0.30307087911306108
1807,0.15152254005753202,0.051865916681697127,0.46382911083057898,0.25531240638866609
1808,0.85479588950540641,0.93053992631678706,0.53462119175656075,0.30831509030917764
1809,0.45660795879365179,0.70955139864663364,0.51617064957751058,0.29679592462193893
1810,0.64992317900586638,0.91505069832716834,0.52965716003923602,0.30630332107523678
1811,0.026594613195059357,0.59164499180064301,0.49396545660643071,0.28584268146809833
1812,0.11906801172917476,0.54184849905272714,0.4957138284946474,0.28496365757005848
1813,0.16102903155070963,0.18331806320716862,0.47453039055788948,0.26473530951356844
1814,0.59836946171893513,0.037831805257999805,0.47325576211257508,0.25639554591530711
1815,0.95096044885158781,0.55870891490554198,0.51757318545668152,0.29181556425478522
1816,0.77384494139890891,0.08916280075932155,0.48056922384858147,0.26083186400038433
1817,0.093502282880793791,0.19526435792789562,0.47289358577984086,0.26481659223342602
1818,0.93384448928338248,0.67076805674465145,0.52384025443173077,0.29761743980613736
1819,0.33329306057520447,0.80708496014870479,0.5168167176577334,0.29962492101581656
1820,0.84720488577814546,0.3851641662900453,0.50480579356085853,0.281459944735165
1821,0.59895664132285165,0.35567863262110627,0.49848325791238834,0.27873269019694108
1822,0.63423189490147636,0.50552528755742832,0.50893605115914342,0.28763051074222012
1823,0.014680993086576928,0.49748815727889306,0.48838507547249194,0.28104595327248022
1824,0.75133018567409604,0.47385536982909549,0.50914993421558197,0.28638178549752863
1825,0.5700694248959074,0.73928761494628858,0.52057367635911644,0.29904859525232436
1826,0.77221633979954063,0.029934011754079257,0.47515840242013158,0.25610712358069698
1827,0.53268614047263985,0.3178331045404193,0.49447490632793467,0.27606193845668298
1828,0.048531883983046281,0.71636378086094055,0.50106534940521041,0.29178224970057837
1829,0.75389738528415329,0.3093940895483247,0.49797713947804922,0.27639828721873888
1830,0.033796522265451497,0.03922467046120437,0.45844853349455933,0.25322755935679681
1831,0.11653041169283679,0.53533068695286057,0.49524898245885246,0.28460121976854569
1832,0.84245030978453583,0.056207491587556432,0.47851080073839608,0.25834079344347222
1833,0.72060605671963418,0.44248379759212259,0.50658975435745734,0.28445077461809654
1834,0.89553524415692087,0.99869594646749327,0.53726620615020537,0.31035905008778736
1835,0.29056944747791863,0.71142672674645435,0.51115149103854829,0.29524678288568046
1836,0.7446158920268412,0.55959024306702199,0.51431088449552775,0.29109040824999322
1837,0.22389390777404189,0.12442177622491728,0.47206257795680973,0.26120264435932
1838,0.011765816006076056,0.010885304794053082,0.45518431878374271,0.25084121022601857
1839,0.92610222565239531,0.52638777094263345,0.51522837917538045,0.28995854968957196
1840,0.54159316450265471,0.28051405929831091,0.49198514507548469,0.27371662078807174
1841,0.46892368566537046,0.087160125170915856,0.47518547332094657,0.2598296295871329
1842,0.81022433901039193,0.57865271929429141,0.51658417470312423,0.29238453826857963
1843,0.49970338931906738,0.10334176164719976,0.47719381479141382,0.2611695711268357
1844,0.86945101105998046,0.5127781403401751,0.5135341797993056,0.28901423393423153
1845,0.15467149701871677,0.41186061199285323,0.48969288859991095,0.27860795482640172
1846,0.73182602931332075,0.41281785194830739,0.50482943987860529,0.28274655605808918
1847,0.52363059264960476,0.99251630042096373,0.52808344748125735,0.30680927773476013
1848,0.073631383184564761,0.73425879202593358,0.5030815278891696,0.29295146721873055
1849,0.92304932134248086,0.81419331260417827,0.5312416839799925,0.30442916266877978
1850,0.33417591501605931,0.75750649071614029,0.51483992975215009,0.29776859237418624
1851,0.2583210484397947,0.80105362267439495,0.51381716020757573,0.29839932796851437
1852,0.79204136262297398,0.84827186314017755,0.53046865894719919,0.30517931221737182
1853,0.86609922604655154,0.15118029460551916,0.48717921067912306,0.26570685495900725
1854,0.85685125198046441,0.31701679438553981,0.50009836743810143,0.27718520834419191
1855,0.70809197173492289,0.53340794686233861,0.51206968758840243,0.28951339567730078
1856,0.30297062854695833,0.92412393499576717,0.51903469019112847,0.30238403419866339
1857,0.45057362900174924,0.12633509221317946,0.4780879360368423,0.2626727786211363
1858,0.4131105699887383,0.49804965413050961,0.50330297609052044,0.28583764997543626
1859,0.76703592554208588,0.13177165894521167,0.48417287618380533,0.26406803157514563
1860,0.1124606960225734,0.31711017321170076,0.48203643641429345,0.2726487560358748
1861,0.23719978607088563,0.83250531524376714,0.51399154168944783,0.29904720596211315
1862,0.84984303916495996,0.33488901792963738,0.50129547750293291,0.27831690291847122
1863,0.037148997318244073,0.47648672500589168,0.48834413324529868,0.28036871350375497
1864,0.69713510675289436,0.38448868699074956,0.5023089099422744,0.28090803214907989
1865,0.4094099748765701,0.47411590124497893,0.50175899948862057,0.28450488346351338
1866,0.49329912296062106,0.86629110599734127,0.52396434181845086,0.30338105678628091
1867,0.5780561647516792,0.71796198653102627,0.51967008254534219,0.2981100289187999
1868,0.46523303690358297,0.16067561395299854,0.48119897607543394,0.26521749230763469
1869,0.94750139512395259,0.41508004362558715,0.50828510375250824,0.28356110395924033
1870,0.9325706798965927,0.7639439417343703,0.5288315502706199,0.30214363769962982
1871,0.79605823657006258,0.59104973330189248,0.51707105571282042,0.29298079658304177
1872,0.66858659906714468,0.27804389989188644,0.49423337642014059,0.27406800810159232
1873,0.92041031945907748,0.017177855969162194,0.47578233392979091,0.25523644741659879
1874,0.63719309678288405,0.88863398602266108,0.52853560920355247,0.30542667237020565
1875,0.60782468899226516,0.43126497272966663,0.50371734188069706,0.28329593177167794
1876,0.99085302644366169,0.25020273982501823,0.496792495892803,0.2730045953003859
1877,0.56352993358426029,0.35301118045434127,0.49757744468608511,0.27840221495882117
1878,0.57245435782157583,0.20678480915384134,0.48703954632830604,0.26890210889283572
1879,0.48389037886630976,0.97815066443715482,0.52656805057881695,0.30604368494061246
1880,0.74691264302808558,0.54591662630900983,0.5135340781725114,0.2903650304073731
1881,0.23382936477652985,0.029114245118864346,0.46442860389236201,0.25417557088263681
1882,0.3532992898481549,0.40566294522533425,0.49593504038802827,0.28022089522847893
1883,0.58356140558979241,0.30987420416328826,0.4949596385792302,0.27579485593004599
1884,0.71336897339612482,0.15184304560971215,0.48505591919222862,0.26543071640437754
1885,0.74616481868111295,0.3726990911105299,0.50234654824552383,0.28036832152265367
1886,0.62148493246730652,0.88181127547781224,0.5279261122686979,0.30508262084343052
1887,0.93604165818818152,0.8158835871552933,0.53153331864982867,0.30456118222221668
1888,0.59701924692367903,0.76163124246144442,0.52233099789330351,0.30026234466631174
1889,0.25793546290864472,0.3949479930425645,0.49233648316721307,0.27877503989488056
1890,0.46923562466242585,0.50248176947437462,0.50503191657680568,0.28648540176149423
1891,0.28416926684934879,0.86916607560728454,0.5169432524128742,0.30078933483214648
1892,0.023017860228416977,0.44444823139280781,0.48583450509024489,0.27846277386806784
1893,0.78199323653687025,0.67803264387039242,0.52173258848741877,0.29734723190664591
1894,0.41208425922548636,0.88026979857845011,0.52186867412705373,0.30285558595240053
1895,0.83870285713752968,0.90178995969315301,0.53338068656505955,0.30733612727098397
1896,0.18767169152627466,0.37219532238506947,0.48846714414949971,0.27674822500150514
1897,0.83511698175988869,0.83307562583185502,0.53063153790945927,0.30482458570936299
1898,0.59484965558854164,0.9112320668230881,0.52814412433521907,0.30569307126552764
1899,0.0081455090884235692,0.91316443314250795,0.50410466489608341,0.29596716158661962
1900,0.42430405890269907,0.91979578511029259,0.52332621032889803,0.30401866052084653
1901,0.043643069869896862,0.93780514199578913,0.50668789995000907,0.29732708261017693
1902,0.3742893700000714,0.75082016923025952,0.51582808105974021,0.29791685268694201
1903,0.13998584099741421,0.46107589185476539,0.49204332701301223,0.28109575996711217
1904,0.89127063674757967,0.50372307104392677,0.51329589828870248,0.28857772841313079
1905,0.45926644815524342,0.32319119224183962,0.49319741228815961,0.27600472583459185
1906,0.36696916816040176,0.64546190862915254,0.51026074607377436,0.29296266052071751
1907,0.020580849172885066,0.28683876057787566,0.47606109341871833,0.26958622398101051
1908,0.59425181541169303,0.18927322960494786,0.48607227688190063,0.26776056539484178
1909,0.32127142292625505,0.085997623639402457,0.47166590119866081,0.2590408591362019
1910,0.57722967598092512,0.56756741431198321,0.5114242595355416,0.29064716171862037
1911,0.34823988593631655,0.72482783878307089,0.51373482541732851,0.29648450108691593
1912,0.4452570458078175,0.22752118952655001,0.48594483913311576,0.26974207519783183
1913,0.83605051052273494,0.56073755002751713,0.51594474437859184,0.29152775960634553
1914,0.78855942655886768,0.93280523631436529,0.53334104785806291,0.30791459871540455
1915,0.3347399125762866,0.17350211016765099,0.47907858167466255,0.26542104750925771
1916,0.75762014852989235,0.86099862823801809,0.5302820031046942,0.30543010645348462
1917,0.41994874711873709,0.31380226440517001,0.49158809243916934,0.27518374688048686
1918,0.4386163784849807,0.68805960615595108,0.51457036332344663,0.29563653833290765
1919,0.56000916349826158,0.88613561816335418,0.52646560528300412,0.30464707199989821
1920,0.89162395304191167,0.54082809531561804,0.51560880456849867,0.29064425698414803
1921,0.76236744634752407,0.46763415595073021,0.50894206727126023,0.28606915044146253
1922,0.60731166938935643,0.86120889527482225,0.52687256439407126,0.30430231001215624
1923,0.21180596804636298,0.94601950516802036,0.51560788991056428,0.3012293095194698
1924,0.98784689524265701,0.16526961313533831,0.48985547411814229,0.26694074960467379
1925,0.44263113967626128,0.71294785786235015,0.5159577267197194,0.29683459194519257
1926,0.32894953011769107,0.1986990917455056,0.48085718635731151,0.26711245494181729
1927,0.15201848352894887,0.12962871016307034,0.47012849790495326,0.26096745097924423
1928,0.4598988849348738,0.81250053259372945,0.52108057600026747,0.3012481940279173
1929,0.84138150727966576,0.60734504301456038,0.51877993605272599,0.29401898157944539
1930,0.32023153640084207,0.4706857549347333,0.49898399764097534,0.28358171928750786
1931,0.7205617341591628,0.42712505128468625,0.5055822938122142,0.28355088912515475
1932,0.99634333625742011,0.037561386459355708,0.47854841583251778,0.25699374852818729
1933,0.034393207856838123,0.590932097081875,0.49432820805036776,0.28595311388236067
1934,0.98642083857924445,0.66897734733846737,0.52451484581489993,0.29771259322021471
1935,0.61418604295110568,0.80383514901314634,0.52475845056045101,0.30223895046223687
1936,0.37051467252603032,0.90315793723944804,0.52106469837219183,0.30290312810541703
1937,0.70857072556935019,0.16350122000625125,0.48594553306114235,0.26626895296746655
1938,0.91123001224001643,0.68742313925501664,0.52441295023876366,0.29836303741483505
1939,0.72471942100616871,0.73484162402182118,0.5236806993253672,0.29979810293979126
1940,0.79119440688382603,0.72717121854625877,0.52453104906683645,0.29977519697905497
1941,0.45393128571693087,0.28439211853166341,0.49032992295976324,0.27352251309032438
1942,0.47338915684187088,0.35423181746305199,0.4956635748243558,0.27799654156563852
1943,0.93032539705085804,0.66739650226667291,0.52359891141748927,0.29743500667235456
1944,0.43562019964171345,0.10619206166503718,0.47608553106742496,0.26112023330361528
1945,0.52126918618179618,0.16919334168661154,0.48305680288824743,0.26606347102643901
1946,0.97035056091489968,0.13679297727813247,0.48722612330749487,0.26479058788889698
1947,0.80643063939873827,0.42356390550845541,0.50678533854162688,0.28365347370552207
1948,0.66117576782187681,0.20542738445190481,0.4885452317699181,0.26911755399714565
1949,0.026090513579931578,0.19012425486064752,0.46969674160654501,0.26363715546987199
1950,0.30461269475350861,0.4218476884746109,0.49551166898003146,0.28073461017594442
1951,0.038161890390596823,0.83850959754294019,0.50438524135057772,0.29525196065770326
1952,0.88854254926905274,0.5958423168019974,0.51886169039849706,0.29359487723046901
1953,0.93181075425405291,0.065371182601165492,0.48042891784136199,0.25918889039097465
1954,0.36092866249730576,0.20360872400052613,0.48207482786973793,0.26764867165471318
1955,0.80717302302223404,0.87418609489799715,0.53178059124472032,0.30621562243241429
1956,0.10847583811640507,0.33708289265522035,0.4831686946211653,0.27377497912612553
1957,0.69551034569320036,0.44912972535778539,0.50656784658485354,0.28473244729888214
1958,0.24388916038478492,0.50219376964004481,0.49834236650688379,0.28451174515851402
1959,0.33959757896420778,0.669115000177396,0.5106435002611287,0.29382073954859311
1960,0.22600463401229354,0.14041371737645239,0.47339005683735558,0.26235118973257138
1961,0.69933593859310494,0.79315629078297645,0.52612978006318623,0.30234550265008797
1962,0.029718650583585259,0.49900618249253603,0.48922695223555651,0.2813889063670818
1963,0.1418829248706461,0.52880649761828835,0.49596545531907971,0.28463356809293211
1964,0.55660004797399742,0.64935676743580262,0.51553767297012631,0.29466647020054509
1965,0.41241746597759199,0.20381807220986811,0.48337187198706438,0.26796136122825376
1966,0.43398469557767966,0.23116898235784611,0.48595590707269282,0.26992642536419287
1967,0.54500900059511193,0.66311370747123144,0.51600430162100319,0.29526063854757956
1968,0.19805832819856006,0.68716206708335092,0.50651827448070819,0.29298777360266415
1969,0.41698499310166809,0.97416771543388025,0.52428486186001366,0.30509026482541707
1970,0.55849814605776915,0.8943576949343901,0.52667480469347494,0.30486961891226644
1971,0.58288451524014817,0.41831990955943477,0.50236056929327633,0.28241642248248627
1972,0.92437960232697658,0.30164576912288327,0.49989075894433249,0.27634199518384739
1973,0.32263292931868931,0.57697832281802552,0.50518558872537933,0.28916666968073979
1974,0.76519963954129488,0.64797674437622776,0.51977231174895555,0.29577088910658383
1975,0.49281817538718464,0.62695903219949689,0.51276151483553478,0.29311144640488418
1976,0.51106633678086799,0.086804851033107852,0.47600570698603772,0.25996044060905299
1977,0.58307046353513148,0.80926734869672223,0.52425079021273124,0.30222239111431015
1978,0.85289989395026344,0.44722312920527768,0.50907679121255356,0.28520377456748636
1979,0.38036613709157102,0.18742471594224919,0.48132829694995366,0.26665737970284376
1980,0.9972148692629883,0.96914046693303402,0.53836875518816429,0.31028069475439274
1981,0.13350324861273402,0.85158668957367778,0.50981662444926845,0.29768246059539499
1982,0.28062646909562172,0.4091751891973312,0.49396645819919127,0.27979969475385075
1983,0.48107340866721937,0.40627590195034863,0.49930479376212727,0.28114539891293089
1984,0.30822269283874199,0.66410212650200118,0.50936334908500869,0.29325685563114939
1985,0.79947166033795802,0.3260074079078506,0.49990056853873427,0.27760641024455551
1986,0.42501436403874543,0.6853537022987497,0.51404844648455295,0.29539135815058765
1987,0.72832841697799744,0.94512217398990184,0.53236327791779625,0.30777600916954684
1988,0.22054423653412378,0.94473563023008178,0.51598012622215239,0.30137121452284499
1989,0.71282459760067285,0.75255658236922474,0.52435862529335742,0.30056229822088421
1990,0.9547882981311181,0.47317959073142846,0.51225033840949596,0.28702161654530484
1991,0.19672050187446877,0.69289343466068387,0.50674753364264402,0.29322909243472695
1992,0.4165480054322514,0.7920868529396714,0.51896413648382533,0.30004253077619786
1993,0.60481993362730135,0.547158367773809,0.51083095466803696,0.28972945624583291
1994,0.83786676507262747,0.081543682860455019,0.48075124179383738,0.26034595885770223
1995,0.52100409001050285,0.7984246196213528,0.52220206610352471,0.30128009169295905
1996,0.86376230892679884,0.88427409071979357,0.5332388308532634,0.30691120577929509
1997,0.42694412167082774,0.83160502036878603,0.5207942485262862,0.30156309650418639
1998,0.69174161375152188,0.74240539004673489,0.52341197902618763,0.29996893749799852
1999,0.79510196067240324,0.14212045647337801,0.48545199305559128,0.26489881460345288
2000,0.24356258233027767,0.71688316999537638,0.50972896664085499,0.29492562934181143
2001,0.11092807523430093,0.43653878357579234,0.4893976630751023,0.27938973775268067
2002,0.8546036805483862,0.38399311660531676,0.50483483620383718,0.28140959375331231
2003,0.37633943967485106,0.74628919480015765,0.51567457853417364,0.2977383377184234
2004,0.42163898303526226,0.041284654775133822,0.4701807374758854,0.25609593755110799
2005,0.89354910127456544,0.16777114631166914,0.48892588231723544,0.26697795377693806
2006,0.052724996746785477,0.41059294725205986,0.48528143373197541,0.27713418988838545
2007,0.0068524230836075738,0.28651315761794105,0.47538874988501451,0.26935589111244568
2008,0.1041421734191128,0.24133817310129527,0.47658826555944422,0.26790619866914778
2009,0.1488704288671841,0.42005451190603205,0.48996290082223465,0.2789891186820132
2010,0.28120030904064186,0.71696498767986205,0.51109720995588848,0.29538835016863174
2011,0.14047442234921037,0.10356573331508553,0.46767439735767585,0.25901293434272904
2012,0.72684437965812398,0.19430706000832143,0.48873823501713698,0.26852670013949181
2013,0.95563108055567136,0.14105156730316812,0.48742200641387112,0.2650915333381722
2014,0.66643810351026478,0.11172043236464961,0.48091818662070979,0.26232365991664808
2015,0.09772587494476466,0.21848142049020389,0.47472581705789146,0.26637372032206913
2016,0.49868546481815867,0.78860415851663568,0.52117596325670046,0.30069002999460182
2017,0.74046617431313499,0.0142327798586688,0.47324686607587557,0.25476441475216172
2018,0.35091603982519592,0.63634212679619673,0.50928544995915193,0.29236894921372247
2019,0.019505138407379854,0.96505509726371386,0.50562372658256427,0.29708190465961126
2020,0.26910305790220157,0.2250433429457131,0.48111671458369615,0.26844403120723243
2021,0.28764396373311757,0.33027543652331226,0.48906212133383042,0.27523620174016145
2022,0.20052907640413614,0.54117543452248207,0.49897270890482115,0.28602155803977258
2023,0.32186191940646386,0.57836414088258759,0.5052376206751934,0.28922874641348562
2024,0.39505278883239953,0.81921345802255674,0.51933805951089773,0.30078579164228997
2025,0.23450921484947904,0.14053759552334669,0.47366024356751701,0.26242526762821639
2026,0.40771132304297064,0.98776709546874042,0.52422461193168945,0.30521661826401686
2027,0.19423021660783563,0.96018797295644187,0.51504791338019329,0.30113731978450953
2028,0.23647181753270563,0.69948264633469515,0.5086097977117171,0.29405171886139414
2029,0.79172501006167151,0.29427321941432311,0.4974584383516753,0.27552494961862228
2030,0.97231816645861846,0.16847047587997516,0.48994508122792091,0.26715462303080267
2031,0.042921691774565264,0.92137189887549031,0.50636937859923259,0.29703627597265958
2032,0.32290758222002769,0.77271266565698904,0.51511368522847523,0.29824505895018649
2033,0.89309938956574775,0.10498509032198927,0.48353245139532242,0.26225433048743885
2034,0.27056401879430053,0.6545523973316304,0.50758333533345901,0.29238836504784221
2035,0.9597187918309239,0.74284829443168132,0.52814315632008491,0.30124840595777103
2036,0.48890566235081062,0.15402846330270403,0.48116941956360437,0.26484622974663119
2037,0.08590686261764495,0.33236661381322197,0.48192496433202803,0.27320458934504777
2038,0.17218510323761732,0.28406019329194682,0.48210459644350756,0.27132805226472684
2039,0.04301325016313931,0.72703019452999584,0.50120042488596428,0.29207027501976979
2040,0.77193089103273815,0.29372727732221832,0.49711185676091124,0.27543207364651162
2041,0.75509532908272226,0.97627298583158995,0.53377160636467624,0.30876407850631638
2042,0.97245547721079784,0.97841447736170384,0.53818915774275589,0.31037421681391486
2043,0.86911835740999099,0.080766328792588327,0.48107776175624045,0.2603313144547062
2044,0.59850713793804178,0.47579260317316513,0.50636031056980724,0.28579220460917421
2045,0.9250358755532071,0.080666278326988694,0.48174324098571847,0.26039745640594442
2046,0.086669542118918613,0.83225117203634003,0.50691582287887971,0.29621777804662336
2047,0.22029712375534002,0.21211351020018337,0.47865029254340186,0.2671912531924524
2048,0.10098499233945041,0.38016184533302444,0.4855710234115283,0.27614706282062512
2049,0.73920970217935977,0.85768264588298049,0.5297702647603566,0.30518783564986257
2050,0.48792336587916363,0.4307510314480984,0.50104564422478093,0.28260509493054126
2051,0.76331336441425379,0.081039976564410615,0.47969961031383884,0.26017909939182526
2052,0.81019387936504794,0.7956425050371676,0.52839085531559338,0.30306237895113347
2053,0.42546107439732878,0.71392659045982876,0.51552278906764903,0.29672912493577847
2054,0.74706585439922057,0.65220929396654248,0.51967430347021015,0.2958968254852315
2055,0.26103345886842583,0.62106573461621295,0.50550327223113756,0.29068373514898632
2056,0.069518724986945751,0.70603200141511635,0.50170217797605432,0.29177899644910044
2057,0.72674206278900388,0.09312343693968142,0.48023907950485117,0.26104458112181833
2058,0.23469243770682954,0.49309060751093786,0.49749278325085111,0.28393192606430318
2059,0.26146129656139527,0.50323867166276315,0.49900740184364206,0.28475386807066289
2060,0.082057149333425339,0.83619164875455909,0.50677149147607548,0.29621437410362178
2061,0.59920211181578931,0.63879390737068609,0.51593275240207925,0.29441727106423787
2062,0.44297698676040165,0.72751939550886169,0.51670334440767562,0.29750954500930926
2063,0.41119406238115624,0.14910023266427452,0.47905236195207918,0.26413325492060136
2064,0.24281571289027343,0.46802679584355794,0.49630493354538124,0.28268197170265863
2065,0.20446580810077722,0.96697066430478595,0.51564430227129898,0.30145527807965872
2066,0.9491238211709192,0.67198508436762494,0.52413775091523529,0.29773406021536591
2067,0.53591550144535727,0.74690467118005033,0.52012866476284392,0.29915081772190055
2068,0.45651621299254475,0.96087092529105733,0.52533072843887285,0.30534691537236486
2069,0.59251147832249995,0.43086821316404966,0.50337723241161159,0.28319667936281534
2070,0.8420847147024354,0.94963416474758422,0.53492875129619799,0.30875983954181141
2071,0.14816688614484155,0.7091771634173929,0.50551730185488675,0.2932505115066914
2072,0.23449624068894193,0.75067098619890171,0.51093322155022314,0.29623593965293293
2073,0.34245577564752899,0.0660039347537444,0.47050560579826067,0.25764636415486247
2074,0.90482568976018818,0.75009843305888357,0.5276701584103265,0.30137577437147389
2075,0.180734358596534,0.78211567095314383,0.50992764798156476,0.29655820185037668
2076,0.7976363850159921,0.87168644056472699,0.53149803107956739,0.30606764096550304
2077,0.97499840482481537,0.18481721167321086,0.49133906117179688,0.2683533109719955
2078,0.34231762870365057,0.01722757462806767,0.4662247366309959,0.25384242306192312
2079,0.82943776808351977,0.37467474886047425,0.50381048132572959,0.28076025947905597
2080,0.9939175661908114,0.40686220429254466,0.50833463784975663,0.28317578959039119
2081,0.60755766575942982,0.59644064773627326,0.51374699406054636,0.29232415278777224
2082,0.52520327629550589,0.25952374080285662,0.49009939837569838,0.27226661808533259
2083,0.8068236535351142,0.46224111661867939,0.50933311866081432,0.28592307733833527
2084,0.25962177413337628,0.65619360851437092,0.50727974002551934,0.29233816112114308
2085,0.53374626062820907,0.80146956046073459,0.52266792872929002,0.30151015062948094
2086,0.053209918352554092,0.44527075367231156,0.48733625693168248,0.27900241835897177
2087,0.93517464512401494,0.24191177244350548,0.4954573309852483,0.27233116877250546
2088,0.71795289241840365,0.69185883124199465,0.52128101609701338,0.29770481923114478
2089,0.29805350236451489,0.35649080299882918,0.49112216707344741,0.27689533316936771
2090,0.61831522000323758,0.11654248412718299,0.48052509164425872,0.26255467055691656
2091,0.48963667449849896,0.6476771889777273,0.51380368910079577,0.29410791239207368
2092,0.26944577215266186,0.92606614987993385,0.51771958367940873,0.3018759799071471
2093,0.98217938149656414,0.28729854001981436,0.49954739920493174,0.27550803899435156
2094,0.5119282832472003,0.73904651489615214,0.51912856239516514,0.29860704175410913
2095,0.26571219614126018,0.15750826347676339,0.47591650193616647,0.26384502538869076
2096,0.2373807585225324,0.13843595960870153,0.47358212786081544,0.26229887920700146
2097,0.69595887913851773,0.56689541485129169,0.51383795961817336,0.29125352292089451
2098,0.42200819408850515,0.061062509766069709,0.47192887509381337,0.25763970083543658
2099,0.016197244432207662,0.51717045758784519,0.48953123843064705,0.28205690541260336
2100,0.14263473409611033,0.5357076274489635,0.49637673708974028,0.28499174473618188
2101,0.053617414915666455,0.097522032719000715,0.46393477570070352,0.25769194201431622
2102,0.89686135015689072,0.37489203917669367,0.50481095847221791,0.28096396905422982
2103,0.58956940282174619,0.44922479775388496,0.50449567772131998,0.2842396470367114
2104,0.10002543729470345,0.81890474953661918,0.507251357574381,0.29615460147401196
2105,0.73670844565903537,0.84589414616042047,0.52925398953518277,0.30474025831989288
2106,0.34504627716521502,0.70089859146195244,0.51243758039532328,0.29535764394853936
2107,0.21697302866416285,0.41489236440524696,0.49218858876730126,0.27948906371365084
2108,0.58799345515595058,0.67606907663889004,0.5177002365435307,0.29617757189320626
2109,0.028753382062527817,0.79729152536162873,0.50275745832635277,0.29398121213740397
2110,0.86141597291046057,0.43979454259494088,0.50871550856133441,0.28479353542206759
2111,0.8224337170731858,0.11012357279575663,0.48307706607815487,0.26253639376311816
2112,0.3943073403980234,0.94495772678478396,0.522888871974309,0.30418416891755484
2113,0.35616247185972755,0.12987950236381732,0.47617031810754268,0.26246040595797077
2114,0.045356944138335534,0.93087113675071165,0.50667535214851234,0.29725866591878436
2115,0.92671369054660913,0.11953322514592438,0.48521666103878042,0.26341990515063546
2116,0.0771366882440052,0.55486141678384748,0.49452999099478606,0.28495946144842421
2117,0.29101617428661558,0.60363545175042244,0.50560703118668626,0.29016755312224007
2118,0.39552460252329474,0.69750470155040967,0.51381767597501382,0.29569446396390309
2119,0.062362059872795368,0.28475689260683723,0.47780823520775534,0.27005990553386994
2120,0.20432903134674998,0.046698661129886757,0.465071598618572,0.25532874661075644
2121,0.81130069421593798,0.56744691840965533,0.51593777673222063,0.29179159255401055
2122,0.81656157216118885,0.36277095451267671,0.50278182331488763,0.27998200496841741
2123,0.84635248264438712,0.29816047967475606,0.49855684188677968,0.27592721830308253
2124,0.1075478727534297,0.80086517800270818,0.50710496016898055,0.2958029783066573
2125,0.89732934385415875,0.34971946304991142,0.50303598436179298,0.27938513647367058
2126,0.57450957507233835,0.87879182404143508,0.52662178351321354,0.30456606017462934
2127,0.89403385767558363,0.28526303281137955,0.49825622607804437,0.27518840024138491
2128,0.55025559493707266,0.83999749722556449,0.52464031248751419,0.30308422142011765
2129,0.688067982015654,0.31039273766317638,0.49694604404578036,0.27624275391720149
2130,0.99490057752780847,0.52723792787784474,0.51624335731105941,0.29021033190664614
2131,0.36167928269145777,0.7223968556980952,0.5140395387539578,0.29651172863457365
2132,0.56341880439886594,0.89368581597117014,0.52678843252035845,0.30489878608763765
2133,0.80282363979016669,0.867881455124903,0.53145762325574886,0.30596711187351638
2134,0.0018080979172489606,0.53864774488377154,0.48992505879955134,0.28284318462509733
2135,0.39133035526407189,0.86361011305091673,0.5206876063859347,0.30213004648381064
2136,0.24033194737926825,0.44630234353175624,0.49491876809177199,0.28147495329175071
2137,0.48864803198402518,0.53420005247775704,0.50739988628661059,0.28832071224818878
2138,0.042068040238914549,0.56883344822508519,0.49357505218800279,0.28504123496080869
2139,0.9674114216965507,0.40830102893015136,0.50808824113406292,0.28319981214339307
2140,0.41844501201858514,0.36810263102097673,0.49524742392493287,0.27849067640041009
2141,0.63845868166504671,0.58139673476951437,0.51353809290504338,0.29171970070490333
2142,0.93806971052888555,0.1144395654861466,0.48490514310274718,0.26304509775927892
2143,0.24029438509034226,0.4811722865384887,0.49699338217629041,0.28336012295691143
2144,0.50169923899212154,0.85655589192836779,0.52388796491020051,0.30316672602818501
2145,0.37996864390621193,0.91687393902909253,0.52173899389240763,0.30336084377006645
2146,0.57879435961890269,0.85867386280103819,0.52605888396484657,0.30396982539034051
2147,0.071725146650022359,0.40210212912395366,0.48563864434873655,0.27695623642132933
2148,0.27710040757617682,0.98190464708177605,0.51910991890830327,0.30305535149177826
2149,0.36906517751876966,0.88596150445282695,0.52056203231844578,0.30245029745260626
2150,0.4788719089188031,0.066677307232038588,0.47361686614792808,0.25829830188547248
2151,0.8321110550740618,0.0080830784048535852,0.47386597498324395,0.25438103383318411
2152,0.16240506683628775,0.49052928182979816,0.4946444040320484,0.28293978106251783
2153,0.84544522374534281,0.45448168117447058,0.50943837513070256,0.28560418124928927
2154,0.55031041893345534,0.27252065985297086,0.49157955643977819,0.27323488013949004
2155,0.41405337639366047,0.34261962297892895,0.49342205862044647,0.27692371734377175
2156,0.97513254595076437,0.31867527267654661,0.50180869100234315,0.27756722740613243
2157,0.22224750790315448,0.00077488969826372339,0.46159942781150332,0.25186986110158899
2158,0.81389905877312418,0.53497736879860758,0.51402211556625588,0.29004318703170984
2159,0.10978071090296145,0.9030914798595826,0.50976926603963812,0.29830897060812034
2160,0.62937671987434163,0.10713989991698182,0.47991111346380211,0.26187790617900469
2161,0.046386363036523111,0.64905339133291273,0.49784093594174333,0.28885435169776158
2162,0.73385384086411209,0.75475541050223405,0.52488621465408947,0.30078080912958921
2163,0.018225752302946058,0.4023594837751589,0.48314533954292516,0.27613211399202198
2164,0.62079674191185041,0.55583679287709531,0.51168035675432488,0.29027920552199915
2165,0.062414709542796487,0.10986645967456281,0.46525185172521244,0.25866370217167317
2166,0.035998497076740028,0.60108726734399098,0.49492616200499928,0.28645884525729004
2167,0.014815338507888373,0.11463230176778744,0.46362475813103882,0.25842058862045281
2168,0.066421533800021276,0.067838563777122177,0.46208036116472678,0.25569566432465585
2169,0.48989230016550284,0.59686090425445004,0.51102317300658984,0.291580426826412
2170,0.84803193939611088,0.055984701045986733,0.47856070962976494,0.25833069164743111
2171,0.71269843864928695,0.42409044521154143,0.50524266023342035,0.28334068710727728
2172,0.57120189381594544,0.27506146698122613,0.49218827387346065,0.27349270790349262
2173,0.44667015417175138,0.5809342578875949,0.50901036175545222,0.29044746954031592
2174,0.11578049738203408,0.59560956956892042,0.49842821149155936,0.28753680059897796
2175,0.28607247305860511,0.77770968742083069,0.5140019579301307,0.29796932308762641
2176,0.46218005831687481,0.33217664422156523,0.49388900005008474,0.2765789421303908
2177,0.85603755382833779,0.76844087407529593,0.52781474845976151,0.30202640843217338
2178,0.53327434061173118,0.74000710727433905,0.51971576922068219,0.29881433693037007
2179,0.64829373112913458,0.79119328495016095,0.52494703091748318,0.30193830872716698
2180,0.1378542523635202,0.76952028416268303,0.50753608755143376,0.29539415788727169
2181,0.35363184994623298,0.65959853134133162,0.51059198370088266,0.29351038547228736
2182,0.38729594991466731,0.048211124389350879,0.47002798778502064,0.25649159481707068
2183,0.19404775905174904,0.36966764596492291,0.48853691269056587,0.2766717557420193
2184,0.830243787570356,0.61800197130468437,0.51921003042372027,0.2945273236325272
2185,0.89644029138878689,0.072280048605042974,0.48064434557143787,0.25969716512345037
2186,0.84193766785500346,0.79185237302222522,0.52876355964749222,0.30304354321387522
2187,0.44485024430913622,0.60097019742931002,0.51008001087870392,0.29144782470259289
2188,0.42980483058864483,0.44096616904576075,0.50024886401543656,0.28280444979587677
2189,0.27635999313761717,0.57414234170619172,0.50351017078228977,0.28854999946076121
2190,0.78601957183846971,0.99987369586682184,0.53501598288259267,0.3095528867752374
2191,0.13436115423456069,0.86348647613193608,0.51015410245031789,0.29798448750751289
2192,0.14589606423900695,0.99078707841980507,0.51315734535333912,0.30060043427852462
2193,0.61111621993622978,0.61460215630567405,0.51484998852285535,0.29327271057138793
2194,0.72913473338751367,0.5802074789231294,0.51524382300732308,0.29211440280253431
2195,0.74312474997887623,0.36483481152910974,0.50175022292753957,0.27987219156771365
2196,0.14866308630189159,0.63405209129246654,0.50182915849787968,0.2898447727698869
2197,0.45355867057180732,0.81980331448010413,0.52117421785741813,0.30144536031421482
2198,0.37220127359005861,0.62767727257910888,0.50947288258830026,0.29214969463321466
2199,0.069387053143058444,0.068873253838636447,0.46227912795995724,0.25580268724725297
2200,0.81307063846295935,0.1500599976353231,0.48637283601324516,0.26552400281649352
2201,0.53145582843107397,0.20002718823669713,0.48570235477366913,0.26826987786543038
2202,0.37417285128590888,0.61773549188041366,0.50899705818297902,0.29168085164316548
2203,0.24663723753598751,0.64119014999741919,0.50603893544048795,0.29147655590415594
2204,0.16687039838026979,0.36203647431061842,0.4870527573658977,0.27592934831060784
2205,0.53983375975949466,0.84636065735492161,0.52459396534638547,0.30320572721474731
2206,0.18934397148763529,0.90545632792344555,0.51375874996927173,0.30000427776436561
2207,0.4248773188552703,0.28024239227905634,0.48933682751247742,0.2730896727158526
2208,0.12919339771600208,0.16171597884848016,0.47177379371454314,0.26296270150791229
2209,0.0078907352653215645,0.27373115709534612,0.47459983302660957,0.26860599014203718
2210,0.04007691924582469,0.49783012033029228,0.48967317069623328,0.28150761181032519
2211,0.20846728751979537,0.80800765740732905,0.51201032878706842,0.29784909119440783
2212,0.94373848170301655,0.7407288506571087,0.52778785574103459,0.30108555832392392
2213,0.3985756145846448,0.69686931258012785,0.51387549596339477,0.295693215126903
2214,0.99210898549974669,0.69454129573536338,0.52601518904224509,0.29901139566476137
2215,0.9481951900409884,0.020517395264434163,0.47641087594720199,0.25554057498326355
2216,0.13862297835071805,0.74976188568464719,0.50683128962285551,0.29471246810517343
2217,0.96978538642622303,0.20117324597925182,0.49262136271343021,0.26952461724295157
2218,0.23072202351145679,0.038853235010954092,0.46518253104885232,0.25490924297893403
2219,0.29889310130673691,0.9417899246102549,0.51924901657574796,0.30268451831858123
2220,0.92428761003982507,0.090749353191314733,0.48264192834909642,0.26118964169788389
2221,0.1655487297624699,0.69541416658271338,0.50559617888256603,0.29290090016455256
2222,0.93596060083600463,0.46782033939327816,0.51163984648402738,0.28665749065251267
2223,0.60776548300177091,0.49538397540122969,0.5077692933088952,0.28693329910465276
2224,0.69440450319313674,0.47192377386511075,0.50800655975545828,0.28603430297474564
2225,0.85356859674229058,0.56255391062864801,0.51633555312566193,0.29169139349234591
2226,0.40845621793315517,0.35720098563384967,0.49426257342231228,0.27777010385216855
2227,0.99454878159301596,0.45582622268005513,0.51164622152387751,0.28611342751475238
2228,0.45547213774492268,0.47833272938431476,0.50322123151212517,0.28506977671461015
2229,0.7778434332828853,0.42495560984817571,0.50641516684270949,0.28363734134889512
2230,0.42911023351250921,0.15618760823089398,0.48003440759785354,0.26472782925002891
2231,0.51786438732802642,0.43551275155382463,0.50204902968267229,0.28305854390366175
2232,0.58571574098194246,0.058302677149546803,0.47488510266381972,0.25798818148986358
2233,0.51515873920788291,0.35058936351278103,0.49637039831006274,0.27800730010789282
2234,0.76757128040933753,0.95458814022197624,0.53349715628659933,0.30833475921336317
2235,0.25381697893653765,0.81688053432680907,0.51417541151365143,0.29883873083241397
2236,0.59995290888239394,0.35041757658467393,0.49813946431985834,0.27841263858432402
2237,0.61134317323743603,0.14030651461289964,0.48240125264540612,0.26429725632925499
2238,0.22753763678470862,0.9989487314924248,0.51722180549192154,0.30241599900245619
2239,0.3425119553464116,0.76383378009501612,0.51539874520919238,0.29812240737165446
2240,0.43587932805073215,0.81362298519763865,0.52040808147902862,0.30104117736575248
2241,0.89998438392797253,0.3226484215163975,0.50111460900060856,0.277657697719084
2242,0.30383930870956977,0.45567133435729196,0.49756903941065023,0.28261117041997297
2243,0.064613319590559701,0.83230597057089917,0.50572397310508022,0.2957261515431121
2244,0.88527646126582993,0.103997188494273,0.48334871211787367,0.26216658186314507
2245,0.18052869266445051,0.41944838091180431,0.49114335988195079,0.27933682643396646
2246,0.37575738004638115,0.6565882260904532,0.51111190636572579,0.29357923821581966
2247,0.14781311035585823,0.54399663425210165,0.4970450895864541,0.28547875236400932
2248,0.82534952404944928,0.77569910090815986,0.52765390839554971,0.30222033699081313
2249,0.25207148369400528,0.91074092271338458,0.51665703063961521,0.30125544668159815
2250,0.49544633395675336,0.53103324477473512,0.50738067905030326,0.28819849355679955
2251,0.1493661003286601,0.48155304848045349,0.49360875989436998,0.28230098158067479
2252,0.20117743463391671,0.4366801393050817,0.49295158084008356,0.28052296273734267
2253,0.4802981576933642,0.27587892126456137,0.49032146623849476,0.27311557904586486
2254,0.25376430965507174,0.28247040696452608,0.48474415555431821,0.27200453236679883
2255,0.072100077474571297,0.68362443253755334,0.50079460908852502,0.29086702146794813
2256,0.58998962637326924,0.58604871662628144,0.51277081984828021,0.29168473381207438
2257,0.21829932409644828,0.3220381779387011,0.4862783871703053,0.27410972556621405
2258,0.058938266867061613,0.21506289758834757,0.47289324667340155,0.26567965099243163
2259,0.53612958634485264,0.57616522140331805,0.5109787204015952,0.29083760357597266
2260,0.015402784673392308,0.93079598991506507,0.50485255652549066,0.29645727041110298
2261,0.45140361282838276,0.84290484578543123,0.52194041424333726,0.30220148564596683
2262,0.88698983785716123,0.16462040404902073,0.48857884545821451,0.26673541285836838
2263,0.044922575777035678,0.90072267495741842,0.50611419605687979,0.29672048029454196
2264,0.57049990046439925,0.71173287131841056,0.51917086813540636,0.29776507173741373
2265,0.70158223959201715,0.77732387650465828,0.52538677385392052,0.30163993128954208
2266,0.88290405365851476,0.55440944717846574,0.51630340199186309,0.29135615579475477
2267,0.83155636992676885,0.06724039956923808,0.47937900809557887,0.25920632472426919
2268,0.26433479218137224,0.71500683262510001,0.51039954528790588,0.29509874995570734
2269,0.51540622608753617,0.94238457750574456,0.52673871403330452,0.30564855494856397
2270,0.58906837524004518,0.9871852063098574,0.52986428440199351,0.30743913584110649
2271,0.25164511521089589,0.56597756794368625,0.50220711034459709,0.28787006718959346
2272,0.2253861352457083,0.865571498425596,0.51442328863513975,0.29974144809240399
2273,0.38446673544187798,0.36549432643087348,0.49418420325831425,0.27810156364373168
2274,0.059106281712756024,0.81517164536666831,0.50496696228594085,0.29516440008069716
2275,0.79843112976959674,0.3453003862830461,0.50126759319777836,0.27883069528610072
2276,0.24951598062700359,0.72651625214103843,0.51041699337196644,0.29542955902966328
2277,0.50530718684265152,0.70577320956533074,0.51726409054764289,0.29701053061887617
2278,0.28848052879100433,0.68578848296866057,0.50979873696816036,0.29404970779781636
2279,0.66242398677024761,0.99685299948226891,0.53201761167332262,0.30838586642747323
2280,0.50627223825434919,0.59692725793841528,0.51143535275616658,0.29170037968359591
2281,0.65534551129230534,0.38355365133824526,0.50148063835587187,0.28068165202564466
2282,0.89523160214141251,0.42786230146401794,0.50841844865278329,0.28418664930605719
2283,0.50957063850018902,0.15795456119860757,0.48191454294282399,0.26521377333639179
2284,0.28548319259808635,0.10059963793399512,0.47192534840967654,0.25990805841316428
2285,0.2773372462689993,0.06459442788978341,0.46869458986083185,0.25717208533994329
2286,0.57461738162009279,0.40416584946460787,0.50125762550785924,0.28154163751312772
2287,0.44024415368741615,0.72642091552378851,0.51657153231321529,0.29743523988316767
2288,0.79729504631004533,0.96713368537485378,0.53447066005845745,0.30888109552828358
2289,0.62088074883624211,0.65942440403561342,0.51753529316542912,0.29557085770520547
2290,0.68293552680007419,0.74757921065263222,0.52349649314983115,0.3001591192587108
2291,0.85142658902305413,0.90432780199168483,0.53371335251321139,0.30749850818306795
2292,0.59597241671812951,0.24466999510246096,0.49040210605978335,0.27157773320867129
2293,0.70086467928901552,0.05335451645670692,0.47630060890724646,0.2578710947564582
2294,0.39525358812314226,0.65540779580847597,0.51162874593934871,0.29370228879307569
2295,0.0057505075808265251,0.65391609964323005,0.49594357789138677,0.28828687157965738
2296,0.037584159844054374,0.52224253546808608,0.49088225366133759,0.2826888740838801
2297,0.79685620555790382,0.019611580100900028,0.47451518880697785,0.25529451094970751
2298,0.065146092561155097,0.7971119798534434,0.5047822892308923,0.29480640464815133
2299,0.78812793747190157,0.39635542908505306,0.50465806824728554,0.28195744951237212
2300,0.59686142342371162,0.060365183699817866,0.47526217448296348,0.25818093833331496
2301,0.81948297094897138,0.47233982000405667,0.51018779268568726,0.28654953261450394
2302,0.76588083076403712,0.5673546047664364,0.51515149891032963,0.29159811665015117
2303,0.88460229920187272,0.99780235221969193,0.53702953115689622,0.31026072948727201
2304,0.077039368427370206,0.47662652188312499,0.49023070556639053,0.28101774459240919
2305,0.88833222162699099,0.80006823598233756,0.52996632305583746,0.30363311434402712
2306,0.91176703109274393,0.33920825195946963,0.50247917018564325,0.27875171502993679
2307,0.11102835721216398,0.93396962461258526,0.51041909503769045,0.29890939828661134
2308,0.89212372636293291,0.91439208487997525,0.53481786212022053,0.30806794057451575
2309,0.71862717954780675,0.32290617032638985,0.4983734684484703,0.27715140351248779
2310,0.32490085645479849,0.88609090369915355,0.51896152866762146,0.30183338970019419
2311,0.97637408179839846,0.83736453078453199,0.5332077955306106,0.30568177281117764
2312,0.72164609698340065,0.37923043874193685,0.50237967703648323,0.28068075615569776
2313,0.89398348461579302,0.231224365241325,0.49408376125727382,0.27150899897360631
2314,0.50933853989298228,0.90674192700058931,0.52563955572702425,0.30469836718683441
2315,0.12587444188977825,0.77970808428452587,0.50732433297457125,0.29551092526655875
2316,0.74004816200855417,0.50067665261990624,0.51064205866187495,0.28784972396594588
2317,0.28535163521688661,0.19085002999928546,0.4790458525736197,0.26627993380093096
2318,0.89107781629125826,0.13612907961696619,0.48621704128446025,0.2646248921271257
2319,0.44954213683974231,0.86805527084277712,0.52270295425518021,0.30295481993769707
2320,0.3954018271459383,0.57469793163834837,0.50724785395741545,0.28971470736532012
2321,0.95112387784995378,0.91189220332176191,0.53579051974885883,0.30833285453490539
2322,0.27408139968618056,0.82319614168632549,0.51518111974757164,0.29933634406982979
2323,0.82467860328572573,0.90290202216120674,0.53314253714783677,0.30727999727023325
2324,0.80959592792080948,0.36910262031751923,0.5031177518833545,0.28035463491174162
2325,0.23665151354715927,0.76927032948898844,0.51178002267273426,0.29697589445694672
2326,0.89892071379750271,0.60169576177567941,0.51936495210653533,0.29394074233173301
2327,0.75341291291719548,0.71540715529582233,0.52321347576966137,0.29902491235946371
2328,0.060684470520692417,0.18644228305987781,0.47092204357336831,0.26384562505120118
2329,0.64577705962335463,0.3650603837572155,0.50003704790631143,0.27951380708565982
2330,0.22763324725526621,0.35168347532119371,0.48854933071944684,0.27596823411393184
2331,0.41911715687114048,0.27691302072460533,0.48895667675760007,0.27284170035344335
2332,0.97621081647834518,0.86152047707777246,0.5342819998274575,0.30666961895825706
2333,0.065682696057518489,0.4035069245524821,0.48545142020894355,0.27694394202924771
2334,0.43162919894043594,0.6888203458395904,0.51441425339575708,0.2956122736641798
2335,0.96407254202653425,0.74749770712783803,0.52845428249849569,0.30148718830647947
2336,0.014328061102831271,0.21623011196422159,0.47100539208798586,0.26514824748658916
2337,0.80514500903558217,0.69010686499673179,0.52280084800907245,0.29804842482923116
2338,0.38745122538193827,0.36022215000329311,0.49391347991406637,0.27780752206040782
2339,0.11867089809851022,0.39133213426856095,0.48699553233708714,0.27700886758447441
2340,0.40492817407358672,0.49439056281506782,0.50286131898990538,0.28557673060544991
2341,0.27907331890357895,0.26404761852481168,0.48422962588738944,0.27105032232804094
2342,0.56550155470882313,0.87917080261894742,0.52639439414967948,0.30449260617079155
2343,0.10355362975097961,0.52505298131947642,0.49411884664094624,0.28389363938027351
2344,0.48928555473118324,0.6416685574202915,0.51347084664770215,0.29381102912896984
2345,0.81981494749874118,0.18623576982257656,0.4894646109932404,0.26817452624651295
2346,0.63756157866354335,0.79779071373121124,0.52502024950147486,0.30215203590852968
2347,0.93616329517614794,0.78080476050629521,0.52975818991945078,0.30294766971543302
2348,0.25708157135077053,0.30812248007355958,0.48661327888096884,0.27362314134690352
2349,0.65465212270406781,0.99816461380586274,0.53184665771529638,0.30833703370022952
2350,0.1737495572508895,0.016551640084374229,0.46153301618960602,0.25278116995732186
2351,0.82897224896977428,0.8075435114756343,0.52932171683288709,0.30369618407180121
2352,0.13072880724017741,0.072325781244284015,0.46481410174584242,0.25665512392794038
2353,0.12429677746795352,0.3590914006081759,0.48521324681119288,0.27525069739119351
2354,0.43831467405142033,0.59005197999529779,0.50929727145382875,0.2908454953351407
2355,0.84340990587781417,0.76294910910752367,0.52731585808215609,0.30171208783519432
2356,0.14016336371746149,0.12593992441139418,0.46942645530535237,0.26059788261145828
2357,0.71753806138661458,0.05059877654040465,0.47629678485944554,0.25768402985963684
2358,0.71465245391795185,0.8822089147845168,0.53013130802259745,0.30584675133992362
2359,0.64359092223030756,0.7981685971620609,0.52517310370899506,0.30220931732060924
2360,0.5667515348194051,0.10483519678182202,0.4786091589979069,0.26151599724624852
2361,0.40581946857263101,0.64394765858793401,0.51132865576063191,0.29324383647708085
2362,0.29420157774913824,0.79087599139394016,0.51481047276411906,0.2985528396750321
2363,0.51849674170363003,0.7476401832666365,0.51972753483421819,0.29905163834613741
2364,0.055696102757158222,0.28915348831742305,0.47780779230069276,0.27023331090301095
2365,0.090896352512890022,0.66649823930998098,0.5008669166555525,0.29042695480563713
2366,0.73209090410423239,0.29901419421216707,0.49686253621773369,0.27565533699296374
2367,0.47994762244221062,0.58776573748759697,0.51026097125246928,0.29104581193166335
2368,0.85752004655554193,0.32532775074752285,0.50071435701128841,0.27772398231929252
2369,0.34041501558696624,0.9329363776469487,0.52067074229349386,0.30315054020109228
2370,0.58984864708419193,0.19279309921771054,0.48626952770664134,0.26799207058504826
2371,0.095136157403572008,0.82232954309046036,0.50709306512837782,0.29614268797361687
2372,0.75352594896432712,0.49513275732329354,0.51053271236716169,0.28759474819348735
2373,0.33914165494922782,0.60850137911244528,0.50742830863971033,0.29089631394088633
2374,0.99879148650491845,0.47351996761438209,0.51286429022520097,0.28715940397809669
2375,0.8556574043878471,0.9240060467435397,0.53443550837239517,0.30812925336340818
2376,0.46634143928635169,0.01554636299511185,0.46879073054431686,0.25420935870305861
2377,0.42411062477921374,0.22472518066096819,0.48523807367934135,0.26944078520497261
2378,0.24963896418124207,0.29657499629353407,0.48558734371062323,0.27284617646209491
2379,0.17385440817616182,0.23890907199356007,0.47902105017109836,0.26850530000823503
2380,0.42731513735678744,0.019324472228891682,0.46833153183845405,0.25437283500911489
2381,0.39036324496433372,0.629028832461487,0.51008321385072775,0.29238083870298753
2382,0.15911016865338898,0.81177271351962121,0.50993113869823503,0.2971083417562142
2383,0.37938786735635949,0.75548694122125171,0.51620709700356782,0.29817120100266459
2384,0.59332630826771493,0.98236807276332994,0.52987928610476964,0.30738480616942443
2385,0.8757014933959465,0.48005470995845972,0.51155584082226246,0.28718122194218743
2386,0.34392302345234205,0.42916846659550212,0.49714850972744823,0.2814845156944551
2387,0.96292281694450654,0.31829804779159604,0.50162623226891989,0.27751708803780328
2388,0.91462642037690389,0.5530883016780368,0.51670228045698252,0.29139213139781578
2389,0.68373152185924124,0.17910033133976394,0.4868187605830559,0.26732484798243478
2390,0.47464481631339295,0.41790375213384395,0.49990355514883156,0.28178200886470589
2391,0.17167078397060978,0.1917475361385732,0.4755261164938383,0.26540050163461515
2392,0.21850903321133228,0.5405338423242676,0.49960763483619491,0.28620516846970778
2393,0.88991926476376837,0.24999909355285344,0.49550080659255263,0.27279672771714875
2394,0.62844944101105216,0.87175657109649618,0.52776152786803865,0.30482526583896186
2395,0.46740322731271156,0.53959483870136327,0.50718237714935022,0.28845740978609025
2396,0.27192464258704568,0.14148992660172519,0.4748404586834033,0.26276460626255499
2397,0.87228583560081907,0.92956043476994388,0.5349299076038504,0.30840157963016324
2398,0.18551787796005373,0.28187980403996776,0.48242984993125759,0.27133011292055076
2399,0.15879178590482335,0.067746865285199603,0.46539169616575488,0.25655993728253623
2400,0.77052933576774096,0.31720797039166793,0.49881144636259056,0.27695419682402161
2401,0.17540100730437552,0.56186102917726388,0.49913331190332672,0.28673913214078639
2402,0.0023594039171119224,0.23249935162443436,0.4715686581671738,0.26599475346088192
2403,0.98042280694983208,0.34209024808021499,0.50358860407126116,0.27909277494530449
2404,0.49923923963004491,0.46615152318113251,0.50354476638893264,0.2846816056820719
2405,0.28168235868649794,0.47089740275555525,0.49777834531133708,0.2832317980927983
2406,0.038046156163921117,0.98684530326459785,0.50706546780327899,0.2978882075718311
2407,0.50892616940940494,0.62611773145176697,0.51311955658149921,0.29318664115552506
2408,0.94133988580465089,0.99318381175667758,0.53800536250429054,0.31054203710328288
2409,0.42719191852150257,0.76125107229923605,0.51791843631369394,0.29888992543332482
2410,0.61347669056608578,0.9407995105507202,0.5294368110638048,0.3066402526494646
2411,0.71015564900460892,0.90986135486209541,0.53093088094973373,0.30666128934624864
2412,0.11477085769268451,0.88561753526338149,0.50966561139099065,0.29806323616305613
2413,0.39776233104629211,0.91462824138161969,0.52230296011198019,0.30354903340729572
2414,0.64348115565733754,0.17862208204377675,0.48610114904998758,0.26717031851862882
2415,0.51097862751587531,0.46902004033814887,0.50399994484153288,0.28491495149784174
2416,0.9661494483366726,0.55704588486299622,0.5176872947066512,0.29177200872737324
2417,0.80232496837134237,0.66280860821221732,0.52125717361128687,0.29668473875326212
2418,0.075596090489707418,0.0023946085162577222,0.45696445717132217,0.25085360197241452
2419,0.58298452286479296,0.086756294302979944,0.47734456057058783,0.26019108598776192
2420,0.82456642452528472,0.56132478321819801,0.51579223347930014,0.29151526290713725
2421,0.53461301654226856,0.8848466251714272,0.52572734184807113,0.30435825614678341
2422,0.96930382043319996,0.79583454265104381,0.53103760208141337,0.30377763438014843
2423,0.4646626676092972,0.17111842806973729,0.48201948204635997,0.26595499945990675
2424,0.18921894490722335,0.1662570659396588,0.47420849269494059,0.26383913048422225
2425,0.22471646678069374,0.12558600128743566,0.47218033566723805,0.26129188715992008
2426,0.24300030621428742,0.61207243726801819,0.50438372486392746,0.29003984817193679
2427,0.21277694744506154,0.023036523203400432,0.46328663729692149,0.25356324680213443
2428,0.98940357271918333,0.76182666925889209,0.52958363742426906,0.30226344336256067
2429,0.14069773839298871,0.16981493573588086,0.47279986038304617,0.26362724827249384
2430,0.4988493927075644,0.017993922172242313,0.46965084606621826,0.2545141638848944
2431,0.10242496034827782,0.093582287917134827,0.46551251870123544,0.25793218471374352
2432,0.54317102387367056,0.49668257571303986,0.50644453413356427,0.28664279456495306
2433,0.13854944969679928,0.92112267264729597,0.51161149153207663,0.29928510685996651
2434,0.71051055657354889,0.79557372599852971,0.52647678720101798,0.30251960799135663
2435,0.91378337250353081,0.48631329179011518,0.51251952994085448,0.28765889565986519
2436,0.70677731349513628,0.56013881877689864,0.51364497769089124,0.2909463113943585
2437,0.79296224782824287,0.40437592606489781,0.50528033085078439,0.28245875953441224
2438,0.67980538298151227,0.1001452232962125,0.48013268899000361,0.26147718386579027
2439,0.26175295451927233,0.92832527446126334,0.51744565860131797,0.30179119611817401
2440,0.53695624013455823,0.31762260356222977,0.494551095923429,0.27606965713704368
2441,0.85431008347488246,0.3765493672232027,0.50431343761482239,0.28094931599339301
2442,0.42349639573727038,0.85473729459430325,0.52146406670668377,0.30225742597938815
2443,0.25940887360776543,0.061275952325423717,0.4679172456179243,0.2568088568137728
2444,0.37957622113371037,0.55169808798247255,0.50549357005200435,0.28840033400363219
2445,0.78887239160250178,0.92721361083762022,0.53318227332659363,0.30775988637704388
2446,0.79136448427130235,0.45529516691564353,0.50863104514052937,0.28546553574013211
2447,0.82377980876642987,0.42098581012311626,0.50688623306923164,0.28355717198946773
2448,0.44782363826999211,0.38584417518713748,0.49716059267812274,0.27973670504342985
2449,0.48600618310210997,0.19849063637909714,0.48463309714330904,0.2679646630921495
2450,0.90315426456435821,0.98745427493379689,0.53713914398827423,0.31014742633642894
2451,0.41008413166905522,0.65289637295742287,0.51192572632960187,0.29371361229476173
2452,0.3312698088226258,0.9858695180679089,0.52136885008507527,0.30403159777423899
2453,0.24593607372884874,0.74359107928961754,0.51106788774394152,0.29610767896882784
2454,0.23546164755687352,0.78327345041894592,0.51226766167314286,0.29745923320271578
2455,0.59403162484419303,0.066156963710079439,0.47572875865494113,0.25862728996015472
2456,0.63870086407797644,0.58921932274996081,0.51399369646046356,0.29212772993041769
2457,0.050854385941138031,0.24032331341725077,0.47430549963414931,0.26717267015567586
2458,0.58064329146953531,0.92380062428443932,0.52811376141325495,0.30588722021894194
2459,0.63492061854122439,0.45679251155589012,0.50590323447790519,0.2848988376505216
2460,0.043490544585918549,0.46912099747924368,0.48823691028651767,0.28009415308816271
2461,0.79825154902666107,0.54506907823315132,0.5143749306489015,0.29053279932450454
2462,0.48266941303188216,0.48061401541890814,0.50403780062272063,0.28537905273314118
2463,0.0022112471078871748,0.85793105529473401,0.50267159310863541,0.29476428062292359
2464,0.19776682901015738,0.88069522593155269,0.51358196402403644,0.29961634315623292
2465,0.29264284120666562,0.82716695875515001,0.51602328322129853,0.29972726857934162
2466,0.89332054700459129,0.96295194943588003,0.53630601603829198,0.30946431944490033
2467,0.61899274674282645,0.76242279922208989,0.52287103127328627,0.30044615735658253
2468,0.061065404601034247,0.95161975757366746,0.50793265786391739,0.29799374432174869
2469,0.55202533760351369,0.63844595195216836,0.51483613309870579,0.29409704695708749
2470,0.25721936235647885,0.35387982704647586,0.48967114999659511,0.27637975540924958
2471,0.0049867743898299524,0.26509765569275479,0.47388966094135787,0.26803926552685625
2472,0.61530550733428691,0.091691413126292171,0.47833730887952391,0.26066253631518527
2473,0.77741597654438821,0.24212088092347842,0.49328859238882428,0.27199007252639568
2474,0.3208750382891507,0.74685512545496457,0.51390574445659032,0.29716884296398005
2475,0.99751273631219528,0.70941030091164869,0.52690594036445704,0.29976415769769621
2476,0.40372630456016634,0.43292201776184375,0.49905627874413672,0.28216198705423723
2477,0.11467544677484549,0.39395128734571627,0.4869915450936147,0.27710288739430516
2478,0.15948431219278136,0.019868259883916474,0.46136688578060786,0.25293110647353972
2479,0.52806004156203712,0.42514205903153635,0.50161481048530343,0.28251950562937272
2480,0.64207201387059176,0.10186102649780224,0.4796695465459847,0.26151195251074066
2481,0.75839663639672805,0.20557341165834805,0.49012778509332527,0.26940492110920655
2482,0.95622463757040688,0.8528417854792788,0.53358652834764808,0.30623239920876744
2483,0.95827643573667165,0.32751636695213382,0.50224443771166316,0.27810614641656856
2484,0.32746908464973096,0.80918374142280081,0.51668653523950903,0.29962107307979979
2485,0.19396649125296392,0.96260063194701218,0.51507718376291156,0.30117312517691391
2486,0.7351477645113017,0.61031820232373435,0.51709559892526147,0.29371119608883461
2487,0.25244956063962309,0.3546882284533116,0.48956924578005873,0.27638324270967068
2488,0.7868859069429921,0.047833803040964996,0.47701650521481254,0.25758386586910337
2489,0.33553850302899957,0.71814903696357513,0.51299427916528506,0.29604814222313675
2490,0.11173679700704525,0.14438943369815824,0.46981598782661982,0.26159893928021527
2491,0.88985806560061176,0.64550953256975629,0.52174341809795655,0.29617490536105501
2492,0.30752995687267975,0.90135599203457828,0.518684740549058,0.3019441636755969
2493,0.18787207893171581,0.026859083024517168,0.46286640043414518,0.25368590068249253
2494,0.67001392094168122,0.95667468004511902,0.53127872016362654,0.30755967308016013
2495,0.79075566442477285,0.75642992083203286,0.52604589161545523,0.30115494947818261
2496,0.71612447480539565,0.63327248887893517,0.5180355076507247,0.29479073135246237
2497,0.093378049521695372,0.603515742053499,0.49782604198220021,0.28756056125161372
2498,0.61012957870679674,0.2113125096595497,0.48810132668012746,0.26935508572482425
2499,0.96985375889894787,0.48270258155897028,0.51307372521098094,0.28761369141102006
2500,0.93302695841105887,0.87095857251045528,0.53395965146533164,0.30681849591084343
2501,0.77482139367136404,0.70618565412672474,0.52312118142291009,0.2986877493729127
2502,0.93810934138131563,0.011862311442208012,0.47546897037484448,0.25480757984403757
2503,0.90130377272992623,0.23180095610328719,0.49422535271306678,0.27156383231680048
2504,0.20270770336870339,0.064130622043053157,0.46649325615357107,0.25663489597698608
2505,0.5399945302459761,0.55539313465963347,0.50987027421014952,0.28977884341208338
2506,0.67316447604188001,0.61331112666275589,0.51606980014689408,0.29355389224275347
2507,0.435570164146449,0.26747021253985587,0.48867279108365025,0.27232712935738956
2508,0.9053577260603779,0.23732864448303589,0.49471403693628818,0.27195570072544173
2509,0.66577224610565466,0.50368072781850359,0.50944830808005637,0.28768422223460827
2510,0.76463876422914911,0.58170679553296645,0.51597551004137687,0.29235388271125845
2511,0.65447540444302144,0.7412007967024693,0.52257175870111872,0.29969149512997129
2512,0.44412402938335438,0.043469319642672782,0.47085425060266739,0.25635663606884512
2513,0.39293432578336218,0.32806163816914197,0.4918843998697548,0.27589297635996485
2514,0.58122952774151937,0.44808890568542992,0.50424751067082918,0.28413108856811098
2515,0.49733175680747954,0.29098155505064643,0.49179303937780566,0.27417721360041214
2516,0.66735694998168615,0.32685529215995923,0.49776046595481371,0.27721733126004461
2517,0.3991855157554266,0.52055830441060247,0.50425217288472912,0.28693323492870559
2518,0.18941731292166517,0.35511054084886567,0.48743725751958994,0.27577627685319711
2519,0.28631617139849114,0.080804778018721851,0.47030560138321986,0.25844676689211399
2520,0.96736237514078394,0.87322977863963469,0.53462407233684783,0.30707572608372269
2521,0.072876779367576819,0.86760679731123391,0.50702529085061876,0.29673500126106195
2522,0.11373916852379917,0.60217710508656463,0.49867831238248184,0.28781840081748666
2523,0.45299053870307981,0.84253928561463254,0.521976192965935,0.30220702624299389
2524,0.071646076367225031,0.70987644781552961,0.5019762758542281,0.29197472860025647
2525,0.24980174317610218,0.91957787055718954,0.51675436523731844,0.30140437201693998
2526,0.40238216062550203,0.95655166649556489,0.52341949273948685,0.30453773276193852
2527,0.60557291961222659,0.84842991762132158,0.52636838980728229,0.30385615475763478
2528,0.63866358089802089,0.81937784958517879,0.52600494310036805,0.30304293976609215
2529,0.13417151065076469,0.56768115163795885,0.49775340290845954,0.28645876411425431
2530,0.42014795768012991,0.31551533405756343,0.49171232994529124,0.27529183808124924
2531,0.44046636540055045,0.57725615844199207,0.50863759472172254,0.29021151021144209
2532,0.065436685826641042,0.3832452397126821,0.48421383700992282,0.2758196789966057
2533,0.70207959033133238,0.13284110118391693,0.48328532694853232,0.26399837787120384
2534,0.93130626743558098,0.3810126036430127,0.50571527632159274,0.28143290392896464
2535,0.35908387786854296,0.75845205629045387,0.51570077404898174,0.29808365863287173
2536,0.69320241447348385,0.7917300104999333,0.52593322088414185,0.30224504965669896
2537,0.25740802364636911,0.54231107445025117,0.50109463357541006,0.2867364252496592
2538,0.87637345876091866,0.2565367534539546,0.49582444946465254,0.27321382456158932
2539,0.91213006761182336,0.28148748177298116,0.49821292937898443,0.27497644782647257
2540,0.31249480691606879,0.25254500990522794,0.48438381869920294,0.27056644618124542
2541,0.0669696873972076,0.2368476701087435,0.47475592214782236,0.2671660041081142
2542,0.46037511604133763,0.93766591881726646,0.52493106835209369,0.30488821522737097
2543,0.76215441490799418,0.86417446980768586,0.530496560664943,0.30557286061173855
2544,0.65151353036022053,0.10133881948291092,0.47978030187322657,0.26149709858675629
2545,0.30501097284083956,0.99185117949993584,0.52043020538103102,0.3037019016972673
2546,0.71480874583726983,0.29999364551600299,0.49664697315109346,0.27566259081630506
2547,0.94741453281504806,0.825018938466895,0.53216412468508556,0.3050197855516012
2548,0.70897526470773164,0.73361364550875741,0.52330570317832459,0.29965375233747132
2549,0.79984327489814033,0.039789767600025519,0.47644515014448713,0.25695287926273486
2550,0.91559511406532268,0.55175844011626907,0.51663569429540657,0.29132278771625802
2551,0.32947355727782707,0.58585697700019224,0.50589091414617593,0.28967863710325159
2552,0.49859088056763873,0.34961937313418606,0.49593198843380393,0.27785804151859084
2553,0.27353408691607184,0.20473568816162879,0.4797460113683214,0.26712948708917811
2554,0.65919157000825512,0.46548201378098458,0.50693128985365576,0.28550907716062007
2555,0.29990377500309839,0.096345566212583805,0.47196590622033957,0.25968423799438922
2556,0.65181150261118315,0.79751223637949442,0.52532437094650763,0.30223594773497564
2557,0.21251658856208672,0.79645822437602332,0.51179502763048734,0.29754878295988452
2558,0.56947909432746235,0.51369381647940027,0.50806537629162352,0.28772705178394592
2559,0.25225448111871956,0.58677671555719568,0.50336229483928729,0.28891137702389835
2560,0.61727664185984765,0.44072789497225318,0.50452056739801332,0.28389042503965689
2561,0.37916392036307373,0.12248933873538627,0.47613395761682548,0.26204840705491961
2562,0.16492262861499332,0.050466783838684207,0.46415228992225294,0.25531610840745883
2563,0.65721711998357202,0.74270135920163016,0.5227071056670537,0.29977816063137647
2564,0.7269405496713589,0.98397376046705765,0.53330728861631682,0.3087018666080133
2565,0.42441511256702941,0.67428942161028971,0.51345694157957666,0.29486232086107333
2566,0.37863630824583816,0.22571318804757903,0.48419315969526194,0.26924425952647146
2567,0.39691669459281259,0.40269267585583729,0.49694929688002121,0.28037854565857689
2568,0.9812872739800369,0.11214429159326246,0.48519870863168596,0.26292276032088668
2569,0.25298388261467919,0.72971271600356558,0.51069776520210974,0.29561339565142108
2570,0.56233533397401914,0.60180586851885309,0.51304331889137544,0.29232305612691761
2571,0.56102411963484489,0.0099410821154131551,0.47004387900702699,0.25403704975147323
2572,0.94405681357084548,0.20870332082690438,0.4929213132314299,0.27001910820223851
2573,0.8193063790699584,0.14092044340058929,0.4856859906137348,0.26485746471308586
2574,0.095468303313653455,0.28275376243618083,0.47907063749514933,0.27037026064227793
2575,0.07499004333360354,0.039087499677424788,0.46005032063934581,0.25365337282018963
2576,0.46263958383355058,0.38918624408248581,0.49774335683770243,0.28002753126047425
2577,0.30986188545826593,0.77501033323280277,0.51475259735654788,0.29817359209314026
2578,0.31251348346966551,0.58085770653054358,0.50507571000810303,0.289261009772113
2579,0.15513084058162058,0.86284308419177547,0.51115477321461023,0.29838545800607608
2580,0.70843728595728761,0.06168916479320033,0.47716832411289017,0.25854892011250136
2581,0.86704621048489361,0.047419631189072976,0.47800577088591295,0.25766482438775035
2582,0.20425111604483101,0.32494906472746515,0.48598970777291861,0.27414535873504364
2583,0.20678571853333852,0.96651041179263264,0.51574399559434303,0.30149290838316994
2584,0.4687788576100837,0.8102406499682111,0.52124901155747738,0.30125310637483332
2585,0.31307316584427608,0.10708596760312794,0.47320190127715028,0.26055362668512927
2586,0.17971915557003812,0.14837261302199914,0.47252345670519075,0.26252421258620667
2587,0.11503395723333816,0.48601069240634098,0.49243835655722934,0.28206580955352351
2588,0.57311850503509632,0.83561883139548587,0.52506974826928487,0.30313152360580531
2589,0.93780355976045837,0.09119573475880316,0.48283979392777038,0.26124154480674755
2590,0.58610475036514698,0.95774081647355347,0.52912219092445922,0.30676850441229941
2591,0.67817725305402421,0.73387992914506472,0.52269349676603305,0.29949068494024089
2592,0.13387988602170955,0.24425490635846508,0.47794168918347729,0.2684287729346061
2593,0.44493394596170405,0.5241863911880762,0.50569976962596996,0.28747799369742905
2594,0.70839580779914979,0.0089170532035524955,0.47228933183791932,0.25426991621995315
2595,0.68504399204243682,0.72146161996665181,0.52218980441298768,0.29894437052255052
2596,0.4481139040992479,0.81057371726733396,0.52065783090867401,0.30105865746662391
2597,0.10859642929726979,0.028249431929306595,0.46036698651836899,0.25315120088386139
2598,0.26084874343170089,0.3532327698228066,0.48974573642089581,0.27637483326320933
2599,0.080398426734411624,0.12146544382340509,0.46686105584032778,0.25967635370728626
2600,0.96070128290521684,0.087332739333331119,0.48275437596062776,0.2609653514671984
2601,0.45485151347011565,0.84642662367470334,0.52216494312626505,0.30235176575559702
2602,0.54004193109717458,0.57224779171416307,0.51084592069101242,0.29065986114727294
2603,0.24576030714045047,0.53256893343868439,0.50014077534057377,0.28610972968200782
2604,0.20140328851983652,0.65469368634241409,0.50502514555191136,0.2915407688939074
2605,0.56654874631055863,0.98612779071830459,0.5292099359599618,0.30717312791560042
2606,0.4883657862507389,0.61096647653026737,0.51176914719236477,0.29228074177558444
2607,0.084525814786681447,0.05351584462864558,0.46160274511082428,0.2548265552018284
2608,0.72502713675223063,0.19295524452083046,0.48860106272666831,0.26842599481395729
2609,0.28398770344160734,0.33576259206096876,0.48931756299666818,0.27553646358816458
2610,0.17197950907835038,0.38410252692057983,0.48863883977571615,0.27725370958493933
2611,0.38416205725878244,0.87692338900467148,0.52083541988317883,0.30241066000874695
2612,0.51970738341495171,0.11542922511262586,0.47861224475920494,0.26214743253598782
2613,0.89483986998744081,0.61571052515137714,0.52011727202683355,0.29465913646104808
2614,0.64370921937484527,0.59223305808367444,0.5142702080096696,0.29231126295797483
2615,0.82259233236858853,0.56618861703349976,0.51605056534350191,0.29176884110459922
2616,0.14032993895976106,0.62383048590010737,0.5009526202166269,0.289243223544351
2617,0.94601791971846261,0.3056829565205495,0.50047400992276303,0.27665478379251363
2618,0.30178865230799423,0.76239330406253003,0.5139379619783786,0.29758260630662181
2619,0.19494659972734518,0.25682081299180864,0.4810183050764113,0.26985284227081036
2620,0.030187408541992772,0.024210252231161578,0.45705759530419282,0.25206030182437195
2621,0.78013018640378728,0.86170683804453585,0.5307679043378476,0.30560193873789948
2622,0.6362926712823217,0.34370222875227918,0.49837601889040628,0.27815279318343111
2623,0.68491253293828347,0.9475741411017603,0.5314086816169562,0.30746902495032163
2624,0.91662591322035303,0.31524919380039212,0.50079654172167754,0.27721619677523274
2625,0.16858829540145817,0.11848774368668674,0.4698187247527234,0.26032908679702799
2626,0.90516818406243116,0.19149588731637923,0.49103448635144975,0.26872050079718141
2627,0.85936449087838418,0.012653780022065622,0.47463724917883321,0.25479515542506892
2628,0.75685772407952467,0.39263967159072638,0.5038933563479745,0.28162456942778813
2629,0.099317459455842624,0.46268406127061462,0.49042531472367551,0.28062021962297973
2630,0.98904728835917788,0.71550999089122058,0.52711473179093249,0.30003340672550599
2631,0.98981310628346397,0.75979375604443489,0.52948328543027889,0.30216860732059891
2632,0.25599845726321219,0.82862314352175459,0.51463953193632506,0.29922886966133183
2633,0.28811773965746401,0.012144888594269288,0.46441495784298698,0.25316223102496438
2634,0.65351655480429771,0.44986690783071104,0.5058242443434634,0.28458903956086057
2635,0.1536527536363923,0.72069913134014929,0.5062854509738739,0.29382538040537748
2636,0.01043327244896209,0.41870223104007309,0.48371920518588385,0.27688127560056064
2637,0.094620168943435418,0.3665804725219845,0.48445860290924009,0.27529269847390614
2638,0.61957461568732985,0.68982378327631166,0.51913769221695349,0.29704237815721851
2639,0.93155166089843267,0.38663316018086624,0.50611059876937547,0.28178137276658261
2640,0.45286623336208287,0.75228348913228849,0.51821263641868609,0.29872285519249919
2641,0.23274490101510892,0.28717532193606021,0.48439509977398693,0.27211168954723358
2642,0.74281137429320954,0.62124466598691652,0.51785962608567349,0.29430876022949942
2643,0.80195389847067422,0.67000894203212813,0.52164773259204944,0.29704186225975243
2644,0.97552696761681001,0.8569085313999909,0.5340737285485041,0.30648463047045671
2645,0.9554808502546861,0.78472371215749304,0.53025885258285943,0.30320783723151812
2646,0.46368880998945095,0.25615323977797527,0.48850174344994945,0.2717413046258097
2647,0.50642270026627234,0.75347294786131247,0.51970877584483366,0.2992226556841292
2648,0.90110322566122047,0.09833847501893761,0.48304184868209005,0.26175079913282606
2649,0.51891058548967128,0.78069522161945937,0.5213544283091146,0.30053246614798762
2650,0.95840693538597554,0.94989790414363384,0.5371347142274745,0.30952244573089877
2651,0.92348700073669909,0.99020548091990646,0.53759647207935868,0.31035189129082874
2652,0.7204160463410314,0.0051510035219253045,0.47210372865268302,0.25397706818863558
2653,0.97155957565162099,0.52872371174482402,0.51601749165353561,0.29022636312378836
2654,0.29720335807645465,0.91944639071576539,0.51870220696836533,0.30219127479177166
2655,0.18841413514268351,0.55902568437635203,0.49948968683251499,0.28676650099465106
2656,0.37015039576435232,0.19033419668670976,0.48129610711768456,0.26679809409863836
2657,0.39498684325210054,0.76524122138215467,0.51713950071007098,0.29874452583369582
2658,0.50382944762230619,0.84526146535059676,0.52355961172703391,0.3028224389708668
2659,0.3417290888385498,0.81571939963133777,0.51742191255818193,0.30002304769205262
2660,0.62452159838235244,0.71329357992106823,0.52048032781691533,0.29819423269498041
2661,0.095881064074358438,0.72326726156960941,0.50374064515494621,0.29295320281273535
2662,0.64393828101957917,0.61504111535070694,0.51557100418377433,0.2934833464574772
2663,0.84261870421007046,0.17003373814955122,0.48844572612257203,0.26704915890199854
2664,0.11730577599609969,0.289892920344125,0.48042818262526094,0.27107191782840939
2665,0.21761294873881853,0.76901170051117662,0.51100388932235352,0.29668611775079407
2666,0.5257748646211462,0.80476201163566441,0.52259875062383765,0.30157136197550183
2667,0.82735021814204524,0.69783812135233314,0.52360519530087324,0.29852706433610765
2668,0.41251249525466704,0.55800270378658323,0.50678511738261101,0.28900029919976361
2669,0.69272851693975979,0.16099211644945899,0.48548606349144729,0.26604460264432145
2670,0.54593982764551185,0.52176322261140451,0.50802270843799091,0.28802481099694749
2671,0.3329296575090499,0.89072959624953807,0.5193822648641131,0.30206638527666108
2672,0.52025835171394286,0.5932556755521452,0.51157054568917393,0.29161011532124681
2673,0.46543940040740422,0.12665380091072295,0.47843502182341308,0.26276080927385637
2674,0.70777070049025348,0.76319156545816225,0.5247991530311189,0.30102658964332812
2675,0.29917994105144174,0.6647238003396081,0.50909207101569975,0.29318796298494698
2676,0.60939945774349624,0.65644486704227756,0.51712259204954236,0.29535423411342593
2677,0.98011754504778659,0.52303040882545759,0.51577940171480474,0.2899331076238586
2678,0.13390573208044518,0.44222488316464009,0.49068845429114621,0.28000573604991291
2679,0.33158804613578835,0.39035178367845952,0.49432638441230514,0.27916160010079688
2680,0.37741544820031853,0.022549558141862509,0.46752439074365032,0.25442658023033948
2681,0.064509717527159963,0.69073974041381159,0.5007583918001659,0.2910428229816362
2682,0.5495465134092723,0.5629250664232649,0.51052868938890761,0.2902342773830015
2683,0.56733896060561528,0.2501817184906337,0.49026226390240724,0.2718316951822522
2684,0.27596074353597361,0.5697513351127389,0.50325524879879557,0.28832573461451527
2685,0.18794138092781651,0.59635191154755884,0.50147557767321616,0.28859410993905832
2686,0.98761562824157301,0.78781937332624807,0.53090326414059641,0.3034768976626977
2687,0.30863047861406817,0.032280177208140963,0.46672822098186434,0.25486206926597066
2688,0.21885426203225508,0.48765505105388585,0.49661199347878254,0.28346820186924071
2689,0.76105186596551211,0.98035554065025654,0.53400461694746737,0.30890844916697874
2690,0.60252738208737,0.21123098961628275,0.48795466965310552,0.26932208440937339
2691,0.2949753469320131,0.91226490535753546,0.51845078117580767,0.3019979459726746
2692,0.0089942944535403527,0.35856607291026743,0.48005075762189736,0.27355950152782754
2693,0.47043350184682065,0.74929643322146733,0.51854735029183696,0.29873844473652356
2694,0.23868507950798379,0.11756644862071845,0.47196276051556091,0.26082233686435585
2695,0.58206409279884541,0.10296258435799974,0.47872720487365406,0.26142290407202595
2696,0.38825933814946334,0.70349178239876642,0.51390536568563649,0.29590413973789398
2697,0.28803141465700466,0.58378955482671735,0.50443183098258704,0.28915546912182238
2698,0.20682394468529383,0.5788333847563597,0.5012691314541976,0.28797937900529569
2699,0.96063873759465057,0.5667758624378243,0.51819991725526626,0.29228399702505958
2700,0.7822345886605675,0.80973513798891805,0.52857026747148039,0.30355120649349482
2701,0.03480460603575921,0.26446996927071598,0.4752336248554031,0.26844343751077526
2702,0.60412848275726438,0.57627493510303329,0.51251715295272104,0.29126018724373953
2703,0.6248987950184266,0.52018864871169213,0.5096387291803941,0.28838559682785064
2704,0.62564187635568669,0.70095824904559423,0.51985880854256883,0.29761420391678733
2705,0.17735656997523039,0.89555954681705918,0.51298169345079914,0.29956302457450568
2706,0.64313191155790117,0.23080572327364934,0.49020991142243503,0.27081076592918607
2707,0.33793564382371261,0.64576964782235446,0.50937581019708267,0.29269472577961575
2708,0.31720329111575851,0.46473555034560854,0.49853239125741855,0.28322972238864141
2709,0.89230410777841473,0.016405536493880209,0.47538639840906305,0.25514403424937609
2710,0.71168936120556903,0.77389103714387164,0.52541899961739047,0.30154121218828062
2711,0.33010075294632696,0.85595601354691908,0.51831243200161004,0.30110326777938462
2712,0.93455154355444248,0.068082441674417363,0.48070877342833779,0.25940889228465874
2713,0.5582675660326728,0.45989017788312636,0.50450057614920474,0.28467834372077333
2714,0.11954084191777511,0.83766902659911435,0.50875714439058273,0.29704970817268517
2715,0.7297258903521463,0.2885145424456918,0.49604940372191458,0.27496113607310063
2716,0.96314257574243245,0.69843016017136395,0.52580576539876334,0.29910161937138369
2717,0.99208761576047411,0.85021006404362853,0.53403909118254955,0.3062876273634158
2718,0.12119037659597816,0.3901447902642074,0.48702572391035687,0.27697509813496646
2719,0.82608358281640104,0.64424883226811647,0.52063098936484298,0.29585397853693129
2720,0.68999041103644998,0.023829189723043237,0.47342077266844346,0.25546502300677498
2721,0.61990707819453672,0.43960111170316818,0.50450084540553231,0.28383808493010282
2722,0.18410716630594107,0.63517078192048937,0.50334537540169022,0.29039590060449388
2723,0.79092832720073647,0.07761693562673172,0.47977654296192052,0.2599606025797549
2724,0.11921291716381675,0.33718684638825946,0.48361091234251385,0.27391628363077269
2725,0.6339858179490897,0.82531957166454528,0.5261462146833451,0.30323921761427824
2726,0.9971450231672615,0.0241796371967881,0.47728399881214584,0.25588614348305161
2727,0.064383020865533033,0.8291253923853743,0.50562934235636148,0.29564191184421873
2728,0.20094685791697123,0.96545875274917348,0.51545424222617042,0.30136030629945526
2729,0.5596364508093451,0.13878532273174496,0.48133045067239616,0.26401465927644169
2730,0.52496884596719173,0.27544022224420917,0.49126580102924661,0.27330893061264394
2731,0.10025236170907738,0.9352007747345954,0.50986180528976854,0.29868199453725103
2732,0.38886707370540829,0.6158950567705207,0.5093308701593513,0.29172255773274514
2733,0.96947473447498633,0.84316226664193683,0.53336766606669284,0.30589702024921034
2734,0.36825370952495146,0.49836276679100705,0.5020667707914076,0.28549531378500792
2735,0.70391279171464272,0.087610450634628065,0.47941065705137315,0.26056894319431878
2736,0.10771674398797332,0.27081326309201542,0.47875937433448068,0.26978856481017854
2737,0.3832385470619542,0.96921852091281913,0.52300023356768732,0.30451792403042194
2738,0.77491389868467819,0.03447974259014009,0.47561888941708702,0.25648254206921267
2739,0.83135288760740078,0.064954983665875626,0.47916864351116994,0.25902420078655519
2740,0.20253792288425612,0.30657739826178881,0.48470207771462109,0.27301774915754218
2741,0.33532627457677155,0.27321443497169529,0.48650535194522054,0.27205934085898537
2742,0.12756114961995046,0.35272947167005625,0.48494016453236399,0.27492423522557974
2743,0.61194525087104412,0.084086431113479201,0.47761674661158526,0.26006881508691204
2744,0.49418994810112055,0.98291235825362389,0.52698793852397485,0.30626551538743652
2745,0.12497542789370054,0.24663970348663861,0.4777698024445825,0.2684806862365956
2746,0.32019312404614181,0.57137354402459462,0.50479787117973107,0.28886042245610755
2747,0.09007828915877035,0.3861884334419971,0.48547724452382529,0.27633600804589326
2748,0.30849592223771616,0.86687883164988599,0.51782212208181411,0.30109494038886719
2749,0.24993802913072286,0.25548096499674722,0.48272629132267469,0.27026360303037816
2750,0.34016359146375907,0.6827419637643849,0.51136081624555352,0.29446549834486252
2751,0.29924180698603159,0.48364717232732801,0.49910166058538241,0.28408871863041307
2752,0.30780347794740232,0.61527169243533875,0.50678800479834196,0.29091322615023446
2753,0.66963876682122947,0.43145432838279524,0.50493865281019601,0.28359325351814274
2754,0.60640487424990863,0.40978870608826401,0.50228329843368091,0.28203060410479253
2755,0.061535577217501129,0.1279315480899415,0.46660739210995722,0.25991304574727475
2756,0.68858050840153595,0.8812019153969014,0.5295089043436545,0.30561540243941909
2757,0.50549771241160346,0.82610439358145238,0.52290523483499041,0.30218253733894374
2758,0.20892521813741188,0.45840302097144309,0.4945340596766698,0.28179266448705353
2759,0.29327839053444332,0.28624132687329545,0.48621657275542102,0.27256797737822613
2760,0.86720228559434187,0.73812050896546577,0.52642652559713199,0.30064636287877894
2761,0.64711657080553708,0.28929534048674393,0.4946792277270094,0.27472713325959314
2762,0.38428283868347063,0.77553836677930088,0.51726254651804771,0.2990541069837202
2763,0.26168138348677894,0.56437228590083544,0.50246919048224603,0.28790084505194075
2764,0.84438837815894519,0.90770231303487681,0.53368953678667974,0.30755913008720798
2765,0.76803187144201945,0.59985555659971435,0.51709237033644584,0.29332026231948777
2766,0.16039210554187885,0.19967294903314906,0.47571562036259729,0.26581819341426483
2767,0.95981962696794665,0.33500242233726896,0.50281078510566002,0.27859278110131669
2768,0.87711593234293395,0.30444754625441273,0.49945865407729689,0.27641665642979946
2769,0.67333777709816345,0.30072810030871772,0.49598537506821105,0.27556626686724517
2770,0.39095591571117988,0.50969355541231343,0.50338345577413302,0.28628879153329628
2771,0.99275407375687508,0.47985706232198283,0.51319694263642324,0.28751107992433034
2772,0.19792145884725035,0.58209593113622404,0.50110437451373058,0.2880278938499512
2773,0.63564650724715321,0.21933319066603438,0.48918832067467322,0.26999811516684552
2774,0.052472964098548985,0.62231917678391335,0.49682312711418086,0.28774359034775382
2775,0.64964153273903069,0.43584484610498186,0.50484345083209659,0.28375999539158053
2776,0.41144551599147966,0.68695496355668884,0.51374285821420262,0.295346530556439
2777,0.1929882394449669,0.8166194090953679,0.51161398012968606,0.29785069282763882
2778,0.94271179364601854,0.12490762722968357,0.4858747762966158,0.2638520373193245
2779,0.030795254654262683,0.74557942657963139,0.50122471243372857,0.2924593985152274
2780,0.10765171237053582,0.23858021510316757,0.47653428516020435,0.26777275333273087
2781,0.63886793743417369,0.044562601193937013,0.47453771338029416,0.25703359394057107
2782,0.78007670100844695,0.44734744200160498,0.50792727108012803,0.28496225059016034
2783,0.41322454774888467,0.98892620328426128,0.52443870890248778,0.30531559691974458
2784,0.83388279431978019,0.7423439153508633,0.52608208145654833,0.30069814666984501
2785,0.048424282274290457,0.82658987149613672,0.50467367957576237,0.29520924697579004
2786,0.36568413161364155,0.45395194864008809,0.49931200270492226,0.28304935557880284
2787,0.60492963613063333,0.73359959834549815,0.52109219054138345,0.29902224430992452
2788,0.83452778709243292,0.020175747866241728,0.47504916289154797,0.2553912795502164
2789,0.87038601937434878,0.25804615464216329,0.49585904127465558,0.27330313706129067
2790,0.773627311581641,0.15936225287056296,0.48659087728326139,0.26612496359356291
2791,0.67245059257430262,0.34947014510444135,0.49944845200156418,0.27865772246569687
2792,0.057857940106571186,0.55337874005172638,0.49353715761704525,0.28456773715799305
2793,0.82863215068752183,0.31052672252381452,0.49921216173716337,0.27668918062460685
2794,0.17301623523483287,0.011581143170257565,0.46107654118057001,0.25238710967270434
2795,0.11982202291482827,0.233601996708347,0.47665816157407193,0.26759540455521841
2796,0.52598830366433835,0.14401760952366752,0.481110249940565,0.26427292359100757
2797,0.019679118366364858,0.35188616362981262,0.48015915986230445,0.27335635250162971
2798,0.19879473080114696,0.0075705168487620539,0.46151439693275642,0.25225462012349581
2799,0.26061747190895257,0.60579334944571606,0.5046786344721329,0.28993894224925909
2800,0.68823171589578269,0.14632769452478969,0.48419813174226378,0.26496075420625453
2801,0.95349208520568207,0.51886179357435325,0.51514929315595892,0.28962195091136683
2802,0.14825675183275017,0.095811554865923257,0.46732325316913964,0.25852512268302502
2803,0.23874166430557381,0.5457459372594371,0.50063060953643712,0.2867038929915619
2804,0.049898484771803489,0.62803062944720733,0.49697995244908805,0.28796038814402558
2805,0.34442175213292942,0.28815076426981251,0.48781317342889585,0.27307195715073945
2806,0.74845586811105025,0.72217664097937528,0.52347663431354774,0.2993231419449382
2807,0.92219375646988633,0.58980066927938024,0.51901747358197436,0.29339357528447152
2808,0.42459666157682663,0.4563033656599117,0.50106931583392711,0.28362948968726998
2809,0.71070227115469753,0.49576023850754136,0.50980605877786112,0.28744939491401927
2810,0.14833040233250941,0.12424980721719331,0.46958045277572658,0.2605552145348996
2811,0.4367154650081066,0.86074201116109039,0.5220740145341648,0.30259169450358375
2812,0.84810713531583326,0.468330347331462,0.51037952602122594,0.28641644602395772
2813,0.31527053097625035,0.41385686905911429,0.49533667207082249,0.28037535748505366
2814,0.50412972751568308,0.49445355960604503,0.50540064973407084,0.28627950784440626
2815,0.56997275279498438,0.68657646478625245,0.51784261969287948,0.29656493918721261
2816,0.31416790064567468,0.16800435205552494,0.47809916732479102,0.26490788647319335
2817,0.38290350473931761,0.86923392347254569,0.52056993826514886,0.3021824316013636
2818,0.98345437315680329,0.64613705162460688,0.52318198966564389,0.29654049371248015
2819,0.1809871111685061,0.49547662684262034,0.49565248801455875,0.28343183902638791
2820,0.49347041193154878,0.74770626166347653,0.51908358722355041,0.29885654548395924
2821,0.3675786423919839,0.86963219104091405,0.52005210049146733,0.30199318599362296
2822,0.6918783577773604,0.69744730725161497,0.52106294738906611,0.29783426177963429
2823,0.22850550716248108,0.18113818579908694,0.47660313750794253,0.26518532299093339
2824,0.8853253617953859,0.68463915774213391,0.52385009281750294,0.29812298842010976
2825,0.70333031917192279,0.7006321383144124,0.52146143422301094,0.29805079861264233
2826,0.44848280784018574,0.090984948608826374,0.4750805307017017,0.26003614992673552
2827,0.80140649710547873,0.78818411628979956,0.52785677182165214,0.30267753743134329
2828,0.13890505410811166,0.042096110725111796,0.46258518812358695,0.25446894565500661
2829,0.38853054913572271,0.94642208252270943,0.52271792577572984,0.30413482421035759
2830,0.57810174158263261,0.67378128077875599,0.51735176481020761,0.29600205709528782
2831,0.59471983402086193,0.98245108378144219,0.52991931174568152,0.30740121321279107
2832,0.95154967523004164,0.83597397962453546,0.53275145888498632,0.30551403811724381
2833,0.68211635362937817,0.5185992882204592,0.51067865408206592,0.28858386310907636
2834,0.16701984655695271,0.50580527980817713,0.4956963534920536,0.28379261185261856
2835,0.58948605175026458,0.79232801880555925,0.52365195700986411,0.30157706727027311
2836,0.62815930229948136,0.9524905869655661,0.53011540466313867,0.30706656783688369
2837,0.3295008775679511,0.93868734304948021,0.52038181304946207,0.30310580151305477
2838,0.26853381943003041,0.73709610648482349,0.51161509627941371,0.29612745675779023
2839,0.19955065469561378,0.27149104195815749,0.48220012918762845,0.27082151100641477
2840,0.53137103163694266,0.29509442082104509,0.49282669777339733,0.27460990492736143
2841,0.12987685966565041,0.52256758432401118,0.49511833195913835,0.28415061121969476
2842,0.87087804768398636,0.81068372846777792,0.53020555266329095,0.3040378174402627
2843,0.7152259895169526,0.73990173255888514,0.52375565618667641,0.29998419843718743
2844,0.18294374394450569,0.96952666158272194,0.51466848980039737,0.30106506774496544
2845,0.7154498247271287,0.049380927455669736,0.47615502113439073,0.2575824761403131
2846,0.24687093225138962,0.54435671520667384,0.50084123763579724,0.28672467295391035
2847,0.11533420156323118,0.26306858689700019,0.47853196881231208,0.26939934779433067
2848,0.47856047297116605,0.013255843275564257,0.46882275190103689,0.2540647508946976
2849,0.74808580330511321,0.88094653742754603,0.53081430345238778,0.30604872374081854
2850,0.10292498643774307,0.65852505481910206,0.5010354536079179,0.29026587114246272
2851,0.40091494565947217,0.64216548574488841,0.51109239362050096,0.29311420759972429
2852,0.2355992492418387,0.80407477237154967,0.51301227484267053,0.29815660316930898
2853,0.71786403502702012,0.12735639750069241,0.48306474923828446,0.26362708445852284
2854,0.54606946963375669,0.75440686972554549,0.52075563121406487,0.29956955835863242
2855,0.53638610791376562,0.09401403325145366,0.47711489066151469,0.26059677279792537
2856,0.80691244479696045,0.064350350124959377,0.47879424643099944,0.25893836526625658
2857,0.51132997214748754,0.17842822794275126,0.48359058145676004,0.26667603374305332
2858,0.35815102287790507,0.85827988418265022,0.51938706736486318,0.30154969212607918
2859,0.12791496251878562,0.99329182285472062,0.51225736824787216,0.30022918392523795
2860,0.83753894460130252,0.29829546461846912,0.49843952879045006,0.2759133786932304
2861,0.64267176223892031,0.93779414622137569,0.53010876734726775,0.30684122869070557
2862,0.8526059906154988,0.86118336398274409,0.53214384092213984,0.30602038219373695
2863,0.72556628870927964,0.08816823347482132,0.47978542953950598,0.26065890517976331
2864,0.2567353269880987,0.42550123773523379,0.49420436225672248,0.28049062541670639
2865,0.37829613711951537,0.23052967059427174,0.48454341714313642,0.26956299542141771
2866,0.41383971280019033,0.82440393673958023,0.52012602325271118,0.30117551794216696
2867,0.19700292560615346,0.9235957578654751,0.51449189528515926,0.30051962730799464
2868,0.20087269746583189,0.11499194949985249,0.47059328037851522,0.2603489164880195
2869,0.11068792348235147,0.28422927576851797,0.47978501022467174,0.27064737568814096
2870,0.093074540708179124,0.16895654049384176,0.47094893290281886,0.26306663388391621
2871,0.42747636025630642,0.016816014405258466,0.46810713742650439,0.2541717845355505
2872,0.55633171743861165,0.33545260449916825,0.49621086645214563,0.27728095482088178
2873,0.77131981009795569,0.59922231824897465,0.51711417820663452,0.29330184610652482
2874,0.24429960402908038,0.33699838790685172,0.48813945900801314,0.27525609218883457
2875,0.46783117552181941,0.96536602200394273,0.52579093344736938,0.30558315711539008
2876,0.013022197984403466,0.40964319828638107,0.48331797759491962,0.2764387824249358
2877,0.73093877096892101,0.46729274572766155,0.50837382537731246,0.28592481802246811
2878,0.21831508634831992,0.53339184242213378,0.49920167731784854,0.28583911492326192
2879,0.82315877522105585,0.99535168594991563,0.53571482989006514,0.30974813291454317
2880,0.38028551598360066,0.30325019764009631,0.48983635480251692,0.27426835307885244
2881,0.8423430218568887,0.49410996879969027,0.51193860087224818,0.28787055625894314
2882,0.85184628187528577,0.94359199714291608,0.5349513228572691,0.30866350761576072
2883,0.92669968632691313,0.85064006652949609,0.5330047554741808,0.30600353395512936
2884,0.45167843989931283,0.13524811187736924,0.47884425687461107,0.26332770499629493
2885,0.96841368030890596,0.86190471058447149,0.53417292905498803,0.30664810527764924
2886,0.90840523820963004,0.81242216887645191,0.530916315054203,0.30428527454240717
2887,0.65684522444180915,0.45204034107058544,0.50602805564026132,0.28472936079855837
2888,0.98404488015292457,0.50499716805397765,0.51469486547744236,0.2889277306529871
2889,0.86507208807599967,0.23213005228555994,0.49376798095063967,0.27151149434042082
2890,0.71182775375117779,0.87409092268672539,0.52978504831630835,0.30555974673134201
2891,0.30673459494762356,0.47553409109077188,0.49885569798632229,0.28372149000247532
2892,0.25429823659165995,0.55003227540402444,0.50141800598767572,0.28709542349378037
2893,0.92646733172055096,0.01241712664224906,0.4753932724646398,0.25484372919326165
2894,0.40138502195664916,0.059261534004926217,0.47131379036713489,0.25741152801622541
2895,0.75310666488049316,0.58659784046428975,0.51605503010868214,0.2925600948484558
2896,0.32886014592541618,0.63624086509464539,0.50858491148883356,0.29214553572752938
2897,0.3265266413179343,0.84221712174318974,0.51776302946308672,0.30065596376870796
2898,0.98226097568095438,0.97586241888253722,0.53829363983665157,0.31036821912746437
2899,0.15427219376995929,0.5348848872974632,0.49680972223452863,0.28510922343886147
2900,0.84090731103784644,0.20208221843318316,0.49104290161803049,0.26935097122741086
2901,0.72727909747202657,0.58471625195447119,0.51547246106215916,0.29234269124092827
2902,0.12851994791304461,0.43055584692853738,0.48977508645350831,0.27930278015574256
2903,0.86645817340103681,0.11340127676819683,0.48393800632674489,0.26286097179384205
2904,0.42622838445851813,0.38572904780717804,0.49661111036941391,0.2795891683040197
2905,0.034753937162330842,0.53820376441598639,0.49159735751320432,0.28342671300317329
2906,0.99114254546846503,0.59404660200466175,0.52026112063179031,0.29384312646254662
2907,0.04129736787088914,0.87501247056728459,0.50539013334137683,0.29612857671385084
2908,0.32538969984046417,0.90452928605122729,0.51944618729712455,0.30228908881303673
2909,0.7875139604156256,0.57165092147105601,0.51578334859690866,0.29191884464560064
2910,0.91333141323124289,0.058519434111367452,0.47958496694836533,0.25861758873601565
2911,0.24362408337568633,0.61979848147047456,0.50481377648604275,0.29041979467285023
2912,0.12649909290083453,0.39756466580248673,0.48769793379497373,0.27745882171235597
2913,0.13634537760695675,0.42222247718892758,0.4895939708729064,0.27894957694945449
2914,0.74575352881675361,0.072882435101398732,0.47872072421225037,0.25950617342982479
2915,0.55590829306716338,0.52405331653965403,0.5083855706029301,0.28820837741582733
2916,0.11995268542460399,0.010459753530996386,0.45923898747950032,0.25187931302262145
2917,0.18015775238625939,0.5515545041186618,0.49875955317622339,0.28628766649857995
2918,0.4192324418050819,0.44483629629038046,0.50021506478007194,0.28294781767378818
2919,0.25828537118722456,0.74335206134741905,0.51152250855147485,0.29626025739255696
2920,0.45512706636780642,0.68677489784498469,0.51495803482659319,0.29571477552462888
2921,0.68552852096444694,0.91024414460664849,0.53037172374199304,0.30647210749084741
2922,0.077301009729073861,0.71436456206928711,0.50245186645416162,0.29226052110476303
2923,0.49293058515287702,0.82953450465522471,0.52268141993023676,0.30218168721507327
2924,0.91083762648497946,0.65303729653569176,0.52249542898776502,0.29663703581588358
2925,0.37307719589375193,0.29051027390436507,0.4887521140256218,0.27341836762954924
2926,0.91893205529748234,0.41461927201038928,0.50786083937233484,0.28345764358817216
2927,0.58269036285855114,0.10283596758752829,0.47872760684255161,0.26141526118357855
2928,0.18344706511971309,0.94842319220524518,0.51432831639847654,0.30071656410464603
2929,0.18006415491519731,0.49825351576291727,0.49577577431490172,0.28356526702397994
2930,0.70682781260585181,0.56900520637213492,0.51416922958953315,0.29141767238207411
2931,0.86430812696301151,0.011984003153804225,0.47463255573665325,0.25474472212690108
2932,0.36038299448221223,0.14685608998824609,0.47764183187439735,0.26370134860606625
2933,0.38005476611979538,0.48927970230804058,0.5018630525565313,0.28510278908180242
2934,0.99143415827999126,0.14762263021996477,0.48839726711699943,0.26563296511213075
2935,0.67711641533161748,0.26903936185879868,0.49371122147215535,0.27350202888171432
2936,0.48841336653960171,0.42304822663840608,0.50056387924570711,0.28216464126485363
2937,0.48130769551495323,0.2563109255034593,0.48891106688958108,0.27184249465083077
2938,0.30578573272660142,0.72357933781476458,0.51227331066880488,0.29596921559948974
2939,0.29137197339335691,0.46752028727767758,0.49788910996538605,0.28314207068450892
2940,0.52342588029679604,0.78994279571099912,0.52189314968187928,0.30095705653279003
2941,0.14130103003055558,0.11887984816693935,0.46891404150989957,0.26011089992505054
2942,0.81420117814204429,0.19362449202948484,0.48998630962440048,0.26869117649509316
2943,0.68122249627442799,0.90801998122743099,0.53020303263913371,0.30637265334426383
2944,0.62265144316068621,0.70052323344791079,0.51977041427753023,0.29757479773267409
2945,0.81768039501818135,0.34930346599874318,0.50184795082230393,0.27914084279073481
2946,0.055550943002954593,0.90146967945852097,0.50674681183538028,0.29700115337765676
2947,0.26344725228754107,0.18657948745546166,0.47808148895198554,0.26582856425926715
2948,0.64152222115189073,0.28457605544110998,0.49423051375705918,0.27439805936689399
2949,0.8118399576645694,0.51600341270944339,0.51282020602040501,0.28898826145456308
2950,0.33167349953652592,0.94373681423288081,0.52057142381237609,0.30324290928701964
2951,0.68695158349775021,0.89631580004488365,0.52997087426706413,0.30607302865598501
2952,0.67951839524962709,0.018547585728962441,0.47277043806072588,0.25501189863073959
2953,0.5882304092662759,0.49856813814154594,0.50755235843883806,0.28700415517538896
2954,0.72109781301257903,0.15565794463605853,0.48549329257304935,0.26572953313524139
2955,0.25509854681721189,0.62078403845961438,0.50527796550328463,0.29060176551787353
2956,0.29905716545040489,0.31379488723074322,0.48829060039492028,0.27432537897145554
2957,0.50915564043101624,0.38309327417375755,0.49843112226162828,0.279940391682509
2958,0.30874106424452041,0.79137545923470753,0.51535821884429134,0.29876138809291708
2959,0.0062718995270901363,0.88329735726105285,0.50344182556698203,0.29537950515551364
2960,0.22310171771455792,0.033414248038607181,0.46449120457757087,0.25443867230677514
2961,0.7382879192358931,0.62162685783560157,0.51779746910114499,0.29430677821132062
2962,0.98771248442680815,0.62434935312365425,0.5219902207118492,0.29542820632921513
2963,0.7612747458180763,0.9091501528242254,0.53203973720641451,0.30703143141497802
2964,0.43004551542530534,0.53996966362862153,0.50622688729375598,0.28819975992978702
2965,0.93374127263700368,0.080341204379952985,0.48181504984980322,0.2603823126936532
2966,0.85377054868416158,0.56955264002246553,0.51675783885921134,0.2920683946282428
2967,0.23788805026843912,0.65361427397880478,0.50635764874635258,0.29195579217103956
2968,0.59975921484985162,0.62716836907110407,0.51530292487742546,0.29383912888300562
2969,0.94908764899879472,0.46114349864261456,0.51138563917519009,0.28630510614346966
2970,0.46257332074112495,0.62377002203153686,0.51180482050264908,0.2927243335758265
2971,0.60202544647866163,0.66620590714548023,0.51748733363440869,0.29578723601380835
2972,0.8093637840376352,0.16276728256066564,0.48738465189175012,0.26645128204382545
2973,0.33529616737515905,0.26621523035996358,0.48600509890414256,0.27161115553356163
2974,0.35776394680625528,0.087080727710190708,0.47267307290405108,0.25931969785375142
2975,0.45203795409401648,0.98820644127844137,0.5257408059601445,0.30583119606513032
2976,0.15635321637998567,0.28632095388484885,0.48168084562477514,0.27129866302980543
2977,0.22771269368951907,0.14498960646466585,0.47380075196852228,0.2626856424924815
2978,0.031858957978838594,0.67442911230627212,0.49832038293052844,0.28971427230609792
2979,0.33773202592368468,0.17934229455430761,0.47961006438370291,0.26584395773348674
2980,0.18893032645854402,0.63153136274641153,0.50335049606416082,0.29028939624388711
2981,0.85648755515004749,0.20655193753218046,0.49161590001318572,0.26970056456112268
2982,0.35272774231621296,0.17276594121238451,0.47949095121293545,0.26548010418958057
2983,0.76537139294176604,0.65724046329582342,0.52028962643773002,0.29623629249600958
2984,0.92168338203785249,0.042339887317374814,0.47817894640765218,0.25731529837061456
2985,0.70754934388952095,0.23167899617528312,0.49137758222729588,0.27107770053966601
2986,0.41354636448406384,0.32775527443940522,0.49239311327778229,0.27600906822124133
2987,0.083426192194398036,0.24506024683484576,0.47601006841510152,0.26788999799556951
2988,0.10918335859797662,0.7982932216410874,0.50710850976000899,0.29576085766272475
2989,0.042408545691927431,0.42446879974944751,0.48561644242510404,0.27772154924890197
2990,0.90667914545951656,0.16111456355833217,0.48853411647683481,0.26651097407010232
2991,0.51754475921388954,0.96448538551811369,0.52731195550872301,0.30616554178152816
2992,0.79374519541634947,0.89202994841608452,0.53215114792393337,0.30672620619514734
2993,0.055955621933855587,0.88498562078279208,0.50644494437649556,0.29669292412307435
2994,0.76976524815364977,0.18796294890794671,0.48888268501963167,0.26818438999558386
2995,0.78312357602418636,0.97650104050865638,0.53439998550696111,0.30899679131028435
2996,0.64724257386584072,0.5284648535532761,0.51059295735493115,0.28895087075525339
2997,0.43493110144335079,0.79791461477255221,0.51975881136371616,0.30045355277337377
2998,0.13274189451661661,0.88309676397246073,0.51052944459296434,0.2983930987230165
2999,0.94267493913510125,0.78490877545514381,0.53007023290246857,0.3031650135625989
3000,0.84746392692149386,0.26368746283248762,0.49597322841392871,0.27363232315539127
3001,0.93539152544605308,0.0031669254000182266,0.47459779362963045,0.25407236517743587
3002,0.64652466600934289,0.61766261711405823,0.51577223163948138,0.29363111543322246
3003,0.061877479942410725,0.61146892508963357,0.49673967071618469,0.28740596143713243
3004,0.6822398279025802,0.52572799513147916,0.51111479366458235,0.28897428793436092
3005,0.8752099100225722,0.62142493266536625,0.52013868942311425,0.29488216064662254
3006,0.5831631556079141,0.46530012491162637,0.50537863570276997,0.28511999404455796
3007,0.9456557900176501,0.27272349827639991,0.49797992920324413,0.27445711126529188
3008,0.65015144706553551,0.065422168344014792,0.47660032349221237,0.25871430454596012
3009,0.044368114661925938,0.26950782178329541,0.47600039629564944,0.26888617918808083
3010,0.01343477671063738,0.84212937160128498,0.50300750366026481,0.29471596803289218
3011,0.056657520302839111,0.41528510771527655,0.4857418631179875,0.27744971708317967
3012,0.45713890784765826,0.70804050232857707,0.51610800318860994,0.29673000788983445
3013,0.093608283478382515,0.34411231091617378,0.48300057109954486,0.27399009522675638
3014,0.35014852753704184,0.57426631296729902,0.50589028881158926,0.28929190488378226
3015,0.50150649681686199,0.05424070663294988,0.4729714506498845,0.25741019633398865
3016,0.80524249085319466,0.081139242628251673,0.4802854684516103,0.26026146262397593
3017,0.58586604506202278,0.78095429385682802,0.52302809588546217,0.30105806660191259
3018,0.97484815251739931,0.088457648423279175,0.48301409406841195,0.26106975692645573
3019,0.2261135461364058,0.55751592995786337,0.50082633405719257,0.28715240060544517
3020,0.52353276849373953,0.033381677847343964,0.47152072173544735,0.25582942360096272
3021,0.40639008686981398,0.36153486617301828,0.49449907690666267,0.27801666766758704
3022,0.79444778986688469,0.15029054715129317,0.48613161588925696,0.26550298815734924
3023,0.72626618036263391,0.90083584101753078,0.5310091796160169,0.30651799770166849
3024,0.20106406577479793,0.70403986810542418,0.50746642381112606,0.29379050372175791
3025,0.48692851245925994,0.18959749760270353,0.48395893670722129,0.26735197288016854
3026,0.64304959025938302,0.89916658589282306,0.52901155627399687,0.30579113345728715
3027,0.73480051277125025,0.099227695572341332,0.48089336398102528,0.26153162740640912
3028,0.12466409132423578,0.57450115057841178,0.49770848694447589,0.28665284715530032
3029,0.64218094250938151,0.52022552902108288,0.50999291048657547,0.28847691001906239
3030,0.022851398923539091,0.15461431173376042,0.46697620055029176,0.26125040957803514
3031,0.082780100418988145,0.99953394213336288,0.50986783377172218,0.29922635158947036
3032,0.77235709461219382,0.21817760828718311,0.49133962863507274,0.27032344087402221
3033,0.82084918542391394,0.37121131415559216,0.50343820246267823,0.28051984964529714
3034,0.23728249499757076,0.38691514426626966,0.49114023181736971,0.27811294248729562
3035,0.035272208030929328,0.74201561208415079,0.50134374251166769,0.29243612332076863
3036,0.60927334470689531,0.7250318528530072,0.52074996859305167,0.29865009287708427
3037,0.78748912321234832,0.53236494175830151,0.51342042169806756,0.28979668563370203
3038,0.015192345019232016,0.027294317003467586,0.45669666918117652,0.25212260454005481
3039,0.24699921001483455,0.53568188798403138,0.50035955531349074,0.28628310243423993
3040,0.64868990911805313,0.82410234341573674,0.52643426114951219,0.3033001729882443
3041,0.99822584228053468,0.31959870280391767,0.50216394211680093,0.27767424846298183
3042,0.78446329459777342,0.63817534324770098,0.51956920069496726,0.2953641057351214
3043,0.73773871557061799,0.43010214045931355,0.50607876699758281,0.28379321973476912
3044,0.27271926137920238,0.78886950909277664,0.51393198173692778,0.29819014159833779
3045,0.97644309186969191,0.010770518230402377,0.47577683051264941,0.25474716249621837
3046,0.25510611735928107,0.76148576632250342,0.51218296486545289,0.29694151806363267
3047,0.25306911622037875,0.71893301156159728,0.51018110758513002,0.29513674999682699
3048,0.87135978105413969,0.2735683058188646,0.4970605166176707,0.27435411959598344
3049,0.037471724877448286,0.40490879488998327,0.48422724614890067,0.27658506311471842
3050,0.59552949037164216,0.9331217726454023,0.52876176788551654,0.30627246544528808
3051,0.53211000196462266,0.82872355474311632,0.52373168353380495,0.30252299687297873
3052,0.18196204642840894,0.92539596870379759,0.51382356420303221,0.30026145830524648
3053,0.24214373759707669,0.53770619779092965,0.50030212142998787,0.28633265257650792
3054,0.42556902822206033,0.80720040688113082,0.51984654637113037,0.30070134896491063
3055,0.063741739793389582,0.36792198907973944,0.48319651251582696,0.27493534234672895
3056,0.25561448709793622,0.92302269202085452,0.51707492950599421,0.30157671117914314
3057,0.5782451576060732,0.87947715480484778,0.52674234025989042,0.30462172439611834
3058,0.12546163978165714,0.53273346780407016,0.49549094291501999,0.28460049252225605
3059,0.094496253456769042,0.028775896591006316,0.45990694577697316,0.25306201260860361
3060,0.052840064487361817,0.53732672594093023,0.49243984458167361,0.28369653544670514
3061,0.025404274781525602,0.49065381154752108,0.48855185784017729,0.28089094414667315
3062,0.61433580453692704,0.74597818989836373,0.5219358627765297,0.29965895757919264
3063,0.76413971279637194,0.62066819137342977,0.51821609651196343,0.29437855405316382
3064,0.043750590298452879,0.74497830039925172,0.50191374586711224,0.29271970602370168
3065,0.73378045009587656,0.28537118910489367,0.49588259619079406,0.27476719694004798
3066,0.84993076754674546,0.83680420957998136,0.53106646970492943,0.30505633930028853
3067,0.92945649632735872,0.60721159893657317,0.52014935847640853,0.29433811845356761
3068,0.037973353611084164,0.010691774062567857,0.45623358672628522,0.25111604335402349
3069,0.8807103895478533,0.22361870873869633,0.4933055427646324,0.27095144979199337
3070,0.3178567692445009,0.73056451595862171,0.5130234982643731,0.29641809388646118
3071,0.34102793729234254,0.072756415540433952,0.471047171603724,0.25815230140158757
3072,0.92011074051022301,0.97004376144419668,0.53700752211529512,0.30982627580450334
3073,0.79577218071609979,0.95988730333688443,0.53424855304164032,0.30868788011292453
3074,0.10199670105722035,0.17556714389779374,0.47178470417122886,0.26360840336053226
3075,0.049016435111488683,0.029822974001488183,0.45827788793227447,0.25268823829080167
3076,0.012758440976648126,0.65333161663078931,0.49629464059417289,0.28840171009815913
3077,0.69753079227959969,0.61943685103637403,0.51689781632810905,0.29399348797283037
3078,0.26020091631669784,0.70454272822294151,0.50973471835370421,0.29457576520573803
3079,0.30135575045385632,0.51697240324969174,0.50111824674329097,0.28587808106474327
3080,0.75967576689493144,0.82340443402255192,0.52876527773025661,0.30400197359605774
3081,0.73854001928659863,0.35557342089371524,0.50102678934533507,0.2792808841356485
3082,0.084295663868926937,0.0265477965848404,0.45934604384318406,0.25279575139666566
3083,0.21557709625976859,0.55974525748038428,0.50056054039087772,0.28713883482125396
3084,0.51699450131141345,0.41751012000619669,0.50087077682017567,0.28201327893655553
3085,0.97973228089899056,0.55254671226710783,0.51760190679152829,0.29156694931976418
3086,0.34738053585506279,0.2004069022421609,0.48147842243809086,0.26734701562470142
3087,0.25173058318825209,0.7246316097540898,0.51040927461111329,0.29537487970634813
3088,0.09871800425652183,0.90958316627059843,0.5093077330580964,0.29818383678590887
3089,0.9364234764080378,0.8563725344322739,0.53341356957997066,0.30627806564882742
3090,0.24629805494294271,0.56035328975518939,0.50170870816340352,0.28752753548728249
3091,0.70138726573336174,0.70934915309412172,0.52188440296538696,0.29845896180337705
3092,0.36068669122549474,0.18502137796330498,0.48064575630905432,0.26637632249156457
3093,0.75330443210586684,0.1283618707195972,0.48368204640240353,0.26378290822547829
3094,0.78780771874965871,0.077782466432207736,0.47974878663871678,0.25996818190572923
3095,0.44127125289289981,0.24914447912330506,0.48746513025122123,0.27115977567241506
3096,0.30521190907316054,0.27239544112306324,0.48559338396276019,0.27178572873274309
3097,0.18149176618967905,0.70852267943195768,0.50689420313038058,0.29371734732190885
3098,0.30802014066028643,0.53099096219086794,0.50213665270279351,0.28667432074005378
3099,0.72857388277532298,0.088514536458614762,0.47986053204026258,0.26069204566609538
3100,0.41797053931314732,0.73189553660588569,0.51620973494235223,0.29748603242443605
3101,0.4726620223581442,0.55245125234940784,0.50806245061829658,0.28917013175659689
3102,0.36898568427428835,0.098404489561694217,0.47389601910880785,0.26022304445681899
3103,0.71089211982548017,0.2380999842548161,0.49192916756729982,0.27152724690027125
3104,0.12817262758560247,0.28414735803738006,0.48046702411772951,0.27084923616285622
3105,0.97183135828875244,0.37578840277990094,0.50588637315253926,0.28120555575018591
3106,0.73969368774943289,0.25836141284598274,0.49394770018303058,0.27298678742592108
3107,0.75162171406171985,0.25971956746341895,0.49424039219213189,0.27311298079195223
3108,0.17724595479537966,0.054633729231299367,0.46489935376227942,0.25572768574883359
3109,0.74634498755111134,0.43323256394629134,0.50643322617004605,0.28401028266109724
3110,0.66843468254153848,0.417651148515509,0.50400906838538673,0.28277690141186379
3111,0.15453824182137615,0.55498843850431734,0.49791987411051908,0.28611865590434082
3112,0.32399498530790444,0.6067626082831179,0.50685544845448882,0.29066145988379033
3113,0.78216541627949343,0.27103792017927625,0.49557278468943011,0.27395848055953637
3114,0.9664211112147314,0.80316331948480801,0.53136572384373804,0.30410400318720276
3115,0.42476727851947071,0.28486474281857954,0.48966514338232375,0.27338507799947537
3116,0.21088790029851953,0.071796954903926236,0.46738357429535993,0.25726840823015401
3117,0.062844266705203336,0.0069791756309918133,0.45688159176020726,0.25108558806053594
3118,0.41091926709035181,0.15347847530773143,0.47939695823822226,0.26444421646822974
3119,0.35302845593119275,0.54260334113190178,0.50419276024203452,0.28769696214696089
3120,0.016272170416696465,0.22151444332624087,0.47146154131041068,0.26551042023757232
3121,0.55283610328080834,0.56350490851557111,0.51063787390907678,0.29028523123459515
3122,0.30194601280164207,0.50343987552729674,0.50035180367254373,0.28517070134889472
3123,0.86618641625243475,0.74731136516068375,0.52689136593682284,0.30107863927451778
3124,0.96052850577310889,0.56465633204645704,0.51807014433243037,0.29216875050093039
3125,0.74368266092123236,0.74100590617585693,0.5243681138718983,0.30019004254243048
3126,0.65081937025944936,0.62509652792081472,0.51627808443927403,0.29403195620793759
3127,0.78864814240596026,0.45006352668543115,0.50824595754667024,0.2851515982669155
3128,0.084975007144676068,0.44184517756755232,0.48858553857185072,0.27930525610721274
3129,0.7802430129633634,0.93976364273141377,0.53336459030521555,0.30804339474208781
3130,0.069454492488282268,0.13015676130150677,0.46709591680179263,0.26015783303938517
3131,0.27846654204441007,0.67264101157336276,0.50878540313324538,0.29332598646497288
3132,0.79237891631502422,0.51643030015354741,0.51252354746324957,0.28893755807057664
3133,0.34854710121181565,0.23283196231286277,0.48393795674806117,0.26952691082642805
3134,0.86840093819712061,0.35598475552784514,0.50307298265476041,0.27970502172706374
3135,0.93495048520056301,0.61599254707597428,0.52074244629107413,0.29481677881722362
3136,0.30401450505325339,0.098128524545405535,0.47222330171518834,0.25984070250793623
3137,0.72524230963612213,0.82937056067556847,0.52832811508629085,0.30403042050262252
3138,0.6714518430510652,0.64144412949777918,0.51761038939976522,0.2949685185886608
3139,0.06195369834288722,0.45455900549121436,0.48827900400690349,0.2796304108189307
3140,0.82102804369070803,0.0074213095110491857,0.47366408881732991,0.25431204066903673
3141,0.46084990810636667,0.41068211440228625,0.4991020774267253,0.28127602004684038
3142,0.12620480167354692,0.013860004925832619,0.45974624061901287,0.25219635397415696
3143,0.33576351119311298,0.56402976365535296,0.50487737089776374,0.28863812451122828
3144,0.84407723608018137,0.68775060282180789,0.52334247053965866,0.29810535695513063
3145,0.95008264015390309,0.93184863887921676,0.53643296826881637,0.30894849697269955
3146,0.16184478088110918,0.14416066550501855,0.47159364477578469,0.2620717043013665
3147,0.66759685996699858,0.81976347880406542,0.52667522056246718,0.30326378632893264
3148,0.42968048157485905,0.41072064676702724,0.4983235765648904,0.28107299692491627
3149,0.37964256757887782,0.83722101102174495,0.51945760008093533,0.3011919524700209
3150,0.89264059096864667,0.82028197518220403,0.53104346229040666,0.30456733658225649
3151,0.1573905125151272,0.36587367580718128,0.48693837174899779,0.27604147079048968
3152,0.67874665614956764,0.16731024689365878,0.48577713232928538,0.26646355830337365
3153,0.75442993112624401,0.60255200296192202,0.5170037070336756,0.29339921040196537
3154,0.97450980038914137,0.29330490911781087,0.49990699237111058,0.27589398201527932
3155,0.92457154275291842,0.88130601502474171,0.53422085058228852,0.30715120497459353
3156,0.14499116506051507,0.96333290094080148,0.51268788645342733,0.30016122496023095
3157,0.34651131849127126,0.098911895090050536,0.47338576011785283,0.26014192972830086
3158,0.9143370671058656,0.95380853180914427,0.53644759556783705,0.30935801176640154
3159,0.78379361590865304,0.39070923526961121,0.50420292179239889,0.2815997816003824
3160,0.6878385075908271,0.59660875395861224,0.51540803855195394,0.29277025747116542
3161,0.026145808207464871,0.36578449563117466,0.48132527563740662,0.27424259629169889
3162,0.12069118394599064,0.14269465150058969,0.47001870705459387,0.26157400617466248
3163,0.56793610058961208,0.19302401267021196,0.48587251448254137,0.26792709510624174
3164,0.55368736752955017,0.72783573403827617,0.51959846781690755,0.29840102597311208
3165,0.80423949646112747,0.2888122119564912,0.49724190142350971,0.27520008032069287
3166,0.63970948288830698,0.23502984599025223,0.49047379886600512,0.27108686250732345
3167,0.21982782995490127,0.55914748831066541,0.50068519434428249,0.28715982664949236
3168,0.69493860048142964,0.30758681618628331,0.49686196786876186,0.27608633512026642
3169,0.03623529581889743,0.022869876376132015,0.45718950544649212,0.2520253114738214
3170,0.69137792623863792,0.4881091992929229,0.50896989008560967,0.28693504066065056
3171,0.38755188325430501,0.97409437349728545,0.5232503817739993,0.30467354020190363
3172,0.15977703216095687,0.60814679935424354,0.50096043479840857,0.28877979021668121
3173,0.42110704159253515,0.51835047397558809,0.50472342482581845,0.28698805998828048
3174,0.61911228575595889,0.4921465316583985,0.50780415896058684,0.28681282084966075
3175,0.55270031401071473,0.024335071483103096,0.47122765832898872,0.25518681262192289
3176,0.86176992006405495,0.047538185890868771,0.47795205935111917,0.25766766302485539
3177,0.16770218023542549,0.56961663820425745,0.49924446494156843,0.28702016920622347
3178,0.78352832219387647,0.14619411019553663,0.48563170459036475,0.26517704224489802
3179,0.56215165463915329,0.83985286136515214,0.52494675922771827,0.30318516442908566
3180,0.13261156149228337,0.39554363358429401,0.48782088523870154,0.27742402049374698
3181,0.89886804886307803,0.025528149585647045,0.47633163531391359,0.25590893187087871
3182,0.46049142934276027,0.10155795043815161,0.47623324264942901,0.26088087426511219
3183,0.49663684422558874,0.96815486759716884,0.52675633192449534,0.30599611056259934
3184,0.64545273204214182,0.33529928418424682,0.49795751889659134,0.27766428668050869
3185,0.027647590621502606,0.60619970628620368,0.49475637979806153,0.28654222331035462
3186,0.50907806096953567,0.20918241330761231,0.48595203601290632,0.26880532407049762
3187,0.89548747552557628,0.80378444320877318,0.53027160236178161,0.30383480652536149
3188,0.23824109420572642,0.17074290457629832,0.47611471127994448,0.26455347501220455
3189,0.79717239906111503,0.024050374772388021,0.47493823700814847,0.25566133125168944
3190,0.60240798680271257,0.10929809349250282,0.47963071584652484,0.26196308310872429
3191,0.45597296605579324,0.51822962209469403,0.50563438647744818,0.28724047322557555
3192,0.64672221493202964,0.27437129239748465,0.49357058464020148,0.27374729722059893
3193,0.81334262978107441,0.38259967960623326,0.50411292735928881,0.28119945673254348
3194,0.42577843881609151,0.42624177013390002,0.49921508117318086,0.28193907705525656
3195,0.80836735549258298,0.49693175461570499,0.51157181397783424,0.28790825235738476
3196,0.55700003502106998,0.095614451754663612,0.47763917676664114,0.2607866010038869
3197,0.63813708832381522,0.50018952952480178,0.50868693014574673,0.28735554748821451
3198,0.04354966719154036,0.70782529358874313,0.50044707522800769,0.29134962034165118
3199,0.98593318624108806,0.39950800756121757,0.50772451237915228,0.2827067936955186
3200,0.52904382289763308,0.76831665044851838,0.52102267459206997,0.30007156686377429
3201,0.53203478096913315,0.75721767209757818,0.520547545690487,0.29959204451569954
3202,0.034576896581996697,0.035383560323307757,0.45816334380687418,0.25294931402786597
3203,0.12744799468385756,0.73205236312312771,0.50560152864225527,0.29385242591955191
3204,0.46991379107785181,0.0096811957692843863,0.46832341749305911,0.25374563835212166
3205,0.5598465236225515,0.19871957776219354,0.48616418999670258,0.2682934735484131
3206,0.70117472894928656,0.063821967116848108,0.47725157211047475,0.25870261629079311
3207,0.10698394868668402,0.80056917933045191,0.50706756183514567,0.29578305797108573
3208,0.73504123237897878,0.7121784172441229,0.5226933515453871,0.29877528243520696
3209,0.24974754046838499,0.55945066141890132,0.50178076112720005,0.28752092188211181
3210,0.1140852924758452,0.67595936570748461,0.50240136965339299,0.29123577564206071
3211,0.67479643874246398,0.072976175893505579,0.47766527534888858,0.25936445620083703
3212,0.033469833933457267,0.82518138258591067,0.50378189065795775,0.2948175418367836
3213,0.4606394002099638,0.87247052821993132,0.52318154501610892,0.30320962223313985
3214,0.3387900827114354,0.28897626021056205,0.48771548015054816,0.27308379964373242
3215,0.30416894142519452,0.0042213080695015382,0.46411499423034858,0.25261345964445286
3216,0.30858232593870494,0.16610138499356109,0.47779849210710174,0.26473894902102657
3217,0.13970316144676181,0.25074583913880638,0.47861410277164645,0.26890288604260371
3218,0.31159911608000984,0.73463089296472028,0.51301182094340003,0.29653084582630551
3219,0.095629491375188808,0.21322172801961425,0.47426833494233578,0.26601014132338624
3220,0.43425873275821797,0.73793177322918779,0.51697807311942068,0.29790822529567984
3221,0.20193717855958968,0.27054450027205751,0.48221590659612829,0.27078517475476332
3222,0.089644100099394566,0.60518862250576499,0.49773939253381039,0.28757899248544871
3223,0.0014217464093468151,0.49160208303156544,0.48737752571199972,0.28050711795585193
3224,0.080418256435648067,0.13595184885613854,0.4679725161196796,0.26068120770394804
3225,0.28369717398626965,0.23194516059305753,0.48205547606241506,0.26900987338455351
3226,0.72127708381443523,0.47262000649544644,0.50854114215694679,0.28618897228644757
3227,0.53744224539409624,0.40182669174781771,0.50030412001403224,0.28120854333168599
3228,0.76185529886552839,0.99848344609685014,0.53444365668272031,0.3093216064352895
3229,0.63270286345436477,0.18077903187650957,0.48608702034375428,0.26728974514972431
3230,0.16090834896861345,0.93339433686834528,0.51296044192420054,0.29998471314026987
3231,0.54994682004455253,0.071454874333657797,0.47540895129506855,0.25891008499308255
3232,0.32590998527448395,0.6200709258609568,0.50763149107958649,0.29133226682161628
3233,0.89787335424487247,0.34904146045019152,0.50299504370652104,0.27934353205406948
3234,0.3234440486655687,0.59762581290487438,0.50634290855596276,0.29020498757476598
3235,0.30836882749722572,0.35100240213045619,0.49107036534434645,0.27665469179013441
3236,0.031418370838800912,0.64247901474524993,0.49675241044725232,0.28827692650154768
3237,0.82333076821443396,0.30571476285128157,0.49877986053827383,0.27636140864807507
3238,0.76846014924322958,0.057101988059317231,0.47761428263587558,0.25829692809334193
3239,0.13593550665260992,0.41158777835356308,0.48893467006140268,0.27835878388750851
3240,0.29794434451904378,0.71150182928665306,0.51140951061324891,0.29533435886326226
3241,0.46072158958966614,0.17383567259766861,0.48214833042770316,0.2661281430652413
3242,0.82026425015811111,0.39791635575991824,0.50527172941173082,0.28215674025062726
3243,0.16156942165925867,0.90521749397000528,0.51243384488988175,0.29945199907497494
3244,0.40645338343734622,0.98419944139084559,0.52411338424835174,0.30513305639726584
3245,0.45106615871827815,0.56062419267460939,0.50797431045262109,0.28943675996553181
3246,0.0039141253344598228,0.27364526081642837,0.47440388990504556,0.26853922551673592
3247,0.95303526962782492,0.042889568788011097,0.47858321729830766,0.25739207882965548
3248,0.5196203014009283,0.72666911625441866,0.51869780358494733,0.29809510287627516
3249,0.040429110469797164,0.30283261796702865,0.47802021102224718,0.27083239689335242
3250,0.95015951304492774,0.47175140801792731,0.51209357730526128,0.2869258757694052
3251,0.10167372360731243,0.90504301958141153,0.5093782880303207,0.29816508018994059
3252,0.6185610008037068,0.58162103484628025,0.51313421481451837,0.29162097799498748
3253,0.70327503926925128,0.19396865280071507,0.48833523324357342,0.2684379104434354
3254,0.58917814808151459,0.80190940303396208,0.52407814631986693,0.30197337121575674
3255,0.71978914105015579,0.79737096652270989,0.52675249189705453,0.30265401917738238
3256,0.11298299820650136,0.31349586601563495,0.48182076649758415,0.27244018590352342
3257,0.26007100336676231,0.82176406399578561,0.51458407695029962,0.29908406610625954
3258,0.43454669064161139,0.59124693305351539,0.50926188898656477,0.2908760171046843
3259,0.0037395334640867076,0.91277750609904762,0.5038202894072219,0.29583844186232455
3260,0.36456120176672707,0.66177202227524257,0.51104272521189731,0.2937199653378334
3261,0.78549256837501902,0.2796606613231008,0.49627299945149711,0.27454231335556584
3262,0.63575144738574751,0.74526437437302673,0.52237458561894368,0.29976394814286106
3263,0.32331204538397729,0.29590338590355825,0.48776430349667338,0.27340506820044552
3264,0.58237905988354477,0.28491843006588752,0.49313240787179136,0.2741834571698305
3265,0.42234075617777417,0.63182934966353932,0.5111483664407821,0.29279558182604665
3266,0.12034972038163105,0.1122652279601549,0.46764728177486625,0.25944255780443959
3267,0.65234475910518086,0.8229414985296899,0.52646857842807848,0.30328136525703764
3268,0.16530895777972182,0.18674381246961422,0.47493449433398249,0.26500578703792343
3269,0.34139058134750233,0.68202930710931542,0.51136358629827205,0.29444477815508707
3270,0.48727341663165719,0.4776869059864548,0.50397029224263756,0.28524726628619057
3271,0.28911321208887969,0.24780551207259999,0.48336606425410589,0.2700847666959964
3272,0.89414099927205826,0.96413826492271626,0.53635422170841396,0.30950079957554039
3273,0.89878423928789564,0.20736811743545114,0.49224208416293752,0.26984236890077457
3274,0.92116820145189993,0.50671178797961913,0.51392411291914208,0.28884078386312378
3275,0.26285313278007089,0.54385903542317693,0.50136916201812054,0.28687443535379997
3276,0.76143074230140784,0.70335591968669331,0.52272318624697223,0.29848494087925825
3277,0.27239012767592213,0.33427323613459015,0.48885803420621904,0.27534653230881156
3278,0.89470070414385994,0.81220832155832323,0.53068067210885406,0.30421506898147593
3279,0.40021428032916739,0.63427506203820228,0.51065079539307856,0.29272437647244209
3280,0.38054017686716979,0.56105736226913294,0.50605249066963065,0.28889051047683628
3281,0.65070200751275997,0.36997399081034821,0.50046722726150683,0.27983554700683744
3282,0.56477529772670243,0.32915391199596922,0.49594522058750606,0.27692765882806103
3283,0.62371269020607001,0.62574594559854602,0.5157441990213929,0.29391032693798685
3284,0.26848720361726591,0.88661196783174534,0.5167685299376531,0.30097789879482656
3285,0.69365752736447606,0.59074670578025978,0.51518381213719899,0.29249506779396334
3286,0.30447008141992848,0.62482245112314128,0.50718662173770002,0.29134234355697869
3287,0.93658900093414132,0.28666828121294968,0.49892505937063192,0.27537477693355666
3288,0.80299238709578058,0.8992010739198304,0.53258391550786333,0.30701866039344156
3289,0.61557182695887758,0.62752562757710695,0.5156681385071642,0.29395208854439414
3290,0.35402643887855817,0.98262179984945108,0.52218061987483455,0.30433113318152533
3291,0.31548477072048697,0.19288761686085493,0.48004860019831275,0.26662807350638462
3292,0.15171169819595526,0.7233708370326204,0.50631997168731313,0.29390538041460601
3293,0.4162352948881104,0.16324682049985278,0.48029977652353512,0.26516416865525527
3294,0.6287526504695532,0.89177037870859499,0.5284274728248668,0.30544846342681109
3295,0.9173144003826077,0.17576589237746085,0.4898908139061765,0.26760283949740088
3296,0.41426427578647856,0.44510671008181524,0.50010065811184934,0.28292715226348647
3297,0.83077391441926596,0.57364287834808925,0.51662910688920605,0.29219953232972729
3298,0.25369151697264752,0.48649285167054046,0.49776740179892914,0.28378590613315346
3299,0.89622100062459942,0.76283187699232957,0.52819409475276546,0.30194065437137546
3300,0.47726161319034871,0.60535964417996591,0.51117490243581576,0.29191697445551235
3301,0.7752989589069853,0.94444075512998971,0.5333901862026218,0.30813162604083072
3302,0.1408893923943513,0.4950007444448653,0.49403199460005076,0.28288979588416246
3303,0.8949699234171421,0.13438205126578689,0.48611571214704152,0.2644995690018288
3304,0.28646207513931443,0.66503801055221123,0.50867463402291957,0.29306167224773888
3305,0.71683736911286833,0.3742067250953871,0.50195123329216529,0.28035535153715624
3306,0.71132247750345856,0.10210948787537637,0.48079260560898046,0.26170117030662077
3307,0.10146093526094919,0.968841990323423,0.51047575082851615,0.29925209129009606
3308,0.45211597717554541,0.036412589863303584,0.47039098202410645,0.2558294896702315
3309,0.17811643673713554,0.62969250860869652,0.50282347856238763,0.29005630732896298
3310,0.39399603317362492,0.6655144127135747,0.51212181193456452,0.29417400811096289
3311,0.46536327053775317,0.080961082568427087,0.47457887685664985,0.25934397457392755
3312,0.22622557976372773,0.018619603835430463,0.4632928300687757,0.25330663749450383
3313,0.90451387033791986,0.49939400488169633,0.51321829936836305,0.28837518064070661
3314,0.70639162785633236,0.043796256896166598,0.47551057670275337,0.25711653424482356
3315,0.73446421057203559,0.50425118957367954,0.51076486370853447,0.28802555960067683
3316,0.35912879488450711,0.7609081682964578,0.51581359549411365,0.2981868045638259
3317,0.27889492589955922,0.72434945523223149,0.51137774976650474,0.29569320937543447
3318,0.9862641965162825,0.72543373349466134,0.52760917580829081,0.30050693869940459
3319,0.26980713822984836,0.36169767157115279,0.49058526690660065,0.27695592321591606
3320,0.18962015870251928,0.25777929952495032,0.4809022036486516,0.26986194214461906
3321,0.80496278232248741,0.18680381906601834,0.48930104482177089,0.26818284749413657
3322,0.58688341561962154,0.39510777988523477,0.50091165974377427,0.28106473839625806
3323,0.31433598084264669,0.53802984095237916,0.5027389353613485,0.28710020064381159
3324,0.39322821835082722,0.29539055708489614,0.48962133044006823,0.27385889881923769
3325,0.63691736887107842,0.72000724629933255,0.52110033777062958,0.29858911166286678
3326,0.87603215588441818,0.62523744196427289,0.52037062877536477,0.29508237455693914
3327,0.82589129500215652,0.54607849434966926,0.51489480866301962,0.29069525470739743
3328,0.92252106500860542,0.88354308040122276,0.53427001632383553,0.30721908816515875
3329,0.44982839643844641,0.37344137792525578,0.49638869979401407,0.27901205367570159
3330,0.10236573435537284,0.10121647685415811,0.46611609425619421,0.25847824748879999
3331,0.022631735686410685,0.93309183180226252,0.50533782283602546,0.29669155347660703
3332,0.85342885665249779,0.8460493771438139,0.53153167509169663,0.30544518518797514
3333,0.81876233210096838,0.58707800083839112,0.51722340048209869,0.29286509728851823
3334,0.45689491462927545,0.086309865961025939,0.47486050828510218,0.25971702247495121
3335,0.4366598416914349,0.89502041999230864,0.52308346259803828,0.30355281788900768
3336,0.65732183360717023,0.26895717635903277,0.49335732005359112,0.27342758333305567
3337,0.55954846106347389,0.31243975846456595,0.49465633871868125,0.27584949544705528
3338,0.058378718378010674,0.48978525369869313,0.49010597395044714,0.28140161984743134
3339,0.51801636842206356,0.71766829683264954,0.5181980164465223,0.29766430444318809
3340,0.41170580466386164,0.92578437088018983,0.52304980491610031,0.30399546836634134
3341,0.66428600029634544,0.83830668736040825,0.52737143031342981,0.30395306960472429
3342,0.97586928211374913,0.94218339577011068,0.53720674459832085,0.3094034624041595
3343,0.043858538257761391,0.40155886713705258,0.48432929016782722,0.27650334746670024
3344,0.15041393500968117,0.55925075864180696,0.49798101274421269,0.28627316867493791
3345,0.72659428065464604,0.20439354443853955,0.4895405313300189,0.26923773445811966
3346,0.20485431931087514,0.47874379042541843,0.49558287229657128,0.28283573081734004
3347,0.44708001943348208,0.95252704139120181,0.52484117044991996,0.30504944164409309
3348,0.84485766043375488,0.76808221429277912,0.5276047897281847,0.30195842420894126
3349,0.38129126971935623,0.95087953028691707,0.52255571404437362,0.30412478082454125
3350,0.020763178460474593,0.4004910834852024,0.48315891037545022,0.27607269883100799
3351,0.86454376723814064,0.45388764574368257,0.50969078810795998,0.28563099473226405
3352,0.68938758163036551,0.36065746616875988,0.50053212347685405,0.27941746367451087
3353,0.99863510153152746,0.34128890039391119,0.50375853423598371,0.27907967409697915
3354,0.49963376997533493,0.15497723029890331,0.4814695581587547,0.26495934801137672
3355,0.63249742231868444,0.48305498724182838,0.50751128165136383,0.28637322000052456
3356,0.46566983699257253,0.25064660953540591,0.48814012490089759,0.27138882885094562
3357,0.91133787546585088,0.91898486299108484,0.53532288424786711,0.30832734648000043
3358,0.79152890032680012,0.97179718391030323,0.53446555706393117,0.30895047228090639
3359,0.50238481263328583,0.091000876863126176,0.4761950841412449,0.26024824320065343
3360,0.68205767186632149,0.77571587914481066,0.52490331542935653,0.30145089045457762
3361,0.42867390485791257,0.036116127742652319,0.46987181392784783,0.25571634521440856
3362,0.77204688384147591,0.35999689655237604,0.5018874292060781,0.27966925293506056
3363,0.99256218425236875,0.5112139943898073,0.51520391972651203,0.28930334811070857
3364,0.54718402267365018,0.25994696383971022,0.49058641000624642,0.27239391744168034
3365,0.44194008991807932,0.32158190426925432,0.49267017934451418,0.27580260784486671
3366,0.89501323662194188,0.085233785568841272,0.48179754146168147,0.26071859627170391
3367,0.43820811192853149,0.45790578438666418,0.50152257582485649,0.28381566439635364
3368,0.33077792098297509,0.16045522483423119,0.47795524005963974,0.26448653389627935
3369,0.9334167554537649,0.1622982582992292,0.48896314387769002,0.26664128808033338
3370,0.84654207194078479,0.12062973669330822,0.48430983379542764,0.26337946886922625
3371,0.97162519276893,0.60704343318192988,0.52075350122386832,0.29446989326980882
3372,0.23619323072744303,0.61832048388248084,0.50446522280752448,0.29025997657658015
3373,0.30646140943096251,0.57209833551467171,0.50439705611669139,0.28876048122838283
3374,0.91207769352424661,0.46413696072309979,0.51106064159591247,0.28637395107769303
3375,0.90557198026225671,0.98326775611481865,0.53707886131029348,0.3100615151933821
3376,0.24149051326663468,0.9453096108764294,0.51691961708639045,0.30176782631188109
3377,0.089294045228359764,0.65896130925755714,0.50042206201736883,0.29005928435396844
3378,0.049272328825260052,0.426881032412115,0.48608168731734519,0.27796017095140313
3379,0.10827130503301742,0.68282639229340714,0.50246993743066226,0.29144916560027539
3380,0.40368513187236388,0.74138880658458228,0.51626160554935396,0.29778376116128491
3381,0.31217943695666039,0.23095085855062353,0.48280253091282122,0.26915409737024476
3382,0.4695927003108547,0.46354185715870699,0.50266411137216926,0.2843445182617122
3383,0.78936849356916494,0.17546367087984691,0.48814995424149343,0.26733153678420746
3384,0.54044519540470792,0.52596722791279904,0.50814786821605729,0.28821752535304096
3385,0.64483299445788145,0.1014008187993546,0.47967556698323116,0.2614842649591006
3386,0.46559860575698553,0.95223950788223888,0.52543365157040001,0.30527776339445534
3387,0.93972989924118167,0.60507622884329182,0.52017655075697466,0.29426095821249337
3388,0.13956858260118171,0.89893770262607142,0.51121603879655753,0.29887025995106375
3389,0.91271050268508269,0.64074629408562322,0.52182881384016344,0.29601735562144171
3390,0.57559030026091496,0.080012076347216507,0.47662452867722899,0.25965021784970388
3391,0.73875663947012515,0.58570085311845177,0.51574172866564549,0.29244769572400336
3392,0.56801615438003794,0.0027965360824367962,0.46949742292329766,0.25346708635325238
3393,0.82700513198407144,0.4615485154881957,0.50961070626758986,0.28595320981563477
3394,0.93083497430804429,0.62893090177004929,0.52142835114947839,0.29547461698599714
3395,0.58163171139807679,0.84119348215895018,0.52549780381257294,0.30340148929626298
3396,0.95720407075594416,0.5018454731461709,0.51412676172231864,0.28867292808771255
3397,0.70149656927654291,0.96808943667084679,0.53232578116436646,0.30811334080316749
3398,0.62527453574781544,0.55889749692535262,0.5119538472625994,0.29046584849202706
3399,0.83353939401445676,0.49601785695716971,0.51192006901911735,0.2879476216614878
3400,0.5248150217552553,0.72572894687169465,0.51878061286732702,0.29809081025661321
3401,0.21092474884117257,0.40553855507957054,0.49139591994371323,0.27889928826506083
3402,0.86132331639780901,0.53040211113680846,0.51450225287251039,0.28996564645089934
3403,0.15198554390206701,0.094382554978493141,0.46733564323716847,0.25845473329202517
3404,0.79307766577977457,0.93341112610035348,0.53345409405721866,0.30796467186489207
3405,0.085846795508323706,0.32332673486267455,0.48134071686412377,0.27267426816806717
3406,0.22396930154700531,0.70258235137091252,0.50828843596357809,0.29403094870890578
3407,0.25869289471009976,0.50300655194675781,0.49889978556779319,0.28471260894959288
3408,0.14609677775675664,0.31740710427454905,0.48337470856953091,0.27306770620117321
3409,0.093494003427971623,0.63373279536204652,0.49936576079120526,0.28897472609906172
3410,0.97703771434273812,0.82706188494680688,0.53272439453821063,0.30523417838616002
3411,0.33763339359549571,0.74478748587580634,0.51436752999645508,0.29726650526069359
3412,0.22106528090214125,0.16757055032056523,0.47533803695097665,0.26419850882329066
3413,0.20827015539970017,0.47755830927275822,0.49563892703811585,0.28281205103506951
3414,0.10258860931413948,0.79545085405722493,0.50668815480357088,0.29554450758034073
3415,0.58719903076660129,0.65269661369469256,0.51642391691603462,0.29503074933630657
3416,0.6414698695103056,0.36785279281610855,0.50014746269493826,0.27966681426510748
3417,0.21490646193783033,0.22864390463578749,0.47967947799404081,0.26822797378124591
3418,0.29602073832693282,0.84542470266806202,0.51672403721667559,0.30031865310731554
3419,0.44447145256489751,0.35680169048035748,0.49514235769985548,0.27797830868771245
3420,0.20244204305944732,0.89512945576073832,0.51413124458055814,0.30002910603492688
3421,0.47382083607999376,0.60633187684145529,0.51114007611124912,0.29194013112303824
3422,0.67288834151941124,0.56024718937427975,0.51299811847435928,0.29078677346621523
3423,0.19507760848609032,0.29692305900553473,0.48379047969131234,0.27235340520973705
3424,0.33969699730715947,0.058968381203094035,0.4698325409045721,0.25709387293130187
3425,0.74738066366518618,0.73734630603779816,0.52424901784559907,0.30003709887981617
3426,0.87624673512965678,0.18831238295532529,0.49039982277811722,0.26843796976808304
3427,0.007715150761057157,0.59354886419872055,0.4930721751774006,0.28557213388835678
3428,0.51555059987331053,0.83393421671503465,0.52347777677627083,0.30255274251484765
3429,0.47611478432723092,0.63089591227386843,0.51254742369596396,0.29318105635376224
3430,0.78147246802317683,0.67563565531439385,0.52159236472509019,0.29722643366333878
3431,0.8368464521860588,0.052294960885972248,0.47808000959223834,0.25801824012914953
3432,0.79400325078220346,0.69918119071134133,0.52309301848033629,0.29843991715149237
3433,0.6484330255042412,0.51315951812627025,0.5096882820184746,0.28812182668331143
3434,0.26302783566300059,0.72885957062084927,0.51102653011400123,0.29570195454262604
3435,0.26640326800543118,0.47456967280890094,0.49749349975362772,0.28327831851018137
3436,0.98674076372523556,0.82333029579884609,0.53268807816928299,0.30510601623443745
3437,0.16653155620872276,0.2117276752452017,0.47681157372922972,0.26667174416577116
3438,0.84414828763507543,0.84799277179884969,0.53144455408869229,0.30547019435354039
3439,0.35981264791070716,0.68560347615206851,0.51212619354987587,0.2947967595961456
3440,0.43782075752973326,0.49355184539210756,0.50369045037840288,0.28577811057153041
3441,0.21215653731295606,0.0019641091519384643,0.4614131197825822,0.25189961710977549
3442,0.635188505620358,0.96352066717614659,0.53056601769723022,0.30739322954520043
3443,0.90713812884251821,0.80456860229995808,0.53050185052997556,0.30392171740601237
3444,0.26796487986418654,0.36149582929370233,0.49051345709124428,0.27692734557347065
3445,0.51063340432225968,0.84345431632845436,0.52368779646197305,0.30282992219509464
3446,0.014190022573189345,0.72189439723432292,0.49941865775482375,0.29126605113168097
3447,0.91658592802273353,0.46578381778950573,0.5112326832034817,0.28648301621907774
3448,0.93318260972473077,0.19319675661496585,0.49152517262979123,0.26889180065988799
3449,0.3378848335318384,0.031711396039451938,0.46740763180855222,0.25496763915630505
3450,0.27482938727306899,0.2271906454830547,0.4814452044899486,0.26862972913415095
3451,0.11823645631879336,0.83797094019042573,0.50869951838090477,0.29703073423253235
3452,0.29943596501151332,0.96459736145896602,0.51971842665622248,0.30313080525383884
3453,0.38652392959775173,0.40327146529842867,0.49670650543136885,0.2803364033012134
3454,0.10224090676013148,0.49890214050476206,0.49261141894007698,0.28254620083975757
3455,0.82551698781788585,0.8613609473027406,0.53164324070565305,0.30586964662359989
3456,0.5845607645752724,0.0040152025077841245,0.4698940316782218,0.2536085957208809
3457,0.34687768515633655,0.014494928589893971,0.46608817787953788,0.25364572683927944
3458,0.83829388358026047,0.0091352355851908214,0.47404333039140367,0.25447652110638636
3459,0.55689108633747098,0.64195927363660887,0.51514219210803469,0.29430347239203636
3460,0.99696651230115674,0.48857698322528742,0.51381669669902297,0.28802498094003187
3461,0.65362204060194784,0.54834442575090803,0.51191071871241589,0.29005437082718655
3462,0.42659718653556195,0.2239726456264616,0.48524047029745249,0.2694038156930687
3463,0.56205434476443339,0.22024327099473451,0.48788081388585897,0.26978714456661013
3464,0.84372976466560501,0.55127891359067294,0.51549865503384307,0.29104499000386963
3465,0.79490659058411839,0.62943558783949127,0.51925929020963224,0.2949653389055728
3466,0.82921593254666082,0.18917859520461644,0.48983555825336672,0.26840571043583961
3467,0.91951562407173926,0.46362525098185287,0.51113366646785519,0.28636599961347986
3468,0.61764203805144646,0.16696027848691447,0.48470384562315388,0.26625341093571619
3469,0.25035747528468494,0.60972561358042299,0.50452408029105533,0.29001235630272332
3470,0.18029026398401476,0.0081001476941513825,0.46099794649175213,0.2521666763911326
3471,0.92760628681109525,0.48138146970280216,0.51240085619215237,0.28741731023484995
3472,0.73010280270419325,0.42281741790323285,0.5054647962527794,0.28333385062119587
3473,0.70873414728537898,0.75014053225027166,0.52415302153518373,0.30042679722127802
3474,0.88011768667056456,0.41005543368436631,0.50699730559084444,0.28307319082222299
3475,0.43924727965820348,0.66591480832068484,0.51343272308323284,0.29458929423312946
3476,0.49658364027309004,0.0068374882765696388,0.46857916932369253,0.25359938724877418
3477,0.6540765407896485,0.56992086869439817,0.51319078548095554,0.29120189471138347
3478,0.6478414603444631,0.24541457544775913,0.4914128919643217,0.27181908942674959
3479,0.029602836206101348,0.16764809323198862,0.46822843857503538,0.26220834166622486
3480,0.072787164466630208,0.34329169347999849,0.48205583808652197,0.27365902728162916
3481,0.29331306405639046,0.89861992295352977,0.51806144818454913,0.30165918953412668
3482,0.40800792652493112,0.25148729212592591,0.48683665836601014,0.27112505612582266
3483,0.71027312191954117,0.12680639998739351,0.48290109787185753,0.26356780355956327
3484,0.53551177113981685,0.48451113388984235,0.50552456940140211,0.28592563425455397
3485,0.94933356434797167,0.0667138490982703,0.48075147693868103,0.25931586990070798
3486,0.66894666547187376,0.63755587983642481,0.51734394424281449,0.29475981347534252
3487,0.7712743125372683,0.037720885689661379,0.4758707542098094,0.25674049693917017
3488,0.8866251594914939,0.0013150485511519948,0.47386762701247387,0.25387122887342384
3489,0.46843358449906813,0.33787464022986824,0.49442930199173374,0.27696673682565798
3490,0.64193852060794598,0.89308898054052843,0.52879481217515367,0.30560224919137513
3491,0.50316462243004934,0.7992217760000494,0.52175890539812175,0.30115582281949715
3492,0.13327893186862347,0.37540515293629145,0.48659886075774944,0.27629616360208514
3493,0.27032237494018629,0.99037047922814969,0.51896602200226849,0.30307599963130688
3494,0.14348186372717611,0.72452374303451506,0.50600675244699356,0.29382029533677773
3495,0.016457394648564515,0.078706397317966914,0.46090771790252821,0.25590950461520628
3496,0.58320811782545645,0.75370799545693445,0.52161206455562892,0.29980450375600187
3497,0.12080461052452447,0.94162590642260624,0.5110705335785618,0.29926333461363919
3498,0.34051886530892228,0.084491384341090464,0.47202844639058494,0.25903440093614394
3499,0.039106762630061714,0.24283589110871545,0.47396125807847883,0.2671694247744531
3500,0.13543502689279852,0.90966629231780538,0.51122820288734494,0.29899806787322686
3501,0.35487730570960557,0.13883017000536202,0.4768602793763726,0.26309694960118929
3502,0.80076183874270657,0.089262851011881139,0.48094893505512737,0.26088828850111861
3503,0.88867403747831708,0.31652872807657112,0.5005104472734998,0.27723338593870528
3504,0.96718295789173581,0.76637251947183405,0.52948952841855679,0.3023943789548485
3505,0.28869945354348747,0.90845587960424612,0.51811205847502473,0.30181216637482283
3506,0.55073527508944975,0.33903054217001194,0.49634257269588378,0.27747625361863104
3507,0.39672681740446714,0.57551406046723719,0.50733136309644145,0.28976746101350798
3508,0.64137490004553699,0.14847919137390564,0.48360096722485857,0.26498738909433389
3509,0.39781112927746731,0.93674007692848105,0.52282808952336746,0.3040550953145188
3510,0.71374555424222486,0.20976654028088088,0.48976185035357234,0.26957840827653123
3511,0.75203357496979883,0.90690057345676478,0.5317687763107577,0.30689539197060323
3512,0.51215118101792179,0.544209071400098,0.5085594740391578,0.2890089675256447
3513,0.97353615495426349,0.9201403514711769,0.53645605185943934,0.30872037881574232
3514,0.33889483288516059,0.18974822915144032,0.48044131547673441,0.26656666315587452
3515,0.8900532002453343,0.076293183671904269,0.48093127961137971,0.26000702392172353
3516,0.094816192701517144,0.36446466592672511,0.4843347641895,0.27517494306855722
3517,0.84034292680915679,0.20727297035699013,0.49145266844055069,0.2697174430276566
3518,0.0061766053531202491,0.36422250523798866,0.48025759626080444,0.27382964119259917
3519,0.20288019283540779,0.50401697022741432,0.49696940408510437,0.28414207056447532
3520,0.96481955907862871,0.68510655784542906,0.52509830076119213,0.29844671156187691
3521,0.38715367858781247,0.79658997090406491,0.5182254858499441,0.29989435453310215
3522,0.81903801829024458,0.79680446359961066,0.52860816358233287,0.30315924052288457
3523,0.42144173015729758,0.33171410866103834,0.49286410017727683,0.2763032272826535
3524,0.88791799008013916,0.7280919947395218,0.52623715044463593,0.30025449686160133
3525,0.18858670057348209,0.84802929543821381,0.51233085770186493,0.2986450963073683
3526,0.84840056228261673,0.37450701065565228,0.50408353830169184,0.28080578196102729
3527,0.6451545362711768,0.45171280195590813,0.50578011491987374,0.28465633916569655
3528,0.5624107377891312,0.21723330112922704,0.48765563935346223,0.26958247719377026
3529,0.49095882363546411,0.70797471252450495,0.51700692487707545,0.29700206972269733
3530,0.79593826280169888,0.91057217568381466,0.53281328104905745,0.30732202322381907
3531,0.19461661615456691,0.35733759593438591,0.48776733890352131,0.27596192475727743
3532,0.93479967620681281,0.97754192294912645,0.5374811937288867,0.31011314777156718
3533,0.26401406136456645,0.93693070014476554,0.51771841137806895,0.30200323456080774
3534,0.52696783059086882,0.084999519940360924,0.47615797503062024,0.25987794687704574
3535,0.60864467163308289,0.14853195353461199,0.48303473288980048,0.26489067132174454
3536,0.97422966247604936,0.62603242641574475,0.52189637477332818,0.29547201976153759
3537,0.33370883407973451,0.52985884705624775,0.50287634957896099,0.28685864316971893
3538,0.83587722701557221,0.094299502099619723,0.48186275272945928,0.26133897179308296
3539,0.3771978719294421,0.38641491878839446,0.49536196154369638,0.27928570224529981
3540,0.042186991412786305,0.75166942261474912,0.50206687562532915,0.29291110040452972
3541,0.70660714580403872,0.77415429773909272,0.52532962967726793,0.30152407176998497
3542,0.44384503898747502,0.74984137468916601,0.51783964975877161,0.29853329175765592
3543,0.10555690986061236,0.011309919506579173,0.45881228250502104,0.2518205240716419
3544,0.38816055482941447,0.8510840812752839,0.52019334256713712,0.30172262388777193
3545,0.86825583297015407,0.47271850279642968,0.51097118077543469,0.28673550102879164
3546,0.04079134756861022,0.69536242265902692,0.49975953938769918,0.29078946508811143
3547,0.38318504032102652,0.78266512575858516,0.5175308595226582,0.29932298017922632
3548,0.63803090184208699,0.29884999973770465,0.4952101732439213,0.27531251719234379
3549,0.61157687991856369,0.86697943687328372,0.52718044371911754,0.3045278484041043
3550,0.69773055962404473,0.61326808379826836,0.51655234202864841,0.29367904244092036
3551,0.93423651869714963,0.04575878625527257,0.47864144314082746,0.25760736502697013
3552,0.70417407833236512,0.11112040261836956,0.48146338931131999,0.26237108093704919
3553,0.13668195836072555,0.67461230164916486,0.50334211579437049,0.2915308474912825
3554,0.30018180581600173,0.67899524115024834,0.50985495185769159,0.29386588808676811
3555,0.22661222822709245,0.67274553214943744,0.50690639010026106,0.29270415506834141
3556,0.70409375795606766,0.90600373955419056,0.53067239527455401,0.30649956163967729
3557,0.057527884844609072,0.63985603735189656,0.49794618711228311,0.28863897075423955
3558,0.15419006564045559,0.13812057218871779,0.47086315223517161,0.26158127758757155
3559,0.47526290667095455,0.59911495998402831,0.51077636143592542,0.29158726149124781
3560,0.89946710062146895,0.14338647192431381,0.486942931624124,0.26518267889395847
3561,0.24879015872803287,0.97098999781549222,0.5177096998623103,0.30236318325402284
3562,0.14805612739770441,0.73694173975234156,0.50674178254758873,0.29438869015153613
3563,0.49914838933335853,0.22378257502190535,0.48686134519606455,0.2697560898697467
3564,0.27670509615630146,0.61878209877874468,0.50592904604437572,0.29075005416907829
3565,0.55796830618983373,0.36856640037236504,0.49852361513877103,0.27932493242962964
3566,0.57100088403875715,0.68755939961128165,0.51791851046128967,0.29661903128498951
3567,0.68358625806184714,0.59368566673543532,0.51515659595920815,0.29259700685682771
3568,0.72637437088120504,0.97360356269021286,0.53304799565588723,0.30845968445181066
3569,0.49833207009503389,0.9938922171028447,0.52733505997212571,0.3065293172372372
3570,0.66923986044769412,0.92778976399699464,0.53049371029472836,0.30681955342044892
3571,0.80162359883514012,0.80174994480196626,0.52854034201837485,0.30329699275912525
3572,0.92539889173653211,0.00028884534087264915,0.47420768487891568,0.2538200992223309
3573,0.41762299582703272,0.46462965807818107,0.50139874572854326,0.28404217657928799
3574,0.25665969133448091,0.64297185864154016,0.50649242979547571,0.29167973254649227
3575,0.076434233238815805,0.87313782692573738,0.50734410953044839,0.29693695585917829
3576,0.18171033789840293,0.57064736949115757,0.49985766256284447,0.28725622827341085
3577,0.42392289437734287,0.51420282244432014,0.50455451846515886,0.28678826386725159
3578,0.73059951836677506,0.38535514051221548,0.50295296926767952,0.28108735969552767
3579,0.042642843937606083,0.68051003454468451,0.4991695379393532,0.29018906509004261
3580,0.84581802399057193,0.31107762828309787,0.4995037839878379,0.27677073518394113
3581,0.05076060809454648,0.60045531224185833,0.49563461091599986,0.28669540069520449
3582,0.59645972862952623,0.60565715944390974,0.51402697798187047,0.29273033600535669
3583,0.68272739585657849,0.54959168730905505,0.51255867898719232,0.29026689654956445
3584,0.28887232673441759,0.77330058373903154,0.51392759929760656,0.29784103087954683
3585,0.24345521739624676,0.98356302147427344,0.51768949800588548,0.30247558763380605
3586,0.06890818190522259,0.65059882553144133,0.49903456733362023,0.28932941719723121
3587,0.49496640671159842,0.82977388006021513,0.52274798352567831,0.30220992697482346
3588,0.59308760933111193,0.22550366639884889,0.48888400746899524,0.27026786916299905
3589,0.45191582589038881,0.54488944707856291,0.50709073041223018,0.28862298155218569
3590,0.47420800143483793,0.65040458716800198,0.51355011407181983,0.29412275722212594
3591,0.29680608807652026,0.84178391059894342,0.5166426581021345,0.30022430362712998
3592,0.04617854291558033,0.7319465024378965,0.50155928914991377,0.29231402838353659
3593,0.91071700865275929,0.74837459880799295,0.52767408130219196,0.30131828967628049
3594,0.47174782746607669,0.24515284802470125,0.4878695142167801,0.27105628048190744
3595,0.67576946595368215,0.62243301009951402,0.5166365888087382,0.29403262612237924
3596,0.16503936807174469,0.48534573887590088,0.49445086076960137,0.28270195863813929
3597,0.62537212813872622,0.26634631273444975,0.4925828385282478,0.27313731346701264
3598,0.6261430200819974,0.029711607552261557,0.47297229717694239,0.25580871063326094
3599,0.44687382062488473,0.92978740582742037,0.52430969245261339,0.30453944444844094
3600,0.14664023152500158,0.44908835647088707,0.49160850365659664,0.2805408756680482
3601,0.58848110316050006,0.53267559190733593,0.50961995956200257,0.28886232907139697
3602,0.091215000110596883,0.49344748607069489,0.49181772452449929,0.28210196997114317
3603,0.73311437382687594,0.296764715974906,0.4967140218553151,0.27551196074192585
3604,0.99095499872587389,0.015662363538111096,0.47640141158479526,0.25516934035350503
3605,0.2150170419959235,0.37702519244203575,0.48974792481933932,0.27731798742373176
3606,0.40884880673511653,0.87842604595426244,0.52170857281662031,0.30276467381636835
3607,0.70943175113698242,0.72622530619007308,0.52293041711885346,0.29930718962775704
3608,0.13166162459099434,0.82203572606852982,0.50892735014529755,0.29687922440703657
3609,0.50791365323072535,0.68384977971148919,0.51619028887855511,0.29599233489457516
3610,0.68906316515890653,0.20793590927162442,0.48921375189606381,0.26937851543915126
3611,0.59114508424395473,0.3863623560110922,0.5004139071348277,0.28056199772499246
3612,0.28833464078622639,0.34299025327853161,0.48993267278530916,0.27600771003723007
3613,0.27767088718978922,0.39722081774721157,0.49311838275283681,0.27909057142511506
3614,0.6512545490438002,0.3388006673461641,0.49831191075321496,0.27790731781035144
3615,0.51530867317005757,0.91827225770734955,0.52612591798233665,0.30506147100631759
3616,0.43515772125778024,0.050221345430996739,0.47126239750355381,0.25685103947761184
3617,0.69673680479101607,0.38790006021688461,0.50253383935371276,0.2811134313247321
3618,0.58839745992679382,0.13122416007925058,0.48123359247573849,0.26355547033287891
3619,0.11607240982310614,0.55575607868878873,0.49633487921658864,0.28560813328101536
3620,0.5562919421422412,0.36333355340469864,0.49813231495192428,0.27899832670448338
3621,0.57353171239282241,0.92596778240833666,0.5279789028030597,0.30587166526335502
3622,0.54056985535471469,0.92020644935934104,0.52690704314793968,0.30538363179612871
3623,0.81273222153378888,0.57021258411571618,0.51612629408229882,0.29194519061214119
3624,0.77280317702578616,0.56848097468846248,0.51533996304370988,0.29168785582962753
3625,0.3972841858655331,0.855548294004018,0.5206385088436194,0.30196886944457635
3626,0.49750206522870577,0.53179561176736612,0.50747585046204802,0.28825291817126758
3627,0.76738759888903008,0.45180256125851304,0.50800534229303707,0.28517460751406432
3628,0.90597036981879508,0.072637585778057109,0.48079066099905016,0.25973767775094714
3629,0.39583663964612648,0.20285784476801055,0.48289642643767178,0.26780359259329584
3630,0.5286347118631588,0.85927803012653026,0.52473752786779082,0.30352107699811459
3631,0.90708695522564231,0.61634386601968438,0.52034266246331562,0.29473673416482071
3632,0.50852447052429206,0.28164479696470079,0.49136461899558093,0.27363213723843205
3633,0.80025480579071451,0.35267739433542594,0.50181897134936226,0.27930074356176676
3634,0.041812696660135408,0.37037760451539653,0.48234627123130752,0.27474522506669879
3635,0.53407029129335426,0.083918969286710499,0.47619978695168769,0.25981921608354497
3636,0.011662519880954642,0.39192652642509201,0.48220086320163791,0.27545332006104017
3637,0.94395126680132246,0.22069525911022211,0.49388489088369519,0.2708670838307955
3638,0.7970549563672743,0.78370001184559668,0.52755129316341554,0.30245000879347234
3639,0.93958047844100512,0.84516177747201882,0.53297677066811988,0.30584335148148495
3640,0.68000112762952925,0.27715563300350915,0.49436695456194324,0.2740491997988278
3641,0.80921680822024356,0.54942529786200034,0.51482214288039874,0.29081259278312593
3642,0.64831672558920694,0.84855957704911711,0.52740276167236166,0.30420440244719438
3643,0.37507741809553702,0.77124458245028504,0.51678441721490065,0.29878312050894779
3644,0.37812593101527309,0.57038287008180055,0.50650735305609185,0.2893463312452233
3645,0.53236828110854839,0.6947926546164207,0.51737285847098513,0.29669392634634478
3646,0.59195786597285194,0.54447604209842393,0.51039601600217155,0.28951380752777811
3647,0.1344670728261699,0.72117242977464346,0.50545600415281111,0.29353696790083827
3648,0.039548362416599411,0.8765565141979722,0.5053198288497841,0.29611611143388078
3649,0.25409725926968968,0.99005959326765747,0.51826336645606608,0.30277804959649413
3650,0.32778788243763851,0.7282883159051301,0.51324164439553155,0.29642419389417196
3651,0.42181407052959546,0.87682022556177108,0.52208702362878878,0.30287973227354947
3652,0.3348398417591234,0.27290744413832441,0.48647002313212989,0.27203628595938523
3653,0.20493045122487238,0.60628502921046468,0.50265959622219647,0.28929358664560473
3654,0.039765368137008046,0.9540680195248803,0.5067087337161823,0.29747568014710729
3655,0.73881608333716864,0.26514468276338882,0.49444808923268307,0.27343958039354915
3656,0.30637952718137529,0.18513989964026259,0.47920600824619264,0.26603778777370563
3657,0.73479398276099239,0.63360005354339965,0.51840753452430199,0.29489956080338975
3658,0.77843654070763157,0.83088734626203087,0.52946529895069971,0.3044174507499352
3659,0.040845759227464445,0.22297042143027065,0.47266654942603542,0.26594517440019255
3660,0.97816182202204371,0.68663633604248753,0.5253780438727963,0.29856995405942849
3661,0.60174000530397753,0.75961564322704223,0.52233853592397417,0.300202350606113
3662,0.98116182395318763,0.86182150457658568,0.53437385906721435,0.30670440271111926
3663,0.77016531720784265,0.82589507175831833,0.52908315380659965,0.30416611576330954
3664,0.93634057206587173,0.11667277346433839,0.48508066624884499,0.26321415300959228
3665,0.33734501123292138,0.34754512231425616,0.49168595242228441,0.27667827147363816
3666,0.27479858223310438,0.24438926750951215,0.48269446935359667,0.26975224093055139
3667,0.42615008338798072,0.5477462215446286,0.50657106074434388,0.28857635211200938
3668,0.306985365550837,0.89703913002059565,0.51855835483773316,0.30183429160084219
3669,0.61171568601020843,0.60664097697167896,0.51441485192341707,0.29287099772060321
3670,0.38046616460423682,0.67848906994258285,0.51239263330204043,0.2946627573450305
3671,0.40992857793784937,0.46558457577800144,0.50125162410298363,0.28403805684412847
3672,0.87881102925735766,0.88312733642297103,0.53347447945822934,0.30696006067853093
3673,0.77947871857633588,0.17839932072075318,0.48824692717734663,0.26752095866300685
3674,0.4112545179594192,0.98783337288714246,0.52434959463080721,0.30526779906109247
3675,0.10560843562589725,0.56831298208370573,0.49654300851344396,0.28606470331270845
3676,0.91409949671350188,0.51979709194960311,0.51464268599142204,0.28955323431464614
3677,0.21950014080210822,0.39531013165946355,0.49105931057934499,0.27841128480419364
3678,0.027928466014435983,0.43222015956669352,0.48537111115231824,0.27789891616619961
3679,0.66689297128106706,0.073691403784381687,0.47760439144088446,0.25940203170021287
3680,0.78284917569420076,0.81845546281629944,0.52899136093355226,0.30392922118510607
3681,0.11339822093398544,0.7560847801851458,0.50588435628161599,0.29448777164320178
3682,0.62593075335983883,0.32617648961293744,0.49694512099050742,0.27700992132309343
3683,0.506562245845527,0.43111411640770969,0.5015071087613,0.28273907453255298
3684,0.8384456544262241,0.69645778913596879,0.52372014658730992,0.29850853076846001
3685,0.030906419330846983,0.024404407572827771,0.45710294583577288,0.25208293654641217
3686,0.022914659059548283,0.38846378474953819,0.48254535072693072,0.27544992045127414
3687,0.32637939684324668,0.74677868858709706,0.51408754243535792,0.29722785722902051
3688,0.40739447675730339,0.58715442388221861,0.50828339599968309,0.29044737741372362
3689,0.81453146544113986,0.4874580673901015,0.51107344271696442,0.28739503809500422
3690,0.056082658314413864,0.95601767966436457,0.50770885976139213,0.29793264651837087
3691,0.98080383739088428,0.82754599491794356,0.53280559268791527,0.30527106786224029
3692,0.39799777228987077,0.13148608916635859,0.47731789047898437,0.26279893038513896
3693,0.65253472853273864,0.87884641599891478,0.52858614769615198,0.30525265826379394
3694,0.034009000264119828,0.71875409008836144,0.50038876545235955,0.29157597799782836
3695,0.05382067919281544,0.24651846138132971,0.47485956074415825,0.26759915375522864
3696,0.10281653093817877,0.82009869660428958,0.50742844865324477,0.29624497248689463
3697,0.35863338880537776,0.62179427496256545,0.50874678413714136,0.2917354606447779
3698,0.52531145926591705,0.075505946251505515,0.47530147331618366,0.25914351003875741
3699,0.23232305854143342,0.17248066579553997,0.47606478931293345,0.26462577666267129
3700,0.52969499406950782,0.27834785692902514,0.49157805499090268,0.27352044385634261
3701,0.48587052929071944,0.5061922605791711,0.50566779784522986,0.28679961391772429
3702,0.56043097832590572,0.86241983166992442,0.5257063393070418,0.30392384147305473
3703,0.714377914485673,0.94996250679051741,0.53217008167859781,0.30778311012598197
3704,0.52426135883479141,0.1239148118623416,0.47941275534728822,0.26279348209631487
3705,0.015320369029825089,0.71487855234803865,0.49920683520728742,0.29103239366968231
3706,0.50718284992804985,0.49225207411703886,0.50533936598792595,0.28617821746384658
3707,0.47495486995218095,0.57853423193885245,0.50961258955434474,0.2905372960247945
3708,0.30887968808334554,0.61453560255788042,0.50678394120545567,0.29088848313532484
3709,0.3916163269099896,0.20309500277651241,0.48281067826364849,0.26779572089866055
3710,0.81082654360871531,0.25878861627058364,0.49507056640482705,0.27321071789292717
3711,0.04398310802291381,0.63807670751708789,0.49718008232423688,0.28831206937741138
3712,0.26583033097825248,0.39242391907899876,0.49243391125563318,0.27870532295302064
3713,0.81845487082129109,0.39859006438689543,0.50528961406720685,0.28219191340715827
3714,0.55757348954697372,0.037489876348560207,0.47251512202413215,0.25625840957912105
3715,0.34128973594022682,0.73831814783796446,0.51417519853187377,0.29701987383469841
3716,0.38275137898802064,0.078051175617624535,0.47250504408913724,0.25876351588735175
3717,0.37668278861123838,0.20069462037055055,0.48225497852228949,0.26754539675341843
3718,0.36774891808874677,0.58756082348929484,0.50715743276631731,0.29012300390592977
3719,0.43877118510495638,0.32420579764406426,0.49277506754439632,0.27594651877999254
3720,0.36873519272737904,0.24059501906096703,0.48504186193204735,0.27016930689914115
3721,0.99189547509873521,0.61880661755522015,0.52172695580401962,0.29515218921337211
3722,0.032248831706389321,0.82578958157441817,0.50372670109627782,0.29480300231478329
3723,0.16409002678144025,0.89123283407305132,0.51225354396276856,0.29920869037775677
3724,0.83559386134798408,0.1442927466005669,0.48619281567781736,0.26513960645359558
3725,0.88515681364458287,0.56471280555179104,0.51695993457219569,0.29192190542345953
3726,0.6463785076206201,0.58198859863242836,0.51373535199726506,0.29179345249507899
3727,0.32375723659485817,0.68153327001488073,0.51076872326393319,0.29423853286014234
3728,0.57119558878884424,0.19604489479883341,0.48617331393945712,0.26815063256116872
3729,0.023102835760649761,0.022691251224291047,0.45664172959124644,0.25186628553771007
3730,0.8388851660524379,0.9660608801943833,0.5353119841008408,0.30916485187397968
3731,0.52654870360494832,0.80355352329054153,0.52256842190607544,0.30153106898061915
3732,0.014493241800053512,0.83534095637957806,0.50291145401453741,0.29458798246799911
3733,0.58141725346544992,0.50710061871950751,0.50792661173420539,0.28743512637025131
3734,0.066560063084086879,0.77070909815338673,0.50402787517404857,0.29404675256947477
3735,0.030444535446201917,0.055689433306723365,0.45965565823287557,0.25440741219488294
3736,0.77177359717710647,0.20334669994077412,0.49015173898420583,0.26928169987624839
3737,0.096542948452627758,0.45974353211174024,0.49013455307311243,0.28042490197559078
3738,0.21673172563215487,0.029215064734185579,0.46394055553298813,0.25407056349809032
3739,0.044460117470065598,0.085606715982186152,0.46262473404228643,0.25673763120475895
3740,0.75517715081527126,0.062458948758791669,0.47791557932860873,0.25870003185208928
3741,0.26656078816977097,0.68015460481970802,0.50874585406476502,0.2935358359670292
3742,0.61636899171922133,0.56510215327519697,0.51212992183745398,0.29074422488094481
3743,0.69812123648090063,0.44824052035341744,0.50655820350736247,0.28469209271012824
3744,0.20790604642537655,0.82282604746719601,0.51245589223670263,0.29828539675593341
3745,0.20977537408267383,0.59311883465194848,0.50214654930582647,0.28871615824029473
3746,0.62232104997109861,0.71597659144162906,0.5205715777382498,0.29830734727195801
3747,0.64049166437570249,0.068670214001659777,0.47673340526725477,0.25894561158502266
3748,0.79795478502212791,0.18528032429729357,0.4890766559831497,0.26805790042069333
3749,0.60276127244118838,0.19780466633747565,0.48690521779963902,0.2683892534983191
3750,0.28151748373812302,0.5771736441972084,0.5038510343378505,0.28875662175321831
3751,0.32510300468167991,0.99043751772240507,0.52120696079201156,0.30401005584839125
3752,0.91001728529640247,0.52997552167788387,0.51521547582575744,0.29010646658379868
3753,0.33112161758312725,0.034135575207613872,0.46745578936019644,0.25512418364753192
3754,0.22458607546767453,0.33467577985908137,0.48733021118562381,0.27492928939070815
3755,0.78578474904807527,0.21499628794364398,0.49128830461575773,0.27013488529458862
3756,0.025544457685563248,0.53830350709607588,0.49113867788029203,0.28326710289832213
3757,0.90780011962697615,0.60914800290471183,0.51993581890562235,0.29436359109778804
3758,0.95675178869076771,0.087256800765509249,0.48270290272193245,0.26095484309496736
3759,0.17633746529201744,0.72031649275735254,0.50723749454968881,0.29415580666913965
3760,0.035337526784988589,0.54327282863269799,0.49189593098839557,0.28368502629232528
3761,0.62543085317666414,0.89563304440426883,0.52846464995923748,0.30553291810369149
3762,0.28136772868639093,0.9427498546759715,0.51855756682050247,0.30241350226838998
3763,0.19564190557805122,0.8152812213851488,0.51168828825213297,0.2978558463434588
3764,0.07509777371558593,0.71200272192064451,0.50224044418005764,0.2921247100888395
3765,0.46573912208847473,0.5486351063868613,0.50766506578362258,0.28892055032223807
3766,0.15884648591581499,0.41269233032175107,0.48990577510634326,0.27870493724398332
3767,0.44911270543435822,0.88529785473354872,0.52320486853410575,0.30343952167789323
3768,0.4091550646853051,0.2718076904916088,0.48834292692681103,0.27245325471715803
3769,0.15847451769049511,0.73935954587525932,0.50730449703283553,0.29465243380300576
3770,0.98034108588203095,0.32179754793705656,0.50210445436863471,0.27778150461472517
3771,0.69417117061136524,0.60269981789273441,0.51588080281468773,0.29311739324941516
3772,0.00091708052085014071,0.4170916750639328,0.48314400621097414,0.27662942025868137
3773,0.39922147670901614,0.48183859225915515,0.50194999817408259,0.28485015854495244
3774,0.27068032173988177,0.56875968130264665,0.50302069169492858,0.28821918432414395
3775,0.29284989912017484,0.36346041151081443,0.49142037132668337,0.27726326487468034
3776,0.46932544222126016,0.26468645687656245,0.48925696853581552,0.27233003568401831
3777,0.52173469106807613,0.4729384257187485,0.50449338427345181,0.28519941698659457
3778,0.22547197259716922,0.93494651158371711,0.51601145301199647,0.3012776728797974
3779,0.47236803541659611,0.41864581600102829,0.49989630445333672,0.28181065973531144
3780,0.0079786035602795891,0.16599835949979025,0.46714416443839563,0.26180664925993929
3781,0.913546926495724,0.072506935630075181,0.48086839261666925,0.25973669818095829
3782,0.72252498352219119,0.19021135438949568,0.48834088956099253,0.26822446708035125
3783,0.25535588901542361,0.78975410455832029,0.51329500640569514,0.29797473537542696
3784,0.47134016909486381,0.014817858112847899,0.46882358777460481,0.25416734879241887
3785,0.33047453828464496,0.26700006784586006,0.48592747671983988,0.27162729084898585
3786,0.58694513508892854,0.09037587758410956,0.47772926483822242,0.26048019241287124
3787,0.58407834738061071,0.47077572801822098,0.5057418081313334,0.28543362956407448
3788,0.96084390647556872,0.30207230088232317,0.50039408195872703,0.27644779940424047
3789,0.056451298612088432,0.081736342804890602,0.46280207629140041,0.25659546123647514
3790,0.30532046201442137,0.23455296231628164,0.48287240406251414,0.26934165417815314
3791,0.26613026587002681,0.61411087688567345,0.50531444267393577,0.29040555363765164
3792,0.0052822737218928524,0.5023621677948511,0.48816584776091876,0.28111898643520938
3793,0.94862600842759714,0.15984161020662868,0.48893913150709256,0.26648302288447701
3794,0.29670154347744537,0.3339102620625985,0.48958098277561407,0.27553171250955755
3795,0.32857673509001034,0.56229344872214138,0.50455643881862733,0.28848147493235843
3796,0.43176471473939021,0.9193229495447246,0.52356096960024556,0.30410258373849308
3797,0.99128062717340659,0.7316273787265295,0.5280141915539901,0.3008250264174735
3798,0.19913714224282886,0.93552101525705078,0.51482604268323484,0.30079078923974534
3799,0.14413200028598075,0.54518642849716126,0.49695767714408468,0.28548732553842521
3800,0.076793424599093857,0.84188788458263741,0.50663197089708834,0.29623604906578171
3801,0.61376477058980383,0.024964487629185898,0.47233201677842501,0.25539465346193124
3802,0.037676005332369825,0.8277689532244229,0.50409108599493546,0.29498299747835194
3803,0.58709513267091251,0.52936602949759692,0.50939228123662428,0.28867635455772389
3804,0.77902348533488119,0.015930148694722448,0.47393193044789861,0.25496423653950029
3805,0.93213347202386942,0.45930554810086038,0.51102927735660786,0.28615019919457862
3806,0.31958387159380364,0.68249393809830072,0.51068063863514646,0.29423898965818041
3807,0.88594867070839978,0.3799293087415514,0.50500825054913834,0.28124705065121597
3808,0.071978165594290489,0.13038921244192173,0.46721433467041185,0.26020253676840616
3809,0.47007144192740091,0.47052352075922538,0.50310762566467104,0.2847366645049581
3810,0.9776274115144159,0.33727618924445707,0.50320368567421592,0.27877765124630843
3811,0.99416273681832257,0.69363767875941706,0.52599494313980089,0.29897361067813227
3812,0.36183690243483291,0.75927486027142732,0.51582677299800561,0.29814778831838085
3813,0.18227758787689965,0.036533430513122585,0.46352422017529432,0.25439014356525713
3814,0.67645737886241408,0.94244363487396621,0.53106877233239913,0.30726492081704609
3815,0.89347305339704042,0.32252268320965816,0.50101597039240553,0.2776337949905936
3816,0.39593487694886281,0.758325843247457,0.51684945263284043,0.2984605568985752
3817,0.40564270593341206,0.010953462053660769,0.4671049762798869,0.2536144418900404
3818,0.85386387606147907,0.7578057254990912,0.52722925608140581,0.30151874587578043
3819,0.80886960437662203,0.92565098050112149,0.53355095606369207,0.30785866145258306
3820,0.27583327735090862,0.34862125011793105,0.48991798406544096,0.27623566145478468
3821,0.13194558493612568,0.69813646261015683,0.50427878151667327,0.29251215943613446
3822,0.79887620379276347,0.37875360629368809,0.50362089929587983,0.28091725641837512
3823,0.26366133139979792,0.12479337569385535,0.47327466575061211,0.26151860191867443
3824,0.02834467584170634,0.56857883054645497,0.49287009675997617,0.28478196432238528
3825,0.7070761911067297,0.29465066023789116,0.49612456462438798,0.27528890758736524
3826,0.14693697369225556,0.39351417495101926,0.48826442871816866,0.27748881070953169
3827,0.21157222155694619,0.23744173891631654,0.48020302557966188,0.26876841294415321
3828,0.25131963509804339,0.59733164675225281,0.50389732209227645,0.28941951278226219
3829,0.9657650511023006,0.55557601040840376,0.51759228602949925,0.29169057745455823
3830,0.14358197799291231,0.44427210893071029,0.49120124822538236,0.2802420731605354
3831,0.69625731926626766,0.18440378016986653,0.48745229443624516,0.26773897938388019
3832,0.90140278048379119,0.12518200359694892,0.48540120196634062,0.26381353228085597
3833,0.57969084715578933,0.19186858206327306,0.4860053899168103,0.26789013850563692
3834,0.97396244938703025,0.9425320809324621,0.53718467539190484,0.30940282132974506
3835,0.14153049435602735,0.91242104782600653,0.5115913791855865,0.29918166973696891
3836,0.27493957909253663,0.12745278171942337,0.47380988966549492,0.26178634625907016
3837,0.87593230436100855,0.12786209565427853,0.48531435302132414,0.26397680707912657
3838,0.0073480489923967978,0.71627555320021929,0.49881296020122301,0.29090872687177671
3839,0.84777673055595948,0.2538775071858545,0.49522386083481079,0.27296759300962797
3840,0.71626065147690243,0.23917043458988194,0.49209949130892,0.27161644000330787
3841,0.2683224524460151,0.83025987105515087,0.51518132779974846,0.29946471069857616
3842,0.72374284802995392,0.16211569898816525,0.48606891913055311,0.26620726561798785
3843,0.99060162156735321,0.82143839735951041,0.53265139317984878,0.30503516151057192
3844,0.59419384779470286,0.012083383413462436,0.47081117852804644,0.25429613119952504
3845,0.34367867521072037,0.46309328896602386,0.49923144830324101,0.28337174424768147
3846,0.40213233627955197,0.5522762840755866,0.50616920894036099,0.28861950493852556
3847,0.16398340203383704,0.72847213558709489,0.50707870298084301,0.29430695033091503
3848,0.86475497012723934,0.35914008767198541,0.50324389416248827,0.27989343651151261
3849,0.59691861285892078,0.028980272881092971,0.4724213236723715,0.25567909294589503
3850,0.92090229294366444,0.62216232937559246,0.5208891047587122,0.29508875886200969
3851,0.85741155161446669,0.10807817163142609,0.48335636057130266,0.26243821373075954
3852,0.49707739919823363,0.24626224706318464,0.48851186460517676,0.27125536459413307
3853,0.78255847214931862,0.42050900717474293,0.5061963451290985,0.28338976321120835
3854,0.72902902740672004,0.39150084882866359,0.5033447726442557,0.28145482551445106
3855,0.25857189710900419,0.49721382751191273,0.4985596081001667,0.28440582978587398
3856,0.34598819446839629,0.89838702040716312,0.52006013967456943,0.3024428112956411
3857,0.22157064494868975,0.14710664801002712,0.47377546886665728,0.26278553839863017
3858,0.22344740055877482,0.42522292315013477,0.49305097170670847,0.28013400936847122
3859,0.072532171676948212,0.60431637265818428,0.49688983288764776,0.28725378959468278
3860,0.55135898084066581,0.78423852047036635,0.52234561913138122,0.30094301955069636
3861,0.26953423533999593,0.23879136883396423,0.48213139829257301,0.26934711184038485
3862,0.86207542762443201,0.91254942662172256,0.53419153954335563,0.30782376257823968
3863,0.80257071640639344,0.48720890048771398,0.51086272838742908,0.28733726527564701
3864,0.12881943289191694,0.2762165918022278,0.47995451732234773,0.27036949817701766
3865,0.49527369678601391,0.28547940087429019,0.49135119163181717,0.2738130578185467
3866,0.18546956133194034,0.17647928366925336,0.47485651064668372,0.26450145311737955
3867,0.87180956652917663,0.24097298004644691,0.49455338030538654,0.27213759379457098
3868,0.64692628970044896,0.071876984801574145,0.47712322230670173,0.25921233284210726
3869,0.70105849483018978,0.77598323801028313,0.52530878929981917,0.30157559770426162
3870,0.15524450529996539,0.40037102700750116,0.48901124822225989,0.27797461010999386
3871,0.49715878422606041,0.22778730572917266,0.48712305244809889,0.27001769921367547
3872,0.7242330850756844,0.41419497989426601,0.50478931210349753,0.28279950977988405
3873,0.39880757642717801,0.65980689009608473,0.51196388344401977,0.29394515982482833
3874,0.64111261932441266,0.54637888404965629,0.51154108634741935,0.28988434293910492
3875,0.45069565850096993,0.96582719861645017,0.52524591699818635,0.30537414031943838
3876,0.013176462584955152,0.84695823923723079,0.50310343694616044,0.29481763210848866
3877,0.34552742047434443,0.86218893628868976,0.51905567242963369,0.30149119923286738
3878,0.25342866437713385,0.25053757286757461,0.48248293086950106,0.26997586963055747
3879,0.051696325313032143,0.30060014749258995,0.47838200582039347,0.270861737404123
3880,0.38102137570603517,0.78393195943798644,0.5175146734120214,0.29934833563720181
3881,0.80006529301864793,0.5086478574101464,0.51216866877855838,0.28853412173163995
3882,0.99855527157142066,0.14086580969189527,0.48789689812677878,0.26513421105733853
3883,0.65062939851350388,0.86649716029082202,0.52811375110191128,0.30483628130652834
3884,0.98154139901358872,0.9714889113301528,0.53816121516218818,0.31024955895159628
3885,0.156044074680598,0.26038846386099468,0.47988980483100652,0.26968517192752811
3886,0.36860003592985452,0.84143663471016339,0.51922220590501078,0.30118528885953511
3887,0.10781821408647811,0.53685854754323381,0.49495175169295408,0.28454858568968122
3888,0.87857111119927145,0.59444345456984593,0.51862408342825894,0.29348456146241619
3889,0.58416404971958846,0.98110438705942371,0.52959881040620882,0.30726097539456892
3890,0.1248910140468157,0.65862547161859697,0.50203326090948497,0.29062142093675114
3891,0.10604279102444417,0.95888944557333611,0.5105702228265856,0.29920711267978689
3892,0.6645388484118856,0.41743845396930118,0.50392185471756556,0.28274751272895188
3893,0.88005048528685004,0.020660786883637774,0.47564846824422269,0.25548509526844393
3894,0.5344057051699026,0.72675289344341731,0.51907169957075705,0.29821003927859552
3895,0.29878672728569944,0.35013648471796188,0.49072502929010281,0.27652337840939462
3896,0.89754560377072778,0.58979991034817647,0.51864477092097128,0.29330760001076345
3897,0.38397223519318507,0.99639482804142177,0.52353588752582603,0.30502737249513379
3898,0.86863651095811512,0.36945245887044587,0.50402672212231325,0.28054902759342143
3899,0.80551238727994501,0.70545024963350733,0.52363389249473924,0.29879825799142584
3900,0.14751738617530794,0.08654326133519645,0.46655034449945387,0.25784598312221152
3901,0.48561385574197635,0.24163970456604147,0.48791566003498782,0.27089179937611901
3902,0.19555971228530397,0.83770294545177604,0.51235543712682985,0.2984934467488039
3903,0.39363765419867125,0.022339635779114905,0.46787173353056288,0.25447937527461878
3904,0.60819974965333246,0.85377069924919635,0.52662878666991897,0.30406078478175619
3905,0.88632596398544272,0.4111568376382464,0.50716220456133565,0.28315760310670179
3906,0.082138289254705898,0.96960306310273014,0.50941366210595651,0.29879438588673524
3907,0.77180017983556026,0.046059592763695402,0.47664868771347402,0.25741636577382426
3908,0.28595356671997579,0.070668097999703611,0.46944295411817638,0.25768348850493017
3909,0.85017696662606912,0.5441651348369313,0.51516976573681539,0.29068136964091157
3910,0.22007186118258398,0.15776790984669933,0.47455444815273368,0.26351488672208312
3911,0.64474628252916744,0.99973921016504763,0.53162404615661951,0.30827157945774469
3912,0.089144615509465799,0.85840425114088004,0.50769900914093247,0.29690112448112549
3913,0.069798456795339012,0.61199744837571635,0.49714975497033037,0.28756730302838901
3914,0.36428413455762204,0.66208018134917368,0.5110502875395323,0.29373194839534345
3915,0.57972281383295776,0.39226678203478227,0.50057422038272015,0.28086000794332044
3916,0.20079931902178796,0.1326926435830188,0.47199246427446107,0.26160653176598414
3917,0.013784057981462684,0.62860963381953772,0.4951443754418946,0.28730699413820765
3918,0.32605543640240797,0.92005869573544485,0.51983856161814179,0.30265374126135297
3919,0.37009442594897707,0.17010753751349403,0.47972448542621077,0.26539660274035559
3920,0.54743889540386148,0.69068956545850957,0.5175247776101497,0.29660635327386808
3921,0.38135429153548323,0.13985064585484797,0.47759759143731123,0.26331580319296305
3922,0.25908245526611573,0.035875264232570772,0.46572709118253225,0.25485924256871761
3923,0.40977894252279073,0.53641570156324891,0.50546942899333114,0.28785447363761435
3924,0.12097211261451013,0.051518068742996553,0.46275688465888826,0.25502228011555034
3925,0.36501094437163556,0.67541891926004316,0.51176397752748382,0.29437006636635549
3926,0.95172998363267403,0.67496777021923338,0.52434257901807635,0.29789311568445548
3927,0.68346543385543623,0.71312639237366393,0.52172106122382733,0.29853904475564036
3928,0.81828385798739034,0.45509998159141979,0.50905332718941954,0.28554902876347382
3929,0.61694974235765399,0.92987830742002708,0.52923925156786678,0.30639771038483227
3930,0.07511101857462199,0.88200092284489662,0.5074615700146955,0.29709159485831943
3931,0.71508136370476572,0.40756492425227775,0.50418567174924656,0.28236855598483307
3932,0.17443725450992351,0.94266484636157988,0.51379172727443234,0.30043178608411042
3933,0.37249180979352675,0.40985753058480334,0.49674289841456731,0.28061126534325043
3934,0.33394349478691587,0.85298894132409486,0.51836382397101666,0.30107211649409743
3935,0.82852650878621503,0.7515149987566635,0.52646646442188749,0.30110650962940361
3936,0.41237638163316298,0.78676104413265135,0.51861414375218506,0.29979296226816893
3937,0.6897816742024967,0.47596986531174046,0.50817665557986114,0.28624344787531636
3938,0.54025872788626006,0.59909914449526702,0.51237725715883875,0.29204210513659756
3939,0.30950255871516419,0.12114267434288049,0.47425367559059017,0.26155536252914707
3940,0.37445545757507209,0.51456575433177643,0.5032008053719299,0.28641231195400524
3941,0.25571243781087694,0.38435622862834717,0.49159095524617691,0.27814527259250138
3942,0.54725162770369795,0.24817098760207884,0.48970852701992107,0.27161203408683321
3943,0.83505445269601197,0.87891129488007869,0.53249879534652012,0.30655361721670682
3944,0.027094946010981225,0.0022489115377073176,0.45508162778748523,0.25035001082207348
3945,0.10387799119550037,0.95118079328342575,0.51032853900787345,0.29903331036418856
3946,0.954615530163201,0.082382997838209848,0.48223866545880123,0.26056806564863044
3947,0.463273225804267,0.10904404558941024,0.47692253315797495,0.26145118351848207
3948,0.96114986452615125,0.69809587684069996,0.52575791455680487,0.29907790129120998
3949,0.69484547657690721,0.6569425979666994,0.51893354186769924,0.29586755620295963
3950,0.079444723685982169,0.12991680333918196,0.46747339831613599,0.26025346604744187
3951,0.40549980295816207,0.033540519954205962,0.46913864609094663,0.25541877797508866
3952,0.47340158357910117,0.075151494010689199,0.47424304248572641,0.25893062640735748
3953,0.96853309698324885,0.017872968005586881,0.4763775007340933,0.2553370376658467
3954,0.55322850454655714,0.54658985395677151,0.50966025719566321,0.28939675574479584
3955,0.80369307014195956,0.21305988245384072,0.49139659545891212,0.27004236150709982
3956,0.38573263838529825,0.17533472663977884,0.48052148577966414,0.26584976335579547
3957,0.73497326250880723,0.66886424032835068,0.52036379013322864,0.29666581730842528
3958,0.034255581607285424,0.91714605048649245,0.50577855355184165,0.29673835512788527
3959,0.40147954565848926,0.97310972413067942,0.52372484811032749,0.30485348571244075
3960,0.47532492855923486,0.57769459098334186,0.50957449457791248,0.29049691954904316
3961,0.8035206470449805,0.71908232022958118,0.52432494791696416,0.2994469025221585
3962,0.30210258741775764,0.10275491777373245,0.47255379233351325,0.26016965521687252
3963,0.013542543497832958,0.31907482310436897,0.47780647591780784,0.27137699634608942
3964,0.087892652669886592,0.74380961100010901,0.50416977273510055,0.29357347046377502
3965,0.78159543522348407,0.31447791674580661,0.49878700112369184,0.27681158050743954
3966,0.81881068827667047,0.75907839500406993,0.52668669665399026,0.30141557699578791
3967,0.69192269656799044,0.49022725581793347,0.50911254632779979,0.28705629204527611
3968,0.81484803695984886,0.2108324719533208,0.49137939925430885,0.26991180246575031
3969,0.18331438078408829,0.18874795186837437,0.4757018147946927,0.26530834725183505
3970,0.97831881230830919,0.12282766908708728,0.48610388445737041,0.26373964232421271
3971,0.78894151512639366,0.099603863688569994,0.48170022028827186,0.2616678959559699
3972,0.91999496188886698,0.20856074968696339,0.49260960376645058,0.26996638213502927
3973,0.6539123069304158,0.58893622746228935,0.51428989362265454,0.29219544887577731
3974,0.71226796839263995,0.77756862776352798,0.52561562947407336,0.30171291542000672
3975,0.23747064278417968,0.73846108540307032,0.51051480150425455,0.29578223877595045
3976,0.84315791268585027,0.16342723521968583,0.48790355448703338,0.26656732030960573
3977,0.24481661153937459,0.009861733588192147,0.46304624064525435,0.25273232639864635
3978,0.032502624524326527,0.94523010802950014,0.5061342581954541,0.29714805003989686
3979,0.32461175081335242,0.92064945860704184,0.51979687151400866,0.30264476057599821
3980,0.31690972603262635,0.94014516455145791,0.51992630364792625,0.30293958109276048
3981,0.58633417224610462,0.91399446377562132,0.5279960168140041,0.30568493597134488
3982,0.34387024961687862,0.37822370380024661,0.49389637222475052,0.27855165879174282
3983,0.93581297783566408,0.73152873901919235,0.52717783545630781,0.30061296884120015
3984,0.79963653981193206,0.14984438124248992,0.48616730218982013,0.26548078820840371
3985,0.91579840531850942,0.6792048853807966,0.52403158448666054,0.2979720995869527
3986,0.47935504014418695,0.41990988037268401,0.50014599991075248,0.2819274326191164
3987,0.59263723959770287,0.17043686184507095,0.48453338023391118,0.26641895809056348
3988,0.44219367111100588,0.6116378352108528,0.51059652818150836,0.2919607120101495
3989,0.36363009273392383,0.30644727366318691,0.489615599148434,0.27435465428872674
3990,0.384653768384771,0.88852462636312712,0.52117430566064749,0.30272478168638073
3991,0.66524619881714464,0.80623415052966452,0.5260232516209743,0.30269551135545586
3992,0.88828608074110238,0.25640879577609016,0.49597561788898059,0.27323120490348501
3993,0.66901862743488749,0.86537569016170457,0.52850567120340053,0.30494483108666132
3994,0.69501315591846369,0.44269878653978234,0.5061421768711859,0.28435761001937448
3995,0.7662220376666985,0.080546467540494632,0.47969657886302275,0.26014593622340093
3996,0.96770219800515334,0.93662146302304472,0.53689149053014462,0.3091923512577523
3997,0.47485918905335717,0.41122108298257226,0.49947714962129569,0.28139553793586874
3998,0.068569636481290219,0.90530547507646264,0.50756322993145941,0.29739255358394595
3999,0.36853652289909078,0.74646006858391922,0.51543922211896376,0.29766634490521926
4000,0.30353788023659728,0.34890584732579305,0.49078677080279798,0.27648954276266624
4001,0.36542610251983859,0.12323280718690949,0.47585985884621318,0.26202962604810548
4002,0.5924123483454693,0.30390706821436764,0.49470663461772002,0.27545194347080076
4003,0.34087352665086512,0.41713526001187279,0.49630424321603656,0.28077741363535041
4004,0.73906197714746236,0.3521715059450013,0.50079677885825302,0.27907032350018757
4005,0.94452253541738029,0.63101654552248077,0.52175187005129009,0.29563023730936816
4006,0.34638918096093696,0.96308324351540076,0.52152231444348784,0.30385123078417597
4007,0.9936807127166889,0.33831682626059045,0.50348090496036757,0.27887837005037691
4008,0.53055101293720075,0.049983682928967758,0.47314653368024739,0.25717020750451941
4009,0.70919126576093261,0.95058282783970938,0.53206513207601291,0.30775477583937699
4010,0.85222142409783563,0.31131169911500767,0.49961332925240071,0.27680262741452549
4011,0.53705509105381788,0.86400249493791492,0.52512830831396473,0.30375239094016482
4012,0.62440177939079011,0.049183682812529154,0.4747211356476016,0.25736762607511682
4013,0.47437148041309557,0.19503470097471728,0.48411184706127053,0.2676716173282021
4014,0.46020072864623507,0.88332903047563749,0.5234933252306101,0.30351365500394373
4015,0.27629617649813881,0.31694993421185064,0.48781441172727047,0.2743298942158659
4016,0.47025313059199836,0.65680747756654168,0.51378793265823874,0.29440266926273606
4017,0.52449370123796402,0.87281910873610757,0.5250668865389142,0.30389961987346026
4018,0.51443021727268357,0.47241720290101369,0.50429138316653432,0.28512583841892314
4019,0.29850087947392601,0.29268535758381481,0.48682020632824236,0.27301293151705447
4020,0.91199470199664356,0.83475443525676385,0.53204928862639533,0.30528128935788362
4021,0.20568050749647665,0.38789442277118796,0.49010700361353443,0.27784306149030324
4022,0.30285046135698213,0.95815192801806848,0.51973333101657393,0.30306730986926306
4023,0.86741570078508234,0.5833326718957047,0.51779366008136984,0.29285483681811436
4024,0.3594780423827586,0.73742095295061594,0.51471301746852494,0.29716928225042138
4025,0.34539084829433125,0.78384044126576047,0.51633989605618147,0.29893887737378372
4026,0.1050147731531295,0.2730150877609267,0.47880078356937839,0.26989160228998965
4027,0.89568408164606672,0.79876032224228843,0.53002186670859486,0.30360574306291982
4028,0.035756819766492115,0.20765867099842292,0.47136931868372101,0.26490020301013578
4029,0.01582400114926277,0.20778511308269809,0.47048413605269557,0.26463234204894825
4030,0.35038325030592971,0.94735869903705316,0.52135341298739624,0.30360095240966684
4031,0.1152493937124149,0.016962377959711013,0.45963699012351261,0.25234303354671078
4032,0.70294369644081456,0.220142621844064,0.4904029313735101,0.27026879922201824
4033,0.15807787910850021,0.62538987750847597,0.50178162116206615,0.2895738843825249
4034,0.45886467671444409,0.18804137350827224,0.48322445064425035,0.26711287562057839
4035,0.12739659309884302,0.71023984634120718,0.5046450250846104,0.29296551955190958
4036,0.77321750043329085,0.83747895787594606,0.52964720033214052,0.30464847116844906
4037,0.74679894636397948,0.36118168051865651,0.50155688715204694,0.27965834293399844
4038,0.30278573634339268,0.67710631450816294,0.5098468528586293,0.29380663438060961
4039,0.57407244991430784,0.56094903412765129,0.51096953987245253,0.29028112695237335
4040,0.11703077844636282,0.39652356534743449,0.48724643137235907,0.27727745606318815
4041,0.034468187397636942,0.51953187847674132,0.49058131634815322,0.28249991451262269
4042,0.72443062612622744,0.35823419582262872,0.50097441803952192,0.27939689190814065
4043,0.99623669164172612,0.44329755655365299,0.51083526296931137,0.28537651515598383
4044,0.36260078437851045,0.17093919257089729,0.47960065992568879,0.26541128566610406
4045,0.82679419637391116,0.37754720938313985,0.50396997350174388,0.28092979453302064
4046,0.55351360398648541,0.92518470758247429,0.52740378825532164,0.30564565541888006
4047,0.079045417990826539,0.38361968799285823,0.48484048463092511,0.27603730111875607
4048,0.41527484246533131,0.28381330211848255,0.48935635578156433,0.27326100022245775
4049,0.43411153623705034,0.53128009049104297,0.50583004189951852,0.2877732262692439
4050,0.017798732042114716,0.29798310438975456,0.47665605015303936,0.27020663994572575
4051,0.77534763022203701,0.017368222378205976,0.47401906689755807,0.25507793601960976
4052,0.81044950335532195,0.71334983947552977,0.52414297465227155,0.29920334240920249
4053,0.69040068503861551,0.78900569968073397,0.525740038661479,0.30210511196092721
4054,0.12826181300355821,0.88176070042491195,0.51027314709209615,0.2982699040792488
4055,0.94713359752252002,0.97985939997561511,0.53776964172559938,0.31025122198565869
4056,0.90960371310297639,0.71980122946406477,0.52614245849384611,0.29994302179156584
4057,0.45271125199018286,0.54974795053791026,0.50739242165806298,0.28888316863766184
4058,0.89536887738934023,0.86751166991937212,0.53316924960512924,0.30649217314802407
4059,0.67688414434747546,0.10761116208940512,0.48073249971797949,0.26203877119508256
4060,0.078191420131234923,0.3664903256185702,0.48374636749313493,0.27506111096198632
4061,0.27660024656726745,0.3163810861013015,0.48778523762818754,0.2742977306859567
4062,0.10062313249568688,0.11718419623690425,0.46730396816232428,0.25959162065339142
4063,0.17677952281438047,0.25402847648999888,0.48019092212196673,0.2694976922315942
4064,0.22071284426696366,0.27636158125399379,0.48325104233419658,0.27132665436904746
4065,0.15355645695348505,0.16482741126714973,0.47288231457362545,0.26341440996813786
4066,0.3182169742481667,0.00567428872283781,0.46459730428067147,0.2528009402735556
4067,0.60339163882649738,0.92205185601877748,0.5286723047418177,0.30606441557995773
4068,0.47927576211254347,0.67768574052903574,0.51512887730090573,0.29547777735324199
4069,0.28749866955232578,0.2251910574721056,0.48167177142396611,0.26859428033666616
4070,0.88371570032961899,0.56494312366746602,0.51695157816582304,0.29192924376094609
4071,0.05052877227176214,0.70493524371070093,0.50068702541958743,0.29137156405033915
4072,0.26496754739353201,0.48029340774266749,0.49778421221474833,0.28357126038039632
4073,0.65417968462790599,0.54072238512419868,0.51146775237507724,0.28964833482110769
4074,0.94642780761156464,0.59885583850926483,0.51990935455437637,0.29395525678863382
4075,0.63468951480778635,0.0094191543693770662,0.47122167780234697,0.2541688994101155
4076,0.65908190278414402,0.015265436432918068,0.47215163593746257,0.25470147914446173
4077,0.099245464762521454,0.42290663357371233,0.48809066770851944,0.278488938952901
4078,0.85004824975213278,0.23766678974417738,0.49399593293718663,0.27186150348540239
4079,0.11382320620570099,0.63359643754822903,0.500287022600021,0.28929546175166088
4080,0.10721939945080085,0.098802747108612671,0.46610448389781495,0.25835433097802252
4081,0.14907462750723352,0.73782706215303628,0.50682385323910928,0.29443954469155825
4082,0.6997594458505163,0.74507136836069399,0.52371206073413135,0.30013945735103287
4083,0.95105165435312089,0.66748794714187965,0.52391547837168762,0.29751466456684628
4084,0.76228207668700498,0.83118721121911665,0.52915979674528613,0.30433299714153556
4085,0.70420694070236067,0.93258934033153351,0.53146066873654807,0.30724659683697658
4086,0.70217533220289052,0.65097163666476265,0.51874934697398267,0.29560890103247128
4087,0.048393828589713674,0.68996566753761146,0.49990861652026708,0.2907092551074964
4088,0.13904851277595154,0.44068121334885951,0.49080583529114308,0.27998951639325059
4089,0.2934284827971016,0.5165423852431007,0.50083749373551856,0.28577770626802251
4090,0.81150462363016562,0.60480376905017763,0.51813422616516736,0.29376506644496525
4091,0.71389701774135461,0.26017145016713766,0.49366598430720376,0.27303021163087188
4092,0.23768583892484896,0.49653277361915682,0.49779779062127349,0.28414632775500903
4093,0.80130950422837632,0.052760637842013965,0.47766180444465001,0.25800303439459243
4094,0.13068955370214536,0.11276862215035363,0.4680583697279338,0.25957793849052635
4095,0.10178934910843382,0.21200759554175894,0.47442491320176322,0.26600292411507886
4096,0.48034992329570236,0.36263589607878827,0.49639574718107776,0.27854672520893498
4097,0.42365981588430007,0.0017348430595709944,0.46664589434603182,0.25293545255135974
4098,0.2289214618133032,0.099930733365716881,0.47024504512695042,0.25947452658544701
4099,0.12174881814654219,0.42042064070898344,0.48888987902646419,0.27866013977002024
4100,0.51749316016124802,0.84777104791280578,0.52403138981462438,0.30303950117431189
4101,0.75930794680678526,0.54039319731692081,0.5134209609997501,0.29011884934058146
4102,0.83936548976724734,0.96595003149287084,0.53531886058942713,0.30916553172685601
4103,0.32839889272503792,0.39602629452013643,0.49459698769652316,0.2794641075409583
4104,0.78955894561373874,0.33512109687073388,0.50040278142975936,0.27815868479610983
4105,0.4775039795977879,0.41039883763691182,0.49948736277530781,0.28136404476206267
4106,0.8180223605779815,0.16312410671015967,0.48753495430761734,0.26649523636666061
4107,0.87913912409372863,0.0058508779121679254,0.47421887735811835,0.25424618886293748
4108,0.11692052900419804,0.21318340249479514,0.47509577872214576,0.26624973501353516
4109,0.5929383440229925,0.041983209755492863,0.47354086581377708,0.25671382539443066
4110,0.78911619981777625,0.44495013640940889,0.50791950071272562,0.28485487722876296
4111,0.79866755392345379,0.84733658085857755,0.53055933325256688,0.30518364001532983
4112,0.083808313233673104,0.60053716942294266,0.49722898015555167,0.28726377524288688
4113,0.83675668982366336,0.15079411119112049,0.48675804558802821,0.26562444608356461
4114,0.71098996500853695,0.95848866567037772,0.53231156095127541,0.30796592679777923
4115,0.65761561614278474,0.30221267225601478,0.4958122965015902,0.27560434091468095
4116,0.83427801466413076,0.85727877955652076,0.53164594561483425,0.30576990021242872
4117,0.60057962941894072,0.71127444291884312,0.51984113599608772,0.2979451755089596
4118,0.37478965910359985,0.2562015791907325,0.48634045424719502,0.27122916335559322
4119,0.50056605194004955,0.59181964802356668,0.51100736745116726,0.29140039351532199
4120,0.85242184848521141,0.61354736735591431,0.51931883830037473,0.29438539408779579
4121,0.030832375860435423,0.043855258498887995,0.45870782842861785,0.25353857974826677
4122,0.084387309014669162,0.92211530152304333,0.50875988710565945,0.29807903400947477
4123,0.17984668573242379,0.22810062108262208,0.47845871711263444,0.26786763265927743
4124,0.6584400140931248,0.00036644883776316419,0.47073621600732701,0.25346661240558782
4125,0.60465765656967418,0.076755797710723717,0.47684866563602518,0.25948194281340148
4126,0.7743678848689306,0.96210660066135467,0.53384455563414401,0.30857814592274069
4127,0.86753781581396472,0.71079266529540763,0.52497979247881865,0.29933272053971016
4128,0.1372603474726784,0.54284330017304749,0.49654303529234156,0.28527430268791948
4129,0.012617533669539261,0.29363178722927119,0.47612784349130816,0.26986889382728735
4130,0.61493592873279701,0.057382264157792087,0.47530219356927578,0.25799363438589062
4131,0.60960140089659254,0.79767844173134084,0.52437287205190142,0.30194974981117917
4132,0.53275388731589779,0.30692404186705824,0.49370287224639287,0.27537194601803433
4133,0.25897428965541769,0.37406643869696421,0.49103819161434398,0.277579992787714
4134,0.10041600088396808,0.90815722849712477,0.50937135308981607,0.29819562282286882
4135,0.52325728345009259,0.51111389772734839,0.50685998420235723,0.28730881962951327
4136,0.84171058460838399,0.90010393241903508,0.53338125633617617,0.30730107325423867
4137,0.53365692066870407,0.38381283739459471,0.49902622800525498,0.28011775083643814
4138,0.19354365716675531,0.93872652456356453,0.51462666532357182,0.30074171911187469
4139,0.8635999839861761,0.93818676540554735,0.53502412342107764,0.30859272793423026
4140,0.13779953106903706,0.23174648795718095,0.47720741656629617,0.26767419108674201
4141,0.69899875039559567,0.96873485638682033,0.53228181378062145,0.30810651238666059
4142,0.84758170188044901,0.11606540514518275,0.48392705587356399,0.26303369814633154
4143,0.0029588693009573036,0.46338009112373696,0.48589371133410297,0.2790964094455019
4144,0.28266544275098715,0.14709329311813926,0.47558845182519183,0.26323416983746195
4145,0.58183553516139508,0.75672924471889857,0.52173162419405639,0.29993328478980075
4146,0.69088209399044287,0.77718099577602695,0.52515997190124986,0.30157046441527857
4147,0.041748677948035766,0.21566515012689633,0.47219544062079699,0.26549287967716573
4148,0.10030931119205197,0.65504944669884868,0.50074317022519377,0.29006482095414859
4149,0.28330407720733203,0.87305613588736164,0.51701395591978194,0.30087647910901716
4150,0.79644238744686591,0.80274406866397485,0.52849484697949267,0.30331561236753035
4151,0.93572605126254504,0.65908490494344152,0.52321521322622921,0.29703511414238337
4152,0.78703986401535808,0.66260367526299091,0.52097618240909371,0.29660516440875589
4153,0.49089049724958606,0.68836715780230007,0.51599048734224129,0.29607723512516249
4154,0.93968941636880632,0.10935148954506732,0.48447633135769136,0.26265552966218569
4155,0.38237589872617977,0.063357055410777685,0.47123411859138453,0.25764054615496779
4156,0.29247734561677791,0.1142780860851868,0.47323551570246247,0.26095128214665164
4157,0.40076914046575551,0.29195538754436423,0.48957139446606851,0.27368961667728842
4158,0.30624717754129088,0.59495401727071728,0.50564237116391209,0.28989904995998611
4159,0.30921685700613311,0.13789630952259757,0.47559329296344344,0.26275671771916159
4160,0.25914522265283157,0.62646030631695182,0.50572021898257224,0.29092140372762026
4161,0.70488541436673846,0.044392118675389794,0.47554288711493276,0.25716150853774544
4162,0.21801015500653304,0.60828508658948133,0.50326175430448494,0.28955441321328396
4163,0.039827074897906281,0.165082302636432,0.46848337655152722,0.26217035063069827
4164,0.72754707447428957,0.63881228689897107,0.51856290655479442,0.29512763512908091
4165,0.42129450464110124,0.0014389193649054506,0.46656868660499268,0.25290251414274806
4166,0.021299433540657629,0.10508043584782863,0.46317355892161566,0.25783768892545811
4167,0.62249289052352552,0.89612005586930321,0.52840602459853248,0.30552115340453934
4168,0.85974649535409409,0.61708395655249482,0.51964133288031633,0.29459761412064872
4169,0.77631681737705371,0.84150139490325238,0.52987850771156253,0.30482422992661717
4170,0.039901439367199788,0.14354309117734665,0.46689058465012834,0.26072255660372862
4171,0.6061006130243769,0.30922062396752886,0.49535531464917176,0.27585005365977117
4172,0.064499953070085034,0.42158587585749341,0.48647448353289446,0.27791070819031893
4173,0.2962203365129768,0.97301345052666743,0.51974330880138975,0.30322928555334039
4174,0.76179515970089706,0.16149892440458061,0.48659449785365955,0.26625423470094628
4175,0.66776572080586349,0.77966591224871817,0.52479978196828769,0.30154377031177942
4176,0.11815216918507358,0.7601923723595333,0.50626399047309656,0.29471739195085883
4177,0.13282601053909165,0.19652879446713487,0.4744890527003317,0.26533133497257938
4178,0.78719271553753645,0.0046051895597134717,0.47296059835210991,0.2540321101161685
4179,0.26116431676406643,0.48612023660697745,0.49799932151874982,0.28384379507933949
4180,0.40756130790245954,0.20420691126993626,0.48328483056418653,0.26796119387495132
4181,0.072420071291143542,0.89147341156486659,0.50750749706273113,0.29721886875759396
4182,0.42724315236668337,0.37025255229194881,0.49561416223623855,0.27867708412971448
4183,0.24161951600158355,0.66154372186268451,0.50689981482997248,0.29237219373637413
4184,0.82348336691915758,0.89471583015524092,0.53283980158327027,0.30701006557053961
4185,0.1693115240797517,0.35286209814179453,0.48655656003959519,0.27542410910303444
4186,0.066063670416583772,0.5361683776293299,0.49301003333856497,0.28385991627147095
4187,0.097328601858543709,0.26874557721902387,0.478200936340203,0.26953483071210838
4188,0.31808130486259467,0.28334539220404115,0.48673645179081038,0.27257668440718086
4189,0.9676507896533818,0.13139967551048615,0.48672860587346145,0.26437881763582571
4190,0.88140659025501233,0.64919338662024817,0.52181735735946844,0.29632962198270479
4191,0.61039547569683061,0.66146501718984219,0.51741670259560235,0.29560714685234468
4192,0.43335669363973428,0.22654180862266804,0.48559355950118088,0.26961301015108347
4193,0.44885395435019165,0.12456182857392123,0.47790406779875938,0.26253526366707602
4194,0.872046046841226,0.75075499673826851,0.52716883585207142,0.3012672558630769
4195,0.67537563099836695,0.34499858355295149,0.49918796368577817,0.27839002687228803
4196,0.8421174760920811,0.34777203876533314,0.50210548890216,0.27911445625944831
4197,0.97773218583801069,0.47409735886350973,0.5126221155040529,0.28713750778441727
4198,0.56637779754576045,0.39525587966850728,0.50049378550967516,0.28097126776034903
4199,0.41637937705625083,0.82300821399415147,0.52015568428079639,0.30115672278799294
4200,0.1916683131930535,0.026332206374930684,0.46293758858454781,0.25367248769893597
4201,0.82541057831082731,0.64893080253353108,0.52088233987025179,0.29608819501693839
4202,0.77155471158066069,0.34421727269914698,0.50076668140946823,0.27867863809117699
4203,0.70050861001712039,0.24329836654121756,0.49215766499760605,0.27184944963479796
4204,0.2415078836012981,0.14000358910980867,0.4738299527881682,0.26244040602481017
4205,0.82073723654689967,0.35894362260304624,0.50257639594332326,0.27975538497200675
4206,0.90259295267044803,0.2292152974814293,0.49403766083469242,0.27138631535483859
4207,0.67804240546681693,0.09557304050723324,0.47970688093461972,0.26112277765093006
4208,0.1559724315769854,0.98693620931302428,0.51361368806303687,0.30076636162909837
4209,0.97657365526111095,0.52643109761782692,0.51594355680061521,0.29011305609937038
4210,0.75292487226532545,0.73552476846679349,0.52425972219327632,0.29997999054887514
4211,0.13156665790710831,0.91162531906544475,0.5110709138977817,0.2989537743264285
4212,0.96830421844738312,0.770932049974415,0.52974319816012372,0.30261328511910646
4213,0.85945015317274964,0.51474673038824703,0.51350258653206737,0.28908999350282238
4214,0.9696067397748237,0.26227453417886282,0.49747487256684114,0.27379417295703129
4215,0.9144142221368966,0.26475328748206378,0.49696534752928528,0.27385403342126258
4216,0.1270656765013817,0.25785400687480581,0.4786283329854164,0.26920914140594587
4217,0.35887690369525227,0.95175767446380344,0.52176070402962982,0.30381732344374685
4218,0.85234300848924327,0.01101984727253439,0.47439583628048365,0.25465059446864879
4219,0.52010276086699447,0.6961523979345221,0.5171396751132975,0.29666838920912031
4220,0.67498960014340703,0.21822113071557833,0.48978618205335422,0.27005042786717615
4221,0.32875670918073741,0.3886408818031778,0.49413315639584571,0.27903909056727666
4222,0.43746016358226769,0.89326532948025272,0.52306054285017822,0.30351606137409398
4223,0.15822906383479712,0.19267650556411828,0.47512485893553891,0.26533309815009476
4224,0.86541034160741848,0.41317383721555817,0.50699282573243587,0.28321823234127291
4225,0.74499533183946043,0.53724288602672754,0.51297623507801871,0.28988635112833216
4226,0.67088295274783161,0.46041531424137067,0.50683271059682733,0.28527348796713375
4227,0.023723615761322436,0.35623671910689447,0.48062218453435268,0.27366683338144793
4228,0.42258031144024577,0.021902522992866578,0.46846424297382111,0.25456132497127298
4229,0.6549125818653847,0.47117867573989791,0.50720909297420802,0.28581256859882714
4230,0.090734995280380829,0.67663342102511093,0.50135271802439774,0.29087939708631988
4231,0.99702186231032253,0.18737775109045907,0.49180678234430797,0.26857172795541323
4232,0.51941893310657472,0.46068067020537562,0.50367625009512007,0.284498390650753
4233,0.99525002517685068,0.36537122311933201,0.50544782491800222,0.2806046182010517
4234,0.23693516758073821,0.97334781853043251,0.51722895949504399,0.30218466471050981
4235,0.48857101443618306,0.81307055578023435,0.5219247928372891,0.30154895775390195
4236,0.5643198177451384,0.92280570138009499,0.5276414505099003,0.30569709576511023
4237,0.81123051774423804,0.87338189811165223,0.53183006577999814,0.30621296495829886
4238,0.65021941652001114,0.81012345359517501,0.52586481878830815,0.30275385962115992
4239,0.33062931782904781,0.48269132830387684,0.50002044235397447,0.2843261727369662
4240,0.8710673213918112,0.53716209249169333,0.51506928370104887,0.29037217133609661
4241,0.28961528595233105,0.032867191381065641,0.46628739926815016,0.25480392859605006
4242,0.22268666346607499,0.19989611933104462,0.4778247126187643,0.26640022905810584
4243,0.29765048835299679,0.80075143934671078,0.51530345580095172,0.29894197706146847
4244,0.077921283400396349,0.48248280504600849,0.49060189830173545,0.28133460845121611
4245,0.33463339210971027,0.35499069815181433,0.49210392041245588,0.27710340512335729
4246,0.79025215917333258,0.49863907277655095,0.51137949768826596,0.2879362605083311
4247,0.47895887961677514,0.23697356516561704,0.48741886627867731,0.27054740483026046
4248,0.21990201525256273,0.61822418608275487,0.50385540107565285,0.29005607850070508
4249,0.82830427238488336,0.42279871743746333,0.50707799278420285,0.28368000367239538
4250,0.93129820115159967,0.37335948540250541,0.50517852398875018,0.28095684316996117
4251,0.06044989461783553,0.14665271292295073,0.46798013363800922,0.26118400127904862
4252,0.91115999869537778,0.18165762448053574,0.4903016363847309,0.26802068279901176
4253,0.40667299129808088,0.60081560404117917,0.50901891335252347,0.29112795692578597
4254,0.98958719803275308,0.40169493789364352,0.50792276216418386,0.28284950167409434
4255,0.45496482036182428,0.85627940783196832,0.52249630557455107,0.30266217579482035
4256,0.99999672623291846,0.95140140349277069,0.53790073399984373,0.30980684004466363
4257,0.48971432736899007,0.34037726770833837,0.49509550462440938,0.27724140629330901
4258,0.9708565262621851,0.19334227033591597,0.49199309951399656,0.26896365981632442
4259,0.1250946735208272,0.174600929813541,0.47258690493798927,0.26379106527728297
4260,0.8111207983421046,0.87833605953002125,0.5320117917346906,0.30638381722587826
4261,0.0016840892337611876,0.42565680752064805,0.48368020081414015,0.27709941292686718
4262,0.51240768421330729,0.06440915427495493,0.47408131352404875,0.25824096210725117
4263,0.15959523614215435,0.12565453543659533,0.47007851348724805,0.26075683125608551
4264,0.936853905339737,0.31572181457564003,0.50109926714934616,0.27729263634256091
4265,0.021870925251988228,0.59818579785370973,0.49405254172611057,0.28606026324341771
4266,0.10451821996168001,0.52585578681804479,0.49420544249762405,0.28394842352519234
4267,0.33007031756682553,0.20265607247859008,0.48118709997063752,0.26738786130148307
4268,0.53160445620686525,0.42980420011359965,0.50199473450408538,0.28280916439862769
4269,0.18132427774922691,0.50532595949390668,0.49622725571033538,0.28394843248316526
4270,0.80302507489070996,0.28700571145642317,0.49708878953435787,0.27507740556332422
4271,0.95270158658138238,0.025009974850656001,0.4768892258269245,0.25591840552957745
4272,0.72871842834617706,0.35481234465086597,0.50080800787451818,0.27919914761720305
4273,0.21351105916473317,0.22224599633411271,0.47917006929731981,0.26779808573084146
4274,0.88211291438265471,0.68867947081065506,0.5240196431380677,0.29830989939067432
4275,0.13570527881913588,0.31209105621663619,0.48262493424979763,0.27262930157334009
4276,0.66695240212088691,0.48330915500867416,0.50820533986924532,0.28655353178527554
4277,0.94122312669706298,0.43672192061716925,0.50965965598354268,0.2848431537189709
4278,0.082314902197977061,0.59701437820618741,0.49697790767649075,0.287072454590726
4279,0.83956989540181826,0.74141411708240634,0.52613159164562329,0.30068006364945365
4280,0.069047218454291584,0.15135641661396951,0.46868249869032991,0.26160464454499199
4281,0.62254514375113656,0.98220618299167839,0.53066384358310392,0.30768263362384951
4282,0.3717364758435055,0.98336709289607827,0.5228530207478812,0.30461347423307267
4283,0.95050389718244555,0.53359781969940534,0.51602573351018077,0.290434460069878
4284,0.81299987075723479,0.95557437463992978,0.53449682510187646,0.30870689137339441
4285,0.4844392326412606,0.17486541353774956,0.4827441872303514,0.26630878615661607
4286,0.40472564747919093,0.19348618856827962,0.48239311487521935,0.26721140156863865
4287,0.86268333919068108,0.69226033934572484,0.52389799617946464,0.29840632825856755
4288,0.015736845556634946,0.18433543832589641,0.46881846274656025,0.26311820112707424
4289,0.26548603868553183,0.51161876514706528,0.49962757604560587,0.28523579377159652
4290,0.14318251034097046,0.58276578216444463,0.49893661052185667,0.28732333978146035
4291,0.34331381714221787,0.07439566276128172,0.4712434307209693,0.25828851254289753
4292,0.082570245107088713,0.35152558277364593,0.48299982025988908,0.27426834280838186
4293,0.60015803468619711,0.73514517242928279,0.52106276733125145,0.29906256429958095
4294,0.090569328699784818,0.999637341668841,0.51030929922037271,0.29942219878663795
4295,0.65426017855213725,0.037282270081306343,0.47411774549832225,0.2564838903891411
4296,0.90339130934957657,0.11418017668711256,0.48446685258904498,0.26297686425529909
4297,0.78401637766343779,0.018325776539614889,0.47422491046614812,0.25516985683651372
4298,0.87021372544103082,0.93130759337196356,0.53494429212918682,0.30843935088813124
4299,0.38700043619653446,0.25493846452512081,0.48656242744448802,0.27122371083438174
4300,0.50598662836080188,0.84598391472148948,0.5236459903758004,0.30286764898126844
4301,0.72298826670727001,0.58724427684670089,0.51553951238195284,0.29245495007134098
4302,0.23568860473759706,0.80661198925272326,0.5131014249290583,0.29823872977263916
4303,0.31564578757759881,0.4168809896468767,0.49553814403281066,0.2805503778191572
4304,0.69585537197362868,0.092834531386627353,0.47974588467843099,0.26095413623757763
4305,0.27643975012587618,0.87551999701583993,0.51680574914348565,0.30083169948315652
4306,0.35971307268078673,0.32512376966289014,0.49079604636921442,0.27548242981546561
4307,0.52585478186322143,0.22595621526049217,0.48758912759808787,0.27002401988285646
4308,0.106498162619269,0.68136443550618131,0.50231746714701775,0.29135463426437175
4309,0.11357364407504211,0.69350164772340794,0.50322864215849439,0.29201169002576804
4310,0.6396523080660147,0.33365468406748261,0.49773314088007709,0.27753744889413295
4311,0.81105444131413251,0.38826392971969914,0.50446752984046939,0.28153936275903108
4312,0.073170369256671988,0.9583254169419525,0.5087337441951385,0.29840199138205498
4313,0.060036524601478597,0.21056575717114612,0.47262192750840604,0.26540508463551393
4314,0.316441368140711,0.66383022091017341,0.50962139305674592,0.2933317057761291
4315,0.24720721698059933,0.88270844674316473,0.51578998774945028,0.30053305991049029
4316,0.19329661588812014,0.12070235152350506,0.47080550614675398,0.26069541423065662
4317,0.33662348054168978,0.21351424786482243,0.48218121431655703,0.26816229395889957
4318,0.63401287227101855,0.97633751806820512,0.53083409089201994,0.30767008387908468
4319,0.05983146456490504,0.19138737825922436,0.47124346957364949,0.26415902576000505
4320,0.17155775109779789,0.68090030096351406,0.50513490247014181,0.2923333463561637
4321,0.7501539235458593,0.22945168438708644,0.49188501393526529,0.27104659040132018
4322,0.61055555565588882,0.78206929852674956,0.52365762661145621,0.30128117969120155
4323,0.19371894918998006,0.43067741521057906,0.49231539803716035,0.28010864197831731
4324,0.93567955119976554,0.8183286764990888,0.53164975610977561,0.30467073537177669
4325,0.041915052142564677,0.76534582748046387,0.50251776108859703,0.29334643964461277
4326,0.062229156789800621,0.10568806101732189,0.46491935458252437,0.25836737215819844
4327,0.47860315748829163,0.17820848036705284,0.48288383939553964,0.26651784302376413
4328,0.75171400526181098,0.20184216902310728,0.48972780346889377,0.26912484585195229
4329,0.37403634112348083,0.85130827760604444,0.51972368605288022,0.30155289083583825
4330,0.37682400289791407,0.89983296563188786,0.52120231699022057,0.30290781697181307
4331,0.2510464498316054,0.46071216602030907,0.49615102998351301,0.28237217280023275
4332,0.2046022411236656,0.79104405117590215,0.51127268620634503,0.29724509194542964
4333,0.84520431458688117,0.49879169357904468,0.512279350915396,0.28814508892428015
4334,0.25688781472967243,0.98765128054354578,0.51834451850932051,0.30278955381444006
4335,0.7903683252243674,0.74483018816617552,0.52543909309394843,0.30060852844284497
4336,0.69476243434030338,0.81383968966723197,0.52700455522425926,0.30320571009564085
4337,0.52206353495189683,0.15204856886341003,0.4816881631343759,0.26483905384394235
4338,0.12410650829743827,0.25031525815919742,0.47799231401908121,0.26870258413526166
4339,0.00052633876191684982,0.58741200904602886,0.49237614184257256,0.2851443144408401
4340,0.77549781591700162,0.72055314847572005,0.52389609098093948,0.29938215437951898
4341,0.35114397195634667,0.45231245659914571,0.49879216352061423,0.28283922835922543
4342,0.42561149281925759,0.035765543344535397,0.46977492347668914,0.25567650391495672
4343,0.19249276009282332,0.58189867000706719,0.50088391281744404,0.28794890806161849
4344,0.56578870521230862,0.68941260699547124,0.51789415426555063,0.29667248513664729
4345,0.021727419794688466,0.01823333707820857,0.45621277448506709,0.25151323723684826
4346,0.080904660787095781,0.067640175343432932,0.46262070473854272,0.25583218484698811
4347,0.34922021927569297,0.95546671082823309,0.52147687457365777,0.30374606165241697
4348,0.044779316667758397,0.5928831904951134,0.49495098823905748,0.28623285023069434
4349,0.0084987580895773147,0.80188913420705366,0.50169610197125591,0.29361103647425707
4350,0.1997962915219483,0.074664379796001601,0.46728031618799037,0.25739921960079643
4351,0.58171686769322262,0.70239413741898027,0.51894648682405886,0.29739924963193048
4352,0.014049198866833468,0.78438802943729091,0.50152822975053379,0.2932706964584208
4353,0.79551261776165338,0.28018497906384293,0.49646470671143356,0.27460481948000021
4354,0.81506379419957531,0.36474269738869047,0.50289716141372465,0.28010036559477347
4355,0.53104520410621769,0.42535886813943508,0.50169585526989802,0.28254896355208686
4356,0.41030677542540944,0.2341071014976944,0.48560809210990519,0.26999052307058352
4357,0.97331489383069569,0.7804399545459193,0.53031001472051009,0.30307806418492034
4358,0.20852980200367749,0.97120568695679543,0.51590464927564761,0.30160576193987826
4359,0.17399322196113645,0.9957243294418906,0.514641845784233,0.30128318138686166
4360,0.30749197124048366,0.36689932726543628,0.49209014577411331,0.2775904676106572
4361,0.84062843239869689,0.28327884335668058,0.49736207195999371,0.2749287819353341
4362,0.54469554410298593,0.084166061701963196,0.47642127859515671,0.25987317735093318
4363,0.38253919617388166,0.71349710347420769,0.51423774574886127,0.29631086970302772
4364,0.76084132068139732,0.13043135636983208,0.48396874646301624,0.26395438636258528
4365,0.94443407202499219,0.33084950103637534,0.50230843503026945,0.27829099420335141
4366,0.33504628964486766,0.84371608310359303,0.51811839763645207,0.30081634228266302
4367,0.38998728466640459,0.43378826450902275,0.49873884779881278,0.28210893976760559
4368,0.43046952127068072,0.51135204492415076,0.5045605271351713,0.28668507942174981
4369,0.28998852528786523,0.12203714766789928,0.4737955061691993,0.26149675747348544
4370,0.99916213322036207,0.77514823551533041,0.53042030170578169,0.30292788453970776
4371,0.87701803610556528,0.91232257125779292,0.53446717965578849,0.30791029096363315
4372,0.3579510870392551,0.29764823345498881,0.48884877070982724,0.273764783846355
4373,0.58199856419056895,0.069931080820003988,0.47585255277651323,0.25888782487660938
4374,0.8960788092584,0.17442912822073559,0.48951222618227952,0.267468891403221
4375,0.55889455222423423,0.075961597586551216,0.4759683479035085,0.25928675885621832
4376,0.56377800311945614,0.38025091070694617,0.49943569833091073,0.28006023914800493
4377,0.21564769432604081,0.99774405487765327,0.51665859253055213,0.3021655095322443
4378,0.44226716016664869,0.35396952332534132,0.49489700961949523,0.27779311232028892
4379,0.18706110142794205,0.028642051605589223,0.46299528386034516,0.25381793794924828
4380,0.55602188155875776,0.9489606302012108,0.52807539327469566,0.3062495266066651
4381,0.68715227503824283,0.39235498027467403,0.50266326685866536,0.28134469378798826
4382,0.60838855996293717,0.40083136423687687,0.501729756154767,0.28150900319586936
4383,0.16354063896095614,0.80595918267985112,0.50995442988960604,0.2970162037251915
4384,0.57862855023044391,0.01971520133368904,0.47125600511931781,0.25488119296075135
4385,0.36678243273025146,0.0018913619236904195,0.46541004189952218,0.25272034041749242
4386,0.57012302865708486,0.58061873780767204,0.51201709051570554,0.29128340937737096
4387,0.62474467088029495,0.46675283561366382,0.50633165053370699,0.28541611181106635
4388,0.10718444320311538,0.54240911300625883,0.49522506752446988,0.28481528343843798
4389,0.17882208299230554,0.81289192287925405,0.51086698373131145,0.29749446641301164
4390,0.58346055742268221,0.5218186690923875,0.50886090532429262,0.2882480454481387
4391,0.47974419727529166,0.97684929110290253,0.52641040440685072,0.30596608586226948
4392,0.29504466573296817,0.076057032032974536,0.47014190781462345,0.25814367303792018
4393,0.82749093852256195,0.17954196590700888,0.48902351746951106,0.26770859497969079
4394,0.74819965076666561,0.61717194537011677,0.5177274076974766,0.294125354572079
4395,0.74759772865156415,0.68043692962225755,0.52123171730287976,0.29729915289257247
4396,0.059284545438445642,0.28077341561546781,0.47740959746110839,0.26977701714019525
4397,0.41022415979766519,0.82075777373117165,0.51987990256957006,0.3010113519251304
4398,0.37203747419588035,0.66105627670063405,0.51123326739416308,0.29375734303519568
4399,0.76248334873510759,0.22329306717222788,0.4915928311116553,0.27065364242796974
4400,0.60681871204102644,0.74369043620532616,0.52164986626231724,0.29950347725854742
4401,0.90731707492253044,0.33778435690548503,0.50231557507887481,0.27864978749224056
4402,0.12365230087953387,0.22280854215262225,0.47604017485031663,0.26694618635319606
4403,0.9892605877176277,0.13947040479037678,0.48767231266633482,0.26501724384302489
4404,0.12653265086162138,0.52118587750726142,0.49490034500250984,0.28403333748735987
4405,0.90292815846771701,0.33476984194061954,0.50203733018713181,0.27844591170997368
4406,0.22064513928740054,0.98216342945842783,0.51664339764147527,0.30202095473841672
4407,0.88323942111836518,0.69704421404617611,0.52449367967974414,0.29872645308991658
4408,0.14200329972385664,0.8828355928651872,0.51098638884491665,0.29857942574966556
4409,0.37087162152951353,0.26241161484887127,0.48668832467233819,0.27160677418530021
4410,0.5709805171975052,0.60866986285258318,0.51362649261441562,0.29272682776961301
4411,0.16084889655880397,0.37315071067508548,0.48753022949134012,0.27649972918199384
4412,0.87672453477700474,0.22243553503822769,0.49315835503396355,0.27086048689810438
4413,0.55264524929873882,0.50315876448996133,0.50705261669811641,0.2870540404807268
4414,0.36177047531105344,0.16674956564371243,0.47925149016393287,0.26511367878440584
4415,0.14517282521234592,0.051136765428038779,0.46355573107640796,0.2552044317946443
4416,0.29206313364960956,0.069006155168160332,0.46946647278540293,0.2575945480811293
4417,0.94173943487153167,0.18039062432852807,0.49057501715288959,0.26797975595596563
4418,0.010919616561976727,0.10873552008121042,0.46300290168046832,0.25796050268688253
4419,0.56283499110728741,0.48546150532820032,0.50619516641391693,0.28613730843823126
4420,0.64100766475716375,0.10200743494626369,0.47966449458998484,0.26152024651490907
4421,0.21612813910417028,0.63344882251214008,0.504505142490002,0.29073425906641825
4422,0.7218353686647373,0.19205729128272506,0.48847854798986579,0.26835370174406192
4423,0.31122052927146437,0.86332865540335191,0.51782597037796507,0.30103979478119602
4424,0.80457345021798976,0.20482993874960811,0.49075193340268158,0.26946495772702417
4425,0.65223126289051725,0.73526458126798977,0.52221896414859492,0.29940051717702992
4426,0.76257964230285735,0.56006820296373916,0.5146601124770287,0.29119445802645849
4427,0.73594619555479146,0.83707406603397105,0.52887603485959678,0.30440008707293231
4428,0.96917901766028958,0.88996642065179765,0.53530719259795445,0.3076912716962758
4429,0.9682956813146012,0.17923261210011551,0.49079690090051808,0.26793687388026827
4430,0.88945248486696515,0.47856037795705492,0.51166518179705633,0.28713910635058215
4431,0.83402479950523711,0.91646713353955422,0.53377218287538275,0.30776063475495768
4432,0.52820411100081399,0.67096747879042529,0.51601592777594041,0.29552291510319856
4433,0.23300433483716335,0.4489339446837432,0.494823886207577,0.28154183948879213
4434,0.37739537490372316,0.13160929141835076,0.47683466727931373,0.26270099472627506
4435,0.48676817123758376,0.48461577840090031,0.50438264285613654,0.28562666771739587
4436,0.096628854760120161,0.069378915678372149,0.46335036626982462,0.25611735449923223
4437,0.44374735022532991,0.0053823421714943838,0.46739975075440288,0.25330563975232312
4438,0.83344044332044431,0.19542934265144871,0.49040196068204311,0.26886166835197223
4439,0.56056204357604733,0.33674511625358139,0.49638912763529458,0.27738173218238243
4440,0.081998446021915888,0.064690646414004738,0.46242239917287525,0.25562686994612094
4441,0.89674138922727442,0.62156618976803735,0.52048480625556837,0.29497031993539446
4442,0.56770661815352508,0.96203189160759806,0.52871252964772175,0.30667177861138689
4443,0.52774577268952272,0.12674819713573671,0.47971743395296951,0.2630155266778425
4444,0.19644475699422184,0.86057256547055438,0.51301858827542968,0.29910687658095775
4445,0.62119934483714168,0.079672470887319657,0.47738670340325001,0.25975286784331497
4446,0.81234491190613478,0.53813718893373153,0.51418927501045597,0.29021019014228094
4447,0.15231136072537629,0.57445883608484871,0.4988759546322496,0.28704741046308996
4448,0.12405113579662284,0.43230348599898866,0.48969528595828554,0.27933848934994815
4449,0.54857634038744729,0.32369382747096248,0.49522461416556224,0.2765081189701602
4450,0.52918507737977194,0.47677514134944649,0.50490254886958863,0.28545813951839777
4451,0.24634735041126843,0.2994071374214371,0.4856759097477652,0.27299181705335107
4452,0.14847447337358027,0.517663586988661,0.49561808879220531,0.28415764627260787
4453,0.37604890412004899,0.061550330139033035,0.47093020157052645,0.25747196270913969
4454,0.98489057528268309,0.31830987650520404,0.50190379104261951,0.27756335038129498
4455,0.1167263902900857,0.22672045423953097,0.4760529179494547,0.26712056033064518
4456,0.80038439679477602,0.99505827295078197,0.53522007011041639,0.30956235553074085
4457,0.86257467857626036,0.90891415281937227,0.534080181628802,0.30771318520149848
4458,0.34620355663691882,0.47224369326803134,0.49986011009622261,0.28389457494578613
4459,0.079232275827217383,0.73581323524810138,0.50342607990618771,0.29311710645147332
4460,0.580585498572595,0.76179740214737834,0.52195598800898346,0.3001559238642591
4461,0.30600673531537176,0.024739921538170895,0.46599587442184859,0.25425568391366127
4462,0.65575557167254162,0.24295198843049584,0.49136514280651766,0.27167993685556791
4463,0.97345487581636991,0.82761965923550307,0.53269665416822809,0.30524429186397772
4464,0.49350469154940224,0.88785334223798706,0.52463408908463371,0.30401238271501851
4465,0.21046676053978738,0.91633844304970702,0.51495827183542076,0.30062879921281288
4466,0.47822607016739205,0.065748299389879694,0.47352252788874394,0.25822403054961185
4467,0.44142504934036408,0.36555959476946154,0.49565568294024376,0.27848710474694538
4468,0.7669793132965802,0.49044277308926687,0.51047047170103477,0.2873845590518454
4469,0.72820578962838056,0.38711640918507473,0.50303211090286359,0.281185695830384
4470,0.56171530238451672,0.61255786255403655,0.51363187135283483,0.29286477669797872
4471,0.083142190163966748,0.18225755549013847,0.47153527324267169,0.26383959221948333
4472,0.87809618450255367,0.76483482830544236,0.52799987502502022,0.30195632650854809
4473,0.68871032588152448,0.41634030167480229,0.50429735462468916,0.28278491290517938
4474,0.90309157825027364,0.39474448697332992,0.50627829159645632,0.28220571508217807
4475,0.24943719232858858,0.36192621802616631,0.48994208188900623,0.27678087489898201
4476,0.96041782811227028,0.3379060597840115,0.50302956802013921,0.27878080367657687
4477,0.23940450367418817,0.22444536582782168,0.48016081808905908,0.26816492949953097
4478,0.97478172556519271,0.27653940749218459,0.49863652487864979,0.27477123604786613
4479,0.2391146114639123,0.69936890457979173,0.50870315258759213,0.29408002626695701
4480,0.41575850128602471,0.44594461846073391,0.50019252295470162,0.28298512200294057
4481,0.090681747931835713,0.041161831161670853,0.46080734365423476,0.25396323216084432
4482,0.82563316098974315,0.41927813684927534,0.5068005842132739,0.28346115423262119
4483,0.24749459269481014,0.93066727332574095,0.51688850849291057,0.30159071106685637
4484,0.75222037259183139,0.53031910763286283,0.51268417432644808,0.28953956456786295
4485,0.74773703865207497,0.2667415082093445,0.49471133584146632,0.27357291190926031
4486,0.43918407408316856,0.95017998674960114,0.52452993193658837,0.30489747349698987
4487,0.14484825570046669,0.78657739066575894,0.50845579301935651,0.29607967447314604
4488,0.45755416236900492,0.73034589030913777,0.51724947722886294,0.29776489942063855
4489,0.77827761000205065,0.24688971384087346,0.49367013964048129,0.27231795085835375
4490,0.20505450353951893,0.37534699766476409,0.48929116263141159,0.2771169883553643
4491,0.5542852245054557,0.047970849390851798,0.4734021445325351,0.25708299317963862
4492,0.47809798669157322,0.84078343751287321,0.52266195267629068,0.30241436186674225
4493,0.19228264659772396,0.17625764211992501,0.4750670032593341,0.26454708561463786
4494,0.67690926909517735,0.20406036605023548,0.48870427058854543,0.26907080183938203
4495,0.54447891284498617,0.53027170899232146,0.50849655732688803,0.28847334437351224
4496,0.23048670828739415,0.014628983125637752,0.46306405798378736,0.2530201948624618
4497,0.50046284734172519,0.79372634562429745,0.52144883860943447,0.30091304383551465
4498,0.88480216429998404,0.61967645872033905,0.52018956800212313,0.29482789272473992
4499,0.72747534784117018,0.67836846981843701,0.5207380437534771,0.29709584337896772
4500,0.049981477432523388,0.60690983037367696,0.49592363441554338,0.28698364195262405
4501,0.022362135636049787,0.41204691422212641,0.48392049474475873,0.2767256134533464
4502,0.2233290710757603,0.10625589648316382,0.47058899860584608,0.25989294770749238
4503,0.55563824331174838,0.54148324689230642,0.50941452501143236,0.28914029149028142
4504,0.85517723917908739,0.29183280160484137,0.49821121424883663,0.27553226222752381
4505,0.16997760787525915,0.41045082931028448,0.49019561595628763,0.27871350040595816
4506,0.085796016432472977,0.45365984684216093,0.48930909205082218,0.27994576872111593
4507,0.65388081547602783,0.32704885680325096,0.49752902617921574,0.27717753454679706
4508,0.87145522831616695,0.88676091964818771,0.53347273065321266,0.3070417686203073
4509,0.11017057062062668,0.25126186869706729,0.47751563985828249,0.2686016603536675
4510,0.15897669959376801,0.033619404229207436,0.46253171451227293,0.25398742902623195
4511,0.037775296999386046,0.76898081927491591,0.50240755835313489,0.29336758117716188
4512,0.5962766198948376,0.56861807309769796,0.511903908922833,0.29081455199561235
4513,0.20642926269151504,0.82565014014969351,0.51247840397893296,0.29834272925822075
4514,0.61478284888329215,0.59553192142577616,0.51385072496602002,0.29231931547148882
4515,0.52401024345495972,0.12874869246237214,0.47981048616427485,0.26314901703247551
4516,0.90159973258433168,0.029343225119623825,0.47672471852126252,0.25622710936502424
4517,0.67265899052576872,0.77320622767143654,0.52458029783052207,0.30127941662011543
4518,0.59441377598947154,0.35379031928264304,0.49826221395359238,0.27859568652125982
4519,0.94231749031693912,0.18707811483287953,0.49113466595093791,0.26846571120036494
4520,0.22696960731599247,0.05516653055628995,0.46646771008381754,0.25613136876576659
4521,0.46941898794217274,0.31295696151769953,0.49272050525967076,0.27542256824710931
4522,0.90541881708534211,0.25880974684533431,0.4963890929660672,0.27343129087104445
4523,0.27946498147611276,0.18192623545028036,0.47819740998105686,0.2656295261755634
4524,0.96605485423052462,0.54808717981384836,0.51713822644105689,0.29128124226235708
4525,0.26219307747321435,0.80832390694910428,0.51422131998637111,0.29869369869404117
4526,0.56958531907304422,0.75238424226812795,0.52122352865750554,0.29964796367431995
4527,0.18628314836052015,0.94187892334706858,0.51434363869164645,0.30065600550194349
4528,0.15389003164177995,0.38405423898528096,0.48794757545021455,0.27703892878641434
4529,0.16740897738510976,0.048524323945946531,0.46406931661275358,0.25518907030912108
4530,0.48398133227328077,0.23906799882262714,0.4876870297212379,0.27071214902919327
4531,0.92918553226544753,0.70991328464358816,0.52591640343117496,0.29953888834197484
4532,0.49258288181464888,0.64345016380889586,0.51365130758143285,0.29392313426481576
4533,0.60601171067043902,0.21835774460515242,0.48857371696469049,0.26982623476849643
4534,0.21412951547127451,0.75020930785966344,0.51010494290679897,0.2959283095453033
4535,0.20759615421496566,0.984086459075322,0.51607210923070534,0.30179553498665501
4536,0.47840695244754899,0.21160511437220267,0.4854809239854167,0.26883008287560028
4537,0.38875446603501917,0.33185141647484856,0.49203419329073861,0.27609748230144926
4538,0.54926637654426747,0.67056720109774037,0.51650437317099362,0.29565183627272856
4539,0.19781991431607168,0.637225133776397,0.50399352601956326,0.29067593643564571
4540,0.5037891490825801,0.55518097914065001,0.50899555669253926,0.289530123282495
4541,0.80378558190542981,0.52625302048992595,0.51331991692195289,0.28952480242309719
4542,0.22128412346424303,0.67720651851334845,0.50692771092042743,0.29284116140428523
4543,0.173277046318457,0.84939099626721581,0.51166589619850322,0.29839927574365616
4544,0.15185990749296036,0.69392556033072772,0.50494326724145155,0.29263095302711506
4545,0.24605914639033147,0.54985904718596723,0.50111922440182965,0.2869950653998688
4546,0.90446929964482559,0.81632198410789714,0.53104665675376339,0.30444501612457381
4547,0.76505518835625841,0.43387723823053531,0.50679309783299764,0.28411815792282397
4548,0.25197607865767785,0.7625106711822679,0.51210566084304565,0.29693819637442564
4549,0.0041513826787122534,0.18017511105629383,0.46799172434097153,0.26268401499743887
4550,0.97227612495728544,0.42231402670113605,0.50910825494026379,0.28406090408163326
4551,0.74795048426050925,0.12938947184173158,0.48369077031332258,0.26384819484874955
4552,0.22990219279936283,0.7668045502088382,0.51141453902756306,0.29678753970789556
4553,0.60693888235137561,0.84653549014081952,0.52633126478574066,0.30380134566919592
4554,0.87656908909220954,0.87219228362849688,0.53301714999878236,0.30655963283882492
4555,0.81725270101657377,0.19911199584471762,0.49047309919980692,0.26908862616551182
4556,0.12317129341772524,0.64632336421330694,0.50134374779676294,0.29003025314001901
4557,0.65620541867568394,0.090024079704808552,0.47887277729907751,0.26064265834599243
4558,0.7589363878053963,0.99605940050127684,0.5343227603527152,0.30924409813876075
4559,0.53852130604222181,0.25475101346970774,0.49002201475767704,0.27201140304063676
4560,0.088987339638301646,0.86819079194254023,0.5079167502465457,0.29711692153641894
4561,0.71874182673163012,0.31565240799718303,0.49785255011907459,0.27668734489592123
4562,0.12158382679776987,0.77587408536371083,0.50698590966879931,0.29530609634854488
4563,0.13848786390224704,0.75527180110925118,0.50703826973323896,0.29490984969783346
4564,0.44878566685967386,0.75306781311262161,0.5181375236158291,0.29872249837384429
4565,0.41182610197936886,0.017024549727432895,0.46779115490665413,0.2541279067465177
4566,0.48655396797779255,0.43991487300660231,0.5015958361342101,0.28312070077518603
4567,0.44427015883988935,0.35983477123420454,0.49534171552326289,0.27816031539038322
4568,0.86118064297725216,0.38503538889264455,0.50500407566534367,0.28149274530783996
4569,0.49370719611645913,0.07110744669568958,0.47430163583012108,0.25869459160484015
4570,0.5966557391841314,0.92557562266296012,0.52859052451194855,0.30609095029634525
4571,0.37550456061406295,0.92436568444607548,0.52175919593402686,0.30347095536034258
4572,0.67544971017033095,0.79742433899244058,0.52583401609355951,0.3023861399435101
4573,0.018133247749542353,0.66018034504359824,0.49691252431511573,0.28881389601541174
4574,0.33671332161774625,0.10971713849535446,0.47403220885967773,0.26088404039632318
4575,0.61935262100094701,0.10363734516965925,0.47943941812343188,0.26158441250748943
4576,0.5001217708160286,0.31664414810371821,0.49367945037469335,0.27582097747649315
4577,0.21340365990103455,0.67781839178391967,0.50665552242751577,0.2927666960460793
4578,0.22736291651536014,0.66855284267446258,0.50672358250348959,0.29252002727149368
4579,0.81799536966694297,0.46198559831007152,0.50949601440755865,0.28594748457746294
4580,0.16377229197080015,0.73307293562839049,0.50726975959156706,0.29448945011490002
4581,0.18915135306284064,0.042115695499221333,0.46421515475874636,0.25486848455502614
4582,0.74234211858500498,0.0072750766069279056,0.47261285565599082,0.25418949774261662
4583,0.17767593869062839,0.49267395926056201,0.49536427101320835,0.28324438907256261
4584,0.72454144415123156,0.059963280153775125,0.47725010477860297,0.25844419931261647
4585,0.91937674289896387,0.88536861184499005,0.53428389246324393,0.30726603812448794
4586,0.98547694632279459,0.15233892864339288,0.48873250385114531,0.26597775799962187
4587,0.21203280289733087,0.72991420018126951,0.50913438601335592,0.29507671934410246
4588,0.61294537654885783,0.15883092953999295,0.48395747636462821,0.26565229064606494
4589,0.83056224711545512,0.47891086631942315,0.51078547552945908,0.28696480814087322
4590,0.82488173472135107,0.65910346150923294,0.52144098365201752,0.29659830712882318
4591,0.78340020393895682,0.94665291117589223,0.53362588036422842,0.30825175066225735
4592,0.019370403209410143,0.24103009885853391,0.47294487515524031,0.26677714974618966
4593,0.36101916409257107,0.8580520423964948,0.51948088619795374,0.3015811474592171
4594,0.7079904104806134,0.69088370118791942,0.52103354578608141,0.29760443452622748
4595,0.098107102827623027,0.99065376328973798,0.51060798064759905,0.29948610661500313
4596,0.26332475722980458,0.94152465999767887,0.51778241801255975,0.30208208087952437
4597,0.07666930636615725,0.60132187248152924,0.49693333411737889,0.28718236597429431
4598,0.60431657989119414,0.33153461140032159,0.49690675901597608,0.27725565053203416
4599,0.70561951566342029,0.036203513957106047,0.47480058413443632,0.25650215521220587
4600,0.36306092570881598,0.89498651606085478,0.52058948868431698,0.30259846533063178
4601,0.27221924048663348,0.11409828267047416,0.47265733464935744,0.26080622712775309
4602,0.88566926042697169,0.30529999732723229,0.49964037710191583,0.2764931887612041
4603,0.59948359471609591,0.77943849035267498,0.52327420525593837,0.30108757683176185
4604,0.86517818258224299,0.73242343395458309,0.52609250565421051,0.30036548601624513
4605,0.82428476514763904,0.29144848084187835,0.49773642101564652,0.27542787119984019
4606,0.92137205165891212,0.33946530377330492,0.50262781574188309,0.27879123997691713
4607,0.58620786990945928,0.070874609551217882,0.47600991331636322,0.25897332207985257
4608,0.98530049896124994,0.97977108699545501,0.53845299574049232,0.31048781188053914
4609,0.9541816610570415,0.044176694446231707,0.47871651820591732,0.25749837201224296
4610,0.38187620689767648,0.82464955298030984,0.51910102796924285,0.30081324622475336
4611,0.65992795996096687,0.90646284435765123,0.52964648916759693,0.30614808427872447
4612,0.947820505376754,0.31925503683484863,0.50150268464838932,0.2775470176080434
4613,0.28400480993330712,0.49237855847954054,0.49912519984969089,0.28440813309231211
4614,0.93708357291402067,0.61614695847585099,0.52078305531412927,0.29483219138758576
4615,0.49040123375285183,0.86659691507372771,0.52388935114507151,0.30335973483013795
4616,0.16110715350190877,0.6593437845071195,0.50362913484086702,0.29119823995791416
4617,0.1526917239533388,0.54527871348817136,0.49731564244962695,0.28560965489255591
4618,0.52471726322293988,0.5216641213243246,0.50752610397955611,0.28788795529220779
4619,0.61358350635509706,0.41352188666652656,0.50267384028789353,0.28228516357129585
4620,0.67015354980524866,0.0073092307633371096,0.47157215073480047,0.25406646084868523
4621,0.71926072282582765,0.21610872152814409,0.49035095917233573,0.27003628802018198
4622,0.95965853441430959,0.7144604262980051,0.52662505122822911,0.29987587081917805
4623,0.72483700860246314,0.10239515105212341,0.48102155890891735,0.26175306059418013
4624,0.95616265743778794,0.66664898339716028,0.5239442872948904,0.29749049392460963
4625,0.84791235474891724,0.336378723457607,0.50137462191198656,0.27840678614216607
4626,0.88700143006135479,0.091495480732142462,0.48226045805308659,0.2611979848593905
4627,0.84186738544356787,0.48103014465625171,0.51109900752691972,0.28712491443302507
4628,0.69317894562728477,0.26177528235738867,0.49344065271194826,0.27307154356519148
4629,0.7096091478364891,0.25132708283617394,0.49292287691740277,0.27242154453203904
4630,0.81963138438131422,0.11708169088846772,0.4836448319203101,0.26306244447195276
4631,0.52683703425907302,0.4880956949059968,0.50554566189025618,0.28607157560038687
4632,0.27423183887546182,0.23829982941654745,0.48223700797221142,0.26935212098327044
4633,0.63852669896710434,0.60934293716162213,0.51513670239296394,0.2931624813468911
4634,0.89013513177620485,0.55058285134680329,0.51618174529240757,0.29117292744433393
4635,0.52336132167485772,0.51633334235193906,0.50717568107240463,0.2875919769708622
4636,0.70905415743194755,0.95911984153032537,0.53228202602438113,0.30796467848904713
4637,0.13221096402617405,0.94652106413504811,0.51174969064842435,0.29960146956336464
4638,0.2576194388229982,0.9470746487658821,0.51764914491822545,0.30208865785766492
4639,0.92782053303791912,0.10511118540373864,0.4839621715754473,0.26231226717122069
4640,0.36726305428348716,0.41452622787948934,0.49689406934923075,0.28083893965307843
4641,0.81360299834049077,0.58291940603120018,0.51689249585149055,0.29262439622736691
4642,0.36680866613065594,0.36036661630327582,0.49336464057792695,0.27766804113976673
4643,0.39187275772833968,0.58516648683325623,0.50773110570080127,0.29021523682243805
4644,0.59011151435551013,0.067324736632022542,0.47576421413612741,0.2587076298956571
4645,0.93992898601932695,0.3001264171697316,0.49998051151122935,0.27627546974160005
4646,0.49110793382494017,0.99479812489670005,0.52712690354597258,0.30645713372859446
4647,0.27873775859336603,0.37092484456422969,0.49146737073808255,0.27757778100639002
4648,0.42046922144532439,0.63332386356428039,0.51117636555866985,0.29285293437801307
4649,0.82776534110101641,0.091767752360098528,0.48153189258853968,0.26112894275982318
4650,0.62968775794651599,0.65492108947708039,0.51748029427611941,0.29540153555061888
4651,0.31863233499162597,0.79621714154252554,0.51589623296028231,0.29906093621624724
4652,0.86792911295857045,0.68396546248554957,0.52353128402540317,0.29801883657299866
4653,0.55913202079351765,0.94203913262161665,0.52799338762854964,0.30611930440993784
4654,0.57215296365561663,0.051320106886082802,0.47402205012260562,0.25739944071394255
4655,0.45640313129673016,0.81265143393977779,0.52098421443283072,0.30121871643310627
4656,0.41336952241052644,0.22690488652369242,0.48514407231251239,0.26952723891507191
4657,0.65925300212799343,0.78308758820757507,0.52478815825792946,0.30164607790655107
4658,0.76069042468707782,0.75499526727158806,0.52541363631183446,0.30093483343496069
4659,0.86126465813269615,0.12619491441078717,0.48498257942162709,0.26382645618248679
4660,0.76964037766315752,0.2489995363652357,0.49370078133231854,0.27243829389530522
4661,0.58479913936556549,0.72832204948175938,0.52036003749305215,0.2986411254373213
4662,0.069614054042671347,0.26126197848763549,0.47654251162413919,0.26872202209441715
4663,0.75039978554471165,0.25430047898726771,0.4938079815516917,0.27274393513862288
4664,0.90982797186191899,0.39616159505682297,0.50647058498792774,0.28231063084078195
4665,0.49726530919879447,0.30291578218821669,0.49264473762146871,0.27493860037175555
4666,0.79413714564965343,0.20465454465245131,0.49058667738755002,0.26942815247696494
4667,0.055404516706673901,0.36414690049927451,0.48258732056727349,0.27459972223914692
4668,0.75672149779620812,0.8387275088609546,0.52937009829442028,0.30459574412423329
4669,0.93280420864814662,0.66865391037397792,0.52370667923370107,0.29750737298662883
4670,0.71170229179213051,0.56306257267816695,0.51391075871409431,0.29112529612859228
4671,0.41606339412721577,0.79911788347299451,0.51923541171410703,0.30030325033126798
4672,0.91328468795636442,0.16289575639375253,0.48876606550476093,0.26665312064649577
4673,0.05060362754893722,0.88380144128947291,0.50611290508113149,0.29653759152784609
4674,0.48053107431848768,0.90979621329576477,0.52485967164453273,0.3044547882839142
4675,0.16845868244679879,0.082039378465397758,0.46688538431347526,0.25769548648963142
4676,0.88037283479465411,0.749412628584879,0.52723665607547354,0.30123985526562697
4677,0.066843663749343252,0.026919325827190185,0.45872411629227117,0.2526526333725298
4678,0.57986175020131059,0.56652869334685385,0.51142248873513307,0.29060852400206205
4679,0.44254054918353214,0.32739555327970304,0.49308752985855664,0.27616694638325689
4680,0.72781676444407783,0.94100687804518968,0.5322392686162265,0.30766454196635584
4681,0.97445403420642251,0.60118021300047408,0.52044898336891732,0.29416943807107654
4682,0.82141464568983069,0.85496719705016588,0.53130921188344882,0.30560810024237706
4683,0.17462397762875773,0.15647489647689508,0.47297419056472323,0.26303847607978326
4684,0.33209814558121142,0.099102966463158387,0.47303724780265727,0.26007633352144988
4685,0.45526097264561111,0.67352784230372642,0.51427054010778162,0.29508627926340436
4686,0.86236782230556719,0.46660726872362429,0.51048659865897283,0.28636359253849103
4687,0.033123558029031851,0.47713428634939486,0.48818334340572289,0.28033384510582154
4688,0.2688142883633613,0.63547284200190346,0.50653284227257556,0.29146364710821548
4689,0.86800306407039751,0.67752169919792793,0.52317861825497147,0.29769946882798543
4690,0.9565134021598497,0.81102374502421593,0.53161000979298312,0.30442438226507529
4691,0.97672786437644388,0.92469619641172474,0.53666224406699292,0.30888075878404675
4692,0.57923726695313826,0.5199423810435343,0.50865611686173084,0.28812236645309386
4693,0.24059928304628703,0.40284649512368492,0.4922559787647971,0.27905499065916312
4694,0.91818379391502825,0.77832870823357958,0.52934687582005457,0.30275815643909987
4695,0.8259471688401071,0.10026932597114938,0.48225973576696496,0.26178481626495781
4696,0.52859855552854718,0.14282594208641677,0.48106409274082518,0.26419624684352611
4697,0.67761180910953556,0.38141110786068022,0.50174706255042956,0.2806435469382389
4698,0.2504468847465352,0.88258910719802375,0.51592274210264244,0.30058430186012736
4699,0.75141932413111212,0.86888549508635193,0.53045027263319566,0.3056654864709285
4700,0.16677042651429075,0.37364879521309635,0.4877856997455336,0.27659688264434434
4701,0.12196470669187839,0.26147419622080637,0.47868110873488601,0.26937702331837893
4702,0.55225980915041872,0.0116108606157708,0.47004495389968587,0.25415053747036037
4703,0.39904545855986656,0.92104999251355191,0.52250393857523436,0.30371736270872796
4704,0.69035652070982612,0.24588367584975204,0.49218555826799171,0.27199280309563439
4705,0.018619198771112136,0.98042237967596157,0.50577697330398064,0.29726524311440577
4706,0.81691815757356823,0.82640036843031417,0.52999707957115938,0.30445111646803513
4707,0.67969147963217702,0.16722689584890615,0.48578584304860034,0.26646020579708496
4708,0.72272990984903884,0.66184808273568052,0.51974622693503902,0.29625628535891757
4709,0.053315165112575051,0.5886783255361836,0.49515810023938694,0.28618516248805542
4710,0.88338490589592844,0.79062357045622789,0.52940697072832632,0.30317746912266297
4711,0.5809351079827525,0.58047925305949755,0.51225126818796218,0.2913420443302957
4712,0.068605701534880797,0.20223543449071005,0.47238756503680002,0.26497443968234119
4713,0.52959579229945086,0.68729439301650275,0.51691219693377111,0.29631678260394284
4714,0.001587208493507933,0.21098004542827842,0.47004807814308236,0.26462951393022582
4715,0.32573532631528795,0.43768105461081724,0.49713874346692333,0.2818090782195467
4716,0.17315791953542503,0.39125526225856738,0.48912987840437216,0.27767307507865624
4717,0.73740011373403258,0.10531391890837113,0.48146244192888338,0.2620034516892587
4718,0.23974277303646088,0.13956886950525224,0.47374260556805858,0.26239654176706889
4719,0.43574323230438172,0.40475818952912229,0.49809321868360035,0.28076771550922069
4720,0.49937996400553969,0.21901957280685894,0.48650278807636355,0.26943377239510008
4721,0.5162292077599675,0.88902479935701706,0.52533168636334993,0.30428819721547595
4722,0.77418754802743206,0.93611796570067529,0.53313102507581456,0.30789914563455129
4723,0.19418208470823012,0.98731971990937606,0.5154920886689266,0.30157707540348289
4724,0.65679360839518486,0.37633430339818591,0.50101646573685898,0.28024924676664664
4725,0.66834932883185105,0.4942620930433157,0.50891551978491512,0.28717323234574854
4726,0.5069260845290614,0.63027540946035887,0.51329740401270341,0.29337878678862683
4727,0.32735027461111316,0.14310954728642247,0.47649292063053567,0.26324052559197975
4728,0.49635637407730104,0.45784397667484594,0.50295834490831492,0.28419740321396364
4729,0.9719215838386096,0.26994571091796971,0.49809537937386422,0.2743200198191813
4730,0.99001717709979287,0.27989177868842385,0.49907929080839503,0.2750256787924677
4731,0.40705211755187487,0.023771885130053853,0.46829707629788819,0.25464905688614581
4732,0.48077420933410758,0.091332478837773678,0.47578719565779215,0.26019211320695951
4733,0.03418907916567987,0.58833347064008712,0.49418506601521006,0.28582693011881449
4734,0.62024371822098046,0.23925245905857301,0.49044400557555995,0.27130384755642939
4735,0.81516834464502763,0.5718298774961964,0.51626309732734232,0.29204127070594449
4736,0.94501112326994774,0.65559278088832518,0.52315775728569847,0.29689126709306896
4737,0.13127812547414797,0.073962284269428358,0.46496697380550023,0.25678045578164843
4738,0.75528388808368474,0.8058937692290522,0.52786903074721292,0.30323434304226532
4739,0.6654448768122937,0.39670711186385016,0.50255766967646476,0.28151720909281697
4740,0.54664369828895432,0.51080537274099191,0.50738028074727015,0.28743555776749374
4741,0.054892737781780311,0.41370168003494617,0.48556644690251533,0.27733661061856685
4742,0.85108454233094821,0.49882103559485408,0.51237320455384006,0.28816707178597334
4743,0.4147512110497919,0.21924958949094872,0.48460119137326407,0.26902075179438301
4744,0.65522809202995846,0.80151657178465974,0.52558630956293362,0.30242972902344917
4745,0.27808813074448846,0.85519858341416122,0.51631418896372971,0.30032398974713176
4746,0.33241479781215316,0.1535964651532355,0.4774582924280607,0.26401429148386429
4747,0.080860113887058105,0.60790164941310654,0.49746770179810346,0.28756205012792435
4748,0.72089744609150797,0.75698245036698641,0.52474545540381257,0.3008131024520872
4749,0.03297938556725858,0.075789390082319733,0.46137352934070769,0.25589876348705026
4750,0.67406411528674659,0.91523297515580204,0.53024926151851859,0.30651780534013456
4751,0.82578414983417614,0.53513061454143607,0.51422620986757894,0.29009667436756387
4752,0.47708290961437161,0.59963431698865022,0.51085207879464067,0.29162701752522063
4753,0.93526863862298204,0.76774852849344033,0.52907105724047709,0.30233344939191714
4754,0.044855155841179661,0.076933333078713625,0.46195247246106125,0.25611869238734453
4755,0.76928365504929097,0.034279097291186923,0.47552384365466105,0.25645726619164555
4756,0.36431483902408512,0.31517590656174582,0.49023828469145841,0.27490175526346544
4757,0.10201879347624492,0.11890682972519426,0.4674904740078476,0.25972710585504299
4758,0.81527933830689869,0.83060491164430272,0.53015531086373202,0.30461545095450027
4759,0.56110356378004655,0.21666555362265791,0.48758613331141765,0.26953831334653494
4760,0.083632574739668064,0.52129083977193802,0.49301846737878036,0.28339999274571942
4761,0.19725395840049023,0.57539028895428634,0.50071815740055703,0.28768970770114399
4762,0.50262019868182251,0.51509417202362096,0.50660861059220352,0.28739184329916034
4763,0.90775958162430914,0.43525586829652313,0.50909284734489568,0.28466306213106368
4764,0.44607288823529379,0.49074855046496962,0.50373555093793321,0.28568478257750285
4765,0.77718582304754524,0.95739446229046443,0.53378180377244422,0.30848128071175385
4766,0.62348964832633502,0.82062248096793189,0.52570390080874385,0.30297870904457225
4767,0.92159357374034601,0.50832508448314617,0.51403204916837497,0.28893307016934272
4768,0.94708244802454722,0.10048506398057798,0.48377672739450572,0.26197813687646043
4769,0.27658549261317822,0.66954123137741117,0.50856192702679592,0.29315999168497564
4770,0.15000605395977618,0.29251195092968413,0.48186324247164619,0.27160810664744811
4771,0.69021914536430273,0.28192290992330532,0.4948974510898993,0.27439825774000892
4772,0.19741914100268623,0.41736723213464721,0.49164000388663748,0.27941365543115176
4773,0.63451524952229821,0.32825557912985098,0.49725483326689346,0.27717643167985084
4774,0.22481033536669565,0.3586120539961965,0.48890358719752219,0.27634745476221967
4775,0.4266842256456963,0.98071448062550048,0.52474516713109454,0.30534864064995193
4776,0.56522514476218499,0.2719912309992244,0.49184273643835491,0.27326579348124369
4777,0.98149188907524809,0.93462384861382897,0.53706631110307035,0.30921141671653252
4778,0.35045095909902596,0.38050416600649478,0.49423238445949336,0.27873682744403716
4779,0.63188492339520019,0.48947529908985604,0.50789853254149586,0.28672900815835273
4780,0.2623895756932092,0.47484369663140974,0.49737545508844089,0.28325232013864027
4781,0.70608228650324756,0.66126777639385548,0.51939187486137317,0.29614146020033238
4782,0.72939132447369637,0.91756689690455107,0.53160002917155524,0.30703509030366466
4783,0.82272255099936153,0.12725809100804616,0.48456521175310485,0.26383911962573126
4784,0.70462709898924225,0.42386708757031011,0.50508360152507659,0.28329501845375371
4785,0.3318044148919988,0.40796704504365339,0.49545840319038342,0.28017911847336097
4786,0.99737059244810378,0.31994920342908012,0.50217934892255667,0.27769543644281525
4787,0.36647008426048561,0.52759508747759976,0.50372802831078745,0.28703228335986553
4788,0.03724083509632619,0.38893849046583057,0.48326006560433665,0.27570607726082025
4789,0.78676549927458406,0.88014814681947473,0.53159087456898457,0.30628756682877517
4790,0.68021240502722802,0.060424357056233571,0.47662590273308242,0.25838905902688497
4791,0.89380685789658454,0.20639745254410663,0.49209920479082159,0.26976400221323305
4792,0.62175034834869436,0.9548745168033872,0.53000703681022876,0.307060617263131
4793,0.32255374685997379,0.57303635166332834,0.50496496909941446,0.28896740365995799
4794,0.44019297832926974,0.81141903059483744,0.52045382854545108,0.30100749513098396
4795,0.80633109329972652,0.50144326679717055,0.51182183261098058,0.28815441747935566
4796,0.62640186342761162,0.76138945951372161,0.52298472461501477,0.30044740467161146
4797,0.40516032088865761,0.93754357974500169,0.52310013474040373,0.30417259223204984
4798,0.73727896486235556,0.41514476710179588,0.50507889790066929,0.28290585277150021
4799,0.92087734484091643,0.14535838015897898,0.48737533122148291,0.26536370402100434
4800,0.65707135417613904,0.78969396259038482,0.52506613402513846,0.30192882749796529
4801,0.9461832631734084,0.1000988884515944,0.48373198520237554,0.26194698193098598
4802,0.34301790060176285,0.88366201415803525,0.51956716058746921,0.30203168866989905
4803,0.85879589590170657,0.97017185404830386,0.53582298682636731,0.30941149381386335
4804,0.67203716815974335,0.68641965830108387,0.52007085795355179,0.29718940707991337
4805,0.36413254994753519,0.72742869350427064,0.51436611565721702,0.29676512180900355
4806,0.10909436055877013,0.47926510327629512,0.49179957753666648,0.28163015107028633
4807,0.8470831328628935,0.87192487676349706,0.53246310325707935,0.30638022357357558
4808,0.54285386637173361,0.74719679134703487,0.52031504112664784,0.29921599426434536
4809,0.842958100899181,0.79483831186365572,0.52893174731502957,0.30318514455637074
4810,0.20601877595683329,0.91771855476883946,0.51478551963082497,0.30057379533414924
4811,0.3240015151222353,0.90358136667216904,0.51937050057201184,0.30224606526026687
4812,0.44734197169285039,0.55373419994240403,0.50748126379671799,0.28905087163300403
4813,0.11713582895147848,0.17700522308860675,0.47246802974690921,0.2638685415018463
4814,0.66003908854258486,0.088761571301461673,0.47882424909763044,0.26055497803404709
4815,0.56138455062323489,0.023649175523954909,0.47131865175176169,0.25515513659354055
4816,0.32030409786860692,0.83901000505863932,0.51743418048556122,0.3004743343287129
4817,0.79544175610843815,0.19939751730508873,0.49018359025790142,0.26905922187770137
4818,0.90051198820614964,0.3795765464751632,0.50518978934403436,0.28126436912934327
4819,0.26523734811792382,0.42853355114412267,0.49467223846776548,0.28074329142452475
4820,0.6939094862916857,0.21432097705685302,0.48979731842905422,0.26983797064234238
4821,0.67657772797740756,0.5124630116462825,0.51019705084048339,0.28822051006360611
4822,0.98464007438536505,0.11559951719805832,0.48554079692991542,0.26319295299275036
4823,0.6329880174757796,0.36074673138713698,0.49949709061220776,0.27919456151822258
4824,0.35536277247626569,0.81700736102174276,0.51793882889054765,0.30023710005594301
4825,0.96692536971214005,0.43699849602755858,0.51002699772605509,0.28492747176042266
4826,0.57135314230293732,0.85467101759534558,0.52572487667599288,0.30377107194239178
4827,0.44332316645021785,0.98940569756823826,0.52547397610928082,0.30573746792093759
4828,0.81868123890681899,0.21685669920056827,0.49191379098400156,0.27034345191585224
4829,0.61388750905211786,0.74409058076966317,0.52182983085346313,0.2995686443239256
4830,0.31088636097036071,0.93712593858422488,0.51962708042847094,0.3027824600700873
4831,0.066759310371580075,0.63295442698706172,0.49805643613361456,0.28848595539837968
4832,0.68652135280099469,0.87431587399529531,0.52922444412226388,0.3053765939358648
4833,0.92897559741189473,0.35870126817025011,0.50410995439960904,0.28003162494034484
4834,0.67220777882324767,0.83317744661072513,0.52734238242045317,0.30381790891452476
4835,0.87116369419371487,0.5815801774077699,0.51774899616346648,0.29277545119260262
4836,0.69293137756161161,0.42932676944726844,0.50523109825459289,0.28356810574899999
4837,0.23162601818806725,0.41564530681838519,0.49274588970478544,0.27968521857371553
4838,0.041324118167755663,0.0085257089271792222,0.45618234113622275,0.25098525524522375
4839,0.15980972733563975,0.64379603418897613,0.50279230629666927,0.29046043623556339
4840,0.86599104240058222,0.10676358329638606,0.48335042460158723,0.26235066228690196
4841,0.16430805589283118,0.19632528074866859,0.475607625275135,0.2656346050132366
4842,0.69692219124316479,0.50953346368166397,0.51040369391912865,0.28815351795154598
4843,0.11965966188033345,0.16474149378034053,0.4716490739350116,0.26306986551259581
4844,0.26876552531268683,0.9350128501983942,0.51787863565632719,0.30204685319344721
4845,0.96793328460961359,0.027475986556417774,0.47728942319264583,0.25613641712958868
4846,0.51791204834928506,0.78715023083625135,0.52162368129647241,0.30079564915309254
4847,0.33402613819040128,0.27743403278180634,0.48676883843002339,0.27231886227717716
4848,0.32769607150967933,0.71512569177945851,0.51258786883864227,0.29582706909935913
4849,0.86360830004775202,0.86425121640382574,0.53246848759718601,0.30619634672191831
4850,0.070437039844237742,0.56193475465782694,0.49459009633179313,0.28519418833355425
4851,0.56755435754290084,0.74967027830827282,0.52103857498473738,0.29950905739397504
4852,0.43107510722620646,0.77034533950114858,0.51845392902608844,0.29931474281888587
4853,0.60715225142446583,0.62775560838474198,0.51549785781646862,0.29391338200467521
4854,0.2490157959517208,0.79044293930655118,0.51307150973592985,0.2979067195077314
4855,0.28356892301690534,0.12227472582758638,0.47363655552055134,0.2614720108761362
4856,0.37355577587253647,0.36093705579297386,0.49358694353269122,0.27775127008434647
4857,0.27297498558765515,0.27214840394392376,0.48461763961772647,0.27151597794381088
4858,0.74249027138893731,0.29452188118350464,0.49670171881143271,0.2753950012584071
4859,0.87168392564052488,0.0024846057303831914,0.47380600463076022,0.25395486493702674
4860,0.49076420006646077,0.70974254915287016,0.51709259038652999,0.29708323750983356
4861,0.10311678876533406,0.10070813954951009,0.4661037866320446,0.2584495296170638
4862,0.9778830434366711,0.88766742610564697,0.53536459884454324,0.30765490894397246
4863,0.90040320340035263,0.83654626539674359,0.53193677127135774,0.30530135588583102
4864,0.26937539165051422,0.81886465054679436,0.51485587980941871,0.29913304374796335
4865,0.39409341693542665,0.73947590646567996,0.51588063941186912,0.29760578005509153
4866,0.85761593263357649,0.33935994252836099,0.5017301164550434,0.2786231280332036
4867,0.11945245289002779,0.94855682325022062,0.51111837883965661,0.29935006313047979
4868,0.088873242950241557,0.11593981805326185,0.46676096241668114,0.25938090830931804
4869,0.3003631041654502,0.071092550975119226,0.46986383263652237,0.2578009713759698
4870,0.18409415659195513,0.56161057113186685,0.49946207533288728,0.28683975641710813
4871,0.97987300176109415,0.13698400376021164,0.48735147522269334,0.26481748001726124
4872,0.5458287262327155,0.051087085797998588,0.4735277001875246,0.25730420568474749
4873,0.70571823282084656,0.14906835056740092,0.48470481224891393,0.2652076305528715
4874,0.0090282017241348524,0.48398370600981871,0.48735292657634244,0.28026085913023047
4875,0.13791610114845679,0.21865800038730959,0.47627875953670457,0.26683194221165496
4876,0.90675006717987128,0.97346695745125189,0.53684636571818645,0.30982517090226458
4877,0.14992017939562211,0.58642648154407506,0.49941232017919496,0.28759643305378441
4878,0.51171806900153172,0.02310765716697788,0.470363530717122,0.25496759062831842
4879,0.4365048895201995,0.43309549080278958,0.4999254896541519,0.28240425217407633
4880,0.69160909151769012,0.81947601578781615,0.52718736194393012,0.30341526431667315
4881,0.87288383335889086,0.47888827485508523,0.51143844078495593,0.28710523013457834
4882,0.84874173966654343,0.36435230702242116,0.50337730795029512,0.28017505408861215
4883,0.094089343416539489,0.030075276523001959,0.46000186987213904,0.2531570782629296
4884,0.83224891318579908,0.87009203595515583,0.53211211982035778,0.30622633864384108
4885,0.76766803866467681,0.79663212996156663,0.52765270563940969,0.30288787851852961
4886,0.96467521988296645,0.62353077411776181,0.52161448041825609,0.29531034701102682
4887,0.64455061439349093,0.61957468952698402,0.51583865342157043,0.29371721519815525
4888,0.47112077367008898,0.93478269015309645,0.52520288530774806,0.30495357179818627
4889,0.63915239384382727,0.4658783619440976,0.50656441161874222,0.28543686773487981
4890,0.31973418654963609,0.2968800651892205,0.48772994934949648,0.2734391607786309
4891,0.5957046090215794,0.94120380111766289,0.52897555429763943,0.30647474039862338
4892,0.5844159072707058,0.89343143924657498,0.52734285977303375,0.30509390420698984
4893,0.59368876183842079,0.45421052875438478,0.50489931643392894,0.28454582329599037
4894,0.69727243431509711,0.26080548961408206,0.49343660897359476,0.27301993538623937
4895,0.50632418068108387,0.90756802436894513,0.52557323067855777,0.30468673739255087
4896,0.75619508777208388,0.16816095164046857,0.48706181016962574,0.26672600098115601
4897,0.34270304910055127,0.47428355758198304,0.49987928681374888,0.28397577386657902
4898,0.2404032207692624,0.75956679911451652,0.51153640105511156,0.29666467698332749
4899,0.80107398234704741,0.92717133971039445,0.53343584180418346,0.3078467017624309
4900,0.59756725078733874,0.5204701104723034,0.50908319814060654,0.28825381661883076
4901,0.34792011081728857,0.79524076253044185,0.51687762244309776,0.29939019863549704
4902,0.85615883675954541,0.70755806494144491,0.52461707030803806,0.29912693404527957
4903,0.75560750566861834,0.55856093380429084,0.51444659700602757,0.29108352922401526
4904,0.068342186705081256,0.97966018121271625,0.5087691622556938,0.29859087572637449
4905,0.78730550440669755,0.22588979117010022,0.49217092395457562,0.27089754855606685
4906,0.52215811648654054,0.70169421162732182,0.51747893441430826,0.29694574373450394
4907,0.26290959191106961,0.38244593868915694,0.49170354459876714,0.27810297628149766
4908,0.51588936619417514,0.14124328799798389,0.4806811467209961,0.26403221978659747
4909,0.014990627945715098,0.44603446100124855,0.48552508796581184,0.27840798665634453
4910,0.11003553478583926,0.47949764479572188,0.49185335519366397,0.28165572558592483
4911,0.078990421762980989,0.50385694179279961,0.49184597989597129,0.2824467389427136
4912,0.58030228874488965,0.34648954982481667,0.49747236877394202,0.27807970512905011
4913,0.8061333143552416,0.78757070248125827,0.52791172688783083,0.30267311417642856
4914,0.55496128534855094,0.65707181917227575,0.51591619337457606,0.29503394788533671
4915,0.89426358790969251,0.87671649715496458,0.53351090586115257,0.30682152105219329
4916,0.15674323834510287,0.71457871553670849,0.50614057287025249,0.29361540514546469
4917,0.92275175242017726,0.20660203401228647,0.49248611056879305,0.26983222144585367
4918,0.51725211212515132,0.010001111025537831,0.46926096368443515,0.25392029366755753
4919,0.74561567820707575,0.216990949557547,0.49083672609401896,0.27017066068029727
4920,0.60639887969257544,0.99451013026187429,0.53049465387331352,0.3077730191797039
4921,0.43218932322611803,0.55411728991809073,0.50709999920131688,0.28895491820715435
4922,0.31585184007129868,0.38203382096147398,0.49332442051677788,0.27854773113812004
4923,0.067749775703146595,0.19943171395984247,0.4721513751859045,0.26478177204910786
4924,0.78805124335010768,0.20373444074132716,0.49042396014811113,0.26934869809148565
4925,0.58866995887145168,0.77820760927953525,0.52296132690131736,0.30095654501984037
4926,0.12834105607360835,0.88933321049328673,0.51044363734467479,0.29843339142600533
4927,0.57339776592144043,0.175969604371849,0.48461972935567016,0.26674500867098561
4928,0.65608634396028942,0.23071380406286335,0.49043120671865847,0.27084841598326792
4929,0.50514251444138347,0.55566039795450628,0.50905631064140611,0.28956439763395403
4930,0.58522412291107473,0.82780760188963043,0.52507040553138884,0.3029495002812202
4931,0.77739741631121151,0.042770978550973816,0.47642150985137083,0.25715980567022262
4932,0.30962435831389162,0.88832912695897981,0.51844064648586619,0.30166315943508404
4933,0.70304104326091477,0.3898520521260449,0.50277863229569497,0.28125626352935923
4934,0.41783034620453835,0.48490155028180454,0.50263979457235008,0.28515922531053994
4935,0.19861134671961189,0.62015471362971009,0.50314186885398626,0.28987745204593168
4936,0.01231915975419106,0.25277989215074342,0.47341298621742217,0.26739882246621283
4937,0.7398839167966158,0.77720930131151111,0.52614468827710248,0.30185135908518063
4938,0.49233241750659656,0.37204834369228923,0.49730760443189809,0.27918332047243766
4939,0.45446829043031906,0.75465625160821947,0.51837424386148445,0.29884386693819465
4940,0.62886790307032647,0.96661338685100195,0.53047514292397968,0.30740227231891659
4941,0.46606167037800189,0.30277355332864681,0.49192417093462953,0.27476163042982382
4942,0.98821657809553443,0.66492727329382906,0.52431327017165663,0.29751388356473168
4943,0.97681048488918465,0.77633056092121411,0.53015052476393132,0.30289925909021814
4944,0.13717114011273954,0.70207484507571216,0.50469938062074626,0.2927689346616601
4945,0.1197293664535624,0.81462507160237296,0.50812509150543861,0.29643879730322553
4946,0.089963098702894068,0.75361833853014981,0.50463911796466121,0.29395728319746789
4947,0.54765084795333685,0.15046701473054708,0.48206234327085978,0.26482200222896934
4948,0.6763348475267762,0.074514092172367957,0.47782612704481925,0.2594882250126645
4949,0.53733570516834739,0.88295137094879761,0.52574452388137793,0.30432998417538776
4950,0.89764891101921684,0.36758183347239393,0.50430844661337637,0.28051032764771622
4951,0.91539416661959838,0.55766285393984283,0.51699148496290503,0.29164369148326985
4952,0.082833820352901238,0.55863479895797785,0.49499508647987428,0.28523560674458559
4953,0.96218142577762489,0.96768838815029012,0.53771320754447793,0.31003158331698344
4954,0.8155486031699809,0.44276992656687508,0.50820279053719686,0.28481928438059373
4955,0.65879688657220692,0.77191669306565314,0.52422083503665584,0.301135170636956
4956,0.30770720929206585,0.052568097744218542,0.46847200037030901,0.2564311589207347
4957,0.40697037150651455,0.4433401377605391,0.49979603501018588,0.2827744391983788
4958,0.54132598181705693,0.2962030560933403,0.49311621501850639,0.27472836469295919
4959,0.10264424165148521,0.48505349839924605,0.49184889681953797,0.28183799996997716
4960,0.79199269470089351,0.50099146255372329,0.51155603239593961,0.28807496468176469
4961,0.94021966575899862,0.61511992488742107,0.52076977790284162,0.29478930991725677
4962,0.11117348418472102,0.044973352946818347,0.46186565263135504,0.25444214443713653
4963,0.15212789082819364,0.32976643093555469,0.48441479252273939,0.27387209815943153
4964,0.62050505870914785,0.57395825363086772,0.51273243253378153,0.29123210516115505
4965,0.5010138466306846,0.13482953896542313,0.47985244614895312,0.26350600424321452
4966,0.91472705835836243,0.27887205029990292,0.49804873713990711,0.27480685270551708
4967,0.11877713481764077,0.14448942971924555,0.4700852283950091,0.26167827156898521
4968,0.050474136578629258,0.79852365022163141,0.50402076364238191,0.29451917099910724
4969,0.78307882854215571,0.61811808212212049,0.51840816351840713,0.29433267504096788
4970,0.94570211078318545,0.9467409705697909,0.53681384106587871,0.30935651118399621
4971,0.35748614803756357,0.399886547102558,0.49568440516037549,0.27992053082946639
4972,0.71637426057407871,0.17238218305896735,0.48679725945622099,0.26693188553372937
4973,0.12614985167706619,0.38062759190766376,0.48663846152154672,0.27650271538950738
4974,0.50288228426376591,0.25982250459146455,0.48964481694761131,0.27218055416218745
4975,0.56980377653926839,0.69172541894557649,0.51811003559409397,0.29681042643247102
4976,0.66308531623185851,0.99330244800163203,0.53195889708864741,0.30831889745002072
4977,0.14555041482256495,0.77363593434331712,0.50804069530605989,0.29566953750866748
4978,0.81201705244706246,0.94566305024473696,0.53420206583527707,0.30843802430315459
4979,0.27749796484374678,0.31468839462465842,0.48769804382262405,0.27420183961354833
4980,0.39651298679268221,0.33103265095165701,0.49218100429144723,0.27609942818833472
4981,0.77653183718869701,0.22636312447154197,0.49204697828244548,0.27090300784291127
4982,0.071223063576954876,0.48052706113775495,0.49018518001380845,0.28112971112604429
4983,0.40386341365874978,0.92748141928502592,0.52282256047481046,0.30392980598878128
4984,0.96280649420145215,0.79456935883333213,0.53087415088772749,0.30369346417191334
4985,0.61238647768419474,0.82669037419775271,0.52569068763749549,0.30312577697417509
4986,0.51850239285969879,0.40692975828897909,0.50021616547523606,0.28140376508511483
4987,0.01426808347577462,0.63507748678518694,0.49548782700999294,0.28761026410846435
4988,0.75953592093115441,0.5977481239509187,0.51681848454844193,0.29317243028852941
4989,0.0088372716909856531,0.56393102764018121,0.49161722078056469,0.28419544888514431
4990,0.51682292463484925,0.21383358915668216,0.48647258859291942,0.26915837578195978
4991,0.24849624271740903,0.95156011063338952,0.5173432486088797,0.30201069632507016
4992,0.70432850995148766,0.25263096924539424,0.49293467892647613,0.27249307791695182
4993,0.3165293390022707,0.11722753266311485,0.47412257637396676,0.26131431627549639
4994,0.030027265065989926,0.13746116201278055,0.46601276427604271,0.26018445205607432
4995,0.19116191091436197,0.47046186908181992,0.49459005641593395,0.2822346444201066
4996,0.48504153544331208,0.92242880085887158,0.52532723644488066,0.30482304005477268
4997,0.39489471910934665,0.24178377145190025,0.48579667190666581,0.27040887980226541
4998,0.72326142135014526,0.083224414207309028,0.47931416250264403,0.2602701725386109
4999,0.5905461792430724,0.077481244177010383,0.47666757842551438,0.25949845059429699
5000,0.16192913588198135,0.10912842272127746,0.46885268907193689,0.25960350961449785
5001,0.925560729830328,0.085006159867637335,0.48214099268950272,0.26074032788581408
5002,0.34866395473041339,0.63435095321148405,0.50910989060924761,0.29225077511005765
5003,0.47950860217056474,0.8298948917818606,0.52231104396561512,0.30206143647916694
5004,0.091405996414565024,0.27688929654486716,0.47850977847122866,0.26996133036462272
5005,0.012859394233988132,0.28205050982179819,0.47538341810936396,0.26918221319517149
5006,0.04799185001157457,0.6870798358617467,0.49975355646628311,0.29057704841746296
5007,0.43760102715065008,0.76005075141066913,0.51816134853423279,0.29893363553854779
5008,0.3119102548710187,0.77684291449623422,0.51489931617865714,0.29826826369997744
5009,0.31202072703844169,0.13338941125056009,0.47530829579658584,0.26245233568316578
5010,0.73243970218218168,0.35589267869266916,0.50094659042339407,0.2792795367274078
5011,0.32234550588621064,0.22305510243732715,0.48250316983804648,0.26870295692687451
5012,0.035533549807325475,0.84121707047064564,0.50429772840564213,0.29525069338417059
5013,0.16315301378805888,0.94777334969214866,0.51333325602700108,0.30028908892593775
5014,0.14330289577621735,0.96126736574863325,0.51256769486211662,0.30009059590454218
5015,0.40177533589693487,0.84873600426391926,0.52056940323902345,0.30181799725369579
5016,0.57494274679395607,0.35817467018562604,0.49816859001052183,0.27877414110651061
5017,0.97576533003748633,0.91268776402069496,0.53623947998904398,0.30849377566537978
5018,0.27827363005782246,0.99014105686031995,0.51929828715861981,0.30321302453501753
5019,0.85040437051522322,0.42991022900285897,0.5078922378304026,0.28417369691952482
5020,0.52265097126554472,0.79194435572592781,0.52196184636075948,0.30103251960363631
5021,0.8066678916565958,0.46975307163918623,0.50981510619644377,0.28635549760957857
5022,0.82957524824602302,0.96189106996530904,0.53501074326586739,0.30899146509711023
5023,0.5075651496333653,0.9434465306856088,0.5265292872042564,0.30558301376016955
5024,0.56594700170456202,0.203492071124597,0.48665662531722814,0.26864881261191459
5025,0.91626185726871479,0.6498036026314018,0.52239653432265898,0.2964928168350297
5026,0.20458367222166854,0.95801960911605277,0.51549451648460487,0.3013047488930039
5027,0.64332269676128639,0.80138145423046081,0.52531485808992673,0.30234308398420257
5028,0.59545338011150017,0.14930930126892636,0.48286184893134093,0.26490454463288221
5029,0.068207975098455789,0.94621769387164389,0.50825941227631988,0.29808938536007518
5030,0.13002230092027459,0.5961142336980324,0.49907693134512976,0.28777534905720886
5031,0.40968006651509786,0.61311212463517439,0.5097776841765973,0.2917657978911819
5032,0.15549291515386429,0.70703865818415079,0.5057330057062267,0.29326974041997289
5033,0.25819574996036243,0.97422437900089431,0.51817341406591022,0.30258896499819005
5034,0.60651671922215034,0.99192794165929077,0.53044319352216984,0.30772113810007168
5035,0.260177894187544,0.89104963104930945,0.51653648513619266,0.30094726892182505
5036,0.1712974909287994,0.66030753980794687,0.50410006290892384,0.29138833940565739
5037,0.30902157923897028,0.41274891532637414,0.49507689110177305,0.28025807938939473
5038,0.71477548136928815,0.89194218229748079,0.53046259021332942,0.30615660073498946
5039,0.5802170663066093,0.69164548312240515,0.51834785998980448,0.29687658428145464
5040,0.53089423373563915,0.94047432422995336,0.52714706387788302,0.30577654282546707
5041,0.60377920567860133,0.92150353193754575,0.52866752091624769,0.30605384480440145
5042,0.89519741183171286,0.68894359293248275,0.5242436258398947,0.29837544345259726
5043,0.21481153544021073,0.30001110559472582,0.48467749123712228,0.27273653082498983
5044,0.48345244193918774,0.53655859359010361,0.50740934156665818,0.28840999577228033
5045,0.22303182063229615,0.44107519863607597,0.49400062128431504,0.28100487564672494
5046,0.55009753309880616,0.28507677373987395,0.49249335841457537,0.27405160737047368
5047,0.032153826929058417,0.52524985928175738,0.49077423242645762,0.2827429148904988
5048,0.70629427825327729,0.48210030430034972,0.50886914314817555,0.28666265805832458
5049,0.44594446689881151,0.058186895278340672,0.47219219250090844,0.25751446451369808
5050,0.42216612027928935,0.90782899196014044,0.52295261727103448,0.30370036766005443
5051,0.90188934719095704,0.32383148797886679,0.50122717206430967,0.27773883364594026
5052,0.22580750462532742,0.66447873468400209,0.50645904271276343,0.29231157018069542
5053,0.46225347014999718,0.17302267964779167,0.48211766452204136,0.26607806241731496
5054,0.55642246173083554,0.14676102059761761,0.48192695931554808,0.26458504261303767
5055,0.26463804197564023,0.91091542383286872,0.51718732669713563,0.30147211045302319
5056,0.83491020202272348,0.066445829153142399,0.47934998888882474,0.25914816479179559
5057,0.6794197761052404,0.5020144087044639,0.50960851797651663,0.28765637226122459
5058,0.10427054341874319,0.21968981122189435,0.47506984884207204,0.26652732378660199
5059,0.51159819335545187,0.95330189651468544,0.52688136484234604,0.30585253196881218
5060,0.44902674164247003,0.04961520635840716,0.47150197852974696,0.25685794670901962
5061,0.072236924510530667,0.61055293787365084,0.49719336514127649,0.28754133380359054
5062,0.30372818152908004,0.36889958345385965,0.49210715495064816,0.27767654810335568
5063,0.32977772531119409,0.22176334377758902,0.48261137261355908,0.2686677669470125
5064,0.17846078233382434,0.71088763886044037,0.50688385561436544,0.29377914043975484
5065,0.36538910576865308,0.60333657894363868,0.50795265890315955,0.29088907613839382
5066,0.505895294953289,0.036946879083092792,0.4715094953179948,0.25605846552694317
5067,0.62786794910557797,0.34015114080015341,0.49796734209992316,0.27789594738595647
5068,0.95066717847782423,0.84712064387641151,0.53324482989232425,0.30597524376680085
5069,0.39638902041920232,0.71806276732921837,0.51488332762744948,0.29665273395646452
5070,0.18955563788536239,0.79478555095674241,0.51075359959393951,0.29712015616176179
5071,0.20702602800530151,0.34607810684373835,0.48747596135282212,0.2754308167291612
5072,0.034623790581885257,0.99267078559059885,0.50693086229985707,0.29786942955753015
5073,0.93114318516916827,0.058205687319824936,0.47976192835656545,0.25861254068121886
5074,0.56867363782116442,0.36290126140898793,0.49836240589075342,0.27903299561683303
5075,0.71805150232900639,0.32105001469549027,0.49823025108796665,0.27703084277691742
5076,0.87860241656234728,0.61269780111875149,0.51968889309601674,0.29444185253893596
5077,0.76310963619811223,0.20416300708201016,0.49008669836998586,0.2693175891486671
5078,0.489434423113626,0.062238794133404739,0.47343990921544149,0.25799246462233527
5079,0.96181752544053611,0.085433203883061651,0.48259560747603575,0.2608169836031512
5080,0.025120714198041242,0.23377334774344927,0.4727113501742346,0.26640738361449851
5081,0.71190787340648243,0.13027850103272359,0.48322132765374992,0.26383137394417416
5082,0.37215726943583,0.74068055799297294,0.5152699963638997,0.29744454199454773
5083,0.62504558137505084,0.6663055033295765,0.51799817816006577,0.29593380666711172
5084,0.7851912071090541,0.38376159941112858,0.50374880875851846,0.28118017681083202
5085,0.81707307318419919,0.80794556657805816,0.52912764238149967,0.30365442076150378
5086,0.82617327234992999,0.1370262008298305,0.48544806916341576,0.26457958093762529
5087,0.76447992420675004,0.63766505112886662,0.51918263293700684,0.29524679425713862
5088,0.8914113441530499,0.26416905357503562,0.49661535639599236,0.27376530195910193
5089,0.66375266261211374,0.44561343576362122,0.50574680138487527,0.28439024766602172
5090,0.73336045029748931,0.12695246271839133,0.48326553857495064,0.26363276209453168
5091,0.19282976420667255,0.65635067992917029,0.50477108012214311,0.29150309381798861
5092,0.85957960006863576,0.32652415608566954,0.50083089618448762,0.27780641013186352
5093,0.98374247310067298,0.013663543348608073,0.47613319281719757,0.25499607802732843
5094,0.58569560120358366,0.27207605699939885,0.49225409967832656,0.27335809544390471
5095,0.32438028837785826,0.74181415074890245,0.51378676995292727,0.29699047559028874
5096,0.13695036338610808,0.51392743197757518,0.49493446882511094,0.28380985629307282
5097,0.55548632631319339,0.2584238049847889,0.4906417154204275,0.27232943305376806
5098,0.38917830680076737,0.11331337389609544,0.47561816285465064,0.26142789304026609
5099,0.45706765282842099,0.043251919180888221,0.47110411654114442,0.25638846188250308
5100,0.41349257987233579,0.26317693900944433,0.48782541734540602,0.27192045023934336
5101,0.31383271024472781,0.14077902749247151,0.47594752370264359,0.26299110151010768
5102,0.13935873743629781,0.55138338151358768,0.49709540064368479,0.28572905984866387
5103,0.7401379988564295,0.71035494973269531,0.52269444814651767,0.29871428456127791
5104,0.60303432224179854,0.33890583826244114,0.497398962066049,0.27771136928718937
5105,0.8673909251697246,0.32000820013488412,0.50046745896258682,0.27740605355757098
5106,0.65567086785516004,0.27413710059522417,0.493713987381865,0.27376435488060835
5107,0.76952746598568056,0.12087153261267813,0.48327568567266499,0.26325322561875492
5108,0.24136935364514356,0.067561031279724557,0.46793442203269614,0.25716526092222863
5109,0.43895964767708212,0.45346677551331233,0.50126624021682331,0.2835724163114281
5110,0.63743032328336269,0.85985109002037208,0.52756190176643092,0.3045079176799243
5111,0.010237313223129605,0.54101196502567039,0.49049337189772829,0.28311757161391748
5112,0.93142322161690094,0.39305973031002794,0.5065548494869655,0.28217696146647725
5113,0.55318400172145343,0.32044705803255785,0.49509209432930806,0.27632590214026947
5114,0.77076622784518412,0.78572755649109605,0.52716544101130214,0.30240747128859408
5115,0.033875388899899557,0.20535559435231845,0.47112378997553139,0.26472693817436521
5116,0.67118114325512435,0.24349737215215575,0.49167571723561782,0.27176877381270798
5117,0.081505645308329266,0.22560060971152274,0.47457514561996661,0.26663571313316753
5118,0.57520309549040394,0.44613027910277014,0.50399447122795626,0.28398710529454746
5119,0.90604106931817951,0.20645388895143987,0.49226177070291427,0.26979111022943447
5120,0.49182229877720823,0.061143874478724325,0.47339104506700574,0.25791577788549125
5121,0.696045571369317,0.39695044064853574,0.50313387994807646,0.28165711099372326
5122,0.028800299932912461,0.42017281134334628,0.4847115518930159,0.27726970143139867
5123,0.61281047507157782,0.79807001432027902,0.52446565448241411,0.30198935068001564
5124,0.54012974189560625,0.95425586270076457,0.52774552347477988,0.30619713898120754
5125,0.81757636145349821,0.19895643083601028,0.49046512739926845,0.26907829264174943
5126,0.61321000845833917,0.99909178383763653,0.53077338720403611,0.30793589323526316
5127,0.35716415824134601,0.84560561724571748,0.51896095094866246,0.30116525436695551
5128,0.8517491486750427,0.20059169944688912,0.49107102814706693,0.26926779658135558
5129,0.11592893224348082,0.24201323420513657,0.4770978218883728,0.26808563637832372
5130,0.75256433444217552,0.92325885539863961,0.5322846238130472,0.30737674089691175
5131,0.057607354513264729,0.16881606544213137,0.4695084466603674,0.26264166033982445
5132,0.11315128578358563,0.40315085917677496,0.48748980235005007,0.27759440816351932
5133,0.64060901885241039,0.1173488450449775,0.48097341655414783,0.26267863670772379
5134,0.69061314811623886,0.63863795946069302,0.51783838995647447,0.29493031867988434
5135,0.27046660117373106,0.02397794722103281,0.4649970302916841,0.25399851184850081
5136,0.85637493682327914,0.59029608526154198,0.51802845988609447,0.29318241347304158
5137,0.41683184349584629,0.54537910783271071,0.50618102960195377,0.2883795632360372
5138,0.75373519206711792,0.99851194226847739,0.53425891222456801,0.30925296665485175
5139,0.92603780359610688,0.077125083721533885,0.48143424242962102,0.2601184821521686
5140,0.68605296348171552,0.51466381487037294,0.51051328426471176,0.28838623674252223
5141,0.99809380808033754,0.37003968105680546,0.50581530766431604,0.2809045639214201
5142,0.024322982655128,0.18770118028776489,0.46944477561156722,0.26345548853375267
5143,0.82130657787270611,0.82846604887050346,0.53017130667011525,0.30456033872693133
5144,0.56035339742709189,0.75806772002134237,0.52128677794028944,0.29984134097420961
5145,0.98251913835768356,0.14973753369011683,0.48847681214359107,0.26577949452099131
5146,0.37838240843858806,0.041487674752331803,0.46923168778074775,0.25592633748845928
5147,0.61503326968253824,0.029034586595476142,0.47272825123639034,0.2557277529422351
5148,0.25580316205815185,0.65135376942594303,0.50689431363749982,0.29206554166199439
5149,0.079787219236104295,0.13002779524320504,0.46749534268320259,0.26026494971169795
5150,0.89204455686962469,0.90651340017068438,0.53455128574192101,0.30781829246871328
5151,0.77978329644749178,0.73910161337027103,0.52494749165557264,0.30028567074156298
5152,0.30331322957809315,0.86866802145700206,0.51767434327775641,0.30106617808277952
5153,0.61908725917016849,0.61181539216170788,0.51486503481387624,0.29317773099101746
5154,0.98066940569396832,0.42587456198685103,0.50946009440696627,0.28429618468735635
5155,0.18650686806013109,0.24009534248987913,0.47954610572947359,0.2687050689375578
5156,0.10796961999650811,0.86500793630346884,0.5088473820389956,0.29746462530690349
5157,0.062601837926439474,0.45884212059945573,0.48855474982183239,0.27986565153532095
5158,0.021628461661131589,0.46211634492872983,0.48677028185265386,0.27936152477335047
5159,0.87337823251328672,0.6552517236157902,0.52202906176850783,0.29660491113198656
5160,0.77463869683319941,0.43707601334237262,0.50716375861500096,0.28434124465271404
5161,0.92354571181681244,0.0011241724579944276,0.47426835988583166,0.2538892833897366
5162,0.75941276792372814,0.7089479896867299,0.52298352243825508,0.29874483069725344
5163,0.85429114679415952,0.4625586065404001,0.51010061364256132,0.28610282155532801
5164,0.81462151779053971,0.25922748084274355,0.49515981598430181,0.27325004695520566
5165,0.072068313695967667,0.083340013326785992,0.46354481144985032,0.2568812090633108
5166,0.53601198516349546,0.34877626589069843,0.49670245459474244,0.27800482226054696
5167,0.21407891846072163,0.9818519046041998,0.5163370300429313,0.30188811569492291
5168,0.83120160413469424,0.58416281354239918,0.51725838422937098,0.29276050624169542
5169,0.99152831681809628,0.30874469321932413,0.50127561083387373,0.27694940252785188
5170,0.79384966289290471,0.15440095944638599,0.48646780793789429,0.26580479655702183
5171,0.21112484402494738,0.42371499372742838,0.4925228386705584,0.27991769836163549
5172,0.6012795426778379,0.17891191680497723,0.48537418402876098,0.26705259241382395
5173,0.51365421203124573,0.78279097466472314,0.52131297369928886,0.30057711347606386
5174,0.31741920775830512,0.88034051495300381,0.51852825156509186,0.30157826211960714
5175,0.88650928828330955,0.76447315786824332,0.5281201926676462,0.30197601113691086
5176,0.72202533181930206,0.74810918751676803,0.52431319103721052,0.30040611783331123
5177,0.61516765496047454,0.84994213270853514,0.52666065593972544,0.30398799602464699
5178,0.9089154452566407,0.43315471192369009,0.50896894102230483,0.28454137428019693
5179,0.35054234207012924,0.64964109161606765,0.50997521018923109,0.29300503088043034
5180,0.10871700195831946,0.22429532703185687,0.47557058085244891,0.26687423561124168
5181,0.5602610927506001,0.8523210806282121,0.52535109177590056,0.30359289638029763
5182,0.86109552517990828,0.10894725725223543,0.48347975347974287,0.26251087461247918
5183,0.35584300025926202,0.92850892916460293,0.52114432792193599,0.30328263355520019
5184,0.95084928307376115,0.66715589047089452,0.5238939041740962,0.29749720517162564
5185,0.67321979962865586,0.11397173689763294,0.48122074807102361,0.26251110874855682
5186,0.15581571308510611,0.84552480059195079,0.51074215331207973,0.29797003011743334
5187,0.64622898026184417,0.3343107364786207,0.49790219703877137,0.27760527633871146
5188,0.98423102872277379,0.9662852040403872,0.53806286117508617,0.31012708217803614
5189,0.038778615896508564,0.65084869870311812,0.49754096541345744,0.28879383879150422
5190,0.67900737650179077,0.33918285369257212,0.49884373654391451,0.27803943189408648
5191,0.81164923136519507,0.10996685592242283,0.48291819189916502,0.26250519718442306
5192,0.40955324997572462,0.63048620736881866,0.51071518998056209,0.29262069947268987
5193,0.41668905147240731,0.50597299441249344,0.50387199294407692,0.28629198135012501
5194,0.64758103755478524,0.54179846499218842,0.51139949338157109,0.2896723905239954
5195,0.086189346880896481,0.065622146984457508,0.46265605604183974,0.25573768714785888
5196,0.078517410682362968,0.41570884416318732,0.48675637964425067,0.27780051839938125
5197,0.20392185834384291,0.28772754405835876,0.48346919434636454,0.27187458081889687
5198,0.39539194370830666,0.66837740207567109,0.51231224039036494,0.29432297458741136
5199,0.083503213539451837,0.26194820214033826,0.47717172391434554,0.26894281701036871
5200,0.17220315381783297,0.60528821576946656,0.50131869403642848,0.28881467497468455
5201,0.63172385555744404,0.5402388003652101,0.51098356156367564,0.28950579565588513
5202,0.85882533208426326,0.049059680662478788,0.47805667236507066,0.25778698857031979
5203,0.23355672276803527,0.27524654159519124,0.48359483417124188,0.27137375827197185
5204,0.42062545246368976,0.77011606721103887,0.51813545326747712,0.29920411517918222
5205,0.99814642084419036,0.078398890912148633,0.48235740400779975,0.26029867378702115
5206,0.21527689138524003,0.71940751212913312,0.508771540549666,0.2946687413985703
5207,0.28200119887989716,0.48955707171455726,0.49889396893769855,0.28423786341094487
5208,0.95035454353637761,0.12233034430240515,0.48573963537795189,0.26366577812965303
5209,0.43476379956392341,0.27317689292222497,0.48906710853755214,0.27269214422944221
5210,0.45531636458110303,0.69121102017353986,0.51519307227683553,0.29592585601122762
5211,0.40193697432876802,0.11320804075283232,0.47590844024487744,0.26148315290164348
5212,0.66224556066194784,0.085135477778560023,0.47854160171780735,0.26028046445867559
5213,0.60741933224237299,0.13895775050582598,0.48221959999651431,0.26418588307573104
5214,0.89062819905584911,0.0097122331523220064,0.47472494270003229,0.25458236320444577
5215,0.31628750973950376,0.0028751181630068462,0.46429637213971287,0.2525662268925154
5216,0.64774767896864804,0.11986266481574859,0.48130675577579729,0.26288691723220281
5217,0.42358822777200261,0.20255101848071208,0.48354022170090161,0.26793501667776609
5218,0.015566870397899767,0.85614220379387274,0.50345365504880346,0.29507917127352179
5219,0.71102235909205636,0.85055408601608362,0.5288920092255458,0.3047370296611297
5220,0.15251510692277226,0.71823899630013621,0.50612548006045233,0.29370530030543152
5221,0.34744208315248837,0.57336429615282691,0.50575755934086108,0.2892211583210878
5222,0.026235204703256024,0.38271409729920564,0.48235950097120611,0.27518670608446227
5223,0.35840718217018291,0.35651192386752228,0.4928764452995496,0.27737550816680806
5224,0.41565438595603921,0.98016197328522114,0.52435641592997406,0.30518657006209426
5225,0.77066950429355496,0.11372362449826906,0.48267507717247243,0.26271360489739437
5226,0.79040307009710231,0.064818195146287325,0.47861565047369103,0.25894866672836564
5227,0.29550356100356445,0.14162915313594276,0.47551550400390524,0.26293380806208316
5228,0.48686708703882758,0.4207466384335305,0.50037915210381934,0.28202216155626586
5229,0.54206927322574194,0.73293370806801827,0.5195751461556668,0.29855321554926334
5230,0.84490926791074461,0.97904077882129936,0.53577045998158801,0.30953027177537851
5231,0.65838678699348818,0.39996679101296473,0.50264406562728203,0.28168250896447744
5232,0.27147059495773868,0.5458785490926239,0.50177649080022535,0.287069643620606
5233,0.063435573229391598,0.039860750750440641,0.45967401796559476,0.2535939358316765
5234,0.24417523627016927,0.45042428728063827,0.49529919734750977,0.28174056728505181
5235,0.73046666363546398,0.39441825158541327,0.50356755857592039,0.28163673592336497
5236,0.073985208068729852,0.74216327374203839,0.50340306899931797,0.29324332994704871
5237,0.36113270048942653,0.19977737354746788,0.48178870606236152,0.26738957963436366
5238,0.52197033144891036,0.468513708374172,0.50422399886133629,0.28495352519145611
5239,0.4375055810744059,0.95998677288455658,0.52468715631194984,0.30508217899797874
5240,0.089365968183579392,0.48513757986956046,0.49126751676501546,0.28164586393454405
5241,0.42055843907709933,0.71096462136170602,0.5152323539380429,0.2965482635995188
5242,0.8804144508988947,0.0066739393023657612,0.4743132005145429,0.25431673307952168
5243,0.94096868422775304,0.67241345737482183,0.52403942918981605,0.2977260893225594
5244,0.0055253736776183365,0.8775973798838328,0.50328364007720428,0.29524990514451893
5245,0.3056196749938303,0.13770300329985333,0.47548040822952486,0.26272010966302156
5246,0.16229790655396645,0.64859971145942119,0.50313881412303418,0.29071918508517164
5247,0.9563229445261765,0.64135450734993216,0.52251729466084351,0.29620352786574622
5248,0.90509606798846509,0.016752205040294212,0.47556738005486421,0.25518598077162868
5249,0.89809431501218351,0.082180275152123075,0.4815601074004463,0.26048251710647308
5250,0.75976985997735758,0.98491508220472612,0.53408403936239024,0.30900225401132325
5251,0.98806039134036994,0.50228785077939975,0.51457657102601939,0.28878489341381608
5252,0.092645525245729374,0.64452227882508895,0.49986531052167849,0.28945728613224164
5253,0.54114646702975733,0.72965428432762858,0.519385726218757,0.29839446352662902
5254,0.9239075342135854,0.26789385093474999,0.49733039824454095,0.27408650999978518
5255,0.88057086945375196,0.45876647907452428,0.51024980324237446,0.28596587048803607
5256,0.11195445621953114,0.92798425702726239,0.51036087819158948,0.29882484694175832
5257,0.81412563526612947,0.31173364027083156,0.49908472716385754,0.27672775361771695
5258,0.74229477544721456,0.81394645127864795,0.52799009836706823,0.30350487192805076
5259,0.63205114386716155,0.25762713232483947,0.4920524749416384,0.27258238769070758
5260,0.56626251826103546,0.00056806831782450903,0.46925788105671778,0.25327845940261756
5261,0.60237918087245201,0.76617407370648583,0.52268165072242789,0.30050610549581969
5262,0.052294795374141542,0.7178405740445829,0.5013229082815398,0.29191409132032115
5263,0.087910430010093854,0.28303631033551652,0.47877803988551693,0.27029198407527621
5264,0.71324887080398625,0.70567113033396889,0.52192506745461242,0.29834712243492389
5265,0.46169413109772139,0.096753084140887957,0.4758519324992358,0.26052528259539437
5266,0.843209326214029,0.89978589496071226,0.53339935486138634,0.30730036608711181
5267,0.35685855762840946,0.89152891473214846,0.52027707316234317,0.30242576875456939
5268,0.2810917259764974,0.67170199606335967,0.50882910341722998,0.29331228143592497
5269,0.97731088220610984,0.54848829052486692,0.51731960350275941,0.29133703047920256
5270,0.78161181195847462,0.99146555392594315,0.53472593982006,0.3093306954857008
5271,0.7647580917517306,0.86513388519872692,0.53058635628378237,0.30562385657207752
5272,0.7683966825617129,0.9130271271876409,0.53231362772547552,0.30719857820978774
5273,0.4567359362247051,0.073209037707804236,0.47372891728764349,0.25871688891827044
5274,0.12571073665666627,0.68025401622602955,0.50313408312797814,0.29161449647588483
5275,0.17454820495891618,0.93127416849135192,0.51358393207625874,0.30022505210681028
5276,0.94418601537683289,0.65925962253707693,0.52335190126415831,0.29707436183889563
5277,0.44270393796226715,0.87033449325865375,0.52256018016906158,0.30294327407301597
5278,0.1577000086842687,0.45125884160086283,0.49217547829823838,0.28079803253484376
5279,0.46613286689260275,0.24368752793971216,0.48763370513544474,0.27093029007870917
5280,0.16768875032163924,0.38831709127220093,0.48874076446091463,0.27744338111105105
5281,0.54631765138827038,0.1758900292347069,0.48409163568792368,0.26663777477727635
5282,0.51163770426484989,0.56623352197523935,0.5098240813519036,0.29015993118584577
5283,0.14899238156665814,0.85324185058124136,0.51061658775433116,0.2980315813795007
5284,0.86017189388152915,0.79354316332385644,0.52916336219328108,0.30320640997254183
5285,0.89961507353050407,0.34137794930870879,0.50246902249794312,0.27886045490262851
5286,0.5950492981763208,0.19236036154084141,0.48633204879659764,0.26798038490790654
5287,0.47054149905735398,0.6999989755442716,0.51605753410899935,0.29646454177823073
5288,0.042533986402081794,0.85522572350677806,0.50503107285529691,0.2957395699575584
5289,0.00201200687676901,0.16188131044750337,0.46657230516060016,0.26145070378020485
5290,0.035146787290566132,0.91003134301715771,0.50570576919899801,0.29663737626430725
5291,0.37790103176260603,0.011795964239269961,0.46656521346107022,0.25356797624706073
5292,0.50183624952082762,0.6122204749911675,0.51217744194882631,0.2924413121644307
5293,0.6840234089091537,0.94450990750120256,0.53130649276098563,0.30738388979925185
5294,0.8212324162662844,0.92259360346867481,0.533708932024344,0.30785597958462829
5295,0.83200960035655891,0.34481610457062489,0.501744489407419,0.27889884516065172
5296,0.35854953173123072,0.94092660860341282,0.52151900312467736,0.30358918478203384
5297,0.091052695648570076,0.8413231000694098,0.50738217552836662,0.29653894106997275
5298,0.81630177430493056,0.34734582676574355,0.50168785378034308,0.27901329099487998
5299,0.22138008447947216,0.41780241052979838,0.49252286721205696,0.27969864441537023
5300,0.57479212864945872,0.40934829762197333,0.5016028307713305,0.2818484188225826
5301,0.74196488288737605,0.043363566259376242,0.47598551374514197,0.2571478654047194
5302,0.47019095903864366,0.53545060157269475,0.50701113593574543,0.28825834719887067
5303,0.68836013026622822,0.99798264904058309,0.5326926165015422,0.30865702072454387
5304,0.53896619474246399,0.90396697001158033,0.52641369265239524,0.30493901592172279
5305,0.35219427292750916,0.084511208182282291,0.47231983621460782,0.25909786305409066
5306,0.29745086365022,0.50793121945863828,0.50046922394728499,0.28536458569880874
5307,0.9644783623197698,0.40463029514366061,0.50779738746644942,0.28296875838765628
5308,0.16175043597329641,0.87936804552165571,0.51187033111845959,0.2988998177666089
5309,0.61099330504575045,0.52237992555050872,0.50948221068040256,0.2884307558571409
5310,0.65035585155960873,0.16333629696249263,0.48497715314840756,0.26609406619862275
5311,0.63167702505589696,0.92750307990481373,0.52955256244507232,0.30647398107822604
5312,0.60539138422732941,0.54195762110844958,0.51053514505024022,0.28945503776865472
5313,0.28906658597443025,0.045305681232165079,0.46735637916211192,0.2557665475960112
5314,0.90826288094011831,0.36899964825619247,0.50455620679407431,0.28062645679794157
5315,0.47248002511447995,0.32433822109141625,0.49358751996222583,0.27615160420421947
5316,0.67978253321157545,0.73135579449926746,0.52259611241509929,0.29938137506726809
5317,0.74993525759653423,0.66750323848802362,0.52057033373187833,0.29667274077459088
5318,0.92337304219970251,0.66526452138017633,0.52337387867034857,0.29730197506927802
5319,0.54177974402395779,0.10832005130025792,0.47843896598315055,0.26169490981269267
5320,0.2322399746441399,0.076343987424497037,0.46840237820957709,0.2577599764410694
5321,0.68660045828142902,0.16230915661846521,0.48549534493824642,0.26612352788984101
5322,0.46853237031208123,0.55076984963655706,0.50786003311056849,0.28905248849689119
5323,0.23772002839673079,0.86041042114867605,0.51481156883690726,0.29981802490820836
5324,0.33706459937071198,0.43516851181666139,0.49732080109455851,0.28176496006902602
5325,0.41270828752346572,0.91561731763958243,0.52283535297892358,0.30376936186853559
5326,0.27727155766097128,0.41647901037511187,0.49431610760466943,0.28018188191952587
5327,0.44359748866796728,0.42745466163709062,0.49974812428845178,0.28213036560633431
5328,0.8662322334297351,0.89749486200864204,0.53375977191482438,0.30737001275992532
5329,0.96411537150332016,0.0045743912405218001,0.47504526371849704,0.25421463167819175
5330,0.2087402290440048,0.41829371860394021,0.49210546451150772,0.27959018037786959
5331,0.35144191579971229,0.074742998549074402,0.47147325551088759,0.25835712979068026
5332,0.44837351630806227,0.65205829315906161,0.51294925834576,0.29399721298084347
5333,0.26157628196649019,0.75863069427431329,0.51230979363079765,0.29691864716102739
5334,0.051592885957553521,0.87274228952544508,0.50593905583761778,0.29633668195552892
5335,0.45009040400715311,0.72865844832543514,0.51695873994750652,0.29762351317730368
5336,0.44109116103105483,0.48577643154339167,0.50330572572431997,0.28537747759550347
5337,0.59200167548964977,0.11362792974942132,0.47981531057375676,0.26225702454790251
5338,0.83272347997227913,0.87596920676204604,0.53234367792226245,0.3064364292683055
5339,0.48768785171896456,0.66671594879805351,0.51476968762646191,0.29501694530265415
5340,0.93246231312121963,0.37668225969871277,0.50542769983206026,0.28116676983060152
5341,0.036354897954396441,0.42122487646696394,0.48513759604222695,0.27744976290610157
5342,0.094528218557185031,0.59604220566157018,0.49749366609547702,0.28722476655272239
5343,0.91059455852907856,0.19450533224305838,0.491349440416112,0.26894640290128879
5344,0.73354169895538368,0.62910156317300858,0.51813116621534483,0.29466509102628397
5345,0.88874644792148616,0.80520573779012783,0.53023144393678701,0.3038697248775209
5346,0.14389819088032235,0.15628819615946848,0.47189407217386681,0.26273840656647102
5347,0.3629202763184789,0.32794356546102793,0.49107610163770665,0.27567829039845532
5348,0.253914523736469,0.79969499167738256,0.51359607483305092,0.29828985088290183
5349,0.86488564271685897,0.44742259326177886,0.50927139642986563,0.28525343850344698
5350,0.68478583497275836,0.87261245203780713,0.52912477897102073,0.30530697762113046
5351,0.86187231154505861,0.72010355486905908,0.52538383590301585,0.29975926752415871
5352,0.54570669541993422,0.97082850645523289,0.52828226247408072,0.30662221851688837
5353,0.90589393648075645,0.39061002153999869,0.50603209858224896,0.28195956570825642
5354,0.39891439425238645,0.60417345072285977,0.50898234084333349,0.29122925199636007
5355,0.22681289214763092,0.39766788843387041,0.49146073175517019,0.27862102912528242
5356,0.0045098585560102954,0.69023114243001915,0.4975718256225552,0.28983520934129964
5357,0.3729346543569933,0.008268920468597207,0.46613200490719942,0.25326257783337425
5358,0.34455666590729961,0.18147506890647347,0.47995432636069335,0.26603363977257244
5359,0.22862412264164306,0.26884077168334047,0.4829870167157948,0.270926291475105
5360,0.75490882492457756,0.20085097322702641,0.48969731062070715,0.26906308209933549
5361,0.073410699956247119,0.84985329841278723,0.50664294654674635,0.29634808583096089
5362,0.90728302771946179,0.0064311906283837745,0.47459992171128124,0.25432281404212231
5363,0.22744008345805342,0.60323981601392163,0.50334635799711513,0.28942576766327882
5364,0.28665511758358919,0.6951226042181603,0.51020445236273837,0.2944583973121695
5365,0.65243618921089219,0.44000403808088739,0.50516715902076748,0.28401426704525623
5366,0.52084080122349552,0.23818810939734106,0.4884127045482432,0.27082691612894566
5367,0.7445366459612851,0.79240217208670216,0.52699710701581659,0.30257036648286245
5368,0.61421785084708835,0.7382756173703704,0.521540805591032,0.29930092745903275
5369,0.16869693487779006,0.75812607704858526,0.50850847789485498,0.29552322122122765
5370,0.60885513786062362,0.19647497816992693,0.48691187047697071,0.26831761688479139
5371,0.78769678827518375,0.92861434743826987,0.53319975274543396,0.30779134979119599
5372,0.67150179497121132,0.31141825856658401,0.49672797823853881,0.27624849709764904
5373,0.14509472155795666,0.75192946296244623,0.50721176353431208,0.2949026920624756
5374,0.65585705147759299,0.082231105606083293,0.47818333762959259,0.26003996843219657
5375,0.05708400297741173,0.13084413185379234,0.46664820701800408,0.26006211875934132
5376,0.2832780508659431,0.079113333939400038,0.47008123926456408,0.2583016036273787
5377,0.29274054456470766,0.31110401894998502,0.48791776504202578,0.27410868896310503
5378,0.2445126822833554,0.61230316247857419,0.50445061110993339,0.29006884063133348
5379,0.60512228083164676,0.33824809542620787,0.4973939540371804,0.27767948494458788
5380,0.3542218926303205,0.49469551941441609,0.50143999380639581,0.28517938541804888
5381,0.96227054203943119,0.60597213539330985,0.5205568765032329,0.29438308934412916
5382,0.61871892759167824,0.45135358713400786,0.50523159366363546,0.28450879020616121
5383,0.2493529701070511,0.5167846310091555,0.49937058916979377,0.28533353937204819
5384,0.89284354482936912,0.24598943110090915,0.49522761850630131,0.27252773409470005
5385,0.48548403975196419,0.22539288980056302,0.48668818994509333,0.26980061275028938
5386,0.30422908271349736,0.52964200352054325,0.50193819091258585,0.28656728404662196
5387,0.14641612343258459,0.26049822917211568,0.47954225348982982,0.26958895557123314
5388,0.27029825471941155,0.87569775927875892,0.51656302172894175,0.30073864788993804
5389,0.24759784614475214,0.94832821474286033,0.51724344604645345,0.30193489961220132
5390,0.94537606334852753,0.99592267353908392,0.53814799392885726,0.3106337329348331
5391,0.60399427739280509,0.30845165586461082,0.49525932576409176,0.27579204577549488
5392,0.70250602330606204,0.76080984365429039,0.52457179291716183,0.30088642255750903
5393,0.23893461932061474,0.2493068285498419,0.48193900256193156,0.26977400700773851
5394,0.43531349227168831,0.19218516193941471,0.48301361181088481,0.26728344186315361
5395,0.87513397393875059,0.42728596845365829,0.50808677712426598,0.28409320095433638
5396,0.70287838072309972,0.5812605276848074,0.51481129342741683,0.29204470867286009
5397,0.11210436204358704,0.39257138605593939,0.48680030660199652,0.27699178389754425
5398,0.17898820364846618,0.8424504319650703,0.51174093747662841,0.29832414622870496
5399,0.79160314732895942,0.32844174300661544,0.49995464170235732,0.27773891506911447
5400,0.55618961086591012,0.27952314279956048,0.49221306096982942,0.27371830649080547
5401,0.98205848932458328,0.47535894969544606,0.51276223562055701,0.28722224804528496
5402,0.97275428438530076,0.55392635809351931,0.51758939720478658,0.29162159804038401
5403,0.90747199094678521,0.87380032670324437,0.53363153023826027,0.30678868017811955
5404,0.3464848290504306,0.55425301280395367,0.50465675186101444,0.2882383860386219
5405,0.83246962959611559,0.65212828536623857,0.52118058101467724,0.29627963417486397
5406,0.71824336199731342,0.89726796944510434,0.53071529183589072,0.30634811285697128
5407,0.43111242331677352,0.22265218723969302,0.48524755945957615,0.26933943840558283
5408,0.15696129496298963,0.58035718787942314,0.49938196251853256,0.28739990254238723
5409,0.69240708380398575,0.89626247517691238,0.5300954335057374,0.30611508517523606
5410,0.74353226162215003,0.61082995973963994,0.51727986625519495,0.29377714416716466
5411,0.40795342085437153,0.68252560185379119,0.51341321494858649,0.29510660602465616
5412,0.31532289197643987,0.73220634158194309,0.51301890379900972,0.29646374587095242
5413,0.94434074995097472,0.18932191242218249,0.49134403346897187,0.26863117822807264
5414,0.867643934779882,0.76566073306660409,0.52786795771523309,0.30194879414959036
5415,0.9088985104457592,0.61687991624417482,0.52040140057504525,0.29477117770318428
5416,0.81322510838456219,0.215506663901743,0.49172852336893286,0.27023625693548425
5417,0.95527361817426282,0.67820632044012896,0.52457512669465711,0.29806804604066689
5418,0.37431568882466526,0.15553029406453717,0.47867985260829143,0.26439529218055474
5419,0.63658993511785522,0.045103583523340061,0.47455012425779564,0.25707151248888321
5420,0.64437925180309696,0.35026193316109711,0.49898624356852128,0.2785944166423221
5421,0.23259238965580006,0.51917191610647129,0.49891624305584986,0.2852721424397992
5422,0.92385605639443968,0.4866631096734782,0.51268693955781763,0.28770928805217605
5423,0.79788312737512179,0.98757091059294766,0.53498966768798983,0.30937247601079998
5424,0.50132519643012208,0.72775516015036268,0.51828542169135239,0.29800387175097748
5425,0.51260626284600008,0.60193497824602527,0.51187140893308214,0.29199865137019654
5426,0.50767606657255682,0.57819414269692504,0.51041166702353646,0.29075186927431995
5427,0.20814580586956583,0.45020893505535792,0.49401752999789805,0.28133996944104839
5428,0.8173362441400881,0.001690806068677921,0.47306702347562546,0.25382645187689845
5429,0.39059510551131099,0.4086906403833418,0.49716457197181518,0.28067956707904068
5430,0.39714871844336158,0.41018765296038473,0.49743693494554775,0.28081375651838109
5431,0.73553984730084199,0.38540841208401838,0.50304099325965479,0.28110864161516669
5432,0.45817023702639853,0.19051093171545072,0.48340173943017756,0.26728101605250015
5433,0.51504840290778087,0.39053281290152808,0.49905876020333179,0.28041642847659942
5434,0.54970284438113459,0.85036075746697615,0.52500140912207327,0.30343093924124559
5435,0.1204833946464467,0.70479089380606308,0.50408001261216906,0.29261985491240122
5436,0.60584237094422566,0.13245870875079419,0.48164932003846722,0.26370196889956721
5437,0.08738652554807487,0.97192508911771014,0.50974306166498073,0.29895773268018322
5438,0.91562141160377075,0.69891286961882149,0.5251093615569673,0.29894723745998764
5439,0.71720940505716724,0.33498861275018427,0.49921322150129044,0.27791422103175661
5440,0.71691205388031665,0.91457297460538112,0.53122804598339002,0.30685089383665642
5441,0.16716062058383832,0.64696409668094712,0.50325761253283741,0.29071248417890272
5442,0.63001497719396138,0.56443910564504329,0.51237727429494084,0.29078447353318498
5443,0.12568512293962997,0.79690630700084153,0.50787905647730003,0.29604186586739656
5444,0.65930546450278493,0.35201023768935125,0.49938560042754099,0.27876368274437341
5445,0.3930346621142351,0.68554931445299883,0.51313174075086965,0.29511243358838718
5446,0.72345570584613605,0.92441918360028652,0.53166963251324872,0.30718123413945442
5447,0.92546558735672146,0.19758860747161089,0.4917881808005673,0.26919376254333582
5448,0.98383666192773966,0.01915986507938942,0.47666345267864035,0.25545688046125997
5449,0.093166409526660582,0.31605306943446632,0.48117638002347329,0.27234118601871499
5450,0.49459439452710796,0.45110149032241897,0.50249369544364275,0.28380600646283316
5451,0.30399929837590317,0.90884202160629213,0.51872630491707872,0.30206245334620357
5452,0.086829214456712364,0.91877118197710961,0.50883389844899973,0.29807719644274777
5453,0.22011587111303818,0.78334280733506889,0.51164623194683856,0.29722987410045093
5454,0.25127744162158344,0.37930031598183561,0.49112221142483081,0.27781075139899603
5455,0.4863881445886451,0.90461898274837305,0.52489708167696281,0.30438713312114435
5456,0.90909201311146615,0.86311913119511452,0.53323160496691901,0.30640051516749206
5457,0.8796518169271178,0.39320781074486438,0.50583781689975271,0.28204690302638924
5458,0.22874298651173014,0.24985577548384902,0.48165114888638932,0.26972040509408224
5459,0.29237175156831507,0.8863082370604739,0.51771797726384627,0.30134944327229046
5460,0.87275119327913275,0.97116143508484831,0.53612634141358007,0.30953458153664842
5461,0.63635250111847419,0.8025047591153881,0.52520925696454701,0.30234223851110248
5462,0.45466951414387446,0.95049353624006039,0.52504355328342367,0.30510291540168522
5463,0.67893054544330811,0.95108126609596666,0.531354909651372,0.30750340550076977
5464,0.96250576239762597,0.70724503135090933,0.52627670803428428,0.29953318637838072
5465,0.98639055878514192,0.55710288025824128,0.51797223289316519,0.29183605363936566
5466,0.62697816306123277,0.8979721819468891,0.52857604983859385,0.30561538766246849
5467,0.7877418322983315,0.33001507351439213,0.50000778737727325,0.27782781415565905
5468,0.87437728279045557,0.010133690972428304,0.47457498713821961,0.25460081162187187
5469,0.75104923011717617,0.17154292589690304,0.48726268083510327,0.26695868639064319
5470,0.41504820423136701,0.89534673776807039,0.52238629470906994,0.30329347710844928
5471,0.68168105804215895,0.50107896063447699,0.50959380926828857,0.28761495809183024
5472,0.42604642114333113,0.72139722040261844,0.51591650819379475,0.29707867375706171
5473,0.97613235991947589,0.7893766852591303,0.53081125075574354,0.30350516918785736
5474,0.80942418165771524,0.77906699577855176,0.5275411835387579,0.30229850173965728
5475,0.86052900581572911,0.85949064046078139,0.53222129522893624,0.30600207814886959
5476,0.67484390433166419,0.45645978229191392,0.50665475233128432,0.2850646289602059
5477,0.18068023453351342,0.38239221054645023,0.48885521790893371,0.27725512826523391
5478,0.35579851260656725,0.34365108332288219,0.49194399148299922,0.27658259240893762
5479,0.2878001832307433,0.51494081708268502,0.50056163047194058,0.28563781481406636
5480,0.49261832842695297,0.31537279998079176,0.49342163521077748,0.27570123766392135
5481,0.010521288271213416,0.62934049831583405,0.49500589839310916,0.28727598807386273
5482,0.465862608486868,0.45147866864778335,0.50182046984539197,0.28364306868158429
5483,0.31098920925167622,0.78236315707935722,0.51508862256412336,0.2984633711940084
5484,0.73999152646757427,0.55010418877779743,0.51366095239099807,0.29056063927135212
5485,0.8761073105010786,0.97721993270850516,0.53635060557740111,0.30970942843494459
5486,0.83045718756146969,0.62979491924388564,0.51988730661556859,0.29513527337545992
5487,0.18038440738405334,0.44041974801396722,0.49240502239856448,0.28048744725591046
5488,0.42307416933501374,0.066398934476135762,0.47241635655349967,0.25805570699967628
5489,0.55442957486457889,0.51000267767877083,0.50750751478899769,0.28743824210641239
5490,0.4819551340830629,0.091958487684291323,0.47586489274796862,0.26024404843683319
5491,0.5049713319011615,0.38922342780247565,0.49874293521248286,0.28028171529559032
5492,0.20725443243941993,0.33376007917878453,0.48667653987615428,0.27470262124670064
5493,0.59107943134323004,0.35067583184173567,0.4979801077928433,0.27838829564752821
5494,0.74829591607152257,0.41976053877588132,0.50557499924634486,0.28322162887219637
5495,0.80704350129769886,0.075877128074422956,0.47983767736318467,0.25985098735799939
5496,0.95644887265959988,0.69865013694214861,0.52571819849911394,0.29908815488635326
5497,0.56156550077736611,0.18818584516063566,0.48536704916811479,0.26756366971070367
5498,0.69654061776726739,0.090229738855280447,0.47952803995993515,0.26075486592752206
5499,0.50943173334783654,0.96984318215308019,0.52718453070016347,0.30618429643812151
5500,0.1244535528120934,0.73437583705355647,0.50555863054608352,0.29389023825912164
5501,0.74660345647361837,0.44053287599176405,0.50691669211155788,0.28443919943956447
5502,0.65339885045232948,0.66409857798694871,0.51848137239068504,0.29599232794788077
5503,0.84890389362097485,0.52459454135255656,0.51394887025992375,0.28960054831690951
5504,0.97827935672973987,0.70875303654888411,0.5265914271207992,0.29966415015454489
5505,0.71144452648382872,0.79405743220954905,0.52642208232909449,0.30245782207330862
5506,0.21138494720252929,0.6107345165208331,0.50314030836223345,0.28958969526316863
5507,0.5358407434590976,0.89289162555242663,0.52600415659173494,0.30460080911961496
5508,0.40038597518751634,0.86619923759481177,0.52106797328234145,0.30231698702104659
5509,0.37725094250881813,0.37449888545112919,0.49458387695419781,0.27858447904007211
5510,0.2211418867689674,0.89599075353624069,0.5149871009952286,0.30038914849631465
5511,0.0035320081121404659,0.9280814886337263,0.50406092501692901,0.29608335759146098
5512,0.77810418117264057,0.15922114844581811,0.48664422506518884,0.26612460275076555
5513,0.3840803188152262,0.49381828871235484,0.50224804538970858,0.28538078441233733
5514,0.64383427804134552,0.94500868251348158,0.53032745445637597,0.30703336516459101
5515,0.054294720790546855,0.71351496980133233,0.50124742204250183,0.29178598968238567
5516,0.26444531647417463,0.99114769599629804,0.51872809979474888,0.30298351206132224
5517,0.61022540191753072,0.76718641828108813,0.52291151310248496,0.30060527506877832
5518,0.4010073018149124,0.77440426261870898,0.51773414384911154,0.29918395801596565
5519,0.6863658591908286,0.44145748078547187,0.50590236669931432,0.28424866947034794
5520,0.11497877577018226,0.69715842581236509,0.50346864887035048,0.29219684909751631
5521,0.18315532878701343,0.62025951717739236,0.50253843185808056,0.28967793831570221
5522,0.69236225743688418,0.6517219944879995,0.51859729250191222,0.29559462830613065
5523,0.94004378449259096,0.77670698842561114,0.52960818968792522,0.30277232807111165
5524,0.94039748439363902,0.15526259164517978,0.48845346872594209,0.26613127541265208
5525,0.79473867843806523,0.64752925091985392,0.5202747830444866,0.29588359874145281
5526,0.46508049380393934,0.74603447905600773,0.5182396178395986,0.2985450757397613
5527,0.78173238094990383,0.82450784724679549,0.52924595064418256,0.30417611374103809
5528,0.28948028153477939,0.095313517079094898,0.47159887757236413,0.25954397448710126
5529,0.46688905873961051,0.98627259441764337,0.52618790809448424,0.30598742729943018
5530,0.94193656527347636,0.11256171432865085,0.48478541869332775,0.26290583500130416
5531,0.93747898424774179,0.11588392748701154,0.48502493278937236,0.26315518758909712
5532,0.049402575901069209,0.69252138738216595,0.50007705569256111,0.29083675523246899
5533,0.11223023500536802,0.020427077134128196,0.45982865599596734,0.25258381018252002
5534,0.28423799713113113,0.98487110619089802,0.51945922971795178,0.30323001452184367
5535,0.89775853337553568,0.873769114594243,0.53345874257766357,0.30673452840306159
5536,0.55853482434320034,0.46961740096368598,0.50511660017897841,0.28522819471155048
5537,0.52985801737288718,0.0047806637096568013,0.46900741959186903,0.25352888677654384
5538,0.31427975389455681,0.83557421321492875,0.51710338309845061,0.30028765160155269
5539,0.48997736683258558,0.42925394442992987,0.50099880210193259,0.28253175888034937
5540,0.49503168111705459,0.96572185541802313,0.52665428822300964,0.30592581234222593
5541,0.21434378158556067,0.51733081308648687,0.49815102090279872,0.28496762064892689
5542,0.41195365692315394,0.31771877705008961,0.49165962304536065,0.27537747552784481
5543,0.91285734745772795,0.93444037743663644,0.53584306789527814,0.30880128341394902
5544,0.72926311065332272,0.063462818718433844,0.47763523779209738,0.25873093712983991
5545,0.83297964194304086,0.52719376837975573,0.51385543832302172,0.28968662687832519
5546,0.29074856690483869,0.36821216255755868,0.4916656061584247,0.27752475697153972
5547,0.37455255511676661,0.59258152700742939,0.50763631119448915,0.29043602407725722
5548,0.13483999463223154,0.98643701147778196,0.51252173985100991,0.3002889290198974
5549,0.56221612569153079,0.38884670876645255,0.49997874379931162,0.28056787272748129
5550,0.96349570375707705,0.067076377987640448,0.48094317513518353,0.25935999326097181
5551,0.94581008060021565,0.73126586015258221,0.52731725632079585,0.30063893755566917
5552,0.766146783273702,0.6605516143806629,0.5204866728636165,0.29640529614262418
5553,0.08478492386018624,0.67994702669164409,0.50123042418963637,0.29092555891910743
5554,0.39561342071156252,0.42461818269673973,0.49831408559723633,0.2816300753102054
5555,0.21386398801341422,0.66274739141288452,0.50591625616957181,0.29207807452421347
5556,0.79583960008859878,0.45941608451990179,0.50897164958227592,0.28572046806557666
5557,0.98279870131666536,0.41197446188378384,0.50854176042867727,0.28346083634753549
5558,0.083082798924075912,0.038320848665491215,0.46028949165949723,0.25367571835291741
5559,0.773455249452626,0.27738127198430013,0.49591658758358387,0.27435694333920818
5560,0.034967294062033763,0.99934368540575969,0.50703633944142923,0.29796324622112802
5561,0.61703696247868933,0.66544304171028779,0.5177774198046613,0.29584292169468479
5562,0.77027190841872939,0.65169107058177478,0.52007089264577799,0.29598131885391021
5563,0.78875981289768826,0.2007483734603622,0.49019479924156317,0.26913922186028005
5564,0.73654406060079347,0.33148823296193736,0.4992888139067222,0.27775857001013399
5565,0.45438955366477607,0.013126252668478992,0.46832830180212209,0.25397212128085317
5566,0.31220628842803422,0.16203090450094315,0.47758019576332877,0.26447891285316077
5567,0.26814253008690431,0.61288812850165408,0.50531972485900623,0.29036889213138684
5568,0.85963263394149259,0.56938084239097086,0.5168408791204705,0.29208094622408742
5569,0.56875311163378639,0.41227757565208012,0.50166758467189088,0.28198974408379612
5570,0.10522075789450901,0.49198861819620948,0.49235317716851806,0.28223422210338511
5571,0.43066167093684199,0.85908341674307598,0.52183039487462735,0.30247194149248396
5572,0.42858081736470344,0.50165613517543539,0.50393327622820983,0.28614930106144104
5573,0.21302349615519636,0.82100574405371451,0.51262031080008408,0.29831783852838906
5574,0.1080931120412075,0.41347400209483459,0.48790230853901301,0.27809563231647821
5575,0.35391235802479787,0.10631108344536043,0.47418420199718841,0.26072881838596007
5576,0.82665870852301593,0.64120477077193794,0.52046936485947037,0.2957018406916192
5577,0.31375076653558065,0.37511207525407669,0.49281303836479978,0.27812552274900282
5578,0.22929711147964699,0.27930925411625068,0.48373838619873771,0.27158985182266099
5579,0.73951963235236473,0.37695432343821739,0.50252850063908228,0.28060630238903689
5580,0.23051868515984389,0.28310509645520943,0.4840412648526129,0.27183800443654849
5581,0.29430988368716787,0.46284727057093994,0.49770211162124534,0.28291541885485044
5582,0.2481568887758418,0.13666020596415038,0.47376510846676961,0.26225338997983505
5583,0.041636867663345768,0.66118508163850054,0.49818952798654659,0.28931155457981328
5584,0.85305850171922948,0.65185593504694994,0.52150803483579722,0.29635141868552101
5585,0.92909756275390976,0.55842959367266154,0.51724000197822606,0.29173044928674907
5586,0.55738012068365939,0.42879809614057884,0.50249849887366205,0.28289341819221098
5587,0.013350209502840882,0.031218075688171667,0.45694385010370164,0.25239529527621496
5588,0.78121806674523975,0.087992565360700256,0.48056823877504801,0.26075451143758749
5589,0.83549800136253471,0.2249323825307307,0.49279143493118666,0.27094582082384877
5590,0.18831880333510925,0.93276554599126105,0.51426745089521109,0.30052746306580602
5591,0.27372565064233495,0.74937394518068767,0.51236107370932071,0.29670654580985784
5592,0.23377099269238535,0.79595367453553489,0.51265726454363725,0.29786410071434904
5593,0.88106511526136888,0.68409207293352814,0.52375155277064822,0.29807872262709256
5594,0.49742924101239772,0.48846398469590352,0.50487544540619989,0.28590771330705556
5595,0.14464071351898602,0.3711439043129911,0.48677950330477393,0.27619245081327332
5596,0.24504266727376964,0.21455885118833978,0.47961242997380799,0.26756027801793913
5597,0.74338649374170929,0.82675207249267268,0.5285869620025142,0.30403966557299655
5598,0.2667657176211593,0.73546082296828974,0.51147472770571556,0.29603543882975125
5599,0.13036936487747591,0.84470738824020375,0.50948354261156936,0.29744806899935605
5600,0.52711801496461264,0.4206267673018505,0.50130180391751922,0.28225224788358638
5601,0.99160885238371566,0.49479674555511449,0.51414530627843913,0.28836729173833586
5602,0.9139987657182268,0.64561329873994699,0.52212478979384702,0.29627090677038292
5603,0.64925234302863244,0.61751199020860958,0.51582022802242289,0.29363860138860265
5604,0.59798558587102446,0.32449425557282524,0.49628546383606215,0.27678504708482338
5605,0.90201499783537586,0.90615765517827818,0.53472147893471356,0.30786613441853711
5606,0.16871104485125982,0.68009954731484179,0.50497737699925549,0.29225610806203056
5607,0.84910085545663028,0.62835421220575238,0.52011418106441909,0.29513732824796146
5608,0.12720922873864185,0.25484886001859564,0.47842595120673154,0.26902248739513762
5609,0.64075967116168475,0.22835651484319244,0.48997875670097418,0.27063518421902655
5610,0.34893840488101124,0.50041942402591233,0.50162233315768234,0.28544046674803863
5611,0.53821006355310097,0.52557451687614676,0.50807299171339937,0.28818261913641291
5612,0.67292668867047178,0.82274906628358879,0.52692235077853966,0.3034197699493385
5613,0.18356344493703219,0.57083226819745037,0.49994048083377468,0.28728945560459523
5614,0.61786380321866596,0.53298748684673336,0.51026328120201547,0.28904165607455351
5615,0.092099604738981003,0.71380797123456141,0.50315346696865382,0.29250870589740696
5616,0.44716332392391051,0.86351542080148358,0.52248816558825772,0.30279419406204461
5617,0.95386665582306462,0.64959661276467384,0.52294993739467854,0.29661704668187139
5618,0.68742731772019761,0.082858815648790912,0.47873818436228865,0.2601635219343682
5619,0.53787460822701694,0.54661511144913966,0.50930836909965083,0.28930244861647098
5620,0.13539914842097789,0.91445420507773534,0.51132199445332094,0.29909073770142436
5621,0.48571458988505184,0.45354362248441904,0.50243440937838479,0.28388802823360298
5622,0.28973250985952326,0.29312596375314753,0.48658982789781047,0.27297051432511532
5623,0.56930458607383772,0.86144829867003725,0.52590771210415643,0.30397444295455245
5624,0.19232393513285789,0.32678310163441349,0.48569255570360692,0.27413299459507845
5625,0.8017344392261585,0.17295014237653231,0.48812023731750898,0.26717680380416092
5626,0.72818696354768475,0.1258532069246634,0.483093802563338,0.26353845849133228
5627,0.7708318815098727,0.5552332996737096,0.51451627843807413,0.29097000674880336
5628,0.074279300398158374,0.13416966466986341,0.46759418269768654,0.26048952742785403
5629,0.27450702316783138,0.49673074701632142,0.49906707014980523,0.28454435779396547
5630,0.92072737127110604,0.29914173857715215,0.49965553679268293,0.27616873923632196
5631,0.51736072360890684,0.018829207054933069,0.47007728080317857,0.25463885263888902
5632,0.98752575733884007,0.39005982284593632,0.50708888743453606,0.28212847906970084
5633,0.4915140225803829,0.20887410397400383,0.48555529017654497,0.26870468996852986
5634,0.062142790113145024,0.13532397966048448,0.46719455890852474,0.26042963321457369
5635,0.7416871123532881,0.33353996164357524,0.49952059184963393,0.27790596986546978
5636,0.39815125308354621,0.37847357979522783,0.49540572328783122,0.27896883096515807
5637,0.0011645322077791208,0.90123940522189949,0.50345536661079526,0.29556784472354797
5638,0.022731964727060405,0.77546431361514845,0.50176189100491853,0.29321864041178197
5639,0.26130097452016782,0.34065689888322959,0.48893171754610948,0.27563092829203389
5640,0.92953224872940921,0.76591398551933232,0.52888615530953309,0.3022240212558599
5641,0.66209246295526392,0.85200669727869105,0.52785307293951678,0.30443147602945148
5642,0.023804659331485165,0.72240900055245738,0.4999751462040235,0.29149476433848309
5643,0.64584854943141112,0.1044641207637149,0.47995680290371995,0.26171991310307646
5644,0.74259905307466401,0.80541755738154752,0.52759667240819286,0.30314092325712377
5645,0.049584450874046893,0.32240503227672307,0.47969691255408964,0.27211664456702972
5646,0.036493057986872739,0.2293301773632993,0.47291582456571413,0.26628755005793603
5647,0.74870888326630236,0.24459184682600901,0.4930364968432091,0.27208032271535704
5648,0.17431412680189826,0.94115770071103477,0.51375816634041049,0.300402168922279
5649,0.5533157910884009,0.74329653166722276,0.52037445486205292,0.29911369602899496
5650,0.47786281453439738,0.38551688673224999,0.49786614837301579,0.27990305999163223
5651,0.017801885559724177,0.85226295293624288,0.50350231550997082,0.29505277378741479
5652,0.062949494449340268,0.21654936263504207,0.47316755937088439,0.26582602139272288
5653,0.5101161961277132,0.63393721330069241,0.51357661207919081,0.29358312091955846
5654,0.9422163035615464,0.57973048298478824,0.51871368524098749,0.29292313220444516
5655,0.5081058695892221,0.68950162268531279,0.51649095456069438,0.29626297253903988
5656,0.64364618243615845,0.78059444923623245,0.52432556681591058,0.30143403804532665
5657,0.27513126184399006,0.038947712103498636,0.4664322482169152,0.25519371058157397
5658,0.34967124503642555,0.90364661370917465,0.52032750911835068,0.30262305948483093
5659,0.95743557838128179,0.90212548158542483,0.5355567542651416,0.30804687735149844
5660,0.5705068028071546,0.17034430892950622,0.4841128488188165,0.26633407913194679
5661,0.2189800746622379,0.13809323036373825,0.47299037249103859,0.26213299491444619
5662,0.23013918655173621,0.66698885291010379,0.50674909041140115,0.29248268011740286
5663,0.042753152050205974,0.18451034764331997,0.47002263363149832,0.2634917784766454
5664,0.03738705341111636,0.094995884658361326,0.46307126569581214,0.25732373415974802
5665,0.051495564463490157,0.68914919008173747,0.5000289194683708,0.29073258688829484
5666,0.74989619004748531,0.50819226242114091,0.51128316132928631,0.28830953585353208
5667,0.28301990245877534,0.23422590479472422,0.48220197146056953,0.26915411753761309
5668,0.61772768461284,0.53435170098604867,0.5103420557618692,0.28911442499402301
5669,0.89374933800835865,0.71368799251980386,0.52556200937880604,0.29958234348762652
5670,0.54327072383855701,0.61040083490655528,0.51308137108722052,0.29263530414878447
5671,0.79770759757839849,0.86297576654296138,0.5311672488288558,0.3057588381354
5672,0.14190744515835541,0.45681536314865812,0.49187224588180556,0.28089378350116195
5673,0.76850358662150109,0.0192114655583282,0.47410130082328722,0.255220048621704
5674,0.62436743215956969,0.15144492479768815,0.4835523396385849,0.26515235333832804
5675,0.75156259373667422,0.092174583859241099,0.48051880389037127,0.26102235037329724
5676,0.80751788640863964,0.98092193155320129,0.53503592891012997,0.30929307161187242
5677,0.4628771840783884,0.85916408128415944,0.5228307964723744,0.30283791042358144
5678,0.47797911738998961,0.048670557356381323,0.47201154395059441,0.25689108731885985
5679,0.26700296932292406,0.56697355865429855,0.50279620783409718,0.2880896629631215
5680,0.64279407743728956,0.53242006748361748,0.51074135730812531,0.28914231055464851
5681,0.85395468395998475,0.28557126714509218,0.49772451566013581,0.27511426613971318
5682,0.36808514725767311,0.39789029050694086,0.49585347632784965,0.27988651540069071
5683,0.9168293335842318,0.59206358091271261,0.51907092922169529,0.29349524967284241
5684,0.69947939155589556,0.28942501247216712,0.49561076593460551,0.27492192775811614
5685,0.40743553763973761,0.64721281407006315,0.51154861976655275,0.29341607199750513
5686,0.3252186829986633,0.53282839968282503,0.50278406630932271,0.28693423250717931
5687,0.11363977889363888,0.9249808281033649,0.51039487966684205,0.29880873686516685
5688,0.65743626442704117,0.50398661232878217,0.50930421996583175,0.28766091656822113
5689,0.64039168669687363,0.59466297528400325,0.51434073773757805,0.29241871405381142
5690,0.198193119015696,0.91176688838155251,0.51430248286534319,0.30030418650123586
5691,0.13317931602358588,0.62493593354354382,0.50070111078463742,0.28918871293082027
5692,0.90943089559070078,0.76112992445380656,0.52831907063947336,0.30191624131141392
5693,0.87890337687126596,0.8780280130352941,0.53328419137968952,0.30678175362758831
5694,0.74086851444920754,0.29752993448750348,0.49689702730650753,0.27558645913811886
5695,0.007695343357126694,0.44703344789900584,0.48521314828635337,0.27833236256525357
5696,0.92859164413708506,0.48071323349772721,0.51237178728185029,0.28738177126313275
5697,0.070632461656129464,0.88702330529800388,0.50731719787767737,0.29708798315589369
5698,0.39156429188718322,0.81403464726913954,0.51903547447889831,0.30056789300053077
5699,0.59284767141212946,0.3550158278807416,0.49831534761090318,0.27866398974697104
5700,0.40313709583018209,0.3173157885754132,0.49140750242053854,0.27529593173213152
5701,0.87294451696589825,0.30435218930990671,0.49939337553404867,0.27640021855129265
5702,0.31910945132785712,0.24924178040794798,0.4843320058068088,0.270400131058115
5703,0.54367509627084953,0.15336102692711867,0.48222153343100177,0.26501647500655029
5704,0.16291001574344702,0.54736345191121805,0.49784460680377574,0.28585171064526727
5705,0.67527178809317989,0.95134405811767797,0.53127223724740991,0.30747700247792054
5706,0.21583172544987175,0.9362812761938083,0.51560475771043701,0.30112342617900895
5707,0.15050081721284658,0.58905825186494043,0.49957545071410797,0.28773200508582925
5708,0.63998576868878443,0.84784717508965401,0.52717947472453786,0.30411415536290581
5709,0.30919284487146653,0.2803205867910874,0.48626813412251002,0.27231854218987606
5710,0.95764134510235166,0.76941658542015368,0.52950282976292906,0.30250067427571681
5711,0.7053327104611905,0.28288099772840508,0.49522579467674605,0.27451188916777475
5712,0.9737898235977045,0.81533617211187959,0.53209172712661512,0.30469081565791584
5713,0.88380682602551541,0.72596256585087404,0.52605713430350154,0.30013485549355651
5714,0.9583599664962269,0.42730334362162975,0.5092601645572955,0.28432560895107795
5715,0.86425661125538178,0.53135528775543206,0.5146066759398733,0.29002854903728253
5716,0.13618998069217197,0.030545343879528813,0.46151494286725786,0.25356634806263534
5717,0.34812528140590293,0.84756411766355166,0.51870545327132367,0.30110539290541466
5718,0.1724852966375067,0.4689589869033895,0.4937912913682786,0.2819290491128803
5719,0.33940114405128408,0.68296806764294171,0.51134798126673819,0.29446823379465431
5720,0.46384512112367671,0.82047818217173918,0.52150329475945023,0.30157443982903231
5721,0.38493657473578352,0.78556966658135652,0.51770781032205804,0.29945450150034447
5722,0.69847669458839812,0.12219739569922676,0.48232490276143086,0.26319354872681361
5723,0.20341430030871416,0.042999975681945218,0.46472853835909278,0.25503983735713864
5724,0.076552411157370076,0.82356686228577747,0.50614436651837769,0.29577350651878498
5725,0.18248079402017173,0.098620851327280989,0.46868972945859844,0.25902051958505312
5726,0.38378708716543625,0.074828928429202649,0.47225391215082635,0.25852383266710838
5727,0.29036801923416788,0.1721714488644735,0.47776107764577047,0.26503647829395582
5728,0.63774330918331401,0.99619758648927104,0.53136629025289328,0.30812871400789404
5729,0.61334261915817634,0.96388776776607854,0.53000218054046289,0.30718629493476529
5730,0.6920968496695511,0.89872979400827324,0.53016752800854428,0.30618741853962733
5731,0.84441346306822962,0.50338064709439645,0.51255582491263729,0.28840082191851313
5732,0.50254041110329573,0.57474917560255856,0.51008943700086218,0.2905388161743932
5733,0.25618558818442982,0.64800228573995411,0.50673541486571805,0.29191205530346548
5734,0.77048066271260618,0.67144183389345413,0.52116412800412304,0.29696705289244607
5735,0.79957648410211557,0.2867462618215359,0.4970174616671314,0.27505081377432644
5736,0.88575736974576724,0.39628325648427709,0.5061375006651877,0.28225216245552104
5737,0.95995765712956205,0.39433768895854016,0.50702696488215726,0.28232690292493889
5738,0.36580771153423702,0.1847454981715535,0.480755077218188,0.26638778417260062
5739,0.88973275595376045,0.37498542594428874,0.5047168177145408,0.28095075679038117
5740,0.84857190389659953,0.040214561307395341,0.47710810483046889,0.25705558364568543
5741,0.73283967397351513,0.28767754034566462,0.49603839551824164,0.27491597773994875
5742,0.099573155490902732,0.33209133879122094,0.48248098319800004,0.27336866004939386
5743,0.48520834933436713,0.13366522061132127,0.4794304489372308,0.26335679687566554
5744,0.88081983883419313,0.57013877095355425,0.51721841283026293,0.29219860577318352
5745,0.80443757821241157,0.17634896906864597,0.48843830135696042,0.26742880786523421
5746,0.47573503753076074,0.96065763891785172,0.5259409044634541,0.30558320135683298
5747,0.39234965396308108,0.73457125297329628,0.51558562366790339,0.29736706282633429
5748,0.77998503871838332,0.055270719415054195,0.47760525652565206,0.25817001944172768
5749,0.54640993028812812,0.78845183298456256,0.52241574404988789,0.30108250553920579
5750,0.2131846902183839,0.85934813560316115,0.51372951395289601,0.29937310066987544
5751,0.071115279124432704,0.75914893077282464,0.50387301046928512,0.29376813596083667
5752,0.80828434785638237,0.7529090137003106,0.52618094417763284,0.30107590978978188
5753,0.0056894902702071702,0.58556672449283065,0.49255962497339523,0.28515906517813655
5754,0.33989414946724433,0.52335695756209311,0.50269045471737639,0.2865749830672521
5755,0.94355026866745906,0.91679612718151193,0.53582543898843549,0.30844690857522172
5756,0.32788239733324154,0.44621951920156139,0.49772955014495696,0.28230352766051114
5757,0.75872174661195613,0.26391786361160924,0.49467089081169963,0.27341556516791171
5758,0.61886695923717927,0.29558843581267868,0.49461479402098502,0.27502608896662556
5759,0.90974473110913534,0.23492211296943716,0.49458157058276581,0.27179752159032294
5760,0.65559798876842257,0.74513709136486284,0.52279716968081569,0.29988161843036137
5761,0.95077106614600648,0.36721278432476107,0.50500507807994865,0.28061944430905256
5762,0.77670589413916469,0.56982601965175705,0.51548787062175583,0.29177613880273107
5763,0.31767081421675397,0.14389425404701614,0.47629834117230113,0.26323655167914395
5764,0.042329389643634203,0.40059301319374935,0.4841996889271955,0.2764264946465646
5765,0.033511830011417623,0.02456595793660963,0.45722175111829072,0.2521238760358453
5766,0.84158896603541222,0.17712308807404478,0.48901780138329426,0.26756233870699481
5767,0.50398946505385689,0.43861922739486914,0.50192598269404531,0.28315393262811017
5768,0.29706281879170571,0.24018303864073243,0.48304593762884002,0.2696493269891691
5769,0.078488283540529669,0.11906359366491671,0.46660086788145488,0.25948761937127496
5770,0.1540139860955882,0.10199031253907598,0.46801507892670852,0.25902170551405918
5771,0.94765294409549106,0.98066961054118584,0.53780055937148408,0.31027503089829273
5772,0.60541979867959161,0.98814542373128944,0.53033316781561468,0.3076317154024194
5773,0.54470334090486872,0.98464445773506304,0.52854921162665425,0.30689849564872435
5774,0.92367947333910283,0.18714333211953055,0.49091044730548239,0.26843925521244877
5775,0.26751779294611189,0.377443507282401,0.49153138567594801,0.27785584786667716
5776,0.99290579535308066,0.91498712399253856,0.53660587768113821,0.30865978224245877
5777,0.5998557133624679,0.30743243572966894,0.49510569666026438,0.27570937943264839
5778,0.40468959490660344,0.35118117402176141,0.49376066719288503,0.27738163587145814
5779,0.52938997791724973,0.99162484321877131,0.52823880514630306,0.3068601136952297
5780,0.98859027960587997,0.92031935838501666,0.53671683927277636,0.30880837992239035
5781,0.84939547655148206,0.34230712373665301,0.50182201710713215,0.27878830500283375
5782,0.89278214966700187,0.43109550633671462,0.50859960996130582,0.28437234504931708
5783,0.58270674673329337,0.062112424341600858,0.47517203571605943,0.25827899217684902
5784,0.49221270051869798,0.99883132037132749,0.52723853263100406,0.3065461582061475
5785,0.51203275220618816,0.0034338728898786943,0.46855400876548131,0.25336700886751484
5786,0.8372106787012541,0.5074593610747834,0.51269769949611643,0.2886043409398531
5787,0.01945647644518176,0.47465310780269793,0.48736521986590842,0.2799702982338319
5788,0.49554207335073736,0.78408074150596518,0.52088974275311861,0.30047707765039394
5789,0.75122482709289773,0.72942224461796001,0.52390904565925189,0.2996821494368439
5790,0.10072177455696511,0.32813802261817038,0.48227371536721297,0.27315171179080056
5791,0.66036191990183435,0.91517556595184146,0.52991653673967687,0.30639819004533431
5792,0.17118892713064562,0.22216219975721324,0.47772978778381414,0.26739818691130846
5793,0.14027403731584784,0.5983717964724522,0.49963395747794315,0.28803392474862527
5794,0.2817943018236081,0.44933091935626002,0.4964834975682611,0.28205564894757934
5795,0.97386315662342826,0.07160279065171489,0.48147261444910316,0.25973274287931863
5796,0.16790453942845346,0.66135159354846695,0.50401236281982953,0.29138817757194457
5797,0.30970656652810286,0.17059064857830528,0.47817793903929418,0.26505810869176721
5798,0.28348329205588674,0.64444280046640201,0.50750926742161273,0.29205623918505352
5799,0.019817851269792301,0.15731525692980503,0.46704106142574542,0.26139082840187683
5800,0.56707830807875148,0.95521953073135812,0.52853547519942867,0.30651112906167111
5801,0.67045655040581476,0.28584669357788517,0.49484365849466189,0.27458711917876971
5802,0.37883405894042227,0.97050959943259374,0.52286664261344318,0.30447852625132948
5803,0.34376215159358692,0.93639543979455486,0.52087198081360231,0.30327423077428994
5804,0.50487891127549811,0.56088044416863714,0.50935151305364157,0.28983537132813814
5805,0.22172019383149455,0.40386961820336292,0.49167175289151499,0.27891952863190245
5806,0.14305642393653981,0.76513073646934937,0.50761800088856823,0.29533615588137274
5807,0.03051305553541752,0.45546392291864612,0.48683257922554057,0.27916710150066781
5808,0.18282803309966114,0.46009831592462724,0.49366691519237665,0.28158092373197241
5809,0.28438141098463676,0.79907789044376698,0.51474816603318485,0.29870361791962363
5810,0.90279248566053583,0.80734556673396152,0.53057039197756961,0.30402952524089821
5811,0.41305431913043145,0.96437195582062707,0.52395167759282169,0.30484325199983875
5812,0.011133903822943103,0.03402140784392832,0.45708133555331926,0.25257861329390469
5813,0.79244686180712887,0.14245696185467532,0.48544303064476502,0.26491839003729117
5814,0.11207846630926943,0.036650382296449971,0.46119979292201752,0.25382180678501909
5815,0.11416048188809073,0.31369236830611485,0.48188099301107951,0.27246641966777108
5816,0.95449720612209055,0.84396801338534577,0.53316506375674866,0.30586289158243912
5817,0.67704452274726945,0.22910044975493801,0.49066795787698103,0.27080638457437417
5818,0.16040827583129286,0.61650425208235393,0.5014202816149621,0.28918657389871938
5819,0.82007294691134014,0.60653148649969379,0.51837887459630616,0.2938904885066162
5820,0.87798945320373167,0.55672656834287337,0.51636785685261688,0.29146467476326893
5821,0.81785116166680827,0.39545430462228837,0.50506613613959195,0.28199944200890503
5822,0.27313509710006184,0.29862325588221433,0.48646523511924938,0.27317569997448166
5823,0.016932303588942162,0.054362234142667151,0.45898401812122713,0.25415139327177239
5824,0.35959823509588607,0.96234020740400306,0.52200200136591191,0.30403733987871845
5825,0.45308617049892203,0.7210179706057418,0.51665644660881038,0.2972975996910987
5826,0.00046032973650144413,0.81275165021339202,0.50149855126274756,0.29368528413238854
5827,0.10081992713111686,0.8196461012269719,0.50731319392763785,0.29619123717293899
5828,0.04405678014588775,0.8113503407650744,0.5040226116024773,0.29471782428016019
5829,0.94295496700591186,0.75248795145315828,0.5283950158065186,0.3016432590804945
5830,0.67447508500282416,0.29724707792353583,0.49575148277062442,0.27534473498345435
5831,0.99644173070077091,0.13755026971934131,0.48758717626314796,0.26488129524542553
5832,0.4906246512195212,0.31452625319975197,0.49331706816780813,0.27563733825386794
5833,0.54531114801483926,0.49280515426952626,0.50625599283033618,0.28644211726313179
5834,0.10627333470369922,0.83670912868402669,0.50805711336173554,0.29675033009716872
5835,0.59456514547421835,0.79672704632448743,0.52397470151416881,0.30179982673765293
5836,0.099498191696673177,0.83201717898742067,0.50758221001603532,0.29648721598692562
5837,0.53576503766850803,0.92483676111587565,0.52689166629810402,0.30544908440279739
5838,0.6145100412689033,0.12917131003771209,0.48152621763242326,0.26348518255240477
5839,0.980292473125842,0.10086502262748545,0.48418688654031966,0.26204723728022189
5840,0.0047509913879563107,0.46127636726946808,0.4858679783454064,0.27902017822124531
5841,0.20963587100509321,0.056804122376570017,0.46608893842880106,0.25613379229490491
5842,0.88675707399869574,0.045889466628932861,0.47810178426338146,0.25756498654245813
5843,0.094719618597801314,0.85885163293167721,0.50800675924809202,0.29703519193944555
5844,0.096443466211657503,0.18028046747863993,0.47191628155340087,0.26386069087150538
5845,0.19652424140706426,0.40445309964449849,0.49081185131143273,0.27868130701502575
5846,0.76324880150941898,0.40365463712654309,0.50474662825248129,0.28231287012426087
5847,0.60363117235334363,0.52194524968568001,0.50930091866497451,0.28836718679153189
5848,0.85982147485244786,0.0065121794615290137,0.47405332869929384,0.25428121230228307
5849,0.93013965290748746,0.8494585351082613,0.53301057064613,0.30597276733198941
5850,0.1808801745855366,0.64877940762477238,0.5039094826280841,0.29098844596610385
5851,0.66277362475959822,0.16649986298320582,0.48544558885470263,0.26635918292292182
5852,0.79877473689761247,0.73629066196460047,0.52514615509799822,0.30024573900585955
5853,0.18981595556730171,0.88776459659259999,0.51338535035089072,0.29962967590932632
5854,0.29066410255929226,0.26161852276563879,0.48440215713595408,0.27098626240321427
5855,0.12239848740816815,0.22080720885155025,0.47584990444293468,0.2668033779866868
5856,0.42426792158965254,0.74549781407202831,0.51706706770268784,0.29816092866301752
5857,0.21846002322767163,0.64863880264518092,0.50537491641091203,0.29147962207507733
5858,0.74584829239958195,0.93226285918172214,0.53240040043923664,0.30757547964432341
5859,0.53924243502198954,0.45723207403143168,0.50391111486110152,0.28442025580059171
5860,0.94799605179018109,0.22192398737279001,0.49403323314150821,0.27096070233408304
5861,0.94141092816101157,0.31971812101214897,0.50145339740053885,0.27756308616854991
5862,0.21285677719932283,0.32329475203299668,0.48617660748622638,0.27413195489587072
5863,0.51715598125135298,0.54965607001833849,0.50899749035763886,0.28932933139861644
5864,0.5508135308293044,0.47565567174981116,0.50532187085926139,0.28552255716211311
5865,0.9579255163185183,0.086968506574945065,0.48269020549818492,0.26093350284472305
5866,0.82968046739288837,0.61153678867915884,0.51882871419097654,0.29419005450159447
5867,0.23156508690941846,0.54895621764817049,0.50055144504462024,0.28678446343017899
5868,0.26561523403086468,0.95079941443469151,0.51806054163548065,0.30229928464258321
5869,0.61520492256236037,0.32556562178368914,0.49669661115157693,0.27692654335747491
5870,0.20552882617061261,0.027995348916004879,0.46350181963016396,0.25389927512906135
5871,0.21101282119263198,0.47029156167051989,0.49531267919123728,0.28245550777847955
5872,0.47566114748847904,0.16683275719381638,0.48191693475121106,0.26570186342476587
5873,0.076340225026186093,0.21346984770969724,0.47350683068479826,0.26579546402516585
5874,0.20741604515741346,0.070339671744720542,0.4671561732841582,0.25713418516928127
5875,0.25807462399037323,0.30377131629962245,0.4863480900572954,0.27336446927392505
5876,0.88620601674265931,0.52200868937299827,0.51436508919247048,0.28958570018557916
5877,0.24327704753793078,0.94028788604947044,0.51689949597303286,0.30170427551184414
5878,0.27756236842173387,0.76190919429993953,0.51304322650266299,0.29725745850682839
5879,0.40347293232249798,0.30778591347596379,0.49075314232177591,0.27470386959047849
5880,0.17587170550791781,0.031154511871293655,0.46286191214604189,0.25392874021869843
5881,0.69546750248820755,0.42766528261833592,0.50516819646535205,0.28348108633906027
5882,0.37945231418568875,0.55698882148087725,0.50579059884040167,0.28867206743982443
5883,0.225017994355422,0.79291605721263914,0.51219237682368146,0.29762913871366709
5884,0.74768829966551864,0.25453369407333665,0.49378302054799084,0.27275191367600327
5885,0.99288557173324521,0.67419376101362294,0.524898938462391,0.29799733330275258
5886,0.39007544482079104,0.79278582031872358,0.51816659257242337,0.29978510339828973
5887,0.8229846320330515,0.59743714664137226,0.51789976727989107,0.29342718763438141
5888,0.22559577847636539,0.86007773192814796,0.51428675401860202,0.29960531083553937
5889,0.33215582064514748,0.79513177851127692,0.51633047573756141,0.29919269672915827
5890,0.4060697607392329,0.36322422912622571,0.49460349221918887,0.27811577289955752
5891,0.26384784548013707,0.92586403577978493,0.51748173182893231,0.30177661394375022
5892,0.28040411528245318,0.25213458158822033,0.4834194448624381,0.27029692143877571
5893,0.27280928126763321,0.37730271540681137,0.49169152847514602,0.27789623628198318
5894,0.10018351506580367,0.043657183239108416,0.46136185670509894,0.2542412308502312
5895,0.98572655688734956,0.29972657673131908,0.50052924483030925,0.27634242059497205
5896,0.87405364272765584,0.89373200847328416,0.53377265509441518,0.30729252122084127
5897,0.29961693327351241,0.58624217754820129,0.50495044612044693,0.28939848026664611
5898,0.5510025594595005,0.2393974017015309,0.48912327854327958,0.27104036539508752
5899,0.69575398366207963,0.4829993307822501,0.50873101877010141,0.28666713167095653
5900,0.02137995498281671,0.40098755120855062,0.48321855375789791,0.27610993931104405
5901,0.99485499895591056,0.38967833995210244,0.50715593421116589,0.28212166388969245
5902,0.13080664729595884,0.88966551282663131,0.51057601797681962,0.29849267069271535
5903,0.36838762055543484,0.47376787534997566,0.50059746646728576,0.28416345850273711
5904,0.18045311014709298,0.3167780369884684,0.48460554465303979,0.27340844836228761
5905,0.047288978470477742,0.71304325807631252,0.50086232674032882,0.29162862995697525
5906,0.1040899320497294,0.22808572937849675,0.47565706442992089,0.26706360235927462
5907,0.55064022767954746,0.59294544859357412,0.51227310737260767,0.29179556661849115
5908,0.78244084158310434,0.033920385678752794,0.47566806395876932,0.25644864033046316
5909,0.73753157200991415,0.43505580567800212,0.50640104975715616,0.2840835202433466
5910,0.36884791364503328,0.7620057519089547,0.5161749743476397,0.29833704059511107
5911,0.057213369841466195,0.64889425749342189,0.49837584560835169,0.28904432607722558
5912,0.72196601177213016,0.2423423685273505,0.49243661743756639,0.27184968390205938
5913,0.50723685324467949,0.095142589991388388,0.47664602969330216,0.2605797586968675
5914,0.21927857782720822,0.14951087499646237,0.47389078911675431,0.26293507167470437
5915,0.5848817474645911,0.67583234423504912,0.51761668058313515,0.2961458680540448
5916,0.87996333786720649,0.67221713521421189,0.52307959145427774,0.29748350575336374
5917,0.98886654803768037,0.22439052792381264,0.49472436333345327,0.27120356952800817
5918,0.25526833044545494,0.09858518832881237,0.47091012906515994,0.25956182729329547
5919,0.59006797572014624,0.71863796356274978,0.51998324319380063,0.29822300412391228
5920,0.66018040916750909,0.61112692609039365,0.51568399261217734,0.29337276808860419
5921,0.46154483307279881,0.91425821816375252,0.52438842832611032,0.3043445469249324
5922,0.37130985634896208,0.30868969186731848,0.48997741186656202,0.27454741732517529
5923,0.78427696043384498,0.46934517367718509,0.50942104579405389,0.28625035867420306
5924,0.13888886622003047,0.23965165961500026,0.47780639899187743,0.26819089721543105
5925,0.69462844944976965,0.013494371340319049,0.47252097964684775,0.2546242989916726
5926,0.73235400284772045,0.66005872262626653,0.51983148367725407,0.29621603042034295
5927,0.52388481255659136,0.25175258858330785,0.4894939749440182,0.27174620946811223
5928,0.3615206079027965,0.99765255942494846,0.52272930782344595,0.30470913215123996
5929,0.80189933706134331,0.62306128517884063,0.51901832776314305,0.2946690509147431
5930,0.60355658135366397,0.40073873278786198,0.50162633255009526,0.28148056450329195
5931,0.23366066209512065,0.73766679686823633,0.51033228297484035,0.2956978162079103
5932,0.42312651520451766,0.28829501982651418,0.4898697004256285,0.27359426931924519
5933,0.082620435112051208,0.077908776168629984,0.46351531699337462,0.25659891904969684
5934,0.944670582827984,0.93142825084786163,0.53632391869297324,0.30890422627821057
5935,0.15703219363827958,0.36407552530098475,0.48681061211289062,0.27593368468198759
5936,0.43122787125735779,0.013956804568355437,0.46792583192825771,0.25395543638642054
5937,0.49124330944676187,0.22208878119782313,0.4865621283806808,0.26960432864447675
5938,0.20889403336808318,0.13824407894125909,0.47268541237218265,0.26206315758155474
5939,0.89583211756943493,0.51668830019208845,0.51417818676977511,0.28932070689392536
5940,0.61674020318886036,0.379736146768753,0.50047975022251012,0.28028176116892067
5941,0.13042957874067362,0.61642902259154952,0.50014623176969375,0.28874721594375741
5942,0.035097242209396792,0.3088067563939258,0.47816291840952391,0.2711067296363267
5943,0.57734638637403257,0.62264613999516005,0.51455077774467151,0.29347292281959536
5944,0.05950989936826518,0.96466695143877301,0.50803957935066324,0.29814990742621511
5945,0.54706643277119149,0.13967432612328559,0.4811643716418626,0.26403491971373733
5946,0.92224826678471872,0.35672871282465057,0.5038785123677092,0.27989071412425404
5947,0.82817544697121492,0.54923183300540557,0.51512314000667925,0.29087537036176148
5948,0.065056585492321753,0.36704814240325945,0.48320124846483892,0.27490511603780754
5949,0.56836175551015189,0.386048999422614,0.49992132790781207,0.28043146662534479
5950,0.2063611433722661,0.78130254025371981,0.51099961798911264,0.29694616433359
5951,0.35828011913661612,0.59678710157548776,0.50738024653477054,0.29049779438847173
5952,0.018912287705659402,0.97995223575375279,0.50578915647407896,0.29726726325876529
5953,0.89983725010041382,0.55266660832011849,0.51645543699325103,0.29131960396799361
5954,0.28288541045429888,0.76420619787919564,0.51333445798581401,0.29741546332136076
5955,0.77161976734547644,0.32033353554444621,0.4990553443438423,0.27715859386854758
5956,0.89188316434688175,0.85301935130996875,0.53251173978778044,0.30592230254983366
5957,0.42468297766958135,0.65832932497836882,0.51262711387439341,0.29410168104039741
5958,0.30476278901706683,0.67404355145000161,0.50975723621302693,0.29368541655970576
5959,0.70039874403778235,0.7512299822583679,0.52404073984387411,0.30043017048297749
5960,0.12435874801756583,0.99109608233239277,0.51203809215418916,0.3001162188048353
5961,0.053711725020210731,0.49707528300940762,0.49028965329298668,0.28169721126296043
5962,0.47988775812069656,0.088908675621973826,0.47556159080043103,0.26000502447293972
5963,0.76309896666783605,0.83627843344762232,0.5293948575213363,0.30453968342729515
5964,0.09014143575633643,0.80017250778638993,0.50619567958272471,0.29542735335487519
5965,0.58073646215490293,0.67908804477868834,0.51769513691157132,0.29627618242713616
5966,0.038989314255386126,0.25100117022771157,0.47451268243861888,0.26767457954919077
5967,0.57716335797026996,0.62781067093632881,0.51483275096218539,0.29373092158137193
5968,0.71356502278443656,0.68326185115106641,0.52073332654605742,0.29726295987282247
5969,0.86038170078831033,0.6000621786671575,0.51866468684350164,0.2937120245381169
5970,0.19307469832036878,0.86522950019590794,0.51298691593976287,0.29916159920819557
5971,0.82692262147582374,0.63032668836578964,0.51985821170913904,0.29514783940341732
5972,0.031606091702857525,0.43130967302004575,0.48549725282895356,0.27791152031930166
5973,0.74076607187109766,0.73285692291796445,0.52388875265704815,0.29979022773527025
5974,0.17013842936715812,0.5879408533399576,0.50032132545857422,0.28794915607027349
5975,0.31886322747670348,0.6199064662813093,0.50739597490962829,0.29125288399232258
5976,0.94053159401352748,0.25350353580081136,0.49643131024485515,0.27313950698859313
5977,0.29814492999858921,0.23612816076722229,0.48278180934803955,0.26939232792665591
5978,0.46705418329729004,0.95597654853641301,0.52556247787335797,0.30537578285712075
5979,0.73583108694400867,0.94907158843915684,0.532640867294085,0.30793937223491635
5980,0.57344790794086875,0.69988201294102481,0.51862302801812843,0.29722407961489145
5981,0.86411381646461094,0.8185979332016432,0.53047707768433239,0.30435889754654383
5982,0.98524166843882999,0.91370549690368363,0.53643391515168215,0.30857759524505829
5983,0.52872946697179002,0.88260588109510718,0.52549306598484191,0.3042330640328838
5984,0.51397813960713101,0.49750789327375822,0.50581980220147771,0.28650926809127875
5985,0.47123711586041611,0.865613749367802,0.5232893493941505,0.30312441484632408
5986,0.78909381806965684,0.1545425487320288,0.48641196698125,0.26580511290735326
5987,0.95931691174305744,0.39810854696939935,0.50727943752078486,0.28255695874577158
5988,0.68864159241173184,0.25324820171495671,0.49271795372394867,0.27248458255874369
5989,0.57606381446492161,0.67336876125117995,0.51728276932160056,0.29596861812222003
5990,0.6694664051259519,0.7196920306439395,0.52177584407826239,0.29877027250232546
5991,0.91545135396822597,0.17068572360425024,0.48944484326850823,0.26722865681256486
5992,0.40395893536621008,0.015004858453094495,0.46743672872419945,0.25393417773469507
5993,0.80869981549520753,0.89520976224836191,0.53256261333626442,0.30692883176895308
5994,0.17755802456067177,0.26424457035850502,0.48093161016433583,0.27014971279524402
5995,0.054084052912646438,0.52297303097614789,0.49172630121523198,0.28300646960933934
5996,0.20232803916275735,0.57665658469930059,0.50098080144311719,0.28781601498080644
5997,0.53525580487962576,0.10688366182610626,0.47819240367234578,0.26156449159607337
5998,0.10363456782005961,0.48931137966805838,0.49213296594175521,0.28207284967285906
5999,0.87354544540852075,0.51041469074595958,0.51344895168569871,0.28889567886528189
6000,0.80843694399305388,0.57999506753230246,0.51663324707672398,0.29244849473119561
6001,0.88955967115071843,0.87999317717523085,0.53355155233653462,0.30691151961256685
6002,0.86902734788287206,0.80494400188751758,0.52988725640208634,0.30376834241003187
6003,0.29779049573334632,0.52837825129601401,0.50165833836633844,0.28643824467135875
6004,0.65279559985870728,0.58255118038420339,0.51389884963675347,0.29185713427965654
6005,0.40570597931480734,0.52972368238678902,0.50496830722967334,0.28747001423952667
6006,0.93820091024491703,0.026141864891618027,0.47683709565844234,0.25599905238935439
6007,0.65512959419331751,0.68308892108994768,0.51954160117246528,0.29693058987555687
6008,0.011579705434583594,0.59274707676608818,0.49323701107589391,0.28560961634392706
6009,0.055085824334004434,0.24265465031504865,0.47464925414950954,0.26737497651929398
6010,0.46772917596882907,0.99099791900491108,0.52630760302235358,0.30608860783496217
6011,0.55724553479993488,0.26485119060619039,0.49115458889926372,0.27276174820792215
6012,0.67101929932521898,0.95940497229689503,0.53137123796967445,0.3076339432101094
6013,0.6313479350149982,0.12800216872481396,0.48171895270825343,0.26344826767776147
6014,0.54528276931046271,0.3011659839185537,0.49355542034346978,0.27506483940554172
6015,0.25002073670228708,0.55508701191061416,0.50154900456200158,0.28730390698665181
6016,0.25330283468345882,0.25203054661197821,0.48258563667693405,0.27007072992323466
6017,0.26121540218844314,0.35035397986889583,0.48956862928404987,0.27620761765362928
6018,0.75754896984923403,0.045609934769768733,0.47641082946667068,0.25735616676206674
6019,0.57894211715500576,0.46030404225325916,0.50497388076401373,0.2848146762292279
6020,0.46309981393445049,0.50701617103660246,0.50514898775596884,0.28668817803178009
6021,0.7112661168341875,0.26615249622625997,0.4940742116267437,0.27342217543496011
6022,0.85585082817055513,0.30974473448825302,0.49955003077572879,0.27670988921147582
6023,0.029352285470336213,0.11061671756928554,0.46394461659359443,0.25832499266717074
6024,0.20017252818577691,0.39374985875928542,0.49027747947328032,0.27811683677812193
6025,0.89131851540930807,0.39080973412521419,0.50583983559377466,0.28193233176275306
6026,0.39121017952637049,0.061833583678689324,0.47130603088623502,0.25756418378025936
6027,0.15653385655080201,0.05363067134387093,0.46414295200354966,0.25548651973504627
6028,0.0044853022158960814,0.3592426209992613,0.4798694313968519,0.27352262489520462
6029,0.33563636256806784,0.21524391990889563,0.4822841564646414,0.268271702983506
6030,0.90357301275191138,0.86225868522628446,0.53310053282393954,0.30633900846011625
6031,0.74188502217045749,0.73171802593016766,0.52385086251916624,0.29974223195507027
6032,0.30008979250992418,0.63560337604087547,0.50760997767900917,0.29181536564925659
6033,0.20332432619851315,0.45753769659112442,0.49427854179767816,0.28168241575526992
6034,0.6858711980337161,0.74420412038184014,0.52338405250272513,0.30001896728417321
6035,0.74600033619041783,0.55299752566075189,0.5139424879312009,0.29074284314562432
6036,0.34544591790960405,0.33997342280774612,0.4914076551173433,0.27628308801561424
6037,0.37759054875288856,0.24150641851221447,0.48533765772244319,0.27028494505491063
6038,0.37258932049690052,0.48194192919534401,0.5012106004182193,0.28464374360911993
6039,0.93982453220750917,0.82097747773508312,0.5318465625652169,0.30480758884708253
6040,0.32451041558213767,0.89935732079647723,0.51928613578533012,0.30215377428578089
6041,0.74906233758217422,0.81000537296334518,0.52794152232480218,0.3033767711089238
6042,0.25937346552734963,0.14068881422417473,0.4744137231361038,0.26261943617344324
6043,0.33257147122003372,0.69376895849652365,0.51167664348707609,0.29489910023209803
6044,0.59769448445072626,0.75402507669046759,0.52196444284411037,0.29991866313220905
6045,0.046848580478958325,0.87709440121446969,0.50575685540408732,0.29630920176525921
6046,0.49578328338497085,0.85719336813705749,0.52373884130812531,0.30312601748955159
6047,0.20925391119023554,0.90446612507960533,0.51464824482201221,0.30035802031899617
6048,0.6988972148392234,0.69588498629723916,0.52112045419782627,0.2977974555969215
6049,0.82217738985646283,0.82479955479475908,0.53002015953202652,0.30441169738132906
6050,0.8459449519117247,0.30553325741674053,0.49909713343577999,0.27640946903237129
6051,0.49687130211460173,0.7039877664171742,0.51695520767344239,0.296861434163111
6052,0.47690570025780477,0.72769903130737368,0.51764044206125892,0.29780504780362238
6053,0.027567479285888843,0.64586595612865638,0.49671744984388683,0.28835639298532911
6054,0.060223510019376411,0.42886074607878694,0.48670689069687756,0.27823727710384338
6055,0.64870468929446079,0.7212718371037744,0.52141988658505023,0.29872112310955012
6056,0.064884113223932213,0.47803588211623721,0.48975161003686912,0.28090134339437756
6057,0.81607421137936187,0.26526086483880645,0.49564192360353515,0.27366095766029014
6058,0.65132918910464499,0.71741862156057035,0.52127527561905884,0.29855471397527472
6059,0.053121478308446241,0.41958011840231485,0.48583216268828827,0.27762748320897274
6060,0.30436251608129822,0.00016309584361733867,0.46375290338871294,0.25228788679771402
6061,0.97110640768784806,0.040005005959456323,0.47850985982171979,0.25717276279706941
6062,0.20698447916920998,0.4155464779284434,0.49187378793429815,0.27941778800912426
6063,0.50276502609917662,0.51076991219361079,0.50635316639042427,0.2871591590479699
6064,0.87366824007601251,0.86740521849273944,0.53277716983398227,0.30636932663682259
6065,0.86166757945202987,0.40371946319931884,0.50629504418250404,0.28263559781371683
6066,0.44395536540156466,0.2983562881833059,0.49108953147873635,0.27435634814416637
6067,0.36229150742370403,0.30103231484418502,0.48920247820237517,0.27400704448977814
6068,0.71516612510193378,0.15384798762368737,0.48525070686695654,0.26558216725207329
6069,0.92564640672950782,0.67988849272279772,0.52422117336106888,0.29804342971319381
6070,0.68681992166017891,0.72634635471807563,0.52248069031323818,0.29918576124251206
6071,0.76604777166520943,0.4377651871048962,0.50706560762679298,0.28435026686716974
6072,0.0097428613699390553,0.48525130314956189,0.48745963366618122,0.28033816766066222
6073,0.018325177786045241,0.89055082228296678,0.5043262645289337,0.29584009953869173
6074,0.21125836353920169,0.66531622835252202,0.5059454104643244,0.29216305400458809
6075,0.096229254318343019,0.52802763613794235,0.49395607528919944,0.28393223604317758
6076,0.1983670283022686,0.056451769784849608,0.46571485069547081,0.25602507260854884
6077,0.15660013952952578,0.58112377668792625,0.4994078697348931,0.28743224919499244
6078,0.59605886358023852,0.39277918966318248,0.50094388428327263,0.28097009330076178
6079,0.35473055434048878,0.55478040543113605,0.50493574832700117,0.28834049868728917
6080,0.059751427793002229,0.62627457598288316,0.49738054527537601,0.28805546249338931
6081,0.90320858698660744,0.39975809947560775,0.50662492779339141,0.28251256756837045
6082,0.2454405809688964,0.32465280579529937,0.48735482783168732,0.27452461496741287
6083,0.36934842537102525,0.18108434069150828,0.48056131056065043,0.26615563194550418
6084,0.15285115161811702,0.5642555105739856,0.4983513243933636,0.28655393365816767
6085,0.73434440086336117,0.50736605843285798,0.51095586773555834,0.28819828967021394
6086,0.85314308583758547,0.15262734744405607,0.48713127836347375,0.26579069789651877
6087,0.28116549055153739,0.99229427121077907,0.51945540545544744,0.30329910954975414
6088,0.22468982924429001,0.59081110564818373,0.50258179754355381,0.28878653229854484
6089,0.73132967701981544,0.75997059616270712,0.52510344413867471,0.30100935846732163
6090,0.76019242852126478,0.38759688569315476,0.50360453641103575,0.28132964583177339
6091,0.6649883832008695,0.43959616099441196,0.50538089294570643,0.28404714129683595
6092,0.49874426185350168,0.08773004616660765,0.47584169155787859,0.259986390836625
6093,0.98361935150680369,0.91731244745502483,0.53653076493145602,0.3086852559454093
6094,0.64955702037030139,0.64099174897345945,0.51713554751141877,0.29482427065578981
6095,0.84289529947071573,0.24189881792612142,0.49422650645662713,0.27213667214234877
6096,0.38501958081553456,0.7465816323056701,0.51595540779699622,0.29783750388642188
6097,0.57993572950811367,0.039314728297025432,0.47307465137276805,0.25646606334132627
6098,0.64418818536178446,0.65343746616238496,0.51770728419506928,0.29541297539135353
6099,0.29258507888523166,0.60995487898654532,0.50599866002138527,0.29049357430179057
6100,0.57912336266407516,0.97744255580260653,0.52937816701361695,0.30712915436540994
6101,0.81664573943690633,0.44691634818891762,0.50849249173149813,0.28506600569025936
6102,0.48169246996660953,0.1890717072401778,0.48380520763422202,0.26729155828518159
6103,0.23439722276037794,0.3041714365845663,0.48561259226297537,0.27317622498226068
6104,0.9779059406751418,0.32235913856852572,0.50211527919333687,0.27781303410281838
6105,0.11833669150102651,0.0026987428127438762,0.45851009771447004,0.25125974113501603
6106,0.62122925849797905,0.90998708288766217,0.52879063230993317,0.30590504100334504
6107,0.37338042044324105,0.78592524394042562,0.51735165621820323,0.29934057915891915
6108,0.68644471880918134,0.77308457509846196,0.52486255452909525,0.30135689136753202
6109,0.66169589477119739,0.21585916323451093,0.48937410017776256,0.26984466782070649
6110,0.82176393610193632,0.25939141366364205,0.49527644921471414,0.27327908584178412
6111,0.88932252243856214,0.73876609192314791,0.52682462279242315,0.30077177078500533
6112,0.58001080785301751,0.95349291810201253,0.52885397263937528,0.30660791875646098
6113,0.17024134636634264,0.98201373113141177,0.51425021972237905,0.30099851212691298
6114,0.32617465191729134,0.63682144123989859,0.50852935558811163,0.29214623630479147
6115,0.026851475068053698,0.66512848910387845,0.49761228020940007,0.2892049686540189
6116,0.45414932472588265,0.45743307808629474,0.50189941482519163,0.28389920726541978
6117,0.6164600832605619,0.60892713701362955,0.51464597166105752,0.2930153214136173
6118,0.6353310501247994,0.14656267192469677,0.4833386334485697,0.26482920397248483
6119,0.59777536561681188,0.48481829232225426,0.5069069793778328,0.28629332491025644
6120,0.60621415538495649,0.14883766118594213,0.48301660370457944,0.26490517969796518
6121,0.28829725551021984,0.16455733840874165,0.47711335605525723,0.26449482430370397
6122,0.68813868186637994,0.51012327594155216,0.51027432743910217,0.28814572636730384
6123,0.33654828188758112,0.86273305779387011,0.51874674701518075,0.3013824801506238
6124,0.68481347649864632,0.4682193938939716,0.50759261318123816,0.28578124836964741
6125,0.81092965306293929,0.0038547008293331603,0.47319425712812629,0.25400033975504166
6126,0.85192344518270113,0.30180525579155659,0.49890723334014619,0.27618073947939215
6127,0.081789255278033671,0.48876617395748617,0.49113116243724503,0.28171806997409438
6128,0.67053989016468407,0.16013417122553802,0.48505315139230742,0.26592090423793191
6129,0.58101982746113801,0.11238920736467699,0.47951268270392688,0.26212976673088551
6130,0.2066420923986356,0.77655961019276887,0.51083692627815214,0.29678674449465842
6131,0.99607886936819423,0.8039289846685832,0.53185058450363865,0.30425486539572449
6132,0.46376972047562015,0.60381691490974043,0.51073927987229506,0.29173766866567291
6133,0.16058402957924411,0.38496214636535153,0.48826136857782881,0.27716993745912855
6134,0.44365439963618991,0.40658970843894643,0.49841109224365859,0.28092668179430846
6135,0.48216995181635725,0.57581307937713577,0.50964178191836629,0.29044985745233054
6136,0.82886582390730046,0.97437063604461738,0.53532124991378005,0.30929773721232318
6137,0.33601176053195964,0.82192129222195365,0.51743719682461664,0.30015295495794581
6138,0.93228978348256786,0.29515255407103108,0.49950854141025947,0.27593000644463167
6139,0.69682705611087159,0.73259574092120172,0.52300880196716992,0.29953762041479282
6140,0.75865486311655261,0.35787666565018006,0.50152127353058518,0.27949287232513981
6141,0.91616323615357975,0.80886380624481247,0.53086388947275764,0.30415688198793134
6142,0.7682639442006941,0.63220429464302719,0.51894371423255814,0.29498693400474224
6143,0.18456598079669057,0.37172990146299129,0.48832436630767218,0.27668725365749813
6144,0.71951025795772439,0.44407834996274903,0.50667407024159306,0.28453915381407879
6145,0.19363120645460441,0.50479618760353184,0.49666693661464761,0.2840718569388907
6146,0.87537859532359297,0.96842750593844107,0.53610580308213318,0.30948369033448969
6147,0.43771103917317233,0.56811496850800469,0.50804671500937104,0.28972133416120233
6148,0.12328664998515743,0.98149540724660045,0.51184154520198277,0.29995267176390694
6149,0.12182325291392627,0.14733435252368218,0.4704143679208479,0.26190500311792569
6150,0.038307664590037892,0.54363840855528833,0.49206344348883529,0.28375529478396333
6151,0.76982088398941562,0.93102912700459128,0.5328888023377496,0.30772538173583169
6152,0.13558236538517521,0.31231948722394881,0.48263526214999591,0.27264154855388256
6153,0.17091284519376931,0.68231924907307839,0.50517816922250636,0.29238843120447949
6154,0.55862386688500409,0.053239237174147275,0.47395255935088093,0.25751205224107054
6155,0.64022847550407747,0.50634256704155123,0.50910706543770812,0.28770585951061883
6156,0.8381279605022981,0.0095932513375650164,0.47408516998272354,0.25451464834932319
6157,0.83187620406352225,0.71754501649708258,0.52473951283829268,0.29950367234534192
6158,0.89050561551084984,0.4481739571484854,0.50970080980971466,0.28537613457217587
6159,0.52752169108480451,0.68264873058457165,0.51661691374305152,0.29607964983678509
6160,0.62048882735940869,0.34570694119354012,0.49821416369054078,0.27821089242417446
6161,0.26800965387102915,0.74863107715795052,0.51211808526628866,0.29660297826278376
6162,0.06327349499688717,0.70550591155212605,0.50136502223932389,0.29164031157047954
6163,0.54687803560203174,0.47287587000393544,0.50506123203226716,0.28534448354673098
6164,0.99190412991583576,0.28213922577163902,0.49927374765545013,0.27518036435546139
6165,0.41433939254771684,0.96932179219963732,0.52409669646956869,0.30495911814479576
6166,0.081394190685648932,0.52677347609197023,0.4932153751644488,0.28363951202144888
6167,0.45086858860518553,0.87498040244310393,0.52295564961326668,0.30317062537489842
6168,0.58923686107503026,0.22110797604025575,0.48847216668327215,0.26995259064908905
6169,0.10945879261222435,0.96038355564515809,0.5107784437768661,0.29931059640460339
6170,0.33081576533251211,0.88110169762904988,0.51904968280885355,0.3017921422276158
6171,0.49593528198447312,0.39280468819962122,0.49877144116626343,0.28044187739325943
6172,0.9258180842973176,0.23513982596813005,0.49480530967948089,0.27184387165836377
6173,0.57592286604590492,0.4265845087680617,0.50275229301315572,0.2828629480935671
6174,0.46814582445783309,0.83007964935781209,0.52198664454692689,0.30195225774239831
6175,0.10651801933114186,0.4856381570825703,0.4920505553731056,0.28192454337235562
6176,0.26206024070360001,0.32160367369489978,0.48768350589178394,0.27448978378402289
6177,0.34587521415521627,0.22663725001417334,0.483408036119576,0.26909893195883494
6178,0.53342608022611815,0.85976717732617403,0.52488620311223866,0.30358317074075686
6179,0.0929923410271178,0.24833732375792461,0.47662711715769868,0.26821315046974437
6180,0.25770427641965216,0.62877115256116967,0.50579018863727743,0.29101549536407717
6181,0.67062922473392694,0.30717161296467532,0.49640536506228689,0.2759723310301756
6182,0.99464146526065889,0.70104091736193519,0.52640807712035842,0.29934191203189559
6183,0.74886910394997108,0.50089655477864437,0.51081151347675546,0.28789861152584156
6184,0.29759623970430116,0.72589618246149035,0.51210668489651801,0.29598054193095102
6185,0.6575923029437778,0.90479105910699587,0.52953940837317626,0.3060801890512288
6186,0.20903576175345809,0.81348048026304465,0.51221203380741875,0.2980264773103366
6187,0.32138949940117312,0.6365638330211747,0.50836132453660232,0.29208490427189066
6188,0.8730246970895561,0.18949325593711111,0.49045399586642729,0.2685167286691173
6189,0.62307849868723419,0.52651518332628777,0.50998306506443281,0.28871969193661812
6190,0.96005879010868966,0.16714085126403952,0.4896894144946099,0.26703875965085511
6191,0.96149679489509432,0.3191405369264656,0.50167020146740526,0.27756899559987203
6192,0.58553588331922657,0.17311150148647139,0.48461774333271429,0.2665851120528468
6193,0.69007441507886402,0.18852341473527487,0.48768325576702942,0.26801443295753924
6194,0.28524658955443882,0.58767658459822414,0.50455011328666055,0.28931902684918709
6195,0.4999009866765351,0.91666872727466986,0.52562715080113742,0.30484943788751051
6196,0.62206696881327084,0.47434585224887127,0.50675550039766892,0.28583181169181959
6197,0.96309028298471833,0.12403429143548711,0.48603568985414519,0.26381252748904477
6198,0.61812796623912869,0.98251269478859615,0.53055316404273467,0.30764438429538599
6199,0.59650061773207275,0.3623851453718846,0.49889527393310851,0.27913318586872976
6200,0.77878257748148172,0.34004327393245187,0.50058496766503346,0.27843776321822455
6201,0.49335793149002133,0.21257304662150564,0.48587958300586598,0.26896639939897593
6202,0.87904855751680444,0.87668391743722607,0.53323612446141422,0.30673534871303249
6203,0.46868286124094155,0.44848984904797984,0.50170276112316337,0.28349295056801349
6204,0.46660401064063189,0.94884396992122066,0.52538840265439168,0.30521546266257843
6205,0.095364743815793199,0.81600710025924494,0.50692840747481938,0.29597830298769945
6206,0.51571707916028109,0.4333443571320153,0.50186117508002459,0.28292142901623962
6207,0.67425985050419113,0.99928361222167739,0.53236870503434686,0.3085501733924732
6208,0.27551051741872218,0.92690541714472929,0.51798829981530281,0.30199540976149092
6209,0.56486324399589805,0.21199998523349642,0.48729839629001687,0.26923261711213886
6210,0.37044016149140663,0.25551665725192291,0.48617748686485707,0.27115673290226527
6211,0.90858617701196354,0.82597530460836144,0.53158189494224528,0.30488977288749974
6212,0.27330907048363007,0.46774490610734792,0.49731607298093988,0.28297873228354964
6213,0.40837144994585545,0.86492848203518657,0.52129382612050235,0.30237922880871376
6214,0.7789998730167863,0.060265138725319412,0.4780471258440957,0.25856726466930052
6215,0.90426327038969612,0.1946469719998655,0.49128043089343754,0.26894513902666273
6216,0.49396258324064551,0.089000950595119518,0.47585512987071715,0.26006532372296975
6217,0.29365962122461065,0.71913997933730722,0.51163905697144418,0.29563119284640238
6218,0.51912048868687122,0.98560252020735062,0.52780765536666963,0.30661964336908532
6219,0.96172074394399532,0.7255636463574483,0.52725320820692201,0.30042350066814461
6220,0.78977516765013578,0.3356344447072479,0.50044293474253976,0.27819198409404516
6221,0.72231969731071732,0.44998840513172328,0.507107593672672,0.28489357496197348
6222,0.28053920706271895,0.63389358375925808,0.50685731445037541,0.29152010201576606
6223,0.62103804699849574,0.66084267761959936,0.5176156481277957,0.29564155355184746
6224,0.61822489904289846,0.41104970754169629,0.50260349346861499,0.28216117709148175
6225,0.86490851688188264,0.88877850321646545,0.53342469710844409,0.30707165644315126
6226,0.58242810513615839,0.80125883787298813,0.52388558546075514,0.30189509854829388
6227,0.89792053789250792,0.19572580616007326,0.49128707749306977,0.26901083328863418
6228,0.93551897305377063,0.47342298284821449,0.51199807297732336,0.2869811916671523
6229,0.21577996019934073,0.2082315878624213,0.47821891383002685,0.2668954543943956
6230,0.4053316356426454,0.45537067521970026,0.50049911606249231,0.28343626737355965
6231,0.246546569894359,0.49315226876334056,0.49791058364815721,0.28406369576739177
6232,0.41610759601664032,0.34652797108226224,0.49373943887926514,0.27717497461119167
6233,0.41640831793131072,0.39712100132039052,0.49710240080828438,0.28019144959180725
6234,0.5454473857589881,0.6668290650468669,0.51621356793977802,0.29544420467897381
6235,0.74646800930261381,0.78873693008882695,0.52685158649951946,0.30241430460244922
6236,0.36054213374884569,0.99209107767097893,0.52259595742135301,0.30459894321810282
6237,0.2122801859475556,0.91286314855614914,0.51496700793249328,0.30059133500292878
6238,0.41702782058928861,0.028516061770136002,0.46894079644413283,0.25506726746448521
6239,0.79052357215093227,0.96797301423799953,0.53434638739680151,0.30884911977185336
6240,0.5592509394072811,0.39896505968329732,0.50058831074966748,0.28115496104184773
6241,0.34324715790482008,0.65711227667900973,0.51013702294299168,0.29328930699226802
6242,0.39804251534038926,0.87341796896160817,0.52120375314468304,0.30249120182728229
6243,0.25351032876673851,0.29244232852623103,0.48542632073213099,0.27262409549253513
6244,0.94958554303277054,0.093328987502690877,0.48316672989275805,0.26142292524058414
6245,0.33993144356539706,0.84708559154976404,0.51839862874508202,0.3009816418774186
6246,0.11761551652733471,0.23639614426930203,0.47676967705284651,0.26774847591656559
6247,0.86690239008866488,0.68183471177216859,0.52339766696244083,0.29790906290059394
6248,0.0080043728623655618,0.63856068433170443,0.49532184048079198,0.28764355021340282
6249,0.66382279264380928,0.056653118831652687,0.47603051077430886,0.25805385934691799
6250,0.0027416695032152346,0.26023156435854033,0.47345848718531641,0.26770894083125263
6251,0.73296197939690899,0.57009615958483195,0.51472090301312068,0.29159770084299452
6252,0.068191909590584687,0.40891392782303743,0.4858886291088898,0.27727741357339802
6253,0.77099546858399415,0.84239610817859656,0.52981075276649525,0.30482665835645634
6254,0.0099279250481515199,0.73373764286522059,0.49962174078357952,0.2915897145427146
6255,0.76723207902569557,0.38994168532920304,0.50388093010889701,0.28149680684182971
6256,0.35492819820517907,0.20447671015172966,0.48198494336691722,0.26767038015973427
6257,0.11684759509550641,0.33859123764421095,0.48360595418070307,0.27396887447776064
6258,0.92936870247718184,0.16602537807238987,0.4892268457117751,0.26690943427943564
6259,0.86712299162555728,0.47722219578010266,0.51124412889483806,0.28699092123745279
6260,0.78102552469723163,0.152118618092977,0.48609342616815365,0.26560930820743622
6261,0.68629926384052964,0.16972997558022618,0.48609863060653724,0.26665931586188463
6262,0.43346492904172046,0.077522083210793791,0.47360416117406345,0.25895168601453172
6263,0.10595739433421987,0.63702703568550056,0.50010419284891006,0.28932942877019913
6264,0.91906641241979092,0.67931220569364958,0.5240880689430778,0.29798986873861139
6265,0.54934658609196774,0.73717582898131817,0.51996835571737321,0.29880262392140944
6266,0.091670179368893157,0.7463557226387203,0.5044544087108439,0.29373620830121044
6267,0.061268473931995686,0.75282673275145939,0.50313299730044647,0.2933542829250721
6268,0.29860093927952697,0.27922452108649304,0.48588224631272647,0.27216783620390084
6269,0.93093757999391535,0.30461895949047763,0.50019860640695579,0.27655219617606713
6270,0.84620382794506155,0.36800424687647026,0.50359616912002114,0.28039551819305697
6271,0.5475829531081835,0.36461436782366369,0.49803429977928981,0.27903241107943966
6272,0.087181799145613331,0.92997174518589165,0.50905513619458165,0.29828394256623419
6273,0.98358704246034612,0.9759644972836018,0.53831973862832405,0.31037891122066125
6274,0.99765925708116265,0.3247064393284847,0.50253385529959949,0.27800599730922831
6275,0.9551873707104358,0.76052330857819184,0.52900284459683378,0.30207186726881974
6276,0.70443228129638591,0.9468740677533789,0.5318554284506426,0.30762052586709215
6277,0.97011885858593749,0.44457010092522248,0.51057557061356995,0.28538577575862017
6278,0.77114363127792018,0.25727286877647276,0.49435797441536827,0.27300304791648644
6279,0.53474775230028904,0.8438161033071927,0.52436448403377667,0.30307210545989688
6280,0.47651759760918799,0.10540227643245599,0.47689420583418157,0.26123370697148601
6281,0.068777056046284271,0.32983774573329139,0.48102478885803218,0.27282304967606891
6282,0.37776296600998616,0.12198943063501502,0.47605919304087785,0.26200465560676262
6283,0.018734150691481773,0.7574704656887451,0.50095372045627251,0.29257500579698209
6284,0.38696310628495412,0.076698068718856677,0.47248777611449344,0.25868092364093082
6285,0.93917706725591565,0.90576347273067814,0.53537078154039064,0.30806740484258183
6286,0.40068084400774678,0.37961511888072125,0.49554753420173708,0.27905399133058673
6287,0.578384136765555,0.67478651458249672,0.51741190849639207,0.29605262461283394
6288,0.20023939966900509,0.85565623899389764,0.51305918794933014,0.29905062320000603
6289,0.11616131005840144,0.51381234132108511,0.49404818422205771,0.28351066604228731
6290,0.51939080760715295,0.63559705003140266,0.51389611292054338,0.29373138317408515
6291,0.058872575872961901,0.036357933400233744,0.45920684510478232,0.25328377803277241
6292,0.30160280845364329,0.86252548647717342,0.5174373089708113,0.30087688465001705
6293,0.87246061903367522,0.1150012783554499,0.48415395626174412,0.26299290241625956
6294,0.14174812315398597,0.71110166018094179,0.50532600129952221,0.29323313672884954
6295,0.43082088458823276,0.3434999337212532,0.49390390720619975,0.27708471976792476
6296,0.15339019919798011,0.84269280321412954,0.51055065327478322,0.29785058013616206
6297,0.99058785671502125,0.76577367983137956,0.529807160081472,0.30245453075384049
6298,0.0072221524443128148,0.51967602820174075,0.48920144487110445,0.28201570392887482
6299,0.72152613092047402,0.42265971566342053,0.50530423259418278,0.2832911295955276
6300,0.01804144702673657,0.040992380076937847,0.45794367147969012,0.25317860277329085
6301,0.54264255665912065,0.64339066814760448,0.51488326050147493,0.29427810173443797
6302,0.15782797402573051,0.56171442884657297,0.49841836420113478,0.28649677780211436
6303,0.57411352284423778,0.20178947176913498,0.48668066590863068,0.26856194153269203
6304,0.3456903252343298,0.60278848220614023,0.50732226344908171,0.29067732620271808
6305,0.70062799508919704,0.62478665338902506,0.51725983001367859,0.29428180189344622
6306,0.48555159676569748,0.83288883947584558,0.52259493812627156,0.30222473029247471
6307,0.067846918261435352,0.12179986886671977,0.46639130762627423,0.25955991897610142
6308,0.9740103655458312,0.47961520080416231,0.51293032070363409,0.28744692379211717
6309,0.31594337330533889,0.98797231622867987,0.52080200606259364,0.30381812934689834
6310,0.81035856211149371,0.37722712499330524,0.50369481785075465,0.2808595051863107
6311,0.38206412883818847,0.94000314114020445,0.52234820523047687,0.30390745818708614
6312,0.5425252143174526,0.45828355541854404,0.50405085676344807,0.28449857945877427
6313,0.20213981718228899,0.25679856048343941,0.48126177813136828,0.26992004199842451
6314,0.69359726178677517,0.47398993241131543,0.50812250557610517,0.2861480843617038
6315,0.43903500093758341,0.75144708392590986,0.51778306935861973,0.29856295967019186
6316,0.6215185719816364,0.9544986537801684,0.52999174533656923,0.30704947019635109
6317,0.782782850687753,0.8648342548850807,0.53094216949191353,0.30573139500044494
6318,0.65100642056191571,0.93209403431039539,0.53016423673334245,0.30677074064076881
6319,0.57489254514166399,0.7654862336845254,0.52200526884437037,0.30028347612021195
6320,0.92753503661650472,0.046573568946227897,0.47864136227073534,0.25766665965454083
6321,0.60280826877712967,0.73647091944786958,0.52119088053902751,0.29914187394897934
6322,0.020941007286135575,0.55990650457538438,0.49203950136423197,0.28423011002106985
6323,0.05233830904074712,0.50122143245713091,0.49045314170591936,0.28188489604062156
6324,0.94659786467564988,0.11944738926851424,0.48544392805104403,0.26344040636396199
6325,0.73408809720088042,0.87079490487213485,0.53015169933097828,0.30560971340596427
6326,0.32416222653259757,0.62409904403983385,0.50779033275604535,0.29151060543712387
6327,0.86296957242585481,0.92960898187869467,0.53475216170517592,0.30834246453584152
6328,0.65813080896210163,0.35576237165230562,0.49962491396858094,0.27899155735692882
6329,0.16623495287570406,0.34590955402279511,0.48599387588702786,0.2749831240276035
6330,0.60192984877248523,0.60240156621156493,0.51396291564298757,0.29259669994321647
6331,0.13178941418010509,0.89407390551940769,0.51072132371741052,0.29860638077017304
6332,0.70479433463263552,0.19374954454127002,0.48834223180990688,0.26842668563839772
6333,0.41965236949705287,0.8087301995953895,0.51972353770813784,0.30069314760165883
6334,0.52946508945628301,0.21474983546006263,0.48680406793787018,0.26927595097218754
6335,0.88410725687817904,0.98808699597200622,0.53678313190006122,0.31002948498373428
6336,0.45479276792349999,0.48791264083228308,0.50378733031285661,0.28559135365841354
6337,0.16288942453820493,0.6477388110011234,0.50311993536254751,0.2906877107725741
6338,0.53795443129680354,0.78543265433994824,0.52206307775426863,0.30088783934373103
6339,0.45723087139638374,0.43881040541286348,0.50080987186714088,0.28286907858870097
6340,0.96030742771908417,0.16039841891595863,0.48912457870746828,0.26654148736890232
6341,0.24115378675278043,0.046190381884889213,0.46611356583058627,0.25554154017403624
6342,0.91428392764985333,0.41402145560142822,0.50775513796806548,0.28340887033058448
6343,0.91834087560310729,0.45072483063688273,0.51027004110548169,0.28560774279341589
6344,0.15474283272238681,0.34393357798830843,0.48543388687350358,0.27473658831374481
6345,0.55659719621910475,0.69291950564574223,0.51786104571167291,0.29677680861277284
6346,0.73462524346489233,0.96778572711533628,0.53309603195788724,0.30839222707079894
6347,0.71408320158155414,0.1528976429340779,0.48515480625463914,0.26550982365259623
6348,0.27469003435132328,0.71478998458028076,0.51075990344948696,0.29521331092612979
6349,0.35003796795363307,0.82127229079928954,0.51790497265477831,0.30031097779974297
6350,0.57664352561683629,0.12718083797382423,0.48068088834510903,0.26321810103250587
6351,0.30259139951298714,0.97912456143075843,0.52011177776953832,0.30344424225467592
6352,0.051840739264700099,0.13512943580924766,0.46675767313104849,0.26029444381599437
6353,0.77296185403455753,0.58386545242256249,0.51624918670646835,0.29250403499151956
6354,0.58741087887912291,0.68455659684847336,0.51813838982165317,0.29658371184744065
6355,0.63251150835495218,0.21469092932759085,0.48877060009008144,0.26966698389525617
6356,0.12685475273201011,0.54724563684914029,0.49634161495062379,0.28534526133137195
6357,0.75559098415478365,0.65272455313095135,0.5198604914395164,0.29596373317689723
6358,0.080164607229607651,0.34111058572501646,0.48223736158482644,0.27363498831999433
6359,0.18530698172325502,0.87635949201643237,0.51290735627110873,0.29928372559704364
6360,0.58884352833257292,0.37151322761772898,0.49936378188264852,0.27965412033431564
6361,0.40527243213985348,0.31680388316734465,0.49142657030428571,0.2752778994346195
6362,0.82093500839598721,0.3030779109253432,0.49854986674337015,0.27618271328835958
6363,0.43500801806108791,0.37597791087754306,0.4961897510383706,0.2790689606692151
6364,0.24252817047428107,0.96245831809252269,0.5172842717835674,0.30209970563418248
6365,0.80678173538175191,0.50570543864391515,0.51209602668772247,0.28839500880986102
6366,0.18485037078234601,0.59579262283773859,0.50132425138879122,0.2885264129743868
6367,0.78588292812256844,0.53062534508685355,0.51328682234993683,0.28969489392018904
6368,0.63705730795325943,0.82329591234965482,0.52613292996671424,0.30318374737972148
6369,0.48481117507416055,0.4585713183466229,0.50272696338742395,0.28416523555849016
6370,0.5718695775475936,0.55238486409253673,0.51042021997974296,0.2898164222652444
6371,0.98430771038647513,0.74918745748096849,0.52884476602574015,0.30164352089003293
6372,0.003182695842476096,0.60395619069166717,0.49335233649991928,0.28596666398454779
6373,0.9386347512585228,0.032626311595726293,0.47745684918460213,0.25653554204604351
6374,0.069177975501085162,0.95203550922250146,0.50840738435908039,0.29820507029648435
6375,0.73640554148968085,0.089750009041687007,0.48008480016079502,0.26080398747275835
6376,0.29593198614256688,0.68194324388523819,0.5098600914231286,0.29395560869247356
6377,0.86955770520396769,0.27771110501670043,0.49735003354294577,0.27462763550121944
6378,0.6823514230899862,0.58598295766907982,0.51468782715318873,0.29218978996019135
6379,0.23180993866930949,0.26259394365794725,0.4826520336492155,0.27055966599779829
6380,0.19612305546809219,0.67368680070150888,0.50577236095467837,0.29234687877083637
6381,0.18215770667946199,0.42641932749958944,0.49162808904290667,0.27974097382276264
6382,0.76771175968047467,0.54709191027554915,0.51397280891279973,0.29051754602010227
6383,0.33265726316523503,0.27818442159552359,0.48678385381526229,0.27235672666636007
6384,0.59278524993961912,0.44010912334682656,0.50397915374053692,0.28373262231469615
6385,0.50290205537244914,0.10112244037260534,0.47706953966140192,0.26101482801912379
6386,0.32366704237785893,0.80990713088182975,0.51657726846198215,0.29959623093251481
6387,0.90108858001687331,0.3289320486657904,0.50158822709338691,0.27806616035586568
6388,0.69863536594646281,0.15702064480906119,0.48525291625629691,0.26577128980716341
6389,0.41290343812435171,0.96274109621114334,0.52391321306774941,0.30480875861438611
6390,0.081643837778305181,0.58936767148975056,0.49655157427281571,0.2866980713647328
6391,0.79222834235030459,0.22738633806166472,0.49236144222738149,0.27101360810901381
6392,0.60664014704861913,0.11051959214011441,0.4798091677287904,0.26206769578271971
6393,0.45868194342668867,0.1726690553869703,0.48201095266726507,0.26603646281249482
6394,0.41417097762861521,0.74899666917308927,0.51694582360003138,0.29822540790077684
6395,0.51251127899774584,0.1332961282766075,0.47995864145015471,0.26343906429767272
6396,0.0043580486965947782,0.68161517303540609,0.49717863023573738,0.28947386654267759
6397,0.78136202813639533,0.32126548465333182,0.49927636868023939,0.27724814958684241
6398,0.19048412318840857,0.32549547375360272,0.48554215606312817,0.27403682240142035
6399,0.28444963130742545,0.87010153942386392,0.51697957456661769,0.30081785949292766
6400,0.57782325409244517,0.1629898057579878,0.48365576299486418,0.26583371877407969
6401,0.42077990661166842,0.06795842488227645,0.47250112251876708,0.25816580381578852
6402,0.55811278173482282,0.52824027128982121,0.50868517377569578,0.28844694153729294
6403,0.79736257611430483,0.39408190959106432,0.50465058397294571,0.2818499671710723
6404,0.29654986893852475,0.99354098576983674,0.5201135262044001,0.30358590047638534
6405,0.73545799152312108,0.34720202502595493,0.50038656594960995,0.27874674162652474
6406,0.61543794173394573,0.94929621417153398,0.52970423495744301,0.30686672148888067
6407,0.88786196201770806,0.48429926854538502,0.51201008199307174,0.28746318512198998
6408,0.29541906574434834,0.54276230953425408,0.50239834048765053,0.28715754644921532
6409,0.54962835873587756,0.3333831121777534,0.49592589392776582,0.27711954673806694
6410,0.56667895097703436,0.77878292678660954,0.52246351963067172,0.3008222079584561
6411,0.92595675795335564,0.6609009158966016,0.52316914129295211,0.29709135226532235
6412,0.89368587829730251,0.054113664758799133,0.47894679649022026,0.25823922089799961
6413,0.30154229678345146,0.99996995496231833,0.52042436754164101,0.30377638722544353
6414,0.68513565781704389,0.5971943134780392,0.51538866962076391,0.29278682876220158
6415,0.90436165211783959,0.5292534499811824,0.51508691404412743,0.29004803847412064
6416,0.45963754013202851,0.47505587954829681,0.5031257971287828,0.28491746199539308
6417,0.71816930651754385,0.77883307851498251,0.52579759258932168,0.30180443059722489
6418,0.83304730317281794,0.33168454211110948,0.50081752382557276,0.27806594199355239
6419,0.51671291241458384,0.23207639959825901,0.48786401205334634,0.27039713737937504
6420,0.15438607064125828,0.72267282674490707,0.50640568864510793,0.29391867645310171
6421,0.69124112274841176,0.19114008657977685,0.48791249363901507,0.26820335581810761
6422,0.22424572315315017,0.75393947423816432,0.5106661404778764,0.29621884473512433
6423,0.42247787894726502,0.2444366944840993,0.48666995650442685,0.27074459414161567
6424,0.14440994385682279,0.31045420351416103,0.48285090958665489,0.27263173425604309
6425,0.1276767086580978,0.17737233268568525,0.47288835482656943,0.26400379807422114
6426,0.6238188938542153,0.47733877443022793,0.50697868035803639,0.28600904387851878
6427,0.42674572234769587,0.99150091557920683,0.5249530764196555,0.30555083524536908
6428,0.80151231497683328,0.76699808493476596,0.52678367759867939,0.30170083302036171
6429,0.47145007574878406,0.53743051085177573,0.50715885340349842,0.28837198836037947
6430,0.34221652591811724,0.56369513071669497,0.5050576107876944,0.28868164267991653
6431,0.76919514562803082,0.67692919969422516,0.52144047556764328,0.29723206822293652
6432,0.089496931328217039,0.29219504393400858,0.47945453682965178,0.27086719417667654
6433,0.14615181155564497,0.68471393751659204,0.50424866006444813,0.29213126204857132
6434,0.30893749893876959,0.57116873894875175,0.50442580777655344,0.28873854842895086
6435,0.20918870279964757,0.25394943224611927,0.48129820065142215,0.26980499300324168
6436,0.73830924567714107,0.58880836031887451,0.51591435733475755,0.2926085361643902
6437,0.81995885591068074,0.23839105097864521,0.49362707197847977,0.27184142241208947
6438,0.87371197373265175,0.66729122358850435,0.52270580303460501,0.29721200810884524
6439,0.96458215400200575,0.87539008347723868,0.53466485377332962,0.30714212774720107
6440,0.12929542391413124,0.79332875360545008,0.50793952523185282,0.296002079633372
6441,0.49566508483862276,0.46055985198986021,0.50311152734141218,0.28434575174986326
6442,0.64769887309443441,0.780743612725183,0.52442152166112554,0.30146674692671149
6443,0.18828616795431588,0.25505037671766478,0.48066459726148764,0.2696761271514263
6444,0.87544277833778184,0.057791364104242536,0.47906595444399286,0.2585125291621389
6445,0.8464562188054785,0.61015085466291064,0.51902542795272077,0.29418525797285028
6446,0.70199858791910819,0.58304903357821758,0.51489852972498229,0.29213420280344965
6447,0.98846266997609056,0.043135807918605863,0.4789905649691778,0.25744480160433564
6448,0.10950029611872741,0.6274129475987168,0.4997799340552454,0.28893968226624689
6449,0.59935711535642622,0.73021663450690688,0.52079212194613644,0.29882750100329697
6450,0.53832606599143473,0.50356654424167946,0.50675288319959166,0.28699085716351524
6451,0.80461993284855282,0.59381775333142139,0.51737905217421731,0.2931619634420497
6452,0.0069861562071018854,0.098787900051416369,0.46206432279610105,0.25721401730372706
6453,0.24560172780236464,0.40926431666096907,0.49282557981376146,0.27946820068736195
6454,0.86525741017187252,0.64689098081052077,0.52142823613738731,0.2961490467651659
6455,0.25467158885515528,0.50642310751761554,0.49895957990447687,0.28484956637820213
6456,0.59787480135386573,0.98500901100459748,0.53006065717119533,0.30748772866857782
6457,0.36013276722679149,0.46842960115537285,0.50003654889926796,0.28380302858542322
6458,0.032022802480857357,0.28741249714778966,0.47662917609887512,0.26979094553477806
6459,0.53648906969941457,0.20815631847487528,0.48643699878535157,0.26885272571029084
6460,0.068821379424456972,0.20011282186150783,0.47224456036329415,0.26483925948917869
6461,0.53770104778426475,0.50026422234213686,0.50653809880566414,0.28680645500046564
6462,0.25975499846750172,0.67120188272326486,0.50804978687800151,0.2930405376390447
6463,0.73930688589547067,0.91192629461722685,0.53164823750684331,0.30694857612728077
6464,0.18646010337156477,0.43340080612598686,0.49221106263126996,0.28017485169644463
6465,0.28227974714603044,0.021388261821807829,0.4650835775372823,0.25386214616938679
6466,0.5127468496224028,0.30966744417356096,0.4934660191712037,0.27544638173504038
6467,0.36076992551229198,0.39043377825928621,0.49516789950700763,0.27939705482498955
6468,0.62978672896673671,0.54041816884822913,0.51095437588844472,0.28950515221337425
6469,0.78503388642108773,0.20714208519629904,0.49065212071559683,0.26958174388191919
6470,0.66973321681934184,0.93578830621399689,0.53072622137149716,0.30703438044724024
6471,0.19148018994844751,0.046235718145628928,0.46463788559761737,0.25519983264054591
6472,0.58763692426324121,0.91997186472810577,0.52819758077707002,0.30585677620911134
6473,0.70242425038659717,0.66432794646379767,0.51948748815401113,0.29627370283845234
6474,0.47093612764900322,0.62989370623108698,0.51235798515937603,0.29309190088522091
6475,0.34510560356463538,0.55637904017023976,0.50473475803667678,0.28833471923458776
6476,0.62060987814286495,0.88559965901236293,0.5280267726776926,0.30519061146322773
6477,0.38940306724539264,0.51594888653181259,0.50370782395359304,0.28660939849879785
6478,0.60572291602921902,0.29410752303256887,0.49425653557400728,0.27487693054527379
6479,0.30665031525496161,0.10603644760878525,0.47294518327448326,0.26043805924584207
6480,0.96369043864362169,0.40904233919732508,0.50808977536368038,0.28323573411036956
6481,0.11138493626617128,0.6680288971846341,0.50189039946367342,0.29083440116021836
6482,0.04010574828562094,0.86031631756218852,0.50500413952495193,0.29579062419968621
6483,0.34806576105462156,0.61696085730424388,0.50816216355389487,0.29139812351091099
6484,0.84279297426989064,0.0070576020982232876,0.47389927800019516,0.25430774042403648
6485,0.19530466819700087,0.62990345164065953,0.5035179904622169,0.29029718243099867
6486,0.085404615944565748,0.64011848306405594,0.49930635843012666,0.28913434538049571
6487,0.12970269595215797,0.039570173771737611,0.46205894914538476,0.25419878846355071
6488,0.15133507993804526,0.1362729217055603,0.47062096331961084,0.26142598080191543
6489,0.22511066923997133,0.27424318045299734,0.48324899672678834,0.2712343054841258
6490,0.076157581407402183,0.70635107445196488,0.50204636933609947,0.29191487937417715
6491,0.11070532967277105,0.79434348630165919,0.50706063636415144,0.29567322510178218
6492,0.30614854229801569,0.55217422632580859,0.50327666509432722,0.2877469696261688
6493,0.90062275341945941,0.08386373812024249,0.48174212908127573,0.26061839796637576
6494,0.48613936531563523,0.20100629395417638,0.4848312817560439,0.26813894289960227
6495,0.067585143309447454,0.28232618144870503,0.47787226481653439,0.26998329282066308
6496,0.18603225992586231,0.11804686732137344,0.47035976469837654,0.26044620701015175
6497,0.87237702331164624,0.48902986680419419,0.51207972573027738,0.28768335950775192
6498,0.56813833797328417,0.03457014059344074,0.47243698572489612,0.25605395627844457
6499,0.29222443302614848,0.10649475382772508,0.47259360294642422,0.26038254803793898
6500,0.26668009883397026,0.34338619410238463,0.48928359191186527,0.27584230902672824
6501,0.66449036129225281,0.44684574544097999,0.5058403715494556,0.28446476437025736
6502,0.19178387150944909,0.097685388052591596,0.46891313437616811,0.25902780999706637
6503,0.99227515931763921,0.63787138534205734,0.52283429538977866,0.29614410131212909
6504,0.60115448546932315,0.89695444131834667,0.52788717806210228,0.30535179466277329
6505,0.12221842912427383,0.81738256587336078,0.50832895445237369,0.29656510493659177
6506,0.5138679775895667,0.33280791886738736,0.49511487462638326,0.27690325618894357
6507,0.71310237557812373,0.17107513318130513,0.48663877940557265,0.26682901098547063
6508,0.37657917793790113,0.14749507767256584,0.47809508245016252,0.26383696669758067
6509,0.43071967175375908,0.033860181300889233,0.46971371536375794,0.25554572696462896
6510,0.56270295572782636,0.48860681004141227,0.50638615834736433,0.2863109981437526
6511,0.12633036883495516,0.30135924114562807,0.48154882973681989,0.27187380911807413
6512,0.8795028328374378,0.93996999019974614,0.53538461979682073,0.30874825881987339
6513,0.48332529756337173,0.38076639076840368,0.49767991538677919,0.2796528694433929
6514,0.57703478468625113,0.62921441821445478,0.51490740214994224,0.2938003780883231
6515,0.54096248063574315,0.0055500932240043765,0.46927957158448957,0.25362289553864537
6516,0.59038530552763258,0.90106027741850125,0.5277296770681501,0.30536821466461844
6517,0.92489391247761676,0.50881582218079136,0.51411067611484063,0.28897089871936482
6518,0.99374552616215084,0.55969907072008351,0.51823141192665334,0.29199952581757577
6519,0.5456302446710295,0.57172052735862089,0.51094583544617489,0.29066829698964919
6520,0.6270199102904298,0.23101141338221498,0.48993637417958336,0.27076842772792448
6521,0.21686079300552374,0.51752600429073214,0.49825433228552218,0.28500704311919112
6522,0.8159390886892216,0.28002661765186349,0.49675791491280541,0.27464902842189159
6523,0.33613854149194666,0.17786505644036224,0.47945371020747385,0.26573191207647967
6524,0.35417271304215542,0.8966172416960938,0.52031329762197653,0.30251586276435849
6525,0.2259899789908319,0.36178439825443787,0.4891489505570209,0.27654485448090577
6526,0.48463673718463401,0.79266415540663304,0.52096914199723843,0.30072830755859897
6527,0.94324140534534817,0.37589659331854203,0.50551755429511747,0.28114440089971687
6528,0.90027669763675655,0.78528124398185173,0.52941361466173587,0.30300487690989564
6529,0.24311072601644557,0.28178595599293477,0.48435780846392412,0.27186863105738734
6530,0.75981227083661362,0.20937906702525216,0.49045237392946328,0.26967595302950986
6531,0.95372601314041527,0.84328555082577517,0.53312196903963016,0.30583122065813273
6532,0.49845924464390845,0.0083067435495904653,0.46875093891747194,0.2537252442851663
6533,0.60855871203053979,0.071292492869577839,0.47643339552276454,0.25906789358174276
6534,0.92021235511569544,0.5689310642733123,0.51774327766441663,0.29226977045839458
6535,0.92636178358980692,0.23134143108600985,0.49451187932331847,0.27158053898539647
6536,0.52390809836817209,0.72854807654767062,0.51890129757361636,0.29821471182135301
6537,0.57857977758889323,0.12023703200394521,0.48013261965358839,0.26270867920482222
6538,0.64088723548426063,0.43741606052060378,0.50477527303651359,0.28381099607079474
6539,0.42839478981042051,0.31415453061041193,0.49182205705955812,0.27525777207942931
6540,0.1859861229905975,0.17747900703208289,0.47494902734767586,0.26457377540804072
6541,0.24585223638551543,0.49775255853104172,0.49815371742907855,0.28429923029590343
6542,0.54844559339937982,0.39747227980195315,0.5002570154686391,0.28100990334158144
6543,0.077881757833191664,0.92684329596263126,0.50848214733248631,0.29800611126378612
6544,0.040229927691898773,0.709081575750385,0.5003241481768409,0.29133186309363035
6545,0.85573455363888062,0.67255565525823047,0.52270343952149234,0.29740162747271948
6546,0.77691935115956001,0.44392349786512786,0.50765103351010576,0.2847508193564432
6547,0.28038134998533643,0.96647688701798906,0.51897345588132382,0.30284348042232107
6548,0.94153585666724249,0.26490952702701326,0.49732728228110701,0.27391973390621721
6549,0.6735748158806586,0.50279590756701076,0.50954468945716891,0.28767229763570445
6550,0.54031188185246426,0.26807333597113614,0.49104643459186942,0.2728983933078914
6551,0.88175992867165476,0.38942927819864126,0.50560749883529277,0.28182111606599342
6552,0.96804425830178664,0.55203489522148164,0.51740794475055207,0.29150380422805916
6553,0.98833090723083594,0.19558654747832332,0.49238272505063757,0.26915221452904586
6554,0.57161036138393684,0.082959237663738902,0.47681033352487379,0.25986519662221524
6555,0.87847288195736484,0.86850766615777975,0.53290778929716187,0.30643672753132106
6556,0.64918641544691058,0.848302206374833,0.52741349881994026,0.30420215289325708
6557,0.36404401818563931,0.26556902000721311,0.48673627225367527,0.27176593959207829
6558,0.028919523214071527,0.58844725485815441,0.49392195721575938,0.28573543501640952
6559,0.28653693347751397,0.68087216149376484,0.50948325811182948,0.2938002656996081
6560,0.28616392827468229,0.86937461274861128,0.51702753800109169,0.30082547119696662
6561,0.98619541812128164,0.58734670893246077,0.51979387902351848,0.29347041020784298
6562,0.69517001836815617,0.21635508888984334,0.4899779664090495,0.26998304379118654
6563,0.50848786390199097,0.33032604294744089,0.49482309124312607,0.27672067571170944
6564,0.046607614827330696,0.67913027082333577,0.4993066480120173,0.29020283005746333
6565,0.16947368749160088,0.52660766909249368,0.49696131109045982,0.2848909148823599
6566,0.78413736422165536,0.84083619187163428,0.53000423292949983,0.30484542418325183
6567,0.46718363721953937,0.64532944095154532,0.51309324811583312,0.29382053140653935
6568,0.17266639583409998,0.40304816317314984,0.48984236112213897,0.27833146160686228
6569,0.25875452050502645,0.29354989461427328,0.48566819638977982,0.2727384204939734
6570,0.77109897094265323,0.358815565237531,0.50178933230593414,0.27959253157912911
6571,0.58466465579102511,0.17258946575556183,0.48455949766209722,0.26654482735553536
6572,0.96814834459427523,0.89429083979377766,0.5354526208284528,0.30783740093591028
6573,0.01008841863385169,0.88468845419454156,0.50370598354502261,0.29550900519053258
6574,0.36790691789953273,0.61720194923122185,0.50878060269002778,0.29159701126982168
6575,0.31475745948721889,0.063999674606800547,0.46963563980076933,0.25734489556139234
6576,0.093235805304965474,0.64274150937501118,0.49980417962458734,0.28938538504995476
6577,0.17068966108799216,0.51555900834972279,0.49639116664223204,0.28434197661038868
6578,0.0083156100941938343,0.67303845087768277,0.49699743894141418,0.28918574069036929
6579,0.93008372116930549,0.17507083807279125,0.48999095977762397,0.26757328299724265
6580,0.86381040055864722,0.39705705959646731,0.50587113187081656,0.28223669764757764
6581,0.0019693980531417764,0.92127327621924926,0.50385053935849,0.29592968106760087
6582,0.5649712877814077,0.57340071387254865,0.51148602724785375,0.29087698171883641
6583,0.56066575718499956,0.80431122390459064,0.52347997147617509,0.30184614758544176
6584,0.51486180634625489,0.9351666031264817,0.52654578132042718,0.30547219043856128
6585,0.8696745977459126,0.29747191895319847,0.49883637724595675,0.2759400826770233
6586,0.43720087550395403,0.53629388308693893,0.50620442992423509,0.28806111654166738
6587,0.99384480538571951,0.67739632042410081,0.52509120667489051,0.2981615558700173
6588,0.47100202353693316,0.05614971423571697,0.47253265294058866,0.2574514436400846
6589,0.18236421938148561,0.95021005275939829,0.51430872206409306,0.30072629953443059
6590,0.72214795815622213,0.69480983963898624,0.52152058978631455,0.29787012855651074
6591,0.83964986649976348,0.75043315253643095,0.52660334075736714,0.30110703928387589
6592,0.028060831485653762,0.10854206821488915,0.46372995918645138,0.25816412701153435
6593,0.72466106199558122,0.39906935753728029,0.50378194613891258,0.28189561337710733
6594,0.750764910417411,0.97899402679217751,0.53373929362533046,0.30879143193517128
6595,0.056181606031057894,0.58687245581728642,0.49520554808540584,0.28614948600096762
6596,0.36518829838962996,0.53934249119282462,0.50436746015347755,0.28763521759053667
6597,0.70374196747789386,0.88453706181509195,0.52996703350458796,0.30583916634373587
6598,0.47325569164223269,0.91849769421253591,0.52486385406082603,0.30458882082205141
6599,0.42407168400055967,0.16386944978091633,0.48053120275600869,0.26524778070384486
6600,0.99422306883487621,0.14724603083535331,0.48839648084662973,0.26560835417565298
6601,0.18692929229902802,0.22703222046269803,0.47862603158210837,0.26786619242781512
6602,0.4536073907216196,0.97879652896389602,0.52560781035911719,0.30567144825017256
6603,0.62676462422312473,0.23606451306618983,0.49031955762646201,0.27111136295907312
6604,0.29089500923593298,0.83461522241564234,0.5161948264702243,0.29992765005835909
6605,0.57436700179543121,0.63488193090868883,0.51515889803617865,0.29406630803920891
6606,0.60292668562148466,0.13237506879452851,0.48159057598140831,0.26368669372503778
6607,0.62824217708410002,0.34678212447582046,0.49843808073912993,0.27831079956783145
6608,0.28700928642713702,0.81556972428326258,0.51542471287497715,0.29928364402155172
6609,0.45329140462892831,0.01543810857104836,0.46851745468675104,0.25415524975363685
6610,0.2037545541561791,0.55356048905079946,0.49977811636658687,0.28668519838137635
6611,0.081190184780734129,0.41887284760359905,0.48706330353001687,0.27801170462657132
6612,0.58602695226803192,0.8067997996253311,0.52421633870774897,0.30214697451040029
6613,0.54673209963355918,0.48400920030769196,0.50574756860737669,0.28596402505294105
6614,0.96663592086046701,0.092307909001351801,0.48326864210237158,0.2613629542803203
6615,0.4526546660659253,0.13644024667093763,0.47896310515908253,0.26341865264588071
6616,0.51657495354617722,0.29220470130861503,0.49230208186149732,0.27435245836027622
6617,0.46244430590405833,0.11561889397780178,0.47745502074667434,0.26193550998360315
6618,0.54186072878859715,0.65435249922209182,0.51545802946313901,0.29481135580648538
6619,0.048738948665920177,0.68787668512737155,0.49982894470318506,0.2906256195512944
6620,0.7201276948717773,0.18245835544044384,0.48767665545774064,0.26766532514714231
6621,0.17862754397072131,0.35947807032502027,0.48732545177339592,0.27591300784730871
6622,0.44976727871004263,0.021853090796072502,0.46902960191708293,0.25465934441873028
6623,0.23026823867553614,0.573716953730525,0.50186414331017015,0.28801025471523906
6624,0.30091979632520816,0.24074455148867566,0.48319807241537466,0.26971458531922227
6625,0.73177130595004425,0.53599615325318883,0.51266237108153201,0.28976075619469255
6626,0.080575077725166921,0.41254224600469463,0.4866584438461552,0.27765772024064078
6627,0.70924023783294254,0.91553598621083665,0.53108199975033288,0.30681705806904291
6628,0.11643230555866613,0.16542603420041271,0.47157976179059991,0.26308237460210693
6629,0.091115313063364012,0.20024750396545279,0.47315888263187972,0.26511499339557237
6630,0.80435643084518382,0.96427524042731394,0.534546901565641,0.30886396971705055
6631,0.44938431090001252,0.34276839124414837,0.49430973147805635,0.27715452647469013
6632,0.65043950965203112,0.2570622809598106,0.49234187392084366,0.27261100828924711
6633,0.32586274885957828,0.8112686220584554,0.51670436101043216,0.29967060953654173
6634,0.19335912085763413,0.51803225537111286,0.49740698635873204,0.28475291169668693
6635,0.092366311371105264,0.053989457662671339,0.46193295575748733,0.25493890827127264
6636,0.6663569723795052,0.49257202066608008,0.50877197535543961,0.28706954605590929
6637,0.44852415406518847,0.97032265817442676,0.52526827531131315,0.30543707672334713
6638,0.7098052153336466,0.20940422810158926,0.48966959541882715,0.26954183575212198
6639,0.15291882225623121,0.41919810029120419,0.49007028739361352,0.27899219967408945
6640,0.24094952009260889,0.81914056676056934,0.51372924292535027,0.29871090872712891
6641,0.97537252836570842,0.79012708597568559,0.53083819870821014,0.30353705725468128
6642,0.52064898719080965,0.80292376393663001,0.52238537532061213,0.30145511362009697
6643,0.71367097334434515,0.028016492688015569,0.47415927796551011,0.25585151202256418
6644,0.85720901787843329,0.5148346639230964,0.51347318940893139,0.28908713265544139
6645,0.35669291564073646,0.3873015656163567,0.49485045508134856,0.27918296219906585
6646,0.85819539817840562,0.43942389452537756,0.50864240557353391,0.28476158334800028
6647,0.7832394216663553,0.96074255144008203,0.53400162525221773,0.30861299606793063
6648,0.20658612866975601,0.026792693152918948,0.46342922281301602,0.25381326807584415
6649,0.21711096227861709,0.85752399981446803,0.51385165088840146,0.29939410248942788
6650,0.45630563755497572,0.12774788684373489,0.47832894791368685,0.26280140460996748
6651,0.074350492349464919,0.5941663670259878,0.49645587369935618,0.2868052069732599
6652,0.36357266488667811,0.96855684332387759,0.52227077728956472,0.30421580016909261
6653,0.97596427596545554,0.29085792558490065,0.49974024231297248,0.27573379955903793
6654,0.015680703322903722,0.15321911858973328,0.46655592268025975,0.26106140933459976
6655,0.29617128944926663,0.63696793171047472,0.50755022530702665,0.29183865133881631
6656,0.92682777051787135,0.3803151851048111,0.50560556878939278,0.28137834969374292
6657,0.49807135648980039,0.033288505198981147,0.47102853457739868,0.25574129298548975
6658,0.59461558842390083,0.02543469992122846,0.47205623705994154,0.25538627763536664
6659,0.7258319741167244,0.51307976913248421,0.51115531204781905,0.288478283999693
6660,0.36984579972891374,0.90151516027200274,0.5209994017989793,0.30285393455935522
6661,0.16786281927219826,0.43259947917194808,0.49145885762544284,0.2799107794375803
6662,0.59348276354732232,0.72087477801473576,0.52017714179367747,0.2983509296662204
6663,0.31147944454801035,0.3817206457999186,0.4931731197574204,0.27849276604995687
6664,0.90196256428711352,0.32131788116925164,0.50104424947060111,0.27757625984062395
6665,0.25212665753021141,0.61622816824718618,0.5049316275611393,0.29034759645961788
6666,0.3753791729111341,0.61670242709523304,0.50897716469633114,0.29164104516820472
6667,0.45459369709464953,0.11433272914554692,0.47717951387448815,0.26180691951101975
6668,0.54804623148570542,0.50465710170314415,0.50704001778439212,0.28710876295014659
6669,0.30044067685498155,0.26865687200346727,0.48518959542711093,0.27151128610264963
6670,0.28859730398954125,0.35073341602509611,0.49045360518717823,0.2764724497965001
6671,0.092753782468184373,0.13306723730604864,0.46823165679575385,0.26061697179096233
6672,0.2228852060107398,0.56231357519462477,0.50097141915583399,0.28735468488086247
6673,0.93717780893781455,0.70433802150319103,0.52573703923424442,0.29929640585889267
6674,0.6636450032349327,0.25342487023387805,0.49230034923614996,0.27241313526303379
6675,0.68579327493583553,0.70140501040051462,0.52115004630251205,0.29799094785386027
6676,0.30149422691838118,0.36987755707256731,0.49210312761712061,0.277715075273057
6677,0.26761076416455909,0.91142122055030206,0.51732192243734865,0.30153291684203254
6678,0.16969734104167439,0.8927836937192013,0.51255656380614445,0.29935310049783509
6679,0.066611538665939593,0.20140846548933772,0.47224566592839962,0.26489610669670866
6680,0.99430464812816366,0.64153566879235446,0.52307286443657197,0.29633958436658125
6681,0.021184440721163992,0.95305651513641942,0.50555602280212175,0.29695701643606964
6682,0.017199050207773688,0.16662257204336348,0.467605236008443,0.26197459929978562
6683,0.25082043993192493,0.16003893564495958,0.47567260951916979,0.26391141750376301
6684,0.88473455088696218,0.25293617264492207,0.49565917838893814,0.27298655163479313
6685,0.76992590982440168,0.95562271739033755,0.53357624754302913,0.30837951271586944
6686,0.71562034035752298,0.85748460609327304,0.52925881632751082,0.30501789629068121
6687,0.60000493747337025,0.48739457877845271,0.50711351323245746,0.28644868592817796
6688,0.75730742282063013,0.14555968934587438,0.48519743212506944,0.26507280230134689
6689,0.052066267924255227,0.34175838737400482,0.48103818314339902,0.27327433165268994
6690,0.40202906576147074,0.16159690330215964,0.47983384024599979,0.26497405922293676
6691,0.99774963052590615,0.35241858802271309,0.5045521228085289,0.27978947095555601
6692,0.52410703222210286,0.86168949551481056,0.52469286702100726,0.30355301712069199
6693,0.22246751517268132,0.22467629850030646,0.47963790329880218,0.26803565488391462
6694,0.62906921597450272,0.31314283038786378,0.49607493378884554,0.27619508421158551
6695,0.005191406492667739,0.85784016048904743,0.50285436508355275,0.29484184318051609
6696,0.24519033472581067,0.55085728869646566,0.50114398658625692,0.28703588405952313
6697,0.17533232222333317,0.33815655167662773,0.48582679407946133,0.27462778625711831
6698,0.85657125370415166,0.53671836215500957,0.51481593789826896,0.29029660946109975
6699,0.56326619570882763,0.93042662919849395,0.52781345738976237,0.30587894536449683
6700,0.22321037328528473,0.26714394197076324,0.48269091166453898,0.27077019564908517
6701,0.48519659200714671,0.59723116031928225,0.51092510245493783,0.29156511000086788
6702,0.8389523687728565,0.5914498136135401,0.51781386416584019,0.29317602993231084
6703,0.18722215380383422,0.5065004450469861,0.49652038047389607,0.28408218703253596
6704,0.79835701002905846,0.051676197863428391,0.47752307983945191,0.25791127898317767
6705,0.94923189992002444,0.66377675486587695,0.52368066854951367,0.29732090084832058
6706,0.5375674068680848,0.67290612222509227,0.51634733630358332,0.29568317147535805
6707,0.46492180916682124,0.32343857669777937,0.49334810209150604,0.27605266320379368
6708,0.38482263876224171,0.26076316436523339,0.48693026866101491,0.2715890146896206
6709,0.10472432339790975,0.86066355762950841,0.50857603516970717,0.29729541250858982
6710,0.54242890542071542,0.50257679201263239,0.50678641973787131,0.28696147443398545
6711,0.90915402316256655,0.69773381793786537,0.52494394839308467,0.29886399626570886
6712,0.40656743890735092,0.0036093272796017123,0.46645334240046982,0.25302310035642722
6713,0.81565809164199754,0.38655486236979486,0.50442156223577039,0.28144929073645697
6714,0.096997324298054452,0.16379063373893732,0.4707173926258203,0.26276271179442573
6715,0.0033337106531835161,0.092972748090967075,0.46145281011964845,0.25675746387154241
6716,0.63761481383572105,0.72566212150118081,0.52140862832333001,0.29885994885519296
6717,0.25488001136983512,0.035978091601829514,0.46561952687002189,0.25484140690329504
6718,0.99444452059747424,0.54794605762428839,0.51752132439607346,0.29135741545363925
6719,0.60384499039318185,0.25461359601503936,0.4913016224774539,0.27227453015206482
6720,0.038254218169546224,0.24723144895959415,0.47422341236413657,0.26743081358415871
6721,0.50351631218109982,0.74532258688964659,0.51922682712968427,0.29882834431507699
6722,0.72844989669738569,0.45482921829092088,0.50752921481507374,0.28519833569923014
6723,0.48437028749239397,0.59439007223233353,0.51074520753300734,0.29141502416576021
6724,0.67885758063319379,0.61921571757128702,0.51651717034789491,0.29388530193448292
6725,0.60075822443057547,0.84331680384789365,0.52605777271912757,0.3036374861601504
6726,0.26037501653310613,0.68062428521410334,0.5085480502470473,0.29348403939717121
6727,0.76076607715183642,0.92087504694679523,0.5323912217950052,0.30737066107760813
6728,0.6493099035213119,0.4471810106696445,0.5055700140591618,0.284414896908387
6729,0.091564888748934023,0.39800055300971726,0.48626195612164502,0.27701415363297538
6730,0.24869126599229641,0.80935202173033027,0.51372000852092625,0.29852472342913067
6731,0.4561282382216188,0.30806607120643603,0.49206491591278589,0.2750398028724591
6732,0.51834683272013204,0.531197805599391,0.50794213928445708,0.28835830737454954
6733,0.79100654935106873,0.16056375037672699,0.48694166553931972,0.2662511137625394
6734,0.88761170192878935,0.7396924872268108,0.5268455634026068,0.30080876669138407
6735,0.34671906124349916,0.21289887399539584,0.48240466067379206,0.26818662908589935
6736,0.82763289212087399,0.9461854241128197,0.53453832929773437,0.30856466006233846
6737,0.8410678392727976,0.19953195704253157,0.49083926563463576,0.26917009059231911
6738,0.41075787693526361,0.095777600842819097,0.47465413624554498,0.26023066915058729
6739,0.030219633401825558,0.042602763983129989,0.45858008731547634,0.25343863714106307
6740,0.44675071210832107,0.46792494733295176,0.50236073988284691,0.28443341725207433
6741,0.54652463345316937,0.70383804295040897,0.51818922100202325,0.29722438747492275
6742,0.043205492388608401,0.78834542288192311,0.50331536359508633,0.29406654140873534
6743,0.95880744220792558,0.48359023547786056,0.51297989806763866,0.28763412020769802
6744,0.047768855919467751,0.094847315041592814,0.46348743838889334,0.25743486182397485
6745,0.591310535933252,0.43815123108621923,0.50382251925117472,0.28361216319819166
6746,0.40551687169907386,0.37186344949909256,0.49516307244568075,0.2786277707334221
6747,0.80327480312363475,0.10779369586637477,0.4826145917864153,0.26232360578650327
6748,0.20351548744655448,0.73326807554877604,0.5089431656067942,0.29509529761591829
6749,0.8726965101652896,0.9158375520963572,0.53450185121949878,0.30799268766426746
6750,0.5142256907685776,0.10668499671645695,0.47776634674824786,0.26147433423524991
6751,0.50783511259238001,0.67678078005010034,0.51581654685709855,0.29565353521828247
6752,0.20004014083686053,0.39939772798247869,0.49062509745027316,0.27843510425030393
6753,0.91514128411094431,0.964826627605327,0.53677171001252844,0.30965768871883398
6754,0.27162200957635652,0.47682868143260715,0.49780088831289854,0.28345242574540958
6755,0.42776095798403257,0.11288983269660967,0.47647041906259313,0.2615813950996228
6756,0.84535272761959357,0.039464304265927057,0.47699806851498611,0.2569902343572748
6757,0.72899318426715909,0.74304818520859117,0.5241892709758007,0.30020729055650408
6758,0.93760447123813218,0.22186531584280311,0.49389953501689937,0.27093801208682472
6759,0.96789946715628039,0.898446400319587,0.53560058670866773,0.30797810414288168
6760,0.75534584442271158,0.75138487877616433,0.52512674205069676,0.30073824933549348
6761,0.20546119354275288,0.92423189521807947,0.51489377348119958,0.30069364169590224
6762,0.97943935023605599,0.82965070503152671,0.53288744940202359,0.30535904569598427
6763,0.18880928646734682,0.46639896944166398,0.49426339972091704,0.28198976749877847
6764,0.74275084932321922,0.98978210757308405,0.53380859111433709,0.30896760930456119
6765,0.6200222648125957,0.84164643529379979,0.52646552785369738,0.30373532233667716
6766,0.19855189394723857,0.80862586946113735,0.51160345955554254,0.29770402615329605
6767,0.85866441027953988,0.2086381058101193,0.49181306651399087,0.26985266970299754
6768,0.074489579776220491,0.053860744895727841,0.46125241455610788,0.25475100095653963
6769,0.69109379110477176,0.35971768304827856,0.50049722939701013,0.27936584936613446
6770,0.26197077937588331,0.69409592623213545,0.50928022243222282,0.29412166521208138
6771,0.65646800310980769,0.9396879227080267,0.53050451579115165,0.3070157452456258
6772,0.84951879456116586,0.025193289219506552,0.47570990014509185,0.25582489055823882
6773,0.37277055283788363,0.55789531168964468,0.50564716232594331,0.28866071350991601
6774,0.36444898052603236,0.65623260368105252,0.51075001757032701,0.29345495834993335
6775,0.95132261570802656,0.34846595552092191,0.50367446150896622,0.27943567055965157
6776,0.66933387543415879,0.10401015447593527,0.48030067712584079,0.26174613352596016
6777,0.15488764852002496,0.55347959032797955,0.49785227403187743,0.28604846242583809
6778,0.76654605186282432,0.059567434643965682,0.47781217081917754,0.2584902649534655
6779,0.48662193084944744,0.12751645641516662,0.47895218337964518,0.26291250234258451
6780,0.38624657630369769,0.18392893478287151,0.48120334471844023,0.26644941201590649
6781,0.61752138074644614,0.97476644070214824,0.53036452831011704,0.30747116312979039
6782,0.60527256076264901,0.9965305540261209,0.53050530609381341,0.30780142295319363
6783,0.47945432247024733,0.050757466727041178,0.47222646949121949,0.25706022709336146
6784,0.74715775219382485,0.46086910435104511,0.50824593089237746,0.28562113034762004
6785,0.97129690313321781,0.0904572106306092,0.48315456740755852,0.26122300909466439
6786,0.85445324800048261,0.96047271463224904,0.53547693872141555,0.30913299554008489
6787,0.75809148975874996,0.23040309937222631,0.49208222937123081,0.27113373457130263
6788,0.81536487946681446,0.021223406322055962,0.47490649481274477,0.25545313447173951
6789,0.26823312977944735,0.67483290034969112,0.50853640911940212,0.29330916864202272
6790,0.79658951496997621,0.90936661540033537,0.53278787091676794,0.30728994240921431
6791,0.6662177121710382,0.25824463249483381,0.49270985223287156,0.27274509972347605
6792,0.17052762536649826,0.096959229219483675,0.46816470610215133,0.25880090804720812
6793,0.42327494789775227,0.85533971350261717,0.52147623603575644,0.30227303487965462
6794,0.73256195160412463,0.62289985704097195,0.51776276599798743,0.29434431852323573
6795,0.39254705996265404,0.84273759036095575,0.52006929519815148,0.30152113700214017
6796,0.67860043117994207,0.041316115171241112,0.47486522425191774,0.25686090134444328
6797,0.046585912265826486,0.40409118362752489,0.48460829957306711,0.27668441716694436
6798,0.060805760067317166,0.19415456879547566,0.47148338589083327,0.26435189573698248
6799,0.91783320812407188,0.1882920685817604,0.49093185291414237,0.26851212499916621
6800,0.90934948764900914,0.1856984988755663,0.49061186229222853,0.26831003856715818
6801,0.34198020658927275,0.40199736850020712,0.49537571158450344,0.27991942963392585
6802,0.41055371424780462,0.45814156122069105,0.50081056087661235,0.28362949449509606
6803,0.21393963025346166,0.90587629262077396,0.51488959995127137,0.30047429434563433
6804,0.314682103312586,0.86678481466775992,0.51805356021470872,0.30118282601117646
6805,0.84789117051555074,0.30533220314712961,0.49911033874804034,0.27640135734314297
6806,0.76787701038768286,0.62423750860950677,0.51848609332214257,0.29457852585911465
6807,0.42800762558552674,0.52852812487554046,0.50550618038336159,0.28758125318157318
6808,0.73788196676386286,0.97784838464885249,0.53341666631576912,0.30865617951613539
6809,0.96750047136732609,0.3059288890697644,0.50076634468300318,0.27671582952032281
6810,0.16484615767445648,0.78747449525779822,0.50940644746663732,0.29646390892277791
6811,0.74062665849189513,0.038075483008602168,0.47547867828435419,0.25671787178129496
6812,0.18432922333128518,0.65231189301494741,0.50422731816754551,0.29120004097583974
6813,0.7690951055050711,0.87921445582137681,0.53119476081437145,0.30613741763582414
6814,0.43683989899092124,0.34073085095576244,0.49386413552755037,0.27695303639950192
6815,0.73415932293640229,0.2747928089958499,0.49509933966223008,0.27406881814333012
6816,0.45622100817592581,0.81752974049850602,0.52116628693558387,0.30139169461544546
6817,0.035459654652245813,0.81072912999138946,0.50351674366247345,0.29449941699206245
6818,0.086409043968713378,0.45864708384341796,0.48962443955819474,0.28021840644903817
6819,0.68067411581174242,0.91814485832263015,0.53049217925268011,0.30665482773555608
6820,0.51903878922375157,0.84927450897517853,0.52412720066469798,0.30310410235411339
6821,0.31001157242987537,0.67976042532607683,0.5102242696111442,0.29400896451188097
6822,0.5859279922377435,0.14756870391221019,0.4825448914995013,0.26474615652754563
6823,0.65829589022650614,0.061940375505469276,0.4764188110406265,0.25845935890096
6824,0.17149039246387549,0.73116836895282622,0.50751869108807224,0.29453260197053899
6825,0.51413126932681774,0.9033998067455018,0.52568601236081347,0.30466102392224509
6826,0.6831780587917311,0.50850725265435182,0.51008062437572643,0.2880334113402
6827,0.61403500477789197,0.60962961967763263,0.51463342542972124,0.29303698733271399
6828,0.2797870717065758,0.93166934386907385,0.51826448241479095,0.30216464580253244
6829,0.29566808904592184,0.14303281184654917,0.47563135892350966,0.2630343937973863
6830,0.72575420900519239,0.66232416198333954,0.51983026251683317,0.2962952964067711
6831,0.68894106671962663,0.64785717747324378,0.51831619426677411,0.29538358703404455
6832,0.11588419419057901,0.65774419628587788,0.50158693125613074,0.29043932717350573
6833,0.79454864829267613,0.65734569939357457,0.52081810988617139,0.29637641999045355
6834,0.87000064799197718,0.34540273496479501,0.50234173405100158,0.27904045142464856
6835,0.18664338449732168,0.20579805376926671,0.4770738768498346,0.26647330365328786
6836,0.84693435037845044,0.28734723092155762,0.49775796435369346,0.27521473682999398
6837,0.98507976201759895,0.58501046370960552,0.51963894917879283,0.29334194747288556
6838,0.99555330552413368,0.17205056544305991,0.49051355260652924,0.26745081611266386
6839,0.26074189866221276,0.05675352004597662,0.46756990282538968,0.25647377902885599
6840,0.0098482341847964568,0.12823376940771705,0.46443613090458558,0.25929216615729234
6841,0.76261863802814633,0.69003268081824065,0.52203022831828849,0.29784323594949552
6842,0.44082866060162196,0.74089277842621082,0.5173112627417128,0.29810123002195121
6843,0.58492924427987314,0.047201911320292854,0.47387513597031433,0.25710829455084649
6844,0.051362673917075156,0.82379578597474623,0.50476730715993057,0.29520870678124705
6845,0.85023469685922615,0.41656889157973931,0.50699520327741143,0.28337642876143226
6846,0.85705032418154892,0.033702385109278837,0.47660373646985404,0.25653420737341887
6847,0.13013149555855197,0.00096055252676596867,0.45875788173961429,0.25122107495965584
6848,0.81282410546912587,0.96943502107922686,0.53485967071845342,0.30905634780901631
6849,0.46279912732521777,0.51617368114989948,0.50568703631526879,0.28717895311136982
6850,0.45336010800426596,0.35965944090929119,0.49555188369575714,0.27820587613820164
6851,0.0053047065486782228,0.068274001388798938,0.45959990090667635,0.25502061884937893
6852,0.38663130888108865,0.89588173500898993,0.52143997508333384,0.30294005151049985
6853,0.22722434594085208,0.62513387083340199,0.50449064721630177,0.2904773188979568
6854,0.58935377872643302,0.08475372485999251,0.47728292395697436,0.26005605787291297
6855,0.29143507542629959,0.8419469944365906,0.516442516219213,0.30015100142194312
6856,0.67431903354205425,0.0033170374729554171,0.47125688979867031,0.25374277900185915
6857,0.21658051240214846,0.91350358110732643,0.51517370858599443,0.30068403747185812
6858,0.98797386305768753,0.20354347135879799,0.49302947037529593,0.26972288881553941
6859,0.76209025204243375,0.24559828014714877,0.49332258829173087,0.27218614909127209
6860,0.070308735186664861,0.60030211226049579,0.49657834135066925,0.28702713713839556
6861,0.70040861572538271,0.96022836816658974,0.53210530964273317,0.30791674416002024
6862,0.84056536196981324,0.16263815683884314,0.48780277555153417,0.26650446050977555
6863,0.94422308016453171,0.17561272197217914,0.49020830081914452,0.26763554258588373
6864,0.22095991857048358,0.81791716972525474,0.51285970574134399,0.29835524048185991
6865,0.045851234187290542,0.77245926295731926,0.50296701517651798,0.29365421151737886
6866,0.52071314814252556,0.32309725835119607,0.49458689323633237,0.27633265755846809
6867,0.75690921708283709,0.61425968435230904,0.51772017692138717,0.29401599482454477
6868,0.95211418158333982,0.7157654280626099,0.52658214714754892,0.29991148285966546
6869,0.55233858611475439,0.46738503394742731,0.50484026009459637,0.28506774122150147
6870,0.82160332106432177,0.14234751549019711,0.4858384536599189,0.26496824124163626
6871,0.30234741755098804,0.99085099880647609,0.52030540082017973,0.30364039420205452
6872,0.96722559787331852,0.33745381050737344,0.50308419527995529,0.2787666612845876
6873,0.34873293055241228,0.48829323889246445,0.50089723852139034,0.28478741570563537
6874,0.92371109358343539,0.1781913754537818,0.49017152417934923,0.26779021091666866
6875,0.51639077511666109,0.18530673148907956,0.48423920781146879,0.2671806842868375
6876,0.91525735429673227,0.48919783872383416,0.51272559175444077,0.28782833386736945
6877,0.34704006202366439,0.66787129285970015,0.5108149755008301,0.29383706318275565
6878,0.58770504142163549,0.15225970453902848,0.4829630841530988,0.26509312629340537
6879,0.0882133032370708,0.18617124969222351,0.47202317350272149,0.26415718563480939
6880,0.91096952461801706,0.59859665593785472,0.51936716121901139,0.29382035448127869
6881,0.45769735832229491,0.95726675251201965,0.52529040935562943,0.30528570213246997
6882,0.68928500026216499,0.25797864416722444,0.493087614325257,0.27280453879858413
6883,0.12598533373841783,0.63308951108633771,0.50080162627962577,0.28946070772144716
6884,0.036979544254846411,0.59391896328671134,0.49461172456692765,0.28614081883088055
6885,0.74204584931317952,0.4402728645989788,0.50682109425120092,0.28440644752716487
6886,0.10302517795582536,0.097735008969123016,0.46586483034859155,0.25823603769286096
6887,0.86972488647199941,0.15845588657913032,0.48783923262529044,0.26625127721027375
6888,0.38110379206497452,0.26586900290661725,0.4872039015558029,0.27189602023320292
6889,0.73539456651963997,0.082689909091067978,0.47944543020064168,0.26025348519954672
6890,0.11787301928662929,0.44234295831419296,0.49003257257889149,0.27979752687737086
6891,0.60974001931626121,0.80163734215240701,0.52455604066277084,0.3021160771604488
6892,0.93060310168688898,0.16746331483578544,0.48936241095861421,0.2670170818216443
6893,0.60897247538609667,0.89999468240415448,0.52818050185203214,0.30551088592409642
6894,0.19933000244362048,0.012756806250859518,0.46198684674357221,0.25266682326412204
6895,0.4875278016053024,0.63096905074269749,0.51284556114170166,0.29327081314028614
6896,0.4708076079119346,0.035490951266989583,0.4706893864870017,0.25582401388429926
6897,0.58784511636520032,0.64479517299408329,0.51600799449867685,0.29464454501395809
6898,0.57622427864623027,0.41582621194567765,0.50205787518070177,0.28223640911649295
6899,0.34843421379964568,0.64405939142297719,0.50961604877506395,0.29271667482341701
6900,0.78084679951641012,0.91158880477637294,0.53253242890794472,0.30724646467948435
6901,0.75063543670360233,0.62566064077621564,0.51825379008562078,0.2945714275029051
6902,0.28253712850684537,0.83431974759103034,0.51586448627189319,0.29979720117139153
6903,0.41738384493306513,0.73899628847531273,0.51654575436476835,0.29780344627459382
6904,0.43200925576103616,0.69424848820379703,0.51470463145524215,0.29587065933907469
6905,0.97852711801052794,0.46988815381947208,0.51235829181795178,0.28689501868792139
6906,0.81918895907761768,0.91367398542299638,0.53338633065479057,0.30757615239542208
6907,0.38689959134910024,0.32118688918339328,0.49125418883425531,0.27542866506541008
6908,0.94216237967876959,0.43416351068703229,0.509501307571252,0.28469328815965556
6909,0.048862125612690578,0.03303291018774035,0.45853914158096332,0.25292840146068535
6910,0.38784560897463238,0.68129022262535288,0.51275819683811308,0.29486396424366235
6911,0.84507986742694641,0.83424628004090629,0.53086466238316932,0.30492565655930326
6912,0.9638956942614052,0.49012382810668792,0.51347030771008573,0.28802352182882623
6913,0.8121475701097749,0.88790568435114114,0.53237690220692735,0.30671284549184691
6914,0.83334413605661839,0.82994387466501218,0.53045879226840231,0.30468616262094161
6915,0.93448245860665335,0.81478389387469519,0.53145359783820512,0.30450459968020877
6916,0.82048451997494554,0.10951634639076656,0.48299794872110108,0.26248646881065829
6917,0.91601333564413945,0.8864892296497362,0.53426710026748359,0.30728690944932824
6918,0.89826582010131106,0.72685506297169489,0.52633839328878596,0.30023779121459127
6919,0.85123759295732027,0.82926621249004973,0.53075046631086953,0.30475160247727118
6920,0.31679531552904522,0.57633787019931482,0.50496423875867535,0.28907697350148914
6921,0.54829750801014021,0.85702563572680823,0.52519735647760912,0.30363710553012419
6922,0.81950314396618629,0.83449099010155769,0.53040692856160854,0.304797671854106
6923,0.58373639781385422,0.87957987208463029,0.52688973243491832,0.30467579730727806
6924,0.49693788406803507,0.057204418284946587,0.47314450304843281,0.25762646153046997
6925,0.63379346956385996,0.0032074286220711659,0.47062219613643086,0.25365294091707152
6926,0.32911350039978277,0.37760949881371342,0.49342956501190793,0.27839807851999954
6927,0.26317440668978959,0.34245530574369482,0.48911054733886072,0.27575526895403013
6928,0.55487696226738636,0.98725615167164948,0.52889894428560058,0.30706620050287514
6929,0.31870193182985534,0.40547524674105229,0.49491059212103705,0.2799264218440603
6930,0.63028622416675795,0.30500240903497905,0.49551186044474776,0.27567857411634727
6931,0.37029369488715896,0.92892541951577878,0.52167842106017637,0.30349957935368876
6932,0.097435901376127731,0.59990056224580623,0.49782599734944483,0.28745451031563163
6933,0.57227739071784312,0.64466240440098344,0.51564655717958308,0.29453828991081005
6934,0.21971995672873454,0.62728482618589199,0.50432143928671991,0.29048672705646633
6935,0.70930762891412014,0.058732997542771045,0.4769142245108911,0.25831623812130472
6936,0.43525136467475678,0.82826085169006847,0.5209320676940653,0.30154250649169723
6937,0.11519469029844041,0.5714839968207176,0.49713554833193868,0.28636478156483364
6938,0.20138798645591599,0.97796957265821993,0.5156840642227003,0.30157537211510899
6939,0.88680421926561981,0.95744397755818211,0.53602878423367628,0.30927573667136143
6940,0.91676951220623459,0.27728479441219239,0.49795491808885145,0.27470470368623545
6941,0.60566920350702713,0.21020983803371202,0.4879330753970148,0.26926278002300597
6942,0.50738380214421785,0.79363861685270687,0.52163198999185501,0.30097065431375669
6943,0.42265462931251391,0.61211402361505896,0.51008704958249995,0.29182527628956562
6944,0.56128095124770194,0.42893581491383959,0.50259176016465246,0.28292233221210239
6945,0.75787672005529749,0.85368296348823935,0.53000270052838871,0.30516722788973527
6946,0.90650323345587835,0.97889993916839591,0.53698503315161406,0.30996071978159806
6947,0.75904003638246798,0.67573867438117752,0.52118913986445725,0.29712431526278865
6948,0.37260460003671475,0.54069785147196392,0.5046623839945642,0.28777005181672927
6949,0.089757525811216335,0.16943807590043872,0.47085459733725482,0.26306161512829579
6950,0.25288716593704885,0.96634212748870496,0.51780525975962199,0.30235655713536003
6951,0.77709991217750363,0.56315575447579613,0.51509858643628237,0.29142161865955712
6952,0.41285236811904474,0.57253814281668747,0.50761794327234799,0.28974987790283191
6953,0.95600764578738029,0.21518208705271827,0.49359050792993603,0.27049903826666255
6954,0.39419151954640402,0.018408237142080907,0.46752955290984,0.25416739251520298
6955,0.5445010057402192,0.88822011617174135,0.5261052987136986,0.30455516568227703
6956,0.75653976852867055,0.31436199634546647,0.49838137538614513,0.27672745344266075
6957,0.22215852399527794,0.98002974506913465,0.5166769350407483,0.3020152021632434
6958,0.46823072649763198,0.47476381051578792,0.50332289135369979,0.28495955191138267
6959,0.1139636195551022,0.97946382035898283,0.51131346039618575,0.29970591302127492
6960,0.56921823663891991,0.24314594546655427,0.48976924008327188,0.27136835885631178
6961,0.3232927335972316,0.92049014822313335,0.51974280066847167,0.30262112620953907
6962,0.070925978354981642,0.44549947081891589,0.488167654214057,0.27928983787472805
6963,0.025974678652628792,0.75503346536095484,0.50128307766748514,0.2926624564923842
6964,0.35346048038013977,0.48777745734337952,0.50100599848652094,0.28480016563660232
6965,0.78052058393260237,0.90631303641184935,0.53235584979634121,0.30708399669979475
6966,0.34317869439303178,0.19694761339315447,0.48110448923095456,0.26708524848461851
6967,0.85089394838061416,0.22829160417792155,0.49327101771849152,0.27121396360799782
6968,0.93505728611190575,0.99872262988955485,0.53802459862029939,0.31063160455683703
6969,0.29528873129944549,0.341564619757107,0.49004989102310076,0.27598098817950512
6970,0.3217538651399664,0.2716078324279399,0.48601116483143963,0.2718589210951457
6971,0.02155747853111243,0.53057873471454953,0.4905244490196482,0.28281625976586455
6972,0.47675817696008599,0.79144576410303125,0.52069728862334919,0.30060750810827591
6973,0.87818077351326362,0.25308575763435803,0.49558222898359361,0.27298248976893652
6974,0.21377205587095816,0.56045960942512607,0.50053248081147228,0.28715279354546208
6975,0.10123120169880567,0.87579586632013096,0.50874054669183322,0.29755641394052601
6976,0.59491862203472989,0.39293169396187877,0.50093088990579027,0.28097374357999527
6977,0.72076270655471597,0.071358019638422421,0.47822030696891499,0.25933696776926685
6978,0.86631544595892784,0.10581055315480335,0.48327074574156237,0.26227776791133545
6979,0.89178013226737973,0.87985038255621917,0.53358617270839837,0.30691906139295216
6980,0.43029682444861395,0.031863709396438213,0.46952582457191444,0.25538566907161109
6981,0.6563376165323076,0.7909760249721236,0.52511233489928932,0.301980876371295
6982,0.35083921859011752,0.43983777301168303,0.49801375351457938,0.28214128417368778
6983,0.26772933036660546,0.16908776391566499,0.47687173829035989,0.2646626126769574
6984,0.059034685983194508,0.68923646883795742,0.5004142850781732,0.29087703194272613
6985,0.88097767158254281,0.68110911686784825,0.52358634739498511,0.29793042023573163
6986,0.23795772057395662,0.8409418267362635,0.51427442742646567,0.29929884084718322
6987,0.11447500328930328,0.30129678868086779,0.48107595670058068,0.27172779828668936
6988,0.013912453870975878,0.1949369056132273,0.46949104715459133,0.26378034870186545
6989,0.94180339635893473,0.40130597959096781,0.50726511435819188,0.28270887493901425
6990,0.0012543668789672666,0.22457285100949231,0.47097304435139498,0.26548245669068604
6991,0.96331585355055294,0.45693839628190036,0.51130353493169134,0.28609743994378867
6992,0.045288828556158116,0.64255426475597788,0.49746665670915974,0.28853971888288871
6993,0.75323926728597146,0.12909520782114706,0.48374363875288096,0.26383776391025587
6994,0.056569552278553606,0.68580964805056577,0.50012976127369424,0.29068277567736411
6995,0.61180303313484186,0.50284761595920424,0.50831184393751794,0.28736684140260471
6996,0.63893421775420434,0.12310222679827129,0.48143387005892452,0.26310482231279131
6997,0.31901882349610095,0.99378494941104434,0.52102470640357157,0.30396766545806769
6998,0.24852566175038229,0.49153139103845467,0.49788456553318405,0.28399898721961458
6999,0.78836304178935246,0.055865335613547361,0.47777309910757543,0.25823139588878047
7000,0.33714395229691874,0.76867163134393057,0.51542900718323525,0.29825513861627251
7001,0.4278632084744633,0.85443880203437295,0.52159347119222121,0.30229925746287589
7002,0.96425837532953595,0.33442143591850765,0.50282555251921413,0.27856507266763109
7003,0.3921447580949054,0.37509371136821579,0.49502390420404596,0.27872653645718404
7004,0.20415882653795417,0.55795231734417616,0.50003423106613509,0.28691014214168625
7005,0.81343332286482906,0.81547222108108686,0.52942434161028695,0.30396697907477249
7006,1.3691994477994741e-06,0.27918859896085924,0.47457936482498436,0.26881070042895117
7007,0.50303028375761349,0.22995605157708052,0.4874134414311907,0.27019145275499817
7008,0.25643894659964134,0.4108548765763757,0.49328629096434706,0.2796649826634181
7009,0.928666837457649,0.55988967987593508,0.51732221562680913,0.29180838969255146
7010,0.77687203836658736,0.5425701068730443,0.51385894449927694,0.29031045781969084
7011,0.13457237481762421,0.69149948497194569,0.5040740015760421,0.29225756866775388
7012,0.086201715886581223,0.75880735072927785,0.50463687181161221,0.29406034357134836
7013,0.34495681699354902,0.72929226605246078,0.51385015840324899,0.29665228376119285
7014,0.68363892949492444,0.46399688188921429,0.50730186024902413,0.28553524319860024
7015,0.63147647150718844,0.60870858275141804,0.5149529653585988,0.29309036788288623
7016,0.68750282330260382,0.21733770588174231,0.48992765118094778,0.27002800295188634
7017,0.2575707008831552,0.42176171903548532,0.49400123340435725,0.28028967895547718
7018,0.12076980203097919,0.82795626524899857,0.50855549613175177,0.29682198144622274
7019,0.56516594840384793,0.37605600717960624,0.49918222926705902,0.2798143028561898
7020,0.29373951463514242,0.75855900836355294,0.51348705689327911,0.29733047658871919
7021,0.70504780423372293,0.69215652228215485,0.521043570795654,0.29765036062793099
7022,0.31841121123834748,0.45240583057753975,0.49782105400289489,0.2825630185837682
7023,0.68117734637338434,0.78340839854568478,0.52526933320151037,0.30179577915514277
7024,0.95925676000852844,0.19993525876771892,0.49239417753620907,0.26941893428629188
7025,0.305170197008166,0.24756756597076313,0.48381510739732692,0.27019004796720369
7026,0.57301406087783402,0.29170935612485049,0.49344053020157258,0.27458306231182927
7027,0.2491378899706877,0.099859482727444271,0.47083697277196657,0.25961298899227614
7028,0.069944386254146229,0.18841959852656584,0.47144851322252251,0.26408898979484818
7029,0.54420573736875089,0.56726095486950368,0.51065587948306901,0.29042703119029922
7030,0.66764710839617769,0.76073617455713682,0.52384633710488504,0.30067695726087751
7031,0.09373016677472043,0.97229829887544039,0.51010247950055376,0.29911827851625933
7032,0.81979022846202143,0.1357440180883161,0.48525208563745886,0.26447154409717788
7033,0.90219322883527497,0.081497649922838908,0.48154787317283643,0.26043412048890074
7034,0.35519457796021597,0.25095728413610485,0.48544388991898896,0.27076034131835797
7035,0.59827420783491114,0.94553835876494419,0.52915445411377049,0.30660609187716442
7036,0.35831592807146956,0.93732004061461194,0.52143149680310785,0.30350916114328597
7037,0.91268418824685515,0.95183408582712303,0.53635991628045598,0.30929336487581277
7038,0.077271355253516236,0.52136182435950029,0.49273047944955517,0.28330348306944914
7039,0.49219536723719215,0.28220604373739333,0.49104632506375356,0.27358624416149752
7040,0.49821045856411805,0.63731571651695995,0.51346213940788954,0.29366333896986202
7041,0.70992896367829539,0.40727557380745422,0.50407523123451281,0.28233111167579772
7042,0.5639662530317554,0.78172382075603819,0.52253869624958871,0.30093115875042187
7043,0.46418995026677151,0.94976073082665691,0.52533239956289379,0.30520576199684352
7044,0.73150647474174624,0.59234287745632463,0.5159938795171165,0.29276163246303505
7045,0.32285655348863224,0.55819348941469804,0.50414713900787722,0.28821769445856094
7046,0.88753176707151582,0.013562620076036548,0.47505860053228799,0.25490166984737156
7047,0.61082519792650125,0.50931882754721447,0.50868686713516409,0.2877172901142791
7048,0.87213992698328802,0.30737734391080451,0.49960598988801252,0.27659628484881549
7049,0.82722682608164622,0.70596925668161137,0.52404075080153489,0.29892260773572338
7050,0.93907605739085709,0.052180277825135277,0.47929421034090869,0.25813420512510177
7051,0.2858931412202888,0.5251649235712248,0.50108597210945549,0.28615214334307509
7052,0.33927722573358332,0.076409250698250261,0.4713140876658175,0.25841941520209399
7053,0.86213535900599103,0.041507448425551416,0.47739599392491489,0.2571782998832321
7054,0.52168151715750577,0.3366814330232446,0.49555557695615476,0.27718432775657792
7055,0.36654131581793775,0.18407132618367905,0.48072159658888203,0.26634560495630866
7056,0.90492065350749762,0.68173922092200967,0.52400171797814687,0.29805644151285859
7057,0.90956383541425467,0.9284583530322299,0.53559556917384321,0.30860432950994982
7058,0.36785745472729908,0.56057537002059399,0.50565409738941325,0.28875504777703725
7059,0.83944664648118195,0.041867042260000015,0.47714783639582059,0.25717796257837289
7060,0.29190332114560297,0.92707949053564809,0.51865849489593396,0.30226902533958572
7061,0.82234313995059349,0.27512863589833725,0.4964825647145823,0.27433899578634202
7062,0.33808380281639983,0.29154539421194936,0.48787604376281241,0.27324046944759917
7063,0.61460891477958068,0.4749374281015597,0.50664041367281976,0.28582741303678544
7064,0.58515002460150289,0.11143868023961549,0.47950639937180084,0.26207140109629495
7065,0.0091173900412279182,0.068777130426012439,0.45980522087841746,0.2551045554698711
7066,0.65866975735094169,0.90661266229454207,0.52962050913886571,0.30614157065539044
7067,0.40087618741412884,0.037984454127389475,0.46943167458663515,0.25575001504519457
7068,0.91964839101476836,0.68216652493920416,0.52425458671731773,0.29813426697487844
7069,0.38519040982302982,0.41297894982305594,0.49729172170762631,0.28088648179601849
7070,0.84043224130681482,0.10246235081261257,0.4826432451074546,0.26197823996522751
7071,0.77916511027304225,0.047181230531621259,0.47685221591056759,0.25751885333327945
7072,0.10924442917279667,0.13933530420417664,0.46933698219853998,0.26122470128639352
7073,0.059355242531409023,0.93378486329367161,0.50754488460048375,0.2976651199799164
7074,0.86396116272091161,0.098001948486606122,0.48255170675246656,0.2616705248709989
7075,0.97285954814600994,0.98347962629770636,0.53833044696260635,0.31050500042183898
7076,0.34299728426107906,0.69418472600629322,0.51203307027441358,0.29502643670276457
7077,0.91792543772914215,0.57746837363614467,0.51822077611362938,0.2927210010472136
7078,0.30318891919871094,0.94864238712884252,0.51955976721247932,0.30289004340341152
7079,0.41895391831091838,0.57751017066050558,0.50806666806044032,0.29005333965362962
7080,0.83565271280476594,0.17762583382813027,0.48897825659333372,0.26758678199880637
7081,0.81240355044362367,0.56348713637454206,0.51572000020271092,0.29158374624635214
7082,0.94737344990189887,0.19488452261359199,0.491837431882512,0.26903694177376475
7083,0.60982944153411078,0.95826362962684364,0.52977541749961832,0.30702245754948926
7084,0.38360060451807221,0.40500012089366794,0.49673796789578323,0.28041480848524564
7085,0.46676235361039875,0.93454978835234659,0.52506018698123147,0.3048954381230215
7086,0.16129477589969757,0.66658880479325311,0.50399853481310697,0.29153330869146182
7087,0.11142068424365716,0.27157943269995743,0.47895877261125458,0.26988012539198519
7088,0.08141372325272532,0.30706796982773815,0.48009589466351621,0.27165353935406061
7089,0.99175557274549508,0.036033020077541007,0.47835556047446737,0.25686404969006432
7090,0.98102600594997647,0.83509226461759545,0.53317198876438265,0.30560303751510703
7091,0.63905163612432081,0.38977320361052409,0.50159165623025681,0.28098698229498237
7092,0.50749937100840037,0.77616453044557709,0.52084374701002023,0.30024358626952546
7093,0.63070807570932674,0.12376897725629388,0.4813506555825931,0.26313115260917019
7094,0.67746683977356881,0.3519262876973604,0.49971068221135273,0.27883008030451445
7095,0.36375084822900827,0.46312022573928119,0.49981787008237288,0.28354083129417623
7096,0.56187242767551226,0.19822575576895615,0.48616485598747722,0.26826697530221089
7097,0.74420514132221005,0.48837850771563829,0.50994536646953725,0.28717671884017315
7098,0.42930431792516027,0.94572670190593933,0.5241032596090125,0.30467313399323048
7099,0.29351186641432581,0.75354283767155139,0.5132592456863504,0.29712438410308284
7100,0.21869019835825312,0.63926419887911756,0.50490253187839085,0.29104165974618268
7101,0.64567220029550376,0.33296969154627298,0.49779711590982856,0.27751867447545914
7102,0.9320721554123913,0.99136556433142398,0.53778711122019163,0.3104371617815066
7103,0.27532533526777986,0.6129523125106352,0.50557196278853622,0.29045207267420226
7104,0.22950430596311344,0.77472967030118456,0.51170647004795988,0.29706951716636248
7105,0.35235708419169531,0.5194240433448809,0.50283724277137765,0.28647941049849296
7106,0.14765052132009296,0.6130712497348082,0.50071009369748709,0.28884178249086317
7107,0.80313420016962345,0.45095965166968527,0.50854046716480172,0.28525532970515427
7108,0.66080222365799135,0.5336445597509738,0.51117512212080585,0.289299826872852
7109,0.41215572898060782,0.54915224889795067,0.50626927324092297,0.28853875947384122
7110,0.48952102013729748,0.10412719289449741,0.47705418426937696,0.26118952675434537
7111,0.68888834610633787,0.51743653015050806,0.51073685300333804,0.28855186903071262
7112,0.47361672485492895,0.21401175291343827,0.4855600082277795,0.26897124445716414
7113,0.53159729863522809,0.62707732040634145,0.51372653731522622,0.29339341677208736
7114,0.4762837333785952,0.3977506275032065,0.49863400300111432,0.28061639075019507
7115,0.22793174586553361,0.21371042872575344,0.47901218926262573,0.26736197299348785
7116,0.27076747439530446,0.45260649271277942,0.49632280297132891,0.28212861101096348
7117,0.80387983141102604,0.97619000495799124,0.53484156297784491,0.30915270037741704
7118,0.059913444901199549,0.58424920888360365,0.49525177396715075,0.28608925440122529
7119,0.53386878100339097,0.72492988301404981,0.51896542612457763,0.29812133197172075
7120,0.98686410411492687,0.35127172668563433,0.50433303821841613,0.27969322363686999
7121,0.14677936765641209,0.34923939230147516,0.48547065356155816,0.27495369150583759
7122,0.46199311130655701,0.64063194404594836,0.51270323380448291,0.29355011106904749
7123,0.99944330729829389,0.77042526368304398,0.53017922900166992,0.30270672816965677
7124,0.5608248603926157,0.37227295282647249,0.4988351387315727,0.27956390265799758
7125,0.084100766857073184,0.7443649340755889,0.5040001337019353,0.29351974622563998
7126,0.25028271634363342,0.12331100924011554,0.47276665492617703,0.26131825479017678
7127,0.84258999299086867,0.80036024703661679,0.52920263616162933,0.30343558299582363
7128,0.34938972510722238,0.28780772147936512,0.48792527486025211,0.27308534447513894
7129,0.40246573654453971,0.66166437273590128,0.51216782437586672,0.29406687688317823
7130,0.20537747309216065,0.3994237306828029,0.49081815255277789,0.27849456929528499
7131,0.90929236052794149,0.054578801674989519,0.47917400485923117,0.25829526153137866
7132,0.9817986164816539,0.85832341886836805,0.53423480459023331,0.30656985252236685
7133,0.14526386092415777,0.67867498917417834,0.50391444400753149,0.29184542533749624
7134,0.28236532557572941,0.96393893680478226,0.51900867660177152,0.30283138218001349
7135,0.12555242684482365,0.79167184434473759,0.50770493810910711,0.29588013216541631
7136,0.12949331125627506,0.044481006467889536,0.46246480135621965,0.25456854327776191
7137,0.96596765932521089,0.91408925695187648,0.53612128474340692,0.30848568741834043
7138,0.63790368228288141,0.52617956087674245,0.51026658791923374,0.28877901568319952
7139,0.44800360855098115,0.98842759969810723,0.52561157538214598,0.30578199905301778
7140,0.59049994157644692,0.38262800372616623,0.50014958018970312,0.28033429980835939
7141,0.31119446616569768,0.87152126713403277,0.5180539656626264,0.30125825616213753
7142,0.6161016580229276,0.70580309036496325,0.51990314137619731,0.29778542353172405
7143,0.57157195478704526,0.77788519568253545,0.52253834432580559,0.3008185787312343
7144,0.84425078192952796,0.43873040127657592,0.50838424484636635,0.28467640722685311
7145,0.68618133184361507,0.40592627027955608,0.50355791634715918,0.28215519583937582
7146,0.04645929377706489,0.66366287467355145,0.49855536888793767,0.28951244145881055
7147,0.33313441217284417,0.22041033880201868,0.4826020937849228,0.26860022742687645
7148,0.31990767845000373,0.71831731598494808,0.51248871199881774,0.29588779501384987
7149,0.055263394877652174,0.11926643841144396,0.4656888344853638,0.25923899024120056
7150,0.60108977852227408,0.093765759378031374,0.47827179384664686,0.26078083215918302
7151,0.21779265812338564,0.76889432543193692,0.51100664806104834,0.2966845335811491
7152,0.3592496991825872,0.01224470088564558,0.46617676916232653,0.25352218836518153
7153,0.85840488962644013,0.7953110223413794,0.52922228363322876,0.30327926199435024
7154,0.63486812055745401,0.83379216889875241,0.52651136497493345,0.30356526807656103
7155,0.96190542780380939,0.76026178812194856,0.52909130032884399,0.30208550191527472
7156,0.6607176913233358,0.36861860171220034,0.50056099112643482,0.27979400237866009
7157,0.81262296670899958,0.44293368854311993,0.50816702546713877,0.28481892392356578
7158,0.52438187663907887,0.15547927541636164,0.48201335454428279,0.26509525106405585
7159,0.56162222904983206,0.42940576625460525,0.50262947640404487,0.28295138521112001
7160,0.89074328083262089,0.9153602180585847,0.53482447481722939,0.30808980246863227
7161,0.84661586144733014,0.71709101476283987,0.52496698928324359,0.29954741341592545
7162,0.16381771900349995,0.45328292672083487,0.4925345046585482,0.28098323299024913
7163,0.25888916511636928,0.14157937164831674,0.47446977274485541,0.26267884832298777
7164,0.010186769849446137,0.30036043172500793,0.476447117842423,0.27022893585356095
7165,0.80261901957619708,0.27550932293458613,0.49621968689386159,0.27431273370890413
7166,0.258484586594312,0.51353038343506641,0.4994991817003987,0.28526199080069953
7167,0.0075521896277670753,0.33400994424881647,0.47845821473761407,0.27214271578753069
7168,0.092506143154564777,0.25041169998218538,0.47675055243063796,0.26833710582273235
7169,0.92983048708237481,0.13296938457213112,0.48642048117021652,0.26444563373036722
7170,0.33749672996063018,0.31158882262419207,0.48925177666447339,0.27448653444986526
7171,0.97717944858378036,0.30194649333545237,0.50058988314367769,0.27647253288425155
7172,0.83194683009953008,0.70318660516078824,0.52397236715955298,0.2988083668592082
7173,0.25716186238935917,0.73142238758589384,0.5109333381110075,0.29574080954520932
7174,0.31364937705293999,0.53755114151336025,0.5026899203694144,0.28706881748625024
7175,0.062058599319250791,0.72172602463789515,0.50198779822280848,0.29225562381502729
7176,0.55836113574231272,0.44176326843990249,0.50335269437357366,0.2836461410474681
7177,0.29511174743041629,0.97825480773920437,0.51979262971812257,0.30330338314916078
7178,0.10541421467257897,0.079700179209641647,0.46450947988053759,0.2569576450532135
7179,0.11636013326008106,0.6604532226750045,0.50174243297916921,0.29057036552253052
7180,0.42228066083224258,0.36042471947866728,0.49483240530370515,0.27805553796811261
7181,0.31688087953414074,0.29710078139553081,0.4876632885727325,0.27343127913219284
7182,0.48888985133297974,0.73560038128664018,0.51835673651077485,0.29826606909858505
7183,0.95189188758669196,0.19473281118428568,0.49187988163884311,0.269033462134733
7184,0.43259560018040943,0.66429336948614803,0.513162900515447,0.2944554591813614
7185,0.89663276007435055,0.4359995159768616,0.50898270786614264,0.28467512457311928
7186,0.38595662077575693,0.66457244252905956,0.51183479816508159,0.29405523140683337
7187,0.11289573607541388,0.094679850761394485,0.46598426188439734,0.25811435068360122
7188,0.36395317520269893,0.1909750319180428,0.48118773330107895,0.26680521501427645
7189,0.57263961680597852,0.28972593817171877,0.49328904159213838,0.27445320493151876
7190,0.64644853683369008,0.15907103499778316,0.48456099700698441,0.26577366385581253
7191,0.53809516798557022,0.2123273262648494,0.48679253456244193,0.26914635441460705
7192,0.5727098094388493,0.02346406452819938,0.47149972087262954,0.2551703786748501
7193,0.91109112981237705,0.96822851790726427,0.53678852493114948,0.30971997747797642
7194,0.10885489318013425,0.27398903973192212,0.4790203913803876,0.26999785828621287
7195,0.48640780723876087,0.12608905484824209,0.47882947975416773,0.26280679649526373
7196,0.17352065072926925,0.85190892768533666,0.51174460779154474,0.2984685197500333
7197,0.6366794692233787,0.37019555723256203,0.50021679004853092,0.27978961978989558
7198,0.52704396627476668,0.4363506620244938,0.50231161244162981,0.28315996124973875
7199,0.3002255120737129,0.04055629288525088,0.46723650298427782,0.25546174454524034
7200,0.067261991980054878,0.3202230329834973,0.48034132799848012,0.27223955607613298
7201,0.73034640537096429,0.23386114582418233,0.49191594101778013,0.2712944089280121
7202,0.74853775352909002,0.22969412948599785,0.49187876192000451,0.27105888298678449
7203,0.27814727629133268,0.58391724211339602,0.5041053283244209,0.28905643649264312
7204,0.70358038329306294,0.85606116754967965,0.52894173331276007,0.30488178779554487
7205,0.63032856848660168,0.27497045049850133,0.49331560943656649,0.27372559645998984
7206,0.85252729230950353,0.79056075529268721,0.52888171006200158,0.30303405411464701
7207,0.11800062323753956,0.13854059432655341,0.46960153048748049,0.26125964550436126
7208,0.28006953950723401,0.073703037412825509,0.4695391704840593,0.25787611435448493
7209,0.0095774443702423013,0.21146309767166388,0.47045419393888949,0.26477710722520204
7210,0.083345280660979917,0.87226429910551528,0.50770311045303718,0.29707767208352354
7211,0.31579992108809529,0.53200669745440832,0.50244172395385667,0.28680214474220045
7212,0.44463467442317633,0.0092899961538030779,0.46777730410280449,0.25362658012167072
7213,0.620348709074792,0.80956257488316619,0.52515647641168517,0.30251791705409703
7214,0.023652307660563383,0.82896800459277586,0.50330245756835268,0.29466835962915738
7215,0.84760716523708546,0.99480695701815425,0.53621138687685843,0.30992126572957857
7216,0.64882428414140603,0.74227890479244529,0.52250581259104278,0.2997069744386695
7217,0.097052918524981949,0.41729786636071514,0.48766151016823522,0.27815249188325331
7218,0.35351174834509153,0.10881589030252072,0.47438128646105315,0.26091102427533985
7219,0.27954077793398174,0.66964816541053596,0.50867053063579271,0.29319883074301561
7220,0.64803812613774792,0.76466195813660742,0.5236245524601183,0.30073595244868156
7221,0.9807877387899091,0.094417445387423499,0.48361580585430186,0.26154421238103176
7222,0.14687854258861627,0.98431574839298852,0.5131123562006229,0.30052759007103513
7223,0.26269082418164469,0.89184481881571709,0.51665969554669799,0.3010074465693065
7224,0.5880090301329387,0.43261227873511382,0.50339642340426527,0.28327498139308255
7225,0.81614017173174069,0.5189982485843706,0.51307620774447171,0.28917065361087008
7226,0.76687095312903408,0.72311546393722537,0.52387175766198502,0.29946168545449375
7227,0.74055141410065117,0.98275237380001923,0.53359465603146872,0.30879119077632894
7228,0.98563287290135637,0.66356187433992753,0.52419957782279869,0.2974360379002769
7229,0.31343719797591912,0.65819853990088451,0.50923147410814962,0.29303399475944164
7230,0.45587008168260801,0.76320303078504514,0.51882920715333447,0.29923685366663799
7231,0.32998616735049291,0.12816934278729605,0.47536316040231369,0.26218653385114965
7232,0.16520388413172915,0.87615981796678388,0.51196049450012227,0.2988949614800438
7233,0.1683660478975042,0.3306636649584514,0.48508106072559148,0.27410765218995409
7234,0.9658086938920547,0.33059447384617524,0.50256618655999308,0.27832152291555085
7235,0.66438376501755558,0.82742940710507107,0.52692938060097572,0.30354215689379277
7236,0.39246744142830142,0.76496342663472749,0.51704933839326106,0.29870719610977142
7237,0.91924937478151403,0.93916851385677003,0.53610534796357767,0.3089779057830121
7238,0.32841465862911429,0.39162954090804558,0.49431540979764876,0.27920976716861856
7239,0.33816142110793151,0.83263208913718123,0.51787285259478755,0.30052017527091712
7240,0.30324283589679984,0.90238180118323075,0.51854296155003676,0.30190218173379263
7241,0.87198303143027001,0.44477184021548605,0.50920289005835484,0.28511968476725708
7242,0.21914720690251563,0.25757230209942211,0.48188450466169497,0.2701269457590168
7243,0.37382338674851928,0.40293673743415859,0.49633700858686736,0.28022229680443328
7244,0.073875584046996665,0.5731692428392009,0.4953430917781515,0.28579414569433431
7245,0.72493985410680761,0.52437291004912689,0.51183153900796907,0.28909600188492429
7246,0.049758409147465141,0.88101022226255155,0.50600676440209647,0.29646072709606203
7247,0.78826388614122989,0.15179297559688568,0.48616985204734481,0.26560083192326711
7248,0.92052169606004619,0.91104376420591726,0.5352229772006003,0.30813175952769062
7249,0.35151691440680299,0.29396172794023295,0.48841568476710262,0.27348818121769231
7250,0.13465859451302095,0.61101822241657644,0.50005046465614877,0.2885543675342524
7251,0.91414006941405823,0.34456271759067897,0.50289739807382505,0.27909926989456607
7252,0.5333962604535627,0.7812737181513919,0.52175398054572752,0.30067420605487383
7253,0.43266254854163855,0.45017795558156215,0.50089901758696798,0.28334373470784774
7254,0.74391260220451516,0.48621851673716449,0.50980415612802055,0.28705362795549993
7255,0.039613140305934942,0.74845207985726891,0.50181274565398359,0.29274820790830575
7256,0.50007312071836785,0.94297296109484752,0.5262916955787682,0.30548533001681255
7257,0.93027394229761562,0.78628098391651879,0.52994592446490985,0.30317793135131538
7258,0.89434855118483547,0.21704330519611248,0.4929614689227797,0.27051747139234428
7259,0.73566386240919823,0.94302485653577606,0.53247291356949411,0.30778117299215296
7260,0.70497809068510553,0.56777086988893577,0.51406153491337636,0.29134342429714055
7261,0.28690688497301886,0.73392915790373225,0.51212448690681378,0.296214061621831
7262,0.40729528418689731,0.95414916568087649,0.5235391095391293,0.30455608409302481
7263,0.841478622461448,0.90567397889263235,0.53356536118952602,0.30747679579759085
7264,0.090493114429165161,0.16251679384919115,0.47036924606855202,0.26260456436648189
7265,0.89248936946849577,0.14942539662463825,0.48736901024402474,0.26562175981703756
7266,0.88260585894257537,0.61933765283493569,0.52013550745387405,0.29480206307528362
7267,0.63642684683081463,0.76828667065036715,0.52355285719484645,0.30082781429222194
7268,0.40686687426910506,0.46524182800062702,0.50114810569456314,0.28399614181532784
7269,0.93729768334637631,0.19042317912682194,0.49134840370641092,0.26869898417380961
7270,0.94255266300487561,0.014194850214000326,0.47574242463542921,0.25500713279133608
7271,0.70867346516827823,0.26296777568740071,0.49379089319762659,0.27320113591199335
7272,0.89469701568827742,0.44977614730532517,0.50986759050930475,0.28548282089404542
7273,0.37313210665421798,0.7100095791604254,0.51377529736452732,0.29605903022448882
7274,0.83917884325635395,0.77020950713636116,0.52761563389966704,0.30203108032854614
7275,0.40859368386821593,0.65428606298059455,0.51195641670907044,0.29376741384945404
7276,0.80048369433473565,0.6312690015862813,0.51946014768255422,0.29508339902454606
7277,0.91828440449301851,0.67016836758296705,0.52356910376023458,0.29752952094103757
7278,0.92771140186568968,0.92337419558587719,0.53576193599802546,0.30855965485778847
7279,0.31319089013227497,0.68686950595587271,0.51069102765539709,0.29437348913054728
7280,0.4707946684692404,0.62819154525675114,0.51226169584573444,0.29300671064687916
7281,0.65379630229234464,0.96867045703466281,0.53116470115211911,0.30768967628997107
7282,0.82649063894018771,0.87455392374143703,0.53217070213534501,0.30634869971501805
7283,0.77728682439938424,0.79077438670677369,0.52754130579731195,0.30267219249218791
7284,0.59314645170151492,0.056550290719408078,0.47485723377025207,0.25787051253676035
7285,0.24240507373186992,0.69192468178161659,0.50845680095762824,0.2937828316847873
7286,0.8024004883039394,0.16638886916214835,0.48758742740811389,0.26670114290325347
7287,0.56720681458286715,0.92908435883460339,0.52788716762713006,0.30588570383332542
7288,0.86078342786204309,0.24730439070031282,0.49489595892884303,0.27254838307147383
7289,0.36632670420565411,0.424804871747538,0.49751750419784724,0.28141775280258191
7290,0.21243871346082308,0.57486641555727702,0.5012667555198782,0.28785290143441333
7291,0.4004234417843982,0.70284775891861651,0.51423443794706414,0.2959883567615002
7292,0.64668926014868777,0.78791280191388213,0.52475283489643976,0.30178263161435315
7293,0.031358750868134666,0.77292135543563634,0.50217434252883242,0.29334282280404234
7294,0.56562452555823839,0.48712511869921588,0.50635909528650858,0.28624543532810154
7295,0.88444578023465592,0.89218703989222414,0.53390974810470615,0.30730291764791429
7296,0.37393562448370504,0.52399038962278288,0.50373597812244464,0.28690643645742031
7297,0.81497414818952096,0.66821956947991856,0.52177579118630357,0.2970109524053392
7298,0.46888584516033299,0.10160083560893546,0.47641386113860418,0.2609184542389234
7299,0.3780064549805946,0.81093530727940388,0.51847806584470491,0.30030301452334046
7300,0.36218304790974365,0.95703246878691728,0.52199010757514974,0.30397116704668042
7301,0.3714063595798216,0.18350934269741409,0.48080109794019421,0.26633533046293123
7302,0.2114171594114625,0.69595714340055137,0.50747767833493518,0.29356622454719528
7303,0.58435690543433882,0.54672321474059726,0.51036321459264988,0.28958969075706348
7304,0.043318734957475687,0.14583740463956493,0.46720678420167322,0.26092075767397971
7305,0.063938830872753163,0.45557058364505648,0.48842896241983519,0.27971465237358772
7306,0.37193919571401785,0.28364356855839723,0.48823632594272509,0.27297538746526151
7307,0.56740254192737627,0.06171499283598969,0.47486557499234194,0.25820388371809505
7308,0.34280349737867943,0.1481931624239427,0.4773006641574859,0.26369454326919189
7309,0.40813694785527188,0.31199035734281644,0.49116489647197065,0.27499640240785383
7310,0.98399588089814649,0.78318328541548687,0.53061123050642678,0.30324709938445549
7311,0.0054259737047483219,0.49364698336810109,0.48769805579096531,0.28068406031729404
7312,0.64617562659172112,0.92375259368129781,0.52981320469178594,0.3065069211390396
7313,0.67078431222242074,0.92232506485715271,0.5303768671154161,0.30668599230968302
7314,0.88614912790887757,0.71672710058972011,0.52560240494496213,0.29969857426134527
7315,0.3118868460533093,0.5157290059242049,0.50138166104595638,0.28591425732339015
7316,0.93899902559138138,0.44212162579613512,0.50998922945509606,0.28515776147550009
7317,0.0050486286106635817,0.73630604072540307,0.49943375486515679,0.29156559912230468
7318,0.69989725464127273,0.10815700844459934,0.48114142390937714,0.26213597264540534
7319,0.61256220823148033,0.4617431534717209,0.50576732660561585,0.28507098350055432
7320,0.040337363250169442,0.99751992845257054,0.50734217998746145,0.2980875671592777
7321,0.9847318940322497,0.13095171635883163,0.48688413600642366,0.26436669690738107
7322,0.91384759496353807,0.66847217229391676,0.52340620092031931,0.29742764707504304
7323,0.41263822512183107,0.43023632282727631,0.49912416783585611,0.28207403811095588
7324,0.79278458396302309,0.78105371835079274,0.52733936533785863,0.30230683286145721
7325,0.16345005567668705,0.23673538668212715,0.47849761284444137,0.26826161055747672
7326,0.033003614560107239,0.61385558302392018,0.49541649557891865,0.28699716734609004
7327,0.30245734142874137,0.90196984184539186,0.5185022836323766,0.30188036595399548
7328,0.83867722149210755,0.3024543122510775,0.49876429428887314,0.27618912442079341
7329,0.017635739066067618,0.46014299671932823,0.48645898857134373,0.27918982279239085
7330,0.63301556584256469,0.33260098476737038,0.49753390505433215,0.27744405063319266
7331,0.22293818813253893,0.64043967221336218,0.50512361690879604,0.29115065769449255
7332,0.076079280013672548,0.72387706506889082,0.50278884219281361,0.29260887751095893
7333,0.75192940822966625,0.34621744353311368,0.50059013855704226,0.27874061528215666
7334,0.010387418368516957,0.18388394110527589,0.46854319647523562,0.26301404986168675
7335,0.34901667359402638,0.34183830792430092,0.49163324993307828,0.27642266940656768
7336,0.80095620866591344,0.54859866877530006,0.51463385913072623,0.29073512420403219
7337,0.17108466841612244,0.18201272712367353,0.47478239453255611,0.26474302162405589
7338,0.76661970953202119,0.4645341136197676,0.50881533674852453,0.28590742537234004
7339,0.34405899553262864,0.7380903915316217,0.51425363291636517,0.29703896941238361
7340,0.775691219363839,0.6943622534224414,0.52250337597723506,0.29811803172781698
7341,0.28938969693748512,0.63498714929189304,0.5072171545685934,0.29167005871588986
7342,0.0026747096230625178,0.43499040228318192,0.48426859047297216,0.27761093855849417
7343,0.34168521069545532,0.86598101668051675,0.51902688725785173,0.30154300508154208
7344,0.60324699326461417,0.75457056755552776,0.52211926893661786,0.29998126352686
7345,0.34438954049892495,0.5445625192121486,0.5040435987947568,0.28772014865116491
7346,0.35552822549304697,0.11180557436341187,0.47467795374679966,0.26114152877396485
7347,0.50214419132453625,0.56123868502209662,0.50930528208681447,0.28983538536551756
7348,0.0094088941214722586,0.89853789716103349,0.50392490147077429,0.29574694104337279
7349,0.84161915998257464,0.47773428862603617,0.51088408097053772,0.28693546007111387
7350,0.27368081866548166,0.82886501389228517,0.51534747976130046,0.29950278002768471
7351,0.23265919577431635,0.1199033364527044,0.47196905183140059,0.26094570305599174
7352,0.12860683200248751,0.046437031795887741,0.46259823202306805,0.25470832463733917
7353,0.80656497938790128,0.50565743761096382,0.51208946184352533,0.28839151067866692
7354,0.62607009477206743,0.68311327497932361,0.51892266957324606,0.29675846243224047
7355,0.66815983927593336,0.38164761019718135,0.50158969547709287,0.28061943424714447
7356,0.5441389127143077,0.63463330727537404,0.514441083829552,0.29385485315231402
7357,0.30544082419014301,0.14326584040111628,0.4759181734891475,0.26311445966939667
7358,0.10749475273474818,0.030718455722497311,0.46053707629757606,0.25332957539853224
7359,0.1756415835922002,0.45410749710410603,0.49303962633334292,0.28117236248813493
7360,0.96656192278427777,0.43727013286860894,0.51004032921138187,0.28494272036039164
7361,0.49781801038532286,0.10316489854782121,0.47714087929674304,0.2611491659875918
7362,0.16162398448783208,0.020703784048545639,0.46150796990195281,0.25301246651339804
7363,0.75002152544449785,0.88371256597478642,0.53095308151424458,0.30615383760630577
7364,0.6076215632872074,0.41437791175992467,0.50261023211164257,0.28230709737094967
7365,0.26248260709698079,0.15486346764293268,0.47561610437610702,0.26363721936945689
7366,0.78940043481496391,0.32633241298772631,0.49976825946337683,0.27759734231902961
7367,0.97722920085828524,0.22073393515486969,0.49429291164818689,0.27092688144443428
7368,0.57656869894588603,0.54698874096946093,0.51020754957390324,0.28955827859445471
7369,0.51353941803678183,0.82431667692813793,0.52305835752055185,0.30219403776236303
7370,0.36024236250565156,0.90378745335711874,0.52071384601859105,0.30277574697095977
7371,0.36946354304811685,0.80719833138921537,0.51805643130038681,0.30007231345175678
7372,0.69782784400539244,0.11838593153291149,0.48198901154335799,0.26290522920831894
7373,0.93872599762162434,0.84107453754973838,0.53277922395816224,0.30567090489659238
7374,0.74432525927050741,0.092286522689776038,0.48042392085008145,0.26101645266220164
7375,0.5867208442215458,0.30897922132740496,0.49495839683996085,0.27575164048399409
7376,0.22709570688620445,0.62040560794147903,0.50423868777292291,0.29024952452135822
7377,0.91766145099637808,0.3409575195802958,0.50268547190928947,0.27887777623330845
7378,0.10638451794217109,0.54150934062100708,0.49514101350889622,0.28475856567220437
7379,0.8473918146288838,0.11046321782422019,0.48343586796185095,0.26260497072592887
7380,0.38477368384065341,0.98884479892252708,0.52342845080312561,0.30490526114319288
7381,0.59560812568747212,0.52768461533394884,0.5094750622857277,0.28863356559376052
7382,0.12805625630208525,0.13999350826580778,0.47008078106618623,0.26146107243890815
7383,0.19637267004045428,0.082454503063706219,0.46781608366725519,0.25794934508061607
7384,0.55044420524620219,0.61128047230233207,0.5132989236773714,0.29272704841714364
7385,0.84361595918921517,0.25947387865200872,0.49559591347659426,0.27333798737252762
7386,0.61269078919774622,0.28560852952756688,0.49376936735106908,0.27435349374937729
7387,0.93401184966919248,0.079958092361979649,0.4817835014964027,0.2603523410845664
7388,0.2052047492555692,0.27025861052869588,0.48230709427143331,0.27079849263331823
7389,0.71678304950537863,0.83175375573110077,0.52825141721682356,0.30406836464530002
7390,0.77355219914846829,0.47323691065515161,0.50949053639390274,0.28643288818816748
7391,0.76678288316734833,0.010246439359115903,0.47322872542133043,0.25447419626947859
7392,0.05698396464433754,0.62138225277810133,0.4969993938263062,0.28778058476193979
7393,0.81573528894787894,0.49688712410310981,0.51168903685444733,0.28793277704063325
7394,0.93923139742600037,0.60552180738426986,0.52019530378468659,0.29428271531407818
7395,0.013223258862120566,0.73107749483905504,0.49971140535147701,0.29157157517039761
7396,0.69801696953879444,0.55733606880999875,0.5133126720584873,0.29075507630352709
7397,0.23320269754278708,0.30365601462941855,0.48553831844827944,0.27313357283013789
7398,0.53886756307781913,0.54337976186500159,0.50914160597871239,0.28913732017603527
7399,0.075872055859153631,0.18184563840326157,0.47121243808639363,0.26372686250661398
7400,0.46763519133928932,0.68639988557113107,0.51527581617881524,0.2957994419783686
7401,0.47478398476281436,0.52771552249131493,0.50667278487479894,0.28788004817988411
7402,0.80482195161428538,0.51185014376455218,0.51244673190874712,0.28873072166347197
7403,0.18529334482202542,0.20781684555428803,0.47717585247894628,0.26659399097611797
7404,0.99534095589733917,0.13978166734987171,0.48776748388360275,0.2650484205424915
7405,0.27414818121682621,0.86797591351756131,0.51651261919953262,0.30060258323471861
7406,0.59141910481980309,0.15681074192671804,0.48340379722057719,0.26543525620862568
7407,0.68729453864487589,0.95920597030228238,0.5317646962545689,0.30777642324842325
7408,0.24715657462769888,0.1860044311317266,0.47754750962414794,0.26566440348772968
7409,0.64289428714778041,0.98450721833856081,0.53124793704284168,0.30793484016277156
7410,0.016855316018161832,0.4515345364489709,0.48593202905622462,0.27872817105592684
7411,0.35765005529817429,0.67689512297584453,0.51161237948855498,0.29436745511381035
7412,0.51044946664419266,0.57157425205792534,0.51010153597672236,0.29042896815684521
7413,0.15301843448566504,0.49452097863672539,0.49449774517361339,0.28302614286400296
7414,0.74216472383834198,0.68447111063956978,0.52134790256597863,0.29746965515321705
7415,0.28375672152157638,0.80696660809157184,0.51500518438200393,0.29895869951329118
7416,0.29935475748811152,0.89754900032199225,0.51827323806280834,0.30172841822168917
7417,0.33491287587519042,0.76104001888380157,0.51502163776292309,0.29792200688756043
7418,0.77601623783746043,0.78535646562880135,0.52724544038877796,0.30241800584519735
7419,0.33510708194078181,0.88695765736821341,0.51936440693565722,0.30200319933578934
7420,0.98731152137141909,0.7416047481469461,0.52848772654366505,0.30129144188636114
7421,0.15106891445309156,0.9842513846883435,0.51332479615874171,0.30061881598719614
7422,0.34475914182354461,0.64282503294987836,0.50943606887766535,0.29262122577635868
7423,0.24765098828630289,0.04011624382756418,0.46577535592863895,0.25511618188362944
7424,0.37897374679177304,0.070001764879946138,0.47172742705867449,0.25813319529305856
7425,0.63088745288917569,0.22882799556254177,0.48983820386061327,0.27063307243088935
7426,0.39752917176772612,0.79899753128922313,0.51865128119905046,0.30009803369298721
7427,0.99937935781482379,0.51781773650638063,0.51571226356785549,0.2896945570524177
7428,0.94103506589607577,0.70293490350918153,0.52571955058946906,0.29924204365128343
7429,0.41801165315135153,0.98440133372173888,0.52451930119946311,0.30529900565863882
7430,0.39946275296789829,0.89739404197660055,0.52191912539009244,0.30314698822108493
7431,0.98877788592589788,0.90760892881880284,0.53627875476462494,0.30839583734757103
7432,0.50034632136771695,0.77932981089771491,0.52080186170420228,0.3003190012735098
7433,0.89154145515981365,0.4465587513378938,0.50960933277521558,0.28528422083795096
7434,0.16465331492015395,0.089355968037934511,0.4673553026991743,0.25819881830901259
7435,0.69851080212019157,0.13796309725585162,0.48366115171890756,0.26436989391694854
7436,0.54512663411133688,0.53983770343790538,0.50907759749389403,0.28898819532637865
7437,0.021480639506282751,0.50137512087380753,0.48894334745381385,0.28136324251717582
7438,0.45249616138838467,0.27469003329725239,0.48959674176502826,0.27288958084350035
7439,0.44567052572927207,0.85333296596378794,0.52211428301811924,0.30246765928253977
7440,0.16149847817466362,0.95269155357702406,0.5133372991215237,0.30033874502368252
7441,0.86223249172155059,0.017712191245669966,0.47515483608515807,0.25522005454905805
7442,0.019018819543335123,0.60377174533201616,0.49418518957686425,0.28626615658956439
7443,0.51475457773866373,0.18056386583381101,0.48383039952786333,0.26684076317908395
7444,0.23216507489037469,0.74786785678711021,0.5107225935123374,0.29609259065960197
7445,0.19761452688575956,0.54349394493558212,0.49899050350492041,0.28610290442786884
7446,0.17955819726829653,0.51291226541948276,0.49658856105228338,0.28431837304374119
7447,0.20045476526009154,0.48041542221222777,0.49551783908028946,0.28287327759000397
7448,0.34668160572048512,0.57434320252576143,0.5057887664785724,0.28926359423040438
7449,0.96355322024842027,0.65511401146637505,0.52340421445732999,0.29693182324272693
7450,0.86243126912469747,0.71849825170330006,0.52530755068320989,0.29968418277559861
7451,0.95254694870294776,0.48084454088540518,0.51271621293824265,0.28745837827407594
7452,0.24791445359290812,0.97287605578253289,0.51770416503504069,0.30237935026639196
7453,0.87832540850493834,0.13492185637726217,0.48595233685756473,0.26451337200336683
7454,0.074169854498875795,0.60232822654185592,0.49686624636027243,0.28718785711298539
7455,0.61070534459705239,0.34288406004289868,0.49782732990324846,0.27799293696171651
7456,0.40423868835236643,0.24966118327634176,0.48660942370079635,0.2709829827298294
7457,0.27960274667904017,0.039671426788310052,0.46661539299856536,0.2552759944013655
7458,0.98722323271319046,0.052310762650833932,0.47983610954498096,0.2581920674604451
7459,0.22933265278296314,0.026649262259795799,0.46408468966281974,0.25395456051008491
7460,0.2317250142148114,0.24066588885296372,0.48109044259682149,0.26915521188791292
7461,0.43385842564675259,0.33073496506669325,0.4931054337649754,0.27632042046049859
7462,0.82971872884506592,0.44198656571850881,0.50837435300316769,0.28482079836082885
7463,0.057358204090816434,0.19191710682822161,0.47117779938480336,0.26416266357468138
7464,0.079623039961198822,0.1368321938846144,0.46800823486696203,0.26073296853910644
7465,0.45944089507038011,0.22789378881497543,0.4862977969830205,0.26984049444208391
7466,0.41555668590184069,0.021677559608721642,0.46829302717853677,0.25451577530599045
7467,0.96028512558733348,0.30687492749701489,0.50074553631121088,0.27676323776661221
7468,0.78470959480471214,0.65997857565622542,0.52078960040852196,0.2964633644264813
7469,0.39446707679860993,0.18215007188160673,0.48126645637665466,0.26637202543995286
7470,0.32240645192774248,0.38459307812409244,0.49368473896186943,0.27875135481358215
7471,0.75922433572296288,0.80412699782653951,0.52785972214483756,0.30317807054350643
7472,0.70882262880486668,0.85244571492021204,0.528917396542817,0.30478966117244866
7473,0.29539457427106097,0.29309430736178765,0.486756563254931,0.27301386171509417
7474,0.60595394950300685,0.43646858014004536,0.50401601500634108,0.2835885246677618
7475,0.3695435337677016,0.44418852998145159,0.49881904536099192,0.28253599124869011
7476,0.71714382778502772,0.51720583493892336,0.5112503810245288,0.28866775372765663
7477,0.12200699896017324,0.46480735935546696,0.49151781361125069,0.28105196878414557
7478,0.49679506431525811,0.95583603248487936,0.52648983494945001,0.30573489683932953
7479,0.82687128618938155,0.58536573656402768,0.51725769603486482,0.29280705572007248
7480,0.88222390695082731,0.54478253759519435,0.51570745791389339,0.29082885792976726
7481,0.096080815776286188,0.1558830446348875,0.47009023679584111,0.26221750875287997
7482,0.82986953709992817,0.21717153490699129,0.49209725532840298,0.27039097511440624
7483,0.45852981190331049,0.28640725143776508,0.49058216203020266,0.27367727726735563
7484,0.022073069714626765,0.85175011860405792,0.50374763665384259,0.29515116940916258
7485,0.013817588212026751,0.42979422454937594,0.4845330323306849,0.27753086186435427
7486,0.87177868482026977,0.64658526908388603,0.52151628567574493,0.29615937652966723
7487,0.92232823770471151,0.0071045609262655497,0.4748345953311619,0.2543934102628011
7488,0.060396829774638172,0.68347763343976109,0.50020991259432579,0.29064992485437713
7489,0.63920735273190077,0.24692438069357306,0.49137316782606028,0.2718904777813082
7490,0.70075652295917967,0.32525374473104024,0.49823620022162385,0.27723865326377356
7491,0.76794370451505534,0.70480095353614303,0.52292089457326874,0.2985870738958169
7492,0.11851659820076312,0.91691554561847588,0.51049953805877835,0.29876912851753146
7493,0.25698466217521349,0.88392517286607764,0.51622837668690824,0.30072499291733623
7494,0.70341054925612412,0.74586455160294429,0.5238265724434773,0.3001972503321792
7495,0.80417134014816261,0.47786807617180749,0.51029456625218006,0.28681146537468083
7496,0.41519513177807676,0.44784822131424445,0.50029623027193326,0.28308800735149942
7497,0.5558301730623586,0.31015009977041047,0.49441662057399133,0.27568682622455926
7498,0.88554360621693784,0.11960437834699407,0.48471978620377809,0.26336481934382472
7499,0.75462624587091853,0.72252483317413141,0.52361160641531146,0.29937146211583121
7500,0.058670314235461415,0.90946094736916716,0.50707631110507001,0.29722563978600314
7501,0.61848055697997339,0.51020222246831981,0.5088997451984395,0.28780620651418265
7502,0.81770481253016047,0.17360832125867018,0.48839926370527731,0.26725857933878994
7503,0.83597534246003491,0.89644655730332024,0.53314424324035448,0.30714655834281307
7504,0.91630985926479336,0.39107104850275209,0.506209256836749,0.28201550672757225
7505,0.18265790553184924,0.086444333767483478,0.46770698935896943,0.25813449910953262
7506,0.2365230393098551,0.11350950722702546,0.47157208736771905,0.26051449633215445
7507,0.38333543503381079,0.0020711232903995553,0.46580128231165446,0.25280485944151643
7508,0.19025835811231517,0.086638133871566977,0.46796587547691232,0.25820924078866742
7509,0.79690145290059744,0.31252942712897203,0.49888165360634551,0.27673048112571913
7510,0.13119577177074973,0.94769673567042934,0.51171744878564918,0.29959895107214018
7511,0.59726958128354746,0.92782049947766365,0.52866782870989626,0.30615525816962286
7512,0.83773637259699174,0.088646274407778405,0.48138450432009722,0.26090181445920008
7513,0.83259415943116188,0.18361780335017247,0.48942817617233153,0.26801321313612647
7514,0.021081527413742151,0.070224786471726836,0.4604320001187629,0.25535555590460013
7515,0.83088031516276539,0.97570098767873137,0.5353969264849503,0.30934525983277217
7516,0.51283098151375306,0.020809605795668908,0.47017414021085602,0.25478540618191126
7517,0.022197199089999776,0.2787203827054589,0.47560296675440111,0.26912352445204696
7518,0.1527074205988436,0.18007019619235071,0.47399529199024437,0.26443671007017339
7519,0.49903183011595392,0.64235949670834236,0.51375612978391316,0.29391753318528047
7520,0.33832432552917163,0.37240766428763744,0.49335747626259696,0.27816586418882999
7521,0.045170319447352086,0.28153100382111734,0.47683680462743749,0.26962677681235486
7522,0.39266444768552899,0.44301937890521947,0.49938903218576508,0.28264966890777782
7523,0.52546099477516262,0.54780080361765582,0.50908672053215209,0.28928572806016473
7524,0.64425559272171229,0.71974661807579687,0.52124521335159402,0.29862193818211158
7525,0.25017121701658473,0.87115121785131056,0.51561863314990297,0.30029829171278211
7526,0.74520205297692454,0.6515640460550437,0.51960387899423177,0.29585544876990644
7527,0.038556129995046651,0.9600096623088118,0.50672389989752631,0.29753096282608438
7528,0.3123734525585431,0.77804044249564175,0.51496411466998804,0.29831911756013163
7529,0.59025005633208205,0.29855078528317391,0.49427786712202537,0.2750987192834734
7530,0.097885845171555408,0.81716361399340676,0.50709162640969563,0.29606257982369588
7531,0.26895703981121771,0.10551918483978372,0.47186759027076902,0.26016085877522416
7532,0.6315672927036533,0.29967841236289827,0.49515034912959416,0.27534077705493626
7533,0.66613812629085734,0.75708832227539968,0.52362964969688242,0.30049959332125431
7534,0.95780508807942977,0.47130190002637684,0.51216959085625979,0.28692104285794473
7535,0.00011807454220252112,0.92874359804618878,0.50385342625136376,0.29599710715040539
7536,0.28498067765928575,0.33983266344649021,0.48961958108807269,0.27578968656652947
7537,0.75570833526075587,0.13867855184167857,0.48459370768456334,0.26455885287119535
7538,0.58541646112460877,0.054086114088061736,0.47450264331644326,0.25765496457789389
7539,0.56898144678940299,0.32853203225895994,0.49598792168734845,0.27690833589945441
7540,0.7579889449518058,0.75279447886744755,0.52524940524002162,0.30081796672073291
7541,0.65976828965937029,0.16168344827058029,0.48500081708848042,0.26600226508283653
7542,0.9496623333257973,0.70538094410073249,0.52598310505579204,0.29939439520994898
7543,0.69668006590622245,0.25417821825117576,0.49292443104169492,0.2725730937322195
7544,0.83179338404805181,0.96190033523911855,0.53505664961932475,0.30900793041909391
7545,0.71309186873495356,0.52141037207880292,0.5114331502573839,0.28888078872730444
7546,0.50661363930929226,0.79577062512406849,0.5217034004070239,0.30104898161428439
7547,0.045962550392479172,0.062392390613292811,0.46083036697839969,0.25507461702509426
7548,0.34915412251885286,0.57821892236365247,0.50607955203911625,0.28948233135936791
7549,0.70589509449974874,0.80680562401459321,0.52691773241660134,0.30298168178806612
7550,0.78524162383339136,0.29047081495214955,0.49707666198656969,0.27525650206313729
7551,0.035832840455917177,0.68499376536995416,0.49902744755356171,0.29025367812808739
7552,0.79186934304592438,0.47994934436635817,0.51022505233806636,0.28688496416434939
7553,0.66140820511995113,0.13195860302123474,0.48255698948392373,0.26382683760500231
7554,0.54784624171314067,0.069785405313211965,0.47522346080039474,0.25877398803554291
7555,0.99980811376926726,0.068430436392955013,0.48146290570162359,0.25950461541909353
7556,0.0405170250899042,0.86373915573948767,0.5051037151308041,0.29587437622949958
7557,0.39955947768840705,0.085882803914451508,0.47356131862479012,0.2594351905055563
7558,0.76371018406878,0.93359627471991125,0.53283136551775034,0.30775020118129404
7559,0.19693518597715304,0.88947698146213083,0.51375134738824335,0.29980136060237428
7560,0.44547175069291844,0.49177331985681089,0.50378193815186434,0.28573638080138475
7561,0.017947112144401763,0.88471229452496636,0.50419037478066919,0.29571953081851915
7562,0.135606941396615,0.79500052805292654,0.50829639967580498,0.29617214248386747
7563,0.51498248886609221,0.43910652548371587,0.50221201106478064,0.28324749683333178
7564,0.0070303910570568406,0.33847070521650607,0.47871143356559703,0.27238933747165772
7565,0.4944597374527599,0.50977856084062956,0.50609289225836129,0.287050986255249
7566,0.7251776644486585,0.97958809993454488,0.53316257404117096,0.30858678230725534
7567,0.98971577002644773,0.89248344245319033,0.53574048660887563,0.30788388353416479
7568,0.03868713536217111,0.35459282948818294,0.48122681931339678,0.27380709579298984
7569,0.5625584480799618,0.18279598663788058,0.48495820209239054,0.26718806094701053
7570,0.72435143551161751,0.46400881280967737,0.50804665609855126,0.28570975173022617
7571,0.92143897002259045,0.77116829886302585,0.52903018619584585,0.30243735278522371
7572,0.40357209015508416,0.3909572991884197,0.49636579731718888,0.27974166110809273
7573,0.40897368285212438,0.47188380817588188,0.50161117917748221,0.28437874197974194
7574,0.72360601427856597,0.5332688116382458,0.51234821741113534,0.28957607692896919
7575,0.63019265251847678,0.7858361955970643,0.52428580430423033,0.30158153278119132
7576,0.37068554473522819,0.31933839173408923,0.49069665599070106,0.27520361992393405
7577,0.50428072163896864,0.027684642040415205,0.4706397416328631,0.2553126619636284
7578,0.49946166107385653,0.00041111666193464772,0.4680364769276889,0.2530810881848487
7579,0.9721584215025767,0.97802965822390986,0.53817365070898637,0.31036261075417643
7580,0.64537904729753504,0.69490314169783385,0.51996492407695993,0.29744408332744399
7581,0.26353166311677778,0.45082974260166525,0.4959763144659286,0.2819596200361702
7582,0.49169972121658506,0.64949980519897077,0.51395448376775554,0.29421247231511999
7583,0.19072285814626375,0.84416130102294273,0.51232065488347411,0.29858139470562678
7584,0.14561760587267344,0.51703171096505829,0.49546583755598617,0.28408678829777989
7585,0.70648081294283038,0.81327562855448343,0.52722714547711047,0.30325795861388899
7586,0.4639455686076428,0.46702740273658422,0.50273957496355137,0.28450118598064661
7587,0.50967584053926407,0.32213120353453562,0.49427698764193151,0.27621529506687253
7588,0.1184742036548094,0.256943659150356,0.4782333963701178,0.26905400650310723
7589,0.96098135183114797,0.70836346257523408,0.52631472601668206,0.2995824680789877
7590,0.43632328840232221,0.94954550979010532,0.52442127367516889,0.30484673155272224
7591,0.041155752604606098,0.62795358481401342,0.4965357094021689,0.28779737684069145
7592,0.86818694898585103,0.59620922383413422,0.51856387973894902,0.29353901304353269
7593,0.080073397821432454,0.84305558950250281,0.50683848780324159,0.29633775518867927
7594,0.48708464454974748,0.1739784367889981,0.48273008383256549,0.26625794354330379
7595,0.73699153432125453,0.11934334380534711,0.48266878749436815,0.2630682946906811
7596,0.3161778851827956,0.58960803480170432,0.50567323740466119,0.28973445948430171
7597,0.88422857741561034,0.25869826288536424,0.49609768684164612,0.27337823701540226
7598,0.17834485146667575,0.18088886001437204,0.47494682393641741,0.26473467800696571
7599,0.42370600463618757,0.54903412788618589,0.50657886930323426,0.28862433088420208
7600,0.084608718848845466,0.23405502107007198,0.47529418655777883,0.26721093154279896
7601,0.30938542898752497,0.67311249399565865,0.50986433099996598,0.29369205780676738
7602,0.60946066912169339,0.50901714886153349,0.50863997853089127,0.28769347987356847
7603,0.68283871986529565,0.70073650734020632,0.52105450066111447,0.29794216785420341
7604,0.072331720654142562,0.080497142433316918,0.46332790513118777,0.25667870854003699
7605,0.052640026888542343,0.7127251688120072,0.50112844286594349,0.29172247995676082
7606,0.98810869387270661,0.42902986304656376,0.50977078327361902,0.28450415610817492
7607,0.4910910102954717,0.88076653689806117,0.52435082198549765,0.30378496097258706
7608,0.69610386643990652,0.34855827612084106,0.49980664069060732,0.2786909009380637
7609,0.80814168361091288,0.60152621356841418,0.51788724517847595,0.29358012317500309
7610,0.33173552268684142,0.35403844068861801,0.49195730156573081,0.27702382643362755
7611,0.41108598880810898,0.093273864619026439,0.4744502635530195,0.26004454146000749
7612,0.054629953035933432,0.26433653755482522,0.47610551872513213,0.26871153739993353
7613,0.71237658358145273,0.92674988383796308,0.53148454529915734,0.30715640275382078
7614,0.66346254433559948,0.87139201687515022,0.52858881267341695,0.30510042835766571
7615,0.47162290168959881,0.73401562351410976,0.51781667194496039,0.29805168670746041
7616,0.33381834625251361,0.46027741703864888,0.49876681279932988,0.28313213369804635
7617,0.82322195829829437,0.83514323868887741,0.53050471077004124,0.30484455282175471
7618,0.39862026263856098,0.7160169940357447,0.51484686569012894,0.29657978976114102
7619,0.90089524418351941,0.069468214580498178,0.48044171337251762,0.25947914843582204
7620,0.044133820244681557,0.62252587240353463,0.49641609320797792,0.28760246941449841
7621,0.31731843206797494,0.7289336589507176,0.51292549201044679,0.29633883035081721
7622,0.46657618699531306,0.57090066632822867,0.50896420750328231,0.29008333635953376
7623,0.77612139028658855,0.57525489193949619,0.51579854982696838,0.29206226575940214
7624,0.56696500462634725,0.40245113053160025,0.50098298648336681,0.28140121043943467
7625,0.96164535140789809,0.05755934607734671,0.4800452782044366,0.25859263323520343
7626,0.83117544172088387,0.86773798115876277,0.53200052445096591,0.30613516556823439
7627,0.012593662691803183,0.18869322344829562,0.46898716040477723,0.2633577035175787
7628,0.10487699473575922,0.29000635074587777,0.47993885099998324,0.27092796502868843
7629,0.56458932678328133,0.58353221515420595,0.51205845403125183,0.29139983221539212
7630,0.62942245195369473,0.060759760157146958,0.47584564068584367,0.25829668475775996
7631,0.73919533123547454,0.79984360025996581,0.52726026763073131,0.30287571562558807
7632,0.99479896065931539,0.91654626164404918,0.53669096350749101,0.30872012975299212
7633,0.89325406391465811,0.88710125909644411,0.53388423226933956,0.30718044269646338
7634,0.26419395181707805,0.76332856859512399,0.51260379396398481,0.29713530639924135
7635,0.66559669350400807,0.64362012575402627,0.51761158980553512,0.29504530015394542
7636,0.87459593197241192,0.56585280005909744,0.51686485756426814,0.29194579037798885
7637,0.9756836052300758,0.66901794731878916,0.52436246528607111,0.29767803051598274
7638,0.39462799794123277,0.28356717174305818,0.48881960207062664,0.27311759371424271
7639,0.67121061844454377,0.43365177638797325,0.50511168337764301,0.28372848374962861
7640,0.21787034863386071,0.80099330080124787,0.51217475411018132,0.29778026411179431
7641,0.99684450538271341,0.76790873534040294,0.53001025833993221,0.30257848314725727
7642,0.89818851252057352,0.0008047745897551068,0.47395133401793699,0.253839236967487
7643,0.27691469339568869,0.92188080212223578,0.51793706144284957,0.30191299045371606
7644,0.28756587049685189,0.90406391792498764,0.51796354641718045,0.30169430871616987
7645,0.28688359797055601,0.63444532126061393,0.50710348074484879,0.29161663538640126
7646,0.17331231866189048,0.70718823260389041,0.5064918756446799,0.29354015471592654
7647,0.65454078557923212,0.52915950611325679,0.51078074643762639,0.28902544640717159
7648,0.60099192048039984,0.83549071299222999,0.52576389522700051,0.30336020437752431
7649,0.95223674721374418,0.36492206734170907,0.50486203757343839,0.2804790070140934
7650,0.30705630785630783,0.3630994047813933,0.49182830643448966,0.27736250425806941
7651,0.68545451958276093,0.56486223806556091,0.5135156404399791,0.29109430048124668
7652,0.079840756854077335,0.72526733526141618,0.50303421826892136,0.29273342721056794
7653,0.086395411971828442,0.19770287050789923,0.47278694996300991,0.26489358144838715
7654,0.11309453113666969,0.33110374351855137,0.4829716527950273,0.27348324230403076
7655,0.96556678352117309,0.21599785799664678,0.49377214923272422,0.27057292884047429
7656,0.5543132338183816,0.23031747850613901,0.48849982484876092,0.27044131071170224
7657,0.0059013093734043651,0.30051642061903838,0.47625068224032985,0.27017055356035025
7658,0.056226607872091702,0.39171611810744505,0.48431100559377932,0.27615269331367132
7659,0.88738630095993876,0.61349551611662612,0.51987300905856093,0.2945162432783876
7660,0.61146087236021418,0.54203239081789512,0.51066817795325081,0.28949260112576169
7661,0.13920772404292367,0.9436144269965473,0.5120591639860349,0.29970587882295324
7662,0.39688249552076454,0.39861307157763515,0.49668508623888341,0.28014125980544391
7663,0.21460508393762867,0.47031483262608526,0.4954441559292721,0.28249731916029702
7664,0.43271436692766152,0.79495109875669012,0.51957145261911319,0.3003186306546331
7665,0.13146417252613465,0.43471206479688412,0.4901431328714001,0.27956726004660265
7666,0.39194303406105613,0.26341898328744573,0.48730432897796516,0.27180565161304882
7667,0.5842017152379384,0.56545253232201798,0.51145592824844721,0.29057788806997514
7668,0.71965901552560974,0.78225477969789647,0.52599902267090881,0.30196916707725679
7669,0.13620308221277083,0.84610845298954529,0.50980830078368178,0.29760045920081268
7670,0.29113712403747488,0.84466118418652336,0.51651373436065706,0.30022519109198798
7671,0.12167587189645274,0.78955283922703245,0.50744781292018926,0.29574092332685004
7672,0.97462736180584186,0.93840277797103633,0.5370672194923336,0.30928476618878609
7673,0.3483895237372141,0.20271801447552865,0.48168037373211375,0.26751018357225054
7674,0.44867917060652984,0.24025634860774736,0.48697835540897938,0.27061114396685082
7675,0.092113255035609479,0.7321221320708865,0.5039212947317393,0.29322432119682407
7676,0.7786054906673614,0.80899939313646174,0.52846637425926335,0.30349939481262039
7677,0.14574760177159915,0.066878841239062597,0.46488290529436166,0.25638506222127999
7678,0.92174003309841512,0.11978880593919894,0.48517942571459061,0.26343244790383685
7679,0.88880290223580094,0.36731424850983313,0.50416506854500454,0.28047029253825773
7680,0.59531994327121651,0.80333417712753874,0.52428926872889714,0.30207826043820946
7681,0.32353362063282404,0.40828740107024786,0.49523343180773161,0.28012827666393925
7682,0.8467570027620881,0.73952641886196802,0.52615577872703512,0.30062291173782546
7683,0.11897879989783978,0.53787088095069635,0.4954934928561765,0.28476398586003326
7684,0.66747481666317909,0.87775061132240806,0.52890201551192806,0.30533819062995726
7685,0.21067431506403955,0.32956231608613162,0.48651760153581491,0.27448632412651602
7686,0.32098659342209579,0.62677935267897555,0.50783056066414656,0.29160835516402095
7687,0.84351892806886464,0.71775004342334581,0.52494958304131367,0.29956555248450867
7688,0.44158765049778165,0.59545747631842971,0.50968648926306981,0.29114450900100819
7689,0.090200261786568453,0.58454473458743883,0.49669799795435293,0.28660656764658293
7690,0.16726995271187042,0.58327487520425347,0.49995760225172131,0.28768329488213745
7691,0.77558563195691688,0.9273164833982126,0.53290399677330857,0.30766537601480309
7692,0.56412974679841432,0.62366931492310251,0.51430532625235714,0.29343988524633785
7693,0.62331123995055682,0.33626727188074729,0.49760759666125692,0.27763376970862702
7694,0.59157139333934761,0.68224852245141521,0.51811057276047656,0.29649953998219097
7695,0.40253459836369149,0.38959786782820011,0.49624984650814941,0.27965468357943563
7696,0.093879507474706053,0.030900332628458274,0.46006381882724323,0.25321782582464875
7697,0.41905981556448391,0.87764506996819991,0.52202128402772074,0.30286893961311229
7698,0.73028032630911333,0.18468566165390657,0.48801614087722683,0.26785125363244527
7699,0.0038895884058321828,0.43048319868237012,0.48407138684161671,0.27739430206252502
7700,0.66980212182615662,0.019506156324350741,0.47271281398430343,0.25507137708395311
7701,0.41370400915114441,0.42830124169300543,0.49903000483760496,0.28197147540166301
7702,0.23846221444831464,0.89090952841661641,0.5156197212621384,0.30057785876606702
7703,0.91643380375051642,0.7731801706400816,0.5290542554370985,0.30251067521673763
7704,0.087769149954605385,0.32726085084426454,0.48167579185973342,0.27293078335289855
7705,0.85995221076334127,0.20895644892688142,0.49185606539685212,0.26987784169836843
7706,0.63331907135833765,0.14391121345468563,0.48308395997305159,0.26462889948427526
7707,0.92704335064735499,0.37945905829170951,0.50554863183176535,0.28132576732538056
7708,0.66159636777687125,0.011120550068665762,0.47180117386916903,0.25436499518558109
7709,0.92418802834941305,0.8042039164515794,0.53075847644328,0.30397822912470729
7710,0.73165267715809168,0.5795319976507104,0.51525086953775301,0.2920905175932304
7711,0.2408633106321213,0.099555907839105937,0.47056988923884036,0.25953289497917353
7712,0.044658783809433229,0.29021658922793575,0.47738705845367091,0.27014182604787551
7713,0.41487577835562411,0.83578801725342633,0.52056019648527074,0.30156419179952954
7714,0.48713454717571153,0.84746887896034173,0.5231586987407344,0.30272670997892054
7715,0.029444888270494997,0.82731156106978887,0.50360183673712833,0.29477172903889659
7716,0.82752435433572391,0.12099408170970856,0.48408967030757294,0.2633738936407185
7717,0.10325390825726791,0.51538657322776271,0.4935732893600841,0.28340136863365073
7718,0.0092427404907648447,0.016679408944805619,0.45556439950035393,0.25125252158905587
7719,0.76156220251010964,0.95634117324628176,0.53341078439912648,0.30833139889799782
7720,0.95955377324969737,0.23547066768204095,0.49525330191124234,0.27192912913343853
7721,0.43996474882481851,0.26262135884686139,0.48842416849203418,0.27203634419335782
7722,0.40626918467417128,0.37837829544908602,0.49561282675005663,0.27901956461003247
7723,0.60791378305352994,0.064750592674675866,0.47584192738938375,0.25855485980405035
7724,0.63115480545236491,0.89295206213818168,0.52852415141930575,0.30550444114683528
7725,0.13425133735329145,0.33554048029776895,0.48410128498654542,0.27400337948581271
7726,0.66099071233120055,0.042560279319190888,0.47470660467192116,0.25692322627923736
7727,0.13804750773702981,0.81188718373753366,0.50893961340747562,0.29671873305792296
7728,0.50099434781101304,0.48125195806521226,0.50451933106850444,0.28553272171244631
7729,0.3506120544944541,0.39468418672167466,0.49515491155571351,0.27956536158705775
7730,0.80202303101619477,0.31969526830386608,0.49948223344206316,0.27720819440940347
7731,0.52045432350257181,0.89676094533904693,0.52567987099348179,0.30454832877849436
7732,0.72393336668462727,0.27040363245856719,0.49460312654143213,0.27374535198118888
7733,0.43019973579318033,0.90347204555665384,0.52310214508029829,0.3036915920644338
7734,0.34184375250205634,0.0087395836275187336,0.4654488443551561,0.25316091972816346
7735,0.032429156934458296,0.18583669779169143,0.46966950751254322,0.26344303926259388
7736,0.86993638060240774,0.45603198393638017,0.50991228847763925,0.28577321034644171
7737,0.20783716468358179,0.27124338825921296,0.48246464746957024,0.27088530715003178
7738,0.32757385786449306,0.87101766089532762,0.51865331708311058,0.30148142556798324
7739,0.63827760780815734,0.50039967654937656,0.50870269685967573,0.28736788235524346
7740,0.62369056030119541,0.56821947161484276,0.51246590014162408,0.29094884212014532
7741,0.28731883586292389,0.92887328985881767,0.51851253699486566,0.30223201768636787
7742,0.023449939777224791,0.75776545938228956,0.501232581275177,0.29269270429103422
7743,0.17200564323224826,0.24634089746355314,0.47948167037992628,0.26896166406846361
7744,0.8154324558732915,0.30941441238253609,0.49893427861612888,0.27658073793940735
7745,0.016512468370993155,0.035110921215906275,0.45739711955557749,0.25272312109931017
7746,0.35670398877045373,0.91800463254499487,0.52093252259864931,0.30305980134612437
7747,0.96860077222493712,0.049765905259072318,0.47939739332024356,0.25796781669940289
7748,0.018416753001150209,0.40670762348066786,0.48341197934353874,0.27637113758733611
7749,0.81836277125101775,0.53878866841049167,0.51432821217235514,0.29026890545298895
7750,0.40296298902126731,0.89046051848317742,0.52185028934380773,0.30301308285068546
7751,0.56074268768980406,0.24397501261119034,0.48966408306916043,0.27138883927530549
7752,0.070092542785580747,0.534117213837069,0.49308918182976208,0.28382417737683374
7753,0.96329287454193691,0.079371332572295797,0.48206335462173544,0.26033943835609069
7754,0.48172668152264086,0.32766152271615573,0.49403266580073429,0.27641012529279935
7755,0.73112736414746626,0.33277292376571571,0.49929027980948332,0.27782184441129271
7756,0.49272444478414257,0.75822023446290987,0.51958616696911142,0.29932745638392338
7757,0.55946687596993283,0.90267816645797583,0.52694624567447268,0.30511207850851679
7758,0.94361887599033067,0.7769590279308265,0.52967676188731894,0.30279850422576104
7759,0.52794472761777,0.68102255596929462,0.516541665883401,0.29600480520841627
7760,0.79395057530436897,0.75056570992629279,0.52580146390893534,0.30089599490470914
7761,0.083968644301395404,0.51327895956741409,0.49259380265613933,0.28300169387869595
7762,0.73700605958771193,0.46329270232232522,0.50822462988434525,0.28572011917836743
7763,0.47663528544205475,0.36763366642113543,0.4966449251696432,0.27882654044358124
7764,0.79929559711517073,0.7811682140310644,0.52746422013809324,0.30234491918130668
7765,0.097990574254828974,0.12502560931540793,0.46781285957067914,0.26011358017400482
7766,0.77260578607880748,0.63951318326498152,0.51943292341316627,0.29537800133032943
7767,0.25154059834786457,0.63170408229745234,0.50572314631875226,0.29108370878030387
7768,0.64909340400028737,0.41238214365030873,0.50329421534069163,0.28238082194376024
7769,0.53223823949786597,0.0043038131893728864,0.46900614412964364,0.25349635789481434
7770,0.31949236993741942,0.04461156427044189,0.46808337217112506,0.25588075964259871
7771,0.47457231309203202,0.58663584293721938,0.51005999923359058,0.2909487821923884
7772,0.38286220187341097,0.60548885016063003,0.50858892089799912,0.29115402714775779
7773,0.67829472043017158,0.48586312638038071,0.50858238011473655,0.28674952565043238
7774,0.46970665477929868,0.71280596894157355,0.51669165514967963,0.29705629681038648
7775,0.62318021155245362,0.9281705693266471,0.52935348821780115,0.3064120588906219
7776,0.071498351983621256,0.31269103240921398,0.48003808324227426,0.27185395221244807
7777,0.65692287554758366,0.66290306979607561,0.51848981011223505,0.29595361886956528
7778,0.0063627197159337812,0.42704117538678699,0.4839983353813978,0.27725524156180126
7779,0.55468325226075255,0.20032687725614526,0.48618915842189719,0.26838495503276122
7780,0.48041428177388157,0.80328205442681211,0.52129960195560532,0.30110413872867953
7781,0.75052305456126345,0.13910474136093398,0.48455312483392443,0.26457894479017874
7782,0.36572982882052896,0.081980968884134198,0.472435149735844,0.25897694621493261
7783,0.61942952571272625,0.39144011673753848,0.50132190168548674,0.28099923542486949
7784,0.32969550996910546,0.34465590606346963,0.49127349852427032,0.27644517578303041
7785,0.49762065891731766,0.47748897624280073,0.50420739589003571,0.28530285065155936
7786,0.024850138775759846,0.72982135855307573,0.50031754693418573,0.29178489657327017
7787,0.089061319768975952,0.73677646544167075,0.50395554607304072,0.29334022808536503
7788,0.14094103615452769,0.56661476695040469,0.49798251593328502,0.28650328294001448
7789,0.36280785086551914,0.096467461790086237,0.47358415527781905,0.26004704657640365
7790,0.44115603747571591,0.030208079869823996,0.46960611907689759,0.25529559404204305
7791,0.99408770635317789,0.99919487120317074,0.53911104723802439,0.31102399592211766
7792,0.28382437626133905,0.21036118037594717,0.48046725910033988,0.26758258602000495
7793,0.54147292478537423,0.64412316033685346,0.51489513022091926,0.29430622224507841
7794,0.91725958244329087,0.67326261523201825,0.52372520723075056,0.29768075689754425
7795,0.1681164103717194,0.97375114594245094,0.51401489858761773,0.30082439677995032
7796,0.23209271264428971,0.81198715953939837,0.51313259917003906,0.29835168454022137
7797,0.50409721160872145,0.96259275135836797,0.52686358826783941,0.30596730521647753
7798,0.065275149552023501,0.19407382687249922,0.47166390607519654,0.26440211863541929
7799,0.72765277184991861,0.65563281231744919,0.51949846243943054,0.29597201479756152
7800,0.61733535177047605,0.027079889335611371,0.47258596448230894,0.25557481599610415
7801,0.50558031147437876,0.4435779692618293,0.5022778811176386,0.2834464828970083
7802,0.18730447933956751,0.90090782705772443,0.51356490858383119,0.29986894864206398
7803,0.98282296409340342,0.43168901764795886,0.50988101548389042,0.28465054855762356
7804,0.74138913662660644,0.56457269777382024,0.51454833534756128,0.29134213425048205
7805,0.14255981628374431,0.8568602042186656,0.51039523614843318,0.29799239058542465
7806,0.34343076205487599,0.21572964132680791,0.48252958003971852,0.26835532340849466
7807,0.93841247404901074,0.97265698723070093,0.53741802566113328,0.31001220385271561
7808,0.74867038508361439,0.83092533812111946,0.52887542803293131,0.30423943976097484
7809,0.27187420235899046,0.031468285354657566,0.46569230991840421,0.25459299021360848
7810,0.16613469696239336,0.87741381584316269,0.51203424327615432,0.29894159419809996
7811,0.25067581839103953,0.41965319016115976,0.49364100206701883,0.28010327649354838
7812,0.51889345759366412,0.15424219705046854,0.48180284530877815,0.2649846061795611
7813,0.26092613067958736,0.33043367362030551,0.488239707131566,0.27501387819482037
7814,0.71885210153035584,0.36453846392215927,0.50131768621802042,0.27976746967005039
7815,0.43798286377695622,0.39879792769112393,0.49776302196329009,0.28043481994722108
7816,0.82362784902987773,0.24955535878658994,0.49454659067877188,0.27261530896375485
7817,0.70735826937895041,0.56143515671252975,0.51373268572363195,0.29101813625171902
7818,0.55995362363789469,0.94285766245083658,0.52803659774291567,0.30614738181693102
7819,0.42581577981935115,0.805799043601926,0.51979885043861351,0.30065252441588036
7820,0.40336854600085648,0.85991517724796429,0.52097478612000547,0.3021715916407649
7821,0.057983601165527948,0.18691421319061194,0.47084322668436085,0.26384301268980187
7822,0.42895377657084027,0.89710409326663942,0.52289055038744403,0.30351244871109312
7823,0.92747427151635053,0.50607001891179237,0.51397451188619048,0.28882390522765145
7824,0.091774552483821756,0.12956790128197754,0.46792557629207843,0.260363801131689
7825,0.77750885576271689,0.93794436316009389,0.53325435060475446,0.30797365291818035
7826,0.16252908784988104,0.4450584625125979,0.49199717377012309,0.28052354788219408
7827,0.90469720297056488,0.58632507906901887,0.51854839019293808,0.29314827588806691
7828,0.29005610265050785,0.078585539421101566,0.47022069130228916,0.25830346709597146
7829,0.4820767815218191,0.53221010591412199,0.50711984288126144,0.28816981233145261
7830,0.90120349952274703,0.90863988841726684,0.53479191475083643,0.30794129404569037
7831,0.1713584900332964,0.20135449660784799,0.4762231759145435,0.26603563133740982
7832,0.17364576284441866,0.63451067440971975,0.50288957321373451,0.29022153507009213
7833,0.67383230504338865,0.56216292866630246,0.51312961234755439,0.29089323420151447
7834,0.18994680229552324,0.9885838997823303,0.51530899641373296,0.3015095086167342
7835,0.21335081542908449,0.90112003369360461,0.51475757135326217,0.30036093768139543
7836,0.35185671273082264,0.10342433095761808,0.47389395347586621,0.26050474079616753
7837,0.46448130448352315,0.051913640074327125,0.47202532227063843,0.25709630039165976
7838,0.047806518438237258,0.30428068407265241,0.47844775582568749,0.27102484782087638
7839,0.020139817846741064,0.33129657640409427,0.4788956347962825,0.27218786137231088
7840,0.045629800897010138,0.27091690453012707,0.47615083035133515,0.26898969985720322
7841,0.98995055787408492,0.91060873400055575,0.53640452542779204,0.30850147603742462
7842,0.32861666365083075,0.21787107376981296,0.48228991308913088,0.26840049875477301
7843,0.16416911255632294,0.95233812383700867,0.51346304889808281,0.30038884380042724
7844,0.39421188912269428,0.48685230498757448,0.50211395454659025,0.28508417067259417
7845,0.91225789979252736,0.59479323307889276,0.51916302098488398,0.2936239388242301
7846,0.60023307295386918,0.022996631845191587,0.4719256502231744,0.25520218816400819
7847,0.46809187097289834,0.66028116395188263,0.51391542664819201,0.29455357814417532
7848,0.80872240588116706,0.16933318063017214,0.48792036810864792,0.26692903421016517
7849,0.22162113928449109,0.14547649302744542,0.47365003984365184,0.26267196572496515
7850,0.089874360376305418,0.62550106267126981,0.49878314324421524,0.28853366966612182
7851,0.81222380922922166,0.38112153181877223,0.50399342711803607,0.28110512012296107
7852,0.27395843561809746,0.34569181294719459,0.48966570770544299,0.2760445532683945
7853,0.38849512615768472,0.84763490748066694,0.5200945473407671,0.30162267650837449
7854,0.39841624792133229,0.38804731913701401,0.49603975762482327,0.27953469017759924
7855,0.31024502231237716,0.53586829486979404,0.5024858518775196,0.2869487724026154
7856,0.68767726238333848,0.20245359636860669,0.48875654765345067,0.26899057072973864
7857,0.45013610113103641,0.83640473324250197,0.52167594106994952,0.30197536978363065
7858,0.28085881308616373,0.62416780915186976,0.5063566629733115,0.29105619460934801
7859,0.7081663167350577,0.78946050706597748,0.52612727797032988,0.30223070815072678
7860,0.17578803234907101,0.30046754618220728,0.4833464628805938,0.27237181945823724
7861,0.54349289218365449,0.60588945716778975,0.51283451989632201,0.2924084614267774
7862,0.69252424871748086,0.869713442563673,0.5291982256094947,0.30527006012150049
7863,0.48272811364125229,0.58432466664497051,0.51013777045122743,0.29089036774905896
7864,0.99239888756180883,0.91340200280692663,0.53654285603442564,0.30860588939547762
7865,0.68437163164314119,0.85778506444621594,0.52857831905217367,0.30480152940120214
7866,0.97804848727249782,0.98864962748518448,0.53855813478468739,0.3106666832428131
7867,0.45770470127403967,0.20606855113621569,0.48459595841599462,0.26835086919868706
7868,0.13833943804501322,0.038409620970569089,0.46225485311271952,0.25418436756165003
7869,0.44824263957972876,0.99541579076229836,0.52575132883334652,0.30591422368067561
7870,0.82303614741564968,0.1479316048743087,0.48633047602643614,0.26538601802012596
7871,0.90869217262320456,0.43217103652436056,0.50889995930990972,0.2844821601700428
7872,0.54623046408303777,0.22871518369765256,0.4882155383462477,0.27029884022085188
7873,0.10152735910819612,0.69236304077446698,0.50261823672430594,0.29176197510721663
7874,0.39179751449549804,0.19258134059481091,0.48200882707815523,0.26707735135767574
7875,0.56888251997426853,0.84444631261395997,0.52529249294414881,0.30340427686885102
7876,0.60824433838486447,0.28069108738357901,0.49332388131964805,0.27401471347221712
7877,0.69739688164357794,0.078814990565029441,0.47853376313439061,0.25987126526980542
7878,0.48820532364359825,0.37419753555351637,0.49735585821471001,0.27928856102864258
7879,0.95426217863516649,0.91476357171406275,0.53594343168213798,0.30844284208030764
7880,0.08248069716574391,0.72078337097024781,0.50298011357521832,0.29260985440460624
7881,0.12138756296114299,0.84422385587369797,0.50902179295543537,0.29725275481305652
7882,0.55120089592639121,0.78510923352913231,0.52238255788306809,0.3009792731243921
7883,0.18871399617317366,0.25152906559213295,0.48043168833756172,0.26945673897847466
7884,0.26516648459850112,0.93888021356464602,0.51780635843132383,0.30206163551999637
7885,0.69648460327723294,0.69971417289100357,0.52127600762920312,0.2979690300620354
7886,0.21946749375724467,0.69441867465946128,0.50771364421732135,0.29360292139038807
7887,0.055380650133884053,0.56794391167283764,0.49418377791098733,0.28523081078326129
7888,0.71117491668813171,0.36220865425408122,0.50102312333377907,0.27959527316788263
7889,0.32900799278629711,0.4820074324916932,0.49993036721742218,0.28427474248374468
7890,0.47553940464094052,0.37359479093541165,0.49701834964434677,0.2791780850305921
7891,0.8903738798318781,0.28342324263470947,0.49806772607644789,0.27505741826999081
7892,0.95350239745714938,0.53016612484207148,0.51585514345477246,0.29025302464193276
7893,0.62292472554432465,0.89251210832250083,0.52830467684477511,0.30541879123632815
7894,0.79622384629576703,0.21446435818049361,0.4913996200499603,0.2701230414579997
7895,0.81442335995213366,0.2589173118444742,0.49513316309530014,0.27322855900172233
7896,0.54234101832326265,0.0079606753952451981,0.46952889578999651,0.25382458274356623
7897,0.94805434526869803,0.60715403794205058,0.52042021114210069,0.29439827157236448
7898,0.93889365001794656,0.22680861190009163,0.4943099109119814,0.27128714161123174
7899,0.61866720507323048,0.12269345741315046,0.48105263375284552,0.26301578093315259
7900,0.03266719472334953,0.53157371936453279,0.4911391066135371,0.28306411230582812
7901,0.15855285264913693,0.42861361426309452,0.49085890509533892,0.27957910419047
7902,0.93938208493151476,0.16705406937397785,0.4894348482448595,0.26700085944577423
7903,0.47275402964571256,0.57651670233717889,0.50944195628134492,0.29041764359112271
7904,0.83521942368153257,0.88415674794459487,0.53269373058048652,0.30673373726622372
7905,0.61682615858520151,0.79839624533340103,0.52457384913910865,0.30203185760541379
7906,0.93323398005444325,0.87781002484847559,0.53423426200661328,0.30707102153932325
7907,0.51038605128311321,0.085575419528188659,0.47588634491795978,0.25986426401608265
7908,0.54087747410828024,0.065549723868712315,0.47472124440991703,0.25842273322869541
7909,0.72006234529271029,0.69968473237574802,0.52174032001302839,0.29809504389141922
7910,0.43719535542234084,0.31353982850004686,0.49199468373428284,0.27527257162613139
7911,0.75778241872974905,0.38677938313026683,0.50350866294450636,0.28127142348760015
7912,0.26713326933808856,0.72441012268649652,0.51096041848765661,0.29555481279219914
7913,0.88196838411957723,0.37298064987120449,0.50446590916517486,0.28080517768865743
7914,0.46013133795427857,0.80615507950942267,0.52083627068404614,0.30101686444769166
7915,0.13244218444837025,0.5078802196069272,0.49440821074903907,0.28343820608446774
7916,0.04698090559077682,0.17770946174165,0.46971112587189678,0.26309877091718142
7917,0.96538124049425822,0.82803766175900828,0.53259240038155076,0.30522947891806579
7918,0.32727150354724149,0.021141898693621625,0.4662090041547502,0.2540804556094679
7919,0.02667475163495401,0.6842041650636006,0.49850829600217583,0.29003984502869307
7920,0.53960896076146758,0.22642105113390137,0.48790644785027187,0.27011509457917393
7921,0.84565240164502753,0.68733507825295681,0.52334628845600817,0.29809163869700062
7922,0.17341160501862177,0.20214443788210629,0.47635232793979221,0.26610747799503864
7923,0.36612239547601205,0.83882394226792967,0.5190517431647601,0.30107306674914486
7924,0.47506922417680036,0.51934298680521318,0.50618486270116492,0.28743474077036907
7925,0.39332625718273923,0.56114397850247333,0.50642484941624821,0.28900389318112529
7926,0.21591869397516131,0.71650279869305666,0.50865695461545646,0.29454890837423847
7927,0.02733220885785995,0.87468162357507973,0.5045568612436373,0.29576758401153203
7928,0.57382681209327424,0.47904632678277559,0.50603773339856062,0.28584153069722873
7929,0.21643665645063156,0.47525239265678682,0.49580050572827233,0.28278193742140867
7930,0.24644799189834157,0.65794750276251002,0.50689352235316476,0.29226306101926031
7931,0.59392989159441789,0.20507116589086363,0.48731291437800328,0.26886385988733713
7932,0.92061180285202582,0.74442530394572537,0.52762338388391927,0.30117063502684777
7933,0.023903144059854095,0.40640369726970099,0.48366275843908013,0.27644590883854642
7934,0.14920126020900207,0.69316312934517632,0.50479199231551852,0.29255669402929624
7935,0.20201954893182267,0.097378245216433429,0.46921187644459361,0.25908608980848047
7936,0.20955939883348765,0.29637093735696979,0.48425179776771965,0.27246230355092133
7937,0.38457069228907348,0.079850875269772956,0.47270105352357289,0.25890856692665071
7938,0.59082833971317161,0.63648519944857118,0.51561928051893169,0.29425031558369724
7939,0.23497070886440344,0.51687630826240638,0.4988703706731708,0.28517989349635481
7940,0.9047123883299647,0.54095018131985562,0.51581312285809333,0.29069481716343998
7941,0.44614997604571982,0.56379204870389088,0.50802563263573064,0.28956342641317767
7942,0.76132560148212369,0.79446161142104532,0.52742367908436261,0.30275534460713371
7943,0.66653420401177133,0.77924107862833192,0.5247523893201117,0.3015168515771835
7944,0.62282191978947965,0.56928637000696036,0.51250979935282903,0.29100009132520271
7945,0.92199996505653259,0.05263991982765729,0.47914203716615833,0.25815296052337261
7946,0.21173048550934764,0.93416604806849501,0.51537759420801654,0.30100577399003642
7947,0.54487667563102449,0.073511454074422375,0.47549558652264307,0.25905337629971315
7948,0.36311069793862993,0.089459461780765567,0.47300358830828404,0.25952551929890466
7949,0.67732347018542938,0.47609641495541438,0.50795014672026939,0.28619462658591299
7950,0.43647564526140925,0.31424801901296018,0.49202662270274478,0.27531254437583536
7951,0.72594036610316259,0.11481687944048317,0.48211393105403405,0.26270131182112516
7952,0.1230954388744547,0.28757606465626745,0.48050042056877607,0.27099948516607025
7953,0.292112587551761,0.5400344824526343,0.50213593525624001,0.28698395168269736
7954,0.57576723793084961,0.15946407825275091,0.48333075898497252,0.26557287173108796
7955,0.16560724840193289,0.62823872885793686,0.5022393411333238,0.28981450070153486
7956,0.41860395104292553,0.88899117621764312,0.52232942237885027,0.30317140803919468
7957,0.062791255346464472,0.16139202156529064,0.46917500710805066,0.26220787835200859
7958,0.61661297127451986,0.66254645696774828,0.51761156489184579,0.29569834371121229
7959,0.096756120383355307,0.3015375825694413,0.48037335526521957,0.27152200589775793
7960,0.06494129392049508,0.16799109219879613,0.46975080145040449,0.26267562040887077
7961,0.32702700575016208,0.34500709670073121,0.49121988968731473,0.27644541382447241
7962,0.19152864117437277,0.15107341072490674,0.47312242109172886,0.26281398009762813
7963,0.26535138362302679,0.26929809065932647,0.48418334601538549,0.27127264196663531
7964,0.066286233272089157,0.3047280608222005,0.47929356485118108,0.27131048390676193
7965,0.26600305021082749,0.77466616289560919,0.51313083940394644,0.29758700224551904
7966,0.26220164168890331,0.34147955866385021,0.48901494852479616,0.27568822064424553
7967,0.11796692303348101,0.097182636377622852,0.46636754669550395,0.25834333921507757
7968,0.72962135640132475,0.18961323603087804,0.48840408436966765,0.26820082437423504
7969,0.46830761744979543,0.69159054452191338,0.51556332796292248,0.29605045071802061
7970,0.098313373249198768,0.24943560767624295,0.47691768827011438,0.26834639581610642
7971,0.32926373720847768,0.3375372577092261,0.49078368181736348,0.27601215216256486
7972,0.83730711688454029,0.51062558226994015,0.51289717004344959,0.28878188754204603
7973,0.22184514318286674,0.079593257669650488,0.46836255407635319,0.2579277822298417
7974,0.20327358240574833,0.1683171187507338,0.47482614596513828,0.26410154386277285
7975,0.22977772672973806,0.23345798439857318,0.48050914972615394,0.26867138156063286
7976,0.74920369151103083,0.77436504453805977,0.52618167322371734,0.30177140553704113
7977,0.19452054476354971,0.65039272701632,0.50453620293410628,0.29124884563732406
7978,0.0013915005290997214,0.57197393724444556,0.49163567557445281,0.28443431991871054
7979,0.532899686229101,0.45286743627780818,0.50349311012834264,0.28413634812024713
7980,0.48736884840972489,0.23579384002197767,0.48751548535412514,0.27050959959770121
7981,0.47836070849330864,0.41629342607242287,0.49988913457527101,0.28171186555234107
7982,0.8219843797618408,0.31816356687260561,0.49967223451584913,0.27716594184662163
7983,0.49029971362230135,0.26565470377624734,0.48979854133834455,0.27250107681032315
7984,0.99888909857174146,0.55322909065572312,0.51790601328446406,0.29166052727329705
7985,0.088043413548509128,0.4185711421093089,0.48734677158565642,0.27809426795551656
7986,0.64985528432900319,0.10841718091297663,0.48036329650040438,0.2620303401874301
7987,0.83481616272892567,0.89356016038308161,0.53302154149482861,0.30704524178448833
7988,0.41674580759928798,0.90223687582659773,0.52262669126129024,0.30349126834661189
7989,0.24880431649322857,0.40024580520450836,0.49236839792699988,0.2789887102872764
7990,0.6723081414000015,0.33139433212297736,0.49817235270045274,0.27752335402259015
7991,0.64556110844096404,0.67391536929094009,0.51884754999419658,0.29642802032928894
7992,0.63051299661643578,0.42670521820957075,0.50387487537700315,0.28313880685711379
7993,0.75540940304169202,0.42392172978407472,0.50597219899777257,0.2834948241782127
7994,0.87646485825312559,0.78605854933039521,0.52905982129881479,0.30293609860587278
7995,0.54330126204608242,0.80969620693494804,0.52326502259730168,0.30191361291612495
7996,0.99514472584865299,0.40717090921053894,0.50837162086703214,0.2831975163960046
7997,0.73344572229649641,0.38212011390627593,0.50278027238976153,0.28090052267549448
7998,0.82404309376649332,0.040622264261718374,0.47683663349647437,0.25705558134723128
7999,0.95509369905182395,0.018936589070281479,0.47633473312481339,0.25541468731266759
8000,0.69906722874281702,0.73417713905145654,0.52313603799995834,0.29962475154833024
8001,0.66068520296044886,0.49371866447605428,0.50873307208696916,0.28710654805094621
8002,0.097213188404229017,0.26797687258593506,0.47814402048181243,0.26948600167242726
8003,0.99662348110697929,0.37777822289114121,0.50634387739861275,0.28138597598314996
8004,0.21602118946401169,0.17224117385469145,0.47553427112692437,0.26447684535750504
8005,0.87057305493495662,0.059899117901793218,0.47919994804965677,0.25867534533125108
8006,0.50689590703662257,0.34106721933701778,0.49553179694392446,0.27737766640767703
8007,0.51826299349105687,0.97457224040637958,0.52755218659747771,0.3063861305188384
8008,0.024595424943824766,0.23159884582454107,0.47253796984843999,0.26626372047567359
8009,0.48494664222017164,0.96147781237022723,0.52624817271341606,0.30571354109979254
8010,0.59093453831247755,0.92940836721669184,0.52854106079248819,0.30613330227222563
8011,0.67302781702104264,0.28958704159167831,0.49516443547674799,0.27484085142191828
8012,0.37150733563696264,0.51629323388031911,0.50321684302986991,0.28647911188905362
8013,0.096841315571882303,0.35636845826989738,0.4839122524142887,0.27473936359414025
8014,0.12890208210389831,0.42116970596754694,0.48922862623629981,0.27879538333602288
8015,0.39072134458651997,0.70813395489814002,0.51421406377687484,0.29614213277562706
8016,0.68254533027916908,0.95196197740650979,0.53146530950398052,0.30755724989804994
8017,0.75184404733887644,0.56708043160209209,0.514885495363825,0.29152225993387831
8018,0.9707864864637028,0.017658833736658563,0.47638099179580079,0.25532095326971432
8019,0.029199657449999358,0.85897410083218706,0.5043337413309199,0.2954891532495158
8020,0.045441519321536179,0.55064993630688408,0.49278790434163949,0.28422191361527321
8021,0.33840864664233528,0.77790217588570676,0.51586065670581782,0.29863060430840099
8022,0.60311542437382748,0.62635755679680738,0.51533178183961437,0.2938187517041102
8023,0.70002591437803352,0.90022197304697471,0.53039769749027577,0.30629561932872273
8024,0.90242859658339303,0.59132216689294437,0.5188092491927474,0.2934056121219159
8025,0.082213908238185113,0.2430151938358904,0.47581872209446563,0.26774654567321782
8026,0.37623020572609972,0.065869820303760929,0.47130751142883537,0.2578042323039671
8027,0.54555468172385591,0.8644131749027526,0.52537441056901979,0.30384741153181566
8028,0.010646256126428489,0.71010280903984102,0.49875269285671359,0.29075020074239938
8029,0.68733664345300061,0.34804644676403845,0.49961578320056471,0.27862607697874281
8030,0.053977533430873879,0.37529071707151601,0.48320848702399877,0.27520519970511842
8031,0.78095843938639153,0.20953409395610217,0.49078258622600979,0.26974003668644503
8032,0.94999305559477076,0.85040087746352655,0.53337867099266867,0.30610516986195702
8033,0.7566183503368753,0.97703027196443881,0.53382453338345337,0.30879452917363226
8034,0.067081532424257614,0.13311284256492509,0.46722611385402524,0.26033469327602571
8035,0.68051696799247297,0.29529436763512207,0.49571476728064784,0.27523939068745296
8036,0.68303781305636513,0.54301309650068874,0.51217190463244522,0.28991495772918213
8037,0.058469960151484701,0.83925366755478326,0.50555802169760289,0.29575318254210498
8038,0.038800938317796685,0.85580683060408336,0.50482714861436662,0.29566017920923576
8039,0.95292158852935549,0.62224570234400456,0.52136953644402717,0.29520408070678472
8040,0.56847841659135889,0.063097371619928164,0.47500753997441608,0.25831524640637504
8041,0.012234728585311678,0.23596202456933679,0.47226873308157347,0.26635754196830702
8042,0.89021796035080913,0.013059654219646473,0.47504170453653161,0.25486238695991692
8043,0.57511332772861934,0.18296248256420949,0.4852113278678078,0.26724653427632344
8044,0.33134468089729785,0.99242821050410868,0.52148576977804006,0.30414496837364458
8045,0.74976231861015552,0.35707372123358078,0.50131869722136868,0.27941287177694912
8046,0.45786651312893956,0.5778860001212569,0.50913390689650062,0.29037715658982816
8047,0.80122154683008562,0.48371990506806178,0.5106191371232961,0.28713416757532417
8048,0.77003294638973896,0.95799138165105835,0.53364113630413401,0.30844021994173076
8049,0.97507240075691382,0.76435120979653448,0.52950280007037376,0.30232912928323757
8050,0.85730783895504437,0.66945475293447965,0.52255803560186886,0.29725340722512761
8051,0.97921814138564522,0.31218706263188506,0.50137927122516279,0.27715107409232864
8052,0.05296068318464095,0.91782956542010663,0.50689762231997981,0.29723189659570054
8053,0.40308993861371423,0.35605137607689252,0.49404641204766225,0.27766476577964572
8054,0.24921291375557195,0.32946414849512512,0.48779880167330386,0.2748494407131673
8055,0.34610441807479364,0.47823876868948573,0.50021801019749812,0.28422030530224551
8056,0.15837144111107337,0.42255198356894547,0.49048614571752042,0.27924401125638454
8057,0.89319138664776687,0.87146049461954977,0.53328775936446215,0.30662601268823841
8058,0.14279459195201052,0.88051193065262634,0.51097321905262671,0.29854482578520475
8059,0.64000254556353908,0.8181440819242155,0.52598342852829272,0.30300435747100102
8060,0.86573871679307202,0.47630717435010012,0.51116424288671281,0.28693385183287418
8061,0.20401568538659487,0.23882747909963364,0.48005074039088302,0.26878869888236245
8062,0.99562604437690461,0.04593954532343196,0.47932980339159281,0.25768038413788424
8063,0.67092504036935285,0.70022361305510861,0.52078279096560498,0.29784964983905587
8064,0.91023414113878975,0.07346058716947447,0.48091602271133871,0.25980838667942224
8065,0.88020452218792644,0.068129447229334616,0.48007015895899491,0.25934580627075976
8066,0.55933099895335037,0.3727852021529689,0.49883825589367853,0.27958741774191476
8067,0.44894575970357986,0.377193222340371,0.49661636826599764,0.27923032008881121
8068,0.60845365875355206,0.41815597657690523,0.50287514366996711,0.28253322795544722
8069,0.39358429353485119,0.054928277195652485,0.47075938535957523,0.2570416051439961
8070,0.33695992868923352,0.11070943925176981,0.47412010010974431,0.26095816157079987
8071,0.16598963765873342,0.0035021051498944872,0.46014712514605183,0.25169997360262364
8072,0.72642272490834592,0.65579692558146785,0.51948408103305377,0.29597400658683598
8073,0.20579528208401754,0.83075912126066398,0.51260374811595777,0.29847761192951633
8074,0.18150695780540121,0.78704155029280809,0.51013459940438888,0.2967341662470554
8075,0.33271589175575644,0.85811712766702997,0.51847220549732964,0.3012007466025774
8076,0.94669775952507051,0.45658513344273671,0.51105307013172752,0.28603157833988113
8077,0.90792072289405623,0.35938087122550932,0.50387114097742092,0.28002225277929615
8078,0.017276025657646823,0.32871925535249757,0.47859623194581091,0.27199422602572532
8079,0.52304185537340819,0.39486539225409512,0.49952518966339232,0.28071794828211399
8080,0.56715770194703952,0.61915591599821351,0.51412457703549186,0.29323256089710426
8081,0.87499506747900746,0.039113294209924064,0.47732870587756243,0.25699890001272035
8082,0.88845913307428137,0.55666774981132472,0.51652532267766338,0.29149814005161595
8083,0.369983038797637,0.77743673851828798,0.51688746861244295,0.29897415029737456
8084,0.70556663407013986,0.35007673722399635,0.50007863300109745,0.2788206210778626
8085,0.14374946312721587,0.29922365412119545,0.48207793248005804,0.27194631411887882
8086,0.080265965430147496,0.048370232919335836,0.46101875489449412,0.25440109552286366
8087,0.59325238469172037,0.27388234794215532,0.49253439717608238,0.2735078665205366
8088,0.51601892189848009,0.052864533721411137,0.47312907818152072,0.25735056495411501
8089,0.44069009547269672,0.12888952521508329,0.47808104728442219,0.26281509898450151
8090,0.29483983915153661,0.072058593297761403,0.4697989909156417,0.25784145897163163
8091,0.49434407963393023,0.70738609295032218,0.51706474230188593,0.29700112943848705
8092,0.74268209546419095,0.98080972149564183,0.53359757960874366,0.30876484692773887
8093,0.83538640012951804,0.58052175696311747,0.51711225102269898,0.29258375898979855
8094,0.35208788121255352,0.656712819582841,0.51039343622998778,0.29335788996535261
8095,0.66314819923710311,0.21759927852092079,0.4895351795492307,0.26996976032807468
8096,0.10963070008478826,0.62114651959206679,0.49946767758261013,0.28864908161147984
8097,0.33234824918223316,0.13119808692716761,0.47566906507590812,0.26241859353522401
8098,0.7438164426708711,0.97466489774865328,0.53347612953116885,0.30863233970438797
8099,0.23197128193395913,0.87058141745218309,0.51483627179676117,0.29997924304681078
8100,0.29403539603106915,0.3893885931094061,0.49313370566559817,0.27878735791783699
8101,0.27601458912453386,0.28081237538288112,0.4853180486012556,0.27208765044469679
8102,0.63211408601057484,0.75622580942666395,0.52285094330715576,0.300247220938269
8103,0.61969846615559654,0.032365264720038978,0.47311114448625968,0.25600815011122247
8104,0.13254271185918479,0.18722204874331366,0.47379604736423686,0.26471184071246973
8105,0.19714314285659931,0.075673781817650887,0.46728119740159241,0.25745396724245617
8106,0.42750421697447316,0.76677306203107587,0.51818587305013819,0.29913015814644528
8107,0.44306841557907173,0.2497231220583315,0.48755006728906314,0.27120773039760793
8108,0.047459836162265859,0.51816440609717973,0.49114536896515393,0.28265518150092001
8109,0.4801390094942064,0.37792551992313239,0.49741589147758519,0.27946447310663641
8110,0.60152022959691243,0.60075762695079904,0.51386091652280408,0.29251013082179816
8111,0.90034512416835644,0.21953452375862981,0.49323867769455038,0.27070435198160281
8112,0.8582611410690123,0.34447109818599425,0.50210602284840289,0.27894986749259232
8113,0.36841708275395213,0.27249216534014559,0.48734873274714158,0.27223997592064259
8114,0.31407842043986312,0.93945326347333613,0.5198012210926809,0.30288075108811913
8115,0.46101436239910548,0.55456024423452321,0.50788549382931214,0.28919563737841181
8116,0.43446060283674159,0.80367883933213313,0.51997735050984573,0.3006649468502251
8117,0.17280657399914925,0.84058201890765927,0.51140499736703704,0.29816122304604697
8118,0.39984562399467688,0.17176987017184731,0.48058483683012482,0.265677921935427
8119,0.66326902222478534,0.20835930428624852,0.48881233543486724,0.26932871128541946
8120,0.98317513653064392,0.37056804950108058,0.50566367480889518,0.2809047037995111
8121,0.28311563449112004,0.91961938737585447,0.51814056073281922,0.30196729473138256
8122,0.42382610642019425,0.89005634176753234,0.52253006431391036,0.30326433662437668
8123,0.24018807646442439,0.17670880541539519,0.4766295179077441,0.26497714987583654
8124,0.77937733705976286,0.88547630714570413,0.53162890111704131,0.30641502934903608
8125,0.9104000375083765,0.22892324297983435,0.49411581085598655,0.2713812686966422
8126,0.07547170179897221,0.73063852883576186,0.50303141401713458,0.29285277372866392
8127,0.28189834221588683,0.22050786771447164,0.48116295845125262,0.26824276500377503
8128,0.78794996626429492,0.42612800222338415,0.50665859719741757,0.28374244642241669
8129,0.060739569678914272,0.45927907347833974,0.48849329800947927,0.27985931123659086
8130,0.060930046656343627,0.02210736819136655,0.45809342005345111,0.25222701544482112
8131,0.27175228661153233,0.36923891001335579,0.49113716065846991,0.27741615844738521
8132,0.81002105576141048,0.032007976732135283,0.47585253642899955,0.25633303096443788
8133,0.38767130475131567,0.95275662515513837,0.52282256119315451,0.30425398322297176
8134,0.81683867196048388,0.47156876975077905,0.51009588277176021,0.28649594656118232
8135,0.17498387582019206,0.35229598097713899,0.48673010965489338,0.27545435874571134
8136,0.72735962150610289,0.28094401626869808,0.49544815837852607,0.27445509498424042
8137,0.97025234069422595,0.18999086178826402,0.49171027740953577,0.26872082007015524
8138,0.98052332702873979,0.95493300773639933,0.53767119980485101,0.30979418108000217
8139,0.7312789733315237,0.17909227357899071,0.48757750335426897,0.26745330624455721
8140,0.69404797932250661,0.83217094327359231,0.52778284340579207,0.30393261134731603
8141,0.85628200504655261,0.66571740244968103,0.52233407168564838,0.29706222079817768
8142,0.25953925208199069,0.14590106184523319,0.47482878282777063,0.26298799751025526
8143,0.51086781998152153,0.13834694354807725,0.4803420579228726,0.26380166022979867
8144,0.4362234336966998,0.11693364910428646,0.47699477883924757,0.26191817041128013
8145,0.30583251393997346,0.14364202665711054,0.47595869928473661,0.26314365357641317
8146,0.2821878571212641,0.39662578201164722,0.4932240198495223,0.27909782659413762
8147,0.15793052410726668,0.89484461310877239,0.51203506607843108,0.29916249122141081
8148,0.92126186915222785,0.34582578953952764,0.50308480791489163,0.2791969706849321
8149,0.2901515725025558,0.14891718413314084,0.47594272115316238,0.26341338479072018
8150,0.5231298500659759,0.77702782075545984,0.52129140419178177,0.30040884151356506
8151,0.92872010998310295,0.13354027877365007,0.48645641838734754,0.26448716814586026
8152,0.32509533533888169,0.17028058896329021,0.47857139041290092,0.26513650057947219
8153,0.76931931690397903,0.97150893648500791,0.5339726512444849,0.30876755543000439
8154,0.26422598276407228,0.22848570980866209,0.48122151239080851,0.26863184558106712
8155,0.052196081509918446,0.049233007610880307,0.46000807715823921,0.25417387904159294
8156,0.42522205088307385,0.37890133447867119,0.49613600333678104,0.27917857306745691
8157,0.91979868957762378,0.90907509061862946,0.53514247956593453,0.30806417060529601
8158,0.19068745461275102,0.17667098637408343,0.47504518013125274,0.26456099590742144
8159,0.48064617864388276,0.28808280088190225,0.49121090524985189,0.27390436874800689
8160,0.77968472154225466,0.14642209075550783,0.48559580069494679,0.26518573239744953
8161,0.82491572700693516,0.14514243382260902,0.48612037732363889,0.26518257844493176
8162,0.49510989707520936,0.023572400618845132,0.47008914512408329,0.25495263494178061
8163,0.97912957467170203,0.96169742177260342,0.53784363860183249,0.30997288070439616
8164,0.13737872404864757,0.68617085330736594,0.50393829188728023,0.29206250697467628
8165,0.065834104763565118,0.10753708169687307,0.46520721374165869,0.25853823322913361
8166,0.19211135468323484,0.40584035158705667,0.49073689737977183,0.27871012477651097
8167,0.90373449533769168,0.35342856697473907,0.50338969039081305,0.27963614112652307
8168,0.55419992014680763,0.41802763428905748,0.50173111344009458,0.28224993126480147
8169,0.64406639814517697,0.31405960339711747,0.49642031759516986,0.27631323398091912
8170,0.43282597926453453,0.96283870932409787,0.52459131006695248,0.305079061765958
8171,0.024000820723024664,0.27604302371632078,0.47550983816001363,0.26898897530829979
8172,0.35250366448262943,0.63714719500407813,0.50937731136734765,0.29242323499460282
8173,0.048134204492962455,0.11190822677750839,0.46483005917777892,0.25864194808858154
8174,0.29468146320035449,0.50487542081425196,0.50020225899434634,0.28517620151288886
8175,0.51868112209631367,0.18255261902044295,0.48406835535426168,0.26699698443799252
8176,0.54073838326242996,0.71710536586522367,0.51873386646684372,0.29780675238830218
8177,0.54391862893422371,0.59045370549644582,0.51197523389613964,0.29162435872927289
8178,0.49815265338044851,0.60170097792086896,0.51150083356057352,0.2918848681375884
8179,0.50322580748713808,0.15435081467068523,0.48149290017149238,0.26492918882921235
8180,0.45739084763658466,0.50770554086811615,0.50504489536830144,0.28668516290932727
8181,0.9401151367795072,0.51262756147388144,0.51456870116959552,0.28923184387125217
8182,0.13202290775525616,0.44136965254029492,0.49056095031698876,0.27993480516378133
8183,0.008717545992566739,0.15394091080165237,0.46629677239816164,0.26101523905873963
8184,0.67028076855669494,0.73604297968003674,0.52264078696580007,0.29954565249006115
8185,0.33224152002056362,0.59334537154802824,0.50638824860325804,0.29007905435122305
8186,0.68090668062804038,0.84069473577033493,0.52784081376826253,0.3041621878348566
8187,0.34208955287848369,0.72916877780027001,0.51375166320794141,0.29661658517391865
8188,0.88601875628632265,0.34810799942229642,0.50276256225729032,0.27925401096647684
8189,0.73633465828386835,0.93587579234755836,0.53228956159127849,0.30759723126078331
8190,0.30553127170529915,0.31499845862471265,0.48856481247370637,0.2744512399120177
8191,0.83574991062657211,0.23335438037031564,0.49345800155392594,0.27153100614723436
8192,0.77838509539078227,0.13217399447056233,0.48437027741421129,0.26412199850161605
8193,0.77771523316487445,0.71266252566074251,0.5235189241510203,0.29901430972434717
8194,0.43184671001463432,0.84863893318938788,0.52152947029247798,0.3021659167229544
8195,0.33147771980535473,0.23255959253738401,0.48345661700126796,0.26939464681464603
8196,0.6792560760893277,0.34718731924389723,0.49941127526434986,0.27854167994467682
8197,0.24104529601609104,0.54624851693954557,0.50074064079544478,0.28675549016008267
8198,0.74029107967080787,0.71422719869249274,0.52290224147785413,0.29890086294285989
8199,0.79087660985986008,0.24768887595058187,0.49392162344562163,0.27240557235442642
8200,0.79637821108753559,0.94949483290315839,0.53398094030622345,0.30842439811045103
8201,0.075315400116879039,0.27079137401500486,0.47742849612262195,0.26938231839851035
8202,0.33972673323991476,0.048999089623859619,0.46896951083431637,0.25632566555261593
8203,0.3363369692916866,0.51199996210824461,0.50192273703044832,0.28594445835279786
8204,0.7974342521317187,0.43933255323773485,0.50768615208475443,0.28455500635942699
8205,0.020275715586158916,0.063148637577740016,0.45983236991911031,0.25483283757407621
8206,0.42792182584638944,0.099094798583991367,0.47531891638170981,0.26055672645983013
8207,0.14858963293164271,0.062914660444029144,0.4646512077634159,0.25611480323282637
8208,0.45038474585596705,0.82637229870607842,0.52132382269576494,0.3016408008066146
8209,0.10664328169127693,0.72340315063734306,0.50426300926826928,0.29315135678883086
8210,0.35460252766619671,0.98870215671235928,0.522312215695934,0.30444789646742393
8211,0.6928715833870811,0.7960670479976456,0.52613696552752431,0.30243535352454493
8212,0.35965905025707329,0.11385425789869624,0.47494895600649584,0.26131405248327322
8213,0.66101078245366229,0.73776075844516742,0.52253414589593061,0.29957059206589132
8214,0.91157826609575432,0.7841961387598072,0.52954136096095994,0.3030029817954259
8215,0.55245514727461853,0.0049899866829277014,0.46943152537072991,0.25360773399384828
8216,0.50871187471974411,0.18752707104490837,0.48425573247119486,0.26730349095245892
8217,0.76404910047083396,0.43629011900309711,0.50693505810148409,0.2842562945724183
8218,0.17428356545170537,0.54350047406217783,0.49808646087833802,0.28580772035617241
8219,0.49532483180476122,0.63215309714517787,0.51310846020546585,0.29338721618975339
8220,0.76003916124481474,0.099776738087960989,0.48130850131126635,0.26162565721472708
8221,0.10104396143882768,0.063270141760248227,0.46301394657271305,0.25571068152581949
8222,0.44232719876266785,0.38089251054577766,0.49669768013286197,0.27940819066728817
8223,0.045558072880224794,0.42146566767167537,0.48558915423581761,0.27761032219144488
8224,0.45180088425761789,0.30386114829097643,0.49166594342883629,0.27474984782577744
8225,0.019148255566263109,0.9231561247163802,0.50495974464508153,0.29643579048642971
8226,0.95573382732566681,0.44766691194406016,0.51058734698184838,0.28553111555751598
8227,0.57777842447065053,0.5015051648150548,0.50750673888561026,0.28710782725933276
8228,0.57614803777750356,0.21017378525194944,0.48737467801045187,0.26915058752304027
8229,0.52277494096745514,0.82681347083932499,0.52340639893626251,0.3023691707707582
8230,0.39111912271036997,0.86386917777823979,0.52068825955526998,0.30213476260665267
8231,0.96131837159270661,0.58878168515675933,0.5195284015679672,0.29346888068097821
8232,0.26723720053228317,0.96997321858581864,0.51848478458255665,0.30267640248722982
8233,0.77986707830544333,0.93982468723385837,0.53335824574024904,0.30804219459865206
8234,0.13686165310746293,0.075314720742648944,0.46527117651912608,0.25692994172696493
8235,0.91598937241957756,0.2414948965933989,0.49517933636919181,0.27226512478570969
8236,0.63787709512162261,0.89818624443361772,0.52885368529680532,0.30571738393836778
8237,0.18201709758312209,0.078454839331971019,0.46703178501607601,0.25754180288091399
8238,0.42999995688834458,0.11034636484017829,0.47630845665898447,0.26140341940978962
8239,0.85050509608093416,0.83412872179009723,0.53095697453254642,0.30494932954105941
8240,0.45931745497394588,0.68504169618155575,0.51498158502381175,0.29566727215181726
8241,0.17913437136338325,0.19221457308671672,0.47581707574157023,0.26550161415266921
8242,0.20591232462703482,0.70962139483602948,0.50793037382385153,0.29410665881398518
8243,0.92185673913630894,0.90790088675279412,0.53513887895051004,0.30803820322317738
8244,0.79320806979982883,0.64318005380901744,0.52000441893400073,0.29565695584852614
8245,0.75850763157253398,0.31885440061384579,0.49873889653940595,0.27702278830707139
8246,0.92462539692112489,0.40767047194169137,0.50746644383169315,0.28305197156125117
8247,0.64975480858035162,0.71408188903996495,0.52106754580985948,0.29838695601302473
8248,0.94307176975508922,0.91131646992511817,0.53563068833492222,0.30826920830109539
8249,0.13763308606139618,0.88515590846283598,0.51082101510929079,0.29853986964550283
8250,0.99326766155838275,0.59341042296047097,0.52025281500406739,0.29381577608986259
8251,0.21519105382967973,0.56604979109734999,0.50089079751766763,0.28744889984209165
8252,0.07375197472901783,0.11617708414002556,0.46619159679443956,0.25923340755239005
8253,0.046093976069253403,0.86714150591477523,0.50550133790277696,0.29608408188282043
8254,0.89088411139879609,0.33658491976716326,0.50200221786335919,0.2785323576623841
8255,0.11159361014716561,0.10573904477657052,0.46681406085001348,0.25889284898100129
8256,0.69823780059361606,0.73004715673112086,0.52290504887159783,0.29942543538300248
8257,0.19318020657099552,0.20701011767381572,0.47738349008186437,0.26661352650930598
8258,0.28142903474177006,0.44534371870843464,0.49622913642616234,0.28183235764651887
8259,0.38355551010175842,0.051478376324905553,0.47022839217167889,0.25672875498529402
8260,0.37908787912571568,0.13229320519341856,0.47693127289167769,0.26275940331979647
8261,0.83835210843259711,0.55315191260162977,0.51552531863637041,0.29112650599217954
8262,0.7560673297159024,0.084891831979679408,0.47993934657666915,0.26046587003458777
8263,0.7478292045355891,0.370701009280968,0.50223605134478222,0.28025102361524212
8264,0.41449078649427978,0.81991921942689228,0.51998416676628267,0.30103059346825223
8265,0.098962682839960334,0.99414607570731328,0.51070391138051852,0.29955529403828124
8266,0.44244682635260979,0.31181708247583595,0.49200145612666313,0.27519593925860913
8267,0.87763469053340382,0.49583585942272329,0.51259202609710441,0.28808730247151765
8268,0.60998823349849551,0.87253974262761191,0.52733060874516058,0.30469264605833402
8269,0.95028083459216872,0.54317962693279842,0.51661410894990245,0.29096318120318382
8270,0.49307203066119698,0.83046491473446371,0.52272012132273526,0.30221549186458146
8271,0.78559351173798797,0.1327146322112647,0.48451885208609158,0.26417732633969987
8272,0.25457644151340936,0.45593454588184834,0.49598416079109742,0.28214843830505609
8273,0.010709680061053951,0.4570392002912122,0.48593381663233115,0.27890706484942324
8274,0.82788057828700412,0.27610143913555657,0.49663678528582261,0.27441815541184422
8275,0.49486370689185571,0.26978536281719573,0.49020185398932292,0.27279378376788088
8276,0.55191405245553471,0.17406143277076772,0.48405462594763438,0.26652955281112739
8277,0.37783598408176333,0.82945395774972863,0.51913410604858523,0.30092204942701034
8278,0.074624548239458813,0.34985707699615742,0.48255042477337379,0.27406247427786801
8279,0.24734024736167631,0.65757941822145372,0.50690726869425662,0.29225662873378799
8280,0.92286831409939341,0.61008968351407677,0.52021873688245679,0.29446617176444517
8281,0.53005457255014921,0.78365535666960062,0.52177928450244893,0.30074902295691458
8282,0.89933975253690734,0.54821552469363666,0.51617697420716746,0.29107504588465494
8283,0.94529801391541257,0.99807749150575842,0.53819968336939406,0.31068431137796632
8284,0.47719500367742734,0.7650071884924895,0.51950319840072423,0.29950199176746789
8285,0.34690954760065074,0.63014415571031857,0.50883170090046059,0.2920298501561045
8286,0.96275564856961138,0.34559282924962464,0.50361612498008912,0.27927828185006126
8287,0.8738110411275295,0.42501047680423365,0.50791472182668318,0.28395340985043988
8288,0.61484959235769931,0.822258218553511,0.52556828292877211,0.30297678147907459
8289,0.74548514397636756,0.78858228039884715,0.52682476553335134,0.30240187154642156
8290,0.67626869822443703,0.76407385849734999,0.524196493240217,0.30088268417491959
8291,0.054534230340400246,0.59862495526421122,0.49572750206969324,0.28667598562587193
8292,0.026320267740159761,0.15761626281208593,0.46734956122785792,0.26149704002463225
8293,0.34153428564284699,0.52867944405359457,0.50304746731398531,0.28686861146680037
8294,0.99744904648639499,0.065296402048913293,0.48114918969486165,0.25925082787272008
8295,0.051015181673888584,0.53446391944865457,0.49219794757925134,0.28352445686456057
8296,0.012404111979913434,0.57792643944068123,0.49252582931266409,0.28492859739923132
8297,0.90640689005671315,0.43537649150843499,0.50908158594213793,0.28466636273218976
8298,0.7260222768496607,0.31168154900808587,0.49768688400585426,0.27645627836328179
8299,0.52741825802925746,0.34746127151983097,0.496425531472936,0.27787973518143833
8300,0.058544395178498236,0.12646282593117794,0.46637380671098261,0.25977667702203688
8301,0.71848650249746859,0.42105038109855963,0.50514408510340381,0.28318398225722935
8302,0.41834228093487907,0.30636153275034156,0.4910280568596665,0.27470801831514047
8303,0.53765864250891615,0.4831096400632407,0.50548712304201149,0.28586071468461727
8304,0.24469058335731969,0.15853015592276351,0.47537153062300691,0.2637604246409519
8305,0.19010963410554688,0.96499633254854711,0.51493601881121376,0.3011365654012173
8306,0.32718697782194939,0.63521999738168666,0.50847734406924106,0.29207938224464736
8307,0.80212891075009252,0.32699104776157767,0.50001244104260567,0.27767723862968702
8308,0.74295811330782013,0.83716344011680932,0.52902412087907269,0.30444829015635383
8309,0.15496728727916489,0.43196569320581618,0.49092007072137639,0.27971811615616393
8310,0.60955219017491913,0.15826027498912298,0.48385025262110043,0.26560005056213459
8311,0.85155725147175843,0.81233112909953342,0.5299544136230242,0.30402048580022495
8312,0.23536217341272858,0.10799301479352871,0.47109221169195015,0.26010731280573834
8313,0.86773099082343985,0.33225069386943945,0.50136270100017655,0.27819553481277165
8314,0.92655342850632738,0.31285127935566709,0.50075164911082282,0.27708224681207155
8315,0.0066062230310752054,0.98109071509918444,0.50502179605285336,0.29693095858787577
8316,0.30819326369784544,0.13904402283144882,0.47565714560384892,0.26283200940856433
8317,0.65795804215172538,0.71883730922326217,0.52148982164528512,0.29866169395746023
8318,0.79431392205798768,0.31805712887101106,0.49924482499558875,0.27708017012505121
8319,0.83983359868865226,0.090663278152409474,0.48159128808532309,0.26106244476044937
8320,0.16641198912960245,0.26826224376891045,0.48081180480400743,0.27028702315945846
8321,0.058094035680999516,0.063649907441309189,0.46141533401762574,0.25529993064846351
8322,0.76599379541008972,0.71067112720092995,0.5231974251950251,0.29886067741693711
8323,0.66188063022830756,0.068362452210125046,0.47705041179639746,0.25897301538115497
8324,0.34763457071030279,0.61279576381804657,0.50792442281246519,0.29118956210216757
8325,0.40273718344467929,0.13924236080109842,0.47805928376197659,0.26338323228494837
8326,0.32628272426767513,0.39333408692198574,0.49436198477265231,0.27929094095056267
8327,0.89699112363326128,0.64629389131428905,0.52189975402894639,0.29624203578061459
8328,0.57085894439198315,0.10438459279680393,0.47864588382407153,0.26149516362177794
8329,0.95808359424773382,0.90033382522949257,0.5355038233624192,0.30799053197873227
8330,0.052532551089080518,0.33343932105308632,0.48053316565835025,0.27280108912820528
8331,0.25141009792309488,0.19718581504373581,0.47851812680390565,0.26645265455459743
8332,0.33342669666184815,0.55403607825251533,0.50424373297134761,0.28810592822863179
8333,0.57395236645346748,0.86398027791512433,0.52611604381467036,0.30409818025799862
8334,0.72952213751658568,0.68337620983725644,0.52104822011441354,0.29735170248725146
8335,0.88722337262443041,0.76640725426819412,0.52823183129184459,0.30206973495772349
8336,0.75728638837750772,0.34253889427656542,0.5004170859196011,0.27852666106450702
8337,0.65961678013083302,0.23231416580280057,0.49061630472165735,0.27096956824711194
8338,0.83288457586456799,0.66322382008327407,0.52180546150785734,0.29683917473144683
8339,0.94687837726256119,0.70300568296987342,0.52581194845715051,0.29926736818056088
8340,0.54217296980585672,0.25715705136928013,0.49027634074593796,0.27218712699920811
8341,0.19102174566552277,0.23787512977881126,0.47954298484911084,0.26860563199383997
8342,0.14361897240442922,0.073396873126493303,0.46534631603798515,0.25684844081582736
8343,0.27012187715886393,0.50432202600125453,0.49936226737586475,0.28490073626888118
8344,0.83165717583185761,0.98705541552602094,0.53569539159538371,0.30962242002353302
8345,0.79509477547114948,0.75710283423060321,0.52615957812170944,0.30120793533883772
8346,0.76525817075873492,0.443887490021938,0.5074535924268424,0.28470572890712642
8347,0.44729531307333387,0.83630713822831171,0.52158627943532532,0.30194150777272338
8348,0.31264508553460474,0.53071497637279108,0.50226803096848116,0.28670473217685788
8349,0.55743268909842014,0.4411725918217213,0.50329472177383239,0.28360718260533802
8350,0.90233326164047467,0.76556859870081539,0.52843486586573984,0.30209507445468398
8351,0.095748470382567036,0.12466937623581617,0.46770015726041053,0.26006509133843864
8352,0.88259531854722884,0.76788353541485266,0.52823166640215613,0.3021187035474871
8353,0.15037286948623368,0.76453356026076946,0.50793215719648133,0.29544341623122944
8354,0.47591289654044672,0.28447456856955544,0.4908438343495361,0.27364745576334076
8355,0.37874238027125834,0.56209139263260877,0.50605869371025058,0.28892799966080968
8356,0.32219276608192599,0.94397014469093421,0.52021191333875472,0.30310073475244492
8357,0.29454064055847706,0.5242676931753173,0.50131763955343978,0.28619220459141498
8358,0.71769366954019065,0.045434934874472678,0.47582689237139297,0.25727010781758147
8359,0.53866926993835962,0.690491741643392,0.51730205540735585,0.29653465982032295
8360,0.097166347037104431,0.31007371987226656,0.4809516859529494,0.27203752729694258
8361,0.44169996537944539,0.060605311369907579,0.4723140333097649,0.25768521687759949
8362,0.054421763070311865,0.36957707352727887,0.48287781761017834,0.27489124065913678
8363,0.7451403115603491,0.59068252373881402,0.51614827929554197,0.29273806482917442
8364,0.99920849698655079,0.18094217885151739,0.49129788105380418,0.26810674792308803
8365,0.58753598216857061,0.67341749107645588,0.51754820015221259,0.29604603099048021
8366,0.76277227639312628,0.36568604335355342,0.50213434503269017,0.27999204206005834
8367,0.87428223611769507,0.083402605392260007,0.48137892823876555,0.26054602003454835
8368,0.76458085294923517,0.26687989076745,0.49498688689417314,0.27363090287989011
8369,0.80724886679638874,0.11631997358562658,0.48341071092235621,0.26298183232672162
8370,0.088590186991041986,0.12188739912173478,0.46721118184723953,0.25979460471882676
8371,0.48228262602252653,0.52566326972796817,0.50673908657355493,0.28782257632544522
8372,0.088670479793369311,0.67944973887408855,0.50139136004797336,0.29097007304821243
8373,0.52379827234841658,0.69604494602124911,0.51722622639239757,0.29669064444527149
8374,0.82472177331909768,0.48140625932320258,0.51085209448673974,0.28708694722300787
8375,0.46622760146592046,0.97071997374455676,0.52585274005907467,0.30567300045349993
8376,0.74345495253930571,0.74316963566342609,0.52447573774738809,0.30029055324000853
8377,0.46406190804274522,0.27227979131633184,0.48969033337971074,0.27279639500696823
8378,0.87341298786570554,0.088309724539273882,0.48180786851623569,0.26092955757838215
8379,0.22253276984231779,0.38477351685048783,0.49050058555962067,0.27784099175188109
8380,0.45832901002167498,0.48479769153158414,0.50368786877127203,0.28544520676298119
8381,0.22037163103482454,0.70359801582359938,0.50820008452537235,0.29402960987990412
8382,0.57940045187502398,0.43792405493933473,0.50355798461683288,0.28353759997742617
8383,0.32442756298003955,0.96408485147553735,0.52070039586689221,0.3035280682946242
8384,0.98307100232223754,0.59974724450543293,0.52048590820833918,0.29412082598859562
8385,0.11551476079140557,0.87390089868729703,0.50944405151735039,0.29782662759244166
8386,0.77407425684420161,0.11528798833860783,0.48285893233562721,0.26283935711359868
8387,0.31551649018001043,0.5627236415427993,0.50416774566685474,0.28837671302023338
8388,0.60161196039692733,0.61864207895294532,0.51486898752408061,0.29342067510125025
8389,0.76635846724571899,0.59805345384870889,0.51695829548654859,0.2932188939383833
8390,0.29899039045177633,0.62591191737713525,0.50706221737969859,0.2913369833600663
8391,0.53506909223491095,0.18639449462381891,0.48470381502838644,0.26733390459817075
8392,0.063853335322078791,0.97539262152787998,0.50844858288167349,0.29841619651871382
8393,0.4463104293648969,0.85262406878065089,0.52211066608386614,0.30245276368087032
8394,0.84823884035506059,0.32930858104041549,0.50086895224123118,0.27795524924549847
8395,0.26370246779498413,0.50824198673021748,0.49937259345446228,0.28504022034224352
8396,0.1989532953418908,0.65584396363320996,0.50498732921917788,0.29156169028266515
8397,0.3973074413547642,0.022482680240494667,0.46796624359868511,0.25450611548229596
8398,0.97301690396805074,0.48091902925564212,0.51300131193486265,0.28751950307677399
8399,0.10378481555931503,0.825415871502168,0.50762509374704889,0.29640607465428981
8400,0.66873078371189776,0.61563463774217531,0.51611204114419107,0.29364897455789402
8401,0.15927379350104601,0.4629599143939675,0.49292521392762573,0.2814447015499309
8402,0.28460094165512129,0.58222665186320666,0.50423135968527322,0.289041370759825
8403,0.91165905837778705,0.85218387037202492,0.53281784602543369,0.305990904509992
8404,0.75265099193550422,0.88446254823921489,0.53103519080873007,0.30619701902677371
8405,0.2783462581948028,0.91412426066716435,0.51782361735500082,0.30176979385832192
8406,0.99571073878669414,0.29126162833088309,0.5000130927181442,0.27579851227031738
8407,0.14149226072459717,0.11684367433906301,0.46876072869092744,0.2599685559758303
8408,0.65050038165122981,0.025900427291879899,0.47300910389248491,0.25555371041305397
8409,0.93468602394167111,0.24718775222842815,0.49586461132508136,0.27269432360651608
8410,0.59188512955395267,0.17180449621920707,0.48462993223529494,0.26651405724775395
8411,0.79266050989121439,0.68813864592538454,0.52247309069862413,0.29789422654457881
8412,0.65094676480648339,0.26942680071309444,0.49327852399181987,0.27343586980490464
8413,0.34269623684418621,0.94631782472332715,0.52104367635696358,0.30346398515831696
8414,0.16214706934286516,0.3911294703453197,0.48870525518181657,0.27753747952126284
8415,0.4835798620634596,0.92541822320575595,0.52535824270241838,0.30487884750288963
8416,0.20308341902795946,0.061325558431155516,0.46626970499974768,0.25642701545760438
8417,0.57037803218947958,0.038723658629052811,0.47285401889306111,0.25639281488760279
8418,0.68847640662995402,0.911149088661524,0.5304682747994196,0.3065223879868757
8419,0.58872784958312985,0.65023890345067481,0.51632479068342119,0.29491928910288495
8420,0.18109283015133115,0.77842252495865116,0.5098116559173691,0.29644016188222677
8421,0.58738507229568204,0.4720200028543477,0.50588998006861685,0.28552132474128367
8422,0.24552232421276859,0.48698842396173864,0.49751555749793469,0.2837258355422656
8423,0.061371220276120589,0.059472956909926149,0.46120493077170843,0.25502851852707487
8424,0.56309939869454828,0.79869592679123169,0.52329555241092229,0.30163933576444329
8425,0.23110412934288616,0.43785507940287938,0.49408829584704927,0.28091395685133963
8426,0.042808747478935406,0.015384781621803996,0.45682176732993524,0.25152646347205854
8427,0.47377436991477151,0.49114131266345507,0.50446051737359887,0.28589852724855563
8428,0.83324026537368778,0.95894233624764025,0.5350065841856283,0.30894224325606284
8429,0.32156891919471092,0.4616835068775923,0.49848159905523992,0.28310168976747785
8430,0.97996833542423567,0.29494090591053246,0.50009806644164689,0.27601350870405916
8431,0.57206598279530885,0.56269722782223253,0.51102644567922695,0.29036088814784339
8432,0.18428507129227512,0.096887586054776334,0.46860802285968445,0.25890947945860932
8433,0.26789671460645043,0.38180978804399496,0.49182376946319573,0.27811262946914539
8434,0.19594595302437667,0.96471949385049516,0.51520703320795602,0.3012486073254918
8435,0.80223871351558484,0.49719220092281469,0.51148757062757377,0.28790015926629731
8436,0.50435101353718204,0.25576895608947381,0.48937666756617143,0.27192041367813452
8437,0.26698408128492301,0.28253507112363591,0.48516133922180393,0.27212103072056387
8438,0.85539387452687377,0.45223049636163054,0.50944352824945727,0.28550499657067507
8439,0.18908162787164329,0.39836257442416395,0.49016254163118173,0.27825547166972481
8440,0.39147513929103733,0.66937224299822706,0.51224862154682549,0.29433435244793849
8441,0.28679494444163284,0.93236708905232368,0.51856498743638146,0.30229511122293989
8442,0.033633434557181319,0.37622463281628449,0.48231924019168482,0.27494454133604063
8443,0.45026534757841147,0.069217590375139845,0.47324639160471754,0.25838446955820732
8444,0.56440225651954534,0.6553900458612828,0.51604675330812921,0.29501485635532104
8445,0.89444278983249104,0.9440802819117089,0.53579057470231062,0.30896073340819002
8446,0.61222356007777856,0.93645243141819956,0.52929053314943242,0.30651938495593489
8447,0.61565961793073221,0.22034648645332783,0.48890567871176926,0.2699978161811562
8448,0.94540976699307799,0.64711392585862193,0.52268408291269464,0.29646065315726278
8449,0.028613090582925362,0.37817971898351099,0.48219907643203108,0.27497359312240938
8450,0.3947587371708709,0.088004521339910574,0.4736306443363516,0.25957245541028651
8451,0.22567413981425344,0.14964429827233544,0.47410041350487914,0.26299508175314429
8452,0.26927055729985006,0.1968264656368294,0.47902741959107004,0.26656587476065119
8453,0.5488915867061005,0.031919979216123467,0.47185296123279691,0.25578735670348318
8454,0.99584003225070195,0.37688615661965452,0.50627109059317155,0.28132851872510245
8455,0.79344463097119,0.48650888348988958,0.51066785159058037,0.28726367534079983
8456,0.71992229345816883,0.16558346290852641,0.48629527513949883,0.26644945672582587
8457,0.85203076207026618,0.99520536652704472,0.53631166173690559,0.30996339558528591
8458,0.95438074623955182,0.42814099946202483,0.50926299759616434,0.28436553047164453
8459,0.43977583283778515,0.44862551962953295,0.50098535327668237,0.28330607631296256
8460,0.14703107114093147,0.96898350053721816,0.51288248191617813,0.30029557585730265
8461,0.88968106718395146,0.32560728346436518,0.50118876118132771,0.27782384518526038
8462,0.93798829341336387,0.35479231716325738,0.50395192324181881,0.27980624890487221
8463,0.95368551728766182,0.42478318439772123,0.50902695759593131,0.28416219387915514
8464,0.086507503982295758,0.59218571639739681,0.49692412782939566,0.28691178237411397
8465,0.20987285195112929,0.17493355120773194,0.4755417148277995,0.26460899601318622
8466,0.85540309652156432,0.27336675160614543,0.49682291828116648,0.27430299414775455
8467,0.04500473487727577,0.25249662584633331,0.47488140419128394,0.26785046812800273
8468,0.93393153849934463,0.60842128692282138,0.5202865100841223,0.29441700073034771
8469,0.16808665532885353,0.79398288873719292,0.50977245909595281,0.29672784106726674
8470,0.33850963379553289,0.275758046867291,0.48677423542043252,0.27224413477276033
8471,0.89633955776615781,0.82168984087739372,0.531173706789978,0.30464673014369303
8472,0.95149623233020542,0.14569126805908744,0.4877709842960215,0.26543386916505285
8473,0.23701551960856887,0.7333434196012677,0.51026524966060505,0.29556174614806491
8474,0.27864698993115455,0.75657041637859079,0.51285525367381302,0.29706021194088228
8475,0.18566565704107052,0.54765870173015863,0.49876086023293231,0.28616291203596694
8476,0.52663687261253367,0.21893341159870616,0.48706782261896203,0.26954971722668469
8477,0.38267513795710406,0.28615227236041102,0.48869541460897364,0.27320544394272345
8478,0.67561993176360846,0.51408679885560415,0.51027802930205723,0.28830529088115731
8479,0.16019913099867991,0.42691630058161684,0.4908207033479986,0.27950623234605809
8480,0.42844116302019686,0.35172015361363301,0.49440194019660316,0.2775696487412227
8481,0.11489284982177196,0.0062187538819736803,0.4586976346341225,0.2515057173189103
8482,0.2291441988469218,0.77226597803042962,0.51159749835874291,0.29697578694021398
8483,0.42878295776663583,0.21889283451231897,0.48490844549050782,0.26907343130747674
8484,0.63266984493978096,0.42242386869710175,0.5036372459471018,0.28289814440638356
8485,0.73796039735941443,0.69505317335937877,0.52183759927643569,0.29796405081133231
8486,0.45870032776937586,0.23142592438383727,0.48654710479878621,0.27007387739932298
8487,0.0431453215654823,0.55606335748668068,0.49296011803218603,0.28444468542667456
8488,0.67753191487014985,0.95688807980691792,0.53146859480195974,0.30763274537897267
8489,0.58011838372173963,0.75173721157858386,0.52144035915516962,0.29969256019383123
8490,0.26991964466118956,0.30342593426970998,0.48669549843031984,0.27344542884854689
8491,0.97966567674461991,0.092656641765369571,0.48344533779300364,0.26140496382417355
8492,0.21872811838226627,0.30796863951691195,0.48534862974425097,0.27326084814574514
8493,0.50829845505420812,0.24847312257232843,0.48891885921298922,0.27145586129972682
8494,0.4739848123129341,0.13426070608260343,0.47924351669422099,0.26335321043261284
8495,0.1191214356738492,0.67180683040703881,0.50242575797908995,0.2911292868449657
8496,0.3005893349101651,0.44552965385542487,0.49684949403265666,0.28202191203332683
8497,0.95902907147099037,0.35135424786206565,0.50398253472580135,0.27963696842723473
8498,0.31074655374569121,0.72304466516653787,0.51241509854832612,0.29600063605249544
8499,0.13500262725296197,0.70150284535483221,0.50457623788165129,0.29270964643957142
8500,0.35997550282563318,0.47952648650236662,0.5007022224863964,0.28440799412380197
8501,0.35627026592235778,0.69763911527682798,0.51262787880384786,0.29532106497526961
8502,0.16200378284059699,0.13075710360953818,0.47055963166225712,0.26113751292331649
8503,0.19002304619158386,0.8978932581100264,0.51362505999564523,0.29985672102786515
8504,0.85694503148983936,0.17651124190174744,0.48917412335541388,0.26754816603442422
8505,0.64603106129287047,0.57234062651764839,0.51316844307428799,0.2912866127765999
8506,0.19847355311032153,0.14808895591580076,0.47311813299579825,0.26266567093266019
8507,0.86063254511678822,0.26538557121300838,0.49628773504694096,0.27377810702762301
8508,0.85499285687323434,0.70643448240720907,0.52453716441524245,0.2990672487216246
8509,0.18479120445508745,0.23539807786784367,0.47915217517874797,0.26838656930673793
8510,0.10493886141496478,0.21226312005600195,0.47456654332044629,0.2660554944384565
8511,0.50615022889251116,0.069693072343885429,0.47442341173861957,0.25862928267174246
8512,0.33023584416449303,0.82834385091544827,0.51744869037265562,0.30028184719281947
8513,0.85489089565112952,0.78771914130580856,0.52877856156181013,0.30291438391837261
8514,0.50835182140773394,0.086266971058479983,0.47590604012525378,0.2599097623511275
8515,0.86538227359465092,0.97299236522925792,0.53602874527991629,0.30952921324424032
8516,0.90220076600549515,0.40147869978438833,0.50672874718246219,0.28261474016374305
8517,0.65178250127305515,0.42634241612291662,0.50426495158794693,0.28321500568922275
8518,0.77855282791102076,0.86994997405606556,0.53104942127312182,0.30588357982112235
8519,0.16547108001633315,0.93367917787620103,0.51318932772270887,0.30008427259768028
8520,0.91230932731180214,0.48882555253905013,0.51265906642547432,0.28779807153693998
8521,0.065551043355243754,0.14457259806956865,0.46803166091471443,0.26110246002580145
8522,0.78614347071734958,0.35611892213084506,0.50184032812308976,0.27947250013252439
8523,0.88747797345673907,0.49101191694267332,0.51243323908055349,0.28784509927148866
8524,0.71414608547339453,0.21044759870102864,0.48982215910498111,0.2696271333209545
8525,0.099669033263821635,0.36311857473956194,0.48445514917897164,0.27516324820715587
8526,0.74894880537824937,0.62545931925630438,0.51821144177262102,0.294553209995911
8527,0.16454517492578599,0.13069429453111953,0.47064117270595046,0.26115587786504291
8528,0.55306548850013648,0.59302131879279629,0.51233365469945813,0.29181504791562241
8529,0.25434352899586088,0.57848269177955813,0.50298606802449752,0.28852435746206095
8530,0.6785920154994004,0.4686560850721202,0.50750332340420146,0.28577830032339518
8531,0.16323469513364836,0.67658786796528148,0.50457557384738505,0.29201738824229856
8532,0.0060350835552788343,0.25586490203453,0.47332365551193945,0.26749299809494076
8533,0.3897008697808837,0.14257556486582618,0.47801865574479002,0.26355550613810391
8534,0.69632928725018872,0.13398047104637373,0.48329108893930567,0.26406874576317474
8535,0.77519297095722284,0.67159548973786887,0.52125804981731694,0.29699699794496714
8536,0.58393844610642409,0.54217081436471781,0.51008518834660821,0.2893447892344948
8537,0.87568004066507565,0.78911689367681981,0.52920191782411674,0.30307361648920816
8538,0.14972606782001677,0.60280926468156981,0.50026433754164046,0.28838248146290035
8539,0.23294179030366943,0.94710544010809394,0.51657840276347133,0.30164558857834606
8540,0.23390685833831087,0.28597638863158648,0.48435031033759118,0.27204767041724592
8541,0.37644239297054011,0.61392782860690498,0.50885857910430465,0.29151401800356264
8542,0.30206794219607258,0.10224902010963997,0.47251121937432994,0.26013227760161073
8543,0.33101442620049931,0.3859809540903778,0.49402774611819145,0.27890272966590662
8544,0.50222196008631725,0.12928997431193712,0.47941931973091845,0.26310517409409567
8545,0.3712143606865197,0.18763524608324517,0.48111509098802324,0.26661876433746801
8546,0.011293621775542852,0.7068451935251826,0.49865674903844703,0.29064039674760317
8547,0.84884105896380502,0.58807039349541312,0.51777624648254683,0.29303594403732569
8548,0.27009137306084158,0.44587703577991344,0.49589271998717915,0.28175220490360969
8549,0.091806710143841341,0.42192803482149033,0.48771086015641996,0.27833066706503529
8550,0.63526404238709944,0.96733376164723894,0.53065836969026792,0.30748116012752058
8551,0.74328465359242413,0.75941010133587994,0.52530732707328798,0.30104825225472454
8552,0.21369426554540405,0.092400200152688197,0.46916858262725442,0.25881175087642022
8553,0.38581003146144799,0.57046347019005339,0.50673497588832506,0.28941705586127237
8554,0.55452683914949885,0.060054318300343586,0.47448576701072542,0.25803555544123652
8555,0.31501424172093395,0.85574599137426122,0.51774923412901264,0.30088539923154273
8556,0.005814732218428981,0.40344156537574022,0.48259205203192773,0.27598035640844193
8557,0.89975075764051882,0.026011286516545808,0.47638771760900828,0.25594984917329849
8558,0.39374657885405467,0.86238784832345561,0.52073199404302895,0.30212547822941699
8559,0.51123741820330026,0.57602894331776777,0.51037519912970952,0.29066462015159072
8560,0.28518348593508125,0.53638232385994633,0.50170085903520323,0.28672542429377984
8561,0.3448882201322937,0.45333020445051375,0.49867148792595178,0.28284330494495669
8562,0.19189755950769177,0.70009668786661938,0.50690734795388059,0.29348705337120562
8563,0.15314083805707052,0.11672325500081061,0.46915536754240461,0.26006679786890669
8564,0.42644709547212117,0.97863115978400461,0.52469629566404752,0.30530555262417353
8565,0.85415370975193805,0.31487249169828141,0.49990255485567192,0.27703911095561357
8566,0.59888288533129963,0.83277818234496515,0.5256059027017379,0.30324434888075691
8567,0.82623089518881176,0.74056627857406865,0.52585614354680754,0.3005785295195455
8568,0.21737815410649639,0.22129404135927327,0.47922699627597481,0.26776984268983312
8569,0.79618326446070575,0.95282354772699773,0.53406779474616706,0.30850981153827078
8570,0.28552478387282465,0.83948246486744615,0.51613926979445934,0.29999239639343112
8571,0.62755651625707987,0.6983662115185173,0.51976405024161432,0.29750203852583956
8572,0.87695754509716062,0.66607920253457276,0.52269083698935659,0.29716424797447838
8573,0.47641201801706345,0.309968338454084,0.49267195899374827,0.2752732802284627
8574,0.97411281187095455,0.45766420844636158,0.51149686658255222,0.28616871693570567
8575,0.046754595323803369,0.85012846140506448,0.50515633452327757,0.29572798449902682
8576,0.49138577839188513,0.83141327226326101,0.52270759919017051,0.30223197915222139
8577,0.80782338996756597,0.21535257822979476,0.49163860606755477,0.2702128387349686
8578,0.23624050087587678,0.12484341571111,0.47247132595961722,0.26132563723212193
8579,0.87770200229947226,0.70367631846774603,0.52476318424547286,0.29902857512678593
8580,0.50566940625308787,0.26009446077017345,0.48972522645415173,0.2722119402551868
8581,0.7836304454990547,0.53553955093709515,0.51354826370500528,0.28995490334003432
8582,0.25230196661773374,0.35535607862459728,0.48960806016964153,0.27642127848335096
8583,0.7157382390368846,0.047655562814173755,0.47600159285526927,0.25744471333215113
8584,0.46591507115935676,0.97548240192442903,0.52594039215335053,0.30576420120467634
8585,0.063507073588238566,0.55726209536961979,0.49401380028488723,0.28485184719863288
8586,0.34754831523603064,0.008494804589881097,0.46556244456715834,0.25316772332074416
8587,0.67194643138289689,0.32576302425038306,0.49776516943871285,0.27716546793221647
8588,0.68047090812599054,0.059762020904559184,0.47657022532269228,0.2583371997252345
8589,0.02673063355785562,0.097832489298854491,0.4628445284563818,0.25739567020484344
8590,0.86319892949598154,0.51100799925451867,0.51332712717920859,0.28889384181388117
8591,0.79975591619272024,0.0442773295775638,0.47685981059642712,0.25731663479597727
8592,0.15645112635780825,0.83895080277215461,0.51059510482379034,0.29781207843998919
8593,0.88908985660908513,0.71494708986891209,0.52555457457454013,0.29962439450137662
8594,0.69305737582872395,0.79343625478966862,0.52601314908383801,0.30231989679937515
8595,0.76567030436048522,0.49489254397751065,0.51072780330042045,0.28762998098097647
8596,0.99027378417194134,0.32922334242473589,0.50277429357599501,0.27828423007129521
8597,0.047686319506831935,0.14200515724004947,0.46710316593970996,0.26071407104904837
8598,0.65770061217643094,0.95395785298455749,0.53090423663072261,0.30738085256116454
8599,0.45045062232328348,0.64925973787574331,0.51285635221720915,0.29387836879189683
8600,0.92625761296321873,0.17340126725296723,0.48980495722429779,0.26744509819337658
8601,0.19341612545239042,0.019038084585417527,0.46235752252716622,0.25311755030562105
8602,0.20762111939283787,0.51094126686063834,0.49754026855772393,0.28455798003236188
8603,0.32075261380298764,0.028433403276547326,0.46669489782225454,0.25462350735553646
8604,0.45744768358342119,0.02732149728588993,0.46968228061788148,0.25512520436872438
8605,0.67361656413505566,0.054898858127242427,0.47602507577815634,0.25793642147458323
8606,0.094113292613218075,0.77454413133763012,0.50558295643223039,0.29473258943049091
8607,0.24431475652501686,0.5952311548245024,0.50353428180385296,0.28923566773494502
8608,0.76480385935913076,0.662416575244267,0.52056499750147645,0.29649186320244308
8609,0.032707307005126494,0.34913478521326324,0.48060780815820126,0.27340497401928188
8610,0.44322272904106652,0.3934493454186595,0.49754548726296111,0.28015552087480361
8611,0.98269178292808357,0.063703744580445351,0.48084349560501138,0.25910867029264539
8612,0.39741061348129297,0.85075528071614681,0.5204902077986957,0.30182610586735154
8613,0.80734329248088177,0.52949418186458053,0.51357800760480088,0.28971696010610815
8614,0.47225195376101181,0.0030246164356241933,0.46775464705224851,0.25321012121643904
8615,0.011879827995586675,0.59427217443851987,0.49333005450787709,0.28568666786322711
8616,0.46791537909997866,0.034617510232853234,0.4705525750497408,0.25574434004647467
8617,0.099073749847186268,0.15911567768867829,0.47044811453177027,0.26246946933914422
8618,0.17825392399906415,0.81908683790549408,0.51103158434186147,0.29766539651476714
8619,0.54732800399638948,0.96367075201120456,0.52816982789818123,0.30648591380366941
8620,0.46984878648546291,0.94800567451379036,0.52547224967712047,0.30523698866547916
8621,0.22368469536056509,0.34835771245883079,0.48819844348888664,0.27573306766648348
8622,0.84718516207585348,0.050697821907338222,0.4780632112386986,0.25790379217047482
8623,0.14391202266284964,0.81375778861454462,0.50927687433085322,0.29688390297388567
8624,0.89119448607041263,0.79931689855115251,0.52997587922349054,0.30361142452446849
8625,0.62358249324861681,0.83482130041077041,0.5262849336787897,0.3035159689428108
8626,0.35196743657499319,0.30541550449427451,0.48922674871673894,0.27420829388421308
8627,0.87552559915242023,0.25852468557817632,0.49596619806411313,0.27334718827219617
8628,0.78497932690199235,0.90165252850378175,0.53229604649500895,0.3069715337547988
8629,0.16976070259361295,0.25168740217242158,0.47977796233074682,0.26927863546094782
8630,0.80996120649791559,0.4022631711123395,0.50540691672796545,0.2823872243050905
8631,0.24178165782619035,0.73669574016871631,0.51060032797998001,0.29576642929876551
8632,0.022472265710786452,0.035093141030624976,0.45764374699562788,0.25279082246426099
8633,0.16364387396435487,0.59198288017926981,0.500271709209133,0.28805655036846017
8634,0.22430182944616536,0.66618235341581755,0.50648820851673504,0.29237140723684391
8635,0.67557792376918946,0.68035622221719239,0.51981809486942798,0.29691444809013057
8636,0.0034690881368354895,0.49396407900721534,0.48761361340499026,0.28066397992062669
8637,0.1391082340695779,0.34385738796583609,0.48482758845174417,0.27454874251419942
8638,0.82383430066868901,0.52105515338337283,0.51332878896718948,0.28931334597292313
8639,0.17256268794419011,0.26338953618841482,0.4806948124864775,0.27004529785329107
8640,0.81815618344767727,0.0078117553330142985,0.47366533331288702,0.25434113407143166
8641,0.76024636765165488,0.10378237185691251,0.48166171321944068,0.261933615773218
8642,0.58818630941748862,0.4531183294904535,0.5047145540476945,0.28445492266187905
8643,0.88270240245762988,0.18378049170105953,0.49011243625588807,0.26812332047010784
8644,0.18818729445437202,0.57244779709208526,0.50020847406086377,0.28742891949483163
8645,0.82051297342398899,0.98379678247548874,0.53538203768805004,0.30946093905922617
8646,0.41496627821520671,0.35778153855645795,0.49446886869103202,0.27784837652007183
8647,0.82289674891870246,0.36694404717938739,0.50317125362303017,0.28026102549172666
8648,0.13346680389830146,0.87719634476985098,0.51043295189202542,0.29827919654063256
8649,0.5200278300467529,0.73753305617909648,0.5192584424005805,0.29860003147342984
8650,0.44179711426569851,0.91981513945710613,0.52390000491297872,0.3042398860264609
8651,0.39760692522312746,0.2379568057314842,0.48558128004566709,0.27017205988356108
8652,0.93416932944079167,0.50454457504890171,0.51397384569144589,0.28875797729890051
8653,0.55976449792893845,0.63939054578848886,0.51506906780138528,0.29419532232574352
8654,0.21007165990279755,0.25234540863350269,0.48121433816772363,0.26971097289584933
8655,0.52280906227728119,0.58145022812840763,0.51096363235176057,0.29102233545823125
8656,0.31791344349716094,0.50693951554320527,0.50105994175486723,0.28550739650564499
8657,0.24708030482582982,0.076881797065783769,0.46888001570670373,0.25790177559627236
8658,0.99330207804423998,0.65127814433489695,0.52361426645861464,0.29683624172646284
8659,0.79360250565266477,0.67743671176665232,0.52190752763485349,0.29737184250186177
8660,0.10273207172463882,0.80772165971343646,0.50706716409486741,0.29590182250091168
8661,0.20388737459635595,0.44579635554036362,0.49359869273985424,0.28105193229895292
8662,0.069885967637726573,0.83452861916682453,0.50607034681601404,0.29590105337189782
8663,0.75094698459383802,0.94815796220054627,0.5329564088615818,0.30803783719790467
8664,0.4409578845788143,0.61895744903424055,0.51096362470513157,0.29231469180873115
8665,0.50346505643018757,0.84819321275806292,0.52365221470236556,0.30291543522836073
8666,0.98003350574468506,0.11820268310190878,0.48571801293075267,0.26338746739248198
8667,0.36255716868055754,0.69858571074948417,0.51287203985369501,0.29542761211598917
8668,0.13701557867479278,0.11795849943192444,0.46869083779134746,0.26000554876355131
8669,0.78645440438926462,0.68528133986900797,0.52220712647133083,0.29772497171802609
8670,0.10574775558215334,0.30218317753764573,0.48078343330340062,0.27167374702978508
8671,0.56403551334958757,0.40520079649571561,0.5011021953940894,0.28154863329283197
8672,0.41943993636319649,0.66198760824002101,0.51267184257656095,0.29423204516562379
8673,0.95286458495688864,0.036865040676470381,0.47801486619002298,0.25689804817667433
8674,0.097629197681706872,0.90410467840720665,0.50914272694093832,0.29805471569622971
8675,0.4348222402360174,0.51903725825197766,0.50513042792955021,0.28712862429140701
8676,0.039462500501715111,0.027100888560281602,0.45767214637007425,0.25238034108226381
8677,0.23104915176279611,0.017455713025003209,0.46332905491363086,0.25324621573851736
8678,0.61598818638565711,0.12047870928124758,0.48081876337687601,0.26284249353226469
8679,0.35338850713100983,0.010537337224034127,0.46588511783395198,0.25335860429474266
8680,0.32488157809466361,0.73079457965473416,0.5132687312059333,0.29650549109886548
8681,0.45605628335004439,0.93703479493145136,0.52477806188485943,0.30482039095493202
8682,0.56829920732899342,0.74905979374538878,0.52102561304361994,0.29948633742043745
8683,0.51004868601512865,0.72165719675224971,0.51819961575615181,0.29778914915815463
8684,0.19386332484112356,0.79281835714093185,0.51087360940792259,0.29712814909581009
8685,0.27081415232188305,0.052453197761916093,0.46748061303540578,0.25620794606778885
8686,0.76295335428755495,0.53946657772475148,0.51342891575322502,0.29008384481618615
8687,0.87073861990183365,0.71188315938363089,0.52509108359282275,0.29939921446744278
8688,0.84070472804604801,0.15861996038764484,0.48746874247977801,0.26620957884718754
8689,0.37922470608357112,0.8050553199811723,0.51829736433073303,0.3001108225181276
8690,0.11028717825034401,0.72400857871634661,0.5044614066573716,0.29323947539926065
8691,0.44510378784750354,0.14296528880264378,0.47932845272099789,0.2638564190343905
8692,0.77791000126692234,0.049839501125819516,0.47707954962885157,0.25773083600090529
8693,0.53192092123542678,0.053498835419083485,0.47348583747180167,0.2574513883998219
8694,0.46906461269551658,0.70223247630413388,0.51613293673715088,0.29655727884055316
8695,0.2086931327534956,0.31276090516437544,0.48532988143883743,0.27345452499926698
8696,0.32476235776386458,0.59118036764111603,0.5060335556504173,0.28989804613048314
8697,0.96886575626361893,0.077846512320905462,0.48198693005700594,0.26022454360065322
8698,0.76572358447426236,0.26987046731821029,0.49523081722510792,0.27383426930377752
8699,0.22577200455089333,0.84911804661018553,0.51399424191986898,0.29932086943200947
8700,0.097546576049539729,0.058675730832631237,0.46250911859247301,0.25533705451247452
8701,0.87501362235926794,0.98920902708974912,0.5366306868585986,0.3099914383956221
8702,0.20363678702121835,0.2657703855135129,0.48194117302843476,0.27050136798572633
8703,0.76879492983032249,0.520751298616,0.51238828576084805,0.28908274044093352
8704,0.88916465431071123,0.88951113014112937,0.53389815975014709,0.30723913988227486
8705,0.31069487460645617,0.64322877210722074,0.50836189227942252,0.29229321769064442
8706,0.81643988857957306,0.39203342840295519,0.50481005193370232,0.28178659374833392
8707,0.72888935299405133,0.88987417984135686,0.53070697223540664,0.30619842882964798
8708,0.30082781235893491,0.32596443797488467,0.48916993046563667,0.27508380901898805
8709,0.50992033018433724,0.066550590770307463,0.47422138957842946,0.25839883389687374
8710,0.57425420070785338,0.65765792497404629,0.51639739698438769,0.29519096761844282
8711,0.1360800014684326,0.93723727506912546,0.51178532057880544,0.29952568679133185
8712,0.60426048817940758,0.052993143755395433,0.47472808775915953,0.25761900155767864
8713,0.51951423044645928,0.74796066509351367,0.51976944310172835,0.29907415107846108
8714,0.023340831317857375,0.46500590310659029,0.48701858631701539,0.27954079326511205
8715,0.12397840095817809,0.14574170480141183,0.47037208888277016,0.26181724641521392
8716,0.26867583399518624,0.30910631463908361,0.48704485266136222,0.27378438718823678
8717,0.87481865030600459,0.097934761921514291,0.48268232109972636,0.26168166793111358
8718,0.201690129116911,0.51251528979173167,0.49740894238143002,0.28456905598245685
8719,0.91587238296208673,0.074466308870248035,0.4810739139990613,0.25989521709909857
8720,0.15814902685865528,0.53915308228001235,0.49720208679324684,0.28537624065141587
8721,0.10588513556855032,0.64081912009449449,0.50029103772773709,0.28950331322177403
8722,0.76885388054664949,0.12277786902548979,0.48342987627758899,0.26339580638018978
8723,0.2147767601083615,0.77201358949333665,0.5110031173832682,0.29675135399995933
8724,0.18320045446563746,0.89111188939722485,0.51315529817275651,0.29957832028515663
8725,0.19965260592197301,0.95629023574477767,0.51523432188856233,0.30117782303439161
8726,0.9326390720297234,0.261092349854263,0.4969192202813173,0.27364245747377758
8727,0.46129370301145833,0.53142227035221878,0.50654830851116994,0.28798140245671006
8728,0.21012441243097418,0.69571891443658385,0.50741550394837065,0.29353820325706442
8729,0.62656461563691268,0.62182384123780066,0.5155861550368015,0.29372884806428845
8730,0.70717400795508878,0.32998311443451095,0.49868488361660823,0.27756189634957112
8731,0.80545531335707055,0.76416202033775626,0.52670961900150381,0.30158830024422589
8732,0.024453823848755565,0.24254681689335267,0.47328131224129188,0.26694478895631341
8733,0.46693542290410261,0.51983143015423561,0.50600894866850177,0.2874041075060132
8734,0.051794538026547529,0.22604153436437482,0.47335731444559648,0.2662860202791964
8735,0.22372604840815766,0.32075906568089269,0.48637623881319275,0.27408511674238578
8736,0.99244858220434984,0.35546569986442339,0.50470470384102228,0.279971916719224
8737,0.73190274135799849,0.35362743176900552,0.50077878595264236,0.27913642652586784
8738,0.23247013948495734,0.23392759803211086,0.48062918664676801,0.26872508106841797
8739,0.49585570848105709,0.29232116307053946,0.49185647288091072,0.27425549036476887
8740,0.68135518275924256,0.79940130581461122,0.52605356250021063,0.30250925570680354
8741,0.017442431644827595,0.53893695441497258,0.49075767502075862,0.28315034862847199
8742,0.33363975030552828,0.51842051393616706,0.50221387194895561,0.28625869969869733
8743,0.53078407521605264,0.91089685783399044,0.52637534070986047,0.30503834306666916
8744,0.97318874983369608,0.93852833241048506,0.53704627962602947,0.30928024034285811
8745,0.87047346748673593,0.82156978648895163,0.53072827783122523,0.30451877428809204
8746,0.33594577649090207,0.68602722788195825,0.5113930034742058,0.29457515247829946
8747,0.51338900187400871,0.56287922465145823,0.50967337547793046,0.28999710518078819
8748,0.12330101328614401,0.29640722298623295,0.48110014568545617,0.27153860218567877
8749,0.050972260958759584,0.34782326368541688,0.48136966582249913,0.2736060930089243
8750,0.13966337969506859,0.46383138501310028,0.4921907458349209,0.28123799469932237
8751,0.041418673072650562,0.96728396607354517,0.50700263980202276,0.2977126891948631
8752,0.24202689035747901,0.37064840698865015,0.49026059954844131,0.27721948078800007
8753,0.71250906717163742,0.74112927320661259,0.52376504394114831,0.30002672789566492
8754,0.84830857661067283,0.28373222196785503,0.49750603627461626,0.2749780931947543
8755,0.75588741796022518,0.83823510895898801,0.52933247051493182,0.30457135685251485
8756,0.11058703835682246,0.91019390123536581,0.50995260580001489,0.29846468014731942
8757,0.14241407149595908,0.379094691439264,0.48719090555475569,0.27661861687470973
8758,0.14119331772431035,0.018001393050246409,0.46060724447853479,0.25264131175261428
8759,0.18185831359160368,0.4149916943233577,0.49092089957035995,0.27910484566730187
8760,0.21632354959551015,0.20166611601462356,0.47775174076392385,0.2664640830235846
8761,0.77625438702112293,0.15801543054954381,0.48651700190004471,0.26603217383857042
8762,0.11184809273740975,0.33320011518908432,0.48305639340945766,0.27359057228536854
8763,0.13527119982772273,0.082510165613621941,0.4658015372296333,0.25744261628816556
8764,0.5356232465090347,0.56153020411437615,0.51012445229495806,0.29007277703973433
8765,0.10897571670442122,0.50663200539835962,0.49333762087176319,0.28304051536810559
8766,0.25604565782478311,0.98998469003582146,0.51834673460050007,0.30281240263412645
8767,0.83379725338410349,0.40944752039619492,0.50626407944007368,0.28289703730794374
8768,0.72711578321090209,0.97279413746254284,0.5330453791424401,0.30844691328103946
8769,0.42700720513333806,0.33600888286581032,0.49329764598473763,0.27660226694598955
8770,0.077432441341725652,0.95120688947195886,0.50886444320082425,0.29839739875852511
8771,0.00035600267996778717,0.32142693089531971,0.47731377958642096,0.27130126691918877
8772,0.50337828387898631,0.85969363775466334,0.52404024340606126,0.3032820515133296
8773,0.8592335346520763,0.26374227427555014,0.49614246867577821,0.27366379000079327
8774,0.2712350840841769,0.26838499746246963,0.48429926692867026,0.27126311223865801
8775,0.66724736710008004,0.75765740935545189,0.52368196416976653,0.30053259668984994
8776,0.85553373827604817,0.71137006575429118,0.52481124572396987,0.29930941612839779
8777,0.18493935894664609,0.5514764444237924,0.49894212390045611,0.28634511845454763
8778,0.12458697878314415,0.94410776866684909,0.51131170200418652,0.2993906135118567
8779,0.5324201550906873,0.59053562477437083,0.51170857880987897,0.29155293010526112
8780,0.22806161516375142,0.4243987272112747,0.49316151437739292,0.28013692585132749
8781,0.71642515463960599,0.76065374194694457,0.52484370667155955,0.30095828931201107
8782,0.11239501906997756,0.36242700797599975,0.48494013631515609,0.27529068343977336
8783,0.24272272519165417,0.93199201909339757,0.51670931315133806,0.30153215881946094
8784,0.39285218150346773,0.069810513808054392,0.47203297979348929,0.25818365988971775
8785,0.30650717184088427,0.58959575566331623,0.50535929595221063,0.28963600831556774
8786,0.77442354951963066,0.26721964776859386,0.49516508410272075,0.2736813874516229
8787,0.58974763422961118,0.046738684213173114,0.47391655606627436,0.25708441530828319
8788,0.86680743862880627,0.4153560772877769,0.50716111429354527,0.2833537595444961
8789,0.54695107956615985,0.10732180027650903,0.4784522254432072,0.26163765806360612
8790,0.86662949129064804,0.71168160910418954,0.52501249520579929,0.29937203868576012
8791,0.47769993557486451,0.79789747238113784,0.5209985468865993,0.30087047689715835
8792,0.31776527914617914,0.089578788513981267,0.4718748220244367,0.25928798900611572
8793,0.68198995802401341,0.47540996263996937,0.50799506331321898,0.2861768906119998
8794,0.37765992194622522,0.4793998140952434,0.50120160417983195,0.28454647793453686
8795,0.9488754954888835,0.24678307026188123,0.49601161218369449,0.27269337872975352
8796,0.90628236321065336,0.27405988940527898,0.4975707364105843,0.27446540137592207
8797,0.51318316110792805,0.69907562069928975,0.51711776271741827,0.29675493730320285
8798,0.99618336454177048,0.67430484661433143,0.52495205714238402,0.29801400420901664
8799,0.49368244529837979,0.29777990696312628,0.49219878223502062,0.27459308128342913
8800,0.57076185476215324,0.53880531936519549,0.5095956322321743,0.28908816338202298
8801,0.086717705233080783,0.20745616129002303,0.47350039245445003,0.26553218655754013
8802,0.43461473567105136,0.91218388313282051,0.52347339365525503,0.30396462615573516
8803,0.30263098363218599,0.78141047148496146,0.51475152263822666,0.2983214641148183
8804,0.94205087038282076,0.77157043333960473,0.52937441770700544,0.30254006204651362
8805,0.3751500165196951,0.64997998361549114,0.51074634418819131,0.29325687772610015
8806,0.83991560742667648,0.30788768040005815,0.49918341561415353,0.27654743560501815
8807,0.050397090603585819,0.9217173167559668,0.50681646414248072,0.29723439249300604
8808,0.3403161381447804,0.57266133537219133,0.50549963404517806,0.28911888610453851
8809,0.95487669985954426,0.36388436365429078,0.50482309353683164,0.28041991941775818
8810,0.58644104151598875,0.85734914996685696,0.52620890943680898,0.30399377638589609
8811,0.1508176786348806,0.6040663632524782,0.50037558197208287,0.28845818112011401
8812,0.39828837462583327,0.16780771020915128,0.48023555628687364,0.26539171755248098
8813,0.8486113755480037,0.37198451008506817,0.50391053469182656,0.28064993077774619
8814,0.38671937549746366,0.96907225888181714,0.52312226647243987,0.30456547344352125
8815,0.93198452835920043,0.50925458064292328,0.51424023613458747,0.28901730722182678
8816,0.92963220944671199,0.14197352249136894,0.48719219231935823,0.26512340034094134
8817,0.88644364048490543,0.074212089090200606,0.48069894438138155,0.25983740231886865
8818,0.11326652522858932,0.80306841902829473,0.50745851018376165,0.29598116965596244
8819,0.98443185304299696,0.2372525670535979,0.4956957772793783,0.27209644650887915
8820,0.62736038184281218,0.52797224688661515,0.51015910360055783,0.28882125725612179
8821,0.99798462093729756,0.82725586962274977,0.53305115698627648,0.30532719531463842
8822,0.72613395329263297,0.11640239091682016,0.48225331061707016,0.26282175426583204
8823,0.025611354635760655,0.58349709152138096,0.49349883884751322,0.2854406056820083
8824,0.7724283518188052,0.11158793695586501,0.48251498842564783,0.2625545466567516
8825,0.42094782768547306,0.8913128360661563,0.52247120281997383,0.30326242807641723
8826,0.50065424081856624,0.41321584882024909,0.50021634795601966,0.28166796679779399
8827,0.86551587220161463,0.0048968947900575582,0.47396580384470943,0.25415159484411048
8828,0.55714750059192308,0.63285297181663336,0.51464977642219034,0.29385324411902058
8829,0.15221439608406509,0.95573123420980999,0.5129271643609381,0.30019325247861084
8830,0.35248766168298901,0.88155905571951299,0.51985310750916525,0.30210942593085988
8831,0.75117111387281921,0.435607734912762,0.50667200652554012,0.2841680917777919
8832,0.42005189110847424,0.97164387974814748,0.52433979228963723,0.3050832753158888
8833,0.35738190967886474,0.31754988226840503,0.49021318338229919,0.27499949361166492
8834,0.8439434935149388,0.44370561067817038,0.50870807814694741,0.284968402676812
8835,0.77425251448793564,0.87626338059353881,0.53119410946555856,0.30607217730013853
8836,0.83476820634152971,0.92619917235948379,0.53409263813897223,0.30805450609952784
8837,0.81193895928085558,0.42608797327423237,0.50704112540959545,0.28382202351291119
8838,0.22904619770903373,0.68627507306888003,0.50767532586518893,0.29335621391786149
8839,0.51299537152618868,0.87609716022900541,0.5248445529361061,0.30388048608482682
8840,0.30306318351611267,0.13653751828245586,0.47531783986591503,0.26262068973649916
8841,0.73664487989667105,0.07823733933478362,0.47906769945364075,0.25990837831027336
8842,0.23966530079325896,0.72098538268829004,0.50978279992168862,0.29505950801481473
8843,0.7253319155340433,0.5461625491402694,0.51315741564424922,0.29028263985620734
8844,0.65899777906754753,0.38628521541337252,0.5017342413877981,0.28086233156679857
8845,0.65324404646795009,0.80657309011433975,0.52577397942433279,0.30262893391200552
8846,0.14320231493051397,0.46999101426507117,0.49269222667469142,0.28161103229918683
8847,0.41729908527053194,0.58075367435343794,0.50820279392900003,0.29020493126210439
8848,0.61624924037536843,0.53975194885273237,0.51063330703385634,0.28939662700773311
8849,0.030606609761842995,0.98056781702631857,0.50652566576886693,0.2976011898244344
8850,0.87786397324757415,0.48783756359390684,0.51208663090692308,0.28763327707373837
8851,0.0030754439743817786,0.60028792185782232,0.49316274530712861,0.28579462947755879
8852,0.84221080216263655,0.34701107535468184,0.50205262024331376,0.27906659119084098
8853,0.070212705758016095,0.17616457852519815,0.4705669657994816,0.26328305145345193
8854,0.32987138719862563,0.76655019309894423,0.51509163059359775,0.29808593362395197
8855,0.48116712797976802,0.26096548625020077,0.48925101014552341,0.2721477006986312
8856,0.17597438473779475,0.20318743135378464,0.47651739422553679,0.26620078818862741
8857,0.29971115877238336,0.75030360991455392,0.51333402855735832,0.29706642514755083
8858,0.033212141973327378,0.97188122599687199,0.50656773246631892,0.29755486749703747
8859,0.96105643438444244,0.16437615353019211,0.48946878295263324,0.26683651355403704
8860,0.88116146342857982,0.067462949366460093,0.48002107906852004,0.25929396506472502
8861,0.63542505579997099,0.67962602236612002,0.51893829133480562,0.29664600374205735
8862,0.80852425172234654,0.78455342950775531,0.52780271136308088,0.30254656288379739
8863,0.42956544738655211,0.69691649943758971,0.5147727478882641,0.29597435484857254
8864,0.81313622111865558,0.28120913352769566,0.4968053845752276,0.2747202910399259
8865,0.66284766801152151,0.22486790612455226,0.49009616537972311,0.27046995571215837
8866,0.078862413235229911,0.15976860859108857,0.46970492612561943,0.26228731983831538
8867,0.10112232555228985,0.52150371478031166,0.49381640337305122,0.28367854019776606
8868,0.1462325418840279,0.70129445840861881,0.50505761240841751,0.29287430704540413
8869,0.78298929804762596,0.74809214037152705,0.52547323603818274,0.30072539799672399
8870,0.95245334411124938,0.17427281031020686,0.49019568112666306,0.26755048749076304
8871,0.8533458899641061,0.70186937445980735,0.52426363867421422,0.29883762465251185
8872,0.39274559720713881,0.12100096042949009,0.47633616146515628,0.2620094068299525
8873,0.42495018332438778,0.01637643493463984,0.4680136313614443,0.2541267871425813
8874,0.58131285984461434,0.55020487198814516,0.51050137074367941,0.28975681761819277
8875,0.62715229985000331,0.099432137116661767,0.47920960582234989,0.2612865904278715
8876,0.63610228597739482,0.94543505282179685,0.5301413790636631,0.30697099953190649
8877,0.4455937636923627,0.22149989911603044,0.48549781060975544,0.26933841467918923
8878,0.52672717242845102,0.49126921523626665,0.50573738544502422,0.28624586443466615
8879,0.11123692274811911,0.87065285943275084,0.50914852930868126,0.29766253060855907
8880,0.015065142880135681,0.4335971386543126,0.4848151101856259,0.27775398211613511
8881,0.039222937975975217,0.056058850562700539,0.46004496193757749,0.25453465511376827
8882,0.84337022462432509,0.76768638437382186,0.52755880868596294,0.30193308998756768
8883,0.79060690509547715,0.230066374647629,0.49254761996962482,0.27119506687481865
8884,0.11931933991202387,0.62589388714687666,0.50014217382397641,0.28902240341137075
8885,0.89915500073955623,0.96758723944321978,0.53654444654847311,0.30962426886069699
8886,0.90076743597852771,0.75533819536160451,0.52787845141465417,0.30160684336781296
8887,0.058112571215874056,0.60922076641904432,0.49644185973790844,0.28723527268273064
8888,0.93160336295786561,0.65840238684638164,0.52311462780030238,0.29698559707643485
8889,0.51230382894921345,0.54740848983480828,0.50875003974603061,0.28917884809838701
8890,0.81628021861579036,0.98656289419993992,0.53536031547199214,0.30949360439773477
8891,0.80335179008882263,0.74579422991868338,0.52572379626681343,0.30071734872640926
8892,0.10138321284468985,0.97739926569095115,0.51059946029127112,0.29937721416758362
8893,0.47155825221234704,0.12384901487141615,0.47833289876712554,0.26258082642204317
8894,0.16632648111240705,0.48753406754148898,0.49462723570742384,0.28283302351227996
8895,0.17967552944322815,0.58854492917869938,0.50073511755533662,0.28810621032242228
8896,0.14409283426912736,0.99726117381501256,0.51315810888083635,0.3006530890460169
8897,0.78631459714284868,0.53968153037541788,0.51384591773550825,0.29019177363048737
8898,0.53915031748601472,0.088800147806887983,0.47671821010490045,0.26020925383581767
8899,0.17270334825209577,0.88086558995289965,0.51242650433842318,0.29914745273004667
8900,0.77379180802371128,0.7970605591371307,0.5277898892297439,0.30293985333747392
8901,0.14774774315800751,0.13501905625622021,0.47039865421969901,0.26130500636105913
8902,0.87939553013715199,0.96119346244652992,0.53598863910404981,0.3093242952033653
8903,0.9931820079386352,0.49842500802656869,0.51439861931388153,0.28857880911286088
8904,0.97874454347178108,0.17887653806583259,0.49088983979048684,0.26792649751020353
8905,0.95550351842493986,0.6077495910305879,0.52056338456879181,0.29445438441557065
8906,0.051916864333779088,0.48340062517236221,0.48944300050760542,0.28096923500729187
8907,0.23061398304622854,0.96311848550523871,0.51676918738324362,0.30189110241087208
8908,0.070570971684821418,0.34301241525738735,0.48194125116291014,0.2736119034084088
8909,0.086037410082423604,0.22745752426869004,0.47489044450987483,0.26680928340529525
8910,0.77649791725453698,0.33455859423984075,0.50015692189622307,0.27808272871507134
8911,0.73805372711134842,0.87020573269095047,0.5302151333311822,0.30561757060585831
8912,0.024977878976298964,0.97710726779311674,0.50613073889161819,0.29739928144313332
8913,0.61803467396664202,0.63592527025343148,0.51618684913076751,0.29438805781936644
8914,0.27266681205210042,0.13384508955714991,0.47425550513640297,0.26222729857891031
8915,0.52810985468126603,0.78732412679522534,0.52189684946830495,0.30088728422834043
8916,0.4845848739617854,0.60499484810695281,0.51134205593207094,0.29195279412043851
8917,0.17685023667494534,0.26966886479594976,0.4812826349792193,0.27048235386210756
8918,0.71047626018646404,0.99552530534131223,0.53317741541420294,0.30880816034950043
8919,0.29574181123079035,0.42163559576458065,0.49522284124634292,0.28064299755444205
8920,0.54878024648643342,0.2961367746241973,0.49326672583430042,0.27475894454207261
8921,0.73628307146759475,0.015187094844772946,0.47327865441406503,0.25483656545497596
8922,0.91889596026706277,0.71614264381899273,0.52609229681001868,0.29980238344378041
8923,0.72701848897446175,0.52067826473297318,0.51164349311507951,0.28890232585163489
8924,0.31331667072322456,0.93836164433575475,0.51974841503458147,0.30284632438754638
8925,0.0659713004578487,0.98660109066137813,0.50872760061343281,0.29862573662765413
8926,0.70172576084722527,0.027524471791868566,0.47393884799606872,0.25578922691721684
8927,0.69834469235920116,0.6268109924595221,0.51732916733238166,0.29437294652797424
8928,0.33457335555489409,0.72909433559264292,0.51350393110163961,0.29653348777488592
8929,0.56588426945585535,0.12433843487160048,0.48024385004049291,0.26297168793022513
8930,0.2440172631828231,0.060564872347645002,0.46742048817931919,0.25665517881523686
8931,0.48789842533919725,0.46888486181605843,0.50344252047317761,0.28476221431732979
8932,0.17946944318887548,0.046330918873485644,0.46426970120124522,0.2551166507332952
8933,0.17703207155630227,0.89655521083174983,0.51298812164115593,0.29957784179363761
8934,0.14297505138871494,0.27974347540455635,0.48073430360222402,0.27074688854518569
8935,0.5951784466445097,0.68375744124270288,0.51827239965761995,0.29659564110584158
8936,0.20804810691025341,0.54291532464205527,0.49935204551871526,0.28620108921170084
8937,0.35694360935223524,0.06351694579204778,0.47064566581512174,0.25753002698848315
8938,0.98326393318368366,0.73722804921568608,0.52819573235869777,0.30106626201688758
8939,0.49895975643537238,0.10451259772841587,0.47727806150967339,0.26125458085820091
8940,0.6656860565032694,0.0059805276566301472,0.47137879421984824,0.25394761110446651
8941,0.064285225131723578,0.89228476581528093,0.50706631785376099,0.2970394663428238
8942,0.084038023549213553,0.98531602590264522,0.50974651421208594,0.29906578105112713
8943,0.068425910521287006,0.43716592707041424,0.48756870991308549,0.27880778293990605
8944,0.019917720944050234,0.1108177557241288,0.46355512393499898,0.25822085924714999
8945,0.24125889512969881,0.82268271029199236,0.51385417430996394,0.29882222631359745
8946,0.187561225452472,0.078910448864090724,0.46724629567749532,0.2576192888467051
8947,0.92929399971297244,0.84955060141774597,0.53300051148379957,0.30597238029601448
8948,0.025084971556405072,0.94792949896809886,0.50572053216612212,0.29698763410290069
8949,0.70312706246842871,0.90683105066827274,0.5306759861408944,0.30651621257638872
8950,0.69537880962359488,0.93805037165569383,0.5314040500361018,0.30731607868357436
8951,0.6578524258323829,0.36138962604958796,0.50000963194424197,0.27933798357270145
8952,0.44072651695880344,0.84688446605053036,0.52174840479158135,0.30221142764978798
8953,0.81890339136131818,0.21764578548701249,0.49197962094182363,0.27039920431511882
8954,0.330982818752795,0.2957324626760674,0.48796981262626415,0.27345141418931812
8955,0.99267078565048295,0.17148821660402466,0.49043347590541497,0.26740548678280374
8956,0.43154892596908612,0.70673597918500886,0.51533070520623281,0.29644973399221752
8957,0.96923439852212334,0.45624481337232281,0.51133772383515519,0.28607246514524948
8958,0.70454667509623103,0.15669702346724226,0.48532008972687402,0.26576318724471953
8959,0.71859809684249343,0.5094588178851992,0.51080036553322117,0.28824633050444043
8960,0.18393367091702531,0.54997094737737207,0.49882043341998245,0.2862568507519761
8961,0.78627758093728917,0.59826905738540237,0.51732191297135965,0.2933173806438733
8962,0.17802653681567174,0.10529309026604751,0.4690813039586556,0.25946573531133449
8963,0.44430535939483673,0.84886560901732877,0.52192484699545116,0.30231343258702909
8964,0.58667784645395582,0.83751499039985944,0.52548587804800995,0.30331429310103547
8965,0.59958977723814322,0.17874956068816827,0.48533025004153496,0.26703524392528805
8966,0.28624106126694243,0.025245952012983616,0.46552871454414102,0.25418798105293727
8967,0.66605354271141115,0.31304903982066318,0.49674809719110907,0.27633279252322618
8968,0.43033473267253725,0.74410431058417303,0.51717254796220113,0.29815305538614373
8969,0.71039399261182412,0.86309132439108804,0.52935523844634957,0.30517685959543123
8970,0.75048542528530826,0.55099767523236809,0.51390309764188635,0.29065479344391393
8971,0.35759617980542829,0.18177576051143698,0.48031570780118166,0.2661338661464403
8972,0.67917761923080544,0.38560677404321031,0.50206104955906217,0.28090451830718416
8973,0.67849709831468064,0.6390608122863225,0.51762037520809046,0.29488711585828642
8974,0.036874432106211316,0.17601413447236411,0.46915391167891224,0.2628568693960478
8975,0.96156115777686935,0.82691833219149857,0.53247848815145515,0.30516383572355621
8976,0.43706299657243075,0.10860716129968642,0.47631951453665033,0.26130608232249675
8977,0.03701876001023921,0.32054417096307736,0.4790049942093817,0.27182314087056908
8978,0.32553220339742256,0.43830115270934766,0.49717096540119249,0.28184198253283266
8979,0.38832604446603219,0.79034804276704085,0.51801204123653311,0.29967395811801456
8980,0.2145066898927675,0.2194256943634362,0.47899737590128078,0.26762212819408127
8981,0.33896389415784511,0.88817530115830012,0.5195385745828397,0.30208910443227627
8982,0.5678088571914589,0.78257974329300928,0.52267293189778741,0.30099715351101664
8983,0.9983054394966574,0.21267977002313129,0.49389218114542366,0.2703904105898442
8984,0.20940814519446577,0.64640829444789571,0.50491428198967336,0.29125880146100075
8985,0.032887398873490743,0.83402051391749421,0.50396941598342038,0.29501719677827126
8986,0.2673819768448244,0.9148162867643056,0.51738923829456662,0.30160350121876717
8987,0.44993934385938339,0.11470061922037277,0.47710959778472239,0.26181403174662948
8988,0.95877029316317064,0.56504874468873023,0.51806893700078804,0.29218454569946228
8989,0.76034825466097111,0.10268927522216691,0.48156772201537074,0.26184999887095795
8990,0.3843679079872207,0.16125771234804998,0.4793809444218623,0.2648553783654059
8991,0.72269145583173955,0.84353260781659045,0.52886396988990803,0.30455872857701105
8992,0.11083835903956789,0.10425035757505102,0.46666880690802109,0.25877932673561171
8993,0.52991964743380671,0.6397509993017535,0.51437922563524785,0.29401065311823543
8994,0.31980683014047101,0.36905955235034926,0.49259848457610095,0.27781975569200812
8995,0.80399840781678222,0.43893969892292517,0.5077661472087549,0.28455470964243978
8996,0.93074403421367757,0.49182520260337043,0.51311585767656376,0.28802497889078371
8997,0.13983877182576107,0.36847080288325668,0.48642312837316004,0.27598118384677217
8998,0.18274614164648811,0.26595686991520928,0.48123339363729201,0.27030933085852826
8999,0.13674342665491859,0.25744517313811233,0.47896840672933594,0.26929176515270076
9000,0.21072836519711419,0.87727335980163201,0.51408043097030531,0.2997714960726437
9001,0.048205541503627318,0.36211265426370087,0.48213292787032702,0.27437731155862738
9002,0.28507710105985173,0.34355889986584665,0.4898702768603036,0.27601388871319965
9003,0.56501651331140901,0.3973818575225887,0.50060611824726142,0.2810907047181419
9004,0.29098055941188944,0.37569905055394631,0.49215852082806827,0.27796526159006768
9005,0.30109628102631542,0.5846193494775449,0.50491041678406845,0.28933292617262585
9006,0.68678991305337989,0.45738794694411339,0.50693817279040565,0.28517064969874584
9007,0.35590700460091468,0.99824951485936775,0.52252864200452687,0.30463255227028818
9008,0.38530564276579538,0.8500595310553094,0.52006508103717963,0.30165640163259799
9009,0.78463156281596758,0.2362674481195747,0.49294284035701108,0.27160745031131456
9010,0.24526914248712128,0.25001607155503008,0.48219019043587313,0.26987371103387225
9011,0.11567688108045841,0.51448738354990498,0.49406479032307837,0.28353797917854046
9012,0.21752878204189474,0.99124195218257383,0.51664543206733937,0.30210351262495444
9013,0.070708265639992898,0.53661489573431909,0.49325273295635058,0.28395788113612497
9014,0.68399429966491887,0.2947483985879808,0.49573545590111706,0.27521611886425307
9015,0.59587388390592533,0.306624054475443,0.49496986220171224,0.27564072179745736
9016,0.23124008834912677,0.99059909208241159,0.51725893602495532,0.30235812276084317
9017,0.01218701228905702,0.035229924625845163,0.4572251186365594,0.2526811729647061
9018,0.70824314168720748,0.15153852966615233,0.48495026012415449,0.26539536783625128
9019,0.17933655180848437,0.78440765146290647,0.50994764660545122,0.29661154973130399
9020,0.8701345286462806,0.025798765904235188,0.47601775989548617,0.25589947571327054
9021,0.59179023215217752,0.75560879470844522,0.52190774793126626,0.29995097681806604
9022,0.27934543260309147,0.67854867782454242,0.50911575622772143,0.29361045294867388
9023,0.088123247280472425,0.3666184053888894,0.48418392005462108,0.27520633825394142
9024,0.11723104388696376,0.69669116392302088,0.50354871022042735,0.29221278448433741
9025,0.60223626724103241,0.72478071140703981,0.52057811229452167,0.29859222466822277
9026,0.44747703079535861,0.1157793643510784,0.4771459319466641,0.26188300864354347
9027,0.98092688266584882,0.97389903103787234,0.53821643974072542,0.31030885891383836
9028,0.68324261978260481,0.65480510889211441,0.51858489186865209,0.29569914380150947
9029,0.6695765152810258,0.57911133425993622,0.51403692439645277,0.29176516536703195
9030,0.049609247906750538,0.21801668637188851,0.47270190780206006,0.26574721621918385
9031,0.66888380742481679,0.89944390285004638,0.52964521425254052,0.30601890656614694
9032,0.83978980465651254,0.2290998751232517,0.49318033646663201,0.27124534523338378
9033,0.96249099072887334,0.41774977561043342,0.50866825194201404,0.28376081745399595
9034,0.94592744433105702,0.21334414073204391,0.49331896442628564,0.27035157778156721
9035,0.27346494892615597,0.34057039853011956,0.4893109002788476,0.2757340671653542
9036,0.6511622413240955,0.1653110606025788,0.48515232814511622,0.26623906904414335
9037,0.27892482033608251,0.65199340507042369,0.50774327789704787,0.2923629820603158
9038,0.35283474888602506,0.67628678817554611,0.51143084529347349,0.29429117974378044
9039,0.21627807862953052,0.03473684585046722,0.46440480528113992,0.25449480982341893
9040,0.82938646888850487,0.38344750927946297,0.50441823097592997,0.28130105253266124
9041,0.46311021521893564,0.99294205406609692,0.5261944506805073,0.30606482193900014
9042,0.62808522873552286,0.9749691771135317,0.53064790145385765,0.30758124432051431
9043,0.31293694356429624,0.16088894066273934,0.47751079940686647,0.26440384600889349
9044,0.74653769710735651,0.5728544160362683,0.5151308697945971,0.29180544922158042
9045,0.86780756403846904,0.32418445169505428,0.50077813671334082,0.27767698092211707
9046,0.99350303875223045,0.34084138609321091,0.50366223233291285,0.27904028382930879
9047,0.88238761718369796,0.93599118819207661,0.53531954741719479,0.30865312788695182
9048,0.38939289886687184,0.47792184497007406,0.50144152390910113,0.28455933102821712
9049,0.89042427733697704,0.16102247934698827,0.48832125452685515,0.26647675428939999
9050,0.70761770442695127,0.17458070877582069,0.48683810700345914,0.26706695126321156
9051,0.32004180044907843,0.73508146575187572,0.51331763972355438,0.29664487821374669
9052,0.079321884944976787,0.81350052061813183,0.50601568972634059,0.295568459569788
9053,0.93830085714393063,0.14691740402869183,0.48771890790803152,0.2655064642451162
9054,0.64126358826862417,0.63613266112351552,0.51669329499650873,0.29453383490107055
9055,0.55169496458595391,0.62056554419152676,0.51384445759950592,0.29320294612100178
9056,0.55372157575868775,0.65377675114512679,0.51570913591813439,0.29486418919103619
9057,0.32561287686674623,0.63238146268591522,0.50827668404767001,0.29192645111486315
9058,0.83803845516050945,0.45661043023940873,0.50946257832133302,0.28570372866005567
9059,0.23923770838462516,0.032968303663993719,0.46491806313313983,0.25450967906550609
9060,0.79521699385066746,0.21078298800742487,0.49109202783475087,0.26986235909423034
9061,0.40453753651989394,0.68961266146810962,0.51367895717564616,0.29540882330175328
9062,0.13756284337303368,0.24700708978489277,0.47827281751419998,0.2686433425733466
9063,0.82189470904619677,0.80066318168739103,0.52885241115313375,0.3033490586746091
9064,0.00071493284170283009,0.32372158481002555,0.47747626155248518,0.27143965771811546
9065,0.39620108285701133,0.25371400369902841,0.48670578591183183,0.27120020907152242
9066,0.13308872814805944,0.98134861209398372,0.51235541625009662,0.30017484026095986
9067,0.61219822262827084,0.11765262961440022,0.48051325800800027,0.26261985010196404
9068,0.73521719719056278,0.59371443331009943,0.51614196665421241,0.2928505745404324
9069,0.41087578865344404,0.86581881295308705,0.52140286641336009,0.3024353440662057
9070,0.52619986738342561,0.28991328161709246,0.49234338125104959,0.27425205255027241
9071,0.50470349786662272,0.84453876725555166,0.52355893545012622,0.3028072605380287
9072,0.36341865791581801,0.30402363614124478,0.48944134898629832,0.27420193214621646
9073,0.56683835946371552,0.02565203859381145,0.47159852922889384,0.25533195955370769
9074,0.72403257470022664,0.64706917979867429,0.5189558132933586,0.29552554320035535
9075,0.50701477129397676,0.97446347271978162,0.5272088444276567,0.30625074736049945
9076,0.88367420786678563,0.070101979226956615,0.4802920087134771,0.2595073948721483
9077,0.2509867751698126,0.16851486126006349,0.47633108538048657,0.26449860642991507
9078,0.40870921152749801,0.23716851067872488,0.48579681722560875,0.27018473505508739
9079,0.91257022224817197,0.69621917218588059,0.52491497713002322,0.29880279394771642
9080,0.099912408217263882,0.4964856127464562,0.4923736363939063,0.28238780254768614
9081,0.89618859172085064,0.31790096725024053,0.50071467950824755,0.27734071438470065
9082,0.38240644667466406,0.91760749415889153,0.52184253950405768,0.30341151105959602
9083,0.40713505889532392,0.20612775004495634,0.48342125619771825,0.26808969951633493
9084,0.029020907906175127,0.99495798346410735,0.50661390243719462,0.297743428147214
9085,0.13187445749858162,0.92479073415106405,0.51134079173478353,0.2992092625361164
9086,0.93947604441685839,0.2851724815269816,0.4988490686678807,0.27528087609920771
9087,0.69093569193604643,0.46137956614136932,0.50727076533586124,0.2854176174825459
9088,0.019206109357310926,0.88748021596312765,0.50432084565282598,0.29580536114004519
9089,0.45955955893724459,0.85540902246233308,0.52260731536841243,0.30268552524883136
9090,0.33540622657689967,0.16499291416947964,0.47843298561930125,0.26483277833821212
9091,0.53014767315260836,0.57685603806223962,0.51087683168296616,0.29083413436486749
9092,0.16692947222673102,0.026425635014835282,0.46217148383798956,0.25349610317952209
9093,0.067616637819923928,0.83957772729279245,0.5060731210085726,0.29597216731900616
9094,0.080683331652812204,0.13462434215439717,0.4678817613955305,0.26059262888791257
9095,0.64174241456341696,0.10478380054574227,0.47991617358153404,0.26173319787381005
9096,0.17870187782522989,0.95320664634491559,0.51418651564251472,0.30070460014768735
9097,0.60266724030541952,0.15166839416633593,0.48318615410566818,0.26509974489713833
9098,0.32422702691444427,0.95867058786792914,0.52058690149320641,0.30342159020434883
9099,0.1337974024886382,0.16199205682029716,0.47196240186736188,0.26302789092525314
9100,0.64597026472986907,0.039968091229267887,0.47423248633906628,0.25668155586696445
9101,0.62516190489475842,0.91833995310555916,0.52913119197431713,0.30616998887684288
9102,0.73398270296201806,0.63678267035918545,0.51857072646435531,0.29505674573917839
9103,0.47912278358434562,0.82219135281284106,0.52201134493372303,0.30178796553997217
9104,0.65218711274160301,0.13259966340166282,0.48245799666551037,0.26384898021212139
9105,0.5211781155172619,0.73980203868449901,0.51940193215471253,0.29871318142894021
9106,0.24075031290579357,0.90707146503267577,0.51609185227365684,0.30097958205477049
9107,0.97849063431018735,0.77951034916312212,0.53033982304457572,0.30305451658258065
9108,0.7803022900558193,0.25515032718925507,0.49433571666143156,0.27288447689890011
9109,0.84926530640848219,0.39586436092754596,0.50557323362118567,0.28212103485049084
9110,0.52721648862865989,0.21426551547750133,0.48672065377745172,0.26923313443654345
9111,0.20585325559551129,0.46715235635415886,0.49493974605735369,0.28222858944311635
9112,0.6526989988966031,0.53506139814347264,0.51109910393678937,0.28933565618147622
9113,0.94344829543434316,0.23222232697788861,0.49479676137784534,0.27167373524319666
9114,0.32272230634588056,0.9816076849753852,0.52095816757811886,0.30381881443389253
9115,0.60442496726618855,0.85343779426804978,0.52652292387537503,0.30401768592111789
9116,0.53458629530066393,0.9661214574015351,0.52785396398878115,0.30639634164540486
9117,0.26907011934664332,0.9543615428754012,0.5182743255969614,0.3024261568606087
9118,0.074567856540030328,0.39419921398150037,0.48528779644729531,0.27656161284612424
9119,0.78844240328985038,0.1799815243593301,0.48850684877093392,0.26765546845212296
9120,0.76114396923411409,0.1200980634902022,0.48308837489036599,0.26317735536416581
9121,0.72664913922994168,0.92276839910311403,0.53169373457674152,0.30716090583712008
9122,0.56912329638964732,0.87292027156093388,0.52628841829867445,0.30433565379694172
9123,0.93178423921548537,0.13182237394441618,0.48634481285340653,0.26436169533466636
9124,0.53359273948158381,0.97830509594510084,0.5280886898860605,0.30664120171789289
9125,0.35441701894776195,0.60309904789348379,0.50760731813540549,0.29077534753506612
9126,0.94989010226527471,0.013700088560895529,0.47577502582670594,0.25497197137966077
9127,0.53488263986703244,0.58017537356190152,0.5111784459840466,0.29103669527205861
9128,0.40984186624932339,0.10250148983184482,0.47519834364407076,0.26072825031637031
9129,0.27564032330060145,0.56944517957364438,0.503227509870801,0.28830694071209167
9130,0.40125835345677335,0.30959769265354847,0.49082305653747965,0.27480297857395836
9131,0.49319019884803567,0.87041971543385888,0.52409313209766728,0.30350466639244428
9132,0.19516896758006189,0.23438764430795567,0.47943492104437446,0.26842002189342035
9133,0.77664478859476516,0.70424311143317031,0.52305078702043861,0.29860265209297959
9134,0.78069922410974979,0.18594672627992695,0.48888046568710236,0.26806609393388231
9135,0.1290116076562903,0.77009924565580445,0.50713978048612463,0.29525322929608455
9136,0.98554651304030561,0.92197939790397654,0.53672104475654914,0.30884394910568758
9137,0.66992343736492332,0.55820308826611142,0.51281904185221661,0.29066318580171457
9138,0.19820716700284977,0.61489756729585354,0.50285195675167771,0.28962102274820489
9139,0.38893121275784215,0.41427914696995866,0.49747650685038386,0.28098897952541529
9140,0.45697078643954592,0.3361665807753918,0.49403992118642914,0.27679457539333657
9141,0.40057844132852044,0.73093133686367651,0.51565102603156932,0.29728026196820895
9142,0.13026712464751908,0.55899113217206908,0.49712139890750762,0.28597555886323567
9143,0.12696041743726239,0.62091433733118462,0.50022488912507679,0.28890607327852574
9144,0.69144983418298656,0.14273704608964036,0.48394964364913229,0.26470474424329871
9145,0.65544035649631405,0.90484652329544779,0.52948876532991462,0.30606324730723616
9146,0.55118404854409164,0.066288746572600213,0.47497676051077714,0.258512432607232
9147,0.42925901506919184,0.77853220533003342,0.51876774477328713,0.29963561364248009
9148,0.40158812920277709,0.072404014473257131,0.47245564688738562,0.25842170368847661
9149,0.54224417253962021,0.44310974136610748,0.50308397082716905,0.28363390855788051
9150,0.49470350722431905,0.90429342448845274,0.52513853151260215,0.30447236991333954
9151,0.42082208322737136,0.99282956400137634,0.52477488850882348,0.30549343441714977
9152,0.70525156591184213,0.95615182916388153,0.53211655801012459,0.30785925320194812
9153,0.13212900044802808,0.94933086903431685,0.51179388924763092,0.29964736706041828
9154,0.81853112795104976,0.77641646777262219,0.5275695375694115,0.30222064105230056
9155,0.80962758831958059,0.79001983147746657,0.5280982507601979,0.30280269365542078
9156,0.39705382659769384,0.053104812165151817,0.47067867232992977,0.2569156056454267
9157,0.71213379742020044,0.94033057901511208,0.53185939395002202,0.30751711119283393
9158,0.77218256395695495,0.97850756345136325,0.5342084499713915,0.30895645365963398
9159,0.6003649648393854,0.30260618325489341,0.49476828326131367,0.27540227322268646
9160,0.89748717271023204,0.00065476954827317971,0.47392874683081576,0.25382588034687342
9161,0.25659077544786268,0.40817627408503321,0.49312401415245538,0.27951497319298602
9162,0.44005149870152821,0.81800264219794194,0.5207011542123009,0.30124080969270817
9163,0.89291208111370213,0.9226285148933181,0.53510125311099277,0.30832597319410554
9164,0.74536916844066003,0.44878845496961151,0.50743369907679625,0.28491550909298446
9165,0.75990395465063632,0.42027139889941317,0.50580520871425438,0.28329472904782876
9166,0.9482816712945118,0.22133305295844333,0.49398947766239476,0.27091963436928679
9167,0.58721408630759697,0.28875108088679846,0.49350715694558145,0.27445281376093134
9168,0.4158072013819008,0.71722450953117811,0.51541161044730233,0.29679423383088138
9169,0.92525221699309768,0.49137754337628142,0.51300882646483925,0.28798301310252883
9170,0.13050394773617155,0.42082805318908068,0.48927337817348426,0.27879754754793068
9171,0.84905103543327431,0.90517813773754752,0.53369590989311966,0.30751005378769258
9172,0.62743027886302449,0.63007050742885329,0.51606421922075651,0.29414971641292331
9173,0.37589318339895689,0.99623328428001845,0.52323780048608037,0.30490367918963013
9174,0.15611546603696189,0.92224066222073742,0.51251134152394318,0.29967654026792695
9175,0.6739265550915734,0.1344633415339864,0.48297282781560019,0.26404650696873527
9176,0.9249016998371925,0.96683523129335369,0.53700914646768239,0.30977359485177891
9177,0.323049717841635,0.48707983907136371,0.5000500428792144,0.28449463045246437
9178,0.59061057126336969,0.31023177843346494,0.49512503791072027,0.27584845688195231
9179,0.56339886881114221,0.74729398061713448,0.52081941937510934,0.29937025284687396
9180,0.17658625977205811,0.93653984807851964,0.51378120224546209,0.30036357651027717
9181,0.29445923280225839,0.42338411253885133,0.49529153017097105,0.28072981953504661
9182,0.17171249671051048,0.37618071169437611,0.48813088613963745,0.2767985559674338
9183,0.91241307240644243,0.001293352596240584,0.47416023058158968,0.25389373667720433
9184,0.59165886177992211,0.43392575898260111,0.50355729508254743,0.28336963896400535
9185,0.44790648150203055,0.72425851630057447,0.51667672963716338,0.29740249928478113
9186,0.87588344078873048,0.16872702525538627,0.48877820609250761,0.26701655105328859
9187,0.72947090631463807,0.45216423968627356,0.50737503099639047,0.28504840804052378
9188,0.88920296187637138,0.054743519764707892,0.47895142767202575,0.25828455694411323
9189,0.91493212497484644,0.011206332409603056,0.47514714109397088,0.25473146191971219
9190,0.91456836693406807,0.3628555819969741,0.50420906034244151,0.28025752452427138
9191,0.54906970017148415,0.92362117688840961,0.52723772685933379,0.30555965564574572
9192,0.48248572960001185,0.92458970682657105,0.52530364939649188,0.30484589726631289
9193,0.004290408228884917,0.65789985486503,0.4960553539751722,0.28843448850218473
9194,0.50469971210093945,0.98367308021789657,0.52732871648692425,0.30640864610663759
9195,0.92822820836027387,0.89967961140436825,0.53496354464206497,0.30780449671048299
9196,0.73718651666514345,0.70372236530132359,0.52228582979386795,0.29837966288257656
9197,0.12526777950312243,0.15303965436838335,0.47097442573208437,0.26233122566777661
9198,0.11258868527103914,0.69246924572460122,0.50313390092690169,0.29194972875607528
9199,0.87463399753078119,0.300887206616404,0.49915980485144062,0.27617690246727433
9200,0.13829441369062989,0.81959503450250482,0.50917971100786119,0.29694121789649558
9201,0.83395318942271413,0.98125869441175606,0.53560038410632527,0.30950240831837184
9202,0.53492646060594129,0.78350438988435789,0.52189742000311634,0.30078223659855802
9203,0.37186218732664128,0.34793029571826339,0.49267197719306133,0.27695779586203911
9204,0.058268964020477147,0.62321230768266833,0.49715440287369822,0.28788792141191022
9205,0.84389488844453597,0.78896863416651031,0.52865201568352593,0.30292044838649579
9206,0.46206678169901716,0.78299698870725698,0.51991461622281565,0.30013074283965657
9207,0.14949690465218154,0.6713511379898176,0.50373541717896186,0.29157693680144647
9208,0.79214266067881833,0.46607202840707035,0.50934083982116407,0.28609123149273546
9209,0.88244462727872897,0.9615666171398829,0.53605813308772921,0.30935477603452355
9210,0.95267061735646563,0.71534045534533219,0.52656761848752731,0.29989284509712755
9211,0.49056777933820855,0.36059439400912963,0.49649515069226835,0.27848179805743156
9212,0.4633520514209406,0.86832309693199361,0.52313604966052818,0.30311828643366667
9213,0.013658445780735929,0.43445855616516199,0.48479433488130641,0.27777530076225787
9214,0.23679739552572138,0.63947278500596305,0.50559012390015401,0.29127639832299357
9215,0.63356665280960733,0.36007801065655659,0.49946202444528165,0.27915588410864373
9216,0.70368438634722263,0.56713182220928138,0.51399934838592876,0.29130334776162692
9217,0.42762324931608747,0.49985340316767107,0.50380008345791649,0.28604476953568359
9218,0.55141146361710269,0.57675113358719976,0.51136849590011901,0.29096617593591512
9219,0.27430976131377977,0.030153788298449946,0.46564286811725036,0.25450458806678333
9220,0.45377704257433071,0.47813153368196221,0.50316591643595032,0.28504694330773006
9221,0.98666290487422381,0.77622741298280884,0.53029205387653222,0.3029318462091089
9222,0.47288352950297996,0.34169567841243698,0.49479626989235054,0.27722739412900327
9223,0.6817565862120013,0.62278797198637625,0.51677608472651682,0.29408233787964344
9224,0.4579639035633416,0.79385316404540796,0.52026663189436007,0.30052551760270479
9225,0.39087104814945489,0.19674679230026668,0.48230637398084891,0.26735787948391904
9226,0.68382551000468672,0.89766180376793492,0.52994137173310241,0.30608864354899479
9227,0.056724710380949547,0.32350566734230379,0.4800874778700765,0.27228363683548246
9228,0.66802420890618819,0.58408935619202684,0.51429462500177114,0.29201743917476747
9229,0.46239275368679084,0.19610948340260656,0.48393132783740639,0.267688931430004
9230,0.87477250918295468,0.08785980252976297,0.48178453720442671,0.26089630448937046
9231,0.51454255530015802,0.21876349154330094,0.48680377489409471,0.26948498808159976
9232,0.47873254205569393,0.3819130744858063,0.49764787446514752,0.2796939664922769
9233,0.45918503813269779,0.76871216000056597,0.51918281490988727,0.29950574285818016
9234,0.7616286675549695,0.18045891670723213,0.48815113326915094,0.26762706833438576
9235,0.70169767654259918,0.65964266004621752,0.51921683668185126,0.29603784080306444
9236,0.0064052045615972022,0.60296773980202856,0.49347612347668934,0.28598449420178379
9237,0.17627295426916098,0.36188831916478231,0.48739297849388591,0.27602671512513111
9238,0.63502459994676752,0.24474268038385782,0.49113181553398394,0.27172842526745256
9239,0.020845980685378893,0.15031119721316502,0.46657013429424438,0.26093509921025826
9240,0.26553850815136687,0.42138513295055602,0.49424054222956992,0.28034623556096022
9241,0.88354226534244373,0.8990433236258919,0.53413638333534152,0.30752525629812788
9242,0.69371841416690727,0.22763399424290984,0.49083487181779628,0.27075785323499391
9243,0.71553225417562061,0.16950554652457359,0.4865485436393831,0.2667220415823493
9244,0.025818904317019043,0.11818105476325146,0.46437290630568751,0.25880677515686712
9245,0.027122394174325749,0.17333198126995703,0.46853324643946176,0.26255149378037163
9246,0.74445223303107788,0.18984950831251918,0.48865284796397157,0.26825616370333388
9247,0.02065342031404143,0.93173345486597403,0.50519394881809865,0.29661622159891032
9248,0.18386075602347265,0.09305202851531795,0.46828358101405576,0.25862703987446262
9249,0.82879535870462429,0.22857328753533074,0.49298403296442345,0.27118366268673277
9250,0.031047528163192329,0.10727814314233838,0.46375936989107031,0.25811250427467414
9251,0.87730168184010549,0.32229299165442354,0.50077422346936606,0.27757893380486087
9252,0.7326616510422318,0.65245652351848549,0.51941804824214322,0.2958384421469184
9253,0.42815056415816072,0.30604692952054319,0.49124866334565581,0.27474822329189125
9254,0.68798973099855942,0.81825912787913113,0.52705631925890295,0.3033423037199533
9255,0.85096842139704387,0.37981317866313041,0.50449102151203584,0.28114139538820659
9256,0.46116167994068236,0.62853225186608042,0.51202676078308418,0.29294884363370788
9257,0.7202450161477435,0.83667213423206699,0.52853109760504002,0.30428211858443982
9258,0.74552732271055,0.72815885036495753,0.52373462157669803,0.29959258071794509
9259,0.053419820083363448,0.077001369381661064,0.4623034068787345,0.25622010079082175
9260,0.91186421895656977,0.51219575643645365,0.51413393080577929,0.28912043338993104
9261,0.79906860066271623,0.44795087335746503,0.50827810131163309,0.28506552422106468
9262,0.45905427121132381,0.5068982994252933,0.50503911364155896,0.28665336504135591
9263,0.2889096480036038,0.45164838948777181,0.49685275906193044,0.28225083874122608
9264,0.22041343806890074,0.056911998490535194,0.46642157340964829,0.25621829232118848
9265,0.34970869024432033,0.69268932309135556,0.51217045497157987,0.2950255526131253
9266,0.52927249081897321,0.059174753625725864,0.47394055562881621,0.25788822208954393
9267,0.57192880135601165,0.059340726985002409,0.47473509563413235,0.25803082703523816
9268,0.90095465270840802,0.81503368077002236,0.53092479920461444,0.3043711067459261
9269,0.88164869708906635,0.56576400221105438,0.51696898285364057,0.29196617912441236
9270,0.76433579220235126,0.032415759392024485,0.47528282795257382,0.25629740168961612
9271,0.1251197816672153,0.4136571332231746,0.4886210683998542,0.27833315263728658
9272,0.53875889434019342,0.28115195066599408,0.49197263768641036,0.27374495716718517
9273,0.38556576265034964,0.02273830101460917,0.46772645488256881,0.25447693316702669
9274,0.14239372060467723,0.12366262166615342,0.46932712162382212,0.26045865535913881
9275,0.64701596586493548,0.25287125316892056,0.49196415532798837,0.27231809246301975
9276,0.18611249042215061,0.72390053994638148,0.50780873217340572,0.29445202695794609
9277,0.385246364101267,0.014786877332732548,0.46700207500358676,0.25383954221875255
9278,0.92477070130951478,0.069149468545976561,0.48069348833119041,0.25948277273000675
9279,0.47194550621398962,0.99690469748607136,0.5265560054608126,0.30625271802431997
9280,0.8080685884900275,0.39593387667177016,0.50494615644664964,0.28199735816361865
9281,0.41759160413391661,0.49796907040724764,0.50341915572495632,0.28586745033258554
9282,0.82825163717326944,0.14629382039423799,0.48626311444007991,0.26527452340799229
9283,0.41468192154035205,0.61023201539340666,0.509761397712444,0.29166511553759511
9284,0.246777489092981,0.70627948173395128,0.50932884144127222,0.29448900647226833
9285,0.3400370957333711,0.77892249296769733,0.51595822234538802,0.29868916017696678
9286,0.17647961011208829,0.70824560418232585,0.5066743275770037,0.29363306209993917
9287,0.85360786374671149,0.59842622435755333,0.51846024020269976,0.29360012412351394
9288,0.41158937566551612,0.40800889635506321,0.49768017933326597,0.28079100189797446
9289,0.61746026925774067,0.99678817096488781,0.53084091824362134,0.307934298072644
9290,0.61165413713789318,0.4039997248649248,0.50200568335816687,0.28171271430012518
9291,0.045721579472103625,0.77250610528608088,0.50296138626324116,0.29365277585493849
9292,0.87662394140019317,0.4620959565454279,0.51040824606095558,0.28614735091536886
9293,0.78594856380805145,0.0067696899004629817,0.47315148778088206,0.25421154203500945
9294,0.98585653861620226,0.49241506009799196,0.51391549146888293,0.28821540051042244
9295,0.94112862552342713,0.32629875363154576,0.50193267314011436,0.27798950857509863
9296,0.24493965366365156,0.50752305872129511,0.49868609190209273,0.28480254365606317
9297,0.025260831448913085,0.56527764084764065,0.49254103993991427,0.28456744004461748
9298,0.85891154733834552,0.95366425810555233,0.53537823363995973,0.30898523195821004
9299,0.69267706247334138,0.75216746434272508,0.52393141756364348,0.30042927781143797
9300,0.84684486027535744,0.19768634965630483,0.49076916690524697,0.26905078028686968
9301,0.32697715031775881,0.19247853353790706,0.48033086369426786,0.26667642978868428
9302,0.54914497237129833,0.55369128076493512,0.50998254435937207,0.28974679768921058
9303,0.40006716148314303,0.93908057728110583,0.52295943347580165,0.30413733403178572
9304,0.911409517252876,0.97561879508198479,0.53699183682876228,0.30991073316404449
9305,0.12277570366758156,0.52542823523901172,0.49497466666264112,0.28419425785328828
9306,0.84000571550837488,0.27641226444536593,0.49683522807072311,0.27446940729477326
9307,0.95122528582779931,0.72538886689945359,0.52708575033689242,0.30037564717078546
9308,0.69700502094678818,0.40950974180424821,0.50399352208084935,0.28241296949418609
9309,0.98412641449893135,0.70135598193538606,0.52627353531338517,0.29932082283292621
9310,0.39579946157467788,0.010357762671227101,0.46683499330179679,0.25352679655884158
9311,0.66332847155152119,0.1970266792585724,0.48791624025944502,0.26853549157726864
9312,0.00066323594687273731,0.25185293890734906,0.47279850539841695,0.26716512396589071
9313,0.19030149661522591,0.0029044680083985443,0.46084633705849731,0.25182714070753087
9314,0.44965322268769381,0.67885179112715421,0.51439644731036438,0.29529363676263726
9315,0.38631772630998168,0.99345443707286618,0.52356767798032411,0.30500986031180949
9316,0.0663823389429017,0.13407829963098047,0.46727141003779543,0.26039313720748325
9317,0.1267284843396512,0.93242300921574939,0.51121655289118884,0.29923496947508377
9318,0.39227292189194124,0.90875830876732955,0.52196692481589446,0.30333423804958687
9319,0.12774842816720483,0.49009717058920071,0.49320855466516622,0.28245603837568134
9320,0.002506635117426049,0.49400837469658587,0.48756583658285285,0.28064841531376261
9321,0.095992685222590815,0.63745282788797053,0.49966808445369049,0.28918748660847254
9322,0.78996009002275536,0.59878768466148757,0.51741603092253052,0.29336028731938563
9323,0.69910395526975633,0.11915723656251795,0.48207495650477294,0.26296642688786837
9324,0.080794922968267943,0.042495732146839146,0.4605518526545318,0.25396699641471604
9325,0.58117281748052929,0.67386836425639929,0.51742697631822354,0.2960264517848184
9326,0.53416353007556172,0.19819847120827763,0.48561413350493043,0.26815419197050183
9327,0.92206623525187614,0.045066482966055629,0.47843819639160479,0.25753809548291762
9328,0.39872736125424274,0.93386229274052901,0.52279436875567364,0.30400420340440626
9329,0.41361903324889721,0.55596700713242175,0.50669963624510217,0.28890398832503339
9330,0.69158638594475341,0.89061483669107555,0.52989310113684929,0.30593557357996198
9331,0.20189291846564739,0.0086434033218189144,0.46170163390488755,0.25236041138838261
9332,0.16006076831620886,0.3201447809612728,0.48408151978129771,0.27338907275429969
9333,0.5283467148613068,0.24773499120228226,0.48928701592693258,0.27149928160163445
9334,0.87153331020321934,0.81294016411799241,0.53032888062916372,0.30414294593301827
9335,0.96391238125179668,0.95963930385293206,0.53751660596070472,0.30982557268401018
9336,0.15128158981160961,0.014529810848634224,0.46063873008654094,0.25245208948734205
9337,0.86278006484064973,0.45472330079333628,0.50971885945811324,0.28567420555287487
9338,0.31718729498082543,0.8834064382897574,0.51860048088084432,0.30165254681234865
9339,0.30347828111263225,0.48222521522579481,0.49915167430429108,0.28405231510974455
9340,0.87258425437492559,0.54404212678548647,0.51551373252953159,0.29075477484876888
9341,0.71744608945430954,0.45911499618767992,0.50760923563908211,0.28540028829352154
9342,0.072618039049289651,0.73497438161637396,0.50305743139281522,0.29295751830358285
9343,0.86983460819503522,0.91853915629395055,0.53453458563249823,0.30805674048452092
9344,0.22449248156807153,0.75106101246929025,0.5105558024397826,0.29611063629432727
9345,0.32208607311384985,0.068577410061995039,0.47021416722342946,0.25773339178420479
9346,0.20732248618892629,0.70513247027719628,0.50776715491343238,0.29392463811886665
9347,0.77259197615062591,0.38315031921371123,0.50350315140714441,0.28110065807123796
9348,0.52517258846332548,0.59263706622427559,0.51165409878612256,0.29161185276283974
9349,0.062558655469084623,0.32457518376087535,0.48041467713683533,0.27242881789014539
9350,0.26279641609404936,0.29936966208704979,0.4861953091872292,0.27313388774008246
9351,0.95751277203973151,0.86665909279464981,0.53419392283929856,0.30677920923440088
9352,0.60043570190753093,0.1699462634671596,0.48463643204906492,0.26641052413884642
9353,0.88319177634351664,0.0015129424917395228,0.47384690286011244,0.25388454973345465
9354,0.31700699567022966,0.86546215936964155,0.51810399834543164,0.30118119534095811
9355,0.41951838024054888,0.47651783179197232,0.50217629258334506,0.28471249622200762
9356,0.36087549758559329,0.23585990854684497,0.48448766086338141,0.26980696708398111
9357,0.79801313722055645,0.97131622275508711,0.53459276420931101,0.30898902912434245
9358,0.41228051081035522,0.27282953618754402,0.48849412963129402,0.27253795506347628
9359,0.21162033340643394,0.35740653685090362,0.48837144903949792,0.27614358801882538
9360,0.58962149373173012,0.97350170632126976,0.52958223922442549,0.30715655224646987
9361,0.095075713492033545,0.2045553661950282,0.47362605035103672,0.26544175683135335
9362,0.32056000194136286,0.11515513823513175,0.47405976572490743,0.26118767928094572
9363,0.57758420334098626,0.36625682872860926,0.49877567515494137,0.27928069163761032
9364,0.9670628244094901,0.83966172068292511,0.53316815664463457,0.30573859184070534
9365,0.8693398269239464,0.14028251784140011,0.48629592321787557,0.26490057526768657
9366,0.8995955204152154,0.61853137044300099,0.52035394347046415,0.29482329463729651
9367,0.48288383860961764,0.46568656956729249,0.50312285819129021,0.28455137912811612
9368,0.22945854948760244,0.94319831594560533,0.51634951888088132,0.30150847498969308
9369,0.93234777396208379,0.1841029881445109,0.49076719352560422,0.26823388185905067
9370,0.054969008965569083,0.53468878727470304,0.49240111559226779,0.28360238288160255
9371,0.68245704588295197,0.71249302777465207,0.52166716442090488,0.29850309285870652
9372,0.96900266776267685,0.64266489371700453,0.52277655450412441,0.29631399072135889
9373,0.95737525896752484,0.12857415910478451,0.48636481784283064,0.26415073134304012
9374,0.53903644595762024,0.42594868611925052,0.50191215945781353,0.28262791817006555
9375,0.0046729675981099722,0.6305218363688212,0.49474857389006949,0.28721317517394157
9376,0.087655806534050501,0.89010650839857985,0.50831951480858117,0.29754867342001295
9377,0.97696158152994472,0.81866083489448072,0.53230666601311583,0.30485496475347312
9378,0.20175783936065855,0.99218163994407527,0.5159254204310717,0.30180438469259335
9379,0.11045721702858573,0.40878323757400503,0.4877187166508824,0.27786958743175377
9380,0.37484178863685813,0.40705125595844588,0.49662877719254722,0.28046755629711007
9381,0.48420183440366527,0.65402476925899977,0.51400404692118817,0.29437596444277031
9382,0.34021545033712175,0.093849120659835181,0.47280573259990405,0.25973170914444049
9383,0.38217149552643537,0.83133521700458368,0.5193428388385507,0.30103502690072526
9384,0.85666626834577186,0.33768547200189203,0.50159595466355156,0.27851382971898531
9385,0.34071885554838227,0.057404702878568789,0.46972279267030659,0.2569790688831104
9386,0.026459900042403024,0.63199003406789855,0.49597924640996127,0.28770625251984594
9387,0.93294088792201368,0.47912794542593184,0.51233110080730515,0.28730321316720359
9388,0.28560233628567078,0.16571262971075484,0.47712654941832627,0.26455636340458377
9389,0.44135409965241562,0.66927576821913248,0.51366747545986247,0.29476782624723363
9390,0.69114831011801725,0.32869921921388012,0.49831500959452296,0.27742290079215043
9391,0.94846678461931877,0.24485857529964997,0.49585568067550162,0.27255982971174458
9392,0.84308143161971827,0.1059704314093222,0.48298614481508062,0.26225284888948136
9393,0.27990620181955167,0.7359867745286901,0.51197433616946553,0.29622032281079036
9394,0.37465420527303361,0.028891127772408074,0.46802848488704335,0.25491790004369252
9395,0.16029963636127068,0.20967898789482425,0.47644248734346695,0.26647605343449199
9396,0.83014851066725104,0.24410619727504673,0.49421788351228546,0.27225834513690828
9397,0.8731170610422152,0.92630060502785494,0.53484407350409646,0.30831076471836411
9398,0.063669989935692867,0.091865027942380412,0.4638921122709101,0.25740200013426823
9399,0.83007523255118876,0.49738981611343336,0.51195146417777471,0.28801278964681504
9400,0.4599790140010766,0.53691975757899935,0.50683617821592453,0.28826277100832998
9401,0.087247536339296494,0.76910910464384363,0.50504958512395259,0.29442080451521035
9402,0.73062934605811025,0.88583536816878483,0.53060745355150885,0.30608198995999064
9403,0.14432860833766173,0.079204155123943937,0.46584509427838383,0.2572815119157903
9404,0.57769288130236085,0.58104708195963184,0.51221156807842405,0.29135185822563703
9405,0.61301737935763079,0.60952832552060721,0.51460578634799115,0.29302587282511006
9406,0.07622057165150764,0.49567163701873507,0.49126398385811776,0.28198621469624102
9407,0.37374552844549763,0.94386033742557052,0.52213521297497911,0.30387128332303576
9408,0.66584127100253254,0.23941511570598231,0.49127064680648092,0.27147405903281774
9409,0.68335693133427999,0.096095789467648143,0.47983624091864213,0.26117562006425271
9410,0.26055699823164613,0.64304298019254347,0.50663513708447638,0.29172867370778366
9411,0.73003147588354766,0.93566102871833146,0.53214111253915219,0.30754084308267443
9412,0.38563168337050596,0.74883495432265335,0.51608352216126618,0.29794380355769784
9413,0.039361154450068721,0.34400068644563436,0.48059745409070359,0.27321371471822731
9414,0.60672140007136621,0.22616940469477559,0.48919084738962587,0.2703643477532307
9415,0.77274669300654208,0.59488768680557835,0.51688818147961579,0.29308181504220826
9416,0.23038743649175158,0.33383374571002788,0.48746945759323884,0.27493505736864321
9417,0.00024191939126467333,0.27781835976022995,0.47450119245911659,0.26873240484936262
9418,0.1750993317346205,0.94586078578116151,0.51388130854281933,0.30050189225153262
9419,0.48184446775758411,0.027861226715624798,0.47022037132093109,0.25525332008449592
9420,0.51667219757015126,0.13542095166622894,0.48021750124118984,0.26361060835822392
9421,0.39014247637923111,0.37376944668939105,0.4948832504293364,0.27863388619321616
9422,0.1340368339765235,0.55040235404405979,0.49681811329751407,0.285604980457625
9423,0.98230014172150992,0.81049243639226765,0.53197679478318161,0.30450301848427475
9424,0.5395513232400525,0.57357062125402736,0.51091037880723789,0.2907253557449514
9425,0.45558724199506689,0.41674145800106926,0.49936305101128298,0.28159332947200871
9426,0.044250791267643218,0.65593619743151366,0.49806830564596671,0.2891250171528309
9427,0.80011290076401786,0.32282649572069061,0.49968021557147302,0.27740412957498939
9428,0.86672559598513188,0.77059647165843059,0.52810644373850135,0.30217517338910782
9429,0.30495641313273225,0.047008307312137912,0.4679199730026336,0.25598753671013458
9430,0.54375676847362198,0.61982181847324824,0.51361645522130062,0.29311292683740386
9431,0.0074677829600754203,0.49325823918959361,0.48778258031501864,0.28070189438127607
9432,0.30719737087847898,0.11774953555053798,0.47391657847732915,0.26129536575871187
9433,0.15625879059442085,0.41596706500713487,0.490004694854834,0.27885483028898117
9434,0.62631439940376443,0.4057662553990376,0.50241366950092159,0.28188579338354519
9435,0.8143774463009904,0.069578616436745511,0.47936692297974387,0.25936531117316458
9436,0.66355942445060945,0.90047725822970981,0.52955008999315967,0.30600472436118992
9437,0.993418687908596,0.78695681394581918,0.5309450047585228,0.3034587360948417
9438,0.55094461492121927,0.30024661677047843,0.49360715959242152,0.27503248153696114
9439,0.17783762252976887,0.90272655409054137,0.51316054330104532,0.29972417996527384
9440,0.39939813946316721,0.97500290068561457,0.52368870385284905,0.30486025957301943
9441,0.72245990156471962,0.60834852147473728,0.51674561037380295,0.29354879248316196
9442,0.94892374815811642,0.036735398154275026,0.47795913265586021,0.2568836512300483
9443,0.73210924801720545,0.26758551598082997,0.49452421507260169,0.2735825679635232
9444,0.40769746262448608,0.77236919732278919,0.51784857890244385,0.29916914385684101
9445,0.63289129735372263,0.4006497972000041,0.50220175542730661,0.28161123134378385
9446,0.66780252583249244,0.15081214565919945,0.48423814598489551,0.2652340333292223
9447,0.98516980521598607,0.031508811115857682,0.47785702214849185,0.25648501417540676
9448,0.1825845693994663,0.5653812323305174,0.4996074725369764,0.28700729996507585
9449,0.38808261314645642,0.35766366169791436,0.49375958056166774,0.27765851333238017
9450,0.37599127090153051,0.57647562137123898,0.50678573781924385,0.28963722407578713
9451,0.88586177888369422,0.80823179618400753,0.53033507218820941,0.30399466633153732
9452,0.32101054309253813,0.43209283362413992,0.49665009249332276,0.28145517274762238
9453,0.52765419283063386,0.52700861254936315,0.50791309170726784,0.28819360128510629
9454,0.33032331219414485,0.40127619734773184,0.49498918445891132,0.27978273665310732
9455,0.96504483265642782,0.71928293804283028,0.52696552565345167,0.30013080579666318
9456,0.12103508273117478,0.19905287759777857,0.47423234529147407,0.2653722567119402
9457,0.19739808150002502,0.046891958380897998,0.46487630857571788,0.25529331655863219
9458,0.67777637275987079,0.82037718525718661,0.52692609230413667,0.30335816582966957
9459,0.74943320187724904,0.62657486478852809,0.51828342064876987,0.29461242412387267
9460,0.43694392371628199,0.012835806894709822,0.46794301398065269,0.25388603006334165
9461,0.68529174102834656,0.34474191543004706,0.49934740295438856,0.27841178669079075
9462,0.16072196471084607,0.14112677569886437,0.47132095806611729,0.26185064373454914
9463,0.23930248542913471,0.049482979014876763,0.46634238621388069,0.25578139832379354
9464,0.85212065053196862,0.91579225053201674,0.53410519521354005,0.30785921430947716
9465,0.44053125074425481,0.65978819093772911,0.51314501358930065,0.29430581729499899
9466,0.94332095249894776,0.53843788865768583,0.51622275854540633,0.29068019961066266
9467,0.86562206687574506,0.49203848136198947,0.51216827281106692,0.28783218555249657
9468,0.39041348302677509,0.56334321832003775,0.50646614149108393,0.2890922175369976
9469,0.66291550940590682,0.70698492553447145,0.52097317708745849,0.29812713911394245
9470,0.17997348141880939,0.77489800781727536,0.50963450063632376,0.29630114071082558
9471,0.79759677730920964,0.2262964202976902,0.49235488244358333,0.27095130652906435
9472,0.18461945472030203,0.58367433258109958,0.50067113718285905,0.28793380122212564
9473,0.63442496578636354,0.38680587407752176,0.50130247262306282,0.28078786763500957
9474,0.65473491580007837,0.28846963684322546,0.49475651710380752,0.27470162441666984
9475,0.24190433270038339,0.14778457371300321,0.47445184250681571,0.26299013673718241
9476,0.12781101468497655,0.96569148396401439,0.51183767768896848,0.29981589576108791
9477,0.31277880323004215,0.090574297741742346,0.47182777714658686,0.25933320144210853
9478,0.21939943158057287,0.17974880269231508,0.47621074122662344,0.26501614331385048
9479,0.69229540467100459,0.34638121491853385,0.49958669913318016,0.27854064489117092
9480,0.95866040854131573,0.96175533457213325,0.5374829510320005,0.30985066163485403
9481,0.15507472528720975,0.2615258149551577,0.47993318489812986,0.26974623638088768
9482,0.97003480194510205,0.52096437061651379,0.51551142739131595,0.28978834966027561
9483,0.83410312045301549,0.020021468290977645,0.47502923186168416,0.25537796186821426
9484,0.38619868053580869,0.055028630062018059,0.47059925124519625,0.25701602707360699
9485,0.58501022297128813,0.96744826893318681,0.52931803156427459,0.30697529091200243
9486,0.51342134787464755,0.15415182170021582,0.48168496293884644,0.2649562829008662
9487,0.6070926285246504,0.57707252505576478,0.51262701440685932,0.29131881997260251
9488,0.54619387595903823,0.4955778905724525,0.50644548291975022,0.28660000439288419
9489,0.044568888779066042,0.014937807443120983,0.45685332184958338,0.25151087446194798
9490,0.72795873337452066,0.68932745000169382,0.52133885898344789,0.29763407603165193
9491,0.72804435715215521,0.63607482979284835,0.51841923942200507,0.29499179863964303
9492,0.12011459383774782,0.92521663405724108,0.51073947426951993,0.29895800491642677
9493,0.68963928746703307,0.893911603304965,0.52995585310250937,0.30602159848544558
9494,0.59351858773272259,0.57737412789190423,0.51235019756315647,0.29125567867188334
9495,0.73949141585136535,0.54815184160837671,0.51353484743184974,0.29045319682495385
9496,0.26184292302607792,0.57960875422396929,0.50330984713614546,0.28866413550801773
9497,0.98690636743997462,0.16428599998384016,0.48976176345609046,0.26686679559674958
9498,0.48801159879806222,0.45039944493666995,0.50229234292307046,0.28372502803400879
9499,0.4522144966489054,0.72378762252154993,0.51677228277590193,0.29741784542322414
9500,0.23838404306854355,0.4020742939544027,0.49213260527231467,0.27898893491495014
9501,0.38148682354508201,0.72518013279802407,0.5147901660619647,0.29683510731192714
9502,0.36707168498752873,0.27792706706443571,0.48770125706470563,0.27257879801005608
9503,0.43293501592209793,0.28460445930982242,0.48984510978228241,0.27341646537993081
9504,0.099170894111541577,0.46143122748279713,0.49034666084410877,0.28055202066377383
9505,0.64019402926919278,0.10651281459339662,0.48003916666787116,0.26186014718237011
9506,0.53436870803827186,0.10941899893045194,0.47839035323064111,0.26175149813974979
9507,0.074865483283728829,0.52894892541180605,0.49303224722369521,0.28364434222597984
9508,0.79917542816033826,0.4855320687129745,0.51070058452137868,0.28722957646154806
9509,0.27132356604697416,0.30901362414582401,0.48712089069654313,0.27380137598229776
9510,0.37709291463847039,0.079018461400421805,0.47245439697434988,0.25880943768932546
9511,0.060532861521292947,0.018145972711395009,0.45774369226838219,0.25192073875399601
9512,0.87947258379795823,0.89808565779846394,0.53402736283956898,0.30746930352331875
9513,0.64329054770929506,0.0061524567338521602,0.47104962106564707,0.25391693135232296
9514,0.087574635178537572,0.21118385905682807,0.47380103454689426,0.26578360512144833
9515,0.9080719511114177,0.56246946001379983,0.5171729604755223,0.29187982280555791
9516,0.99037190116912832,0.04161883391410811,0.47886814291495378,0.25732212864119913
9517,0.078707535181951255,0.75425093586206204,0.50409138893908478,0.29375739223244618
9518,0.033377208744909147,0.15877089322052199,0.46774165084282565,0.26166614140042255
9519,0.08377366998413345,0.051752476895123259,0.46142936936767914,0.2546879853351483
9520,0.70658046445524092,0.91596467650326674,0.53103385262034131,0.3068078743466125
9521,0.23956626951607179,0.73886446936213179,0.51061333668754294,0.29582713017082862
9522,0.54126590957365694,0.81086349126925927,0.5232611632147679,0.30194163829896814
9523,0.77882388687919601,0.71851264455303321,0.52384926300938894,0.29930077531610871
9524,0.29733349077437304,0.28040563035045057,0.48592794763440805,0.27223255041819189
9525,0.7833558414537809,0.27764105992120458,0.49608862787275915,0.27440211968851214
9526,0.40323306031563549,0.74663189569005051,0.51650657039570602,0.2980159066802428
9527,0.52848515886355896,0.6728573594551418,0.51612315318725921,0.29561612386826924
9528,0.087039226577163217,0.29780547049072337,0.47972374446074212,0.27117336190384156
9529,0.63236726761424222,0.7697390569466982,0.52353594606196441,0.30086783723341809
9530,0.31134552567485957,0.99446683685212633,0.52072940965431713,0.3038513455696582
9531,0.20998286484995626,0.74151877263764621,0.50956714958736538,0.29552431964290854
9532,0.73085835410669675,0.15363550210957183,0.48547553192431597,0.26560553620449523
9533,0.6091121945547987,0.81773480940457677,0.52524139753053767,0.30275710747199525
9534,0.015911758152663241,0.093987759897334031,0.46208180058465198,0.25698986656872802
9535,0.24299544063491049,0.56640213271562245,0.50192389519365244,0.28779341836928207
9536,0.31660651547786545,0.2326420815025107,0.48305108230326294,0.26929685941955722
9537,0.87328366747844277,0.87238881669800039,0.53296503770958259,0.30654812934971876
9538,0.55785055187820698,0.38817278318899917,0.49984094493071846,0.28050527805566594
9539,0.88349886595244753,0.80486268304531705,0.53012682950644574,0.30383052982905639
9540,0.68940796526010384,0.72226632469274343,0.52232086137902145,0.29900740874236964
9541,0.95595993016877923,0.76373431269217984,0.52918197494082297,0.30222652871516098
9542,0.97296040733974665,0.61794522759354442,0.52140926851528346,0.29504629526723108
9543,0.19276271676399048,0.37142896654548824,0.48860279356054331,0.27675954213502202
9544,0.57449404968776507,0.15098096072823974,0.48261392072712728,0.26495519006742752
9545,0.098452597524144231,0.62462861585723006,0.49913602598781537,0.28863322534818814
9546,0.57530283832364948,0.54546011732598998,0.51008949055905639,0.28946958149622476
9547,0.59808570696593966,0.20599746700929247,0.48746299665660608,0.26894332978444335
9548,0.79535905356515435,0.67702547265401813,0.52191619937005718,0.29735960369820819
9549,0.70265863517428517,0.60344808482694212,0.51608798332528805,0.29319863270649554
9550,0.2240723709012731,0.80228723259879042,0.51247717436822249,0.29791976043413626
9551,0.88801359460403906,0.91888911600088474,0.53488919567779858,0.3081818163719911
9552,0.64055831306095945,0.055425674428220377,0.47554850583855307,0.25790243268927115
9553,0.83094446275999079,0.12134192333499669,0.48416544102828629,0.26340638277757833
9554,0.27989883370375029,0.24747288581227186,0.48306929987564023,0.26999194778851565
9555,0.0040211663518450224,0.34212417488902575,0.47879086082358119,0.27254813858346089
9556,0.79311077051948531,0.91903885253967021,0.53302187884157615,0.30755447846141437
9557,0.55251907134406497,0.85668201330086446,0.52529894812452282,0.30366560696695422
9558,0.27099218720429347,0.4695739361543092,0.49734878771444674,0.28305474466274289
9559,0.31635591695936166,0.82387009274287859,0.51679666278167913,0.29995412140004118
9560,0.32822186064171838,0.83156851228402229,0.51748213713721758,0.30035498852842912
9561,0.82263295000594805,0.80537360211216147,0.52910071133940639,0.3035666421571746
9562,0.23889271834419343,0.53709716554292242,0.50015262456383236,0.28626501089403839
9563,0.12661493820267497,0.85147267528894599,0.5094700706479004,0.29753897078009567
9564,0.060179224309360145,0.76344084786638855,0.50344456027263484,0.29368072415635438
9565,0.35378142099367688,0.41139545232626845,0.49631369349475607,0.28055384930609012
9566,0.72091907953486078,0.80282817944906426,0.52703868295740752,0.30290118131745686
9567,0.93857816632156021,0.60809526750481457,0.52033619046760227,0.29441575339992421
9568,0.16663820878783009,0.43000261955492897,0.49125552985528842,0.27975378683571944
9569,0.63681969855538345,0.74957710505576114,0.52261743860756171,0.29997049607715415
9570,0.85038172575960636,0.95477992551670188,0.53523965865147582,0.30895565088017729
9571,0.58158776081580432,0.58448017627844817,0.51249505231840586,0.29155316456288088
9572,0.38906894539593484,0.95783688814706414,0.52297902446657185,0.30437774650297278
9573,0.35608541076547701,0.821392871098232,0.51811754849915337,0.30039082673983464
9574,0.44314088679120178,0.43288743861269907,0.50008131321656246,0.28243761615214447
9575,0.30949663158239565,0.34021605800163235,0.49038599777192016,0.27601708518364604
9576,0.72989229555897184,0.84439208800111665,0.52905078200380207,0.30463910167618657
9577,0.085559032663621484,0.4510466476230533,0.48914715062302866,0.27980376649171046
9578,0.50804561018595706,0.87483188902520348,0.5246630029550523,0.30379178235215148
9579,0.89720475929173404,0.22520135866807542,0.49364897268447361,0.27109537445906429
9580,0.62191502722849834,0.96674488361811961,0.53029622186472314,0.30733679812124687
9581,0.14287156957400729,0.37867147526094924,0.48718242170239001,0.2766001591976941
9582,0.34149469570721269,0.67113834517615611,0.51080815715086769,0.29393526384954266
9583,0.82509411143403277,0.15247719464077381,0.48674153223325373,0.26572646582046688
9584,0.80972589246871651,0.81111581684489509,0.52914828832395755,0.30375754940949029
9585,0.84979544388918438,0.4084443809472374,0.50643913025116671,0.28288595226217483
9586,0.24788069181527245,0.25426317557963779,0.48257507193277177,0.27016823859635342
9587,0.074759179334004874,0.93605627467251618,0.50846536158902456,0.29808669218648615
9588,0.80273221696965635,0.1205575940307579,0.48371529839879746,0.26329509995530309
9589,0.59631726360133619,0.39500502978655277,0.50109779220620754,0.28110431032159883
9590,0.1061210540156695,0.70529648221678798,0.50344014317571883,0.2924010353808843
9591,0.47206112983388598,0.9678649288507063,0.52597897717610498,0.30568771725871152
9592,0.1944418777645682,0.32837502062051793,0.48587265674276431,0.27425011475999994
9593,0.72146676822366429,0.57897762242032924,0.51502933226202341,0.29201375512245575
9594,0.90870628012166133,0.19887327345168451,0.49168139137574918,0.26925582032050066
9595,0.9788580609537777,0.31649713170697213,0.50169438319984927,0.27743261354069726
9596,0.67216668062350948,0.72418029905658921,0.52206587195920551,0.29899851248006265
9597,0.14127972777370598,0.39366767669374819,0.48805105201852234,0.27742765071252262
9598,0.71443447285437722,0.72698835275828599,0.52306947359311562,0.29937084787588714
9599,0.23318043778786671,0.17518737614018609,0.47629754855891487,0.26481770518559888
9600,0.9036862821744639,0.050119756018172486,0.47869526987824662,0.25792812580033431
9601,0.45349319257942261,0.39822866232675735,0.49811239423494597,0.28050218053839499
9602,0.18589082932650344,0.97931882881113563,0.51496907701407579,0.30128246759440352
9603,0.62582331391199264,0.80110332346499202,0.52490520016781717,0.30220960592728685
9604,0.27522216173134512,0.97676678847091969,0.51894198646751799,0.30293483055487291
9605,0.68590099728779175,0.99395274222657315,0.53254399982847689,0.30854881367868026
9606,0.80565506529411079,0.32901564430686414,0.50021256910478229,0.27781716501992199
9607,0.89193290361593247,0.78286424195397419,0.52915376003560799,0.30285674290085607
9608,0.74745006947078518,0.41695848114708206,0.50537393043351786,0.28305189417807047
9609,0.23090652340353701,0.72725387170988842,0.50974920426544379,0.29522055982580592
9610,0.69995552734247179,0.33689308211655594,0.49905136953058293,0.27797301924834411
9611,0.85402153592520635,0.39969350404505383,0.50590646550967122,0.28236838156173438
9612,0.26621221223903119,0.60766330564060489,0.50497429612729605,0.29009317997419848
9613,0.93691875534813163,0.044838621747551953,0.47858575704418937,0.25753513451715648
9614,0.56295202273839395,0.81677353384938334,0.52406322514415493,0.30235089517221103
9615,0.094945187522389465,0.75585628381356362,0.5049700429337115,0.29413066111492142
9616,0.43942339629692723,0.8078231338335784,0.52029025401803108,0.30086865767961557
9617,0.49140347791066163,0.98984795387968194,0.52703917954654089,0.30636607809918437
9618,0.74156078705630502,0.60062686428824674,0.51665801699939173,0.29323993366735163
9619,0.85112335920884519,0.83320566312613664,0.53092666881948436,0.30491455829055586
9620,0.75278007385045065,0.30611772262564629,0.49771982144472871,0.27618251112153641
9621,0.42028417318019784,0.1889195162706892,0.48241015989615432,0.26697988525789079
9622,0.33750969340360026,0.63968059381620268,0.5090418853377543,0.29239808641225695
9623,0.35700876706250712,0.79992968233950679,0.51736471984628207,0.29966708578459056
9624,0.43322201632797952,0.72873311540900032,0.51648929867563509,0.29747923833039391
9625,0.48124151962868639,0.83013519854132323,0.52236991949559197,0.30208710476002448
9626,0.29826624163003873,0.55689895538567802,0.50328542813798061,0.28790874582009712
9627,0.32067267436386321,0.83242535364498615,0.5172366510404709,0.30027962992400875
9628,0.72354081690447636,0.077251344311970754,0.47878767304811026,0.25980475619059262
9629,0.88495649190027037,0.038170619693270423,0.47735979020584918,0.25693365868152757
9630,0.14074094532682796,0.13630655347990106,0.47025155662710427,0.2613284650667082
9631,0.72282004750127671,0.64675796694903409,0.51891541682400777,0.29550384418412873
9632,0.8608386234899168,0.23524959563644371,0.49395538187046228,0.27171844342906287
9633,0.10687294562690659,0.1547442827812047,0.4704174813068201,0.26225655598986092
9634,0.57297152648927885,0.26186998198289657,0.49124745416821458,0.27263209591890181
9635,0.95693874210048246,0.41394042265104369,0.50833456211529304,0.28351622753880562
9636,0.37492518376555528,0.016197541195189114,0.46689571150995246,0.25390841042625301
9637,0.011378457692696247,0.8690684404799599,0.50347280983015608,0.29523741041506663
9638,0.49603985076731771,0.33192989627983188,0.49465557896192419,0.27675379022398178
9639,0.7539374943294912,0.66790953293909561,0.52066691691171163,0.29671243239888662
9640,0.17690653949648841,0.69726649108942373,0.50615864279802869,0.29314845191863087
9641,0.1454676142070559,0.84039930823029718,0.51010857219595385,0.2976379744664463
9642,0.75843944652437933,0.093493031648721081,0.48073367191082844,0.26113793501147042
9643,0.43149559776551322,0.57542242870813931,0.50829240767549766,0.29004732347706297
9644,0.16138808895287804,0.17725401683336822,0.4740906153872273,0.26433099676591187
9645,0.34097817476991332,0.15533836137830512,0.47781971806830192,0.26418905380047547
9646,0.59520162166388479,0.57101290737412647,0.51201939503534633,0.29093366046815955
9647,0.98497719960465335,0.46420632230764025,0.51207224304750221,0.28658052970906661
9648,0.73078242331567456,0.20587046302113449,0.48972407299761855,0.26935289729707351
9649,0.042201374633528757,0.33537307211366718,0.48018561138554339,0.27276065840664626
9650,0.56604469194997808,0.87817910907828489,0.52637712837513106,0.30446773295593121
9651,0.10435840541281505,0.92346422814436957,0.50987301578635769,0.29857032910454528
9652,0.93730459365575813,0.72797868563750523,0.52701164688625179,0.30044758818876888
9653,0.06618174525784562,0.58816058733329413,0.49575632565728894,0.28638239395604487
9654,0.19129438302732304,0.11744656620955794,0.47048254206330631,0.26044688616475475
9655,0.42039337811862348,0.67459245440430238,0.51335873729867632,0.29484166808671536
9656,0.53547276587371018,0.86207572639543806,0.52502093352689783,0.30367681269531949
9657,0.43222879145630871,0.050323311023938007,0.47120872500088506,0.25684727911326849
9658,0.93758503958579398,0.4001500667303684,0.50712829324794417,0.28262742241912819
9659,0.036791520708601456,0.99949179753999928,0.50715036643731481,0.29801544814779968
9660,0.69925317740115578,0.98281875513073758,0.53262069909411103,0.30842978711336894
9661,0.26505143620638411,0.85487426703238156,0.51578543537611221,0.3001136824306444
9662,0.29693556357930651,0.94432500087494264,0.5192219514061609,0.30270273945869108
9663,0.47635876241974767,0.20510565124031854,0.48493584337216084,0.26837526977047577
9664,0.91706882822833724,0.26609111337031938,0.49710290392996925,0.27395025489073432
9665,0.13091719740865521,0.2605321418922511,0.47896063935905114,0.26942003024919947
9666,0.1647894858213258,0.38120638430282711,0.48818636544570443,0.27700572815346308
9667,0.80532821353800832,0.89166476936818806,0.53237312586337204,0.30679213107051279
9668,0.78564395669043308,0.5390916402204079,0.5137986556223435,0.29015691302833124
9669,0.24335102098420031,0.2531985980963451,0.48235642857843614,0.27006147660241092
9670,0.073374202044971762,0.27032955186510227,0.4773153157211833,0.26932873193750734
9671,0.39203051970278613,0.43733408820211189,0.49901680374350732,0.28232470594455567
9672,0.36328880272636888,0.087596278635377528,0.47285095363583918,0.25938681034168165
9673,0.011069462749140804,0.58490696306730383,0.49281196370553643,0.2852321971127898
9674,0.25992501453439476,0.75328633385401922,0.51201991637994193,0.29668538063132721
9675,0.22147226286850638,0.32586902012614305,0.48664106342145802,0.27437124676904218
9676,0.2144377240906819,0.86438265802861425,0.51391645075049752,0.2995218573541476
9677,0.65310887497001091,0.63130310487140673,0.51667181296665965,0.29435798390063289
9678,0.42886961955007863,0.9725176136868191,0.5246571790206197,0.30521999200549121
9679,0.036045113300008237,0.81156928768438519,0.50357327709697697,0.29453540210246437
9680,0.032353213044570291,0.78803060700221683,0.50269468442929754,0.29380839098386169
9681,0.25633263266206491,0.049560505361843393,0.46683186074252869,0.2558968716952954
9682,0.23502052675237647,0.29582204905141846,0.48506348530727944,0.27266817266225435
9683,0.87974218668950488,0.38704320482906185,0.50541336521288471,0.28166883370389828
9684,0.23348200097345981,0.29844190208382204,0.48519225103770725,0.27281564509433004
9685,0.13364527145469329,0.32649860730400543,0.4834902843879752,0.27346293104706831
9686,0.88404957459719158,0.36605908979378876,0.5040092439345063,0.28037916471277285
9687,0.59901337703358148,0.32276141780043255,0.49618293601811003,0.27668012786889729
9688,0.59076989606580466,0.72736691920046004,0.52044908010458624,0.29863692748419213
9689,0.25987096266703452,0.16517272002553801,0.47633866199428104,0.26433444868777151
9690,0.70745583441402993,0.46182455025321112,0.50760259221549353,0.28551404402989272
9691,0.95238106254365995,0.37281883558809059,0.50542246057708839,0.28097436943189835
9692,0.92799111183871286,0.084305292133206963,0.48210625746470115,0.26068815342200352
9693,0.78657822657780496,0.26769208104900316,0.4953867631685287,0.27374655469782594
9694,0.34994014007617957,0.77528292065012505,0.51613916712703911,0.29866381838776462
9695,0.69380270035491565,0.34889467782584255,0.49978972040538328,0.27870333026338651
9696,0.53093287254016619,0.51038204984896585,0.50699462460314615,0.28731688356644214
9697,0.61399635792075424,0.13554179167320254,0.48205088301612248,0.26395477996944045
9698,0.17074684307376156,0.52381319938517412,0.49685581413520963,0.28476502022423039
9699,0.48473001802623039,0.19328656877587783,0.48420024205142276,0.26759842030422387
9700,0.6934730626715464,0.048074531213182496,0.47570892446691126,0.2574341039467461
9701,0.1511173395110178,0.50765135539759654,0.49516437900626287,0.28368006597651085
9702,0.51564064853222813,0.15599171983188717,0.48187910256938488,0.26509744554531944
9703,0.90168261031707519,0.035597544791444669,0.47731539505374582,0.25674179338407666
9704,0.56613832303738454,0.41897501151225297,0.50204968626424995,0.28236847422667644
9705,0.74175858819036511,0.7636143395941356,0.52549228355586952,0.30123500913704643
9706,0.19584929916929689,0.26389979521363277,0.48154489322063732,0.2703088217581554
9707,0.27215388768619159,0.1487835767138633,0.47542146110667161,0.26328035571668024
9708,0.71910333192328701,0.49613130556592955,0.50998258992910617,0.28750667089050191
9709,0.57840663849463458,0.12898741414229153,0.48086448836718221,0.2633575837145759
9710,0.33284512215697909,0.29385762023754652,0.48789135596036681,0.27334759450687535
9711,0.15146754014823818,0.90736999301075705,0.51198452240992465,0.29928972470424953
9712,0.74839776083204201,0.49952964234413816,0.51071796381523971,0.28782023696158704
9713,0.51923016130459732,0.60687316971592375,0.512308759811405,0.29229436438000161
9714,0.33355110183224318,0.92761886129578353,0.52029460402182315,0.30293328720400198
9715,0.43376779239721364,0.70744150473420742,0.51542925404925966,0.29650196879084795
9716,0.64683152325426929,0.38159133614030433,0.5011868343143463,0.28052657178846307
9717,0.63106131884044736,0.43092289005239726,0.50416061013935065,0.28338752566643055
9718,0.92808045197963951,0.47628721631596566,0.51207862540381088,0.28712517850244512
9719,0.71651965497542403,0.12299987555657282,0.48267272840878717,0.26329706814409132
9720,0.79128180603749354,0.12866083740311443,0.48425269931728759,0.26388453155705033
9721,0.30682505999860588,0.80852766940122234,0.51591979497569207,0.29932770915964141
9722,0.14967364338472253,0.73273693331117973,0.50663623341490149,0.29424988389820217
9723,0.95041499617242953,0.32062119647882648,0.50163686683494479,0.27764158358600211
9724,0.029274747962492985,0.82080993556125326,0.5034258154844713,0.29460730197353219
9725,0.675835550058412,0.77085111066492973,0.52452890528885399,0.30119100756238743
9726,0.57175280539182716,0.094768806137575309,0.47783667632841381,0.26076915484493635
9727,0.11438714590951568,0.87357482772198281,0.50937840888497821,0.29779519141393956
9728,0.66468322916593181,0.84284388922512299,0.52756081529659393,0.30412346092731646
9729,0.28984483946544348,0.071981959023547828,0.46965881701809054,0.25780594690306652
9730,0.90754881364224715,0.39927505231954857,0.50665288255158192,0.28249486264097529
9731,0.8559027649997617,0.25566012283976891,0.49547499311474918,0.27310782790650451
9732,0.36049412840326556,0.83350778438333661,0.51868348432658795,0.30083658967927446
9733,0.974381203518773,0.80743706253607528,0.53170295702028847,0.30433182258639679
9734,0.16338707122259077,0.33809597969040045,0.48538117574243766,0.27449188072433517
9735,0.94851074583797013,0.99561615824810001,0.53819847583621183,0.31064709147110381
9736,0.53846914726031248,0.35755429216910856,0.49735725375159806,0.27855548056895219
9737,0.7493333430343192,0.74373941393372367,0.52461775931622456,0.30034834715398279
9738,0.75285911933827454,0.10784843656335726,0.48190917846635661,0.26222956071998216
9739,0.1260924816455343,0.33311143359780543,0.48362255153711881,0.27376198513276506
9740,0.91919896987449612,0.90208011846774028,0.53488900559045383,0.30783311903665161
9741,0.36247641427229393,0.97482258726389848,0.52235078496470666,0.30431726564808448
9742,0.66488147838356682,0.61906078040198187,0.51622737261218765,0.29380284458005484
9743,0.2358972240605508,0.91389562561650528,0.516032771463518,0.30104036329147377
9744,0.087445131418446551,0.47127435406489532,0.49039489422227478,0.28089665442891731
9745,0.45573129665065792,0.455725365699234,0.50183297452014575,0.28381419555431858
9746,0.90007105480375471,0.05786582767242799,0.4793687657781508,0.25854927434845654
9747,0.9591823774905992,0.64026748552148927,0.52249704897336924,0.29615747193203318
9748,0.53043251860841412,0.31094472660027678,0.4939392183140664,0.27561569370806432
9749,0.25320805357523501,0.44253791721101154,0.49512875462500305,0.28140034098276073
9750,0.68086492091288098,0.33016999984773576,0.49823824638893044,0.2774781502360954
9751,0.024605294611665888,0.68437199589408704,0.49840600158090537,0.29000594103166721
9752,0.59233272205205867,0.20322785364562879,0.48713848334129672,0.26872990294565069
9753,0.3101813636064879,0.49524555310279833,0.5001325431735193,0.28481331819501948
9754,0.065757963132939773,0.051287012255482843,0.4607063684694489,0.2544700225174758
9755,0.32812769179631723,0.24578071202571738,0.48433224425960542,0.27023869720417021
9756,0.12215878715083237,0.24495951585056028,0.47754441780833906,0.26834279772886577
9757,0.55014443625997522,0.066928818811743993,0.47501416086974901,0.25855906717501659
9758,0.12001058226592141,0.4077793170714169,0.48805514325831384,0.27794162201764133
9759,0.43318404880958844,0.67219627269544868,0.51359389993874083,0.29483815587354079
9760,0.47304939256316286,0.20808007578876569,0.48509231715711643,0.26856340279850782
9761,0.40502847594328928,0.61376640249196213,0.50968122739683686,0.29175844738512685
9762,0.72039553425646163,0.57402389037507828,0.51471920014344374,0.29174742624949912
9763,0.048998491418745835,0.25598131514386041,0.47529391447091768,0.26812057780908
9764,0.75410432756630474,0.23704760613428663,0.49253756678356253,0.27157976304269477
9765,0.44184113863293317,0.67537454645066752,0.51400030869050106,0.29506287519178248
9766,0.62994467334664661,0.59783421533553627,0.51430364558747155,0.29252411857383537
9767,0.66719794913529185,0.14176255701774501,0.48347495842755811,0.26456800525996255
9768,0.98961444582255798,0.83496811541366633,0.53329771301958817,0.30563337192006385
9769,0.24061866241354729,0.61363502997568575,0.50437991690331885,0.29008714010617137
9770,0.89578584525944904,0.60144167196274512,0.51930183518651751,0.29391607745818177
9771,0.49194626743575792,0.16022004275278887,0.48173265254365144,0.26530242025973899
9772,0.27795460491537816,0.42958330047515925,0.49515081587901388,0.28092405803812937
9773,0.5996862820420531,0.23562554168322822,0.48978458475405684,0.27098148363134855
9774,0.13947706665984588,0.32967279146792133,0.48392391281574149,0.27371971571659076
9775,0.40786703112270917,0.026291584069945383,0.46854159581064486,0.25485324445840701
9776,0.79930972850968829,0.2734413461012184,0.49601401102518095,0.27416579669862839
9777,0.39451677487528652,0.047343420951918236,0.47011593882081243,0.25645603137635997
9778,0.56149258114941181,0.61437850418033779,0.51372830732073949,0.29295531999622987
9779,0.97109170804995815,0.75269357386903146,0.52883311208613981,0.30176138613318626
9780,0.72170721210959599,0.04872536791964667,0.47618659552381376,0.25754194417900306
9781,0.66257465538879634,0.8954771407656722,0.52936997745212111,0.30584841801671109
9782,0.93629657677289801,0.64488927422292763,0.52242187003573726,0.29631467654368365
9783,0.36380915042593842,0.15517894630833762,0.47839020429853002,0.26431134421236052
9784,0.76747446161695998,0.76228107155490443,0.525914839231858,0.30130938127876955
9785,0.34712501910849242,0.61449221050482017,0.5080001279397246,0.2912680024663406
9786,0.93662685953757041,0.95853436483187837,0.53699339553184244,0.30962722492747796
9787,0.41454831019927518,0.044703900498140138,0.47032919513113897,0.25633530652936115
9788,0.57547089955235131,0.83124570262905917,0.5249610659793722,0.30299454160580758
9789,0.85850335117395737,0.26203293295222102,0.49600128141862637,0.2735464247654591
9790,0.57024328983098971,0.020295699712319766,0.47116473551859056,0.2549066588922646
9791,0.21537203129188856,0.39687302139481767,0.49101279502299783,0.27845676171047462
9792,0.85712090537889174,0.33860952564055335,0.5016690068278753,0.27857397521067645
9793,0.97175017209571091,0.51580845188481039,0.51521114857985284,0.28950384005464941
9794,0.50924018340342447,0.040302224685123657,0.47187573410431721,0.25633612274836043
9795,0.62680419273086596,0.048865207646915224,0.47473183593833079,0.25734815517572623
9796,0.70092706738269195,0.35442265632128112,0.50030187893912348,0.27907433958699168
9797,0.031247866384906231,0.87082378171101449,0.50471011782966724,0.29578941924500529
9798,0.67255318337710346,0.82528301592672948,0.52702113943588358,0.30351609011410013
9799,0.55776930748202147,0.062784197192627483,0.47478687814040027,0.25825897554681504
9800,0.7330438314422616,0.61135230472307889,0.51711551691376467,0.29375445405804851
9801,0.62466222269547877,0.88579739310882288,0.5281343778217088,0.30523210504520704
9802,0.74102164361219625,0.66761152136222235,0.52040948362770156,0.29663409204607027
9803,0.76047971547160997,0.019434871615713927,0.47401358132844784,0.25522615503800578
9804,0.44201322778424945,0.37644694115662714,0.49639558002170087,0.27914191355388018
9805,0.63389585272622062,0.035655914008629046,0.47364406412346621,0.25630688858397926
9806,0.75475938245699514,0.98477994043367223,0.53396748715230069,0.30895739612409368
9807,0.86284771008213279,0.29032718873723645,0.49820684234737062,0.27545149346405517
9808,0.5483397085349192,0.36772684958236063,0.49826186439678416,0.27922533193289301
9809,0.014594767581170891,0.97773886019022904,0.50548733813066782,0.29711586267560969
9810,0.71775738799743116,0.056382516710541682,0.47682620468629749,0.25814617077136109
9811,0.71603337808026712,0.73656831342250806,0.5235991822685977,0.29983196291291492
9812,0.83464126592219112,0.24378920076818905,0.49425715356546068,0.2722472412861634
9813,0.29951525313406019,0.47144124216433853,0.49838335128525402,0.28343212269627871
9814,0.35892189187657786,0.21982647374236261,0.48324506023596758,0.26872880234260071
9815,0.26635717037300349,0.3693197722300538,0.49097013919970001,0.27737163476663274
9816,0.91802046511661028,0.12976929648070362,0.48600159064012455,0.26418627376500531
9817,0.57320196346769814,0.82559189279513667,0.52468015072225316,0.30276774112504351
9818,0.12254994661583334,0.7863889350302401,0.50738736764366321,0.29565993891199799
9819,0.66393582189559242,0.81433585988000268,0.52635797325844913,0.30302091516276819
9820,0.94281588154759965,0.52379828275557383,0.51530718854242885,0.28986593987529968
9821,0.74030049732065528,0.078152985042461667,0.47911325687012613,0.25990902329073828
9822,0.54276273992290958,0.89312713120012777,0.52620450551468778,0.30467766489823672
9823,0.94245181064644135,0.72193837230507052,0.52676743161881212,0.30017509657293628
9824,0.63194714209124214,0.27866070309517671,0.49361850739024848,0.2739743025725731
9825,0.53126429956456411,0.0021715754050412217,0.46878939145064835,0.25331817129048262
9826,0.56541736710580304,0.68909827677871804,0.51786887012840177,0.29665490599651989
9827,0.80081255468976453,0.17793444149763091,0.48851692861587437,0.26753546532812111
9828,0.7450864962238003,0.047794086522061845,0.47643671907776591,0.25751021895889714
9829,0.63220324648573289,0.37394759034590097,0.50038727808623618,0.2799990613328901
9830,0.37980177617428129,0.52443093456764478,0.50393049818451707,0.28697905182697508
9831,0.71000282892271649,0.26134422725940826,0.49369028297089007,0.27309663303134829
9832,0.27852377442478904,0.78465319517768228,0.51399125405132196,0.29812029297814968
9833,0.21797759435683256,0.61545688996127579,0.50363789488221899,0.28989933688247449
9834,0.29781209474235076,0.41179996512593936,0.49467190631482316,0.28010506756575132
9835,0.063146296125708615,0.7798264391438221,0.50414304771189622,0.29425626134942301
9836,0.52145903646374359,0.57983101716170782,0.51083904679494641,0.2909298760139159
9837,0.62913854444305184,0.67871105340343207,0.51875390842996993,0.29656366730160705
9838,0.80118852764273762,0.87189480741427983,0.53157634958250832,0.30609754055503063
9839,0.40119371801827802,0.792290256848454,0.51849725263837931,0.2998873767770544
9840,0.97324042197467064,0.38740647315989485,0.5067192469601407,0.2819310651400237
9841,0.94072179361017194,0.9854851061733324,0.53779821975351771,0.31035023385792471
9842,0.24262317177489168,0.47002871601412771,0.49641700449629117,0.28278778392402926
9843,0.73455473035488983,0.14486568178419257,0.48479884165661197,0.26496897328137958
9844,0.79339651503710773,0.18314995437733597,0.48883731883387593,0.26789463947523051
9845,0.51994364274326943,0.78726029378256057,0.52168181924421619,0.30081718003194741
9846,0.99964534884110334,0.76708421719596953,0.53000821633798934,0.30254985568899695
9847,0.72862828681316461,0.95763175733383976,0.53270072727002327,0.30809492643930031
9848,0.1033691998760798,0.59656980711371876,0.49792332005964285,0.2873901938878814
9849,0.51764025082635934,0.46623649187992561,0.50398205152692055,0.2847998011176236
9850,0.19994979542597432,0.91721070386240022,0.51449748962468222,0.30044885246789266
9851,0.44752848430025627,0.21644818760015769,0.48515881249138582,0.26900667779840581
9852,0.86348852942170351,0.76856336948991522,0.52794739357562326,0.302065813059609
9853,0.685657957253058,0.29169615572605984,0.49554031319754033,0.27502299875116537
9854,0.18510509380315199,0.64743655277028456,0.50401130339275135,0.29098379697857329
9855,0.20127177763400833,0.93749817546556002,0.5149631778900754,0.30086954754665807
9856,0.78070702761412836,0.51283231301709309,0.51210357187528399,0.28869210061109557
9857,0.16734317928525852,0.94460669092732719,0.51348183210386045,0.30032024210387354
9858,0.53719674569760678,0.49817073325215611,0.50639920366412172,0.28668868168958633
9859,0.25447512142217021,0.045549670038453768,0.46643542293494761,0.25557754934435989
9860,0.33689328481183622,0.062063047314190774,0.47002950789498704,0.257316375217088
9861,0.43848049628195584,0.97763463523812832,0.52508307818969702,0.30544897490718942
9862,0.62985148118367651,0.60475152415080224,0.51469477699899691,0.29287876869294477
9863,0.85528262829660673,0.082709582250111283,0.48107861095021692,0.26046397528241944
9864,0.71537664372342413,0.93406009439098425,0.53176105705751275,0.30737854170372092
9865,0.2983880320045515,0.95008978531492183,0.51939664305476663,0.30284002504700619
9866,0.86884014953306177,0.02580067557968432,0.47600237899907749,0.25589813241086029
9867,0.22883996925259709,0.037040435996127781,0.46497162965211974,0.25475700865612094
9868,0.36913430245307977,0.76752799774484015,0.51643075859769272,0.29856769757963947
9869,0.57881255708074897,0.97609541578070502,0.529339858307875,0.30709709248493894
9870,0.69452168294953887,0.91033552492895398,0.53058502032528998,0.3065488252314077
9871,0.94065729722006952,0.94720032980385005,0.53673719544334286,0.30933917282314982
9872,0.68980436481804364,0.97062893050260612,0.53210542020399487,0.30806823633151564
9873,0.79895938683551504,0.81037005029829456,0.52891411727954596,0.30366859386019823
9874,0.88505873748335284,0.12703632969475584,0.48535834559982949,0.26392890989424334
9875,0.012974023577303161,0.42036677943853429,0.48394344353038354,0.27701398676455802
9876,0.72317212080805338,0.27591649975430921,0.49500400414790635,0.27410925449844498
9877,0.069270487319969112,0.41931082467859376,0.48655634651056051,0.27785945789835276
9878,0.67832270788123139,0.80641219655518648,0.52631531252930186,0.3027891173342841
9879,0.50085063684709608,0.11302562343877508,0.47803437991250441,0.26189769307796251
9880,0.56907417859229037,0.91325175631885647,0.52750981900894056,0.30549484849739117
9881,0.41132841121471719,0.021437227797985545,0.46817975156813141,0.25447972634542898
9882,0.43193873022514162,0.80943094062829624,0.52012751626807929,0.30084949595674992
9883,0.22643131638133202,0.12942700434065194,0.47253753921594255,0.26157814072574592
9884,0.055774900754645931,0.44167687719444515,0.48724822596367356,0.27885240643354225
9885,0.4924594688518788,0.24089900860121707,0.48801013418456274,0.27087570516977572
9886,0.71942398848078448,0.84495856891471199,0.52885126167971752,0.30458934758434641
9887,0.48747408273936021,0.42774251635627591,0.50084262010938596,0.28242943684867955
9888,0.71455894003828291,0.78156864385913372,0.52586239350262753,0.30190874538970469
9889,0.69964498135946929,0.42579074420080287,0.50512063292706477,0.28338805430088015
9890,0.52568033765550937,0.50118445107458387,0.50631683737156441,0.28678335123313431
9891,0.36620340387352046,0.24882387948835968,0.48557912871294739,0.27069300066370822
9892,0.35169300628338246,0.024855343038949651,0.4671311433271883,0.2544930075549619
9893,0.48415022303179139,0.47584783065974484,0.50378130087577622,0.28512503488411239
9894,0.63609089185813206,0.070498782727995424,0.47682388348687355,0.25907769901473843
9895,0.59861479784959226,0.64601763313069238,0.51631581304305763,0.29477254032165046
9896,0.59710796502378083,0.88239073024810066,0.52732694142210645,0.30488347934256704
9897,0.83233646361640423,0.34318334507328691,0.50163275365192073,0.27879631542254946
9898,0.45175631411945216,0.012531621075526345,0.46822026930849425,0.25391470379745068
9899,0.26258588201495586,0.40271045476823347,0.4929782634899626,0.27926253660323291
9900,0.67594353828789899,0.21398927387156294,0.48947078524571347,0.26976009154118746
9901,0.87924175379936365,0.22341941123158904,0.4932701391801903,0.27093449957613142
9902,0.40920999511430273,0.45495583822984481,0.50057774738405214,0.28344196752488676
9903,0.97754534778810342,0.575117330321821,0.51894095130691253,0.29278717125138654
9904,0.58533207767928253,0.023316246218734887,0.47170335807744201,0.25519102630529444
9905,0.57675553076512875,0.055307412175403442,0.47446045058509528,0.25772724282216281
9906,0.52973988959273566,0.70764298031128714,0.51797541040137274,0.29728218967269582
9907,0.44581088403348118,0.71990834813587135,0.51639893018145899,0.2971839600667055
9908,0.46137273228646958,0.46749111822434936,0.50270390243597141,0.28450964213362856
9909,0.56855031386892074,0.12127792826184305,0.4800361309971054,0.26275330873513397
9910,0.66055402249590267,0.49495929366511993,0.50880749638092049,0.28717503702051944
9911,0.3011892075282871,0.16924282718981851,0.47783821501293378,0.26490784888223984
9912,0.064042027697234882,0.6382895932945073,0.49818916681485731,0.28868298591212904
9913,0.69434133149293487,0.65357103735300481,0.51873829437492358,0.29569723479195265
9914,0.47295014094406512,0.28930396636148215,0.49112329201116478,0.27394158378467498
9915,0.96625558018825253,0.88505236008724897,0.53507171211732318,0.30750244204456645
9916,0.1627508606165764,0.75098431997966253,0.50796593489959785,0.29516328849262269
9917,0.16886920563603053,0.85166293503461643,0.51152116430300265,0.29837486531596458
9918,0.47607943077854581,0.75737222790549286,0.51909992499841551,0.29915130013987401
9919,0.20152442717881641,0.03769938737008488,0.46421754672153276,0.25462011304846133
9920,0.02413850031552138,0.32194000108203619,0.47849322543036032,0.27170889220019628
9921,0.72303775671353809,0.75932721931153213,0.52490744590791005,0.30093377479758426
9922,0.79283244459530111,0.62737390408563665,0.51910615505046287,0.29485077558690398
9923,0.6292945325216861,0.61471095429701961,0.51524527156922517,0.29338385151334195
9924,0.36520327168238587,0.62340512688133176,0.50903294880278982,0.29187596558375856
9925,0.91366568488077038,0.073080290397547654,0.48092195107469821,0.25978241845367178
9926,0.63833176800621438,0.58484373063828099,0.51373434911169047,0.29189850184647292
9927,0.45974238131766909,0.86896398137490027,0.52304559716234844,0.30309674856401386
9928,0.1920736665947945,0.33968107380099827,0.48653111764134616,0.27489751761630132
9929,0.096166949214611677,0.93684759280163565,0.50966783922653691,0.29861412541769555
9930,0.68155479139931263,0.77391443879491417,0.52480247749389586,0.30136558836608968
9931,0.62323183133447313,0.41611891787232602,0.50303706507801638,0.28248365850809704
9932,0.96378567362491752,0.33242832119670934,0.50267419809385971,0.27843555440383816
9933,0.44403305041374408,0.89236878131082054,0.52324510866074558,0.30357088792917269
9934,0.56644594163316075,0.9032032264464418,0.52715193093193236,0.30519590069625291
9935,0.19625463778228733,0.53602322804454017,0.49852449302084428,0.28570787289400484
9936,0.48085107688732681,0.19839789642201505,0.4845144450057805,0.26793443219017232
9937,0.4290513168257778,0.8466299854432815,0.52137531906439105,0.30207150576595754
9938,0.68464911279085794,0.072126662842405487,0.4777429904877894,0.25932026429719879
9939,0.41772498609438774,0.1527970541624469,0.47950091452952676,0.26442996592172979
9940,0.3181549350254354,0.55106295303729136,0.50359781595407638,0.2878078321676531
9941,0.23083254332212966,0.83932532923318215,0.51392870892578779,0.29913744408196946
9942,0.38340171823626151,0.98915402507226691,0.52338436430474322,0.30489051839643927
9943,0.050051949656044606,0.40859293314347744,0.48503828104678498,0.27698389359779901
9944,0.69423834787915695,0.40103225814731563,0.5033760555242065,0.28189506168578399
9945,0.51144386478572856,0.23329949975534109,0.48784555758642129,0.27045554967728025
9946,0.17049936421461173,0.96515105183935967,0.51399173355460059,0.30073590676815237
9947,0.80592768332533316,0.69799309125413422,0.52324066883345843,0.29843755920784404
9948,0.07996888240621193,0.19000192745287203,0.47197146329674977,0.26431308543824483
9949,0.85325745654230711,0.70270658610396786,0.52430733135803997,0.29887810848395646
9950,0.54294529925986434,0.6720567303916789,0.51643214791391123,0.29567995261139735
9951,0.77312476461451729,0.63892176059557826,0.51940904730107762,0.29535042038739301
9952,0.14711981802076335,0.69039878895337459,0.50456779320430878,0.29240131572806255
9953,0.62627949642246827,0.23957959303477547,0.49057949045273336,0.27134796193552269
9954,0.60458150063221117,0.45778220153691951,0.50535229420769068,0.28480526847904281
9955,0.18869902303061681,0.5979098841328756,0.50158771737216623,0.28867946150859736
9956,0.40612024272851416,0.97102099394280239,0.52384638642551473,0.30487876000732628
9957,0.0048537765659508294,0.86980410086509075,0.50308507817066417,0.29507842755665503
9958,0.077627587520552335,0.26813396772512932,0.47734638499093129,0.2692491685726438
9959,0.23634029463435291,0.77868953439154431,0.51213106708663814,0.29731122473741711
9960,0.43364936841306045,0.49297326801972235,0.50354633903778911,0.28571623023285614
9961,0.55398054128651275,0.49627246435926065,0.50666283137782264,0.28668395168764438
9962,0.31605793826234296,0.68359908839896089,0.51062037779477076,0.2942526625297372
9963,0.75306000826730157,0.36514050132367998,0.50193670352352515,0.27992536433772297
9964,0.19483304585063599,0.69737963243530832,0.50689229687477633,0.29340551908004825
9965,0.049357869028218558,0.46652885734798621,0.48837088865948869,0.28005572793599215
9966,0.20225056104738035,0.52286335490226055,0.49801471275647297,0.28510907657382606
9967,0.75811594337715071,0.26357790407986614,0.49463560773026793,0.27339100968909041
9968,0.65144807774099756,0.69469826354692921,0.52008281619271624,0.29747030114605238
9969,0.14100316207661528,0.40519287143120308,0.48874779845736227,0.27806825478577529
9970,0.64795699911901028,0.5227734342621756,0.51026333757032383,0.28864508374890152
9971,0.44657261167428225,0.74178896747223333,0.51751707966379623,0.29819250961663801
9972,0.97045893450890441,0.25912070885178401,0.49724086150701746,0.2735804221303611
9973,0.92290860575017297,0.0187177358548739,0.47595786653112526,0.25536730764190074
9974,0.43988707314386266,0.27002897233291295,0.48896146856734812,0.27251751128363294
9975,0.25739461222380633,0.92628718219849981,0.51721905457083317,0.30167443605788052
9976,0.52090704230101548,0.22257686480210398,0.48722844907148177,0.26977276596601418
9977,0.61313968168540156,0.82408114652248343,0.52560203719072962,0.30303273180920465
9978,0.61362764874758435,0.013324552218208555,0.47124851714002408,0.25444368843013071
9979,0.56538279406995284,0.63203580432693707,0.51479603802339557,0.2938664555607477
9980,0.94727508612178501,0.32746213669391583,0.50209807964295317,0.27807849066793061
9981,0.6127724901005277,0.80818261249967616,0.52491842205524153,0.30240634969442159
9982,0.79350579338480021,0.87420406045493448,0.53151004408378566,0.30612915832623155
9983,0.95166999069409208,0.51524155989530263,0.51489639041539748,0.28941336051865357
9984,0.31105168415891238,0.90929903799438616,0.5190117098721776,0.3021821850702518
9985,0.33867380868777403,0.25522184061069275,0.48530718703726761,0.27092573474567638
9986,0.22834857135884232,0.80601574672973952,0.51277982507587727,0.29810552860183498
9987,0.3623237241326715,0.095421270217851267,0.47348483152688858,0.25996664871151853
9988,0.94165369919697994,0.05909328810205916,0.47996346983305349,0.25869552232524001
9989,0.98718835737338528,0.6327244014480734,0.52246666250409257,0.29586151349790907
9990,0.13655947681335964,0.58234601245151141,0.49863417320696551,0.28720775027548279
9991,0.47511503961087437,0.99709694427457884,0.52666175272254312,0.3062970743381247
9992,0.98740877889742851,0.60424330417920147,0.52081168010907419,0.29437235374445242
9993,0.21051070676572856,0.55388943899591692,0.50005018377080079,0.2867841201751094
9994,0.28878098818719156,0.69052477869078288,0.51004751799011816,0.29427145850114478
9995,0.89705126885921926,0.55647344948077804,0.5166443134170714,0.29151719992732433
9996,0.073533553739276253,0.1145799618668505,0.46605924716018216,0.25911904854116857
9997,0.17550883389279481,0.15995763469705127,0.47326992542179469,0.26328569308172017
9998,0.62418108299399022,0.1038231726805796,0.47953784256068638,0.26161210413216313
9999,0.68447486568569438,0.44286621237712681,0.50595874946371455,0.28432234549147628
10000,0.66518322817831066,0.22168206232128432,0.48988870565016729,0.27025822131389099
