Simulation,"alpha","beta","Fraction in treatment[HTN]","Fraction in treatment[DIA]"
1,0.2352739364441368,0.59893797056946207,0.51868091530868243,0.29802041397253315
2,0.58084802507079447,0.48257738266397504,0.5172094186405658,0.29119177819991843
3,0.62092212766174926,0.40669695525689747,0.5112970970770685,0.28585269789009526
4,0.88132351563194544,0.17437754584004869,0.49276003850182287,0.26843393860837267
5,0.74625213913485644,0.28266975488838508,0.50177266984674451,0.27679690077606839
6,0.36924478473073108,0.83919768345594647,0.54039715218083906,0.31402011907832028
7,0.86320880933337618,0.091229366059217137,0.48372951857357915,0.26158537226189005
8,0.10700235524469755,0.8968164329999011,0.53624557391333594,0.31614130830254616
9,0.46052282299107178,0.16860239654666512,0.48554152355557617,0.2672160282503771
10,0.024235087997291706,0.12620309308940778,0.46829130925704149,0.26095920910825771
11,0.96959504062797641,0.73347626548631817,0.54269076142221917,0.30806550841486879
12,0.8243064533987432,0.49148251620036321,0.52169536710235442,0.29208081285562609
13,0.66023531439910876,0.50267477913071634,0.52026209857633532,0.29271462666802112
14,0.60909604469576151,0.98955810752789264,0.55563586707876333,0.32338044814735772
15,0.13130798023216195,0.15890292814044515,0.47571823312325817,0.26467786057653747
16,0.71246158268261939,0.80519281991805181,0.54462557644411003,0.31249375951771746
17,0.91841316649845106,0.6106919416478952,0.53265697216358032,0.30017686705916619
18,0.19664233711733251,0.75110548740212102,0.52910238797999609,0.3077471451825316
19,0.81585347545916453,0.47612510714750972,0.52027418495410649,0.29100524776721359
20,0.38081095404183729,0.28863474551487017,0.49563452172694195,0.27640949622939087
21,0.51051623695961901,0.15784016963698669,0.48542626195734001,0.26648914654289207
22,0.55803263528236424,0.5316048086978612,0.52091493347369633,0.29455350085081961
23,0.75363413442556049,0.59532993629620179,0.52929918334546133,0.29910357741571808
24,0.95663705007670219,0.6450058310267166,0.53579800284779655,0.30242191152015369
25,0.57640425353125901,0.79150381007642723,0.54138377723740327,0.31152924727513476
26,0.0086266907354933219,0.29063423855815784,0.48371325229330531,0.27392238489080595
27,0.95200598139801307,0.5376515408628505,0.52711451286288036,0.29529012178026304
28,0.52153095143461836,0.10464725642801495,0.48003292695188038,0.26212228148702271
29,0.31167117849452192,0.98551152593680891,0.54889411126234422,0.32254905039569448
30,0.025308095876465087,0.93929720214469126,0.53568294360886615,0.31793517764095719
31,0.62958339419186815,0.24334795084166108,0.49616590353744122,0.27358542735602065
32,0.77959319108651259,0.21361269747015324,0.49545555577647904,0.27146635859338897
33,0.46349102984037022,0.40459341677940686,0.50813824772664795,0.28535182395273778
34,0.38155068050645058,0.45718249673120442,0.51090227995974169,0.28887094571519395
35,0.77576764238077456,0.22333542986674002,0.49637632926087472,0.27222862053584024
36,0.53813585688514864,0.4483903923956794,0.51348049441388433,0.28869108950399408
37,0.54430432619579372,0.078647449210484055,0.47763936462326351,0.25999054877721861
38,0.3556779083457659,0.98671358486396499,0.55012955829365828,0.32276683774249865
39,0.45231982205685928,0.62441235441135945,0.52629658900827769,0.3005826742641583
40,0.078226688457198906,0.81442116039007673,0.52933457875524026,0.31084529156288748
41,0.0036205677716876382,0.88199804106707458,0.53077392678294399,0.31424491588090253
42,0.95858037200755208,0.13052380437202518,0.48905209530095184,0.26492276424774841
43,0.73144028328097199,0.12357933154312195,0.48548375356307549,0.26412592938744844
44,0.35450976819401842,0.0088782504195696679,0.46596531825754289,0.25329809228117589
45,0.81712664471847241,0.7925690482354375,0.54519269669424075,0.31174903950936139
46,0.091345401064923504,0.70049196783638323,0.52151970473282427,0.30371909224039845
47,0.68072049618071184,0.85427869682173485,0.54762373166125344,0.31546228605358179
48,0.99679167047712258,0.51876347193882111,0.52603235387730163,0.29400337029401946
49,0.50776569542660144,0.72155914295139956,0.53492024747637656,0.30702424413465335
50,0.21261842063249789,0.51563567186110892,0.51120102768609699,0.29217931193862562
51,0.55386801558268495,0.34666189621001248,0.50467568895146875,0.28131398392371748
52,0.98452358886332958,0.90382557435688804,0.55501790229243364,0.31839473413527225
53,0.67133749918235697,0.094183389750646898,0.48144061095564644,0.26157806906101649
54,0.095210528750799134,0.91290787141137997,0.53688073424026561,0.31701377400209391
55,0.55532633870487336,0.75337908929913544,0.53820823037881149,0.30912080737371672
56,0.86023772189264425,0.38723728529406948,0.5130268214829069,0.28469131530842195
57,0.67512896393515409,0.58549101551253113,0.52732691183637048,0.29837953487695501
58,0.027890710032812786,0.03435973514852813,0.45871247824861733,0.25319731316040606
59,0.32222050451793477,0.62454133405181356,0.52318468487554226,0.30015624264679991
60,0.8147465536594275,0.016259751278802286,0.47474778188511896,0.25510917485559031
61,0.34521192448792282,0.20566714108426823,0.4866950130867555,0.26976565866636343
62,0.50249317108205294,0.93262495384978839,0.54984134959938769,0.31994157994539973
63,0.99657701841426316,0.55275945241361635,0.52884818897816011,0.29631282158570571
64,0.83437289546377724,0.2115356483219541,0.49596538476056329,0.27135708200050879
65,0.60803346530374835,0.18492461622493575,0.48996013602553568,0.26891542817327702
66,0.4731780661554425,0.45402003177354344,0.51267598308354978,0.28893481408201388
67,0.53110448766915364,0.63419824587152107,0.52867933778032039,0.30140737877975743
68,0.21819526859299512,0.12761693556249376,0.47528921227198989,0.26272854128361783
69,0.74475559502163668,0.24538426447039238,0.49812808871618414,0.27391791631123158
70,0.14052263744083468,0.25813311249412363,0.4858325240621259,0.27268153021770669
71,0.85454452358448185,0.45053107080446791,0.51856304846860124,0.28922607375253695
72,0.49986666763300308,0.95697552916564754,0.55142564479808598,0.32136518814102027
73,0.983372046017705,0.38047080164387592,0.5138424672224553,0.28424556649021437
74,0.87129507213890323,0.48960996522990757,0.52213269636719872,0.29197200492118491
75,0.45154832737707767,0.18308191245446215,0.48683390821308459,0.26835861849037534
76,0.67605965206619589,0.84908548259962124,0.54718514752370262,0.31514601987716773
77,0.3442171185881947,0.095964570033212654,0.47532672341733656,0.26076064015411904
78,0.17401077930679312,0.98311233343252691,0.54451203076641619,0.32174233685979564
79,0.29385402816879796,0.33641808421112368,0.49790463300604276,0.27965634057359923
80,0.1509086120197666,0.10060964376128978,0.47034132075158164,0.25999674885798479
81,0.061477249574044261,0.29438983083307974,0.48630192795501814,0.27478397349719591
82,0.61793212129027819,0.8236265752727282,0.54442426264580246,0.31355269852273387
83,0.55765170755464344,0.6699612579306472,0.53196306591824283,0.30379473915995836
84,0.68182976110946625,0.42427535736659777,0.51384354502428164,0.287208677727813
85,0.095501694005343599,0.1951668824891909,0.47807336078211426,0.26731073396890542
86,0.91311647665406348,0.21974158888444073,0.49774313644976964,0.27206349458879175
87,0.26392627569917826,0.083705536261957619,0.47194434875831998,0.2593170844784129
88,0.19982740583171837,0.86630235985209003,0.53745951802812619,0.31493033586867475
89,0.1812395992264268,0.47974423007325967,0.50717278058712945,0.28945408284116253
90,0.34774881631586468,0.03718997504086001,0.46899127857711348,0.25574629197174958
91,0.2029483949204092,0.97235535379025395,0.54477361874229713,0.32128310574349567
92,0.094350542263814716,0.43756970862982564,0.50045019451206285,0.28575565348379245
93,0.27208645427786982,0.33950226296348268,0.49758666438183152,0.27977604613106749
94,0.49953270502866948,0.44969926889777423,0.51284073840639843,0.28869515631813814
95,0.041550814446934967,0.9732658433148289,0.5386782792910616,0.32011423200574751
96,0.90404713932249003,0.59936401492488811,0.531583879290904,0.29942681410422994
97,0.53177734888998096,0.39840230801386062,0.50895604776064463,0.28507621908570174
98,0.92815381968239097,0.66872343192702399,0.53731477245845827,0.30395821559003622
99,0.081886668084620029,0.30820774655792632,0.4883956043139438,0.2760402628146329
100,0.24536441717197888,0.86828142290924448,0.53903734244771939,0.31529655204347712
101,0.32195625733927591,0.86013949112772248,0.54065285955436126,0.3151340170176089
102,0.65165654162302389,0.90005038275109839,0.55033499422620191,0.31818188397764552
103,0.46726880862225084,0.31078715468534501,0.49964188593896197,0.27839470717880427
104,0.53666590878077558,0.1334134370308486,0.48336876149276697,0.2645548917542026
105,0.18302477087512378,0.16586763364447982,0.47814416689694317,0.26563948867708154
106,0.86873563452003288,0.10820280415340094,0.4856352986682223,0.26300932692618223
107,0.38547972102448114,0.31594264177345904,0.49831836035396587,0.27851051658283876
108,0.18770764771160903,0.85254578205264409,0.5360949484654125,0.31401801207784524
109,0.38160870235468031,0.441272275313281,0.50952629113231596,0.28773431584094855
110,0.176684872150945,0.02772414957104484,0.46327834301015069,0.25393996236206917
111,0.31453907869287068,0.88883929114729399,0.5424477483432617,0.31684185930076308
112,0.31322902809983355,0.58242227751660391,0.51959458330424824,0.29729163527145031
113,0.31836366114231063,0.44463468525739153,0.50822991677033647,0.28771798979222896
114,0.12954309285766213,0.48383219665020005,0.50571783917549507,0.28936019437597815
115,0.99547546599510828,0.39649289147331146,0.51541825549483955,0.28540919666558451
116,0.64220525234531378,0.050836835009034263,0.47622267609839897,0.25783711121533875
117,0.33724088190459878,0.086008311850007166,0.47408746087657833,0.25988726473242307
118,0.91485236621523514,0.30486718264502705,0.50606123036580652,0.27861975632615976
119,0.79018655746626898,0.3708530381299206,0.51063107395052265,0.28344572704992382
120,0.72136200810611484,0.79952513849869133,0.54435100470904429,0.31214999793989684
121,0.84084780287301408,0.61785834593974287,0.53227616832092728,0.30063639866826958
122,0.23819919060232353,0.060138402859622152,0.46867482447812597,0.25715413513763075
123,0.5222904168239213,0.465998260120221,0.51469744857594313,0.2899059971469633
124,0.66501276182908331,0.46925388129529311,0.51749364084404004,0.29038452009359345
125,0.85836675454009093,0.23775590582381703,0.49888126269418065,0.27343568350439185
126,0.86652144263322706,0.37552466673479651,0.51204394913924522,0.28384097720139068
127,0.33939473446042978,0.70328793257729849,0.52970694083228465,0.30538154449453375
128,0.44624956736519239,0.96056306844087092,0.55053282417946636,0.32147584464589263
129,0.96549940884652319,0.6366059702345287,0.53523914229733549,0.30187437040666742
130,0.15168209848409753,0.76038495435690279,0.52824181803919035,0.30803946510469005
131,0.47215061651681317,0.70466156151165482,0.53291558422153074,0.3058677739594286
132,0.83642830785707345,0.35801195406251357,0.51006562790364174,0.28253677139537497
133,0.81063890833979246,0.22419703626927223,0.49692782897439419,0.27233263825776655
134,0.5821481709521148,0.02222128664077027,0.47201937949168887,0.25522457415649924
135,0.36556838915121043,0.52906745155508395,0.51658726034302882,0.29385423535183675
136,0.57502118106432032,0.5738946182782646,0.52469317458924669,0.29746387995362827
137,0.002826077732362319,0.17853146507710918,0.47266565934234306,0.26500518520319399
138,0.0017066115607391112,0.40745088590326489,0.49393193027444804,0.28260277521717292
139,0.32672812284479152,0.31087832310871455,0.4964013111320878,0.27788137457704187
140,0.71426296450026572,0.75663927884126314,0.54111840986307025,0.30948730713018024
141,0.38958890779294308,0.15831146994697629,0.48294383345467379,0.26612590198885688
142,0.070858033302973494,0.32669074516709662,0.48966571411001397,0.2773400684855688
143,0.42824906059493079,0.93092086651482397,0.54813887084579394,0.31969510809626528
144,0.22235098897683203,0.17325787549378585,0.48010461643329805,0.26650313590952479
145,0.69017539992305688,0.071591355140937951,0.47925722570215173,0.25970067117196577
146,0.56362439905557549,0.82110096707079794,0.54327686393322971,0.3133348738910765
147,0.9705537437029067,0.40739284435886658,0.51612485674734709,0.28619007543515584
148,0.38799560120744864,0.25227690542637138,0.49230905951048803,0.27362271854854042
149,0.11169060464730719,0.1915628545622225,0.47830922471443937,0.26716394922032627
150,0.71154935207023517,0.69306978485280424,0.5363163138179492,0.30546145235347538
151,0.01975175435499987,0.61842316118957252,0.5121806265392127,0.29758915477147929
152,0.97899198414819555,0.1216345765775186,0.48832432019700789,0.26420292961222924
153,0.17610197196238442,0.13456256274856859,0.47471264458785484,0.26301864414100146
154,0.40226708547665041,0.98901050870631602,0.55141890882589406,0.32302935750977596
155,0.33193534470124869,0.48285877909659175,0.51186315700070084,0.29049473819591604
156,0.018895248956012075,0.18125919730124299,0.47363430308873633,0.26541210994732162
157,0.87419770073258563,0.55185352149849065,0.52737083403075291,0.29623994673587384
158,0.029815335814084392,0.29204987876134697,0.48476931525686356,0.27427187966082334
159,0.43808497827047255,0.2154376959303976,0.48980345527435254,0.27090275141628833
160,0.88306438367572848,0.089975943582027693,0.48383002874790987,0.2614983297767639
161,0.25256741212877676,0.03108493089777185,0.46587556892771964,0.25472514928801948
162,0.21194336070922437,0.0579032243047026,0.46766988477677796,0.25679685101644362
163,0.015269745181163308,0.5995588705922128,0.51049437802534647,0.2962678197616776
164,0.59217123919959425,0.046901261484192221,0.47496854135939903,0.25739107728895627
165,0.9404875896263053,0.98596228841013511,0.56004445532928659,0.3231740649260666
166,0.4263224127486232,0.24611262379210677,0.49257286208994117,0.27328051342760218
167,0.64290888036362592,0.48890392526088983,0.51881414432075235,0.29173285688246875
168,0.016738369399111254,0.12525532633130207,0.46787810047699646,0.2607964389865926
169,0.8787319277915755,0.92097924609543991,0.5549750546543486,0.3194454719540159
170,0.80586033170415328,0.94871761553689149,0.55591670931561254,0.32107703719569636
171,0.1844119497225038,0.3469783770285198,0.49561443343527112,0.27980405430634686
172,0.46737318504549336,0.63585515280679106,0.52751860274903284,0.30137787097750968
173,0.69338966305908978,0.71049286894212715,0.53735895961150526,0.30656149024369045
174,0.11883772396392887,0.50548145570558267,0.50713751123484374,0.29079778097442582
175,0.78968508993425646,0.12257240249501775,0.48617656198694187,0.26411890043064057
176,0.3279012300620438,0.71379698123972635,0.53019860956364728,0.30601340697230478
177,0.1682435368665145,0.37802406191827032,0.49788335485538981,0.28200173735242678
178,0.10998566086472711,0.45373876090514242,0.50243665282833005,0.28705550925779433
179,0.61581319533559731,0.44857159485766895,0.51489396897300899,0.28884973028406452
180,0.64850741377883836,0.85080102593764895,0.54686127429640685,0.31523066490238549
181,0.83106671477028871,0.24246743206783433,0.49900358563949604,0.27378035249644589
182,0.97933712812805318,0.61401090350436283,0.53360787526568443,0.30039351405285786
183,0.88159341952189574,0.88725837401953767,0.55270128204650182,0.31745914096430272
184,0.68914691257901728,0.4392472912655096,0.5152719297542554,0.28828877402990211
185,0.44770340922115143,0.74397963485446528,0.53533331437847642,0.30831570499548661
186,0.74402159576566196,0.1741524639584939,0.49095323484498443,0.26827354204176235
187,0.14223377853032435,0.53087336661097362,0.51009346937776856,0.292754967589473
188,0.7238139544629375,0.29951180005137573,0.50305788448579192,0.27805327713209255
189,0.76398810148987684,0.69521010217837764,0.53724540551840194,0.30562858110818941
190,0.79859238803343624,0.64977137144979791,0.53422660794830867,0.30271160855464035
191,0.65204193506048758,0.74871318091290306,0.53955625463588308,0.3089443984667114
192,0.90014089203408221,0.053748086539248473,0.48002611380480648,0.2584414564571173
193,0.74598363224585773,0.53520533368998446,0.52428855424228138,0.29504200070512709
194,0.69520319352924131,0.93899749850189551,0.55367580323748078,0.32049749030555785
195,0.47685033541525484,0.70218854687932186,0.53282729500270509,0.30571962892987431
196,0.92269945556469035,0.20297149422111688,0.4961648921889783,0.27074586356469749
197,0.43303148638881978,0.076180386353412177,0.47519748794707056,0.25944144310491474
198,0.092278691823978451,0.78982480157556711,0.52813969855591891,0.30943131986108074
199,0.91876015455186144,0.23652679418736372,0.4994800994127212,0.27338086340046586
200,0.28277674442803252,0.65600630275140281,0.52455762245451043,0.30206300422803828
201,0.8252448631917243,0.41987653783630813,0.51549862948080527,0.28702707730764071
202,0.24476053335376782,0.6529291057929979,0.52320741448808883,0.30166960635600193
203,0.96521071869031294,0.097209382649615886,0.48554389644829787,0.26216643986356092
204,0.61063643621130614,0.41447405141304483,0.51181293292367258,0.2863979002319692
205,0.10397315453755437,0.78181370551387086,0.52802200697680945,0.30902654358229403
206,0.23146659154949012,0.42323206067894353,0.50390581104410082,0.28572582215888481
207,0.43433276704821039,0.94197200842601025,0.5490218677873463,0.32036036466650353
208,0.42511133376421645,0.83974943255904366,0.54176124060101838,0.31421229151220031
209,0.49172031935419658,0.66819468473192534,0.53053890145022908,0.30355396650319716
210,0.046225293809117288,0.75591517410214293,0.52375858617260085,0.30685701536331816
211,0.9910083406270831,0.47331487149199236,0.52211751349190516,0.29086243851530708
212,0.016350391142547598,0.30517474013302709,0.48540440188474882,0.27512712513632864
213,0.075263135922246149,0.34950762397429208,0.4919193345337276,0.27910165644305129
214,0.71705127050544837,0.36012511583821616,0.50861365532260083,0.28258237350959775
215,0.11754158258951503,0.63067381459287142,0.51718189420684846,0.29934676360486884
216,0.035695134427037561,0.23299214903233806,0.4794141998020901,0.26973322223416529
217,0.2071955944571528,0.78611471332762162,0.53200378610392574,0.31001974106962066
218,0.62494097178749508,0.74990778540271563,0.5391928606847527,0.30899257780303452
219,0.77397761864451464,0.059613697312481236,0.47911431564546691,0.25880581455335111
220,0.22419184829628794,0.69876207872332308,0.52608156598363687,0.30455118167321571
221,0.21546318661804545,0.24902943113046933,0.48739767904706399,0.27250364343629663
222,0.3817462062217179,0.44777290611228676,0.51009383400433694,0.28820025483467626
223,0.56383998865351326,0.97924893566292015,0.55414575058546389,0.32274456202795904
224,0.88549523391515261,0.77267341545346435,0.5446116575496589,0.31052179857401185
225,0.41010192123294109,0.27820021214102164,0.4953144080527615,0.27571597849877127
226,0.62867748270333978,0.77281032817993545,0.54093973416644014,0.31042900939006873
227,0.42687681624168761,0.15677032007832312,0.48361327407478083,0.26613909605133645
228,0.42944866516677432,0.9973793423076277,0.55259561960677483,0.32357675662093788
229,0.02771463578202529,0.87791635712370042,0.53161118148370112,0.31426188038831299
230,0.19601161531243708,0.83104028027361498,0.53485576624538544,0.31274704239713774
231,0.73278977742983264,0.21103089741348524,0.49454298467118551,0.27120536515993671
232,0.22847251117726555,0.23446130424210571,0.48637455351342751,0.27143985391864106
233,0.20774155517806067,0.93539443400123856,0.54245656705148015,0.31912939065380386
234,0.24373186053541723,0.3848303151646047,0.50087693812063039,0.28299153608998112
235,0.65851569099914053,0.1953092251676484,0.49183830362291459,0.26984231786220286
236,0.3659590826256317,0.65380503483683572,0.52659193933165194,0.3022586810190826
237,0.54893994609791563,0.10031559691684087,0.48007093713166621,0.26183142391096953
238,0.59128885725430447,0.12541763741719769,0.48349317997853458,0.26402499340381019
239,0.74141001207424562,0.15370717038124568,0.48879835760809237,0.26661311849562719
240,0.6198805486908997,0.9343496050501825,0.55213975015856154,0.32018217555915163
241,0.7826475841704873,0.72020627974391693,0.53939450499635277,0.30722657042832141
242,0.97135923383092748,0.84625152040488327,0.55087885032185036,0.31498261725111593
243,0.63091532700943065,0.5543057465590886,0.52407196222557773,0.29622199593081272
244,0.94970286377662572,0.95067284298107269,0.55780609324356245,0.32114255485452031
245,0.69059200658445474,0.39216628522536484,0.51112084457973173,0.28489876320254681
246,0.35073456646722045,0.51053356508266889,0.5146751285641572,0.29251131266716424
247,0.83145382446123983,0.52783462436971029,0.52484498004062419,0.29459058424700801
248,0.42535732160542394,0.86602235724505738,0.54361241413213712,0.31580955038392983
249,0.25496698163555703,0.44953592706626516,0.50689168361667047,0.28775450359286947
250,0.378513974711427,0.24401630321944834,0.49128294750772211,0.27293944675574583
251,0.094273693529062452,0.44034525544288339,0.50068657743255696,0.28595513781984588
252,0.78534330070343561,0.64380436114732875,0.53358052657691979,0.30231717522537382
253,0.49612709634472851,0.11104242081007687,0.48023248078173009,0.26258506304818818
254,0.22784871298001383,0.032102251142624307,0.46529405757900122,0.25466460566581911
255,0.52463238159300529,0.2623483889373136,0.49616070381586475,0.27483686872386531
256,0.96018389242257696,0.1752716757316026,0.49375348605128189,0.26855806665454535
257,0.30594503183128546,0.6781514207393281,0.52690586045919496,0.30361702855696743
258,0.67724688209065942,0.82810889112624575,0.54572010611677724,0.31387435194606828
259,0.91305465552496023,0.64039860927808334,0.53493820738992026,0.30212387155645964
260,0.23136036403913751,0.63832295444986087,0.52166344225611505,0.30063054936116512
261,0.8412617063491955,0.94699503868998736,0.5562633024814666,0.32097123410313555
262,0.95199706218239155,0.31321897242191482,0.50727476783508174,0.27926495122213824
263,0.88816676246022108,0.65116707095965976,0.53548168400427942,0.30282285825145083
264,0.18507616252108711,0.060814327496953771,0.46717290881099049,0.25686522790830768
265,0.97067247584013971,0.18424613577962157,0.49479026137402071,0.26928257556529894
266,0.28578781688002636,0.092066989692870999,0.47343020579653633,0.26014498752882464
267,0.48771407386696669,0.98027975875815621,0.55272670327034457,0.32270049248925414
268,0.081018388493743265,0.034952411060745363,0.4608321351160331,0.25378444924513671
269,0.047069104113697545,0.31509739890041527,0.48763278835042539,0.27622016004158589
270,0.66826428799523274,0.83339505139080583,0.54595256671783088,0.31419000168943911
271,0.74953620391943265,0.80214638593714915,0.54495262791699361,0.31232263447347181
272,0.19753160829344998,0.35092487013785867,0.49639713707724109,0.28018852010542167
273,0.35525309159011814,0.24828958103387852,0.49114227759728796,0.27317862435123053
274,0.74684579322783973,0.77148453766849134,0.54268867636489437,0.31042844595591351
275,0.51024715571455892,0.68074025558190199,0.53187700935966664,0.30440724665902735
276,0.60189756786379733,0.5821979349721107,0.52584311554120566,0.29806584175360984
277,0.2777949960579979,0.89032150208962857,0.5415241682954649,0.31678091771836331
278,0.35121870214011286,0.4280931117941742,0.50763330111176774,0.28666881184434734
279,0.036583722789154852,0.32714476895794503,0.48829846689196804,0.27702350565549605
280,0.24836215103877476,0.21415525600692492,0.48496120548444854,0.26994967280329968
281,0.65981821139588726,0.80040388044553112,0.54345771015294619,0.31216546586974142
282,0.62578056947909066,0.29014698614416412,0.50063518321364309,0.27719290619092923
283,0.81140159646571852,0.31619490418821811,0.50585244088254711,0.27940424501378397
284,0.38195334757758537,0.61605295688280604,0.52402673094752761,0.29981600762446958
285,0.66232594006824075,0.86023254404844496,0.54774797953991339,0.31580941775012289
286,0.83266461850669005,0.88213532176058507,0.55173352798769371,0.3171637802407748
287,0.34114755753617504,0.11026016075521476,0.47677609218738948,0.26194759091188835
288,0.65712433432146211,0.94059204604522095,0.55318092617560499,0.32057285856184148
289,0.68958909677538327,0.43546914310719587,0.51494804478471079,0.28801972322633707
290,0.033929599651077294,0.8448574853133527,0.52958962199429538,0.31230152644024201
291,0.89099990534862739,0.12410813544740668,0.48760470360564184,0.26434651436517825
292,0.14989349543339342,0.17478562445478749,0.4779621378111748,0.26612004980844434
293,0.4887924748742371,0.70669613041378321,0.53341626417138444,0.30603526474903842
294,0.30990088679230537,0.81453084377039919,0.53710118360937076,0.31229047429369228
295,0.17773296319151996,0.46278618407059696,0.50561370915396631,0.28822491774228837
296,0.62556653009034935,0.39184961651888445,0.5100475449385341,0.28478138536276804
297,0.048610851638123863,0.18153716011071813,0.47489780645225277,0.26575658753255887
298,0.78729189931201982,0.95905753171063268,0.55635749491204944,0.32167770959955272
299,0.97909786896415762,0.97693362945698914,0.55987554750340351,0.322635156699486
300,0.94947411496845313,0.74859342316110855,0.54358933633646545,0.3090156324276625
301,0.53932372953501762,0.56416585321313473,0.52323907273579129,0.29674055294379087
302,0.91017387545859674,0.54880562828030677,0.5275537622603973,0.29604161086629649
303,0.82153003939095648,0.31473323372359158,0.50584717762405662,0.27930262865440897
304,0.18802585146516795,0.71259861377911882,0.52595390849668255,0.30522850398238188
305,0.9052636958602932,0.058821685731655457,0.48065174822223738,0.25887959005847688
306,0.027416932118625847,0.14227389535248514,0.47006982799811581,0.26232393884491051
307,0.83656422590891599,0.37856032028944464,0.51194269947766813,0.28404460130215659
308,0.8263138096007635,0.13202843326089206,0.48765634327481616,0.2649393790324624
309,0.87099068094535037,0.76216267729139653,0.54366391767360545,0.30987103727626292
310,0.91066453831800032,0.18289944139799336,0.49398132344743795,0.26913929062217434
311,0.45130910444079203,0.94148851524553034,0.5493646025795742,0.32036859738284723
312,0.14213800161295803,0.13720733722214357,0.4738676711252448,0.26298087491644262
313,0.99840243894689495,0.4583248252045713,0.52090355713779846,0.28981330040740227
314,0.16917139189565789,0.85279556137680779,0.53547944633751954,0.31391592406410301
315,0.73579085239776176,0.58267137090865284,0.52802266693868971,0.29824531349406502
316,0.42174544882768533,0.72360294398496627,0.53323556974610087,0.30695298040581165
317,0.011934788328583818,0.67065104264110564,0.51585469245026794,0.3009709043255015
318,0.31044278461305658,0.10176606733795489,0.47510712408476263,0.26108913745363699
319,0.15343767537447858,0.65472004806537887,0.52035969551752792,0.30121768855535802
320,0.17515912318102783,0.59597200450632948,0.51650805543466305,0.29744825724705859
321,0.012062725121004042,0.44434669348114403,0.49759178710058588,0.28540231905483843
322,0.53721525989634689,0.56324461330239428,0.52312377390485654,0.29667389627460267
323,0.67672511707769012,0.35797718581872762,0.50780234693981885,0.28237169675548324
324,0.20612594534874662,0.52483309060012695,0.51175715201719896,0.29277901398696421
325,0.14733031219543191,0.6607523324573995,0.5206071659275513,0.3015708681653661
326,0.28198074094447079,0.95646339456496066,0.54613570577124115,0.32073414475481904
327,0.80895020824299435,0.55747888993105155,0.52699623769999426,0.29659555046442604
328,0.3193082950729062,0.0557318003513501,0.47035034836397205,0.25721661142841268
329,0.39107866163357397,0.25114924752580703,0.49227084318604875,0.2735464790646866
330,0.47185098943525228,0.18570893118690002,0.48751957470193219,0.26863460524494814
331,0.9656496416127659,0.11789755030235975,0.48778141660297658,0.26388646227775847
332,0.22671626630477842,0.29283505098364548,0.49192165901522222,0.27597186398698398
333,0.41828236530834112,0.8178208849866293,0.54004694305088263,0.31284993638661135
334,0.57251489941185574,0.89578177482188914,0.54867336012555701,0.31785663676755332
335,0.93331479001169793,0.63916585714629615,0.53507710470443504,0.30204347762433248
336,0.23512667128479808,0.46646328156891981,0.50775411018446714,0.28885103972350618
337,0.24188745765386849,0.65316282806241655,0.52313855088288086,0.30166957198751687
338,0.71064837587984508,0.90853835728716814,0.55184412266438854,0.31871396133466945
339,0.14161607617457631,0.0025904466700390916,0.4593465209949481,0.25146678143819351
340,0.91943805965300418,0.26663546308249936,0.5024424211394628,0.27571135194201551
341,0.94318418970898499,0.1434010979386163,0.49024498903142988,0.2659677036089384
342,0.97867718447364171,0.020985999238642399,0.47717779071892052,0.25567458858560832
343,0.18571166980579729,0.3476530238015228,0.49571827501744331,0.27986358893684782
344,0.70231038011907365,0.83817215472612305,0.54682363942038759,0.31450021993437444
345,0.89658919626782885,0.63112592043505278,0.53401500885857522,0.3015175568367367
346,0.67372254270819254,0.85674819396153323,0.54768632752333812,0.31560692616006947
347,0.040690519744751512,0.39316445115845416,0.49440070090548993,0.28199476473941648
348,0.7158980266585131,0.94423129524294058,0.55434268653709395,0.32080951688537884
349,0.7183450623625075,0.0060158237072057089,0.47227827218128565,0.25407381927935363
350,0.06337946574433008,0.63774751503298766,0.51558365199477696,0.29933575215620933
351,0.80776645747494191,0.6357940761111095,0.5332572195776315,0.30180298619614437
352,0.27575915174569238,0.1452859910363215,0.47876144259254488,0.26452912845003612
353,0.67938497988382585,0.69921273300618636,0.53628662264395843,0.30583011048622744
354,0.64898511545868831,0.20157250502064125,0.49232047584281086,0.27032537203526752
355,0.12377420824432048,0.67770766145504324,0.52104384121850944,0.30250419637597709
356,0.39319177044584647,0.480340433126071,0.51316186283804921,0.29055316739238168
357,0.95454025913920493,0.93482434724929053,0.55679547034923282,0.32022162745452459
358,0.16449581239848632,0.84891899120743619,0.53504444600850842,0.31364752760583287
359,0.091934880434756644,0.86726555812264572,0.53360945692475803,0.31422274576948372
360,0.37075520512020449,0.76151081974633272,0.53483726018259403,0.30920254681562243
361,0.76352762021356035,0.33586664249895842,0.50704406547252767,0.28083327199486224
362,0.50117430343226299,0.87514970784214097,0.54587413222979353,0.31651890773797492
363,0.94672300433743517,0.068919022001244598,0.48223850992662992,0.25977149904077718
364,0.23855238227789524,0.23758086203535786,0.48697690647870345,0.27174687964626659
365,0.53061593726462464,0.34991905999410666,0.50453972059722918,0.28150366157304413
366,0.38644842856494943,0.38855887475017226,0.50498796720969685,0.28392909352489254
367,0.4823026651920867,0.20696234380892711,0.48987461525155113,0.27036815917072171
368,0.66043721125520538,0.36870838375542081,0.50852548096159667,0.28314018296017679
369,0.73761103850336518,0.59455449149712225,0.5290055071642491,0.29904077714795124
370,0.62017739612989831,0.21914648776029935,0.49361413612753047,0.27166667073871881
371,0.26592977459548278,0.89609688369029905,0.54157691439991085,0.31707536982802731
372,0.461408742062829,0.36712787166462518,0.50472606481841087,0.28259785719489883
373,0.21425521690094612,0.79617404307030382,0.53295779651728936,0.31068978781574863
374,0.747231183604675,0.10745331957001472,0.48398114523736147,0.26280874221823686
375,0.51438825646535269,0.57125534999413652,0.52333141124421434,0.29716954236496335
376,0.79258568380131622,0.6046860464042868,0.53059104542293056,0.29974752090697021
377,0.97527738218415772,0.23981657519418514,0.50043609990656657,0.27366539247057259
378,0.36816136201453631,0.19809186646036106,0.48649133446920539,0.26925779365895658
379,0.12051774179005298,0.64841429575750376,0.51867230007265541,0.30054964814641505
380,0.89841987393273748,0.3842108731866698,0.51321830822521197,0.28449031492242538
381,0.18161626525231406,0.096155151651205972,0.47086047144759519,0.25984871386823799
382,0.40445579495799033,0.58915264617352525,0.52241707699037587,0.29808758363546961
383,0.11268116767067696,0.34518623407749693,0.49295956080770131,0.27911666252341522
384,0.75487010304512225,0.50627031638646725,0.52199886095166981,0.29306015338187819
385,0.73685630262704804,0.99230253692663983,0.5578469600207745,0.32359008866375522
386,0.53319632299985975,0.51179699005443835,0.51879531579399618,0.29313687888277346
387,0.79007353477102005,0.10102187001578278,0.48386856195229266,0.26232719495633022
388,0.43098464296037564,0.51150255026224778,0.51665744358396803,0.2928571584756397
389,0.73815323183372394,0.29343126048882262,0.50268704584375445,0.27760846677484136
390,0.52038800857007739,0.81167029311178496,0.54177717258532676,0.31269012783357591
391,0.95712445736924423,0.15719916658449221,0.49184513717583056,0.26709844136708333
392,0.6120873644726933,0.33098831048727734,0.50425479331061351,0.28025876340470579
393,0.42599062521619496,0.17807268734060927,0.48577938902812012,0.26786744666525242
394,0.15996179306843553,0.24601527061484524,0.48533034859836499,0.27188283696846316
395,0.52249219380720757,0.57499258837850076,0.52379347288868083,0.29743935153028034
396,0.23578670980216704,0.8249398923836998,0.53569375412091336,0.3125932562331693
397,0.3860016292551649,0.8156134078239673,0.53912983741270826,0.31262292125736918
398,0.031740626583795527,0.83389652435901818,0.52872065308256466,0.31160176487170677
399,0.63553595827020481,0.30233179477927041,0.50195530311816039,0.27813793763728439
400,0.95497701649075617,0.18781142119622093,0.49498423914624151,0.26955904397527292
401,0.98892296952527248,0.92929450660595903,0.55679732447712227,0.31988105720359117
402,0.22085036096646218,0.19565708966603271,0.4823138597073699,0.26830307932048347
403,0.24893249992317287,0.92148356635355166,0.54280570023235364,0.31851516378906131
404,0.55874357871926628,0.47301287082870264,0.51599006345805709,0.2904779694864727
405,0.36496496807091172,0.49945095632494196,0.51409970902662183,0.29179269021839926
406,0.10864252154565184,0.15743353317851436,0.47476647338928968,0.26436632174615604
407,0.17520099679817211,0.39381165525716499,0.49952351007664575,0.28321515876180869
408,0.57693621799763062,0.24641816492286744,0.49556848868714248,0.27372025490653906
409,0.95706203426631409,0.85384845632644135,0.55125489446575082,0.31544403973163726
410,0.61656594302164158,0.13601509938506642,0.48503680169417762,0.2649540120293391
411,0.03909072521167109,0.58692566881225217,0.51055494865780726,0.29567251386807508
412,0.80400222450991865,0.41244025230380943,0.51455901716334285,0.28647835229521784
413,0.064116382310760681,0.27661157816847554,0.48473980884133056,0.27343906108878824
414,0.17238366766831606,0.44945449650645025,0.50429127382150951,0.28723401520815306
415,0.067162284927547458,0.3822284096519114,0.49452968708649403,0.28145863562986556
416,0.67185928695936459,0.7647780750538572,0.54105997002837281,0.30996687415778851
417,0.75422142417217841,0.42453586046119457,0.51494445766779362,0.28730612852130072
418,0.39969671448093141,0.1265911600131891,0.47986933173638685,0.26355390695275993
419,0.63342564736459184,0.75435974913939141,0.53966488636798426,0.30928085357043544
420,0.66218292090086039,0.42343814195414309,0.51345928464090718,0.28712257175727551
421,0.84119962422215622,0.38770969477976908,0.51282958874400264,0.28471436050501969
422,0.92717787616861758,0.2669064229610027,0.50255763127935527,0.27573627662981515
423,0.14873388764559059,0.54376084278099013,0.51138145874144991,0.29369575733751369
424,0.26043918936840493,0.71197034970972461,0.5281792906350834,0.3055966356414716
425,0.34880333744935926,0.80769609371916162,0.53763862311392163,0.31201303154937449
426,0.55056869722384727,0.40531143352108773,0.50992642602661287,0.28561999910579217
427,0.26471156349427766,0.065018026466073936,0.46994355530806875,0.25772790939910156
428,0.26328900577052267,0.41548761309128024,0.50416713876388575,0.28534329394729113
429,0.12343290538667935,0.83582191789326021,0.53263016469551583,0.31254796414406144
430,0.047558226769568869,0.90182758908079708,0.53413709801675868,0.31591439573380209
431,0.37977406420862536,0.083084437463188082,0.47477665723262014,0.25982458418325399
432,0.88201652785324258,0.23020860902074494,0.49842086909639233,0.27286366498799308
433,0.50571242545373973,0.62032074639491042,0.52708687508026186,0.30043817518595961
434,0.90634760908667233,0.095214193852047907,0.48467196479053715,0.26195731710585762
435,0.61106603844204221,0.3443349694629782,0.5054749687844069,0.28125443842806624
436,0.73101654522937021,0.01606715090899961,0.47361198958434564,0.25497656825358811
437,0.071590191006043455,0.59753622786834604,0.5127697811929155,0.296716978063364
438,0.16892100751415129,0.15720353407262591,0.47680859249992402,0.26483020350204461
439,0.32315891583588674,0.64432050366051263,0.52475770396853094,0.30147083165540034
440,0.51327669858307345,0.65418434152834815,0.52988992049191896,0.30268490842446261
441,0.32648416875818514,0.73532249233919433,0.53177052289528104,0.30738466286189059
442,0.50529359150958475,0.57077700682847055,0.52311173132669431,0.29711725208665907
443,0.11661998300912092,0.27440990560710199,0.48653381026768522,0.27375132051142426
444,0.71272169690179876,0.480113622864557,0.51916346794651902,0.29120206514151853
445,0.47063465369372864,0.40614833625195318,0.50842622858038777,0.28548506978451915
446,0.87725556896856294,0.17965804197507679,0.49325470279889411,0.26885494179218017
447,0.6870240553563578,0.17132680129463551,0.48982881886112939,0.26796256007269231
448,0.6686233109057067,0.51779204723074801,0.52166603220945773,0.29377071326828208
449,0.75022723888478948,0.85111994173413852,0.54844687088570954,0.31530114085595051
450,0.65804946533612674,0.57943197815938619,0.52656437455992866,0.29795405554243948
451,0.6393723036965705,0.50298675243150215,0.51994766340601972,0.2927086334101256
452,0.41716619187354809,0.53217525139619826,0.51806682542605165,0.29424558615045637
453,0.05474050809979672,0.70263199330534554,0.52017388703874168,0.30351664985432736
454,0.98914038553886352,0.99833454812035205,0.56139029512437655,0.32384774887508239
455,0.27159998155840442,0.41909921039330078,0.50472210335737344,0.28564957966610172
456,0.52507514642322206,0.1912429910250823,0.48912345005527569,0.26923054551187114
457,0.59915651043838591,0.40993599812692266,0.51121199107970283,0.28604992250029881
458,0.020453881523234307,0.8218078587466735,0.52735393086009708,0.31073114044359135
459,0.99132570219767524,0.2913797266624053,0.50562633208167662,0.2776305612376031
460,0.94510406971821803,0.43614332115059956,0.51838557973754218,0.28823882315030497
461,0.40404948302808918,0.20994113907624271,0.48850753231205379,0.27034531772106779
462,0.88770193341249837,0.13479437610894676,0.48870103244208396,0.26522313298559086
463,0.40186246716185708,0.51414175467587775,0.51621502880761072,0.29294815890328546
464,0.30728471908393551,0.085359244480996854,0.4732692480705209,0.2596881617375707
465,0.25419426844780102,0.93030908209221674,0.5435625821228276,0.31906524297571259
466,0.60729505313079579,0.46370284995782424,0.51605720451838255,0.28990849626003617
467,0.90289385767559294,0.35232986596502597,0.51036040915750658,0.28215597901806638
468,0.75713967206691157,0.40114622864158594,0.51290794278526408,0.2856240126373466
469,0.21703871226770571,0.49993186498180731,0.51002919317785989,0.2911080589018451
470,0.86855130371457201,0.29326441042321966,0.50440340824110208,0.2777145065068673
471,0.69568231168322958,0.40426344322933583,0.51228226030429702,0.28578335680921918
472,0.93671322779856858,0.22315518628853606,0.498354097481161,0.27234540923593448
473,0.29472605652610073,0.4317959093276062,0.50647816351639496,0.28668449677581898
474,0.50208635801897616,0.47210145938018105,0.51482264574270387,0.29029003583711332
475,0.4104495996073238,0.94227189772174469,0.54849720871134733,0.32032142374108935
476,0.46967854829452699,0.25663620892878392,0.49451832541956581,0.27424132311797189
477,0.53679415288007593,0.02814844169515418,0.47189675381792906,0.25562674219842774
478,0.96125407931964146,0.60126165524817776,0.53239320198102136,0.29955412729638253
479,0.37544191017221895,0.16961692384720081,0.48377747402244115,0.26699019345860897
480,0.29029182277164656,0.19599227375230985,0.48431634695905823,0.2687279225043992
481,0.12994753921421945,0.1413730237425887,0.47387869551336215,0.26322663232855853
482,0.94770212878143656,0.2645948056462803,0.50256465673855033,0.27556874771471701
483,0.95811946066551612,0.81599705992661187,0.54858666179865678,0.31316098428184513
484,0.97365568260051083,0.044005382586771162,0.47974301506469719,0.25766238469575548
485,0.57232265112329039,0.11313750184249366,0.48185979006554769,0.2629612265938876
486,0.3633349504235317,0.78162029829545654,0.53612234778881085,0.31043992429486444
487,0.75634764387797337,0.70929556688662854,0.53820422007783497,0.30652355256658365
488,0.48254970827264482,0.0041714503583847552,0.46815354934388503,0.25336404548647268
489,0.86585749484981644,0.68415506063677611,0.53775298496642188,0.30494837910556499
490,0.28925660597918323,0.60749740458993473,0.52094018107266038,0.29887244076075531
491,0.90836954376309886,0.63470266078779247,0.53443640434760376,0.30175213978826132
492,0.85678850682148477,0.29104159922419354,0.50404561200010323,0.27753752645874319
493,0.76815966565030391,0.86328840067534485,0.54955417378759586,0.3160364478755619
494,0.64816241521331253,0.44641351342151175,0.51524599450836417,0.28874529919469011
495,0.69745731082096463,0.096648043458035682,0.48210053885482801,0.26182963694732619
496,0.29293480616387679,0.54160118469874152,0.51572335744793962,0.29441283499344773
497,0.8744251410497702,0.27753311611936665,0.50296459603250654,0.2765195495215364
498,0.13879099915170809,0.61736718442515715,0.5169251342912321,0.29862497014459483
499,0.94380346487875799,0.85393297239922683,0.55111212226798012,0.31545427486041422
500,0.76384748280275383,0.67618519289203693,0.53578941277128833,0.30440704132488317
501,0.26746673983765068,0.27706633106252415,0.49161369867488391,0.27499307043187204
502,0.84575435200197391,0.88001780339513203,0.55175473150137577,0.31703640421974494
503,0.62422826302350731,0.8336846871298621,0.54524676290036134,0.31417208066361596
504,0.90267713286856899,0.50727357791588867,0.52400773976658388,0.29320390323390244
505,0.085667273851588829,0.60449445735529306,0.51388952747339289,0.2973173704663099
506,0.52183572739054218,0.66978890885064613,0.53126525765876909,0.30371952041358619
507,0.46458071426415121,0.94329110175351383,0.54977267772080884,0.32050121689901556
508,0.56196941752274299,0.83031820213879692,0.54390241611164525,0.31389623251559751
509,0.41854135838086953,0.30175576933153209,0.49774226163511104,0.27755177324870467
510,0.00083784198121866218,0.57935286330968383,0.5082241208620758,0.29472792383320323
511,0.25059357541265198,0.36353898934727769,0.49916283015502483,0.28145479924921624
512,0.3529451529454789,0.57297494145923999,0.5198660770153658,0.29681359859365886
513,0.65654561107986387,0.65144767070583764,0.53225101884786519,0.30272163010724745
514,0.25542708356716903,0.85859115976031175,0.53866395856176941,0.31475606399391365
515,0.64523805921563182,0.85646053914806108,0.54720483744593873,0.31556980772520848
516,0.27382242949061331,0.71588070689468875,0.52886321549340287,0.30591323740487908
517,0.85911947866246341,0.79328475124909315,0.54578459524188772,0.3117941168832089
518,0.94497800795194931,0.89451899457214179,0.55394393239667905,0.31786629319555887
519,0.38226709155068966,0.6677018631220214,0.52806484011923049,0.30322455272531945
520,0.05742546130918199,0.68827903668774526,0.5192057522864536,0.3026086344272092
521,0.7360466627287795,0.66344970723245056,0.53440819196330269,0.30356839140128028
522,0.45821236678963762,0.77817137173764639,0.53807447886035531,0.31048985502625776
523,0.98861825001892867,0.33411384951834333,0.50963580292963206,0.280837889126483
524,0.20831488444319696,0.74705504230236397,0.52918441372409242,0.30755964645349576
525,0.71897198773216231,0.90712769154469719,0.55187273477253951,0.31863340518392086
526,0.16902260749464623,0.84005716411144249,0.53457859140720776,0.31313312444050484
527,0.40431215030736056,0.50872687555452578,0.51581885719870757,0.29257966583217132
528,0.067965289763256442,0.35336619407526448,0.49197705303014477,0.27931995480325744
529,0.17790447355696234,0.89410636946411104,0.53864879583974434,0.31648229270405837
530,0.26450400492426707,0.23308744018980068,0.48728287900006778,0.27154211189989591
531,0.66913484173576587,0.49092991246845341,0.51941079715957716,0.29190861730735379
532,0.38928898009675328,0.77912926836538832,0.53657634390121567,0.31036680262892086
533,0.35319739886642204,0.23472469181997005,0.48976680991369381,0.27210493923791451
534,0.98131537863082496,0.045243744861322925,0.47996338024855612,0.25777388042780375
535,0.65291493280861768,0.51331383725482738,0.52103812372872782,0.29344207479663093
536,0.49775744191942506,0.61554847720722905,0.52654897356694619,0.30010390669589598
537,0.90610059992362513,0.2331897930992651,0.49900234185960635,0.2731128023828745
538,0.36665511118661381,0.75579250673122012,0.53431526159328058,0.30882835871848396
539,0.56010002192148245,0.8453464544341085,0.54493128962589688,0.31480852190971259
540,0.73730407338427617,0.8467205996782402,0.54795013800696202,0.31503194724621497
541,0.64187644620138451,0.64821102455462098,0.53175826963289352,0.30249418543876677
542,0.25266945351638137,0.090122315460478428,0.472321688483756,0.25979626590249844
543,0.024749845575296785,0.46098557299702664,0.49957695183049472,0.2867403556371157
544,0.88434729243294574,0.24122173244146397,0.49954007520526622,0.27372470200739962
545,0.35548232550736286,0.31625647243572169,0.49762697406382811,0.27841492819270969
546,0.42135819009003461,0.92936002684329866,0.5478765735734179,0.31958658915247462
547,0.89223661412104271,0.88918553523399169,0.55296290823794292,0.31757036272989847
548,0.088442941307590811,0.5561016365463497,0.51012870703621838,0.29404877683057756
549,0.86041643613429042,0.81204614000100417,0.54715122593326415,0.31294215726750407
550,0.68775967522131987,0.11870430252362275,0.48432547497026479,0.26365439123993029
551,0.7508858991593006,0.65070370500459107,0.53363449089777604,0.30274919930373001
552,0.05586238314133371,0.19388718863761753,0.47641633363477665,0.2668273715143672
553,0.92316084586655489,0.31988744103600042,0.50757638166142449,0.27975297192026627
554,0.61242475271298324,0.0076257167874253353,0.47085501459270773,0.25401345394367597
555,0.80509586252466547,0.91043891150640566,0.55331674326805058,0.31883971395556593
556,0.39834548634957762,0.10698983953393765,0.47776342087054985,0.26191428925297555
557,0.41933160668831554,0.46340222285761268,0.51231609400392231,0.28944269267882328
558,0.90396874144532491,0.88244826191406467,0.55263751939560934,0.31716762992253511
559,0.47902380830898184,0.72286264514973153,0.53442987676689913,0.30704761488840338
560,0.50866120049733443,0.97216016437950314,0.55261458835063149,0.3222629202869518
561,0.48007939137775685,0.62842916573194096,0.52720260252801532,0.30091776194297615
562,0.89713338972117052,0.26547342160091503,0.50206883999419893,0.27560915729542024
563,0.5836314340504003,0.92161895365369284,0.55064185586475856,0.31940029842970286
564,0.79674652741182372,0.26851135003148813,0.50110201853956815,0.27576439745093728
565,0.15326668026834961,0.94824197634545859,0.54146232421560914,0.31955693737050539
566,0.9594440495681833,0.42790120846534846,0.51782132336272813,0.2876556651091402
567,0.95894488637602193,0.56807484941958686,0.52969004015662469,0.29734396493337117
568,0.5589106888015406,0.67164322511163776,0.53211597997462345,0.30390600773628695
569,0.96670566692008875,0.6020845066470677,0.53251937539642469,0.29960823298595923
570,0.041029663399967831,0.31842614139494252,0.48768682436440175,0.27640970483984806
571,0.35659854301811433,0.98939033606323656,0.55032932623872433,0.32292492123815225
572,0.40487379770294069,0.43489542866902192,0.50951661188279085,0.28735903628659099
573,0.56965609752362356,0.91627027958523255,0.55002410543897973,0.31906917006246183
574,0.15379884775596439,0.28290344382439508,0.48864634228664217,0.27470760740424804
575,0.50024070415584143,0.45613395403117174,0.51341200075534144,0.2891547970016306
576,0.40675565554121279,0.17289852783378445,0.48482813587344759,0.26737876887226314
577,0.24612009049573683,0.88650314180707801,0.54032417890654905,0.31640366178769197
578,0.57067863646867911,0.90058225176382123,0.54896974840928925,0.31814018294375629
579,0.2390420455115731,0.42754640164800223,0.50451145023538724,0.28608241805774193
580,0.83765879367798335,0.70509953490098709,0.53898926278580439,0.30628178273408496
581,0.28295984622159742,0.29406250792889627,0.49365688962383247,0.27638420927063423
582,0.62771799092519798,0.0063038063967251218,0.47094909304229965,0.25393004876772957
583,0.43953647367485105,0.70412181228451665,0.53216948136869036,0.30575309226018238
584,0.3006407160853618,0.45466766987048324,0.50862223379861793,0.28835408610629076
585,0.59816245548952141,0.6510577825306566,0.53123336279107958,0.30262485127151417
586,0.18974789842643078,0.37103174236881314,0.49796620642168365,0.2816342947506193
587,0.63724118110326811,0.48172914554529128,0.51810956043140743,0.2912229492947187
588,0.81076934647368037,0.61534116800242344,0.53168355858915539,0.30046023175949249
589,0.65952468977301626,0.52749518618852609,0.52232938647292826,0.29442737770645605
590,0.15243104946460809,0.15811964920106111,0.47635821906658954,0.26478125610310166
591,0.97662348092341567,0.36255474349033323,0.51213599627499784,0.2829349932585844
592,0.47446994826140582,0.45293928985897219,0.51260939439374353,0.28886136066971124
593,0.98655994518228107,0.691087423861248,0.53968107495474549,0.30538194878674146
594,0.96683192234247695,0.076552997064671946,0.4833000782317381,0.26043168254932075
595,0.79465227012898543,0.029504349988780453,0.47600251785842707,0.25623844002636914
596,0.48145830078559232,0.3945145330980071,0.50761263243996801,0.28466727389163282
597,0.77923031771696405,0.84729313866264422,0.54858648534989252,0.31507655887054858
598,0.3214550505433581,0.29602811823555969,0.49486911638573156,0.27672393967286724
599,0.24004127734206851,0.69321542566531569,0.52615145449857148,0.30427889820485698
600,0.025740098674700129,0.11538704556775047,0.4672373976430394,0.2600752092657917
601,0.086949730593117419,0.27268738807925258,0.48526304901438344,0.27335412760332206
602,0.93773049778874273,0.18881629744978853,0.49489536574245635,0.26962940735238977
603,0.43541331781180342,0.21482502727274552,0.48968506256089128,0.27084509102069659
604,0.51611516033707883,0.36632516069629928,0.50576117841833867,0.28268563796591312
605,0.78110022219914244,0.66308466966698176,0.53502078737376668,0.30356867887320638
606,0.055192560600966688,0.38298267696850236,0.49410775787461231,0.28139482436826296
607,0.14659587179099909,0.84202613911445956,0.53392289659421988,0.3131012081857068
608,0.88396470704440722,0.30852631088263588,0.5060423792873554,0.27887873593211393
609,0.96879400115968894,0.41027734556497308,0.5163627326657283,0.28639696733710684
610,0.57902210421707723,0.52680005212515835,0.52089940217001018,0.29426093646780715
611,0.65668796829181963,0.36085551910098873,0.50774847537515022,0.28255544744239081
612,0.067327474431216255,0.69272090031349798,0.51995709433637305,0.30299407888665658
613,0.28021750958181219,0.061443622978555511,0.46997052917292648,0.25750701861869096
614,0.15963547028364847,0.19661086726981447,0.4804747973964017,0.26795703322415981
615,0.46293912110388047,0.95352727756429234,0.55042474168880395,0.32109815753026433
616,0.67662628303164385,0.81657067643423797,0.54488754497820624,0.31316976367778493
617,0.42191960101196307,0.64203387351379493,0.52700398674700744,0.30166370052104235
618,0.13239888196234825,0.74045351640790469,0.52607483497947927,0.30662915904841143
619,0.12122069756529527,0.75185276022945768,0.52649784362313068,0.3072695256452177
620,0.93108624090520897,0.96552997629292081,0.55858630618910543,0.32200861934632691
621,0.52290735970960234,0.080267693197226625,0.47742397468970693,0.26007077034888004
622,0.35029697049845709,0.74029765046417018,0.53275844593807098,0.30779036497306167
623,0.91291818116049983,0.82429448136227446,0.54866204278568875,0.31367812328758699
624,0.46181808672848862,0.6764694034817279,0.53054879438881131,0.30402288788629533
625,0.67610289698998682,0.12015512018249137,0.48430350489436497,0.26375506366333884
626,0.014715039328287823,0.062618604853458243,0.4612218747554912,0.25548952197894687
627,0.83442771523207193,0.88436350109999773,0.55191042384373068,0.31729597792956848
628,0.23759994243496332,0.096226196379528853,0.47254741912961146,0.26022229148544135
629,0.028562449828686658,0.4166930575831444,0.49593864669180421,0.28358598088637327
630,0.2562638775711763,0.99467543300291295,0.54791667832925683,0.32285460448265374
631,0.71907283525048993,0.0093797690460341986,0.47267606840817522,0.25437091210640494
632,0.35642463358688403,0.89081827873805308,0.54368067983333768,0.31710808166894322
633,0.82352817517445653,0.42821054158118788,0.51621217049636559,0.28762247299601579
634,0.65281731959538303,0.33877856295536041,0.50565272963677799,0.28091003879813675
635,0.60084600412271683,0.74826144157493257,0.53865510658722848,0.30886145703889467
636,0.96510097114212123,0.074967752564616963,0.4831066433263147,0.26029654989146367
637,0.98601250771101345,0.93936896607022502,0.55744549170123547,0.32046785409411555
638,0.37096872967589878,0.91913647035405743,0.54598463986833823,0.31884500373394453
639,0.57632142467523229,0.4342457814262598,0.51295247627939,0.28775803588412258
640,0.020042139358364512,0.77109067955884381,0.52369695275580763,0.3075443405496977
641,0.27247133706788301,0.68149432784918462,0.52622160415077435,0.3036820645073029
642,0.33057621000924847,0.21008199200708189,0.48677056323047896,0.2700519218016163
643,0.53024476190513237,0.096515551196003802,0.47932081068053323,0.26146328574530536
644,0.11549724302013638,0.3743780248383875,0.49569689349055385,0.2813185645787008
645,0.14793443595933495,0.015775235349184371,0.4610314261481982,0.25267865108341531
646,0.79999963220994696,0.35319493132942592,0.50914612793726788,0.28215352134815314
647,0.59373686911951518,0.65807484526854243,0.5317001199125313,0.30307668143341199
648,0.71591612553690798,0.40250952993229733,0.51243123495620058,0.28568017406103752
649,0.46646567426976981,0.51799831155835419,0.51797016968815313,0.29340853017064039
650,0.50129996014492362,0.65018411988880254,0.52933934822449946,0.30239805688928878
651,0.86832810003421046,0.086105384420382333,0.48323177689983815,0.26115941305208623
652,0.70018531323414068,0.78662961685453781,0.54309764483489076,0.31134352647507946
653,0.29152214814146288,0.80345010638631642,0.53579831436400693,0.31152705970874373
654,0.90768486050552466,0.092715676557889676,0.48441537935764994,0.26174904020353401
655,0.47355115277796289,0.80566743022726162,0.54039174786600064,0.31223114993487372
656,0.053522638595255564,0.97669497608958045,0.53942898624549562,0.32043243674011912
657,0.80346068959262917,0.71414149850175024,0.53922186889593049,0.3068486556658826
658,0.19191301993123489,0.88043043549984001,0.53817858768835458,0.31574149194191253
659,0.29649530085710579,0.67020588564606154,0.52603671271314134,0.30305698077020377
660,0.44646920848217558,0.29563168616081825,0.49777296514474517,0.27717678526489692
661,0.071305461968213787,0.39020275627257067,0.49540344190433117,0.28208735482442815
662,0.19947147114857799,0.76625075096354123,0.53030670138086855,0.30872384895868432
663,0.60473461037365484,0.99432393171406586,0.55587346750777789,0.32365101060811341
664,0.14954546074316605,0.33302398248760728,0.49316704941897471,0.27850027475730016
665,0.77588762256811605,0.93025270071605926,0.55426544471510686,0.32000230311640893
666,0.82010149726815296,0.65822498163093113,0.53517047244897531,0.30326806612275065
667,0.48152191722270804,0.74098902043857373,0.53583386264465771,0.30820435303528798
668,0.13584996458900858,0.1639524771450204,0.47638810282700877,0.26512729906055904
669,0.010883071958937217,0.64227472175954603,0.51362904946943844,0.29908204252990983
670,0.43887365732825129,0.043007118600176183,0.47166563719403909,0.25661483215068903
671,0.86153778627266875,0.52469481584917532,0.52496620178104758,0.29438789005182714
672,0.16065195404532134,0.97641471642233668,0.54360242039351303,0.32126545746189411
673,0.55470242123695801,0.97395883240249248,0.55362537509939536,0.3224282408782343
674,0.13745461533543421,0.86878965729888302,0.53546261168823139,0.31467410302549204
675,0.44478545457952429,0.76042645392621644,0.53648319122009902,0.30934598052623741
676,0.15561295991129009,0.5950337688278291,0.51575870322680051,0.29724741001649169
677,0.10460869546827162,0.25335569868251917,0.48408642139762587,0.27200765760676293
678,0.62181736668894305,0.76813162451287498,0.5404809336818206,0.31013027697500739
679,0.65942121621287664,0.88755916958366299,0.54960112265256533,0.31744418316524692
680,0.23688748265431495,0.8205360669088666,0.53541424060851805,0.31232687110351975
681,0.031913437690550932,0.22793068319669693,0.47876608128183518,0.2692919132100835
682,0.31493974658410301,0.46448096521619009,0.50984972819549124,0.28911929312261408
683,0.31391066679464419,0.64053734537701823,0.52421577505249872,0.30118221325781175
684,0.54169822894708497,0.032719192063028459,0.47250059312071374,0.25603785006940222
685,0.52554434624280555,0.8162674985399121,0.54220748337021285,0.31298140261121066
686,0.29633744052749827,0.69334286621896324,0.52779916192400123,0.30456214119025299
687,0.86893845860877772,0.11206863973123254,0.48605367144112588,0.26333089508464602
688,0.2342749427036033,0.90067950252393503,0.54093652978652118,0.31719778620687394
689,0.30481094361600702,0.36107239275836622,0.50045539028783959,0.28155385767232244
690,0.13473019502615791,0.8260957560279989,0.53236327206363476,0.31203224882793279
691,0.91744688632056359,0.23865836524051848,0.4996759912493528,0.27354617905958462
692,0.80911124295893833,0.86479389040834509,0.55021911316147221,0.31613041289904792
693,0.62790138040705357,0.17948881259051852,0.48973496898056795,0.26851734028132274
694,0.31858524869038957,0.93000153454408285,0.54537082600704734,0.31931552752722514
695,0.38061893924280304,0.67109572433641884,0.52828604878593355,0.30344056529505475
696,0.7211530970623834,0.81698045047564671,0.54560118911403821,0.31321962766530315
697,0.059657515283522665,0.089820118048146838,0.46592668892941164,0.25828292559282662
698,0.72411766685567569,0.058458026065712335,0.47829802866574728,0.2586353621606447
699,0.91866723427757391,0.65442766413734066,0.53609806886050981,0.30303530330026662
700,0.50190055455729599,0.37165981387988434,0.50596627388712234,0.28304382356962798
701,0.27915230765958549,0.19357185954578454,0.4837725187479493,0.26847482707792492
702,0.81390989485554166,0.075096199050813453,0.48134960634048302,0.26017288672720712
703,0.15574576125143794,0.5562784937166958,0.51264801596296639,0.29460902879271278
704,0.31035369298978477,0.69204702738953061,0.52808536267520545,0.30453876586805873
705,0.99048841670594412,0.90598045656421455,0.55522924760269265,0.31851795985885112
706,0.43359118730671475,0.44661746886497133,0.51118505160110939,0.28829245260083802
707,0.83314547718981058,0.2911689758957946,0.50375959488339372,0.27752944805476359
708,0.16308677443616323,0.18269744695007104,0.47919817228559464,0.26686140344116788
709,0.54381804257022459,0.50000389057492134,0.51800585842259894,0.29233914866050226
710,0.5430291148562334,0.93213877211349316,0.55060383921670397,0.31997239887495649
711,0.73860132891648689,0.57594341824237494,0.52751955303026843,0.29779610317610244
712,0.35108786141121529,0.52814379822170598,0.51614983778336188,0.29373494665976185
713,0.90689411515489926,0.83609737611034662,0.54942889455371957,0.31439350658578563
714,0.48819804449441145,0.0050812976293615067,0.46836682834641297,0.25346207118665476
715,0.48620576538507598,0.36360132393693789,0.50491821250162638,0.28240689141557068
716,0.55218087166069307,0.62317280421172039,0.52821303236826644,0.30071790117583774
717,0.89839791353355403,0.35521265965948118,0.51057263328238112,0.28236649786571483
718,0.66137853000579638,0.012330687461292837,0.47216597359833912,0.25452803900424897
719,0.37679895188995871,0.96836272023360948,0.5494403295610506,0.32176105217479523
720,0.29308362496393969,0.42366375774113696,0.50572212230644209,0.28608899736027271
721,0.17039181587266503,0.65745967664060889,0.52116217876008142,0.30151748425366559
722,0.15060774095627713,0.82012441201802577,0.53251665381825863,0.31177696499050345
723,0.69216817566828104,0.76269674687586964,0.54122639291059937,0.30985179128784879
724,0.18744812518201071,0.0090926160632050605,0.46152836531945685,0.2523808233469062
725,0.50973982766411507,0.69564176304376446,0.53300347759797728,0.30536824448444821
726,0.60135036754499893,0.49339438901984833,0.51849094370267379,0.29198359543261998
727,0.9539503672141233,0.78762682641478032,0.54649789188225495,0.31142971772990269
728,0.86921425935010199,0.52319252428462493,0.52493633999671652,0.29428767030730729
729,0.69766694556650477,0.77997994408773963,0.54257548906792652,0.31093033554924565
730,0.81357741795220639,0.4318388027509325,0.5164008250531934,0.28787505346165643
731,0.34356305077798899,0.72957511159899879,0.53178829433973995,0.3070831491203081
732,0.13495824687835994,0.80201188309375437,0.53065312307205492,0.31053674116238994
733,0.15533564249837073,0.25960787930862278,0.48648212184185874,0.27291161974263334
734,0.82792914310545906,0.23354946559556994,0.49808162616408236,0.27308180146457134
735,0.7966884728500504,0.32403183094727572,0.50639318040544534,0.27997985917911145
736,0.88456703705220718,0.77533924409277977,0.54479504144488233,0.31068672582814988
737,0.61974097691116625,0.37883283260524042,0.508775960492862,0.28381983002858935
738,0.4550714037828264,0.16361449774339562,0.48491613487176,0.26679293423944161
739,0.75821639673385066,0.012987054655665999,0.47363290052742635,0.25474763335923067
740,0.90349226923115789,0.2160617774702725,0.49726224900632365,0.27176777436996136
741,0.50142058174753334,0.46519533638950672,0.51421669552208715,0.28980032410166401
742,0.15716938739990582,0.57576816314804602,0.51427240117170414,0.29595181717369595
743,0.51591750438144668,0.87581965516606586,0.54621607114074311,0.31658396164249575
744,0.66475574591547493,0.99719666234023174,0.55706577833121518,0.32385177598184306
745,0.33438248261654518,0.94130637703690445,0.5465539370657635,0.32004033285931305
746,0.98164479983305797,0.45434372058260492,0.52037838026226912,0.28953188162614779
747,0.0010456261574407109,0.23062109623494326,0.47768735132389617,0.26915198177920791
748,0.84457474906918362,0.085715750738943455,0.48290002307832247,0.26110332159857136
749,0.15392466118148296,0.54133297565906546,0.51136587084811036,0.29356671819575464
750,0.85063342577592704,0.32780838983479194,0.5074466325517869,0.28030461403116674
751,0.050265900750353469,0.85870821754055793,0.53127762687461788,0.31331802082379612
752,0.46436552335195014,0.52365861686900028,0.51839734152198058,0.29379452478366991
753,0.22718318298083032,0.087453068111755433,0.47130998635791266,0.25941650813360262
754,0.26962373228453801,0.58007751275688646,0.51819214552064385,0.29692830582028068
755,0.85903149153630953,0.15296818196844542,0.49026785231807973,0.2666835406943121
756,0.10186259872867959,0.35293908402583329,0.49325862687021799,0.27960365414804589
757,0.18366105050636689,0.20985107878233539,0.48257239242609429,0.26919206608114293
758,0.047109190889669118,0.27990352296287896,0.48435860105956868,0.2735205976016607
759,0.84021425535575256,0.77405085372264726,0.54414712432592061,0.31060815770307626
760,0.70544683662947505,0.17195779425433139,0.49016978059084138,0.26804210350890656
761,0.15550769096164732,0.61174904697445454,0.51707947095000706,0.29837242209064418
762,0.36009125382268103,0.65886220165713461,0.52683743432329666,0.30256966251454809
763,0.71299779115008433,0.19732154562332435,0.4928720895438285,0.27008871555729275
764,0.9224985454094714,0.22729939377390546,0.49860617323937356,0.272662121899994
765,0.98198739658748968,0.28699321302335012,0.50510579935817634,0.27729450049919291
766,0.82444568593116707,0.79411763900824595,0.54540086903655272,0.31184485662131683
767,0.35935749584204751,0.82905520320542858,0.53943153158649226,0.31336634857641543
768,0.23590296751946443,0.22001989926932147,0.48517810968184771,0.27034214128130363
769,0.52453878194083237,0.87442133623521079,0.54628867620475507,0.3165135860710494
770,0.19265983731049346,0.27170266284687677,0.48886357982223722,0.27412087009447739
771,0.51775456657792673,0.90836352306810442,0.54849612858558983,0.31853105067083676
772,0.98241673791228101,0.59032300261751525,0.53174842013681145,0.29882776833572067
773,0.62765775799249535,0.031326743017660919,0.47380106028188007,0.25612014769892794
774,0.31444035751452903,0.44203812747556953,0.50790088116941268,0.28751401223787515
775,0.065381579512020102,0.96221908672360013,0.53897586359875782,0.31969004229968234
776,0.84608461706467208,0.43276198349877959,0.51690284885772519,0.28796048179751227
777,0.33821440552360144,0.809872626204032,0.53752156752996294,0.31211020828881392
778,0.21721680718163261,0.85507476230392943,0.53723817925933448,0.31434441980241451
779,0.16429356232489226,0.22235340278990334,0.48317223575901563,0.27004744322186564
780,0.44503082004288447,0.91605701531328965,0.54750375327508138,0.31885293457633757
781,0.44573800198294927,0.2632139276137459,0.49465405487836278,0.27467784788246813
782,0.39612465024924604,0.54019224797553622,0.51824177117275005,0.29472918452526753
783,0.99977761505170493,0.33250416939553107,0.5096043116031721,0.28072099545661033
784,0.38071893501280579,0.78037764483700733,0.53646031208397915,0.31041846521381455
785,0.62722556498105408,0.19727566663759064,0.49153361701287329,0.26994272955841853
786,0.19252321120478447,0.93546428204780674,0.54196017863956836,0.31904650061213957
787,0.42338538292822198,0.77420322937426389,0.5370135369819844,0.31015551129884134
788,0.12961729412785497,0.82397653593426812,0.53202320356289023,0.31186278941000023
789,0.8768485596516985,0.60228903929585365,0.53148921963043672,0.2996165423210736
790,0.97260412320111644,0.36835043475303103,0.51262251884265497,0.28335864656431253
791,0.83713933622291081,0.89442026208293401,0.55263891689613676,0.31789172618743855
792,0.67162488902910855,0.038246324298961555,0.47526618803755194,0.25680674226107675
793,0.2879290317161125,0.92072568787831122,0.54389527587382047,0.31864452338179788
794,0.40862682069133738,0.87730105893149746,0.54401280599074131,0.31644767913199134
795,0.67785645853242615,0.86738988056395905,0.54849598131052091,0.31624929425031351
796,0.76195488014885926,0.93115459036316028,0.55413141591972515,0.32005417797798746
797,0.92976965508948783,0.87901665107366866,0.55270086617435787,0.31695513000270725
798,0.11030970032043989,0.44889551705302438,0.50203366142798045,0.28671086394142181
799,0.05775878672009567,0.26738278818373806,0.48361162012144732,0.27265918227603858
800,0.16587599667190808,0.57909522270037561,0.5148418282099021,0.2962404144792396
801,0.27614461215216435,0.87478028012240538,0.54040098955414995,0.31583523497691962
802,0.99785698805049761,0.90240166555746704,0.55506279200321962,0.31830369550396548
803,0.3406004124114872,0.60602371856112736,0.52220095183651294,0.29899436189377004
804,0.18689176727259765,0.68794768162035624,0.52405473532623847,0.30362393826494133
805,0.038462128003977705,0.18132040392117343,0.47446180749949829,0.26563220757262479
806,0.1913002967192442,0.35259484325944218,0.49634916430081505,0.28027168334085228
807,0.73890358144784118,0.17752556444759249,0.49122749778740549,0.26853849857612827
808,0.34723682327106364,0.065973694072279612,0.47215489271367711,0.258226471381578
809,0.07831851904712385,0.51923391439354749,0.5067104791752256,0.29140270371186677
810,0.64243169589185867,0.66219726170107029,0.53285333846295946,0.30340654744828749
811,0.10733372650166276,0.88738361611767913,0.5356099012754767,0.31557349307148497
812,0.17005834634617203,0.050004776799550746,0.46552420192039212,0.25582681186244149
813,0.34578425342963309,0.30334022954265821,0.49617606467592873,0.27739149973861299
814,0.12027325731754536,0.44154313336560735,0.50177235660284636,0.28626606090817291
815,0.82847636068750874,0.47368614537267711,0.52023026146860429,0.29084170287417138
816,0.59748277873526101,0.52322934449483871,0.52093024076165284,0.29404595198973738
817,0.74306864820915508,0.31224242648886286,0.50454207869454204,0.27903945362293886
818,0.071047996437537952,0.064076004294061573,0.46362072652116249,0.25620337271503052
819,0.65191167598710165,0.91868562720877822,0.55161299842044154,0.31928398836137734
820,0.21325530521218899,0.43850113420950948,0.50467360477031786,0.2867182071768512
821,0.78986233776487647,0.50078053953471824,0.52202346121286936,0.29270544387143232
822,0.22816831031726906,0.58312323838270974,0.51719856610275206,0.29691138769378189
823,0.40903274848054866,0.11092391559222015,0.47841925634384147,0.2622844488662327
824,0.71493089667231546,0.77060819333164265,0.54215415813046797,0.31035865144468344
825,0.15868749067260651,0.54229562994731828,0.51161102122509239,0.29366800315276453
826,0.82903828777408928,0.46237257818266519,0.51926357279604396,0.29004788165919854
827,0.51402072951860034,0.84029204968769344,0.54368860249983209,0.31443152008842845
828,0.48537237296275559,0.36670327566292837,0.50518364889433542,0.28263415054546887
829,0.99018146813261565,0.034820989065908366,0.47887664348361925,0.25688183458174751
830,0.32544055166376057,0.35838038360622015,0.5007534740235372,0.28144946365730261
831,0.44926775267688795,0.41096210198592165,0.50840062089242699,0.28577287256227329
832,0.2555827958358568,0.81645822078223573,0.53569009196244621,0.31216884061500355
833,0.23995669600049732,0.37383215617368698,0.49977814671397086,0.28215749442320115
834,0.78668533726352041,0.43842943011739993,0.51661782978530701,0.28832555995990733
835,0.93274781243229521,0.61740507475723283,0.5333560676879856,0.30061927433862157
836,0.24228454105845887,0.20492050214164192,0.48386960489878084,0.26917696452142148
837,0.95409865011539086,0.79214936151407889,0.54682707197486546,0.3117071510735635
838,0.28456276578131368,0.80263211911869015,0.53554295731463586,0.31144582707247048
839,0.91756801845055314,0.053072318092931531,0.48014912943277799,0.25839838025769857
840,0.68016322539570973,0.04173150048340904,0.47578683064346755,0.25712364648587721
841,0.018513419161399362,0.27906617912998194,0.48306674863086463,0.27314409090575825
842,0.50986767197697191,0.80022972364845923,0.54074605711897272,0.31196602828303305
843,0.86446105023365238,0.35080074269148753,0.50975463884311012,0.28202243828454521
844,0.42291465614048068,0.3397713451054995,0.50138732730080293,0.28044026425184232
845,0.42274882734265412,0.0054701697156182491,0.46709282112182454,0.25327430192130118
846,0.18632378247942544,0.077378624770336329,0.46900170873825625,0.25829045042631454
847,0.27115566216710724,0.20230755909044529,0.48442694697403588,0.26913239059818933
848,0.38965396129387664,0.45807842906139556,0.51117215732531318,0.28896392494134854
849,0.37346783224748215,0.28391751846125118,0.49501166028518095,0.27601806237634263
850,0.81170461881057132,0.8063181132300874,0.54611222680937233,0.3125918924686476
851,0.47401937062387589,0.98605733610849133,0.55282261731878279,0.32301124376278006
852,0.17907166785992451,0.64527350814862872,0.52051519181084849,0.30077100539935414
853,0.39641228175944421,0.67032186429292195,0.52860462057385982,0.30344108183587265
854,0.1293095163405058,0.96138004419965439,0.54146316580140819,0.32016500176442392
855,0.5273908507563756,0.74562763439781266,0.53710174017032386,0.30858681306561414
856,0.83852567419266566,0.1284211039587739,0.48742751852200378,0.2646547593366857
857,0.12471512805024396,0.39425438207072439,0.49780390282575143,0.28286258051163043
858,0.98708864236098026,0.26937430077655011,0.50345942888912376,0.2759516443583489
859,0.63590484545057413,0.24867918842911022,0.49679264568845488,0.27401260745318029
860,0.75451435875772732,0.55031250257397768,0.52565756277360898,0.29607719320962123
861,0.37566997154498244,0.58993504923627482,0.52179461380675296,0.29804397462769733
862,0.22638188577037074,0.45304553268750897,0.50633705061371614,0.28784234697230149
863,0.55175687047784461,0.46870493827465687,0.51549094631098302,0.29016022484280285
864,0.2732611889610882,0.67503490924855003,0.52575042647604464,0.30326463965464956
865,0.18676424277682091,0.71645587168330094,0.52620091634146748,0.30546904394329666
866,0.098286897717521055,0.94787342508161676,0.53936495985131683,0.31912594492762419
867,0.67413039069041847,0.68857697091872105,0.53539415331307338,0.30514341754477492
868,0.73846372981298491,0.63795401957914,0.53245886770819739,0.30190881854887391
869,0.77769076350467514,0.11128474003149896,0.48480935638407679,0.2631680029337477
870,0.32663884072998772,0.79129761406247268,0.53587994388081617,0.31091307352030384
871,0.52050318225891101,0.8512185668070219,0.54458713615254051,0.31510627607103253
872,0.036123640332592188,0.3809777204350685,0.49312803502221847,0.28104690793230264
873,0.14729106950877469,0.3800851257692906,0.49734917676190787,0.2819978988381307
874,0.6171043158218148,0.25903526366507867,0.4974922385700421,0.27478288546554258
875,0.017019934914063197,0.27012344966373641,0.48216005300263337,0.27243396719250951
876,0.79819792288654723,0.65009933263502317,0.5342468154715948,0.30273279738159542
877,0.33301441445403035,0.59248986118832836,0.52092540787880293,0.29805474746955474
878,0.51981687842028923,0.72045969110328012,0.5350770909728203,0.30697714858052383
879,0.11743124988853233,0.32188724112707423,0.49100085148985162,0.27739864020666688
880,0.54068277806238041,0.32080125019029948,0.50202956238216812,0.27934551331089474
881,0.056322040067811031,0.22406402784368257,0.47939525904586283,0.26924252502029511
882,0.21966795361366823,0.24852436285895529,0.48747672359537719,0.27249073389127237
883,0.82990620102813706,0.85959430721554675,0.55012907729447313,0.31581859946018886
884,0.97547689648378877,0.36970121454914334,0.51277716251183136,0.28345818099132364
885,0.91346950949908934,0.28604321492937163,0.50424820503361101,0.27719239474656626
886,0.83926378356079812,0.8378218767391169,0.54871804791500023,0.3145079431589265
887,0.57360764104750706,0.11006491463644197,0.48155392872093261,0.26270792239318597
888,0.28010121441074881,0.55836755696291807,0.51673491961569618,0.29550173504047411
889,0.83900737587810736,0.29894973365390903,0.50457675418087522,0.27812465169299205
890,0.35380684686825842,0.14995616028754738,0.48124181890716983,0.26529365111523012
891,0.9626483160855831,0.7293690582162119,0.54230760183885973,0.30780952390313249
892,0.76426440494336423,0.8401281237484306,0.54787196779616154,0.31464103592456177
893,0.92406562217347099,0.1798207005786826,0.49381902379124315,0.26890153041767284
894,0.22192534071909031,0.49275343916317216,0.50957856578518768,0.29063319724219849
895,0.16604182675977935,0.4116478270796477,0.50079032965614145,0.28445487918660617
896,0.39607289335172391,0.93829939729837941,0.54789162876718833,0.32005030926951844
897,0.030330279013991823,0.40604008666543523,0.49508638975515595,0.28282765380892616
898,0.46487441809530139,0.7674648492219277,0.53743525756056687,0.30983525485571739
899,0.37234415790099884,0.53857328906991753,0.51753870996759532,0.29453473683789783
900,0.53685240378283205,0.63533036293928746,0.52887878865546889,0.30149285337529236
901,0.75705148125070842,0.87204914149154211,0.55000802220361544,0.31655881366903466
902,0.36144911181678763,0.72273429278443801,0.53173103677882239,0.30671016220893804
903,0.41743144637193763,0.91549246452852395,0.54684415053007707,0.31875524167130104
904,0.1491076994936564,0.091536598807165859,0.46932041159756566,0.25921741157867706
905,0.39999751080303686,0.94591882081615042,0.54849767203419975,0.32050929080759649
906,0.75210168277696943,0.49593182813184106,0.52108619428527647,0.29234137744543953
907,0.27921858837491598,0.15600686509624356,0.47996038216369691,0.26542781682007394
908,0.84942336287993248,0.093676050672202846,0.4838279134908402,0.26177728916600063
909,0.068036389137676456,0.53308965705482991,0.50743243281728356,0.29226884485586468
910,0.64233536879803288,0.68598898154319032,0.5346807441633542,0.30494571313605023
911,0.48406791829796281,0.59012828570354037,0.52424173082795278,0.29837346111783597
912,0.099777461952751043,0.45896552951851627,0.50249532903409122,0.28734098488399945
913,0.17187095540004083,0.30251744772082895,0.49109722965842278,0.2763486425049072
914,0.29123372748867843,0.56783288002613708,0.51781586434454363,0.29620132335403387
915,0.29583119890912202,0.51149722793855479,0.51331025222050175,0.29234081152614777
916,0.48320927259131569,0.64837857408447885,0.52882874266048607,0.30223963361243472
917,0.50605238600351155,0.30358038365450923,0.49974634049837846,0.27795539814225734
918,0.14424473907457433,0.062879652223235466,0.46608659404574343,0.25673905085763044
919,0.61927569865215348,0.60644825623504595,0.52808765088262588,0.29971210768066936
920,0.76718077975505727,0.96326882865600061,0.55635989482305914,0.32192161267070324
921,0.37696914689597905,0.26064097965847466,0.49286129469915141,0.27423137082463961
922,0.45420788266015011,0.1737619183432893,0.48593923518557147,0.26761409432935024
923,0.49406435518007497,0.89461074123451256,0.54707572513168679,0.31767275938566081
924,0.66176136985729683,0.20757817779375473,0.49312809742820701,0.2708251264235127
925,0.17473599510869245,0.91799984386801958,0.54017407010886787,0.31789733292351641
926,0.93367639699630678,0.79888939201791076,0.54708266048505272,0.31212577701334543
927,0.28777212874131508,0.43433230784215265,0.50650775671839721,0.28683321760412667
928,0.27701027349199869,0.23660812707139411,0.48797501715170355,0.27188777747658699
929,0.64497685509676816,0.70173228124576847,0.53592235775692298,0.3059590557509817
930,0.89866218436210188,0.28903197168143235,0.50436117895599186,0.27741158311847514
931,0.89597975302793786,0.44675581843449041,0.51874257685388259,0.28897659825251759
932,0.41877508929913165,0.4716729003123124,0.5130127353811974,0.29002677776480179
933,0.94693408169286564,0.33598238342419501,0.50935301154221702,0.28096367073788198
934,0.71981319483815454,0.73087197893901035,0.53929050507210197,0.30787165415734613
935,0.52231287200934018,0.51518696597515368,0.51886871020841252,0.29334854014270551
936,0.80054723605177136,0.55113790945982333,0.52636360722560904,0.29616206373212184
937,0.86308070697045192,0.91745683434339009,0.55454285783449597,0.31924342771927638
938,0.26489093096629951,0.16308650666262256,0.48029298727391073,0.26592785905402999
939,0.84963115236576414,0.17167283645543505,0.49209503500706442,0.26818955966312263
940,0.99900751753336514,0.099305756695906161,0.48612872989915251,0.26236135235535057
941,0.093973137577774465,0.99587159365309641,0.54237511331475619,0.32191390544243115
942,0.46001938644269252,0.1682427659547073,0.48549423468395225,0.26718521414439345
943,0.45123695793495283,0.78024188690757146,0.53807397506114563,0.31060281986584665
944,0.39972200174740286,0.97022977988653591,0.55011605978266265,0.32193182679691112
945,0.79483840712731479,0.20920298515794566,0.49521705127441251,0.27113404321226675
946,0.44695226916504327,0.24221326065036702,0.49263648952095546,0.27304405555833983
947,0.96893605229187529,0.78566453022348004,0.54652174332134817,0.31130441657953922
948,0.66679663399598799,0.41603925657299118,0.51287875952901696,0.28659655144542429
949,0.10219790028285934,0.58563480678385826,0.51304129323552528,0.2961876332620908
950,0.23986184810952982,0.73446916436498288,0.52924311431693616,0.30693368131355181
951,0.76098859267417573,0.19858860322010005,0.4936855308426305,0.27025298089512123
952,0.76492102868737422,0.60884467379475249,0.53053917195574329,0.30000827780308487
953,0.50178222186506027,0.44750541349818235,0.51269539460983027,0.28854428705757035
954,0.3151002008793759,0.070795037279592368,0.471891514647858,0.25848758398020666
955,0.45562862455238357,0.98381628390984843,0.55228158159448648,0.32284717690510645
956,0.022593832635611762,0.83528343803681204,0.52840412046134089,0.31159007117573501
957,0.1741232045747689,0.91334175718870247,0.53983582107152939,0.31761466442841335
958,0.33642199742464585,0.48419187490913318,0.51209208221102176,0.29060760674653013
959,0.56423654923698641,0.12037404910867336,0.48248804992486283,0.26354411633477565
960,0.41063282014128055,0.22384674243562622,0.49003707574510513,0.27147322279959346
961,0.91034166328160793,0.19795279259592063,0.49551381125298943,0.27033970281190778
962,0.52130460214350605,0.090891719406179627,0.47854749659076273,0.26096516949158244
963,0.88122602096745983,0.43402152945426059,0.51745030944741965,0.28806716806616628
964,0.95584056639693449,0.47708434306088604,0.52205591661062789,0.29112180523713149
965,0.76895300969973912,0.35844033404592196,0.50920486822751099,0.28251334328643113
966,0.33620341498480411,0.35433645159549776,0.50066099852665413,0.28119593575261365
967,0.62219170898100129,0.36397387245496504,0.50746664055695789,0.28273056381710476
968,0.63987486312953989,0.088260856022022202,0.4803068672753591,0.26102059934266697
969,0.37165604431465038,0.71108672815406471,0.5311097483509637,0.30599860563840592
970,0.41534993892906935,0.17122768683311299,0.48484788040716958,0.26727490870071485
971,0.49461515485624552,0.59179584114180184,0.52459181602857086,0.29851006555707083
972,0.021945411809522194,0.53384063571713636,0.50551880707341523,0.29184126270010863
973,0.061612193374580237,0.5379173868228565,0.50756221309111449,0.29254077105391402
974,0.03110997639667476,0.6307296037367196,0.51364979846894421,0.29853776623099804
975,0.87821211686554612,0.4996348238853156,0.52306793266398444,0.2926693876482192
976,0.29314893780743007,0.54879739321385279,0.51631927509898412,0.29490860287178744
977,0.49019033336554424,0.71569512577884598,0.53412329195646235,0.30661429307617349
978,0.43137220943659776,0.8540570327433642,0.54291069047699592,0.31509915151533074
979,0.95779042769871892,0.6938253856787342,0.53957394446524054,0.30556236742728216
980,0.73320592197243828,0.15635137108342023,0.48895741595662101,0.26681713146505609
981,0.35132823316758732,0.052072563848563007,0.47072615927561207,0.25705052300648656
982,0.075617141771002205,0.23466491315338064,0.481186357870237,0.27027188620902198
983,0.53624036111749007,0.76663807858884103,0.53882132824043782,0.30992209608191262
984,0.77301196826846574,0.79307953635308659,0.54463081996017682,0.3117724987873679
985,0.43858328100113436,0.27536655418894956,0.49567092617918662,0.27559497299832308
986,0.59385228873178131,0.78644295289717847,0.54133001532077996,0.3112376267593524
987,0.60144119402068907,0.64105082282318038,0.53051038599507383,0.30197401037665184
988,0.75234877812481726,0.54680570013319385,0.52533816085863105,0.29583740598662156
989,0.82117637052949288,0.23481690243702616,0.49812037882558152,0.27317477558744419
990,0.91980373749363942,0.28968173837926009,0.5046705942614873,0.27747243993231996
991,0.79144732754250291,0.7326493414629367,0.54044631952593003,0.30801502537930753
992,0.10347481547846693,0.48592229713817359,0.50492067499338522,0.28929021773055613
993,0.96635380374154778,0.75898935389673572,0.54454425789902206,0.30965796609287177
994,0.28722023408975222,0.42419682103771483,0.50560720575996909,0.28609864667863688
995,0.77149330545169081,0.12307410517082318,0.48598626656129268,0.26413814261762825
996,0.036643791446590329,0.079428233523259409,0.46391500304737832,0.25716454494606805
997,0.74095170149322365,0.43806268487594791,0.5159429930424152,0.28826027531681458
998,0.51225050068503475,0.79468556058005202,0.54039339486948024,0.31162718163021513
999,0.071870938007289081,0.83695776224731244,0.53066941015409252,0.3121848093707717
1000,0.68030071521479407,0.15257686437718804,0.48778376175275695,0.26642915766765274
1001,0.15073970010170015,0.39577433664515849,0.49886476532359331,0.28318007400069023
1002,0.24807903415655019,0.87966244204583344,0.53991034950932471,0.31599993014908967
1003,0.096319651790556973,0.20099421090764227,0.47868094812198614,0.26778602302606425
1004,0.0082445205217343762,0.38130408686286538,0.49193134162584734,0.28075731785125746
1005,0.10816725866653724,0.081276965188921899,0.46682265944178108,0.25801116878433122
1006,0.064773903922911269,0.27946620380255627,0.48503512861303172,0.27366649728539283
1007,0.70974652411866701,0.7717281225780841,0.54215779382210216,0.31042534757853357
1008,0.64945541625058978,0.37320796574520648,0.5087578835502351,0.28345469481263857
1009,0.63047144339006633,0.97521256400843859,0.55505330734693015,0.32256857413845264
1010,0.36208338196558182,0.45254982081424677,0.51002982688590559,0.28846721968367467
1011,0.37841196161621482,0.51342670904461996,0.51559944283477477,0.29281719187269922
1012,0.29986781996482753,0.99744008586631394,0.54935459634293049,0.3231970308544872
1013,0.92101364437794553,0.094581029629649135,0.48477036895600906,0.26191578173505775
1014,0.93357582216720336,0.90553459997997865,0.55456995183138624,0.31851981806555735
1015,0.92696754896225175,0.52032367333286678,0.52538753793570248,0.29410532179283044
1016,0.93430766566953394,0.86102632938498869,0.5515008725886098,0.31588209873251227
1017,0.33902226344324882,0.24797493801893433,0.49071081703356995,0.27308341980132289
1018,0.6444098958043033,0.57806109558251928,0.5262306086874019,0.29784556253544353
1019,0.37328470288877147,0.46942458203622378,0.51175458747798441,0.28970997015928751
1020,0.66702086692018203,0.89027169695104247,0.54991076748298273,0.31761044492648705
1021,0.71204997327179886,0.76586579159292167,0.54176331388000176,0.31006185122904084
1022,0.95315083011040702,0.19076129324651556,0.49526553058175232,0.26979328697201882
1023,0.71932560481379049,0.77189317411532399,0.54231409128872865,0.31044091600821677
1024,0.22650488751298981,0.58526727525779287,0.51731897074046462,0.29704707885802095
1025,0.23609275626229356,0.60984659485089365,0.51957172350856495,0.29875811408218866
1026,0.52898179752939611,0.50803140741459796,0.51839832693733312,0.29286664319646954
1027,0.44035549751314101,0.64599788681155768,0.5277261606968634,0.30197633748215658
1028,0.74127786061639211,0.52248779666622869,0.52316298007177098,0.29416694549150613
1029,0.53254614377402465,0.18556362245277269,0.48868709108789221,0.26879367751284067
1030,0.50363734305832775,0.93155003564475336,0.54979173853644547,0.31988012453589193
1031,0.77339771961098314,0.70016811040694593,0.53775408294390714,0.30594943381806911
1032,0.62226752049828649,0.23974870617465352,0.49569078272167749,0.27329054649772311
1033,0.86090239379130074,0.47015329858217159,0.52033969271921798,0.29061015952230845
1034,0.31355197203581919,0.25737601715064379,0.49097194513072123,0.27370023721234032
1035,0.63676480783891165,0.39564732559610855,0.51057472091404044,0.28507594365899958
1036,0.34468967692897423,0.030419864120741841,0.46816251991471358,0.25514310687954611
1037,0.21021767720308854,0.26913308053334478,0.48916894124545812,0.27403793214266131
1038,0.81250000498573061,0.083669434581103277,0.48227268560776221,0.26089612899645243
1039,0.48911743986877848,0.74340795830663997,0.53617064665196612,0.30837341274636443
1040,0.079136233608832124,0.90820712411383864,0.53590996958027293,0.31659333884960855
1041,0.49799467258685037,0.67521906270704934,0.53120714518488288,0.30402407715893687
1042,0.82064850482350449,0.15959782434041847,0.49047819476956273,0.26718554505520109
1043,0.97600191408112891,0.31580543128323046,0.50778281388111202,0.27946749233534163
1044,0.70785769909456142,0.3248945919821854,0.50521491420537112,0.2799488848936727
1045,0.66795048862836559,0.53196970942175248,0.52283632160181026,0.29474451017805947
1046,0.13338061600163348,0.70030005974503007,0.5231130947198217,0.3040513054177249
1047,0.079534123801311946,0.1665917877421598,0.4746136931352799,0.26484970844603706
1048,0.91716118347687881,0.011418727110663895,0.4754103682022448,0.25479150615276525
1049,0.80476670984785315,0.79421870557913787,0.54514757704295291,0.31184899484176726
1050,0.2298070291114622,0.25609035313989736,0.48851222954229634,0.27314558305655151
1051,0.76541546583910247,0.69552383911142823,0.53728940550582871,0.30564929432323934
1052,0.37287694955280748,0.28572083477579291,0.49516928963824786,0.27615440018158172
1053,0.5164399304294377,0.88145310845962965,0.54661731781613498,0.31692301491555741
1054,0.31280898627253484,0.41301320015770621,0.50531808829195257,0.2854102289185656
1055,0.52623695803488368,0.57927201727499489,0.52421249791732993,0.29773587236605142
1056,0.50071053474497751,0.1315297301109298,0.48249178408867727,0.26430085762127198
1057,0.5263066636557342,0.98518508568265251,0.55382540974958894,0.32304225803778441
1058,0.62161078152376004,0.030311213617108299,0.47358909344403649,0.25601906741335362
1059,0.14002775628153469,0.32399412995489546,0.49200480658243562,0.27774323657362548
1060,0.23339345260026167,0.68846561004623075,0.52558691366364585,0.30393426699331649
1061,0.47969866783580511,0.81742279603217027,0.54136347590118639,0.31296826868319305
1062,0.48290452804652739,0.55542844805732605,0.52140604742350727,0.29602232340757823
1063,0.78929662170897941,0.82255938816656127,0.54697260288504401,0.3135800255729882
1064,0.85131067313674147,0.95873991532720393,0.55717641114733674,0.3216487010666258
1065,0.36488530473479769,0.79975424499289371,0.53747357805845464,0.31157495069118696
1066,0.029996350538276605,0.75616061761874009,0.52306004951191487,0.30670411751920212
1067,0.57933167912458305,0.49085267931265991,0.51788583899817309,0.2917684017937513
1068,0.29186368268985535,0.27060309474469396,0.49166881873893492,0.27462140005213803
1069,0.65345306967193029,0.47094825253767197,0.51745299907649933,0.29048849487816031
1070,0.69952405461025191,0.040897312770306594,0.47597968282947328,0.25708520921181532
1071,0.43735590610409858,0.94333214054991266,0.549180977608138,0.32044707637792935
1072,0.49645321054667002,0.83295283869210401,0.54281523569528078,0.31395264335121909
1073,0.62270250049825993,0.94084286982548659,0.552625836293829,0.32056473740247204
1074,0.55344744911346355,0.37915115691927498,0.50763304816572064,0.28371631756478743
1075,0.031544000950327611,0.084656098130659663,0.46426130121756742,0.25755351006880506
1076,0.78180749976000519,0.7635295629104949,0.54259931721522003,0.30994577173929905
1077,0.10935727486653488,0.07311221989389742,0.46599204572247421,0.25732634801436682
1078,0.31963298180917044,0.21279279131678633,0.48676185888741419,0.27021672056148516
1079,0.91850203574813216,0.42661307298358303,0.51724205593151307,0.28755307892128323
1080,0.55679546033643423,0.15658240168696502,0.48615497323096574,0.2665065659612047
1081,0.0777969444725779,0.81318762283761759,0.52922903809426702,0.3107646175719499
1082,0.67469966081964095,0.96977613726091805,0.55541456616028595,0.32227817579559176
1083,0.30452938858884154,0.29802198330353713,0.49461347533464411,0.27679611080936889
1084,0.070105398947012149,0.62194751341462839,0.51463104421587214,0.29834548027471691
1085,0.54948960489662135,0.055573596049926711,0.47519403267154031,0.25803361194005037
1086,0.20930796682134969,0.4997107303874917,0.50976686408957683,0.2910449100870649
1087,0.49384747829557163,0.6481631680865888,0.5290307907009052,0.30224938017434955
1088,0.68415569763715611,0.15573397513398668,0.48817121623002069,0.26669286005837661
1089,0.027279520709055944,0.87643744323052242,0.53148925191802876,0.31416716450977156
1090,0.0032030795807833786,0.19746333757039394,0.4745546126682828,0.26653618249773536
1091,0.78383518664935836,0.29484571740928806,0.50346062175898776,0.27776532749828903
1092,0.1572614082247368,0.49634059293133909,0.50775582743340475,0.29045542920692785
1093,0.29712022665337429,0.51204211793394061,0.51339115916900313,0.29238487024243875
1094,0.36128182742971693,0.72606111434303466,0.53197569065420347,0.30692218780296571
1095,0.25113862364612288,0.87126851734021915,0.53941993000058241,0.31550629091311833
1096,0.2668366662287503,0.75639153604927711,0.53166969932969577,0.30846357699265226
1097,0.55186314562343763,0.95674150496107757,0.55242555477943767,0.32142430327999072
1098,0.75622005540983517,0.4382549301637686,0.51617852419102817,0.28828805650399081
1099,0.67995056549439914,0.089666752354300119,0.48108134448641476,0.26121307740737892
1100,0.15012548845644344,0.66228816083279674,0.52082509659752396,0.30169245672914635
1101,0.9568955117034843,0.7819074070756673,0.54611551197759145,0.31107723632712986
1102,0.76866762031988478,0.074144304795342036,0.48065059787614395,0.26003615397554369
1103,0.25070626281081937,0.669801261684706,0.52468686812957388,0.30280928782173039
1104,0.69877170191969495,0.66563952534365245,0.53401834160854378,0.3036837143661108
1105,0.3211954643342062,0.88682080311599421,0.54248762073728185,0.31674541612776275
1106,0.97250083083327632,0.62391198368103939,0.53431718806285367,0.30104413990249734
1107,0.12357887325427729,0.19928007903142134,0.47950151938993946,0.26788535836739791
1108,0.84559756535625785,0.35355508728722346,0.50977248831939515,0.28221408089273048
1109,0.07755487544111675,0.27489457724714889,0.48510852542883715,0.27343685461171063
1110,0.21747587572984631,0.5878722542768926,0.51724529772399674,0.29717045824686239
1111,0.43247306418634252,0.21185976932648337,0.4893261065139845,0.27059941697059314
1112,0.55502534795607217,0.45517532698191937,0.51438555284865528,0.28920891729537507
1113,0.35728362178424139,0.8786143419403234,0.54285824509607206,0.31637632046450836
1114,0.6641658161759959,0.99403557696571809,0.5568488558882756,0.32367037826597883
1115,0.28489178399072262,0.55192544443629454,0.51634474113325601,0.29508383568743368
1116,0.58388235102723118,0.70442248899830739,0.53507360827662531,0.30605697609750843
1117,0.35806667556759209,0.89824485896389239,0.54423349091898743,0.31755876319865473
1118,0.63957543049323151,0.060971677408379041,0.4773075897462824,0.2587014476901015
1119,0.33420909022748235,0.11167653823514702,0.47675620149537451,0.26203424173544526
1120,0.074082771818491169,0.029672297145903578,0.45999553945785465,0.25325928304872319
1121,0.35264793618124679,0.4784793077228009,0.5120186459057231,0.29027086614722597
1122,0.87759642904674406,0.57779295097250727,0.52952804904839712,0.29798594519915467
1123,0.49034151306055718,0.5449879427032196,0.52070254463922572,0.2953272188316457
1124,0.46750115289342359,0.40632345113422491,0.50837629267699236,0.28548900080951778
1125,0.059481951257830956,0.44349158807402711,0.49956672505290278,0.28585171294332845
1126,0.85504682860848269,0.99645901174208851,0.5597170560497593,0.32381152314256256
1127,0.30732992170335494,0.76982766697682681,0.53379914447315768,0.30949175842986559
1128,0.72547929826172775,0.020314779350406025,0.47401995355947107,0.25533932049658159
1129,0.66594423455266516,0.67232242683599475,0.53401793069322767,0.30408758659408769
1130,0.48599320918266897,0.34040898386194607,0.50278619837846761,0.28068003398701641
1131,0.50675050727933413,0.20903596439050745,0.49056505750302559,0.27060288580847652
1132,0.51707238282585755,0.7357807343569468,0.53616800422738264,0.30794560539607396
1133,0.11621075793317287,0.63146087987463695,0.51719306071364635,0.29938836450054873
1134,0.15683686310170453,0.37135306306778221,0.49689756697980081,0.28142365483589538
1135,0.24232921980473912,0.76997577944836815,0.531933917986671,0.30919907997017831
1136,0.82034232551316966,0.91204672881899174,0.55362840188827578,0.31893322463318657
1137,0.29840131661052582,0.47102479566080729,0.50996392085235698,0.289507381162872
1138,0.81675474008444005,0.081366827884537626,0.48207484763626174,0.26070660599279205
1139,0.41161399988903435,0.36742977350038708,0.50366477639057405,0.28246175349967834
1140,0.38863809087254342,0.73612726686001995,0.53339637164853249,0.30765350741228376
1141,0.098008773362555077,0.10091653502607952,0.46853749173063514,0.2595820018764895
1142,0.5477688729449991,0.023252442885620988,0.47153933419605609,0.25522861578736233
1143,0.40010908099889059,0.90494372209239526,0.54571956135825106,0.31808257539094165
1144,0.8251800787340966,0.7848767643699307,0.54474086326905524,0.31127605637169858
1145,0.1590623930614791,0.35142131057340886,0.49517346013049734,0.27995495036449891
1146,0.047317774222337176,0.16245701787354191,0.47293273004422004,0.2641924544051461
1147,0.22276670418683206,0.26277493939594138,0.48894360310682405,0.27362330859135159
1148,0.37032951357277344,0.30491944252758985,0.49692491107834746,0.27761368893959693
1149,0.82918950072118314,0.87973343448246599,0.55152217303443996,0.31702125679473453
1150,0.76642823320279141,0.95531529457858999,0.555818696935654,0.32146121170721736
1151,0.1708356493400992,0.43452620016912696,0.50294943738038222,0.28614889606233318
1152,0.36767949226679053,0.50413353025297403,0.51456003184594501,0.29213020501882875
1153,0.62390778757437371,0.12531208694215165,0.48402695211815355,0.26408518822292515
1154,0.91503644826301611,0.57325759987508651,0.52960939513216398,0.29768867212687089
1155,0.23415298612070037,0.81872761671174099,0.53520090428940303,0.31220067626643638
1156,0.11344317392416997,0.15013943255859194,0.47419588510721433,0.26380973255415024
1157,0.89454360074281003,0.27857550240274287,0.50330705677059373,0.27661203304117266
1158,0.29047534553547161,0.52263532761357501,0.51408932087709902,0.29309008084543153
1159,0.33446177919545445,0.26217547356578286,0.49197138521957773,0.27417100516042431
1160,0.69075248459129368,0.32882838342493637,0.5053232930992031,0.28022123632229939
1161,0.85274213690838074,0.26659090242768874,0.50163810458253899,0.27566475319926553
1162,0.25312091216068949,0.14862680582377361,0.47847943077236027,0.26467684993148222
1163,0.11777218810439809,0.73042262182560524,0.52478415911887966,0.30587271178194486
1164,0.3736387388772448,0.0037386556213139556,0.46582047486622674,0.25292702584731475
1165,0.63732073563291924,0.86456848253099017,0.54764086891551655,0.31605185055254009
1166,0.36475235796793132,0.40881558219023284,0.50627090379931805,0.28532629038707924
1167,0.70386051057226728,0.60903151333773275,0.52965857936663896,0.29997640800587222
1168,0.28470339307332182,0.64177442695122444,0.52350716524152074,0.30113344236992634
1169,0.27443954501556,0.31390765181892788,0.49528306082123236,0.27785446649248874
1170,0.45389751716122267,0.41331848284254086,0.50870856894327376,0.28595746390943616
1171,0.27682602512406884,0.24352410189079821,0.48864426584653831,0.27243063280693097
1172,0.51812132801677802,0.86083245626381832,0.5452145674468083,0.31568436464667127
1173,0.8192427160875756,0.83803506949971207,0.54847298403616462,0.31452110611022394
1174,0.76054795085914673,0.07543155813988997,0.48068207640805566,0.26013437729868311
1175,0.88060842333432521,0.7445160089009325,0.5424798622892022,0.30877049933987666
1176,0.9244229557011393,0.15507783075059997,0.49125921204435269,0.26690588548934036
1177,0.20066927889684449,0.77132773727556925,0.53071666783475235,0.30905146430994818
1178,0.44769998849298576,0.84960549447612144,0.54296050221524939,0.31486708439430505
1179,0.2941076972209965,0.45999666882735912,0.50890208431689909,0.28870296632578102
1180,0.72226103260467067,0.81764348357209238,0.54566510145176328,0.31326061613924711
1181,0.35502772203040078,0.075283305655757443,0.47335477348683619,0.25905617235441764
1182,0.061100638097024061,0.84046512901257964,0.53046433752094813,0.31230083310372431
1183,0.59228375472306516,0.3482519891789998,0.50551197928969216,0.28151119088439175
1184,0.42978722138047454,0.90254049423855043,0.54623967697663278,0.3180139433228682
1185,0.10530636040711543,0.11136628769753734,0.46989739252245716,0.26052375637201358
1186,0.67452475601396289,0.57876857647128632,0.52677461842169537,0.29792779127257385
1187,0.016694898222072516,0.48445023652516539,0.50119690359815861,0.28831936571237793
1188,0.20036604210858933,0.35414936688375892,0.49678060578278227,0.28044836538123891
1189,0.70516963359470253,0.74034409500792397,0.53977489499809028,0.30845960848918447
1190,0.21293810761395143,0.66335040127005196,0.52302429568660413,0.30217607164388893
1191,0.66663357890249475,0.64662253017529148,0.53203798936192326,0.30241679968013097
1192,0.59617737636001555,0.43570847221376613,0.51343280487237508,0.28789905648506481
1193,0.54356300050715212,0.74267215697049405,0.53719397013490011,0.30842764678956325
1194,0.17715981981462101,0.217905546464643,0.48315727703996769,0.26978777144362959
1195,0.085288313735753768,0.95462535423733064,0.53929469619143322,0.31941723247534748
1196,0.82228848665730336,0.78685084060592347,0.54484630919699051,0.31139750271021382
1197,0.82201511254120863,0.47518364747025771,0.52027445935983618,0.2909429333887999
1198,0.90172474256778379,0.1437093381032464,0.48980632813691299,0.26596399230823514
1199,0.5885660764286178,0.95031941341775239,0.55266784970700611,0.32108923390538996
1200,0.92838090920260874,0.14010064857768595,0.48973143481556408,0.26568826736209306
1201,0.94471294256792182,0.17694389361335197,0.49375533837242502,0.26868351460967965
1202,0.75742299155782677,0.96707400922143139,0.55647543196111182,0.32214110377882349
1203,0.085128375939920078,0.98174095333443256,0.54108845331551525,0.32101341209114442
1204,0.35433520406278551,0.29446172823446104,0.49554990906861884,0.27674920181684681
1205,0.46915403497888475,0.23999855212249097,0.49288329491937394,0.27294004625243679
1206,0.681063206445647,0.70193046644666468,0.53651914959331048,0.30600534776394023
1207,0.60505367997452852,0.81726257022594806,0.54374723201320385,0.31315000763564038
1208,0.19055758554321947,0.60018800908365522,0.5173588017341646,0.29783495687267558
1209,0.96997792614767109,0.53399186813699784,0.52701090908720116,0.29504217956432477
1210,0.048046162506204568,0.20841378060657298,0.47753221941859147,0.26791158704277834
1211,0.17481786917202408,0.86460544834049657,0.53650018092808383,0.31467397468176844
1212,0.32046807548446815,0.042206899875763343,0.46888635937085871,0.2560540314397115
1213,0.22827588937348919,0.92394824481749682,0.54233715324364473,0.3185588893056337
1214,0.19541781890610002,0.46495237332015532,0.50638067392839448,0.28849854554507559
1215,0.31058832532860103,0.599406455251982,0.52088310267918436,0.29842574033385788
1216,0.35634428534236506,0.4867980862440891,0.51281755991900246,0.29087176374697465
1217,0.21238932302844479,0.28137965143671029,0.49040168989416305,0.27499999808563586
1218,0.56465632067437976,0.50995227316349045,0.51923089186259097,0.29307118868128379
1219,0.9714574324266636,0.98630598007520898,0.56041064231479598,0.32317521411351757
1220,0.79420198982661827,0.24872045852887678,0.49913713123754705,0.27423213454588158
1221,0.74114606968328589,0.30725877730028006,0.50404375152575287,0.27866088816431389
1222,0.5758676568140626,0.80235291888146898,0.54215746015711541,0.31219891275051465
1223,0.83638102567977046,0.79027143291198887,0.5452775198794384,0.3116089972124243
1224,0.95333575045989127,0.19425051065472654,0.4956233302530203,0.2700711969622529
1225,0.32682750392496823,0.30769542115196824,0.49610561021714256,0.27763959543449052
1226,0.083261807126377249,0.62669745044653535,0.51553729336131426,0.29878572454353541
1227,0.06306578882382019,0.12575208739255322,0.46981168770013276,0.26132914122029594
1228,0.57950707120395961,0.64356921134827427,0.53031715455067585,0.30210702553638435
1229,0.49209985221874669,0.75484028374213963,0.53707725163357933,0.30910065963146771
1230,0.47813927532160888,0.88162813127144479,0.54584913197820684,0.31686588378514563
1231,0.64169153201273876,0.64185732984723298,0.53125927010232588,0.3020780882699704
1232,0.62851440108680401,0.80844516028770008,0.54351841659861444,0.31263286506269933
1233,0.0093205860487767505,0.31873739604967416,0.4863418827203268,0.2760795312666825
1234,0.2031321564404876,0.11295566262594657,0.47330077749819299,0.26140809717964053
1235,0.6619410796041717,0.3730566719663912,0.50894506441829968,0.28346217467263285
1236,0.1774277736362419,0.43242131548594914,0.50298771327542591,0.28604331031744734
1237,0.085301390066358729,0.3422784754945547,0.49165717397619524,0.27865367625933524
1238,0.77505250039276441,0.71734159878537762,0.53907402459799991,0.30704237857261224
1239,0.58229545105266156,0.95931618696263765,0.55315747597391685,0.3216074669639134
1240,0.2871146903561545,0.6229242301308433,0.52209898110549557,0.29989344139498264
1241,0.1463961859080824,0.89332807401352343,0.53748592215247026,0.31622637248806346
1242,0.098575731621135504,0.71933740664186197,0.52321813138389861,0.30500099205202619
1243,0.7496373023442342,0.612400584747817,0.5306043609399983,0.30023419121754824
1244,0.2300968954098993,0.51862431797691388,0.51199364893242061,0.29249204973720005
1245,0.054118736750318204,0.048496240409265742,0.46129072138304722,0.25469643136073461
1246,0.072970692437014081,0.58822023082080999,0.5120862914873624,0.29609902455537906
1247,0.53392868944035143,0.82485390820488114,0.5429831650401572,0.31352139598534617
1248,0.19684651135170134,0.21851909627678107,0.4838451125820093,0.26997338652799352
1249,0.94556168788889194,0.96526753411333777,0.55873296943805795,0.32198594586240242
1250,0.53533197136336241,0.86702336430082794,0.54598297920235439,0.31608469634704606
1251,0.082929568103270138,0.64490224874339763,0.51693933403683168,0.29999495223733569
1252,0.3192796117440681,0.22274321742205649,0.48773800432511105,0.27100540019599373
1253,0.023598241213767322,0.59156650265738142,0.51023884763758365,0.29582005669542272
1254,0.70227590602670098,0.45276347467174061,0.5166505997423182,0.28926470349570882
1255,0.30180602536023365,0.36378764366266553,0.50062124991106993,0.28174121450683937
1256,0.41597396792020885,0.92290275154485135,0.54731497304813681,0.31919131517591715
1257,0.088785389829345515,0.041040764646383468,0.4617829051203643,0.25438490517698603
1258,0.16923267036635664,0.75682966080437186,0.5285979001010237,0.307935079214325
1259,0.99503261035418844,0.097449190901534172,0.48588570990894075,0.26220417187455819
1260,0.90694152878500756,0.64512170311278894,0.53523531021299331,0.30243115148494765
1261,0.48366877626910576,0.56387466423794397,0.52211104964928379,0.29659888823257757
1262,0.71340436145152197,0.50179204368850916,0.52101467348932307,0.29271318030650612
1263,0.83790120697825921,0.38529591730119434,0.51256955442053198,0.28453662787328909
1264,0.44450629061610669,0.78244389417649951,0.53808666008003403,0.31072405199005648
1265,0.47581643853228306,0.79635971708312858,0.5397687970755447,0.31166005044900064
1266,0.67276874772022721,0.43600394365909745,0.51473215709966713,0.28803680227202105
1267,0.70183845907192444,0.27678475803184555,0.5005568655523307,0.27628965845295317
1268,0.11420224674289349,0.52351440615764588,0.50845873334457525,0.2920190842488814
1269,0.19906964581116335,0.81427264307226288,0.53376372016851126,0.31172801735133604
1270,0.62835495048846357,0.68542093999116915,0.53440343271069612,0.30489353920701046
1271,0.023284372815361713,0.057043892971484461,0.4609801564267535,0.25510701518678541
1272,0.65003944798508895,0.68761543397732305,0.53493197097940537,0.30505848786403233
1273,0.0024715588616556487,0.75204452404320477,0.52149051701940752,0.30613427797874965
1274,0.1145904171568458,0.48162380168599778,0.50497915460849063,0.28908107833753233
1275,0.94838961984069325,0.50913310949151636,0.52469350512111645,0.29334029890495034
1276,0.36469595112487441,0.93956426077658539,0.54721243881608539,0.32003552768815702
1277,0.98290023097275991,0.73318089688332988,0.54281392922056515,0.30804331331953916
1278,0.75910882715812189,0.1569597892989521,0.48938445957803445,0.26690106340807074
1279,0.41543785809389089,0.5565943378556869,0.52003479084039261,0.29591493067544589
1280,0.83065561935160082,0.37670948889685102,0.51169877466519686,0.28390541449514667
1281,0.53424088698109851,0.25365289812263803,0.49549738089633777,0.27418539599383712
1282,0.6653654447257169,0.74193588436449642,0.53927005845469933,0.30852997417030076
1283,0.86467116970276692,0.32099263204560846,0.50698256835987354,0.27980376457901052
1284,0.1287077391341678,0.40001661440326136,0.49845816498501999,0.28331813503797343
1285,0.13648477525460767,0.43152370531809287,0.50149517353162332,0.28567431037243518
1286,0.089554782751866152,0.49916877786103875,0.5054912752172146,0.29010073504184491
1287,0.16954013259619241,0.99276549594082175,0.54499295087681976,0.32227777398263119
1288,0.31751704750695497,0.30094695496537022,0.49523068429496514,0.27708182557584599
1289,0.43593693402231437,0.014096846905432177,0.46835176088044717,0.25408236676194801
1290,0.49007642753330294,0.097011709250637804,0.47861143202390638,0.26139080136447645
1291,0.36192909607413459,0.50512154894281414,0.5145012931709142,0.29217742320036633
1292,0.65433364441100272,0.76967385085705908,0.54113624427132734,0.31025769426500238
1293,0.5303909531663521,0.96098224357228035,0.55229877675724537,0.32164400310955615
1294,0.38017097008362183,0.24277306337648771,0.49120044856366107,0.27284852940825416
1295,0.54980974947415528,0.99422803832947981,0.55487153132996747,0.32359278295647548
1296,0.56979056723999089,0.60456470931499506,0.52706312058823623,0.29951225901383949
1297,0.090388095268059993,0.69639164833802503,0.5211725385204361,0.30344420270467193
1298,0.10052076489879984,0.89955875794544127,0.53617951872938763,0.31625420597590326
1299,0.25275354139105188,0.75389235425140944,0.53106944022599545,0.30823606838952644
1300,0.38778522580853902,0.93324467201576333,0.5473520094501737,0.31972943029917955
1301,0.70591139162195626,0.95292806020885479,0.55477529138424531,0.32131283071193495
1302,0.52884691629438896,0.70843979073216912,0.53434904908144509,0.30622595126814373
1303,0.51872916433928773,0.97202361276728344,0.55280561064644274,0.32226976345017488
1304,0.76345747432248912,0.71662255902251926,0.53885727247019544,0.30699213928440849
1305,0.47747863617142433,0.95951058132905753,0.5511332381617744,0.32147506408068227
1306,0.94480965271607287,0.90727997620435197,0.55481675367197114,0.31861740913971159
1307,0.088321750276966496,0.29732283155751649,0.4876316441455314,0.27526725441600453
1308,0.19522237562061057,0.38285456972691467,0.49920296691609117,0.28254572293048302
1309,0.52259497894704121,0.08352681977663888,0.4777728703461866,0.26034616215683548
1310,0.64090784849539639,0.52212757154403955,0.52157815654982043,0.29403425232212327
1311,0.0096354232640122068,0.52539132572842062,0.50426983075146692,0.29111338828376865
1312,0.31486823538671016,0.95756236653547966,0.54712459877722741,0.32092785191329848
1313,0.008570903665281366,0.28835466402234744,0.48349823360156624,0.27374623526950909
1314,0.22497306718545734,0.95311127860833667,0.54419905966803772,0.32027038076868075
1315,0.040942482875857965,0.13765010746117914,0.47015471441578283,0.26208834518852658
1316,0.21909388205740835,0.22971751302835766,0.48562924980020333,0.27100668390918004
1317,0.54818646258324155,0.29660822955569022,0.49988911209980774,0.27752808460227768
1318,0.81742400720153241,0.67088611075266968,0.53611363460366701,0.30408599487428634
1319,0.70696218417378853,0.054428716957347939,0.47760298765324016,0.25826274146237405
1320,0.05872424188869773,0.22105620485682739,0.47919888114049941,0.26902808836260367
1321,0.96234540881129216,0.29703437975452984,0.50585311322841287,0.27804885481309277
1322,0.43937135199367766,0.87854350353827471,0.54479859639880945,0.31659841068048827
1323,0.46424879037971845,0.95379057476454188,0.55047042603614282,0.32111610225891041
1324,0.029546815425681418,0.37235686948621882,0.49207832458686729,0.28033648456654331
1325,0.74480799653191354,0.70776054697049551,0.53792246689892498,0.30642016445080095
1326,0.22208141636318762,0.61496834343370288,0.51954298804979671,0.2990214402454886
1327,0.51377676997309318,0.39918972227635097,0.508678300709274,0.28509120406209548
1328,0.056852444889617625,0.7229991785571096,0.52178642507413875,0.30485481620650051
1329,0.54106621920693432,0.97040850936594658,0.55313187316675172,0.32220597542108664
1330,0.81055549538963245,0.78925662329286572,0.54486573552385476,0.31154444219317079
1331,0.58334915957929334,0.71520180867424943,0.53587738359956338,0.30674489383936271
1332,0.68148449733842864,0.43907224458073035,0.51513756075677153,0.28826688228209352
1333,0.17922300087510376,0.16070835933020572,0.47749808183051545,0.26519141556732928
1334,0.73972237127785345,0.708816727049707,0.53792837914528868,0.30648471279556661
1335,0.66404600817799808,0.47255965749364115,0.51776199868394179,0.29061584779165733
1336,0.14456490159662208,0.45900459681273209,0.50414972991285978,0.2877128105004112
1337,0.39669855867089937,0.92054259703088326,0.54670371894594083,0.3190016283328781
1338,0.62896405736707384,0.3083702044202597,0.50241788526009123,0.27858451364466386
1339,0.090922442494088318,0.19065268450631995,0.47745380366012696,0.26690564893956037
1340,0.92510265317700113,0.29296632520124549,0.50504597796444639,0.2777244719943186
1341,0.22526266010367546,0.66482755356727874,0.52352692882816521,0.30234463156909114
1342,0.70275252003608035,0.52498439970050237,0.52279833962721567,0.29430319443953745
1343,0.87989223525760463,0.84401005501874027,0.54966354769368042,0.31487640226695185
1344,0.017386522208072713,0.38762143852495357,0.49289925055403533,0.28132972558312541
1345,0.19886602375911316,0.24563950141937241,0.48655598624541518,0.27212926109016822
1346,0.29666765242315596,0.11248500431905269,0.47588895891939698,0.26191841755171136
1347,0.88288895740107398,0.35668713045563782,0.51052221286846289,0.28246732629837634
1348,0.94625219885114353,0.29077646186918721,0.50507628632862001,0.27756803808658764
1349,0.84469313506329202,0.057672194690431937,0.47980486984208154,0.25872377129607699
1350,0.50447427133476597,0.3846531912728795,0.50719162040088706,0.28400587253114462
1351,0.87397056850540689,0.68974599765549649,0.53828045000296609,0.30530692010884303
1352,0.05121249844251434,0.53181241162001391,0.50662696073599844,0.29201310786434986
1353,0.44533843675703977,0.2298417662424152,0.49138598478640272,0.27206635525620926
1354,0.34217941961310572,0.52088490537385224,0.5153212887177272,0.29319667377742203
1355,0.77478331540002254,0.038622621250746308,0.47677371610595271,0.25700245517427756
1356,0.78455209893219879,0.62203409858223746,0.53185879148168658,0.30088978746746531
1357,0.10989404567918974,0.25191417437620695,0.48414282344286991,0.27194104198994451
1358,0.91692239820373944,0.9830589747443913,0.55958317313338901,0.32302068832947706
1359,0.16987464742370648,0.30451337536923823,0.49121746243503261,0.27648681123484398
1360,0.53309211465580153,0.54122075998779617,0.52123938373552314,0.29516425025288728
1361,0.5825612318794825,0.21997773433005205,0.49305520857008689,0.27165575074776971
1362,0.4741917704471969,0.31339069414309928,0.50002954541174338,0.27861236468425477
1363,0.91775852193500618,0.14474290346071358,0.49009993286644488,0.2660601342326735
1364,0.17604296343721218,0.60310553601755534,0.51710472396364715,0.29793524693041762
1365,0.96205165326761788,0.18344504020494642,0.49461451263883766,0.26921404424274598
1366,0.57373194349635159,0.0816846332021407,0.47849156069989651,0.26032136889997542
1367,0.60401424295919715,0.19589109988528072,0.49100608113437122,0.26978625659869232
1368,0.68531652366974161,0.39882036033294865,0.51163613618267856,0.28537572543098289
1369,0.72772003537107954,0.92502234213332413,0.55322166690825525,0.31968928770299981
1370,0.85787500208272827,0.22950099492099835,0.49805638293300691,0.27279019046196429
1371,0.46097656329233433,0.34681456188819137,0.50285976759727768,0.281087273912425
1372,0.995988684659882,0.80445998397088847,0.54817194764643806,0.31244426160517891
1373,0.47777007499787727,0.51436822622801415,0.51790381526585694,0.29318644463290311
1374,0.30072257734442831,0.21670594877126859,0.48665745613946021,0.27043578639855165
1375,0.92001616453804314,0.67959629638862096,0.53805631082373828,0.30465731627042597
1376,0.078628089141135574,0.75797695237410956,0.52527486785027633,0.30729859618623323
1377,0.58048958494946135,0.11625119291961893,0.48233384110346728,0.26323959911604317
1378,0.53293257942047212,0.7737135248104926,0.53927529828145149,0.31035879571778024
1379,0.70125528544300475,0.23649699082575973,0.49661732146306031,0.27316649594163428
1380,0.88890328989193079,0.54646277774247576,0.5271068206128029,0.29587865301277227
1381,0.3076580599166337,0.70865669063242387,0.52926878829071045,0.30560026658679984
1382,0.12536224123757567,0.45961220345186304,0.50351000476670993,0.2876042456606529
1383,0.72333700516097021,0.19168432374716504,0.49245087550690947,0.26965317685796164
1384,0.82654214802299397,0.26281080088022868,0.50093863485012036,0.27535250305473563
1385,0.99304586325940913,0.60784537796493388,0.53326558906406485,0.2999858895017965
1386,0.8619491383972927,0.15124919239577139,0.49012371523006204,0.26654623632352709
1387,0.54499851304370683,0.69953708021166972,0.53398551959120266,0.3056834518265592
1388,0.53974612561193069,0.53478988220017643,0.52083533651781178,0.29473677376601315
1389,0.79569471780959289,0.022030611317849256,0.47516466425139625,0.25558938175926516
1390,0.028242311655252709,0.29876195706693692,0.48532660894232355,0.27476994024266616
1391,0.80764253030136468,0.85417101984681798,0.54945604910172907,0.31549326686991708
1392,0.45090994030759907,0.22095096798400629,0.49062397960536008,0.27138207342968279
1393,0.70722705193316804,0.40177694693572125,0.51223553032047853,0.28561710799437467
1394,0.24390506798779826,0.033199958537810013,0.4658704380349426,0.25485831554862309
1395,0.27784801103797507,0.95091667431344984,0.54564568761640242,0.32039023084574081
1396,0.078023898509412534,0.54753816032257163,0.50901766584654862,0.29336336916262851
1397,0.76940046074957358,0.032580993813148239,0.47601868666342262,0.25647199054002723
1398,0.80989360305940505,0.073850388257962196,0.48116094010052929,0.26006263576795347
1399,0.83745175025063801,0.42965484104106438,0.51651944248093273,0.28773403534060144
1400,0.4584164327312843,0.90282039106228629,0.5468905928543123,0.31809414577699568
1401,0.78432292681698457,0.65666815950697066,0.5345681472640017,0.30315403156467735
1402,0.17855864056743451,0.67555334974160652,0.52282986517889962,0.30276062002777598
1403,0.43407745504773926,0.52601836579764494,0.51793650085824616,0.29387228043422697
1404,0.21032665741728854,0.69658567177563668,0.52547719824917105,0.30432985810329322
1405,0.5973818896246027,0.26772213700067948,0.49799949249848513,0.27541682295956565
1406,0.098818645062542051,0.98960474314711755,0.54215662379845175,0.32158748258827657
1407,0.75430105758643484,0.40485643001218563,0.51319922280537289,0.28588976683609635
1408,0.98185916897360004,0.038594498226081492,0.47921781877626268,0.25720204493321125
1409,0.10831469683764736,0.5340575796692516,0.50910309346188509,0.29270173165970376
1410,0.36730205082000467,0.78821898774647858,0.53670011497988446,0.31086508726222961
1411,0.25786190126092406,0.46434414848381422,0.50824875587196572,0.28882745415814809
1412,0.90993002656312894,0.87369117265971152,0.55210078812249663,0.31664549497736005
1413,0.88184150834319885,0.5455219826279557,0.52694352148231205,0.29581312664833387
1414,0.01604473106280202,0.71958917389941635,0.51972857561006958,0.30420666874660296
1415,0.20267964286346687,0.24112236143933843,0.48623717906834257,0.27179974696625181
1416,0.38301840712999691,0.49032233770099704,0.51376749837037683,0.29121944657400922
1417,0.27548993533543548,0.80907136667083257,0.53574556546046215,0.31180499136514744
1418,0.52645569803178083,0.66463754446284151,0.53095830971908498,0.30339315069005468
1419,0.23802923524364597,0.13582671529656509,0.4767245652190778,0.26353229781012733
1420,0.80741966447614832,0.52346686765296624,0.52416493591344671,0.29427940169345118
1421,0.48304700908620146,0.5756021009701886,0.52304997541827936,0.29739202807770426
1422,0.23282243614665932,0.73230106728813849,0.52886554084514803,0.3067573476634981
1423,0.63434099521940812,0.48439554035622862,0.51828864223857918,0.29140550841839702
1424,0.62662980293979642,0.24528010787729873,0.49630688924083444,0.27373082835793489
1425,0.4305641277679359,0.18545026555062505,0.48662837454917374,0.26847887045989016
1426,0.24443242292307552,0.31122834064931376,0.49417375632419369,0.27748392523755222
1427,0.37116235287360616,0.87544733731868918,0.54298512854039005,0.3162290555186415
1428,0.63585068383718613,0.41213403039159024,0.51203019564757379,0.28626980811128311
1429,0.80795737090621844,0.91927276776443467,0.55395680887255339,0.31935865611212361
1430,0.7061801713186433,0.56916423794425797,0.52648685696672548,0.2973127724841535
1431,0.51463623803058878,0.51545280883720845,0.51874052588978925,0.29334999907042059
1432,0.73615346004836035,0.94742028791866029,0.55485656900782332,0.32099964720895463
1433,0.93040438034228279,0.68873961210084378,0.53887601242118677,0.30524167446880945
1434,0.08485727594025666,0.78004722801669268,0.52713505456887833,0.3087513611326706
1435,0.63315954891891446,0.73868716061952289,0.53849963919597077,0.30829480698551354
1436,0.028444605873816184,0.030814227512420623,0.45834770128365615,0.25289491405813885
1437,0.98933887396437359,0.63315753277823095,0.53522847805372287,0.3016462457554604
1438,0.39382789771998072,0.50504006175944816,0.51526461081848418,0.2922873526262002
1439,0.86003916295537497,0.65060995980716552,0.53509174625858325,0.30278316099960545
1440,0.57790375259636206,0.98830050837119354,0.55500056062115077,0.32328122033027124
1441,0.53946449489662185,0.54468459517938328,0.52164664928323079,0.29541416963249023
1442,0.092845572531188386,0.50051597290100769,0.50573252908789235,0.29022515291589579
1443,0.47031970202616652,0.1910618861693307,0.48803097777525956,0.26906027394673404
1444,0.38384761138715551,0.95516839428019018,0.54873170180014263,0.32100892855851149
1445,0.66120284468223112,0.97241221551314239,0.55537384697853598,0.32242436672502356
1446,0.6341698859650059,0.80557741285407691,0.54340755739279323,0.31246190654400091
1447,0.82710311615838439,0.78509564727485415,0.5447818639975549,0.31128970471651585
1448,0.78238417613682099,0.064232518279098441,0.47973908388514913,0.25921111856489226
1449,0.92887596139464301,0.92910733961291847,0.55611928787249143,0.31990134460966763
1450,0.92997074567779203,0.85432845541524005,0.55098221790161439,0.31548290058538409
1451,0.43967419639484728,0.12344954700429227,0.48040676153111,0.26343869074101722
1452,0.19925203046969839,0.92824654064717471,0.54169551711388964,0.3186563730289575
1453,0.76550867118065946,0.54569294183574391,0.52543324928896795,0.29577112578992892
1454,0.19088318196445472,0.620840684169915,0.51900167052001867,0.29922304784869252
1455,0.076970556706108625,0.91704148661274232,0.5364221937373802,0.31710501502219862
1456,0.83692985347913351,0.40782282393322095,0.51457879506048942,0.28616785773682535
1457,0.36714112541448563,0.20687023514407921,0.48734610241706505,0.26995553277647683
1458,0.68429450128540636,0.2235512229233631,0.495076228001253,0.27212483147454086
1459,0.75648320578151618,0.1944209369746619,0.49320015893129254,0.2699152393692012
1460,0.84476283352890746,0.070934286344831343,0.48127763395991219,0.2598536153980564
1461,0.32385776213809153,0.26840432971344563,0.4923007549026725,0.27460633694781694
1462,0.58899982203358092,0.5546376501440653,0.5233752142823932,0.29618228589255885
1463,0.96432498963276159,0.65326180705177828,0.5365267663886627,0.3029564552653447
1464,0.45319695752047706,0.11866419572498417,0.48018288185958735,0.26308643884133304
1465,0.53659532583601544,0.99300638738834535,0.5545397579816379,0.32350661836980332
1466,0.85772525092909346,0.48237864245114614,0.52134762581042138,0.29146328493236495
1467,0.38989130183510717,0.75512957374866818,0.5348330630939746,0.30886096315419242
1468,0.9720121460856056,0.32506963568091157,0.50861062483274455,0.28015937473205987
1469,0.2807638222145033,0.031614550989598506,0.46669391901276414,0.25492977543795026
1470,0.16264982079995097,0.3652523520903313,0.49654704242324654,0.28101355662800315
1471,0.89852972428138611,0.37786837118911792,0.51264492434602238,0.28402824245166436
1472,0.83611095063301044,0.68485759565447235,0.53742976635639905,0.30498897784780682
1473,0.39514936847422505,0.57501928894488386,0.52106062527083774,0.29710263147281701
1474,0.067448793245165145,0.56558990230668571,0.51004780861581689,0.29450349564489314
1475,0.27305829826194095,0.15310657077244252,0.47949454203286052,0.26515679767738976
1476,0.23472669367560886,0.76931067383683982,0.53165219850883427,0.30911712128696728
1477,0.14593600726678269,0.83347346894621155,0.53329542381794481,0.31256959598980499
1478,0.054373149462568111,0.35694068987147187,0.49174620803632085,0.27945135481928318
1479,0.22356260708711345,0.75981065781506485,0.53060890940357575,0.30845624376235342
1480,0.092443681693996776,0.030602447414037309,0.46077100194438342,0.25351088491842261
1481,0.24826253524074565,0.76724218056992388,0.53191401879178402,0.30905729308353408
1482,0.12243875752032037,0.50520402444127244,0.50724807367771041,0.29080794276068184
1483,0.86402071206447439,0.2327301025343477,0.4984528795371419,0.27304761614164974
1484,0.24778263622814559,0.3659372379509383,0.49929747549739462,0.28161709368125371
1485,0.75249874361491531,0.66065260069459919,0.53443005104953034,0.30339679483041937
1486,0.84516195664402338,0.93423705888694386,0.55545456861488296,0.32022842365003212
1487,0.85805715118387027,0.82248273953424067,0.5478674044428431,0.31357749020586495
1488,0.40169382923034719,0.46687428513813067,0.51221021275287237,0.28963055990050629
1489,0.51306815857029286,0.074037148300546696,0.47655965734253752,0.25951377910637791
1490,0.92321732697937409,0.50899966957882281,0.52439434477902602,0.29332726667068632
1491,0.41885764037786283,0.017552904228575063,0.46838492182612507,0.25432360868481901
1492,0.28241581635336627,0.47691632487043978,0.51002358713522644,0.28984698189470537
1493,0.76361318480906781,0.76737483344731161,0.54262727983020309,0.3101793539460771
1494,0.41819991963462672,0.46249442357517551,0.51221245584229513,0.28937461121128744
1495,0.37611884447733179,0.62335361410669288,0.52446156120667864,0.30028198868672307
1496,0.073226902697642801,0.69821866597823101,0.52061578635780992,0.30340746366279719
1497,0.78207203236449274,0.67516031156535028,0.53596516435192088,0.30434920884139849
1498,0.49626051261065296,0.3571313785789651,0.50453027595217226,0.28195406749470442
1499,0.59672091496075741,0.41146753575283807,0.51130554263913586,0.28615635896248498
1500,0.27100694175992396,0.03739877706958214,0.4670779630060895,0.25537977368628711
1501,0.7559523338938714,0.53318493708773751,0.52426388960630987,0.2949115508498879
1502,0.97744303574975355,0.69888236807220394,0.54017494513256803,0.30588013590172025
1503,0.81401658783637687,0.76301835903123716,0.54299751326954548,0.30992090093455765
1504,0.92732146680335281,0.22546556696855696,0.49847840381937597,0.27252126967766344
1505,0.33589837839262332,0.34527469556947471,0.499823843291968,0.28051759847702112
1506,0.27251134597776694,0.73014022394259237,0.52989154595754751,0.30682094331692433
1507,0.78480702186849671,0.43031866588037232,0.51588042500907916,0.28774579628150648
1508,0.39345118545842128,0.67637718814591641,0.52899940657582589,0.3038261586173891
1509,0.55522963907838574,0.27843382668414857,0.4982833559888501,0.27615240025750154
1510,0.34785276583888336,0.88404996244701328,0.54299476025738991,0.3166728063223877
1511,0.90565308925550203,0.66709355098480594,0.53692565136842851,0.30385382911600456
1512,0.34413149125197673,0.98152338930458072,0.54949142754255631,0.32242897910305346
1513,0.43237134318527531,0.021582334099814762,0.46912586163231917,0.25472634017984175
1514,0.75409422618349775,0.52691909312690843,0.52371669251214348,0.29448121583528214
1515,0.65500043752518256,0.45192019315046494,0.51583574073094052,0.28914607121536806
1516,0.2916492420395953,0.287949132411147,0.49331573654570887,0.27595940788934065
1517,0.33336206909512406,0.15191909553982552,0.48094447488388575,0.26536291481214169
1518,0.51077860821274812,0.59511219873187371,0.52518270406239698,0.29876827510318749
1519,0.60063856141181893,0.44088548846245978,0.51396315977517271,0.28827679572713227
1520,0.89254519308778701,0.067115140328172132,0.48142701919287667,0.2595750289428142
1521,0.55557099537119503,0.96374244232483908,0.55296240575613254,0.32183628597474606
1522,0.022269538844132332,0.007712302838347387,0.45555265159441205,0.25080451654070646
1523,0.51521551218408856,0.74256505790025695,0.53663545417052683,0.30837144235541303
1524,0.83360560344775436,0.84504134059288782,0.54915492945593525,0.31494380338324979
1525,0.38095672816048609,0.64734536695884315,0.52645746927076476,0.30188552896434623
1526,0.57144076244378228,0.8457906776071642,0.54517179154206485,0.31485016429227769
1527,0.19430736162670656,0.53457354074971519,0.51217841858490343,0.29337891027100316
1528,0.45251696566023164,0.14929279118865962,0.48338220364389967,0.26561458912768854
1529,0.19096559413900832,0.0010413295865408145,0.4607269758919898,0.2516936072065854
1530,0.48097620517326289,0.52471300311196833,0.5188330318012716,0.29391041312887789
1531,0.081278544065158345,0.86945437772035372,0.53333056596661499,0.31426401981688151
1532,0.55515394009930319,0.41846550642090152,0.51117814827048969,0.28658157704398496
1533,0.45400209993504687,0.56563102992885983,0.52162765842947256,0.29664214462693261
1534,0.12143425926206401,0.15060105746990304,0.47452672377718497,0.26391556722893084
1535,0.94089186859099438,0.42318700231212425,0.51719687721318175,0.28731500719129505
1536,0.40282890621320117,0.56638861557760978,0.52054140461314047,0.29654200338849224
1537,0.96499447391011062,0.0057536691683693795,0.47527726214012367,0.2543332923289866
1538,0.52784211837648187,0.69135984859996247,0.53303445503297942,0.30512706950973595
1539,0.15741864882613302,0.25443150777806295,0.48605581364599076,0.27252309809345399
1540,0.36608558276089609,0.49764537492062666,0.51397522678904151,0.29167055677619796
1541,0.52601451925953158,0.77607147649779218,0.53931305115979167,0.31049423769713952
1542,0.62133014280033538,0.19626162198203384,0.49133372677062581,0.2698503995063482
1543,0.64737271483415981,0.10322190787818981,0.48204426652619725,0.26229222475352293
1544,0.67345224182069063,0.72615208017259147,0.53822282779903607,0.30754014623398829
1545,0.5479039738035878,0.63262281803853115,0.52887654409103257,0.30133457660611335
1546,0.12280032194097294,0.37256704507496907,0.49580272162782202,0.28124549006108868
1547,0.35879904202510371,0.16408407416880363,0.48281702118070896,0.2664704048769882
1548,0.65889140699742133,0.20194769059434767,0.49251563995023712,0.2703724874680169
1549,0.25189312552214832,0.85090988625899189,0.53801953195249119,0.31427007909470339
1550,0.075702471834898463,0.11858996272465448,0.46955588841017104,0.26085593995501843
1551,0.63944360541213541,0.043525046190933794,0.47536148982414467,0.2572013394131229
1552,0.3036036838630331,0.30670473787266533,0.4954051881039101,0.27745470959715018
1553,0.1271437610955094,0.11265247481731931,0.47080258269892222,0.26081746679341716
1554,0.32933836662486432,0.37470548318178631,0.50233352971345502,0.28267762598923279
1555,0.3117203935347847,0.53005741075483381,0.51528414616801366,0.29370248991944592
1556,0.55157448457652936,0.71465067496848056,0.5352516012266153,0.30666186411394497
1557,0.35221803258777362,0.33731422988997073,0.49950098864381315,0.27999049896595407
1558,0.0065755629860213957,0.25088247492221416,0.47987586707406865,0.27081208941749635
1559,0.028105112768372055,0.040452031228237324,0.45938448525686076,0.25372828817014847
1560,0.49420156466636112,0.50192276841405548,0.51719659590525235,0.29236226094355516
1561,0.1474586989835254,0.065101756093872254,0.46643338809668194,0.25695469064165077
1562,0.23400669854098233,0.36610657418906928,0.49890349075666218,0.28154958635860822
1563,0.68260603592590197,0.095092953659442717,0.48171028816750494,0.26167417404334758
1564,0.42158853977030381,0.23553128850489158,0.49143238422834501,0.27243395435945011
1565,0.8529412514584489,0.14467931240423348,0.48932427386770766,0.2660023630414306
1566,0.70959632833221697,0.16444693385261344,0.48945559793572946,0.26744058774586754
1567,0.31896201212772868,0.51222374815716176,0.51399540726803672,0.2924967206809353
1568,0.10518014941281872,0.70248533575673355,0.52221281897739591,0.30396718281878116
1569,0.67038049679392719,0.52006451978109547,0.52188393216280127,0.29392940656708
1570,0.18376752600219334,0.88806507770399334,0.53843231413455372,0.31615398961376723
1571,0.28955786546963502,0.21742094281093452,0.4864303757509047,0.2704357728168672
1572,0.45890044366664956,0.40336679570352429,0.50793207533625784,0.28524933621968074
1573,0.67501816980749141,0.043900287454563661,0.47595292209227175,0.25730167811415
1574,0.40599242598552959,0.029473580180376303,0.469452581699904,0.2553176865495379
1575,0.63472795902391665,0.6400059412460658,0.53099847502129849,0.3019485365449085
1576,0.38739950532404477,0.015870054998795968,0.46750910884690783,0.25405330712924684
1577,0.67797406047949338,0.95213019453774905,0.55428939381853026,0.32125617618834701
1578,0.74377275104942964,0.97552640927344336,0.55684076094943125,0.3226274954554435
1579,0.64746209782039521,0.083133096738543841,0.47986847442864411,0.26060219020065717
1580,0.0071859072639490484,0.048135504974576179,0.45934878158403081,0.25415842405925559
1581,0.64508364551585406,0.1832002371147857,0.49039281718049882,0.26884810828561057
1582,0.017568506004044322,0.28106074164531897,0.48321264094991767,0.27328753559473862
1583,0.37109629186928511,0.65875841043525152,0.5271023409283716,0.30260165770795439
1584,0.45802558514626002,0.84363140215309107,0.54276429881559829,0.31452653041446621
1585,0.053039213244838179,0.20525354025081036,0.47742418841313966,0.26771046300995432
1586,0.77035958598867293,0.081895574768248477,0.48152442383849625,0.26069462640108176
1587,0.6100503869962296,0.30146735957219495,0.50144730039374763,0.27802669637658917
1588,0.9553913885764429,0.86951966331094743,0.55233123950709773,0.31638034309112079
1589,0.28096146917982262,0.49926908850799084,0.51187228188899758,0.29141392166673924
1590,0.92843176914417413,0.040778238814312501,0.47888794095094228,0.25735126622012999
1591,0.48314776643655499,0.88846130927450728,0.54642639887519795,0.31728512374950629
1592,0.55400344258664413,0.26641588302963648,0.49710275247378399,0.27522275694259635
1593,0.7173463028269238,0.88625629380714388,0.55041334183512902,0.31739524546376335
1594,0.80624770269402068,0.31899744272493991,0.50604807022257081,0.27961048718022186
1595,0.90816722955849261,0.098203727500361868,0.48501766603986773,0.2622089091461432
1596,0.92573397315907069,0.77210980174116561,0.54504736453346625,0.31048085611692638
1597,0.34953170373142933,0.6658372865669081,0.52710940095116143,0.30298780609115022
1598,0.76280459990593374,0.8518343780115829,0.54867624355909128,0.31534718845879711
1599,0.34985272407640006,0.74012021256835436,0.53273395770170828,0.30777749827974216
1600,0.58654083439997629,0.29988614272034031,0.50089124152972908,0.27786070102418509
1601,0.80601406839137202,0.23015486237189034,0.4974602345127796,0.27279558803466991
1602,0.54402240674773938,0.89265414406134524,0.54792681396006526,0.3176341379236276
1603,0.03782714096164564,0.97516908458493423,0.53863872403870994,0.32018905599042607
1604,0.90388884413860504,0.42841629916356178,0.51722938546904651,0.28767672530940946
1605,0.43818411722468448,0.24385235840409297,0.49260947710634662,0.27314369297278884
1606,0.57289995640009883,0.24801742893381742,0.49565350369710021,0.27383624339514945
1607,0.83664026158897908,0.16565214863606961,0.49130996023846241,0.26769158039726337
1608,0.94872356593908058,0.58288920411671274,0.53077667610547519,0.2983344193911619
1609,0.026939638398063834,0.14607971178045265,0.47043726917758882,0.26263205474392887
1610,0.87064262195959463,0.75556159253934174,0.54317385986030986,0.30946033039943449
1611,0.44281824959459481,0.53370000780775451,0.51876587361166782,0.29442750934866108
1612,0.18710367662123173,0.63256690426416473,0.51979522418968527,0.29998051392168135
1613,0.42106219398983524,0.98570317493287152,0.55163675195578077,0.32288293400883555
1614,0.50508789017522937,0.45063545661660609,0.51303291008271579,0.28877543447071041
1615,0.83704149372406544,0.18237340540831212,0.49303829289709789,0.26903821675253309
1616,0.80069578984751144,0.86578469686413884,0.5501755904715887,0.31618946826262589
1617,0.85165673540822462,0.69098591142125665,0.53809628653120511,0.30538393004502196
1618,0.13104242165876787,0.51233482070310277,0.50815716157966462,0.29137662223730476
1619,0.1623171048216871,0.30581696044114653,0.49108613122603489,0.27653099978950346
1620,0.90412501706384352,0.73970451623460975,0.54240604254868607,0.3084677275782664
1621,0.1453264463453903,0.77163961670583814,0.52883561381755551,0.30870588551696049
1622,0.049109604976710401,0.83197611052655851,0.52935164961793268,0.31166001138079791
1623,0.74912213250937643,0.7541551066047395,0.54144856374729511,0.30934949715777194
1624,0.12388412335602335,0.14508064478315646,0.47404792801665618,0.26348207709457599
1625,0.128493526767788,0.34611938543646831,0.49362109331368526,0.27931900754049926
1626,0.6240491896988708,0.62882812407609312,0.52994116334355634,0.30120033218636172
1627,0.51111392264020394,0.27116132144212024,0.4967522418084121,0.27548391264278549
1628,0.74419749899093302,0.9634158935892978,0.55604267767184723,0.32192865119051439
1629,0.26971547960065073,0.69340041755546122,0.52704808500571521,0.30444241875015765
1630,0.80909993671152047,0.76270913371831417,0.54290942314333224,0.3099008512411518
1631,0.07681452894444811,0.004458691216085572,0.45730179004000771,0.25107282360719624
1632,0.15441886800335489,0.92645823477149247,0.54003548802097179,0.31827004993467023
1633,0.59870369583527794,0.65259060438560557,0.53136207921415191,0.30272577660763855
1634,0.67177626346288022,0.38338469616790538,0.51003661367032083,0.28423310554993869
1635,0.53187222968806747,0.93014966006862232,0.55025498468044276,0.31984022009781776
1636,0.35786734920818125,0.80469865044789635,0.53765349913508331,0.31185834777458371
1637,0.1447039121532929,0.18664019538360882,0.47897689134308125,0.26703920882853782
1638,0.27500749276209391,0.85352079504147405,0.5388839306439458,0.31453778453700515
1639,0.1947807689254987,0.88973908578645211,0.53891701587770091,0.31632153653501077
1640,0.63324149299297716,0.95714585601330038,0.55389754806942615,0.32152321205240941
1641,0.96476320655035086,0.43461147257281701,0.5184706780418924,0.28813409202215523
1642,0.63066376689671311,0.058065990858490117,0.47684346479885092,0.25843461006417578
1643,0.5351064094558009,0.74616577547116913,0.53729104596781774,0.30863405706365998
1644,0.94636623585555935,0.13563272903169274,0.48945996619050913,0.26533434846415693
1645,0.48937092951842354,0.50985381933915197,0.51776479975412959,0.29290225284713711
1646,0.70022789459816415,0.024691836610750761,0.47415690248918191,0.25567978794811241
1647,0.61609863909740237,0.21292444721692011,0.49292425702227621,0.27116634772546844
1648,0.5943742829574622,0.41476325104191203,0.5115567565329262,0.28639030090448125
1649,0.80574787815365712,0.42206019146424956,0.5154350244570004,0.28717049317061616
1650,0.16576951808683807,0.42217845417583594,0.50170331810639279,0.28521885952131082
1651,0.05018030425786274,0.77491883943489526,0.52531460483902626,0.30810203480949616
1652,0.86335743410856236,0.77764450991404022,0.54470205422809614,0.31083054354425982
1653,0.3216457594106556,0.27454344832767968,0.49283216578227435,0.27507150638115169
1654,0.47254644174493154,0.70118325107194257,0.53266068666748356,0.30564520411598733
1655,0.95323714620162503,0.021716872794309165,0.4769910107448872,0.2557198629803078
1656,0.89924797626592912,0.95972077316086513,0.55782851889921636,0.32168876846234989
1657,0.11277467773050304,0.15059988860428566,0.47421898550988828,0.26384180191052892
1658,0.39066910478662464,0.98520393342237234,0.55089240266306827,0.32277894883888586
1659,0.65590904718925014,0.14782362639979693,0.48690981508705694,0.26599871749574105
1660,0.85079332952046538,0.89887128860765375,0.55311877105863161,0.31815267582468887
1661,0.55290891065363545,0.8149476859018091,0.5426373639971217,0.31294253544497813
1662,0.84617040377784292,0.7660703485428938,0.54363930577826192,0.310113686262804
1663,0.61446879467485715,0.83848528032220204,0.54541979701214383,0.31445465054185501
1664,0.47545752135302177,0.58949307074641111,0.52401168831802691,0.2983099254667177
1665,0.44347064158777938,0.75876884636628683,0.53633232652492924,0.30923845911242048
1666,0.7839286905041547,0.75311974570037565,0.5418622012657297,0.309297119768219
1667,0.39020127085071288,0.4898408101865207,0.51389765437920731,0.29121108410941104
1668,0.0021591823164955714,0.46818084262077464,0.49916554982769312,0.28699363813738821
1669,0.99954583420328569,0.92654301994411514,0.55672414345478982,0.31971457532190573
1670,0.92727005623568548,0.91618478712717766,0.55522422633755486,0.31914723317879568
1671,0.73364016707314883,0.82624946516858189,0.54644710419045561,0.31378987774649592
1672,0.13515339441833785,0.72205100549123025,0.52480962410110821,0.30547011102330179
1673,0.16758517615030286,0.50847807333824468,0.5091257817677588,0.29138155459308901
1674,0.92036556397719538,0.27131428939070318,0.5029072206625631,0.27607091429680192
1675,0.54192054633178055,0.54938287419286791,0.52207958236772201,0.29573996180986106
1676,0.61044444925148278,0.24041999319592725,0.49555871793994205,0.27332044459024446
1677,0.77456430666452514,8.5371023195330063e-05,0.4723625702040708,0.25363584396277211
1678,0.36272883145633389,0.36124921199671228,0.50195224875391298,0.28182151305936581
1679,0.64256017398511767,0.99518777398675451,0.55657243565657655,0.32372573163801666
1680,0.21665556616428075,0.48322814136889064,0.50861045249272707,0.2899296139811231
1681,0.63124795770462372,0.30629250320830614,0.50225945059783383,0.27843105652388772
1682,0.30224246482976014,0.94911377292670085,0.54621323583845083,0.32038326413599166
1683,0.50459624963601823,0.87525756936146648,0.54595075959500095,0.31653130761562814
1684,0.15936359330023406,0.21242510789687513,0.48203227153664419,0.26922075429512826
1685,0.1229527228705003,0.89777666033598369,0.5369237257304712,0.31632382213203741
1686,0.99890887383689408,0.080180359777633575,0.48403732192832377,0.26075733920071598
1687,0.40930843753590018,0.99177087480697079,0.55176548607738063,0.32320641061087396
1688,0.48375271292451072,0.57052921705892079,0.52265359237593756,0.29705046824127468
1689,0.15751687740817433,0.77358111397825424,0.52941265879883403,0.30891481583841074
1690,0.8401729189040722,0.45956181625680764,0.5191640816147316,0.2898560472617398
1691,0.02033969679985894,0.25533709271940175,0.48090307698715679,0.27131953315828861
1692,0.87749171388248215,0.4436930131200818,0.5182516890772827,0.28875248886995514
1693,0.40823925646530695,0.63242201895479822,0.52593786343872084,0.30098811077038246
1694,0.13297988415608417,0.67040672095500631,0.52082746104128863,0.3020975564302289
1695,0.51184378287709553,0.90629680733612039,0.54823734385754108,0.31839896575063725
1696,0.20479236573426751,0.0039247065258561633,0.46146624486986221,0.25204233109171459
1697,0.60343158069435743,0.69674915255071834,0.53483829485029533,0.3055915030939213
1698,0.93489622939064876,0.86843329429068838,0.55202439620947452,0.31632382664005776
1699,0.43609933681789559,0.7122229494415806,0.5327044452277101,0.3062639802637816
1700,0.20519348245245639,0.14189142909568037,0.47637879511737841,0.26382517928597671
1701,0.13811550548610976,0.10968288691841299,0.47086753013259319,0.26065807927442758
1702,0.46171734214433235,0.20623252722547625,0.48938182710288797,0.27024724682501994
1703,0.54862076568935303,0.92664672389150371,0.55033795496359594,0.31965623418740036
1704,0.1067279720768449,0.57275935539518252,0.51218439115392533,0.29535001828090895
1705,0.15023953321777517,0.6911125282121241,0.52302935686438756,0.30357977151252635
1706,0.099871704485279045,0.57218837809268153,0.51187427620318859,0.29525202375765719
1707,0.61121460299441832,0.83865889284388395,0.54537589418446764,0.314461962243552
1708,0.32804463865658035,0.13372204582510749,0.47892236698235247,0.26383940746487772
1709,0.36748534122655402,0.050994376868556721,0.47098566272617381,0.25702802395101038
1710,0.99074641576466382,0.94066922642135764,0.55758357425887373,0.32054035972567363
1711,0.73421005026256903,0.17088026457397501,0.49047692910119195,0.26799631907060589
1712,0.60877348303963663,0.55775301490240969,0.52397688900211803,0.29642470444877667
1713,0.40261552751491547,0.025379678513843103,0.46891865175071451,0.25494716321752475
1714,0.77807558003027222,0.014348360334977042,0.47405461716621983,0.25489477030414187
1715,0.75881777584563248,0.062586429316562137,0.47923974653336532,0.25903918777186619
1716,0.061795059461856726,0.3031442588843522,0.48712980851022647,0.27545836199537721
1717,0.72567331024723825,0.8285879860579618,0.54649586701881536,0.31392898094027705
1718,0.56316327582282255,0.51375291159882908,0.5195220767285158,0.29333174077290092
1719,0.23483607608409365,0.16417581940075615,0.47954933346304579,0.26584128733875517
1720,0.90579873788760745,0.48997996407790345,0.522581234282125,0.29200874340472993
1721,0.64460227483186183,0.084211331920640092,0.47994096298572853,0.26068784330525119
1722,0.0067109722080524086,0.95506814959066688,0.5358730620166432,0.31867025719182118
1723,0.93053359614819053,0.61667248994660329,0.53327252281989657,0.30057109037626589
1724,0.63367428904686829,0.20392496454344364,0.49231050170678881,0.27048496356592494
1725,0.16519948679817609,0.47868717160661473,0.50654229459548739,0.28926678517062637
1726,0.20620804590863412,0.8626473545256188,0.5374132644649664,0.31474462524652019
1727,0.34949102746002614,0.88922357222809223,0.54339424951438986,0.31698953441508132
1728,0.72991659077344229,0.74465856249992501,0.5404662926625009,0.30874535404368253
1729,0.57687787529028722,0.77663737630780094,0.54031195660226583,0.31060678823510668
1730,0.93545953276030491,0.60943020242940404,0.53275378522472305,0.30009416493691354
1731,0.81378751591801424,0.46695013589073209,0.51945866983945199,0.29036078388319719
1732,0.82391452746823202,0.53922509392848006,0.5256918442239279,0.29536445650377174
1733,0.4198774668613332,0.83187087934942694,0.54108391373939968,0.31371702992314221
1734,0.12266971516875783,0.60759225497007141,0.51556204661310512,0.29784231878501749
1735,0.37520188561793189,0.8148468093457516,0.53881231065083468,0.31254246669991126
1736,0.18113025923882378,0.29541520457168807,0.49073584169398771,0.27587041250533434
1737,0.19575761290638474,0.85313211251668408,0.53640455134340881,0.31410254230303414
1738,0.36965154909981651,0.80249475507986501,0.53778930039821715,0.31176054769105405
1739,0.77598529395282967,0.67793251816212441,0.53609370780635024,0.30452519399382411
1740,0.05718862258606823,0.13736578116068848,0.47077617336425637,0.26223273425991228
1741,0.82415844313331188,0.21064671107380417,0.49574558716690054,0.2712774353613116
1742,0.41398155380954271,0.50445807135439247,0.5156832018323021,0.29231372022670687
1743,0.50887745917852734,0.85459141201231403,0.54459326522136864,0.31529129778463288
1744,0.8362581774895429,0.37040608644291062,0.51119734413242346,0.2834477698304077
1745,0.56264066907743693,0.29276783082740149,0.49978865865004568,0.27726754344264237
1746,0.57568046009832763,0.66393313307730717,0.53182967212507726,0.30343157551704425
1747,0.4361064119849471,0.63162584988105819,0.52650801754728005,0.30101674195991218
1748,0.073098548767773899,0.52953081201064633,0.50734719478218993,0.2920703101472531
1749,0.45112578077948423,0.021047285592870321,0.46945189720188174,0.25474525076377375
1750,0.4773202148636454,0.5273874334157328,0.51897940362032791,0.294085723489733
1751,0.71665362225113205,0.63996821010223359,0.53229391252393465,0.30202528378836391
1752,0.45077634111134107,0.99364692819012568,0.55282379538962412,0.32340595227538982
1753,0.098647631526191257,0.31069786325196042,0.48926877193442608,0.27638411519702144
1754,0.36136332745827965,0.31946860303649449,0.49807068917620512,0.27868256196009711
1755,0.60212164551153557,0.90745214960061726,0.55000378567905739,0.3185810946415053
1756,0.56094639065262164,0.15964879882169192,0.48654704148409617,0.2667664740579383
1757,0.051147797626687683,0.27894963810147022,0.48443502663193949,0.27348874856760808
1758,0.46512786649101184,0.96108282251775967,0.55097673698647642,0.32154393553594895
1759,0.48908644308877414,0.019996120138477999,0.4700841203932461,0.25477651693840475
1760,0.69793001407660782,0.62951073829518867,0.5311886003774271,0.30132386559957425
1761,0.89908771121670727,0.94488417245197354,0.55683419941057077,0.32083089796317521
1762,0.55578578552649127,0.81613710011896912,0.54277640015517303,0.31301966814333559
1763,0.83030724479461793,0.26118530864795902,0.50082864980838782,0.27523034320011269
1764,0.29391815713109681,0.34197852895903635,0.49841778698335543,0.28007435059193503
1765,0.85797303742297237,0.028396911920735148,0.4766681785663216,0.25621547859043842
1766,0.44945875654633854,0.13104245604363968,0.48141167637976651,0.26410133304731542
1767,0.59842887204476869,0.55937734917277704,0.52392943690907745,0.29651924969399873
1768,0.57740471582777098,0.89388053560972913,0.54863146913899707,0.31774896606484138
1769,0.97950303730979793,0.7105553499755799,0.5410805147732124,0.30661966140770863
1770,0.65304972643599613,0.12151696938542883,0.48409126521096829,0.26382692474194158
1771,0.4647061611775658,0.23846960238671164,0.49264147661306473,0.27280649992531047
1772,0.36979777242055861,0.73688677679720571,0.53299432204851771,0.30764102690480444
1773,0.65486202947768624,0.42547612879582453,0.51352121576026855,0.28725869246263686
1774,0.71398203591384235,0.99666197342575769,0.55779476639352954,0.32383630681921366
1775,0.78046521947713343,0.31546012469868873,0.50536841031999935,0.27932107256558014
1776,0.25921280571710087,0.58611511360715385,0.51837403409488325,0.29728401425366774
1777,0.29171666949467034,0.13717997488911499,0.4783486610978675,0.26394557671418584
1778,0.41971097355947135,0.87828304738207963,0.54433700165250176,0.31653535832546664
1779,0.66265952883978618,0.092548839698836677,0.481129945246627,0.26142497059361902
1780,0.25478669858168579,0.070527263308421254,0.47026964006272926,0.25814255556522891
1781,0.075994391095952601,0.31852395266065142,0.48911848275893072,0.27677010224755461
1782,0.10444306895524497,0.21776589232956758,0.48063188393748241,0.26919808607093554
1783,0.5569583419155214,0.35959154855915115,0.50591943447999466,0.28228129746976599
1784,0.73222967266178463,0.43683764105796585,0.51570887815607458,0.28816442445146107
1785,0.15762604478715223,0.55289047702524119,0.51243836106673379,0.29439003041935458
1786,0.88716035980685848,0.38901899010742785,0.51351758617112164,0.28483465634863442
1787,0.56768788862820951,0.0052126186293899087,0.46982903471615367,0.25369557133308418
1788,0.22965451231844491,0.10309332143137,0.47304792994879458,0.26075177232794688
1789,0.42289094503725644,0.18066614245796808,0.48597594638667219,0.26806605344382417
1790,0.97099658165803415,0.71231674739896556,0.54112035093406752,0.30673310049185532
1791,0.55901159003594658,0.38877706318070415,0.50860331973567885,0.28443337533542795
1792,0.085039826171926694,0.78014402628032253,0.52714944384097695,0.30875907793103835
1793,0.084460676359815995,0.14828508362016873,0.4729435215655905,0.26339759425933296
1794,0.17294545556240482,0.27563402702767636,0.48859925632639217,0.27428748166021605
1795,0.011413127225649078,0.81339508501131785,0.52633824390585282,0.31010698550950511
1796,0.3079231589159579,0.83053011661387288,0.53818694891141206,0.31326918695892148
1797,0.46355681153741901,0.20121895778801993,0.48891666804536532,0.26985287036761679
1798,0.34605293022048428,0.73850984741525028,0.532517247611065,0.30766140335293979
1799,0.40416638163834578,0.74297459546941103,0.5342727612031658,0.3081350001150126
1800,0.35172866930150193,0.84978687589956681,0.54070375235305823,0.31460966904636606
1801,0.65614869933739539,0.706538581381843,0.53646927427289492,0.30627740022867928
1802,0.30120623963236576,0.77349466884442375,0.53389868135505236,0.30969672295778738
1803,0.78693478256621174,0.47440397224953634,0.51973831213357624,0.29086605846713276
1804,0.6157881117357058,0.73476746764188872,0.53791275427229601,0.30802824296488551
1805,0.8280846604671912,0.17683008483600571,0.4923556303391477,0.26858464783217789
1806,0.68457242890062042,0.81218259404160786,0.54469853175732286,0.31290636049255471
1807,0.15152254005753202,0.051865916681697127,0.46513038118290806,0.25584832738517554
1808,0.85479588950540641,0.93053992631678706,0.55532655850425694,0.32001061025649119
1809,0.45660795879365179,0.70955139864663364,0.53295301473127055,0.30614472452992619
1810,0.64992317900586638,0.91505069832716834,0.55133286281748184,0.31906835816515555
1811,0.026594613195059357,0.59164499180064301,0.51037913209317309,0.29585841257975132
1812,0.11906801172917476,0.54184849905272714,0.51014628371448101,0.29333087178513667
1813,0.16102903155070963,0.18331806320716862,0.47919245562901419,0.26689619479149018
1814,0.59836946171893513,0.037831805257999805,0.47405604714020205,0.25662103642197648
1815,0.95096044885158781,0.55870891490554198,0.52883615491702174,0.29671437750921231
1816,0.77384494139890891,0.08916280075932155,0.48236515583882233,0.26131198383795373
1817,0.093502282880793791,0.19526435792789562,0.47800843932669973,0.26730041086460776
1818,0.93384448928338248,0.67076805674465145,0.53753785456319869,0.30408941092513481
1819,0.33329306057520447,0.80708496014870479,0.53719302338405062,0.31191953728938343
1820,0.84720488577814546,0.3851641662900453,0.51267600969792593,0.28453285772701792
1821,0.59895664132285165,0.35567863262110627,0.50631080245494864,0.28207541972645922
1822,0.63423189490147636,0.50552528755742832,0.52007608328411636,0.29287760745916824
1823,0.014680993086576928,0.49748815727889306,0.50219479933096001,0.28921720450454352
1824,0.75133018567409604,0.47385536982909549,0.5191935316166556,0.29079985908482936
1825,0.5700694248959074,0.73928761494628858,0.53743760333458435,0.30825466256174783
1826,0.77221633979954063,0.029934011754079257,0.47575610702867444,0.25624611469536401
1827,0.53268614047263985,0.3178331045404193,0.50160101521981482,0.27910261663868147
1828,0.048531883983046281,0.71636378086094055,0.52093572074234296,0.30434400257046201
1829,0.75389738528415329,0.3093940895483247,0.50442711710008592,0.27883649506766733
1830,0.033796522265451497,0.03922467046120437,0.45948103292983822,0.25368320469209321
1831,0.11653041169283679,0.53533068695286057,0.50951786692029688,0.29285901662777514
1832,0.84245030978453583,0.056207491587556432,0.47961388434373936,0.25859612802200233
1833,0.72060605671963418,0.44248379759212259,0.51603134015199759,0.28855469267607525
1834,0.89553524415692087,0.99869594646749327,0.56035840283378024,0.32392253662763854
1835,0.29056944747791863,0.71142672674645435,0.52900481904374741,0.3057041057953061
1836,0.7446158920268412,0.55959024306702199,0.52627585464708759,0.29669843876957996
1837,0.22389390777404189,0.12442177622491728,0.47512434929847158,0.26249915689276565
1838,0.011765816006076056,0.010885304794053082,0.45547229434619213,0.2509666421073109
1839,0.92610222565239531,0.52638777094263345,0.52588365326533448,0.29451992954441059
1840,0.54159316450265471,0.28051405929831091,0.49823121286787703,0.27628061051139419
1841,0.46892368566537046,0.087160125170915856,0.47712899307121098,0.26049403696777579
1842,0.81022433901039193,0.57865271929429141,0.5287366693323855,0.29802087097346325
1843,0.49970338931906738,0.10334176164719976,0.47947825604753136,0.26195105005195612
1844,0.86945101105998046,0.5127781403401751,0.52406756991856773,0.29357295974970266
1845,0.15467149701871677,0.41186061199285323,0.50041945079011929,0.28438662566112444
1846,0.73182602931332075,0.41281785194830739,0.51358433826197281,0.28644213851603029
1847,0.52363059264960476,0.99251630042096373,0.55425605787178833,0.3234615323122747
1848,0.073631383184564761,0.73425879202593358,0.52332399199825985,0.30573847575406476
1849,0.92304932134248086,0.81419331260417827,0.5480593252141619,0.31306216014864263
1850,0.33417591501605931,0.75750649071614029,0.53361357663859355,0.30882117345549809
1851,0.2583210484397947,0.80105362267439495,0.53466743685885987,0.31122589897456604
1852,0.79204136262297398,0.84827186314017755,0.54883120506232286,0.31513720068292811
1853,0.86609922604655154,0.15118029460551916,0.49016700459432005,0.26654424843816399
1854,0.85685125198046441,0.31701679438553981,0.50651169976139121,0.27950032809548603
1855,0.70809197173492289,0.53340794686233861,0.52357963146907205,0.29488596077606927
1856,0.30297062854695833,0.92412393499576717,0.54454669717570181,0.31890736939581088
1857,0.45057362900174924,0.12633509221317946,0.48093933877229167,0.26371511263452968
1858,0.4131105699887383,0.49804965413050961,0.5151239843519323,0.29186337042106658
1859,0.76703592554208588,0.13177165894521167,0.48684914292188292,0.26485023277338127
1860,0.1124606960225734,0.31711017321170076,0.49037747021989719,0.27699347528031154
1861,0.23719978607088563,0.83250531524376714,0.53627426925081845,0.31306706107063226
1862,0.84984303916495996,0.33488901792963738,0.50809752742988001,0.28083238433145497
1863,0.037148997318244073,0.47648672500589168,0.50142977995650384,0.28798048100096263
1864,0.69713510675289436,0.38448868699074956,0.51052957703232826,0.28434715796739257
1865,0.4094099748765701,0.47411590124497893,0.51300814152755081,0.29016893441884412
1866,0.49329912296062106,0.86629110599734127,0.54509667673701789,0.31597117396793728
1867,0.5780561647516792,0.71796198653102627,0.53598940211876256,0.30691331405227412
1868,0.46523303690358297,0.16067561395299854,0.48482267904227283,0.26658613573496237
1869,0.94750139512395259,0.41508004362558715,0.51655319899612218,0.28673661942527995
1870,0.9325706798965927,0.7639439417343703,0.54452813107264852,0.30997386241271363
1871,0.79605823657006258,0.59104973330189248,0.52954619857211749,0.29884263949359752
1872,0.66858659906714468,0.27804389989188644,0.50016707224637924,0.27633755386153874
1873,0.92041031945907748,0.017177855969162194,0.47610971203561453,0.25529782689014674
1874,0.63719309678288405,0.88863398602266108,0.54930997235009227,0.31749261652786048
1875,0.60782468899226516,0.43126497272966663,0.51324552487984232,0.28760096390462297
1876,0.99085302644366169,0.25020273982501823,0.50162692924499719,0.27447700540159797
1877,0.56352993358426029,0.35301118045434127,0.50543666040172619,0.28180715170408488
1878,0.57245435782157583,0.20678480915384134,0.49155756414957869,0.27058729551407357
1879,0.48389037886630976,0.97815066443715482,0.55250660874156488,0.32257065301532817
1880,0.74691264302808558,0.54591662630900983,0.52518688716842765,0.29577286451784174
1881,0.23382936477652985,0.029114245118864346,0.46513242093169183,0.25444102023708792
1882,0.3532992898481549,0.40566294522533425,0.50570897831763528,0.28505097395421719
1883,0.58356140558979241,0.30987420416328826,0.50178302324640045,0.27861292011187949
1884,0.71336897339612482,0.15184304560971215,0.48820100543332667,0.26642129620583482
1885,0.74616481868111295,0.3726990911105299,0.51018590010720433,0.2835399349675477
1886,0.62148493246730652,0.88181127547781224,0.5485731211353172,0.31707250483197319
1887,0.93604165818818152,0.8158835871552933,0.54832971034465094,0.31316129280179178
1888,0.59701924692367903,0.76163124246144442,0.53957372598892572,0.30969573859814609
1889,0.25793546290864472,0.3949479930425645,0.50219561464806228,0.28381490391448511
1890,0.46923562466242585,0.50248176947437462,0.51672809926607743,0.29233768844989499
1891,0.28416926684934879,0.86916607560728454,0.54024045585009872,0.31553002192371565
1892,0.023017860228416977,0.44444823139280781,0.49809031632837752,0.2855344297663725
1893,0.78199323653687025,0.67803264387039242,0.53618464716236547,0.3045341792340534
1894,0.41208425922548636,0.88026979857845011,0.54429910506538648,0.31663549809328767
1895,0.83870285713752968,0.90178995969315301,0.55316510465701929,0.31832688608473275
1896,0.18767169152627466,0.37219532238506947,0.4980034226071296,0.28170646937291377
1897,0.83511698175988869,0.83307562583185502,0.54832858711420707,0.31422107484138417
1898,0.59484965558854164,0.9112320668230881,0.55013418088023969,0.31879793619753416
1899,0.0081455090884235692,0.91316443314250795,0.53312070003498235,0.31618263589892692
1900,0.42430405890269907,0.91979578511029259,0.54729440171375099,0.31902737715768398
1901,0.043643069869896862,0.93780514199578913,0.53640486910818597,0.31803397831195013
1902,0.3742893700000714,0.75082016923025952,0.53413708695734086,0.3085393895015337
1903,0.13998584099741421,0.46107589185476539,0.50416390702526936,0.28782535321744002
1904,0.89127063674757967,0.50372307104392677,0.52357189260634374,0.29295596377936023
1905,0.45926644815524342,0.32319119224183962,0.5006358184870775,0.2793093109317436
1906,0.36696916816040176,0.64546190862915254,0.52596864125018161,0.30171331145185853
1907,0.020580849172885066,0.28683876057787566,0.48388476272815278,0.27376769201112988
1908,0.59425181541169303,0.18927322960494786,0.49016846377702078,0.26923594106166665
1909,0.32127142292625505,0.085997623639402457,0.47369169783455883,0.25981102985580368
1910,0.57722967598092512,0.56756741431198321,0.52421949285798786,0.2970400026869503
1911,0.34823988593631655,0.72482783878307089,0.53155370956019143,0.306797096583523
1912,0.4452570458078175,0.22752118952655001,0.49115508761048143,0.27188304042620826
1913,0.83605051052273494,0.56073755002751713,0.52761810460128844,0.29682748716878699
1914,0.78855942655886768,0.93280523631436529,0.55461235768950434,0.32015160150421512
1915,0.3347399125762866,0.17350211016765099,0.48319200289310382,0.26712949271456243
1916,0.75762014852989235,0.86099862823801809,0.54924521737135101,0.31589702324140384
1917,0.41994874711873709,0.31380226440517001,0.49890648707615504,0.27847264664063265
1918,0.4386163784849807,0.68805960615595108,0.53092948655569161,0.30471499874921876
1919,0.56000916349826158,0.88613561816335418,0.54777753832987564,0.31726580676041261
1920,0.89162395304191167,0.54082809531561804,0.52667472321084574,0.29549692893740964
1921,0.76236744634752407,0.46763415595073021,0.51881565927036954,0.29037225279427092
1922,0.60731166938935643,0.86120889527482225,0.54689465571885731,0.31582269019379811
1923,0.21180596804636298,0.94601950516802036,0.54330351285666034,0.31978143081844268
1924,0.98784689524265701,0.16526961313533831,0.49301581672426176,0.26776737001945877
1925,0.44263113967626128,0.71294785786235015,0.53290383674799657,0.30632741139225256
1926,0.32894953011769107,0.1986990917455056,0.48559266442535759,0.26913458345106211
1927,0.15201848352894887,0.12962871016307034,0.47341569233690445,0.2624303953145502
1928,0.4598988849348738,0.81250053259372945,0.54059119588624127,0.31262315547426339
1929,0.84138150727966576,0.60734504301456038,0.53144769554182036,0.29994258779564709
1930,0.32023153640084207,0.4706857549347333,0.5105207381063569,0.28958339343393785
1931,0.7205617341591628,0.42712505128468625,0.51468391424448812,0.28745822939703791
1932,0.99634333625742011,0.037561386459355708,0.47925131397621717,0.2571222475250704
1933,0.034393207856838123,0.590932097081875,0.51066785334801268,0.29589456696945676
1934,0.98642083857924445,0.66897734733846737,0.53798497647084509,0.30396664747501662
1935,0.61418604295110568,0.80383514901314634,0.54294251397413484,0.31233506146910339
1936,0.37051467252603032,0.90315793723944804,0.54488182177499489,0.31789147495300341
1937,0.70857072556935019,0.16350122000625125,0.48934258914673573,0.26736237261254681
1938,0.91123001224001643,0.68742313925501664,0.53855214990627276,0.30515886262528424
1939,0.72471942100616871,0.73484162402182118,0.53965971298323567,0.3081249366915913
1940,0.79119440688382603,0.72717121854625877,0.54003367905683175,0.30766955805613166
1941,0.45393128571693087,0.28439211853166341,0.49686243632252614,0.27633901461750837
1942,0.47338915684187088,0.35423181746305199,0.50379951801065648,0.28167598571059571
1943,0.93032539705085804,0.66739650226667291,0.53723747113348996,0.30387261957982781
1944,0.43562019964171345,0.10619206166503718,0.47848870868005461,0.2619848366347981
1945,0.52126918618179618,0.16919334168661154,0.48680169024153547,0.26744188862771506
1946,0.97035056091489968,0.13679297727813247,0.48984419246612887,0.26544385143341431
1947,0.80643063939873827,0.42356390550845541,0.51557698057882184,0.28727869912678272
1948,0.66117576782187681,0.20542738445190481,0.4929024372010205,0.27065324444171879
1949,0.026090513579931578,0.19012425486064752,0.47481961940124251,0.26620839668682006
1950,0.30461269475350861,0.4218476884746109,0.50587619441169651,0.28601290847150235
1951,0.038161890390596823,0.83850959754294019,0.52933204344243046,0.31195360921848658
1952,0.88854254926905274,0.5958423168019974,0.53111578949443339,0.29919108627928848
1953,0.93181075425405291,0.065371182601165492,0.48168036267021308,0.25945906642414618
1954,0.36092866249730576,0.20360872400052613,0.48687152780118975,0.26966907226062148
1955,0.80717302302223404,0.87418609489799715,0.55084740966118395,0.31669159641584027
1956,0.10847583811640507,0.33708289265522035,0.49206494185531746,0.27847084472798289
1957,0.69551034569320036,0.44912972535778539,0.51623162280238533,0.28899930210203645
1958,0.24388916038478492,0.50219376964004481,0.51104120049458701,0.2914233113807948
1959,0.33959757896420778,0.669115000177396,0.52710689866820859,0.30316449272593449
1960,0.22600463401229354,0.14041371737645239,0.47684960756048878,0.26383728991104033
1961,0.69933593859310494,0.79315629078297645,0.54355755105134229,0.31174603310037935
1962,0.029718650583585259,0.49900618249253603,0.50299161355080213,0.28949251441883411
1963,0.1418829248706461,0.52880649761828835,0.50991080799003285,0.29260884389471625
1964,0.55660004797399742,0.64935676743580262,0.53034806765968001,0.30244930364838341
1965,0.41241746597759199,0.20381807220986811,0.4880825294681348,0.26988775595698861
1966,0.43398469557767966,0.23116898235784611,0.49127352943384273,0.27213319989844181
1967,0.54500900059511193,0.66311370747123144,0.53119714718479338,0.30332779943155475
1968,0.19805832819856006,0.68716206708335092,0.52436455684034611,0.30364319633975856
1969,0.41698499310166809,0.97416771543388025,0.55078002473035448,0.32220370954536737
1970,0.55849814605776915,0.8943576949343901,0.54831673757121335,0.31775480244496485
1971,0.58288451524014817,0.41831990955943477,0.51166857214617412,0.28662582283087712
1972,0.92437960232697658,0.30164576912288327,0.50586532847377286,0.27838121938973154
1973,0.32263292931868931,0.57697832281802552,0.51940681272797506,0.29696318244601178
1974,0.76519963954129488,0.64797674437622776,0.53362573542383274,0.30257946203470965
1975,0.49281817538718464,0.62695903219949689,0.52734956707405312,0.30084975248092871
1976,0.51106633678086799,0.086804851033107852,0.47791236053034247,0.26059128025945427
1977,0.58307046353513148,0.80926734869672223,0.54278487760048566,0.31263381340134788
1978,0.85289989395026344,0.44722312920527768,0.51825438359492459,0.28899123364465895
1979,0.38036613709157102,0.18742471594224919,0.48570326128131824,0.26845056978770554
1980,0.9972148692629883,0.96914046693303402,0.55955328451612552,0.32217713831980815
1981,0.13350324861273402,0.85158668957367778,0.53411561847634326,0.31359354894123764
1982,0.28062646909562172,0.4091751891973312,0.50410252833345226,0.28497479129712633
1983,0.48107340866721937,0.40627590195034863,0.50865361178907675,0.28552298921309271
1984,0.30822269283874199,0.66410212650200118,0.52588907611449343,0.30270887223528237
1985,0.79947166033795802,0.3260074079078506,0.50661542608732335,0.28013029111280346
1986,0.42501436403874543,0.6853537022987497,0.53041823097057206,0.30450280819699482
1987,0.72832841697799744,0.94512217398990184,0.55458743026227475,0.32086437960917596
1988,0.22054423653412378,0.94473563023008178,0.54349702729800431,0.3197524723948717
1989,0.71282459760067285,0.75255658236922474,0.54079557163033964,0.30923100980473406
1990,0.9547882981311181,0.47317959073142846,0.52170919777360081,0.29084913236528748
1991,0.19672050187446877,0.69289343466068387,0.52475572171449281,0.30400765889256731
1992,0.4165480054322514,0.7920868529396714,0.53815686166437937,0.3112528811138176
1993,0.60481993362730135,0.547158367773809,0.52303943519250895,0.29569781582087529
1994,0.83786676507262747,0.081543682860455019,0.48236004929486487,0.26074455246194733
1995,0.52100409001050285,0.7984246196213528,0.54083669483608732,0.31187397353925311
1996,0.86376230892679884,0.88427409071979357,0.55227577420375384,0.3172862373431023
1997,0.42694412167082774,0.83160502036878603,0.54122590380819446,0.31371881649023525
1998,0.69174161375152188,0.74240539004673489,0.53972144947624634,0.30858014425378505
1999,0.79510196067240324,0.14212045647337801,0.48831772903321613,0.2657337069988927
2000,0.24356258233027767,0.71688316999537638,0.52804327303762399,0.30582631971483593
2001,0.11092807523430093,0.43653878357579234,0.50099261439838882,0.28582655428188908
2002,0.8546036805483862,0.38399311660531676,0.51266333828805055,0.28445201048886815
2003,0.37633943967485106,0.74628919480015765,0.53385241967728458,0.30825928024855492
2004,0.42163898303526226,0.041284654775133822,0.47111087394973933,0.25640354295034312
2005,0.89354910127456544,0.16777114631166914,0.49222250476327223,0.26791110222704501
2006,0.052724996746785477,0.41059294725205986,0.49643677683927756,0.28339774193763989
2007,0.0068524230836075738,0.28651315761794105,0.48324979337902879,0.27358414016313043
2008,0.1041421734191128,0.24133817310129527,0.48291291700685418,0.27106049458712034
2009,0.1488704288671841,0.42005451190603205,0.50093512445318233,0.28493912857286274
2010,0.28120030904064186,0.71696498767986205,0.52915601613589425,0.30601747098433685
2011,0.14047442234921037,0.10356573331508553,0.47030417986704204,0.260163577323206
2012,0.72684437965812398,0.19430706000832143,0.49276819037381525,0.26986757583702708
2013,0.95563108055567136,0.14105156730316812,0.4901344756934351,0.26578353256933596
2014,0.66643810351026478,0.11172043236464961,0.48325442031546562,0.26303698784031282
2015,0.09772587494476466,0.21848142049020389,0.48045322317082145,0.26919514299133301
2016,0.49868546481815867,0.78860415851663568,0.53968023343723914,0.31122477743167343
2017,0.74046617431313499,0.0142327798586688,0.4735331654686023,0.25483047993103713
2018,0.35091603982519592,0.63634212679619673,0.5248548071352801,0.30105264448652425
2019,0.019505138407379854,0.96505509726371386,0.53713655497123702,0.31940212634744919
2020,0.26910305790220157,0.2250433429457131,0.4866222458885846,0.27093156629991488
2021,0.28764396373311757,0.33027543652331226,0.49716837679245984,0.27916239669889065
2022,0.20052907640413614,0.54117543452248207,0.51292264489238759,0.29387505355653476
2023,0.32186191940646386,0.57836414088258759,0.51949814340811218,0.2970538747268387
2024,0.39505278883239953,0.81921345802255674,0.53960383890991415,0.31287151112933487
2025,0.23450921484947904,0.14053759552334669,0.47711110997885098,0.26390006321703391
2026,0.40771132304297064,0.98776709546874042,0.55146454613185936,0.32297081221317481
2027,0.19423021660783563,0.96018797295644187,0.54367600732219301,0.32051864919783479
2028,0.23647181753270563,0.69948264633469515,0.52651687989297102,0.30466583807834352
2029,0.79172501006167151,0.29427321941432311,0.50351269334494853,0.27772942821872881
2030,0.97231816645861846,0.16847047587997516,0.49318207707210637,0.26801755056305787
2031,0.042921691774565264,0.92137189887549031,0.53526384366694102,0.31704431052943771
2032,0.32290758222002769,0.77271266565698904,0.53443029582738266,0.30973560856532073
2033,0.89309938956574775,0.10498509032198927,0.48557726268950124,0.26276263351655565
2034,0.27056401879430053,0.6545523973316304,0.52409552086817268,0.30190870301777289
2035,0.9597187918309239,0.74284829443168132,0.54327841386948328,0.30865457620708847
2036,0.48890566235081062,0.15402846330270403,0.48461100609577201,0.26611594232521585
2037,0.08590686261764495,0.33236661381322197,0.49077658827800885,0.27791232699991059
2038,0.17218510323761732,0.28406019329194682,0.48937257078684343,0.2749331879923228
2039,0.04301325016313931,0.72703019452999584,0.52148986931841113,0.30497562759981262
2040,0.77193089103273815,0.29372727732221832,0.50319097246826061,0.27766833071058522
2041,0.75509532908272226,0.97627298583158995,0.55705254503547785,0.32267125686383286
2042,0.97245547721079784,0.97841447736170384,0.55990135893877058,0.32272401603388418
2043,0.86911835740999099,0.080766328792588327,0.4826562461326917,0.26071006322213885
2044,0.59850713793804178,0.47579260317316513,0.51694258975488117,0.29074602699306568
2045,0.9250358755532071,0.080666278326988694,0.48329417999471602,0.26074930448130135
2046,0.086669542118918613,0.83225117203634003,0.53094331147313323,0.31202624491750425
2047,0.22029712375534002,0.21211351020018337,0.48393345980163394,0.2696166654249903
2048,0.10098499233945041,0.38016184533302444,0.49567000847700449,0.28162110890363001
2049,0.73920970217935977,0.85768264588298049,0.54874807972947881,0.31569301504027825
2050,0.48792336587916363,0.4307510314480984,0.51095396624343692,0.28730972578034425
2051,0.76331336441425379,0.081039976564410615,0.48133529063496677,0.26061293932788543
2052,0.81019387936504794,0.7956425050371676,0.5453229813611713,0.31193720310686379
2053,0.42546107439732878,0.71392659045982876,0.53259373481482708,0.30634452598807327
2054,0.74706585439922057,0.65220929396654248,0.53369665298790292,0.30284497913251551
2055,0.26103345886842583,0.62106573461621295,0.52120406762559757,0.29964176837034012
2056,0.069518724986945751,0.70603200141511635,0.52105020930978607,0.30387997605972694
2057,0.72674206278900388,0.09312343693968142,0.48214383368745495,0.26157948329832342
2058,0.23469243770682954,0.49309060751093786,0.50999913007323794,0.29073204226873911
2059,0.26146129656139527,0.50323867166276315,0.51164733750126679,0.29159201056276024
2060,0.082057149333425339,0.83619164875455909,0.53103443224244495,0.31222921549147037
2061,0.59920211181578931,0.63879390737068609,0.53029450660825161,0.30182267257442563
2062,0.44297698676040165,0.72751939550886169,0.53400441348052918,0.30725895673115616
2063,0.41119406238115624,0.14910023266427452,0.48247669926992376,0.26545436275238987
2064,0.24281571289027343,0.46802679584355794,0.50811911794300535,0.28900622643006996
2065,0.20446580810077722,0.96697066430478595,0.5444655403358406,0.32097566001981048
2066,0.9491238211709192,0.67198508436762494,0.53780530824344186,0.30416614563186295
2067,0.53591550144535727,0.74690467118005033,0.53736133604174907,0.30868202028455222
2068,0.45651621299254475,0.96087092529105733,0.55077737642149682,0.32151477452252664
2069,0.59251147832249995,0.43086821316404966,0.5129442302685997,0.28754585113808295
2070,0.8420847147024354,0.94963416474758422,0.55645072693983566,0.32112410776359662
2071,0.14816688614484155,0.7091771634173929,0.52431807583217216,0.30473640535331858
2072,0.23449624068894193,0.75067098619890171,0.53027741797210104,0.30793671173504433
2073,0.34245577564752899,0.0660039347537444,0.47204332932471788,0.25820739959795691
2074,0.90482568976018818,0.75009843305888357,0.54318464772381281,0.30911735530693663
2075,0.180734358596534,0.78211567095314383,0.53083679872459577,0.30960689400847435
2076,0.7976363850159921,0.87168644056472699,0.55054553807455875,0.31654215528456536
2077,0.97499840482481537,0.18481721167321086,0.4948954329867768,0.2693303837847752
2078,0.34231762870365057,0.01722757462806767,0.46662308946747394,0.2539778512147044
2079,0.82943776808351977,0.37467474886047425,0.51149818389572443,0.28375576624119758
2080,0.9939175661908114,0.40686220429254466,0.51633020060662582,0.28615604643399312
2081,0.60755766575942982,0.59644064773627326,0.52708663604568951,0.29902863658672452
2082,0.52520327629550589,0.25952374080285662,0.49589759774990133,0.27461917671994779
2083,0.8068236535351142,0.46224111661867939,0.51896006339346024,0.29002524924318035
2084,0.25962177413337628,0.65619360851437092,0.52390315058021797,0.30196208878799913
2085,0.53374626062820907,0.80146956046073459,0.54130455385099785,0.31208331867229072
2086,0.053209918352554092,0.44527075367231156,0.49945892331204117,0.28591642597236799
2087,0.93517464512401494,0.24191177244350548,0.50020000242993778,0.27380920010005616
2088,0.71795289241840365,0.69185883124199465,0.53632047810188643,0.30538818265269035
2089,0.29805350236451489,0.35649080299882918,0.49985693292570288,0.28117998585046944
2090,0.61831522000323758,0.11654248412718299,0.48300290416048342,0.26334615636519138
2091,0.48963667449849896,0.6476771889777273,0.5289067429331652,0.30220814981141192
2092,0.26944577215266186,0.92606614987993385,0.5437264105845524,0.31888281054786399
2093,0.98217938149656414,0.28729854001981436,0.50513717680679981,0.27731776937591818
2094,0.5119282832472003,0.73904651489615214,0.53630885938785977,0.30814277013651536
2095,0.26571219614126018,0.15750826347676339,0.47974460751271286,0.26547668938524471
2096,0.2373807585225324,0.13843595960870153,0.47697656981086251,0.26374402624341131
2097,0.69595887913851773,0.56689541485129169,0.5261459229382015,0.29715004720680799
2098,0.42200819408850515,0.061062509766069709,0.47330859451706059,0.25811008086234671
2099,0.016197244432207662,0.51717045758784519,0.50389286372583586,0.29061543572309789
2100,0.14263473409611033,0.5357076274489635,0.51050495435804422,0.29309304423366556
2101,0.053617414915666455,0.097522032719000715,0.46650171124269263,0.2588721865776924
2102,0.89686135015689072,0.37489203917669367,0.51235462334907855,0.28381016035840922
2103,0.58956940282174619,0.44922479775388496,0.51449512670510489,0.28885162615926052
2104,0.10002543729470345,0.81890474953661918,0.53052943668704611,0.31131313217337392
2105,0.73670844565903537,0.84589414616042047,0.5478832040272742,0.31498184447011685
2106,0.34504627716521502,0.70089859146195244,0.52967192355105452,0.3052486669013022
2107,0.21697302866416285,0.41489236440524696,0.50272940478768624,0.28503259314016799
2108,0.58799345515595058,0.67606907663889004,0.53298612829147618,0.30423747455592959
2109,0.028753382062527817,0.79729152536162873,0.52598321229240075,0.309289903764428
2110,0.86141597291046057,0.43979454259494088,0.51771239538298774,0.28846864568225217
2111,0.8224337170731858,0.11012357279575663,0.48526919288423126,0.26312328561164866
2112,0.3943073403980234,0.94495772678478396,0.54829805095749384,0.32043774712636464
2113,0.35616247185972755,0.12987950236381732,0.47920757702785072,0.26364837400569269
2114,0.045356944138335534,0.93087113675071165,0.53601315952481754,0.31763708018765696
2115,0.92671369054660913,0.11953322514592438,0.48752718161518982,0.26399602089371643
2116,0.0771366882440052,0.55486141678384748,0.50957630754231609,0.29385941370138857
2117,0.29101617428661558,0.60363545175042244,0.52068264860864688,0.29862155748732411
2118,0.39552460252329474,0.69750470155040967,0.53065969498309895,0.30520143722429594
2119,0.062362059872795368,0.28475689260683723,0.48543589020264227,0.27405119851810672
2120,0.20432903134674998,0.046698661129886757,0.46621717370711724,0.25578029769136018
2121,0.81130069421593798,0.56744691840965533,0.52784137595429326,0.2972689574737522
2122,0.81656157216118885,0.36277095451267671,0.51024460963751495,0.28287298885493278
2123,0.84635248264438712,0.29816047967475606,0.50459454582574048,0.27807034536642405
2124,0.1075478727534297,0.80086517800270818,0.52953438626606952,0.3102512024354433
2125,0.89732934385415875,0.34971946304991142,0.51005358771323683,0.28196046461897084
2126,0.57450957507233835,0.87879182404143508,0.54753578816418436,0.31684388617318282
2127,0.89403385767558363,0.28526303281137955,0.50394467437732082,0.27712201439050332
2128,0.55025559493707266,0.83999749722556449,0.54436927878688035,0.31446991250089473
2129,0.688067982015654,0.31039273766317638,0.5035521271760367,0.27883021215817139
2130,0.99490057752780847,0.52723792787784474,0.52671968848429929,0.29458224933171373
2131,0.36167928269145777,0.7223968556980952,0.53171153106869884,0.3066893807270854
2132,0.56341880439886594,0.89368581597117014,0.54836183070411404,0.31772087051298648
2133,0.80282363979016669,0.867881455124903,0.55035041791597228,0.31631498014253429
2134,0.0018080979172489606,0.53864774488377154,0.5049910734613593,0.29194210252485142
2135,0.39133035526407189,0.86361011305091673,0.54265077854747923,0.31557293467119857
2136,0.24033194737926825,0.44630234353175624,0.50617898130271854,0.28744081184091669
2137,0.48864803198402518,0.53420005247775704,0.51977792118494626,0.29458305614681712
2138,0.042068040238914549,0.56883344822508519,0.50923804761704827,0.294470352183068
2139,0.9674114216965507,0.40830102893015136,0.5161713750782646,0.28625470292609373
2140,0.41844501201858514,0.36810263102097673,0.50388002300283397,0.28253479109616941
2141,0.63845868166504671,0.58139673476951437,0.52640166277777489,0.29806235006167203
2142,0.93806971052888555,0.1144395654861466,0.48710836390013795,0.26358241772495444
2143,0.24029438509034226,0.4811722865384887,0.50916169754950658,0.28992370384017407
2144,0.50169923899212154,0.85655589192836779,0.54458659919058183,0.31539777399510355
2145,0.37996864390621193,0.91687393902909253,0.54605151360706961,0.3187370384694842
2146,0.57879435961890269,0.85867386280103819,0.54621103302644047,0.31563883573547419
2147,0.071725146650022359,0.40210212912395366,0.49646957972093542,0.2829655942118513
2148,0.27710040757617682,0.98190464708177605,0.54768691798802016,0.32220291582025301
2149,0.36906517751876966,0.88596150445282695,0.54366191056555435,0.31685610730824232
2150,0.4788719089188031,0.066677307232038588,0.47509388121742896,0.25878392134180833
2151,0.8321110550740618,0.0080830784048535852,0.47402386477505443,0.25441315223818889
2152,0.16240506683628775,0.49052928182979816,0.50744569187608912,0.29008365485043908
2153,0.84544522374534281,0.45448168117447058,0.51879118741326025,0.28950058331487472
2154,0.55031041893345534,0.27252065985297086,0.49762436668346371,0.27568570695661593
2155,0.41405337639366047,0.34261962297892895,0.50145144544301812,0.28062342995407064
2156,0.97513254595076437,0.31867527267654661,0.50804378918695015,0.27968225360550719
2157,0.22224750790315448,0.00077488969826372339,0.46161816145437462,0.25187672223058105
2158,0.81389905877312418,0.53497736879860758,0.52520830302970989,0.29507008864106754
2159,0.10978071090296145,0.9030914798595826,0.53678345373393388,0.3165419177568663
2160,0.62937671987434163,0.10713989991698182,0.48217760515393776,0.26258480341485235
2161,0.046386363036523111,0.64905339133291273,0.5157373318908447,0.29991741000724531
2162,0.73385384086411209,0.75475541050223405,0.54127087216839864,0.30938001843368051
2163,0.018225752302946058,0.4023594837751589,0.49423261953489211,0.28242287983791448
2164,0.62079674191185041,0.55583679287709531,0.52402637218907411,0.29631200997272888
2165,0.062414709542796487,0.10986645967456281,0.46813764479763142,0.25999744402566805
2166,0.035998497076740028,0.60108726734399098,0.51154229388135186,0.2965991183846331
2167,0.014815338507888373,0.11463230176778744,0.46670014137272847,0.25988976985016105
2168,0.066421533800021276,0.067838563777122177,0.46384875995664809,0.25648048619722197
2169,0.48989230016550284,0.59686090425445004,0.52490110492470776,0.29883888063588654
2170,0.84803193939611088,0.055984701045986733,0.47965754356339463,0.2585829536057288
2171,0.71269843864928695,0.42409044521154143,0.51429916329067615,0.28723212455056557
2172,0.57120189381594544,0.27506146698122613,0.4982479633128673,0.27592835222723727
2173,0.44667015417175138,0.5809342578875949,0.52270768025156233,0.29765841285479938
2174,0.11578049738203408,0.59560956956892042,0.51435438530403588,0.29697800493071169
2175,0.28607247305860511,0.77770968742083069,0.53378267892868092,0.30989587187566325
2176,0.46218005831687481,0.33217664422156523,0.5015328871175827,0.27999460929754588
2177,0.85603755382833779,0.76844087407529593,0.54393793623150888,0.31026098607163638
2178,0.53327434061173118,0.74000710727433905,0.53679887685399863,0.30824201931626311
2179,0.64829373112913458,0.79119328495016095,0.54260414240458033,0.31158780140711634
2180,0.1378542523635202,0.76952028416268303,0.52840936067269395,0.30851723748351301
2181,0.35363184994623298,0.65959853134133162,0.52673194103696097,0.30259445436681098
2182,0.38729594991466731,0.048211124389350879,0.47112931229304872,0.25687010340500604
2183,0.19404775905174904,0.36966764596492291,0.49798227267179218,0.28156204040865179
2184,0.830243787570356,0.61800197130468437,0.53215063787677219,0.30064264586048134
2185,0.89644029138878689,0.072280048605042974,0.48204383006788831,0.2600168538875855
2186,0.84193766785500346,0.79185237302222522,0.54546335405826574,0.31170636178381217
2187,0.44485024430913622,0.60097019742931002,0.52427495221872256,0.29900052153451079
2188,0.42980483058864483,0.44096616904576075,0.51060996163287309,0.2878763195223355
2189,0.27635999313761717,0.57414234170619172,0.5179071151178456,0.29655893694032992
2190,0.78601957183846971,0.99987369586682184,0.5590372764624173,0.32402212528280216
2191,0.13436115423456069,0.86348647613193608,0.53497924019774479,0.31432800978188291
2192,0.14589606423900695,0.99078707841980507,0.5440219123512452,0.32200740801753452
2193,0.61111621993622978,0.61460215630567405,0.52859565171669676,0.30024259957384031
2194,0.72913473338751367,0.5802074789231294,0.52772585330279032,0.29807499547612865
2195,0.74312474997887623,0.36483481152910974,0.50942534874175038,0.28295879920305761
2196,0.14866308630189159,0.63405209129246654,0.5185865755014103,0.29981309387514271
2197,0.45355867057180732,0.81980331448010413,0.54097629686422888,0.31305839162670424
2198,0.37220127359005861,0.62767727257910888,0.52470606769508699,0.300555543073524
2199,0.069387053143058444,0.068873253838636447,0.46407249330758138,0.25659780729423864
2200,0.81307063846295935,0.1500599976353231,0.48938546596662547,0.26640207643936009
2201,0.53145582843107397,0.20002718823669713,0.49013102350307886,0.26995022113393369
2202,0.37417285128590888,0.61773549188041366,0.52397083414296142,0.29990135286973202
2203,0.24663723753598751,0.64119014999741919,0.5223523648940025,0.30090414772688434
2204,0.16687039838026979,0.36203647431061842,0.49639956380536521,0.28080503532334911
2205,0.53983375975949466,0.84636065735492161,0.54462042748370643,0.31484154619461019
2206,0.18934397148763529,0.90545632792344555,0.53981488041677816,0.31723548080459818
2207,0.4248773188552703,0.28024239227905634,0.49583899578142576,0.27592495940670481
2208,0.12919339771600208,0.16171597884848016,0.47593048839523866,0.2648904948902423
2209,0.0078907352653215645,0.27373115709534612,0.48209797472145777,0.2726081853206978
2210,0.04007691924582469,0.49783012033029228,0.5033443958234719,0.2895211903540682
2211,0.20846728751979537,0.80800765740732905,0.53362198183767806,0.31139399525612982
2212,0.94373848170301655,0.7407288506571087,0.54294170986113988,0.30852574378256042
2213,0.3985756145846448,0.69686931258012785,0.53068363061452772,0.30516984820794057
2214,0.99210898549974669,0.69454129573536338,0.54000369188400921,0.30560051790055071
2215,0.9481951900409884,0.020517395264434163,0.47679899877865395,0.255611581373685
2216,0.13862297835071805,0.74976188568464719,0.52699013767157288,0.30726968356786616
2217,0.96978538642622303,0.20117324597925182,0.4965066338883159,0.27062935493621659
2218,0.23072202351145679,0.038853235010954092,0.46612439076177919,0.25526980956021655
2219,0.29889310130673691,0.9417899246102549,0.54562807444432426,0.31993811464693189
2220,0.92428761003982507,0.090749353191314733,0.48438979285164668,0.26159706126151211
2221,0.1655487297624699,0.69541416658271338,0.5238938041993848,0.30396756747567877
2222,0.93596060083600463,0.46782033939327816,0.52103545197031365,0.29047083713806732
2223,0.60776548300177091,0.49538397540122969,0.51877075926382121,0.29213270771771682
2224,0.69440450319313674,0.47192377386511075,0.5181837253824858,0.29060788904772661
2225,0.85356859674229058,0.56255391062864801,0.52798997541465931,0.29695617764975896
2226,0.40845621793315517,0.35720098563384967,0.50266178856442667,0.28169189975000997
2227,0.99454878159301596,0.45582622268005513,0.52064588082127039,0.28963740698409896
2228,0.45547213774492268,0.47833272938431476,0.51438978339028596,0.29060750919941652
2229,0.7778434332828853,0.42495560984817571,0.51531230050650323,0.28735666483969458
2230,0.42911023351250921,0.15618760823089398,0.48360125158836997,0.26609935002506091
2231,0.51786438732802642,0.43551275155382463,0.51196799379942504,0.28772534071790451
2232,0.58571574098194246,0.058302677149546803,0.47612769648426845,0.25835671071821548
2233,0.51515873920788291,0.35058936351278103,0.50430362130629014,0.28151609444885456
2234,0.76757128040933753,0.95458814022197624,0.55578611282172352,0.32141909127922358
2235,0.25381697893653765,0.81688053432680907,0.53566748726501945,0.31218633668257295
2236,0.59995290888239394,0.35041757658467393,0.50584477763390567,0.28168672938097383
2237,0.61134317323743603,0.14030651461289964,0.48540111918458195,0.26529628229858626
2238,0.22753763678470862,0.9989487314924248,0.54731695067997155,0.32296489854588839
2239,0.3425119553464116,0.76383378009501612,0.53429487420408961,0.30925109302193132
2240,0.43587932805073215,0.81362298519763865,0.54014494203085706,0.31263611737464697
2241,0.89998438392797253,0.3226484215163975,0.50756501067852589,0.2799483271211704
2242,0.30383930870956977,0.45567133435729196,0.50879536979988527,0.28844079374435272
2243,0.064613319590559701,0.83230597057089917,0.53003764670296349,0.31182996981955807
2244,0.88527646126582993,0.103997188494273,0.48537863425532035,0.2626736552759929
2245,0.18052869266445051,0.41944838091180431,0.50195966401062975,0.28512507586829539
2246,0.37575738004638115,0.6565882260904532,0.52704856947327039,0.30247534008846227
2247,0.14781311035585823,0.54399663425210165,0.51136809106500847,0.29370512252699277
2248,0.82534952404944928,0.77569910090815986,0.54407495559910313,0.31070911107007654
2249,0.25207148369400528,0.91074092271338458,0.54216858760040376,0.31788880821988358
2250,0.49544633395675336,0.53103324477473512,0.51965416210578774,0.29438152911166537
2251,0.1493661003286601,0.48155304848045349,0.50623542183417281,0.289353153732539
2252,0.20117743463391671,0.4366801393050817,0.50413307181681688,0.28651024529620406
2253,0.4802981576933642,0.27587892126456137,0.49659370714271533,0.27576299599523951
2254,0.25376430965507174,0.28247040696452608,0.49173788103429528,0.27533402737635898
2255,0.072100077474571297,0.68362443253755334,0.51946590293179928,0.30244539627624195
2256,0.58998962637326924,0.58604871662628144,0.52594369886171444,0.29830632962239972
2257,0.21829932409644828,0.3220381779387011,0.49439455280155037,0.27814725013952174
2258,0.058938266867061613,0.21506289758834757,0.47862253947112515,0.26855352880026939
2259,0.53612958634485264,0.57616522140331805,0.52415217792551783,0.29754613425916404
2260,0.015402784673392308,0.93079598991506507,0.53465415867319932,0.31732102785453864
2261,0.45140361282838276,0.84290484578543123,0.54256928999660392,0.31446755840663831
2262,0.88698983785716123,0.16462040404902073,0.49181835494533982,0.26765162501857842
2263,0.044922575777035678,0.90072267495741842,0.53394621300136824,0.31582161181969642
2264,0.57049990046439925,0.71173287131841056,0.53538299572620562,0.30650501870018348
2265,0.70158223959201715,0.77732387650465828,0.54244205163518611,0.31076802746009907
2266,0.88290405365851476,0.55440944717846574,0.527687249051076,0.29641498135360356
2267,0.83155636992676885,0.06724039956923808,0.48070523318225838,0.25952564629675173
2268,0.26433479218137224,0.71500683262510001,0.52852186739491347,0.30581127109088291
2269,0.51540622608753617,0.94238457750574456,0.55075838584863257,0.32053546464824867
2270,0.58906837524004518,0.9871852063098574,0.55512762673490335,0.32322732945898253
2271,0.25164511521089589,0.56597756794368625,0.51652774799017531,0.29587573755462698
2272,0.2253861352457083,0.865571498425596,0.53823071032228453,0.31502881407506383
2273,0.38446673544187798,0.36549432643087348,0.50286044387539375,0.2822208813755871
2274,0.059106281712756024,0.81517164536666831,0.52858965169297567,0.31071428172157678
2275,0.79843112976959674,0.3453003862830461,0.50839660267643738,0.28156744583550058
2276,0.24951598062700359,0.72651625214103843,0.52894348771216337,0.30647544988898173
2277,0.50530718684265152,0.70577320956533074,0.53368248694578535,0.3060103084078879
2278,0.28848052879100433,0.68578848296866057,0.52700512065864868,0.30403659514104958
2279,0.66242398677024761,0.99685299948226891,0.55700577253175199,0.32383107336789885
2280,0.50627223825434919,0.59692725793841528,0.52523811073017102,0.29888013596605151
2281,0.65534551129230534,0.38355365133824526,0.50979000368355332,0.28422196573624431
2282,0.89523160214141251,0.42786230146401794,0.51707747236256107,0.28763395639069395
2283,0.50957063850018902,0.15795456119860757,0.48541996213705912,0.26649585127585407
2284,0.28548319259808635,0.10059963793399512,0.47433328957672383,0.26086287399486502
2285,0.2773372462689993,0.06459442788978341,0.4702376775649198,0.25776161721435203
2286,0.57461738162009279,0.40416584946460787,0.51026435370793144,0.28558593030115503
2287,0.44024415368741615,0.72642091552378851,0.53386190100691688,0.30718200078482605
2288,0.79729504631004533,0.96713368537485378,0.55703104904767109,0.32214343912681509
2289,0.62088074883624211,0.65942440403561342,0.53227643243617706,0.3032007635426579
2290,0.68293552680007419,0.74757921065263222,0.53996751135337429,0.30889885541093548
2291,0.85142658902305413,0.90432780199168483,0.55350083918423987,0.31847438308765502
2292,0.59597241671812951,0.24466999510246096,0.49572942193297875,0.27362376429195612
2293,0.70086467928901552,0.05335451645670692,0.4773943639987589,0.25816047158695238
2294,0.39525358812314226,0.65540779580847597,0.52742578622257485,0.30246202100576985
2295,0.0057505075808265251,0.65391609964323005,0.51428734846551649,0.29979507268719868
2296,0.037584159844054374,0.52224253546808608,0.5052575062663186,0.29120519447133347
2297,0.79685620555790382,0.019611580100900028,0.47490315259620824,0.25537979298522007
2298,0.065146092561155097,0.7971119798534434,0.52755366071477494,0.30964370070447711
2299,0.78812793747190157,0.39635542908505306,0.51290861916486807,0.28530404004803334
2300,0.59686142342371162,0.060365183699817866,0.47654427175752817,0.2585589876147556
2301,0.81948297094897138,0.47233982000405667,0.51999724743930698,0.29074232649235399
2302,0.76588083076403712,0.5673546047664364,0.52721260291670491,0.2972374419245517
2303,0.88460229920187272,0.99780235221969193,0.56016870040718769,0.32387658315859813
2304,0.077039368427370206,0.47662652188312499,0.50310232370006103,0.28839180351428484
2305,0.88833222162699099,0.80006823598233756,0.54663393312857333,0.3122072855256624
2306,0.91176703109274393,0.33920825195946963,0.50925024388865581,0.28118867528746233
2307,0.11102835721216398,0.93396962461258526,0.53892940318732185,0.31840158712774258
2308,0.89212372636293291,0.91439208487997525,0.55468910245534586,0.31905540888639655
2309,0.71862717954780675,0.32290617032638985,0.50518900911603959,0.27981315660449924
2310,0.32490085645479849,0.88609090369915355,0.54253612705563548,0.31671514795544581
2311,0.97637408179839846,0.83736453078453199,0.55030656936527222,0.31444614493418693
2312,0.72164609698340065,0.37923043874193685,0.51042208797284783,0.28399193605566558
2313,0.89398348461579302,0.231224365241325,0.49866458676934311,0.27295135591419567
2314,0.50933853989298228,0.90674192700058931,0.54821778359565787,0.31842139228584426
2315,0.12587444188977825,0.77970808428452587,0.52870647125987946,0.30906926088328829
2316,0.74004816200855417,0.50067665261990624,0.52131392925382491,0.29266053087830968
2317,0.28535163521688661,0.19085002999928546,0.48366729035538031,0.26828876623156833
2318,0.89107781629125826,0.13612907961696619,0.48888205094413945,0.26533534942506498
2319,0.44954213683974231,0.86805527084277712,0.54429325502503834,0.31598921761621246
2320,0.3954018271459383,0.57469793163834837,0.52104060124438412,0.29708169146234081
2321,0.95112387784995378,0.91189220332176191,0.55520247368151721,0.31888502942907637
2322,0.27408139968618056,0.82319614168632549,0.53671388905103568,0.31267255706977187
2323,0.82467860328572573,0.90290202216120674,0.55305990917675951,0.3183942029303356
2324,0.80959592792080948,0.36910262031751923,0.51073141591736515,0.28333297550900477
2325,0.23665151354715927,0.76927032948898844,0.5317085657568742,0.30912481689295451
2326,0.89892071379750271,0.60169576177567941,0.5317092547063561,0.29958068629176854
2327,0.75341291291719548,0.71540715529582233,0.53862294381230391,0.30691053096236254
2328,0.060684470520692417,0.18644228305987781,0.47586948300283105,0.26627608093306243
2329,0.64577705962335463,0.3650603837572155,0.5079562449486269,0.28284917416328464
2330,0.22763324725526621,0.35168347532119371,0.49740251753366765,0.28043636554701584
2331,0.41911715687114048,0.27691302072460533,0.49539285142329265,0.27564850093718418
2332,0.97621081647834518,0.86152047707777246,0.55200266591569724,0.31589432993333955
2333,0.065682696057518489,0.4035069245524821,0.496348987312978,0.28300958907042312
2334,0.43162919894043594,0.6888203458395904,0.53083166801297421,0.30474543546676969
2335,0.96407254202653425,0.74749770712783803,0.54367117898304129,0.30894364693226123
2336,0.014328061102831271,0.21623011196422159,0.47687817423974915,0.2681661562196514
2337,0.80514500903558217,0.69010686499673179,0.53742323183897334,0.30531756730407295
2338,0.38745122538193827,0.36022215000329311,0.50245126139765439,0.28184078310226135
2339,0.11867089809851022,0.39133213426856095,0.49732375317928973,0.28259749766560704
2340,0.40492817407358672,0.49439056281506782,0.51462700352895008,0.2915804339778833
2341,0.27907331890357895,0.26404761852481168,0.4906908430828123,0.27404611579825361
2342,0.56550155470882313,0.87917080261894742,0.54739694210591838,0.31685572485914015
2343,0.10355362975097961,0.52505298131947642,0.5081810267743585,0.29203551205499784
2344,0.48928555473118324,0.6416685574202915,0.52843084241023874,0.30181248700403035
2345,0.81981494749874118,0.18623576982257656,0.49321414159640337,0.26933115487433645
2346,0.63756157866354335,0.79779071373121124,0.54290332403516539,0.3119855367944358
2347,0.93616329517614794,0.78080476050629521,0.54580130731318111,0.31101503179339457
2348,0.25708157135077053,0.30812248007355958,0.49425083602120307,0.27731948164567261
2349,0.65465212270406781,0.99816461380586274,0.55696603688663016,0.32390259771561053
2350,0.1737495572508895,0.016551640084374229,0.46194221772580768,0.25294019284702612
2351,0.82897224896977428,0.8075435114756343,0.54642723962780504,0.31266795768766292
2352,0.13072880724017741,0.072325781244284015,0.46665003816714018,0.25743904263933376
2353,0.12429677746795352,0.3590914006081759,0.49464514024505901,0.28025525968520065
2354,0.43831467405142033,0.59005197999529779,0.52325751424441069,0.29824959005300561
2355,0.84340990587781417,0.76294910910752367,0.54337504585282481,0.30991965586914405
2356,0.14016336371746149,0.12593992441139418,0.47263433855139458,0.26203117722993535
2357,0.71753806138661458,0.05059877654040465,0.47732807230299346,0.25795090837396517
2358,0.71465245391795185,0.8822089147845168,0.55009293801349313,0.31715314790966309
2359,0.64359092223030756,0.7981685971620609,0.54303081317606838,0.31201424795978672
2360,0.5667515348194051,0.10483519678182202,0.48087355413552041,0.26225435850455381
2361,0.40581946857263101,0.64394765858793401,0.5267830123238425,0.30174168826864756
2362,0.29420157774913824,0.79087599139394016,0.53496668250625445,0.31075543630088592
2363,0.51849674170363003,0.7476401832666365,0.5370764003045172,0.3086978688394868
2364,0.055696102757158222,0.28915348831742305,0.4855783714766953,0.27432289264107867
2365,0.090896352512890022,0.66649823930998098,0.51892038868781509,0.30149326968104284
2366,0.73209090410423239,0.29901419421216707,0.50313123183551001,0.27802560979395768
2367,0.47994762244221062,0.58776573748759697,0.52396656562083654,0.2982047327871713
2368,0.85752004655554193,0.32532775074752285,0.50730055665651508,0.28012373842292404
2369,0.34041501558696624,0.9329363776469487,0.54614652995009993,0.31956619051308033
2370,0.58984864708419193,0.19279309921771054,0.49044992132615572,0.26950866365492027
2371,0.095136157403572008,0.82232954309046036,0.53057953808946401,0.31148456525646634
2372,0.75352594896432712,0.49513275732329354,0.5210388330144109,0.29228702450559763
2373,0.33914165494922782,0.60850137911244528,0.52236009921144211,0.29915452051967434
2374,0.99879148650491845,0.47351996761438209,0.5222182583706223,0.29087715505414302
2375,0.8556574043878471,0.9240060467435397,0.55489495898356511,0.31962869110396908
2376,0.46634143928635169,0.01554636299511185,0.4691339076545249,0.2543138239669232
2377,0.42411062477921374,0.22472518066096819,0.49042228522502829,0.2715906816177675
2378,0.24963896418124207,0.29657499629353407,0.49295221999454819,0.2763947885750665
2379,0.17385440817616182,0.23890907199356007,0.48510217883736906,0.27142625517743396
2380,0.42731513735678744,0.019324472228891682,0.46876448634431273,0.25451020392525547
2381,0.39036324496433372,0.629028832461487,0.52525126195088201,0.3007066701077124
2382,0.15911016865338898,0.81177271351962121,0.53222352128815276,0.31131738128063086
2383,0.37938786735635949,0.75548694122125171,0.53460581465506107,0.30885066848673076
2384,0.59332630826771493,0.98236807276332994,0.5548854391895548,0.32295337972103616
2385,0.8757014933959465,0.48005470995845972,0.52137198923293138,0.29130846160645885
2386,0.34392302345234205,0.42916846659550212,0.5075438143972425,0.28671636524635025
2387,0.96292281694450654,0.31829804779159604,0.50787475892039013,0.27964993439916958
2388,0.91462642037690389,0.5530883016780368,0.52795811189639108,0.29633189615949046
2389,0.68373152185924124,0.17910033133976394,0.49057735554582421,0.26858429603907885
2390,0.47464481631339295,0.41790375213384395,0.50955084887847313,0.28634824577473117
2391,0.17167078397060978,0.1917475361385732,0.48038600272067494,0.26765494020584846
2392,0.21850903321133228,0.5405338423242676,0.51344246388515813,0.29394185930187977
2393,0.88991926476376837,0.24999909355285344,0.50047097463862067,0.27441005547352865
2394,0.62844944101105216,0.87175657109649618,0.54799313309357844,0.3164763031532104
2395,0.46740322731271156,0.53959483870136327,0.5197816927989789,0.29490006649807066
2396,0.27192464258704568,0.14148992660172519,0.47826389414127496,0.26419546171283537
2397,0.87228583560081907,0.92956043476994388,0.55547765332749965,0.31994879767933143
2398,0.18551787796005373,0.28187980403996776,0.48960153256705191,0.27485928664593595
2399,0.15879178590482335,0.067746865285199603,0.46709029524552931,0.25726809414430346
2400,0.77052933576774096,0.31720797039166793,0.50539628799196123,0.27944280313334674
2401,0.17540100730437552,0.56186102917726388,0.51377722984584062,0.29513081819305942
2402,0.0023594039171119224,0.23249935162443436,0.47792696348842262,0.26931609384630334
2403,0.98042280694983208,0.34209024808021499,0.51028972007542306,0.28142748756579061
2404,0.49923923963004491,0.46615152318113251,0.5142551316587064,0.28986267461719278
2405,0.28168235868649794,0.47089740275555525,0.50949024243534935,0.28941690133338382
2406,0.038046156163921117,0.98684530326459785,0.5394185891639024,0.32087707319979231
2407,0.50892616940940494,0.62611773145176697,0.52760850702692585,0.30082909730883362
2408,0.94133988580465089,0.99318381175667758,0.56052854837935839,0.32358516208016863
2409,0.42719191852150257,0.76125107229923605,0.53615132616173788,0.30935294103178779
2410,0.61347669056608578,0.9407995105507202,0.55246493610850356,0.32055492097257382
2411,0.71015564900460892,0.90986135486209541,0.55192709729922296,0.31879189644262784
2412,0.11477085769268451,0.88561753526338149,0.53577561519858841,0.31552548933581254
2413,0.39776233104629211,0.91462824138161969,0.54632611043782664,0.31865315852895942
2414,0.64348115565733754,0.17862208204377675,0.4898989055402761,0.26847671839260889
2415,0.51097862751587531,0.46902004033814887,0.51473531085069735,0.29009359823714448
2416,0.9661494483366726,0.55704588486299622,0.52886930983197278,0.29660269461464955
2417,0.80232496837134237,0.66280860821221732,0.53528887741790721,0.30355920802567321
2418,0.075596090489707418,0.0023946085162577222,0.45702600325091647,0.25087893726042848
2419,0.58298452286479296,0.086756294302979944,0.47920322530257858,0.260772197783537
2420,0.82456642452528472,0.56132478321819801,0.52751696243913782,0.29686241007248959
2421,0.53461301654226856,0.8848466251714272,0.54720744887576134,0.31715415935544689
2422,0.96930382043319996,0.79583454265104381,0.54726193878635354,0.31192783824685055
2423,0.4646626676092972,0.17111842806973729,0.48588461495504826,0.26743333819213316
2424,0.18921894490722335,0.1662570659396588,0.4783796296937376,0.26571452435251314
2425,0.22471646678069374,0.12558600128743566,0.47527020757332389,0.26260113585323508
2426,0.24300030621428742,0.61207243726801819,0.5199577147811747,0.29894534299660841
2427,0.21277694744506154,0.023036523203400432,0.46384773820107594,0.2537766233440098
2428,0.98940357271918333,0.76182666925889209,0.54500374858156009,0.3098265820264608
2429,0.14069773839298871,0.16981493573588086,0.47714808645809575,0.26564385857040912
2430,0.4988493927075644,0.017993922172242313,0.47004360798327433,0.25463077597173323
2431,0.10242496034827782,0.093582287917134827,0.46792373773871815,0.25900311668761444
2432,0.54317102387367056,0.49668257571303986,0.51771316905607667,0.29210627227856445
2433,0.13854944969679928,0.92112267264729597,0.53909847953240864,0.31784105386403849
2434,0.71051055657354889,0.79557372599852971,0.54390270924085538,0.31190132921247138
2435,0.91378337250353081,0.48631329179011518,0.52236318074037957,0.29175610432435622
2436,0.70677731349513628,0.56013881877689864,0.52576020520773381,0.29670372486413565
2437,0.79296224782824287,0.40437592606489781,0.51369214205863478,0.28588846346220848
2438,0.67980538298151227,0.1001452232962125,0.48221429924369713,0.26209326270278793
2439,0.26175295451927233,0.92832527446126334,0.54365337583123363,0.31898241548537165
2440,0.53695624013455823,0.31762260356222977,0.50166192117244934,0.2790968597804056
2441,0.85431008347488246,0.3765493672232027,0.51198506613151118,0.2839088175989532
2442,0.42349639573727038,0.85473729459430325,0.54278023120124896,0.31512097841960041
2443,0.25940887360776543,0.061275952325423717,0.46939074790811569,0.2573768327526883
2444,0.37957622113371037,0.55169808798247255,0.51879204483182673,0.29546135345864782
2445,0.78887239160250178,0.92721361083762022,0.55423838134494974,0.31982467746909216
2446,0.79136448427130235,0.45529516691564353,0.51815095477916451,0.28952490035734596
2447,0.82377980876642987,0.42098581012311626,0.5155777053730809,0.28710566101299895
2448,0.44782363826999211,0.38584417518713748,0.50612827950306472,0.28393597139125021
2449,0.48600618310210997,0.19849063637909714,0.48909752400396461,0.26970279903733502
2450,0.90315426456435821,0.98745427493379689,0.55971124309275766,0.32327840755769888
2451,0.41008413166905522,0.65289637295742287,0.52757814057219787,0.30234310843726298
2452,0.3312698088226258,0.9858695180679089,0.54944289557294002,0.3226390637193578
2453,0.24593607372884874,0.74359107928961754,0.53010413546509283,0.30754704957793216
2454,0.23546164755687352,0.78327345041894592,0.53269125647666116,0.30999891697249549
2455,0.59403162484419303,0.066156963710079439,0.47713645790771397,0.25904788267050005
2456,0.63870086407797644,0.58921932274996081,0.52703603014833189,0.29858734806445913
2457,0.050854385941138031,0.24032331341725077,0.48074686338057171,0.27047139257675201
2458,0.58064329146953531,0.92380062428443932,0.55073624541673993,0.31952580389240393
2459,0.63492061854122439,0.45679251155589012,0.51592858276728104,0.28946279481082021
2460,0.043490544585918549,0.46912099747924368,0.50108019032526818,0.28752364726594803
2461,0.79825154902666107,0.54506907823315132,0.52583323327818654,0.29574893793005336
2462,0.48266941303188216,0.48061401541890814,0.51515566178091987,0.29084144960801206
2463,0.0022112471078871748,0.85793105529473401,0.52903947072109048,0.31275761900185811
2464,0.19776682901015738,0.88069522593155269,0.53839123272626965,0.31579223722567618
2465,0.29264284120666562,0.82716695875515001,0.53752495450754845,0.31299908612063088
2466,0.89332054700459129,0.96295194943588003,0.55797303588744085,0.32187744012977582
2467,0.61899274674282645,0.76242279922208989,0.54001384180803957,0.30977064234771534
2468,0.061065404601034247,0.95161975757366746,0.53808577027017057,0.31902285260220548
2469,0.55202533760351369,0.63844595195216836,0.5294106962107249,0.30172535831716746
2470,0.25721936235647885,0.35387982704647586,0.49847813816983155,0.28077215979789494
2471,0.0049867743898299524,0.26509765569275479,0.48115453617105197,0.27190328597907054
2472,0.61530550733428691,0.091691413126292171,0.48028177763066532,0.26125990823752887
2473,0.77741597654438821,0.24212088092347842,0.4982613607764656,0.27370120822559946
2474,0.3208750382891507,0.74685512545496457,0.53247648532741343,0.30809559870540332
2475,0.99751273631219528,0.70941030091164869,0.54118795810475651,0.30654235197510732
2476,0.40372630456016634,0.43292201776184375,0.50931774237387395,0.28721322825248807
2477,0.11467544677484549,0.39395128734571627,0.49740811816230912,0.28275643479041968
2478,0.15948431219278136,0.019868259883916474,0.46186124946986207,0.25312612427505554
2479,0.52806004156203712,0.42514205903153635,0.51125581223256944,0.28700391893464239
2480,0.64207201387059176,0.10186102649780224,0.48181368684613052,0.26216812474897316
2481,0.75839663639672805,0.20557341165834805,0.49435561462794109,0.27080512099727261
2482,0.95622463757040688,0.8528417854792788,0.55117494522434307,0.31538409028092818
2483,0.95827643573667165,0.32751636695213382,0.50868894404995191,0.28033739995755452
2484,0.32746908464973096,0.80918374142280081,0.53719014201728665,0.31202785174481718
2485,0.19396649125296392,0.96260063194701218,0.54382811386254482,0.32065912360450449
2486,0.7351477645113017,0.61031820232373435,0.53022857613129626,0.30008645226520236
2487,0.25244956063962309,0.3546882284533116,0.49841344599023796,0.28080586611502034
2488,0.7868859069429921,0.047833803040964996,0.47797001866546357,0.25781262443562675
2489,0.33553850302899957,0.71814903696357513,0.5307257204014646,0.30632224703840083
2490,0.11173679700704525,0.14438943369815824,0.47354661514881152,0.26332202142014011
2491,0.88985806560061176,0.64550953256975629,0.53506115555857769,0.30245536718428589
2492,0.30752995687267975,0.90135599203457828,0.54311820930752064,0.31756645663926031
2493,0.18787207893171581,0.026859083024517168,0.46352768101549446,0.25394344229552618
2494,0.67001392094168122,0.95667468004511902,0.55446721119186582,0.32151676720574129
2495,0.79075566442477285,0.75642992083203286,0.5421999275748226,0.30950566787159034
2496,0.71612447480539565,0.63327248887893517,0.53176088557349921,0.30158592167982984
2497,0.093378049521695372,0.603515742053499,0.5141177650469666,0.29732045446990601
2498,0.61012957870679674,0.2113125096595497,0.49266261458827354,0.27102675809782123
2499,0.96985375889894787,0.48270258155897028,0.52269182537179448,0.29151475043035152
2500,0.93302695841105887,0.87095857251045528,0.55217879387396474,0.31647491896673319
2501,0.77482139367136404,0.70618565412672474,0.53822966805518802,0.30633358830011609
2502,0.93810934138131563,0.011862311442208012,0.47569369291782598,0.2548479291081579
2503,0.90130377272992623,0.23180095610328719,0.49880822769401756,0.27300123913946051
2504,0.20270770336870339,0.064130622043053157,0.46807162413954045,0.25727059010442055
2505,0.5399945302459761,0.55539313465963347,0.52253563559730787,0.29614579075461084
2506,0.67316447604188001,0.61331112666275589,0.52952096401754023,0.3002311477682128
2507,0.435570164146449,0.26747021253985587,0.49484637692329836,0.27497454276606886
2508,0.9053577260603779,0.23732864448303589,0.49940396931169895,0.27343525841102123
2509,0.66577224610565466,0.50368072781850359,0.52043576329288543,0.2927913470745192
2510,0.76463876422914911,0.58170679553296645,0.52835902986133598,0.29820073249437168
2511,0.65447540444302144,0.7412007967024693,0.53903915942663194,0.30847407188266573
2512,0.44412402938335438,0.043469319642672782,0.47182589452167178,0.25667317943773782
2513,0.39293432578336218,0.32806163816914197,0.49962167567988691,0.27945451218232759
2514,0.58122952774151937,0.44808890568542992,0.51424820279684613,0.28875567243941214
2515,0.49733175680747954,0.29098155505064643,0.49837952394944768,0.27697078901606348
2516,0.66735694998168615,0.32685529215995923,0.50477512780430023,0.28003990895667213
2517,0.3991855157554266,0.52055830441060247,0.51668771221265697,0.29338443409042586
2518,0.18941731292166517,0.35511054084886567,0.49651685384274419,0.28044693489763284
2519,0.28631617139849114,0.080804778018721851,0.47223369779174368,0.25919335960220102
2520,0.96736237514078394,0.87322977863963469,0.55272170185633118,0.3165957249989706
2521,0.072876779367576819,0.86760679731123391,0.53285621207214195,0.31407605536216471
2522,0.11373916852379917,0.60217710508656463,0.51479808253575954,0.29740459946104736
2523,0.45299053870307981,0.84253928561463254,0.54257805798656389,0.31444883972054039
2524,0.071646076367225031,0.70987644781552961,0.52142644262036197,0.30414899180057092
2525,0.24980174317610218,0.91957787055718954,0.54270242069966557,0.31840573364400282
2526,0.40238216062550203,0.95655166649556489,0.54926682703246776,0.32113942334343992
2527,0.60557291961222659,0.84842991762132158,0.54596745867984586,0.315048959762329
2528,0.63866358089802089,0.81937784958517879,0.54447158045060717,0.31331225866524859
2529,0.13417151065076469,0.56768115163795885,0.51280046749032326,0.29522704602790456
2530,0.42014795768012991,0.31551533405756343,0.49907136511275424,0.27860317972124177
2531,0.44046636540055045,0.57725615844199207,0.52227474801956331,0.29739263779146413
2532,0.065436685826641042,0.3832452397126821,0.49455018083976726,0.28151680444339577
2533,0.70207959033133238,0.13284110118391693,0.48603957076006465,0.26484637500495828
2534,0.93130626743558098,0.3810126036430127,0.51331273824846413,0.28427051404019815
2535,0.35908387786854296,0.75845205629045387,0.53432180491562431,0.30897052367714473
2536,0.69320241447348385,0.7917300104999333,0.54335973686426686,0.31165430442433095
2537,0.25740802364636911,0.54231107445025117,0.51476852336121259,0.2942839037685302
2538,0.87637345876091866,0.2565367534539546,0.50094877130000648,0.27490677708732913
2539,0.91213006761182336,0.28148748177298116,0.50379456045306859,0.2768444726394827
2540,0.31249480691606879,0.25254500990522794,0.49047692950209604,0.27331808722064571
2541,0.0669696873972076,0.2368476701087435,0.48105836633328597,0.27036002911401513
2542,0.46037511604133763,0.93766591881726646,0.54930338795489175,0.32016217790976392
2543,0.76215441490799418,0.86417446980768586,0.54953148947347152,0.31608845940493857
2544,0.65151353036022053,0.10133881948291092,0.48190665691869711,0.26214235502569699
2545,0.30501097284083956,0.99185117949993584,0.54912951689110623,0.32289253066006834
2546,0.71480874583726983,0.29999364551600299,0.50297095108019541,0.27807848971093985
2547,0.94741453281504806,0.825018938466895,0.54911021054257547,0.31371180780168928
2548,0.70897526470773164,0.73361364550875741,0.53933183081124514,0.30803798364265483
2549,0.79984327489814033,0.039789767600025519,0.47723414536063735,0.25713574801924283
2550,0.91559511406532268,0.55175844011626907,0.52786026445744272,0.29624217937511682
2551,0.32947355727782707,0.58585697700019224,0.52030131993991258,0.29759274618098464
2552,0.49859088056763873,0.34961937313418606,0.50388807686237236,0.28140152801891216
2553,0.27353408691607184,0.20473568816162879,0.4847346811928403,0.26933962550915808
2554,0.65919157000825512,0.46548201378098458,0.517075777880592,0.29011110152602509
2555,0.29990377500309839,0.096345566212583805,0.47425770189787148,0.26057969655954089
2556,0.65181150261118315,0.79751223637949442,0.54311875529140929,0.311980831861987
2557,0.21251658856208672,0.79645822437602332,0.53292254713818232,0.31069762441830551
2558,0.56947909432746235,0.51369381647940027,0.51963277890262949,0.29333930131098779
2559,0.25225448111871956,0.58677671555719568,0.51822157639844624,0.29729217895078458
2560,0.61727664185984765,0.44072789497225318,0.51423564718824444,0.28829332957268561
2561,0.37916392036307373,0.12248933873538627,0.47897085088535407,0.26313178290661521
2562,0.16492262861499332,0.050466783838684207,0.46541118251014224,0.25582886819590994
2563,0.65721711998357202,0.74270135920163016,0.53919519193279042,0.30857104459285056
2564,0.7269405496713589,0.98397376046705765,0.55715321890607383,0.32311124778585382
2565,0.42441511256702941,0.67428942161028971,0.52955763347728579,0.30378287132259596
2566,0.37863630824583816,0.22571318804757903,0.48948881931182264,0.27149900148193207
2567,0.39691669459281259,0.40269267585583729,0.50649497490968876,0.28500059949305051
2568,0.9812872739800369,0.11214429159326246,0.48733075034037676,0.26341933387310112
2569,0.25298388261467919,0.72971271600356558,0.52928571651295686,0.30669775581476583
2570,0.56233533397401914,0.60180586851885309,0.52670601360949965,0.29931555140066168
2571,0.56102411963484489,0.0099410821154131551,0.47025591293344698,0.25409543813056856
2572,0.94405681357084548,0.20870332082690438,0.49698535081124684,0.27121182654492609
2573,0.8193063790699584,0.14092044340058929,0.48850620951508428,0.26566189074736962
2574,0.095468303313653455,0.28275376243618083,0.48653791163854249,0.27421127048319954
2575,0.07499004333360354,0.039087499677424788,0.46106114303826762,0.25408675407653641
2576,0.46263958383355058,0.38918624408248581,0.50674396805084032,0.28422488228121201
2577,0.30986188545826593,0.77501033323280277,0.53424652764595815,0.30982781890566591
2578,0.31251348346966551,0.58085770653054358,0.51944948779560329,0.29718258389484048
2579,0.15513084058162058,0.86284308419177547,0.53568831922677784,0.3144362013104281
2580,0.70843728595728761,0.06168916479320033,0.47843149729227702,0.25888684873434264
2581,0.86704621048489361,0.047419631189072976,0.47892829277909205,0.25786786299089032
2582,0.20425111604483101,0.32494906472746515,0.49422750917016472,0.27827782572389292
2583,0.20678571853333852,0.96651041179263264,0.54451061058688044,0.3209615020761456
2584,0.4687788576100837,0.8102406499682111,0.54061911268145235,0.31250323667570434
2585,0.31307316584427608,0.10708596760312794,0.47573997178228816,0.26154882330041973
2586,0.17971915557003812,0.14837261302199914,0.47625215756654316,0.26418378313476759
2587,0.11503395723333816,0.48601069240634098,0.50536535729619747,0.28939521263324663
2588,0.57311850503509632,0.83561883139548587,0.54448357786882484,0.3142339565101207
2589,0.93780355976045837,0.09119573475880316,0.48458956222590543,0.26164446186686352
2590,0.58610475036514698,0.95774081647355347,0.55312063267121303,0.32151948127150121
2591,0.67817725305402421,0.73387992914506472,0.53887491999326775,0.30803265054761103
2592,0.13387988602170955,0.24425490635846508,0.48426563976177828,0.27154130838541601
2593,0.44493394596170405,0.5241863911880762,0.51802317591784752,0.29377730044690742
2594,0.70839580779914979,0.0089170532035524955,0.47247038558604187,0.25431258956757624
2595,0.68504399204243682,0.72146161996665181,0.53805424245939792,0.30725223032688093
2596,0.4481139040992479,0.81057371726733396,0.54019709023186657,0.31247743828677416
2597,0.10859642929726979,0.028249431929306595,0.46108596564698451,0.25344863658959293
2598,0.26084874343170089,0.3532327698228066,0.49852368837036554,0.28074386331200857
2599,0.080398426734411624,0.12146544382340509,0.4700319713708212,0.26114019370236663
2600,0.96070128290521684,0.087332739333331119,0.48441814579191439,0.26133589664546497
2601,0.45485151347011565,0.84642662367470334,0.54289269832255149,0.31468975454643305
2602,0.54004193109717458,0.57224779171416307,0.52390957462343557,0.29728918889136496
2603,0.24576030714045047,0.53256893343868439,0.51362203067391643,0.29354840736490678
2604,0.20140328851983652,0.65469368634241409,0.52198516455642119,0.30153658552458495
2605,0.56654874631055863,0.98612779071830459,0.55465007485324969,0.32314460081581803
2606,0.4883657862507389,0.61096647653026737,0.52599391761433534,0.29977772085056897
2607,0.084525814786681447,0.05351584462864558,0.46298411472586032,0.25542368182613351
2608,0.72502713675223063,0.19295524452083046,0.49260458283607889,0.26975710109722706
2609,0.28398770344160734,0.33576259206096876,0.49757418830790057,0.27955708727808548
2610,0.17197950907835038,0.38410252692057983,0.49855197173174293,0.28247757864221928
2611,0.38416205725878244,0.87692338900467148,0.54340558174105225,0.31635705326893182
2612,0.51970738341495171,0.11542922511262586,0.48115026223194085,0.2630181026999156
2613,0.89483986998744081,0.61571052515137714,0.5327762630170042,0.30050560519449765
2614,0.64370921937484527,0.59223305808367444,0.52736115354109658,0.29879521405148807
2615,0.82259233236858853,0.56618861703349976,0.52788795732776572,0.29718932054765357
2616,0.14032993895976106,0.62383048590010737,0.51748823278817968,0.29906915954558683
2617,0.94601791971846261,0.3056829565205495,0.5064945428439559,0.27869554259246127
2618,0.30178865230799423,0.76239330406253003,0.53310266837918485,0.30900028628071896
2619,0.19494659972734518,0.25682081299180864,0.4875114583960648,0.27297825325171265
2620,0.030187408541992772,0.024210252231161578,0.45769436557848958,0.25233780011184631
2621,0.78013018640378728,0.86170683804453585,0.54961030062017369,0.31594341407972271
2622,0.6362926712823217,0.34370222875227918,0.50583925440178468,0.2812507416596296
2623,0.68491253293828347,0.9475741411017603,0.55409286632001264,0.32099385977140737
2624,0.91662591322035303,0.31524919380039212,0.50706400588213285,0.27940204538441593
2625,0.16858829540145817,0.11848774368668674,0.47279854366285645,0.26162816589647175
2626,0.90516818406243116,0.19149588731637923,0.49479662987475548,0.26982230189899353
2627,0.85936449087838418,0.012653780022065622,0.47488259150813172,0.25484412425529229
2628,0.75685772407952467,0.39263967159072638,0.51214115667389959,0.28500662633005019
2629,0.099317459455842624,0.46268406127061462,0.50279463578928218,0.28760263445565631
2630,0.98904728835917788,0.71550999089122058,0.5415569557358233,0.30693015060209278
2631,0.98981310628346397,0.75979375604443489,0.54485874592888739,0.30970040580318953
2632,0.25599845726321219,0.82862314352175459,0.53656864131136828,0.31292220480195454
2633,0.28811773965746401,0.012144888594269288,0.46470150914384256,0.25326333185508887
2634,0.65351655480429771,0.44986690783071104,0.51563341913037875,0.2889982699619022
2635,0.1536527536363923,0.72069913134014929,0.52537670781142987,0.30551892923405399
2636,0.01043327244896209,0.41870223104007309,0.4953082582114447,0.28352680297169325
2637,0.094620168943435418,0.3665804725219845,0.49421260240822928,0.2805567935026741
2638,0.61957461568732985,0.68982378327631166,0.53459030756137926,0.30516663877751543
2639,0.93155166089843267,0.38663316018086624,0.51382407716184109,0.28467933770073583
2640,0.45286623336208287,0.75228348913228849,0.53606016327976425,0.30885281889664573
2641,0.23274490101510892,0.28717532193606021,0.49156793177628905,0.27557345079696177
2642,0.74281137429320954,0.62124466598691652,0.53120676585249926,0.30081377765967637
2643,0.80195389847067422,0.67000894203212813,0.53583978175086722,0.3040245124855685
2644,0.97552696761681001,0.8569085313999909,0.55167262295102037,0.31561917619726615
2645,0.9554808502546861,0.78472371215749304,0.54630436078597411,0.31125088467999357
2646,0.46368880998945095,0.25615323977797527,0.49434758877369894,0.27418555436935116
2647,0.50642270026627234,0.75347294786131247,0.53726706860759266,0.30904282810261158
2648,0.90110322566122047,0.09833847501893761,0.48495083964493835,0.26221447544655008
2649,0.51891058548967128,0.78069522161945937,0.53951059735442197,0.31077005034086513
2650,0.95840693538597554,0.94989790414363384,0.55785112835436856,0.32109307664415215
2651,0.92348700073669909,0.99020548091990646,0.56012942068899541,0.32342529123764563
2652,0.7204160463410314,0.0051510035219253045,0.47220784842994989,0.2540010342325586
2653,0.97155957565162099,0.52872371174482402,0.52659052947994123,0.29468348265962879
2654,0.29720335807645465,0.91944639071576539,0.54406880908561184,0.31860622556934237
2655,0.18841413514268351,0.55902568437635203,0.51398251469486289,0.29502404804855403
2656,0.37015039576435232,0.19033419668670976,0.48575756770181072,0.26864320129010882
2657,0.39498684325210054,0.76524122138215467,0.53569773365878648,0.30951323647778517
2658,0.50382944762230619,0.84526146535059676,0.54383538819164434,0.3147162296276711
2659,0.3417290888385498,0.81571939963133777,0.53803134386118956,0.3124843724528138
2660,0.62452159838235244,0.71329357992106823,0.53645326186696407,0.30667521879430598
2661,0.095881064074358438,0.72326726156960941,0.52340501460989708,0.30523101252276497
2662,0.64393828101957917,0.61504111535070694,0.52918484326876658,0.30031365431053336
2663,0.84261870421007046,0.17003373814955122,0.4918383905624033,0.26805102634462646
2664,0.11730577599609969,0.289892920344125,0.48801934787511791,0.27495291415604622
2665,0.21761294873881853,0.76901170051117662,0.53109428618621324,0.30900416956079885
2666,0.5257748646211462,0.80476201163566441,0.54138675614810383,0.31227350331300052
2667,0.82735021814204524,0.69783812135233314,0.53830523667297336,0.30581734662516191
2668,0.41251249525466704,0.55800270378658323,0.5200827424349419,0.2960018606759609
2669,0.69272851693975979,0.16099211644945899,0.48884686477662981,0.26713432549977079
2670,0.54593982764551185,0.52176322261140451,0.51987065190349746,0.29385234557490786
2671,0.3329296575090499,0.89072959624953807,0.54306874462392196,0.31702316075207226
2672,0.52025835171394286,0.5932556755521452,0.52522110544814904,0.29866378524770537
2673,0.46543940040740422,0.12665380091072295,0.48127843509312507,0.26379006908494124
2674,0.70777070049025348,0.76319156545816225,0.54150221892186678,0.30989263413714274
2675,0.29917994105144174,0.6647238003396081,0.52568927253466935,0.30271013338713598
2676,0.60939945774349624,0.65644486704227756,0.5318480755338717,0.30299187880010037
2677,0.98011754504778659,0.52303040882545759,0.52620947203468449,0.29429512613111575
2678,0.13390573208044518,0.44222488316464009,0.50232821739419276,0.28642592900155373
2679,0.33158804613578835,0.39035178367845952,0.50379644701677539,0.28383967903183782
2680,0.37741544820031853,0.022549558141862509,0.46803934215731918,0.25459801946253957
2681,0.064509717527159963,0.69073974041381159,0.51968992915822754,0.30283800872244498
2682,0.5495465134092723,0.5629250664232649,0.5233314200710516,0.29667607938451396
2683,0.56733896060561528,0.2501817184906337,0.49576586580214715,0.27399268533826354
2684,0.27596074353597361,0.5697513351127389,0.51754093912487165,0.29625824567263065
2685,0.18794138092781651,0.59635191154755884,0.51696712979201509,0.2975592250976441
2686,0.98761562824157301,0.78781937332624807,0.54688117084380572,0.31143001248187757
2687,0.30863047861406817,0.032280177208140963,0.46748621877228286,0.25513294206718634
2688,0.21885426203225508,0.48765505105388585,0.50905324076571823,0.29025550272757272
2689,0.76105186596551211,0.98035554065025654,0.55740695942843688,0.32290619731959108
2690,0.60252738208737,0.21123098961628275,0.49252574275742839,0.27100497471433316
2691,0.2949753469320131,0.91226490535753546,0.54351719844362478,0.31816902573701633
2692,0.0089942944535403527,0.35856607291026743,0.48993896644843066,0.27907623861349851
2693,0.47043350184682065,0.74929643322146733,0.53621644461668738,0.30870506619333504
2694,0.23868507950798379,0.11756644862071845,0.47483609860953979,0.26201926653783264
2695,0.58206409279884541,0.10296258435799974,0.48093895572833267,0.26213359876839565
2696,0.38825933814946334,0.70349178239876642,0.53093991447997968,0.30556450200033336
2697,0.28803141465700466,0.58378955482671735,0.51901354421620427,0.29726969573952899
2698,0.20682394468529383,0.5788333847563597,0.51618183928358263,0.29649291256949539
2699,0.96063873759465057,0.5667758624378243,0.52960310019045909,0.29725683549690274
2700,0.7822345886605675,0.80973513798891805,0.54595860902538151,0.31279652326025376
2701,0.03480460603575921,0.26446996927071598,0.48238817883193286,0.27219218432791853
2702,0.60412848275726438,0.57627493510303329,0.5254033031585118,0.2976705468803742
2703,0.6248987950184266,0.52018864871169213,0.52114870067359376,0.29387830573152512
2704,0.62564187635568669,0.70095824904559423,0.5355401168622651,0.30588844424902445
2705,0.17735656997523039,0.89555954681705918,0.53872993691685656,0.31656647442402935
2706,0.64313191155790117,0.23080572327364934,0.49514949998178981,0.27262745432641483
2707,0.33793564382371261,0.64576964782235446,0.52525776511676925,0.30162569721301929
2708,0.31720329111575851,0.46473555034560854,0.50993159716165459,0.2891475605680463
2709,0.89230410777841473,0.016405536493880209,0.4757015919402533,0.25520514841117586
2710,0.71168936120556903,0.77389103714387164,0.54234527394722309,0.31056085177144566
2711,0.33010075294632696,0.85595601354691908,0.54057617687048043,0.31490966652953217
2712,0.93455154355444248,0.068082441674417363,0.48201164683861925,0.25969153114263516
2713,0.5582675660326728,0.45989017788312636,0.51485297835425792,0.28954984216980401
2714,0.11954084191777511,0.83766902659911435,0.53261323200239818,0.31263176974959406
2715,0.7297258903521463,0.2885145424456918,0.50209542624677195,0.27722365379813912
2716,0.96314257574243245,0.69843016017136395,0.53998341910548309,0.30585442554211711
2717,0.99208761576047411,0.85021006404362853,0.55138140818160408,0.31521056569723394
2718,0.12119037659597816,0.3901447902642074,0.49731097796316703,0.28253114373333094
2719,0.82608358281640104,0.64424883226811647,0.53416118687413361,0.30236132277245914
2720,0.68999041103644998,0.023829189723043237,0.47390868261484287,0.25558686052002488
2721,0.61990707819453672,0.43960111170316818,0.51418190630509875,0.28821714015067368
2722,0.18410716630594107,0.63517078192048937,0.51989846107894455,0.30013409193450513
2723,0.79092832720073647,0.07761693562673172,0.48132898094759696,0.26035900613101359
2724,0.11921291716381675,0.33718684638825946,0.49247030065147124,0.27857039709858167
2725,0.6339858179490897,0.82531957166454528,0.54481708167336751,0.31367116065285044
2726,0.9971450231672615,0.0241796371967881,0.47773538736227528,0.25596451454231234
2727,0.064383020865533033,0.8291253923853743,0.52980314235116766,0.31163092506742518
2728,0.20094685791697123,0.96545875274917348,0.54424953027562717,0.32086711070666968
2729,0.5596364508093451,0.13878532273174496,0.48434966466431123,0.26505525342705022
2730,0.52496884596719173,0.27544022224420917,0.49743074648470642,0.2758495806992296
2731,0.10025236170907738,0.9352007747345954,0.53859102536234571,0.31838871376588107
2732,0.38886707370540829,0.6158950567705207,0.52418018756211604,0.29982868535170643
2733,0.96947473447498633,0.84316226664193683,0.55064054833587062,0.31479786531600584
2734,0.36825370952495146,0.49836276679100705,0.5140888495444611,0.29172893907358982
2735,0.70391279171464272,0.087610450634628065,0.48121427787412802,0.26107988680294308
2736,0.10771674398797332,0.27081326309201542,0.48586658738070271,0.27339563117845989
2737,0.3832385470619542,0.96921852091281913,0.54965422275089582,0.3218290031335746
2738,0.77491389868467819,0.03447974259014009,0.47630728866085242,0.25664410146373939
2739,0.83135288760740078,0.064954983665875626,0.48044941673599867,0.2593308841812717
2740,0.20253792288425612,0.30657739826178881,0.49246665062090361,0.27687017239785233
2741,0.33532627457677155,0.27321443497169529,0.49305396268869539,0.27503115523420868
2742,0.12756114961995046,0.35272947167005625,0.49418772683299927,0.27980671983798833
2743,0.61194525087104412,0.084086431113479201,0.47939995447686423,0.2606108955060954
2744,0.49418994810112055,0.98291235825362389,0.55303382608308838,0.32286351934433039
2745,0.12497542789370054,0.24663970348663861,0.48418075489262091,0.27165558450224458
2746,0.32019312404614181,0.57137354402459462,0.51888942195902732,0.29657225667927611
2747,0.09007828915877035,0.3861884334419971,0.49578782050259651,0.28196810913944659
2748,0.30849592223771616,0.86687883164988599,0.54075969655979028,0.31549153691972465
2749,0.24993802913072286,0.25548096499674722,0.48904420925187092,0.27321756628963789
2750,0.34016359146375907,0.6827419637643849,0.52816586414931577,0.30405459720940325
2751,0.29924180698603159,0.48364717232732801,0.51106065221229868,0.29040401148284672
2752,0.30780347794740232,0.61527169243533875,0.5220668177565102,0.29947670339667037
2753,0.66963876682122947,0.43145432838279524,0.51428361245726018,0.28770741831907815
2754,0.60640487424990863,0.40978870608826401,0.5113244208105816,0.28605199748907928
2755,0.061535577217501129,0.1279315480899415,0.46997694128189887,0.2614949527514952
2756,0.68858050840153595,0.8812019153969014,0.54962427875473097,0.31708168766710387
2757,0.50549771241160346,0.82610439358145238,0.54251181844376828,0.31355025838383721
2758,0.20892521813741188,0.45840302097144309,0.50625293076761346,0.28811825060728419
2759,0.29327839053444332,0.28624132687329545,0.49319784897465174,0.27583629043963565
2760,0.86720228559434187,0.73812050896546577,0.54183986705672771,0.30837002512297657
2761,0.64711657080553708,0.28929534048674393,0.50090374948059502,0.27716460030722073
2762,0.38428283868347063,0.77553836677930088,0.53619417121171953,0.31012674095332743
2763,0.26168138348677894,0.56437228590083544,0.51669315919039061,0.29581913669379406
2764,0.84438837815894519,0.90770231303487681,0.55364247221882523,0.31867437791716802
2765,0.76803187144201945,0.59985555659971435,0.52986564300686245,0.29941370242084137
2766,0.16039210554187885,0.19967294903314906,0.48080448016467203,0.26820854949343359
2767,0.95981962696794665,0.33500242233726896,0.50940528430315979,0.28089536366942069
2768,0.87711593234293395,0.30444754625441273,0.5055728835245733,0.27856685932554875
2769,0.67333777709816345,0.30072810030871772,0.50240928621600445,0.27807668848585332
2770,0.39095591571117988,0.50969355541231343,0.51558697536890907,0.29260175010553086
2771,0.99275407375687508,0.47985706232198283,0.52269701900086085,0.29131848908723679
2772,0.19792145884725035,0.58209593113622404,0.51615606078444476,0.2966586960544414
2773,0.63564650724715321,0.21933319066603438,0.49388746670794353,0.27171034250727083
2774,0.052472964098548985,0.62231917678391335,0.51392221376906233,0.29819781267832163
2775,0.64964153273903069,0.43584484610498186,0.51434733449355319,0.28799388685635369
2776,0.41144551599147966,0.68695496355668884,0.53022997932047811,0.30456760463439708
2777,0.1929882394449669,0.8166194090953679,0.53373018370342273,0.31183698638962154
2778,0.94271179364601854,0.12490762722968357,0.48828002659592834,0.26445058537758126
2779,0.030795254654262683,0.74557942657963139,0.52231993440859925,0.30603759888134791
2780,0.10765171237053582,0.23858021510316757,0.48277568592878939,0.27087416135297421
2781,0.63886793743417369,0.044562601193937013,0.47546865640477365,0.2572897664096247
2782,0.78007670100844695,0.44734744200160498,0.51730591071307608,0.28895401952637989
2783,0.41322454774888467,0.98892620328426128,0.55166904711930742,0.32305122188914132
2784,0.83388279431978019,0.7423439153508633,0.54173133578310129,0.30863267122855603
2785,0.048424282274290457,0.82658987149613672,0.52894110874649058,0.31131950135379244
2786,0.36568413161364155,0.45395194864008809,0.51023940007238355,0.28858121213018645
2787,0.60492963613063333,0.73359959834549815,0.5376376249778928,0.30794150381648566
2788,0.83452778709243292,0.020175747866241728,0.47544376717507286,0.25547443320421148
2789,0.87038601937434878,0.25804615464216329,0.50102346516108331,0.27501916722889697
2790,0.773627311581641,0.15936225287056296,0.48983323404480522,0.26711423697378306
2791,0.67245059257430262,0.34947014510444135,0.50695340123843835,0.28173527907661311
2792,0.057857940106571186,0.55337874005172638,0.50866328628249136,0.29357103994897898
2793,0.82863215068752183,0.31052672252381452,0.50554204891453647,0.27899150305314085
2794,0.17301623523483287,0.011581143170257565,0.46136271376101662,0.25249768481955898
2795,0.11982202291482827,0.233601996708347,0.48273512851238959,0.27058598388560512
2796,0.52598830366433835,0.14401760952366752,0.48428222912637492,0.26539988761149613
2797,0.019679118366364858,0.35188616362981262,0.48981363682261952,0.27869979074196427
2798,0.19879473080114696,0.0075705168487620539,0.46169937865147054,0.25232430204043449
2799,0.26061747190895257,0.60579334944571606,0.51998476782465186,0.29861753607679281
2800,0.68823171589578269,0.14632769452478969,0.48725119144843165,0.26593156095668558
2801,0.95349208520568207,0.51886179357435325,0.52556716221912025,0.29400853923158043
2802,0.14825675183275017,0.095811554865923257,0.46974569183519144,0.25957185747980693
2803,0.23874166430557381,0.5457459372594371,0.51449319092247348,0.29441854155431124
2804,0.049898484771803489,0.62803062944720733,0.51425823458669684,0.29855391770712919
2805,0.34442175213292942,0.28815076426981251,0.49470641539029953,0.27622276478421148
2806,0.74845586811105025,0.72217664097937528,0.53906030469570698,0.3073372879565206
2807,0.92219375646988633,0.58980066927938024,0.53102989915692267,0.29879353934906477
2808,0.42459666157682663,0.4563033656599117,0.51182317595025517,0.28895501645504562
2809,0.71070227115469753,0.49576023850754136,0.52046404770939347,0.29229161770889239
2810,0.14833040233250941,0.12424980721719331,0.47273386079620727,0.26195493915691853
2811,0.4367154650081066,0.86074201116109039,0.54349896363238048,0.31551744892943828
2812,0.84810713531583326,0.468330347331462,0.52002185468934858,0.2904764385136499
2813,0.31527053097625035,0.41385686905911429,0.50545772188606142,0.28548284320475237
2814,0.50412972751568308,0.49445355960604503,0.51676598544290253,0.29186475956579289
2815,0.56997275279498438,0.68657646478625245,0.53346480986041656,0.30488972035802031
2816,0.31416790064567468,0.16800435205552494,0.48211111460798506,0.26658573137328867
2817,0.38290350473931761,0.86923392347254569,0.54284020191564553,0.31588894869631118
2818,0.98345437315680329,0.64613705162460688,0.53618134531529826,0.30249176484093176
2819,0.1809871111685061,0.49547662684262034,0.50849058764778898,0.29056263002631005
2820,0.49347041193154878,0.74770626166347653,0.53657840159545489,0.30865384843533406
2821,0.3675786423919839,0.86963219104091405,0.54249173933020334,0.31586650241105163
2822,0.6918783577773604,0.69744730725161497,0.53634799348915774,0.30572730963566114
2823,0.22850550716248108,0.18113818579908694,0.48108400457807937,0.26718035489377145
2824,0.8853253617953859,0.68463915774213391,0.53802942093249984,0.30498075089409815
2825,0.70333031917192279,0.7006321383144124,0.53676600164088217,0.30593968618849776
2826,0.44848280784018574,0.090984948608826374,0.47712552047691631,0.26074994509230659
2827,0.80140649710547873,0.78818411628979956,0.54466550867747876,0.31147704134704385
2828,0.13890505410811166,0.042096110725111796,0.463645325480805,0.254904729108683
2829,0.38853054913572271,0.94642208252270943,0.54825818753756828,0.32050825124957233
2830,0.57810174158263261,0.67378128077875599,0.53263253355466289,0.30407479625160838
2831,0.59471983402086193,0.98245108378144219,0.55491558671866204,0.32295937790502399
2832,0.95154967523004164,0.83597397962453546,0.54993403804913854,0.31437222402211196
2833,0.68211635362937817,0.5185992882204592,0.52194666702212933,0.2938419894084221
2834,0.16701984655695271,0.50580527980817713,0.50888362191430703,0.29119039439835132
2835,0.58948605175026458,0.79232801880555925,0.54167894350554835,0.31159685148755628
2836,0.62815930229948136,0.9524905869655661,0.55350059967445608,0.32124875973953376
2837,0.3295008775679511,0.93868734304948021,0.54624888389156034,0.3198687522557227
2838,0.26853381943003041,0.73709610648482349,0.53029347208276034,0.30724600809679353
2839,0.19955065469561378,0.27149104195815749,0.48906146411378282,0.27415086850703779
2840,0.53137103163694266,0.29509442082104509,0.49943065570127765,0.2773727630438188
2841,0.12987685966565041,0.52256758432401118,0.50896193350682972,0.29208122713511459
2842,0.87087804768398636,0.81068372846777792,0.54718361651838532,0.31285810849660423
2843,0.7152259895169526,0.73990173255888514,0.53989431331966375,0.30843807051929389
2844,0.18294374394450569,0.96952666158272194,0.54391822576311721,0.32100104809367563
2845,0.7154498247271287,0.049380927455669736,0.47716196601717592,0.25784285735454771
2846,0.24687093225138962,0.54435671520667384,0.51462407789935849,0.29436802018163316
2847,0.11533420156323118,0.26306858689700019,0.48540879128091291,0.27285909935972846
2848,0.47856047297116605,0.013255843275564257,0.46911397327643051,0.25415204416518833
2849,0.74808580330511321,0.88094653742754603,0.55049739878842918,0.31708791828418414
2850,0.10292498643774307,0.65852505481910206,0.51878062760903187,0.30107229192294149
2851,0.40091494565947217,0.64216548574488841,0.52652936921325921,0.30160901018790159
2852,0.2355992492418387,0.80407477237154967,0.53419696160200358,0.31129899770729391
2853,0.71786403502702012,0.12735639750069241,0.48568998964777027,0.26441819977029957
2854,0.54606946963375669,0.75440686972554549,0.53810967407042165,0.30917095896956748
2855,0.53638610791376562,0.09401403325145366,0.47916379182267776,0.26126908339272448
2856,0.80691244479696045,0.064350350124959377,0.48007243439935421,0.25925148942063997
2857,0.51132997214748754,0.17842822794275126,0.48755826990620449,0.26816230221200327
2858,0.35815102287790507,0.85827988418265022,0.54146266733656079,0.31514797253686438
2859,0.12791496251878562,0.99329182285472062,0.54352219068599461,0.32202648442303067
2860,0.83753894460130252,0.29829546461846912,0.5044957825734212,0.27807394811874481
2861,0.64267176223892031,0.93779414622137569,0.552755496794053,0.32040039991301883
2862,0.8526059906154988,0.86118336398274409,0.55053068439073549,0.31591177078898042
2863,0.72556628870927964,0.08816823347482132,0.48158817741213406,0.26116071055283641
2864,0.2567353269880987,0.42550123773523379,0.5048556356777899,0.28603390393643147
2865,0.37829613711951537,0.23052967059427174,0.48995568305225778,0.27187804310984648
2866,0.41383971280019033,0.82440393673958023,0.54041426602095644,0.31324305770249899
2867,0.19700292560615346,0.9235957578654751,0.541305985569426,0.31836622643677032
2868,0.20087269746583189,0.11499194949985249,0.47344589812007287,0.26156322416925981
2869,0.11068792348235147,0.28422927576851797,0.48724452822801567,0.27445979983770191
2870,0.093074540708179124,0.16895654049384176,0.47536202272092898,0.26516819465650054
2871,0.42747636025630642,0.016816014405258466,0.46848371565086011,0.25429072752382059
2872,0.55633171743861165,0.33545260449916825,0.50368466737480955,0.28048198937101199
2873,0.77131981009795569,0.59922231824897465,0.52986105293178176,0.29937352682968471
2874,0.24429960402908038,0.33699838790685172,0.4965567075860628,0.27943357003887681
2875,0.46783117552181941,0.96536602200394273,0.55131995944399892,0.32179882484117056
2876,0.013022197984403466,0.40964319828638107,0.49463682980092111,0.28289620248274189
2877,0.73093877096892101,0.46729274572766155,0.51833439311516205,0.29032035582730031
2878,0.21831508634831992,0.53339184242213378,0.51284936245423363,0.29344721615070252
2879,0.82315877522105585,0.99535168594991563,0.55923685333306472,0.32375765056992439
2880,0.38028551598360066,0.30325019764009631,0.49700487168806728,0.27752563266477731
2881,0.8423430218568887,0.49410996879969027,0.522151407803223,0.29227227456949734
2882,0.85184628187528577,0.94359199714291608,0.55616909585003793,0.32077117185694681
2883,0.92669968632691313,0.85064006652949609,0.55068564657179209,0.31526287060828057
2884,0.45167843989931283,0.13524811187736924,0.48189926553108725,0.26445631936516317
2885,0.96841368030890596,0.86190471058447149,0.55194429678905221,0.31592079591714417
2886,0.90840523820963004,0.81242216887645191,0.54776123081675909,0.31295788865557173
2887,0.65684522444180915,0.45204034107058544,0.51587598225160414,0.28915712115762587
2888,0.98404488015292457,0.50499716805397765,0.52473885911963447,0.29305836525566276
2889,0.86507208807599967,0.23213005228555994,0.49840620438982941,0.27300150406679835
2890,0.71182775375117779,0.87409092268672539,0.54948717258045709,0.31666731291277728
2891,0.30673459494762356,0.47553409109077188,0.51057449720751791,0.28986578808276914
2892,0.25429823659165995,0.55003227540402444,0.51530910097311178,0.2947984347304845
2893,0.92646733172055096,0.01241712664224906,0.47562931813665404,0.25488687599376036
2894,0.40138502195664916,0.059261534004926217,0.4726627143114337,0.25787762719821888
2895,0.75310666488049316,0.58659784046428975,0.52858981661236615,0.29852048470283238
2896,0.32886014592541618,0.63624086509464539,0.52427765314118868,0.30095997629786708
2897,0.3265266413179343,0.84221712174318974,0.53951515542191431,0.31405798948377828
2898,0.98226097568095438,0.97586241888253722,0.55983884201926182,0.32257186130496923
2899,0.15427219376995929,0.5348848872974632,0.5108494656800916,0.29312340395403091
2900,0.84090731103784644,0.20208221843318316,0.49509420737636234,0.27061411629386845
2901,0.72727909747202657,0.58471625195447119,0.52806247026474862,0.29837565767695451
2902,0.12851994791304461,0.43055584692853738,0.50112391970520498,0.28554056976144182
2903,0.86645817340103681,0.11340127676819683,0.48616689014355219,0.26343928235283637
2904,0.42622838445851813,0.38572904780717804,0.50564549342076337,0.28385953935784924
2905,0.034753937162330842,0.53820376441598639,0.50644147336525225,0.2922841518968165
2906,0.99114254546846503,0.59404660200466175,0.53214177585249789,0.29907398058942541
2907,0.04129736787088914,0.87501247056728459,0.53201797595513933,0.31422532594287617
2908,0.32538969984046417,0.90452928605122729,0.54381799081665583,0.31782352930755903
2909,0.7875139604156256,0.57165092147105601,0.52786230912490684,0.29753957549836835
2910,0.91333141323124289,0.058519434111367452,0.48071003331522821,0.25886056608449293
2911,0.24362408337568633,0.61979848147047456,0.52058618571653603,0.2994654863084889
2912,0.12649909290083453,0.39756466580248673,0.49816156170037246,0.28312030271198008
2913,0.13634537760695675,0.42222247718892758,0.50068112635282391,0.28499928715961853
2914,0.74575352881675361,0.072882435101398732,0.48019804242458475,0.25989737560487985
2915,0.55590829306716338,0.52405331653965403,0.5202480381128145,0.29402969616934804
2916,0.11995268542460399,0.010459753530996386,0.45950317243691308,0.25198547840879465
2917,0.18015775238625939,0.5515545041186618,0.51310010869530387,0.29445623205180155
2918,0.4192324418050819,0.44483629629038046,0.51070977857766309,0.28811960445334139
2919,0.25828537118722456,0.74335206134741905,0.53045617836694792,0.30759443421218302
2920,0.45512706636780642,0.68677489784498469,0.53119319641878315,0.30467431883397944
2921,0.68552852096444694,0.91024414460664849,0.55157471804680336,0.31880443683219295
2922,0.077301009729073861,0.71436456206928711,0.52199454224188335,0.30449163253871092
2923,0.49293058515287702,0.82953450465522471,0.54250052292368123,0.31373704844468137
2924,0.91083762648497946,0.65303729653569176,0.53589811585906133,0.30294521242450639
2925,0.37307719589375193,0.29051027390436507,0.4956292192967513,0.27652299100768774
2926,0.91893205529748234,0.41461927201038928,0.51618531537740719,0.28669512692254667
2927,0.58269036285855114,0.10283596758752829,0.48093612696345922,0.26212443204040797
2928,0.18344706511971309,0.94842319220524518,0.54252661119689938,0.31976049982850024
2929,0.18006415491519731,0.49825351576291727,0.50869272000180121,0.29075154475932569
2930,0.70682781260585181,0.56900520637213492,0.5264837603888054,0.2973026456188867
2931,0.86430812696301151,0.011984003153804225,0.47486454374266956,0.25479063584873585
2932,0.36038299448221223,0.14685608998824609,0.48107823829265095,0.26506751067323142
2933,0.38005476611979538,0.48927970230804058,0.51360817960517258,0.29113554985530277
2934,0.99143415827999126,0.14762263021996477,0.49121034179660644,0.26633919229701436
2935,0.67711641533161748,0.26903936185879868,0.49943126252681164,0.27565806035870916
2936,0.48841336653960171,0.42304822663840608,0.51028729495835778,0.28675647924397479
2937,0.48130769551495323,0.2563109255034593,0.49472409811757467,0.2742503797266197
2938,0.30578573272660142,0.72357933781476458,0.53033778968633682,0.30655045697578187
2939,0.29137197339335691,0.46752028727767758,0.50947147189716901,0.2892249381885329
2940,0.52342588029679604,0.78994279571099912,0.54027096462578217,0.31135269303127044
2941,0.14130103003055558,0.11887984816693935,0.47193785608144367,0.26145235060404248
2942,0.81420117814204429,0.19362449202948484,0.49389498336978638,0.26991595158200676
2943,0.68122249627442799,0.90801998122743099,0.55135520747419486,0.31867095157238284
2944,0.62265144316068621,0.70052323344791079,0.53545632431330381,0.30585712253766084
2945,0.81768039501818135,0.34930346599874318,0.50902131104728954,0.28187973807534589
2946,0.055550943002954593,0.90146967945852097,0.53445878928417923,0.31597040837390489
2947,0.26344725228754107,0.18657948745546166,0.48263622378254345,0.26782576044411716
2948,0.64152222115189073,0.28457605544110998,0.5003615059943759,0.27679430951902856
2949,0.8118399576645694,0.51600341270944339,0.52359980577290222,0.29376928046190248
2950,0.33167349953652592,0.94373681423288081,0.54664633370136628,0.32017436598527949
2951,0.68695158349775021,0.89631580004488365,0.55064218003994214,0.3179804698916574
2952,0.67951839524962709,0.018547585728962441,0.47315117092917641,0.25510677452910491
2953,0.5882304092662759,0.49856813814154594,0.51869786809053975,0.2923222533400992
2954,0.72109781301257903,0.15565794463605853,0.4887111515586432,0.26674352335196039
2955,0.25509854681721189,0.62078403845961438,0.52100696095100918,0.29959230885459398
2956,0.29905716545040489,0.31379488723074322,0.4959470075620997,0.27797196351449122
2957,0.50915564043101624,0.38309327417375755,0.50714360307486139,0.28390319582189066
2958,0.30874106424452041,0.79137545923470753,0.53540429696893221,0.31084739487018287
2959,0.0062718995270901363,0.88329735726105285,0.53098920731810562,0.31435425681251861
2960,0.22310171771455792,0.033414248038607181,0.4653030168111198,0.2547490876057254
2961,0.7382879192358931,0.62162685783560157,0.53117118032860255,0.3008359194228053
2962,0.98771248442680815,0.62434935312365425,0.53451716164078078,0.30107083876363067
2963,0.7612747458180763,0.9091501528242254,0.55262606467133246,0.31876200528359766
2964,0.43004551542530534,0.53996966362862153,0.51900097798322076,0.2948213018982061
2965,0.93374127263700368,0.080341204379952985,0.48335579544372353,0.26072844423765773
2966,0.85377054868416158,0.56955264002246553,0.52856287638745436,0.2974270892343992
2967,0.23788805026843912,0.65361427397880478,0.52305173534411642,0.30167758808807421
2968,0.59975921484985162,0.62716836907110407,0.52939123835632707,0.30105798982527471
2969,0.94908764899879472,0.46114349864261456,0.52060804126823967,0.29000516403301763
2970,0.46257332074112495,0.62377002203153686,0.52646660670117662,0.30056645497885204
2971,0.60202544647866163,0.66620590714548023,0.53247494221960956,0.30361734668811502
2972,0.8093637840376352,0.16276728256066564,0.49066176699435315,0.26743076099192464
2973,0.33529616737515905,0.26621523035996358,0.49238144391536287,0.27448861897547028
2974,0.35776394680625528,0.087080727710190708,0.47469624928076842,0.26007016683605755
2975,0.45203795409401648,0.98820644127844137,0.5524931857663129,0.32309414888698995
2976,0.15635321637998567,0.28632095388484885,0.48905585903587911,0.27499056471006494
2977,0.22771269368951907,0.14498960646466585,0.47737267709230824,0.26422512858517994
2978,0.031858957978838594,0.67442911230627212,0.51704530288137662,0.30143953944204316
2979,0.33773202592368468,0.17934229455430761,0.48386011542023943,0.26761624842883353
2980,0.18893032645854402,0.63153136274641153,0.5197750261785834,0.29992345076513877
2981,0.85648755515004749,0.20655193753218046,0.4957400956166072,0.27098187130141893
2982,0.35272774231621296,0.17276594121238451,0.48355862337161681,0.26715009864870809
2983,0.76537139294176604,0.65724046329582342,0.5343485639344463,0.30318223472104755
2984,0.92168338203785249,0.042339887317374814,0.47898889376617249,0.25748029550229373
2985,0.70754934388952095,0.23167899617528312,0.49623450513485762,0.27279803530935404
2986,0.41354636448406384,0.32775527443940522,0.5000649441359426,0.27950532419507618
2987,0.083426192194398036,0.24506024683484576,0.48249106342744358,0.27116458404786503
2988,0.10918335859797662,0.7982932216410874,0.52941301895520487,0.31010368039741854
2989,0.042408545691927431,0.42446879974944751,0.49721018932840316,0.2843008060989049
2990,0.90667914545951656,0.16111456355833217,0.49168501022871097,0.26738281740750319
2991,0.51754475921388954,0.96448538551811369,0.55228085873602095,0.3218299568327157
2992,0.79374519541634947,0.89202994841608452,0.55190127284666779,0.31775241202241222
2993,0.055955621933855587,0.88498562078279208,0.53334458978197752,0.31497635667736545
2994,0.76976524815364977,0.18796294890794671,0.49272607356173981,0.26941517157822609
2995,0.78312357602418636,0.97650104050865638,0.55745943718519075,0.32268407219562761
2996,0.64724257386584072,0.5284648535532761,0.52221019146771486,0.29447843169458732
2997,0.43493110144335079,0.79791461477255221,0.53899471254923748,0.31166253385832765
2998,0.13274189451661661,0.88309676397246073,0.53628004893004322,0.31550922030407408
2999,0.94267493913510125,0.78490877545514381,0.54617370364282991,0.31126592079450677
3000,0.84746392692149386,0.26368746283248762,0.50128978835465288,0.27543718997733951
3001,0.93539152544605308,0.0031669254000182266,0.47465774784397341,0.25408281281257716
3002,0.64652466600934289,0.61766261711405823,0.52943524851533919,0.30049026416303376
3003,0.061877479942410725,0.61146892508963357,0.51346788892753426,0.29756290712987937
3004,0.6822398279025802,0.52572799513147916,0.52254337918123528,0.29433257386838119
3005,0.8752099100225722,0.62142493266536625,0.53299016310599157,0.30087876275880837
3006,0.5831631556079141,0.46530012491162637,0.51577116837103554,0.28997977681188719
3007,0.9456557900176501,0.27272349827639991,0.50333104848924171,0.27619141590089397
3008,0.65015144706553551,0.065422168344014792,0.47796635382087993,0.25910252167669839
3009,0.044368114661925938,0.26950782178329541,0.4832648739069193,0.27268613476427833
3010,0.01343477671063738,0.84212937160128498,0.52846305558730899,0.3119124416219401
3011,0.056657520302839111,0.41528510771527655,0.4970095358530503,0.28378002813050363
3012,0.45713890784765826,0.70804050232857707,0.53285048304489924,0.30604912512076543
3013,0.093608283478382515,0.34411231091617378,0.49214426973921854,0.27886783195910697
3014,0.35014852753704184,0.57426631296729902,0.5198998449898613,0.29689048570517684
3015,0.50150649681686199,0.05424070663294988,0.47416106674343034,0.25778641944400082
3016,0.80524249085319466,0.081139242628251673,0.48190211185971438,0.26067412145855456
3017,0.58586604506202278,0.78095429385682802,0.54078867137753639,0.31088703254434646
3018,0.97484815251739931,0.088457648423279175,0.48469286022566566,0.26143938764836738
3019,0.2261135461364058,0.55751592995786337,0.51506651721546104,0.29515437038961162
3020,0.52353276849373953,0.033381677847343964,0.47224482109911137,0.25604590098291002
3021,0.40639008686981398,0.36153486617301828,0.50300986091787947,0.28200666443336109
3022,0.79444778986688469,0.15029054715129317,0.48916613216153365,0.26640048299284641
3023,0.72626618036263391,0.90083584101753078,0.55155015113748718,0.31826356255398397
3024,0.20106406577479793,0.70403986810542418,0.52574051172354697,0.30475694634074763
3025,0.48692851245925994,0.18959749760270353,0.48821733565954534,0.26899262014502417
3026,0.64304959025938302,0.89916658589282306,0.55013266234899316,0.31812350226590769
3027,0.73480051277125025,0.099227695572341332,0.48291962306863234,0.26210356534317297
3028,0.12466409132423578,0.57450115057841178,0.51300016224969236,0.29561724868290201
3029,0.64218094250938151,0.52022552902108288,0.52144045668798311,0.29390492897927517
3030,0.022851398923539091,0.15461431173376042,0.47113080638448451,0.26328736731768876
3031,0.082780100418988145,0.99953394213336288,0.54216211825428029,0.32203358606343929
3032,0.77235709461219382,0.21817760828718311,0.49581445105699029,0.27181859038075507
3033,0.82084918542391394,0.37121131415559216,0.51107148658253554,0.28349605047794957
3034,0.23728249499757076,0.38691514426626966,0.50087111511804916,0.28310767247470608
3035,0.035272208030929328,0.74201561208415079,0.52225714912036703,0.30585700082627315
3036,0.60927334470689531,0.7250318528530072,0.53707309238446055,0.30740390127735684
3037,0.78748912321234832,0.53236494175830151,0.52463606125754647,0.29487690740475447
3038,0.015192345019232016,0.027294317003467586,0.45741959069663024,0.25244199777929294
3039,0.24699921001483455,0.53568188798403138,0.51391551000061197,0.29377043934592889
3040,0.64868990911805313,0.82410234341573674,0.54497451385723084,0.31360934573658522
3041,0.99822584228053468,0.31959870280391767,0.5083782681582123,0.27975799773606602
3042,0.78446329459777342,0.63817534324770098,0.53312795942662705,0.30194900656791462
3043,0.73773871557061799,0.43010214045931355,0.51519800597268994,0.28768892317486761
3044,0.27271926137920238,0.78886950909277664,0.53421034142574653,0.31053420083005806
3045,0.97644309186969191,0.010770518230402377,0.47597861725451152,0.25478135097321314
3046,0.25510611735928107,0.76148576632250342,0.5316976371357528,0.30872839575575639
3047,0.25306911622037875,0.71893301156159728,0.52848303447975142,0.3060072722566623
3048,0.87135978105413969,0.2735683058188646,0.50254418152909031,0.27621390693017628
3049,0.037471724877448286,0.40490879488998327,0.49529533306379808,0.28282230840404443
3050,0.59552949037164216,0.9331217726454023,0.55163365262567388,0.32008905311715369
3051,0.53211000196462266,0.82872355474311632,0.54322335098666941,0.31375525659117864
3052,0.18196204642840894,0.92539596870379759,0.54092349586342015,0.31838389290459901
3053,0.24214373759707669,0.53770619779092965,0.51393642771810344,0.29388340566302179
3054,0.42556902822206033,0.80720040688113082,0.53945235611910192,0.31221368703295133
3055,0.063741739793389582,0.36792198907973944,0.49311527886878492,0.280364250026509
3056,0.25561448709793622,0.92302269202085452,0.54311116821624228,0.31863857032546333
3057,0.5782451576060732,0.87947715480484778,0.54765119271021878,0.31688929589577175
3058,0.12546163978165714,0.53273346780407016,0.50963694094765211,0.29275210764123166
3059,0.094496253456769042,0.028775896591006316,0.46064376660124895,0.25337014037016914
3060,0.052840064487361817,0.53732672594093023,0.50714671285569579,0.29241212686162171
3061,0.025404274781525602,0.49065381154752108,0.50210476460573972,0.28885606362519067
3062,0.61433580453692704,0.74597818989836373,0.53872064713273538,0.30873373243380409
3063,0.76413971279637194,0.62066819137342977,0.53146635440614198,0.3007889828073706
3064,0.043750590298452879,0.74497830039925172,0.52284824806819297,0.30613425841345515
3065,0.73378045009587656,0.28537118910489367,0.50185309942992162,0.27698861019170617
3066,0.84993076754674546,0.83680420957998136,0.54878203524965019,0.31444576766188442
3067,0.92945649632735872,0.60721159893657317,0.53250809208260719,0.2999476607427855
3068,0.037973353611084164,0.010691774062567857,0.45651324162429197,0.25123552582490721
3069,0.8807103895478533,0.22361870873869633,0.49774854663302692,0.27234625930250761
3070,0.3178567692445009,0.73056451595862171,0.531186378735375,0.30704694775445041
3071,0.34102793729234254,0.072756415540433952,0.4727448289889139,0.25877793748510941
3072,0.92011074051022301,0.97004376144419668,0.55875964811950385,0.32227344000919761
3073,0.79577218071609979,0.95988730333688443,0.55652806972980673,0.32172511162948636
3074,0.10199670105722035,0.17556714389779374,0.4763567761459202,0.26578581031609888
3075,0.049016435111488683,0.029822974001488183,0.4590566298192143,0.25302504086022282
3076,0.012758440976648126,0.65333161663078931,0.51456750953990382,0.29983725591369126
3077,0.69753079227959969,0.61943685103637403,0.53038737886724563,0.30065952523652706
3078,0.26020091631669784,0.70454272822294151,0.52761290226581836,0.30511652211688323
3079,0.30135575045385632,0.51697240324969174,0.51391804338572677,0.29274790392258637
3080,0.75967576689493144,0.82340443402255192,0.54662030540364948,0.31362517134944079
3081,0.73854001928659863,0.35557342089371524,0.50851070522840514,0.2822705264286105
3082,0.084295663868926937,0.0265477965848404,0.46002852406945011,0.25308256545608659
3083,0.21557709625976859,0.55974525748038428,0.51491824311960532,0.29524452779739235
3084,0.51699450131141345,0.41751012000619669,0.51036849720403155,0.28642786031850032
3085,0.97973228089899056,0.55254671226710783,0.52864922222043509,0.2962992205185575
3086,0.34738053585506279,0.2004069022421609,0.48622214899055322,0.2693545759573519
3087,0.25173058318825209,0.7246316097540898,0.52886922422106464,0.30636605475018441
3088,0.09871800425652183,0.90958316627059843,0.53679349730484349,0.31684307823637553
3089,0.9364234764080378,0.8563725344322739,0.551199355760146,0.31560304207484702
3090,0.24629805494294271,0.56035328975518939,0.51591202159075145,0.29546257796769104
3091,0.70138726573336174,0.70934915309412172,0.53739580884954852,0.30649454116164665
3092,0.36068669122549474,0.18502137796330498,0.48499537582595692,0.26817570375228034
3093,0.75330443210586684,0.1283618707195972,0.48629897887225731,0.26455133299807776
3094,0.78780771874965871,0.077782466432207736,0.48130607086425409,0.26036914395365568
3095,0.44127125289289981,0.24914447912330506,0.49319258367136054,0.27356785614142054
3096,0.30521190907316054,0.27239544112306324,0.4921973531266215,0.27482684662200974
3097,0.18149176618967905,0.70852267943195768,0.52542832148367125,0.30492339058941986
3098,0.30802014066028643,0.53099096219086794,0.51526169590430404,0.29375044001707523
3099,0.72857388277532298,0.088514536458614762,0.48166872723583948,0.2611944046124472
3100,0.41797053931314732,0.73189553660588569,0.53376886181501171,0.30747091717445357
3101,0.4726620223581442,0.55245125234940784,0.52094909598362737,0.29579366248004696
3102,0.36898568427428835,0.098404489561694217,0.47617626096543952,0.26107436710859711
3103,0.71089211982548017,0.2380999842548161,0.49691925695360667,0.27330550077780141
3104,0.12817262758560247,0.28414735803738006,0.48787019991480163,0.27460085952590685
3105,0.97183135828875244,0.37578840277990094,0.5132919335369347,0.28390183708548888
3106,0.73969368774943289,0.25836141284598274,0.49932653722995857,0.27491902143954161
3107,0.75162171406171985,0.25971956746341895,0.49962837233099738,0.27503833248142862
3108,0.17724595479537966,0.054633729231299367,0.46625613944948363,0.25627808680822262
3109,0.74634498755111134,0.43323256394629134,0.51559731126194208,0.28792087973009084
3110,0.66843468254153848,0.417651148515509,0.51304752760745709,0.28671488956925656
3111,0.15453824182137615,0.55498843850431734,0.51250091246931195,0.29451161981280211
3112,0.32399498530790444,0.6067626082831179,0.52182647843588637,0.29897662204712355
3113,0.78216541627949343,0.27103792017927625,0.50115041700539598,0.27594420351000465
3114,0.9664211112147314,0.80316331948480801,0.54775837269875205,0.31237670632569364
3115,0.42476727851947071,0.28486474281857954,0.49627796368042892,0.27628016583201775
3116,0.21088790029851953,0.071796954903926236,0.46914674626575675,0.25798064191848641
3117,0.062844266705203336,0.0069791756309918133,0.45706208774952362,0.25116099491347033
3118,0.41091926709035181,0.15347847530773143,0.48292419854824697,0.26581212300624946
3119,0.35302845593119275,0.54260334113190178,0.51739188001165615,0.2947393756455286
3120,0.016272170416696465,0.22151444332624087,0.47747613998179655,0.26860850806425118
3121,0.55283610328080834,0.56350490851557111,0.52344033118151267,0.29672158239435242
3122,0.30194601280164207,0.50343987552729674,0.51280331918870725,0.29180681642327505
3123,0.86618641625243475,0.74731136516068375,0.54250918989323771,0.30894553258682422
3124,0.96052850577310889,0.56465633204645704,0.52942908620065943,0.29711455572186213
3125,0.74368266092123236,0.74100590617585693,0.54039660625332686,0.30852276644047
3126,0.65081937025944936,0.62509652792081472,0.53009332686544552,0.30098635987030203
3127,0.78864814240596026,0.45006352668543115,0.51765972029797924,0.28915292998865533
3128,0.084975007144676068,0.44184517756755232,0.50045286362235342,0.28597842643290072
3129,0.7802430129633634,0.93976364273141377,0.55496756129131497,0.32055760635751818
3130,0.069454492488282268,0.13015676130150677,0.47051346308132402,0.26175758873112742
3131,0.27846654204441007,0.67264101157336276,0.52571627766619622,0.30313317030051945
3132,0.79237891631502422,0.51643030015354741,0.52337415440215984,0.29378733069711332
3133,0.34854710121181565,0.23283196231286277,0.48946707294689268,0.27193572872666394
3134,0.86840093819712061,0.35598475552784514,0.51028073122723916,0.28240751415154708
3135,0.93495048520056301,0.61599254707597428,0.53326935514453799,0.30052639059273717
3136,0.30401450505325339,0.098128524545405535,0.47455435935274398,0.260750837694667
3137,0.72524230963612213,0.82937056067556847,0.54654508671940805,0.31397638300694902
3138,0.6714518430510652,0.64144412949777918,0.5317105334772354,0.30208271705523954
3139,0.06195369834288722,0.45455900549121436,0.50061614755936767,0.28667143389737171
3140,0.82102804369070803,0.0074213095110491857,0.47380952400853799,0.25434197011682874
3141,0.46084990810636667,0.41068211440228625,0.50862302049109087,0.28578652981715885
3142,0.12620480167354692,0.013860004925832619,0.46009558293464231,0.25233664772966247
3143,0.33576351119311298,0.56402976365535296,0.5187022270249525,0.29613733430216538
3144,0.84407723608018137,0.68775060282180789,0.53775309442241792,0.30517578703149134
3145,0.95008264015390309,0.93184863887921676,0.55654491635532211,0.32005087641862928
3146,0.16184478088110918,0.14416066550501855,0.47524128803852356,0.26370655455090564
3147,0.66759685996699858,0.81976347880406542,0.544971885242299,0.31335872163620354
3148,0.42968048157485905,0.41072064676702724,0.50795140438632602,0.28569488539465648
3149,0.37964256757887782,0.83722101102174495,0.54051281596741685,0.31393142174569177
3150,0.89264059096864667,0.82028197518220403,0.54813521257627196,0.31343909165105516
3151,0.1573905125151272,0.36587367580718128,0.49642370003273101,0.28102076159101835
3152,0.67874665614956764,0.16731024689365878,0.4892885424263248,0.26762418857478704
3153,0.75442993112624401,0.60255200296192202,0.52988851729058728,0.29958447271063482
3154,0.97450980038914137,0.29330490911781087,0.50562981431881604,0.27777090330651127
3155,0.92457154275291842,0.88130601502474171,0.55279951768357072,0.3170928939874233
3156,0.14499116506051507,0.96333290094080148,0.54217202836517575,0.32039165456073987
3157,0.34651131849127126,0.098911895090050536,0.47569754533536429,0.26101926269006293
3158,0.9143370671058656,0.95380853180914427,0.55761161938709092,0.32134101416515076
3159,0.78379361590865304,0.39070923526961121,0.5123420773047026,0.28489045836947896
3160,0.6878385075908271,0.59660875395861224,0.52841976091402354,0.29913556993812651
3161,0.026145808207464871,0.36578449563117466,0.49134396941077796,0.27981025752258737
3162,0.12069118394599064,0.14269465150058969,0.47369092525181555,0.26325871415905372
3163,0.56793610058961208,0.19302401267021196,0.49008924035678886,0.2694785038291046
3164,0.55368736752955017,0.72783573403827617,0.53628027021149371,0.30750454625583523
3165,0.80423949646112747,0.2888122119564912,0.50315777179522614,0.27732550360083619
3166,0.63970948288830698,0.23502984599025223,0.4955119504122148,0.27295285698251981
3167,0.21982782995490127,0.55914748831066541,0.51500331578762026,0.29522907092202139
3168,0.69493860048142964,0.30758681618628331,0.50339212232381636,0.27862756406746364
3169,0.03623529581889743,0.022869876376132015,0.45778932303844694,0.25228522290916094
3170,0.69137792623863792,0.4881091992929229,0.51951985723501504,0.29173801821468082
3171,0.38755188325430501,0.97409437349728545,0.55008232547561886,0.32212497268437296
3172,0.15977703216095687,0.60814679935424354,0.51694452896326504,0.29816114700510821
3173,0.42110704159253515,0.51835047397558809,0.5170078756619757,0.29330222786435545
3174,0.61911228575595889,0.4921465316583985,0.51869102788710575,0.29192460069520054
3175,0.55270031401071473,0.024335071483103096,0.47174942355783517,0.25533605326705389
3176,0.86176992006405495,0.047538185890868771,0.47887835776067889,0.25787278371402955
3177,0.16770218023542549,0.56961663820425745,0.51414190706128615,0.29560754779599585
3178,0.78352832219387647,0.14619411019553663,0.48859174161035857,0.26605348126291922
3179,0.56215165463915329,0.83985286136515214,0.54458149204631046,0.31447744708424369
3180,0.13261156149228337,0.39554363358429401,0.49820360596890323,0.28302148083692991
3181,0.89886804886307803,0.025528149585647045,0.47682189271419018,0.25600615438167235
3182,0.46049142934276027,0.10155795043815161,0.47850939145593685,0.26168017752141176
3183,0.49663684422558874,0.96815486759716884,0.55210551811085207,0.32201141419428286
3184,0.64545273204214182,0.33529928418424682,0.5052105927083147,0.28063848027949345
3185,0.027647590621502606,0.60619970628620368,0.51157623355914705,0.29685416010445753
3186,0.50907806096953567,0.20918241330761231,0.49062482079806441,0.27062090055156823
3187,0.89548747552557628,0.80378444320877318,0.54698763973309172,0.31243346160187135
3188,0.23824109420572642,0.17074290457629832,0.48031678503728265,0.26639671039825713
3189,0.79717239906111503,0.024050374772388021,0.47541431110656024,0.25576729072745424
3190,0.60240798680271257,0.10929809349250282,0.4819645483286627,0.26270893923473015
3191,0.45597296605579324,0.51822962209469403,0.51776598761841452,0.29339612572148627
3192,0.64672221493202964,0.27437129239748465,0.49946508944479157,0.27601996785916294
3193,0.81334262978107441,0.38259967960623326,0.51200689914389286,0.28432322872073434
3194,0.42577843881609151,0.42624177013390002,0.50923314852164125,0.28680530556199513
3195,0.80836735549258298,0.49693175461570499,0.52194728779395394,0.29245016083744008
3196,0.55700003502106998,0.095614451754663612,0.47970860493133904,0.26145663421239335
3197,0.63813708832381522,0.50018952952480178,0.51969119259504459,0.29251258529920887
3198,0.04354966719154036,0.70782529358874313,0.52008136419057449,0.30374079485993416
3199,0.98593318624108806,0.39950800756121757,0.51558664776004959,0.28562520537972441
3200,0.52904382289763308,0.76831665044851838,0.53880517831734531,0.31001505570302262
3201,0.53203478096913315,0.75721767209757818,0.53804800072899028,0.30932446757301568
3202,0.034576896581996697,0.035383560323307757,0.45909386547180064,0.25335817011991757
3203,0.12744799468385756,0.73205236312312771,0.52526885055889971,0.306053440265185
3204,0.46991379107785181,0.0096811957692843863,0.46853664391662819,0.25380962575868199
3205,0.5598465236225515,0.19871957776219354,0.4905204025833298,0.26991534482724394
3206,0.70117472894928656,0.063821967116848108,0.47856189995110476,0.25905713030201827
3207,0.10698394868668402,0.80056917933045191,0.52949126444032768,0.31022808484498648
3208,0.73504123237897878,0.7121784172441229,0.53811358896239525,0.3066960119218598
3209,0.24974754046838499,0.55945066141890132,0.51594168563451559,0.29541957591705525
3210,0.1140852924758452,0.67595936570748461,0.52054499463720227,0.30231168292071092
3211,0.67479643874246398,0.072976175893505579,0.47917851079742257,0.25979161722464755
3212,0.033469833933457267,0.82518138258591067,0.52818235806826075,0.31107975410555794
3213,0.4606394002099638,0.87247052821993132,0.54484161622152816,0.31627964897440064
3214,0.3387900827114354,0.28897626021056205,0.49464375602397603,0.27626154059007213
3215,0.30416894142519452,0.0042213080695015382,0.46421384144443339,0.25264746132725396
3216,0.30858232593870494,0.16610138499356109,0.48177263055078168,0.26640345217982364
3217,0.13970316144676181,0.25074583913880638,0.48509472575432416,0.27209729660854409
3218,0.31159911608000984,0.73463089296472028,0.5313203438981482,0.30728075517217041
3219,0.095629491375188808,0.21322172801961425,0.47985963373111645,0.2687574083669062
3220,0.43425873275821797,0.73793177322918779,0.53458687724019882,0.30789840632162246
3221,0.20193717855958968,0.27054450027205751,0.48904610500890083,0.27409329835877128
3222,0.089644100099394566,0.60518862250576499,0.51410252410964075,0.29739998752257413
3223,0.0014217464093468151,0.49160208303156544,0.50109705001212701,0.28864678430799456
3224,0.080418256435648067,0.13595184885613854,0.47152821004875056,0.26234266138143464
3225,0.28369717398626965,0.23194516059305753,0.48770181559321651,0.27155554250682162
3226,0.72127708381443523,0.47262000649544644,0.51864962485162713,0.29068535744618912
3227,0.53744224539409624,0.40182669174781771,0.50936948594521092,0.28533821659043918
3228,0.76185529886552839,0.99848344609685014,0.55861077993863761,0.32394440262533958
3229,0.63270286345436477,0.18077903187650957,0.48994538198986898,0.26863039539189404
3230,0.16090834896861345,0.93339433686834528,0.54073505588493831,0.31872659293895678
3231,0.54994682004455253,0.071454874333657797,0.47695375483447028,0.25939344915536527
3232,0.32590998527448395,0.6200709258609568,0.52293016447234597,0.29987384288070712
3233,0.89787335424487247,0.34904146045019152,0.50999744619527798,0.28191061147122876
3234,0.3234440486655687,0.59762581290487438,0.52108465076732102,0.29836099833174579
3235,0.30836882749722572,0.35100240213045619,0.49963273071250686,0.28082024342975653
3236,0.031418370838800912,0.64247901474524993,0.51457467513455213,0.29932393268674329
3237,0.82333076821443396,0.30571476285128157,0.50501814245462817,0.27862417047918253
3238,0.76846014924322958,0.057101988059317231,0.4787607395450067,0.25858356521131093
3239,0.13593550665260992,0.41158777835356308,0.4997363200796418,0.28422220680711385
3240,0.29794434451904378,0.71150182928665306,0.52921602603847706,0.30574160266890232
3241,0.46072158958966614,0.17383567259766861,0.48608174536584442,0.26764103955926005
3242,0.82026425015811111,0.39791635575991824,0.51347728548214433,0.28544130786500699
3243,0.16156942165925867,0.90521749397000528,0.53884351330468405,0.31704597366264292
3244,0.40645338343734622,0.98419944139084559,0.5511997622700342,0.32276096524409131
3245,0.45106615871827815,0.56062419267460939,0.52115652697121972,0.29629371886147793
3246,0.0039141253344598228,0.27364526081642837,0.48191254367408309,0.27255455863879707
3247,0.95303526962782492,0.042889568788011097,0.47939639535541306,0.25755193734088289
3248,0.5196203014009283,0.72666911625441866,0.53553837035308938,0.30737203616333664
3249,0.040429110469797164,0.30283261796702865,0.48622170797783576,0.27521400629699372
3250,0.95015951304492774,0.47175140801792731,0.5215346056621406,0.29074859388124608
3251,0.10167372360731243,0.90504301958141153,0.5366002189268313,0.31659417154334352
3252,0.6185610008037068,0.58162103484628025,0.52608445193648401,0.29805103977613434
3253,0.70327503926925128,0.19396865280071507,0.49238816275318642,0.26980690447298722
3254,0.58917814808151459,0.80190940303396208,0.54236528090671843,0.31218825198788297
3255,0.71978914105015579,0.79737096652270989,0.54417208528672423,0.31201672779588835
3256,0.11298299820650136,0.31349586601563495,0.49006233089289913,0.27672294886502663
3257,0.26007100336676231,0.82176406399578561,0.53620189993154233,0.31251865151987135
3258,0.43454669064161139,0.59124693305351539,0.52326979838245202,0.29831927102741523
3259,0.0037395334640867076,0.91277750609904762,0.53288553087211543,0.31610938807580613
3260,0.36456120176672707,0.66177202227524257,0.52717372411250896,0.30277625636633343
3261,0.78549256837501902,0.2796606613231008,0.50202796415518691,0.27660889080898954
3262,0.63575144738574751,0.74526437437302673,0.53903133838776762,0.30871187750571477
3263,0.32331204538397729,0.29590338590355825,0.49490529849097353,0.27672297347064589
3264,0.58237905988354477,0.28491843006588752,0.49939231751641194,0.27670922545641763
3265,0.42234075617777417,0.63182934966353932,0.52621484065280089,0.30099106735128461
3266,0.12034972038163105,0.1122652279601549,0.47052543677725323,0.26072839835286993
3267,0.65234475910518086,0.8229414985296899,0.54495171023573608,0.31354139824184263
3268,0.16530895777972182,0.18674381246961422,0.47967720728709962,0.26720484254843002
3269,0.34139058134750233,0.68202930710931542,0.52814310643665219,0.30401295084666963
3270,0.48727341663165719,0.4776869059864548,0.51500050939445285,0.2906471723088872
3271,0.28911321208887969,0.24780551207259999,0.48939603476058441,0.27283087074990675
3272,0.89414099927205826,0.96413826492271626,0.55806178196777589,0.32194543847547108
3273,0.89878423928789564,0.20736811743545114,0.49633209951467322,0.27107838865005546
3274,0.92116820145189993,0.50671178797961913,0.52417790960608568,0.29316933789746524
3275,0.26285313278007089,0.54385903542317693,0.51505465400833361,0.29441908583837717
3276,0.76143074230140784,0.70335591968669331,0.53782738807487052,0.30614760805737268
3277,0.27239012767592213,0.33427323613459015,0.49711398531756146,0.27938432907882449
3278,0.89470070414385994,0.81220832155832323,0.54758284235189536,0.31294760550604328
3279,0.40021428032916739,0.63427506203820228,0.5258959049646198,0.30108574499485879
3280,0.38054017686716979,0.56105736226913294,0.51957930881703795,0.29610399333477733
3281,0.65070200751275997,0.36997399081034821,0.50848406134887358,0.28321877574667564
3282,0.56477529772670243,0.32915391199596922,0.50325326255559377,0.28002786176141231
3283,0.62371269020607001,0.62574594559854602,0.52969262293416053,0.30099661303033415
3284,0.26848720361726591,0.88661196783174534,0.54099815287599151,0.31651592865803058
3285,0.69365752736447606,0.59074670578025978,0.5280396753601484,0.29874979995985779
3286,0.30447008141992848,0.62482245112314128,0.52272899048493626,0.30009883373351914
3287,0.93658900093414132,0.28666828121294968,0.50457354705933899,0.27725150708282209
3288,0.80299238709578058,0.8992010739198304,0.55251919061124422,0.3181769354882964
3289,0.61557182695887758,0.62752562757710695,0.5296938696031448,0.30110339953569781
3290,0.35402643887855817,0.98262179984945108,0.54981749733461682,0.32252410869592363
3291,0.31548477072048697,0.19288761686085493,0.48466623995505542,0.26860445244172326
3292,0.15171169819595526,0.7233708370326204,0.52550706322726981,0.30567689971945816
3293,0.4162352948881104,0.16324682049985278,0.48404884161207312,0.26662929641364397
3294,0.6287526504695532,0.89177037870859499,0.54938467854986839,0.31767284393284551
3295,0.9173144003826077,0.17576589237746085,0.49332459096101905,0.26857169499905098
3296,0.41426427578647856,0.44510671008181524,0.51062070562534656,0.28812268980884104
3297,0.83077391441926596,0.57364287834808925,0.52860083894021048,0.29769364434386969
3298,0.25369151697264752,0.48649285167054046,0.51001059748237709,0.29037381990398459
3299,0.89622100062459942,0.76283187699232957,0.5440201365126125,0.30991076943511153
3300,0.47726161319034871,0.60535964417996591,0.52531809090420922,0.29937748712188078
3301,0.7752989589069853,0.94444075512998971,0.55521374272692292,0.32082989329068595
3302,0.1408893923943513,0.4950007444448653,0.50706644943506496,0.29023774962525123
3303,0.8949699234171421,0.13438205126578689,0.48874287757423757,0.26519513490753022
3304,0.28646207513931443,0.66503801055221123,0.52535882507291509,0.30267311247389012
3305,0.71683736911286833,0.3742067250953871,0.50989510368904745,0.28361834033529648
3306,0.71132247750345856,0.10210948787537637,0.48289421113122388,0.26230947020371626
3307,0.10146093526094919,0.968841990323423,0.54088915582178854,0.32039079781097413
3308,0.45211597717554541,0.036412589863303584,0.47120162995577886,0.25608875716030194
3309,0.17811643673713554,0.62969250860869652,0.51926888185959275,0.29972982687485994
3310,0.39399603317362492,0.6655144127135747,0.52817719901329829,0.30311966709854571
3311,0.46536327053775317,0.080961082568427087,0.4763848542026381,0.25995737630197885
3312,0.22622557976372773,0.018619603835430463,0.46374356998676247,0.25347528018551235
3313,0.90451387033791986,0.49939400488169633,0.52336448942644098,0.29266054418390192
3314,0.70639162785633236,0.043796256896166598,0.47640544996163076,0.25734701185971459
3315,0.73446421057203559,0.50425118957367954,0.5215342173973494,0.29290333085237302
3316,0.35912879488450711,0.7609081682964578,0.53450343776333298,0.3091255411316583
3317,0.27889492589955922,0.72434945523223149,0.52964305102009102,0.30648040926170794
3318,0.9862641965162825,0.72543373349466134,0.54227162141920549,0.30755602112460367
3319,0.26980713822984836,0.36169767157115279,0.4995486819109568,0.28142329774421487
3320,0.18962015870251928,0.25777929952495032,0.48743430236794882,0.27301675439395034
3321,0.80496278232248741,0.18680381906601834,0.49307922507130836,0.26936156193186317
3322,0.58688341561962154,0.39510777988523477,0.50967370604029139,0.28495076819293164
3323,0.31433598084264669,0.53802984095237916,0.51601205570658049,0.29426450353131206
3324,0.39322821835082722,0.29539055708489614,0.49656538347187201,0.27697459896761883
3325,0.63691736887107842,0.72000724629933255,0.53716690208474982,0.30711598869838941
3326,0.87603215588441818,0.62523744196427289,0.53330145520725369,0.30112924951613473
3327,0.82589129500215652,0.54607849434966926,0.52628340100414495,0.29583128779338752
3328,0.92252106500860542,0.88354308040122276,0.55293053976691164,0.31722627678750165
3329,0.44982839643844641,0.37344137792525578,0.50505259723814644,0.28302962482611282
3330,0.10236573435537284,0.10121647685415811,0.46872682033855056,0.25964605592968054
3331,0.022631735686410685,0.93309183180226252,0.53514300914443125,0.31753641698007201
3332,0.85342885665249779,0.8460493771438139,0.54947897130618883,0.31500306354182522
3333,0.81876233210096838,0.58707800083839112,0.52953001702193814,0.29858792290569991
3334,0.45689491462927545,0.086309865961025939,0.47679320529615271,0.26038291618365583
3335,0.4366598416914349,0.89502041999230864,0.54587704751562161,0.31758071276083844
3336,0.65732183360717023,0.26895717635903277,0.49911217153571563,0.27562055585241724
3337,0.55954846106347389,0.31243975846456595,0.50159389438030455,0.2787564222858942
3338,0.058378718378010674,0.48978525369869313,0.50344692781873646,0.28914222319103938
3339,0.51801636842206356,0.71766829683264954,0.53483202153669163,0.30679578913151101
3340,0.41170580466386164,0.92578437088018983,0.54741196892797039,0.31935134976923729
3341,0.66428600029634544,0.83830668736040825,0.54623662950274565,0.31448557459324389
3342,0.97586928211374913,0.94218339577011068,0.55752524202376952,0.32063689646590771
3343,0.043858538257761391,0.40155886713705258,0.49527346092930941,0.28264475379506354
3344,0.15041393500968117,0.55925075864180696,0.51270158717298231,0.29477364912047338
3345,0.72659428065464604,0.20439354443853955,0.49378544240598077,0.27067060840877777
3346,0.20485431931087514,0.47874379042541843,0.50785758988345331,0.28953887511287996
3347,0.44708001943348208,0.95252704139120181,0.55001359932576732,0.321007561403025
3348,0.84485766043375488,0.76808221429277912,0.54377000872653058,0.31023849036615142
3349,0.38129126971935623,0.95087953028691707,0.54838231191871734,0.32075011101180334
3350,0.020763178460474593,0.4004910834852024,0.49418128343610918,0.2823146552649492
3351,0.86454376723814064,0.45388764574368257,0.51897967659231559,0.28946785669462471
3352,0.68938758163036551,0.36065746616875988,0.50824431946012383,0.28258698416914541
3353,0.99863510153152746,0.34128890039391119,0.51041016815586038,0.28137267128542198
3354,0.49963376997533493,0.15497723029890331,0.48491963401285487,0.26622473086181264
3355,0.63249742231868444,0.48305498724182838,0.51814365725010192,0.29130897476397277
3356,0.46566983699257253,0.25064660953540591,0.49385281499196498,0.27376245144655914
3357,0.91133787546585088,0.91898486299108484,0.55522957049933552,0.31931758440698338
3358,0.79152890032680012,0.97179718391030323,0.55726261018134382,0.32241274629609673
3359,0.50238481263328583,0.091000876863126176,0.47820126557882509,0.26092074507026181
3360,0.68205767186632149,0.77571587914481066,0.5420218207451456,0.31065536835415475
3361,0.42867390485791257,0.036116127742652319,0.4706827428469752,0.25598073966056578
3362,0.77204688384147591,0.35999689655237604,0.50939054990637789,0.28263109833914224
3363,0.99256218425236875,0.5112139943898073,0.52535398397128419,0.29348595003979056
3364,0.54718402267365018,0.25994696383971022,0.49635054607334927,0.27470575636122097
3365,0.44194008991807932,0.32158190426925432,0.50011633527123556,0.27913408128953415
3366,0.89501323662194188,0.085233785568841272,0.48345180919153113,0.26110993272828764
3367,0.43820811192853149,0.45790578438666418,0.51226334553547181,0.28911120305547178
3368,0.33077792098297509,0.16045522483423119,0.48175896187753309,0.26604936746216168
3369,0.9334167554537649,0.1622982582992292,0.49211338444718733,0.26749677035229064
3370,0.84654207194078479,0.12062973669330822,0.48669738954906111,0.26401943636525788
3371,0.97162519276893,0.60704343318192988,0.53296930783502316,0.29993534703799052
3372,0.23619323072744303,0.61832048388248084,0.52024396774573667,0.29932596047262383
3373,0.30646140943096251,0.57209833551467171,0.51857944433148973,0.29656148144147032
3374,0.91207769352424661,0.46413696072309979,0.52044115322859086,0.29020663865178664
3375,0.90557198026225671,0.98326775611481865,0.55946409751597681,0.32303808963867964
3376,0.24149051326663468,0.9453096108764294,0.54418917212675821,0.31989308188632876
3377,0.089294045228359764,0.65896130925755714,0.51827842337071162,0.30098247765224634
3378,0.049272328825260052,0.426881032412115,0.49770927301314871,0.2845475340704311
3379,0.10827130503301742,0.68282639229340714,0.52084534456964027,0.30271303446871201
3380,0.40368513187236388,0.74138880658458228,0.53414388570377624,0.30803305725106134
3381,0.31217943695666039,0.23095085855062353,0.48836241143748371,0.27162055561485643
3382,0.4695927003108547,0.46354185715870699,0.51342226685496517,0.2896013942860412
3383,0.78936849356916494,0.17546367087984691,0.49171035233224542,0.26843434836025176
3384,0.54044519540470792,0.52596722791279904,0.52011669532049709,0.29413130651905384
3385,0.64483299445788145,0.1014008187993546,0.48180793220155055,0.26213488108537614
3386,0.46559860575698553,0.95223950788223888,0.55039537040274122,0.32102791765246519
3387,0.93972989924118167,0.60507622884329182,0.53245561011152132,0.29980678104893815
3388,0.13956858260118171,0.89893770262607142,0.53762226499334154,0.31651642055718959
3389,0.91271050268508269,0.64074629408562322,0.53496137328273108,0.30214651505926099
3390,0.57559030026091496,0.080012076347216507,0.47834132621305486,0.26018403112370042
3391,0.73875663947012515,0.58570085311845177,0.52831033608857569,0.29845035204854758
3392,0.56801615438003794,0.0027965360824367962,0.46955685630880095,0.25348308639584122
3393,0.82700513198407144,0.4615485154881957,0.51916597329903391,0.28998873459745239
3394,0.93083497430804429,0.62893090177004929,0.53424467879251158,0.3013752288931873
3395,0.58163171139807679,0.84119348215895018,0.54503246267528893,0.3145835058087304
3396,0.95720407075594416,0.5018454731461709,0.5241779190964867,0.29283930301348926
3397,0.70149656927654291,0.96808943667084679,0.55571931819136888,0.32219028624688673
3398,0.62527453574781544,0.55889749692535262,0.52435270920062349,0.29652603285463219
3399,0.83353939401445676,0.49601785695716971,0.52220006105932215,0.29240037879163966
3400,0.5248150217552553,0.72572894687169465,0.53556994537195335,0.30732175475053081
3401,0.21092474884117257,0.40553855507957054,0.5017167163690589,0.28431291528816066
3402,0.86132331639780901,0.53040211113680846,0.52543866853196541,0.29477800633081475
3403,0.15198554390206701,0.094382554978493141,0.46971778827655303,0.25948011562825357
3404,0.79307766577977457,0.93341112610035348,0.55471477192198015,0.32018686745807823
3405,0.085846795508323706,0.32332673486267455,0.48994524280630097,0.27722764755670065
3406,0.22396930154700531,0.70258235137091252,0.52636319862977021,0.30479720240233582
3407,0.25869289471009976,0.50300655194675781,0.51154718792959641,0.2915610632676966
3408,0.14609677775675664,0.31740710427454905,0.49160825165686572,0.27729093540691974
3409,0.093494003427971623,0.63373279536204652,0.51649310685380456,0.29934684555998053
3410,0.97703771434273812,0.82706188494680688,0.54958342170325025,0.31382421615553752
3411,0.33763339359549571,0.74478748587580634,0.53276524065436004,0.30802906533492214
3412,0.22106528090214125,0.16757055032056523,0.47948891950913042,0.26603248017873216
3413,0.20827015539970017,0.47755830927275822,0.50786579531601961,0.28947650125971869
3414,0.10258860931413948,0.79545085405722493,0.52895218734556626,0.30987149032321221
3415,0.58719903076660129,0.65269661369469256,0.53116640431661111,0.30271619215241541
3416,0.6414698695103056,0.36785279281610855,0.5081404830169528,0.28304826785545256
3417,0.21490646193783033,0.22864390463578749,0.48539704930601757,0.27089511535241662
3418,0.29602073832693282,0.84542470266806202,0.53891133634607113,0.31413398741824172
3419,0.44447145256489751,0.35680169048035748,0.50342372856979278,0.28178099239459842
3420,0.20244204305944732,0.89512945576073832,0.53954079304152502,0.31669128195019985
3421,0.47382083607999376,0.60633187684145529,0.5253234468520368,0.29943404090764564
3422,0.67288834151941124,0.56024718937427975,0.52524310074985014,0.29667659278208403
3423,0.19507760848609032,0.29692305900553473,0.49132644585377649,0.276081979893402
3424,0.33969699730715947,0.058968381203094035,0.47120635939971428,0.2575913759941052
3425,0.74738066366518618,0.73734630603779816,0.54017802235176837,0.30829432274460272
3426,0.87624673512965678,0.18831238295532529,0.49412912357339461,0.26954700498338929
3427,0.007715150761057157,0.59354886419872055,0.5096720302046216,0.29577398227704732
3428,0.51555059987331053,0.83393421671503465,0.54326886371340866,0.31404648804280305
3429,0.47611478432723092,0.63089591227386843,0.52731375527957625,0.301071503358601
3430,0.78147246802317683,0.67563565531439385,0.53599341031775549,0.30437959079239946
3431,0.8368464521860588,0.052294960885972248,0.47910740758914971,0.25825498147099674
3432,0.79400325078220346,0.69918119071134133,0.5379630710420763,0.30589407500409849
3433,0.6484330255042412,0.51315951812627025,0.52095204557244668,0.29342556676231674
3434,0.26302783566300059,0.72885957062084927,0.52951970937849324,0.30669330591236715
3435,0.26640326800543118,0.47456967280890094,0.50936902238961868,0.28959899296262565
3436,0.98674076372523556,0.82333029579884609,0.54942293816578935,0.31359438548940682
3437,0.16653155620872276,0.2117276752452017,0.48220128894180242,0.26921854316502625
3438,0.84414828763507543,0.84799277179884969,0.54949812613717086,0.31512090639973434
3439,0.35981264791070716,0.68560347615206851,0.52888424995201955,0.30431276993663359
3440,0.43782075752973326,0.49355184539210756,0.51529869664714345,0.29162529039960972
3441,0.21215653731295606,0.0019641091519384643,0.46146080754872681,0.25191725514126123
3442,0.635188505620358,0.96352066717614659,0.55435552212628969,0.32189475028167569
3443,0.90713812884251821,0.80456860229995808,0.54718272636112752,0.31247919068547736
3444,0.26796487986418654,0.36149582929370233,0.49947813246949729,0.28139843138432025
3445,0.51063340432225968,0.84345431632845436,0.54384447356690746,0.31461820403099094
3446,0.014190022573189345,0.72189439723432292,0.51981452778993198,0.30433457858630619
3447,0.91658592802273353,0.46578381778950573,0.52063605466884477,0.29032343692494644
3448,0.93318260972473077,0.19319675661496585,0.49529118304357539,0.26997582519712127
3449,0.3378848335318384,0.031711396039451938,0.46814384365085449,0.25522444745968742
3450,0.27482938727306899,0.2271906454830547,0.48699211323686625,0.27113266389349971
3451,0.11823645631879336,0.83797094019042573,0.53258492450988371,0.31264020447311575
3452,0.29943596501151332,0.96459736145896602,0.54717075220749312,0.32128205224661621
3453,0.38652392959775173,0.40327146529842867,0.50630267230433201,0.28500525154913775
3454,0.10224090676013148,0.49890214050476206,0.50596138829574266,0.2901947941905772
3455,0.82551698781788585,0.8613609473027406,0.55019553955931966,0.31592465359950417
3456,0.5845607645752724,0.0040152025077841245,0.46997889979730101,0.25363112589720749
3457,0.34687768515633655,0.014494928589893971,0.46642261133071006,0.25375850347351364
3458,0.83829388358026047,0.0091352355851908214,0.47422147081211713,0.25451260475238707
3459,0.55689108633747098,0.64195927363660887,0.52977650480807481,0.30196467383865111
3460,0.99696651230115674,0.48857698322528742,0.52348623748813139,0.29192431950562259
3461,0.65362204060194784,0.54834442575090803,0.52395791617595588,0.29584584325628743
3462,0.42659718653556195,0.2239726456264616,0.49040219710375105,0.27153982779479213
3463,0.56205434476443339,0.22024327099473451,0.49271774869100954,0.27163098417016729
3464,0.84372976466560501,0.55127891359067294,0.52694158465673002,0.29619119420552015
3465,0.79490659058411839,0.62943558783949127,0.53258420364894365,0.3013810891524637
3466,0.82921593254666082,0.18917859520461644,0.49363505800376273,0.26957560391058366
3467,0.91951562407173926,0.46362525098185287,0.52048397532532742,0.29017276742397308
3468,0.61764203805144646,0.16696027848691447,0.48827873970566177,0.26748468566370581
3469,0.25035747528468494,0.60972561358042299,0.51999294980536093,0.29882765624254803
3470,0.18029026398401476,0.0081001476941513825,0.46119739118463238,0.25224296185020412
3471,0.92760628681109525,0.48138146970280216,0.52210310048397457,0.29141617421975952
3472,0.73010280270419325,0.42281741790323285,0.51444470210853255,0.28715942652817783
3473,0.70873414728537898,0.75014053225027166,0.54055516620024113,0.30907716092918153
3474,0.88011768667056456,0.41005543368436631,0.51531737655638732,0.28635178967769787
3475,0.43924727965820348,0.66591480832068484,0.52924548422078432,0.30327804403452469
3476,0.49658364027309004,0.0068374882765696388,0.46872826145352553,0.25364278847207461
3477,0.6540765407896485,0.56992086869439817,0.52572897834671883,0.29730889238680075
3478,0.6478414603444631,0.24541457544775913,0.49666606277964453,0.27377904861301783
3479,0.029602836206101348,0.16764809323198862,0.47272716067257348,0.26442659221431375
3480,0.072787164466630208,0.34329169347999849,0.4912574050422181,0.27861122462458493
3481,0.29331306405639046,0.89861992295352977,0.5425362513019113,0.3173455312384682
3482,0.40800792652493112,0.25148729212592591,0.49268988208538994,0.27363588386152532
3483,0.71027312191954117,0.12680639998739351,0.48552112911279427,0.26436125005638356
3484,0.53551177113981685,0.48451113388984235,0.51653546521268301,0.2912388587358708
3485,0.94933356434797167,0.0667138490982703,0.48202249555187426,0.25958613516874335
3486,0.66894666547187376,0.63755587983642481,0.53136615310492763,0.30182533152360852
3487,0.7712743125372683,0.037720885689661379,0.47662510976482808,0.25691973025011078
3488,0.8866251594914939,0.0013150485511519948,0.47389287089136423,0.25387590279396305
3489,0.46843358449906813,0.33787464022986824,0.50219129988579758,0.28044058381292125
3490,0.64193852060794598,0.89308898054052843,0.54969615937222593,0.31776147933743409
3491,0.50316462243004934,0.7992217760000494,0.54053872301158556,0.31189142405322023
3492,0.13327893186862347,0.37540515293629145,0.49643531960867265,0.28154140519598242
3493,0.27032237494018629,0.99037047922814969,0.54804873296101486,0.32266674070410278
3494,0.14348186372717611,0.72452374303451506,0.52529753342924723,0.30569126690408238
3495,0.016457394648564515,0.078706397317966914,0.46300738375480943,0.25688189536209327
3496,0.58320811782545645,0.75370799545693445,0.5387441217203256,0.30918129775146208
3497,0.12080461052452447,0.94162590642260624,0.53982005024875535,0.318932464589813
3498,0.34051886530892228,0.084491384341090464,0.47400366947249123,0.25977373409107413
3499,0.039106762630061714,0.24283589110871545,0.48050449915451421,0.27054566823169673
3500,0.13543502689279852,0.90966629231780538,0.5382039441943669,0.3171320878949167
3501,0.35487730570960557,0.13883017000536202,0.48011226715764854,0.2643828923068961
3502,0.80076183874270657,0.089262851011881139,0.48273205659156243,0.26135368804064568
3503,0.88867403747831708,0.31652872807657112,0.50685474025803456,0.27948341455669506
3504,0.96718295789173581,0.76637251947183405,0.54509551477927898,0.31011536397285533
3505,0.28869945354348747,0.90845587960424612,0.54308047121423053,0.31791561591402134
3506,0.55073527508944975,0.33903054217001194,0.5039130669603733,0.28073740617642484
3507,0.39672681740446714,0.57551406046723719,0.52113779878196198,0.2971413569275681
3508,0.64137490004553699,0.14847919137390564,0.48674752288032458,0.26602563468318069
3509,0.39781112927746731,0.93674007692848105,0.54782766099088231,0.31996295874304431
3510,0.71374555424222486,0.20976654028088088,0.49413900905399177,0.27107918413353815
3511,0.75203357496979883,0.90690057345676478,0.55234077384591174,0.31862793558497982
3512,0.51215118101792179,0.544209071400098,0.52107715671463017,0.29532419890743183
3513,0.97353615495426349,0.9201403514711769,0.55601107589828935,0.31935615689374242
3514,0.33889483288516059,0.18974822915144032,0.48494159263361758,0.26846116057158886
3515,0.8900532002453343,0.076293183671904269,0.48241214986623138,0.26035112009140582
3516,0.094816192701517144,0.36446466592672511,0.49403007689106992,0.2804010821924986
3517,0.84034292680915679,0.20727297035699013,0.4956115158055191,0.27102518335848974
3518,0.0061766053531202491,0.36422250523798866,0.49031833307790013,0.27946501836378862
3519,0.20288019283540779,0.50401697022741432,0.50992218478804263,0.29130639631756278
3520,0.96481955907862871,0.68510655784542906,0.5389870811819738,0.30500479755335214
3521,0.38715367858781247,0.79658997090406491,0.53779081859661648,0.31144868803569692
3522,0.81903801829024458,0.79680446359961066,0.54552400687257385,0.3120094684004438
3523,0.42144173015729758,0.33171410866103834,0.50060927376256292,0.27983042540125325
3524,0.88791799008013916,0.7280919947395218,0.54134615898466487,0.30773964800485348
3525,0.18858670057348209,0.84802929543821381,0.53580736683888752,0.31374673497686922
3526,0.84840056228261673,0.37450701065565228,0.51172510702796459,0.28375589981417171
3527,0.6451545362711768,0.45171280195590813,0.51565737299498915,0.28911754290372682
3528,0.5624107377891312,0.21723330112922704,0.49242418490167683,0.27139367853795704
3529,0.49095882363546411,0.70797471252450495,0.53355735996094822,0.30612185325754121
3530,0.79593826280169888,0.91057217568381466,0.5532026727332624,0.31884779532870561
3531,0.19461661615456691,0.35733759593438591,0.49688645258212788,0.28064827621245597
3532,0.93479967620681281,0.97754192294912645,0.55942466891879339,0.32269587948685868
3533,0.26401406136456645,0.93693070014476554,0.5443019243543461,0.31950325950087721
3534,0.52696783059086882,0.084999519940360924,0.47801408432927028,0.26048281472050544
3535,0.60864467163308289,0.14853195353461199,0.48621686439898532,0.26596522464337075
3536,0.97422966247604936,0.62603242641574475,0.53450350011240155,0.30118278759787931
3537,0.33370883407973451,0.52985884705624775,0.51584764243386227,0.29378339257685637
3538,0.83587722701557221,0.094299502099619723,0.48372792041165941,0.26181577560010344
3539,0.3771978719294421,0.38641491878839446,0.50457577127212494,0.28373703781349907
3540,0.042186991412786305,0.75166942261474912,0.52327137237759658,0.30654542602690948
3541,0.70660714580403872,0.77415429773909272,0.54228743978717509,0.31057427380759295
3542,0.44384503898747502,0.74984137468916601,0.53568234071036058,0.30867666034658064
3543,0.10555690986061236,0.011309919506579173,0.45909971815902501,0.25193741176842632
3544,0.38816055482941447,0.8510840812752839,0.54169681194863473,0.31480301917824427
3545,0.86825583297015407,0.47271850279642968,0.52065154911574241,0.29079293230982139
3546,0.04079134756861022,0.69536242265902692,0.51902457757048981,0.30290258334842501
3547,0.38318504032102652,0.78266512575858516,0.53668646909060458,0.31056909113542946
3548,0.63803090184208699,0.29884999973770465,0.50166595538153536,0.27787759002202034
3549,0.61157687991856369,0.86697943687328372,0.54737182461992784,0.3161742100794484
3550,0.69773055962404473,0.61326808379826836,0.52990146664550886,0.30025175702845242
3551,0.93423651869714963,0.04575878625527257,0.47951410710626879,0.2577844401472395
3552,0.70417407833236512,0.11112040261836956,0.48375868455795928,0.26305048516721158
3553,0.13668195836072555,0.67461230164916486,0.52128464814613706,0.30240166132277407
3554,0.30018180581600173,0.67899524115024834,0.52681228109264544,0.30364693421820071
3555,0.22661222822709245,0.67274553214943744,0.52417691091096941,0.30287115509632778
3556,0.70409375795606766,0.90600373955419056,0.55157124870895935,0.31856179750942992
3557,0.057527884844609072,0.63985603735189656,0.51550162668214994,0.29941875049252542
3558,0.15419006564045559,0.13812057218871779,0.47436635824063356,0.2631502171724529
3559,0.47526290667095455,0.59911495998402831,0.52477824847072452,0.29895501169035532
3560,0.89946710062146895,0.14338647192431381,0.48974604505041613,0.26593589911027427
3561,0.24879015872803287,0.97098999781549222,0.54612714820814867,0.32143895136434308
3562,0.14805612739770441,0.73694173975234156,0.52638508783748106,0.30652077545424788
3563,0.49914838933335853,0.22378257502190535,0.49188635080501381,0.2717509185347815
3564,0.27670509615630146,0.61878209877874468,0.52147781128065718,0.29956750900214618
3565,0.55796830618983373,0.36856640037236504,0.50675653822520961,0.28294691832558178
3566,0.57100088403875715,0.68755939961128165,0.53355866281864039,0.30495467849891267
3567,0.68358625806184714,0.59368566673543532,0.52811900980959403,0.29893634351194692
3568,0.72637437088120504,0.97360356269021286,0.55645914815940589,0.32251440339497139
3569,0.49833207009503389,0.9938922171028447,0.55384180691287566,0.32350407892027694
3570,0.66923986044769412,0.92778976399699464,0.55251116387870924,0.319829478646386
3571,0.80162359883514012,0.80174994480196626,0.54564878947097395,0.31231091543540462
3572,0.92539889173653211,0.00028884534087264915,0.4742131662335875,0.25382105710667174
3573,0.41762299582703272,0.46462965807818107,0.51238289423034689,0.28952426282892074
3574,0.25665969133448091,0.64297185864154016,0.52279004308800148,0.30107462045631866
3575,0.076434233238815805,0.87313782692573738,0.53338728165016935,0.31444556156444009
3576,0.18171033789840293,0.57064736949115757,0.51469982060560571,0.29577396907256126
3577,0.42392289437734287,0.51420282244432014,0.51672517146658936,0.29302318671609318
3578,0.73059951836677506,0.38535514051221548,0.51110746473978719,0.28444940500238647
3579,0.042642843937606083,0.68051003454468451,0.51798200767847313,0.30195168444053322
3580,0.84581802399057193,0.31107762828309787,0.50581319206831454,0.27904592655859084
3581,0.05076060809454648,0.60045531224185833,0.51213049177851089,0.2967097943889242
3582,0.59645972862952623,0.60565715944390974,0.52762886743026582,0.29962717800951
3583,0.68272739585657849,0.54959168730905505,0.52452509571986383,0.29596418102695687
3584,0.28887232673441759,0.77330058373903154,0.53354047766784762,0.30963136453240336
3585,0.24345521739624676,0.98356302147427344,0.54679759379723725,0.32214827665355328
3586,0.06890818190522259,0.65059882553144133,0.51680759973207258,0.30024211106290183
3587,0.49496640671159842,0.82977388006021513,0.54255919947652009,0.31375552918559196
3588,0.59308760933111193,0.22550366639884889,0.49378778619059277,0.27211422236129046
3589,0.45191582589038881,0.54488944707856291,0.51988665673403744,0.29522154632042213
3590,0.47420800143483793,0.65040458716800198,0.52879852748521683,0.30235158192158423
3591,0.29680608807652026,0.84178391059894342,0.53867650869998218,0.31391439664734649
3592,0.04617854291558033,0.7319465024378965,0.5219920735724265,0.30532397160709923
3593,0.91071700865275929,0.74837459880799295,0.5431268379418841,0.30900906660103633
3594,0.47174782746607669,0.24515284802470125,0.49344151911453532,0.2733516070020458
3595,0.67576946595368215,0.62243301009951402,0.53028469738583017,0.30083696880537514
3596,0.16503936807174469,0.48534573887590088,0.50709949176517644,0.28973677171110002
3597,0.62537212813872622,0.26634631273444975,0.49833992215681971,0.27536396866577451
3598,0.6261430200819974,0.029711607552261557,0.47359415813941341,0.25597648679291435
3599,0.44687382062488473,0.92978740582742037,0.5484772015211038,0.3196697648442024
3600,0.14664023152500158,0.44908835647088707,0.50337289754911074,0.28701856404339915
3601,0.58848110316050006,0.53267559190733593,0.52155639245490215,0.29468084346718892
3602,0.091215000110596883,0.49344748607069489,0.50507806178385584,0.28971288149938279
3603,0.73311437382687594,0.296764715974906,0.50293204085185061,0.27785597845420951
3604,0.99095499872587389,0.015662363538111096,0.47669389155635122,0.25521885206675565
3605,0.2150170419959235,0.37702519244203575,0.49930648626812912,0.28224301351761966
3606,0.40884880673511653,0.87842604595426244,0.54409605916468062,0.31651603864309652
3607,0.70943175113698242,0.72622530619007308,0.53878686682639165,0.30757148198045842
3608,0.13166162459099434,0.82203572606852982,0.53196134637609283,0.31175789557010025
3609,0.50791365323072535,0.68384977971148919,0.53206828326822131,0.30460377019546159
3610,0.68906316515890653,0.20793590927162442,0.4935859841909952,0.27089756662163417
3611,0.59114508424395473,0.3863623560110922,0.50896318845886968,0.28432036871930461
3612,0.28833464078622639,0.34299025327853161,0.49835825484190899,0.28012220724685433
3613,0.27767088718978922,0.39722081774721157,0.50296044515657123,0.28408650966745447
3614,0.6512545490438002,0.3388006673461641,0.50562957134188435,0.28090924978110476
3615,0.51530867317005757,0.91827225770734955,0.54912396791032225,0.31911465342462692
3616,0.43515772125778024,0.050221345430996739,0.47238982744560493,0.2572250875717762
3617,0.69673680479101607,0.38790006021688461,0.51083116022206143,0.2845956414437838
3618,0.58839745992679382,0.13122416007925058,0.4840575385633018,0.26449876216257501
3619,0.11607240982310614,0.55575607868878873,0.51116621218965608,0.2942642734536855
3620,0.5562919421422412,0.36333355340469864,0.50624899283247504,0.28255682333217441
3621,0.57353171239282241,0.92596778240833666,0.55075430497227851,0.31964583161645022
3622,0.54056985535471469,0.92020644935934104,0.54974751350354256,0.3192655999148607
3623,0.81273222153378888,0.57021258411571618,0.5280854090948508,0.29745564241056055
3624,0.77280317702578616,0.56848097468846248,0.52740126652278341,0.29731769453545176
3625,0.3972841858655331,0.855548294004018,0.54222816332339863,0.31510060968768389
3626,0.49750206522870577,0.53179561176736612,0.51975895238646719,0.29443886658561413
3627,0.76738759888903008,0.45180256125851304,0.51751722693696445,0.28925953492886325
3628,0.90597036981879508,0.072637585778057109,0.48219323848368145,0.26005524543278646
3629,0.39583663964612648,0.20285784476801055,0.48761312279196434,0.26974926340054428
3630,0.5286347118631588,0.85927803012653026,0.54531185377748392,0.31560710869037684
3631,0.90708695522564231,0.61634386601968438,0.53297259815608544,0.30054846129604373
3632,0.50852447052429206,0.28164479696470079,0.49770870048017474,0.27628471361598644
3633,0.80025480579071451,0.35267739433542594,0.50910188569628612,0.28211546456732323
3634,0.041812696660135408,0.37037760451539653,0.49242655670868057,0.28032194091704005
3635,0.53407029129335426,0.083918969286710499,0.47802746937526608,0.26041049307714637
3636,0.011662519880954642,0.39192652642509201,0.49302322542954485,0.28158104535513429
3637,0.94395126680132246,0.22069525911022211,0.49818926688422055,0.27215626327978298
3638,0.7970549563672743,0.78370001184559668,0.54428123051272925,0.31119969083685706
3639,0.93958047844100512,0.84516177747201882,0.55044769776466707,0.31492956625153606
3640,0.68000112762952925,0.27715563300350915,0.50025947727134601,0.27628675717346468
3641,0.80921680822024356,0.54942529786200034,0.5263389831134363,0.29605045052807016
3642,0.64831672558920694,0.84855957704911711,0.54670043624442743,0.31509501255332717
3643,0.37507741809553702,0.77124458245028504,0.53565663459018986,0.30982852876360778
3644,0.37812593101527309,0.57038287008180055,0.52027839226807471,0.29673003037671586
3645,0.53236828110854839,0.6947926546164207,0.53338339623737907,0.30535638775950924
3646,0.59195786597285194,0.54447604209842393,0.52259307736774285,0.29549451328025866
3647,0.1344670728261699,0.72117242977464346,0.52471885048720734,0.30540837249186259
3648,0.039548362416599411,0.8765565141979722,0.53204745177891688,0.31430170391869922
3649,0.25409725926968968,0.99005959326765747,0.54754817836670322,0.32257649288311019
3650,0.32778788243763851,0.7282883159051301,0.53128098097722765,0.30694109429500777
3651,0.42181407052959546,0.87682022556177108,0.54428354006343937,0.31645251622111997
3652,0.3348398417591234,0.27290744413832441,0.49301227815008791,0.27500522403327149
3653,0.20493045122487238,0.60628502921046468,0.5183115300505855,0.29833615278702402
3654,0.039765368137008046,0.9540680195248803,0.53732303975122242,0.31896211098403482
3655,0.73881608333716864,0.26514468276338882,0.49997400443824247,0.27544200785950296
3656,0.30637952718137529,0.18513989964026259,0.48364969056362628,0.26793593884935929
3657,0.73479398276099239,0.63360005354339965,0.53206359396961389,0.30162096393660581
3658,0.77843654070763157,0.83088734626203087,0.54741557646116146,0.31408416858068972
3659,0.040845759227464445,0.22297042143027065,0.4786577656380705,0.26899495211921437
3660,0.97816182202204371,0.68663633604248753,0.5392504593528592,0.30509990637720885
3661,0.60174000530397753,0.75961564322704223,0.53950854879569932,0.30957525866180208
3662,0.98116182395318763,0.86182150457658568,0.55207740451950604,0.31590997569455276
3663,0.77016531720784265,0.82589507175831833,0.54694553793989742,0.31377928497695501
3664,0.93634057206587173,0.11667277346433839,0.48732873168194535,0.26376617374276751
3665,0.33734501123292138,0.34754512231425616,0.50006881069230569,0.28069380021364171
3666,0.27479858223310438,0.24438926750951215,0.48867241059922817,0.27248767712841321
3667,0.42615008338798072,0.5477462215446286,0.51955325007503272,0.29534292852011357
3668,0.306985365550837,0.89703913002059565,0.54280678498907764,0.31730547567122996
3669,0.61171568601020843,0.60664097697167896,0.52797323834789234,0.2997146074823922
3670,0.38046616460423682,0.67848906994258285,0.52884955468982919,0.30392151565059566
3671,0.40992857793784937,0.46558457577800144,0.51228952790400928,0.28956679125746776
3672,0.87881102925735766,0.88312733642297103,0.55238193614429942,0.31721488619929328
3673,0.77947871857633588,0.17839932072075318,0.49187930623809406,0.26865930181406311
3674,0.4112545179594192,0.98783337288714246,0.55155137136704913,0.32298323822550778
3675,0.10560843562589725,0.56831298208370573,0.51178374576559715,0.2950367586071726
3676,0.91409949671350188,0.51979709194960311,0.525193644063076,0.29406693813564955
3677,0.21950014080210822,0.39531013165946355,0.50107788220826188,0.28361771539077585
3678,0.027928466014435983,0.43222015956669352,0.49725557119910319,0.28470634874500916
3679,0.66689297128106706,0.073691403784381687,0.47913657086474526,0.25983815459129594
3680,0.78284917569420076,0.81845546281629944,0.54659130099503361,0.31332901608602609
3681,0.11339822093398544,0.7560847801851458,0.52651128858195984,0.30747624182955757
3682,0.62593075335983883,0.32617648961293744,0.5040392782741222,0.27992222820860818
3683,0.506562245845527,0.43111411640770969,0.51136046939938984,0.28738274614443632
3684,0.8384456544262241,0.69645778913596879,0.53834411515343517,0.30573139323104542
3685,0.030906419330846983,0.024404407572827771,0.45774464304110624,0.25236249463533522
3686,0.022914659059548283,0.38846378474953819,0.49321779133178295,0.28145441088398077
3687,0.32637939684324668,0.74677868858709706,0.53261724260285714,0.30811240364166081
3688,0.40739447675730339,0.58715442388221861,0.52232489766675749,0.29796225648946029
3689,0.81453146544113986,0.4874580673901015,0.52122469251256665,0.29179545282185593
3690,0.056082658314413864,0.95601767966436457,0.53816623468645119,0.3192366600101757
3691,0.98080383739088428,0.82754599491794356,0.5496587079451184,0.31385190240306382
3692,0.39799777228987077,0.13148608916635859,0.48034546555674712,0.26395299862763244
3693,0.65253472853273864,0.87884641599891478,0.54888600408918886,0.31691946932103282
3694,0.034009000264119828,0.71875409008836144,0.52047815566339128,0.30434841429466492
3695,0.05382067919281544,0.24651846138132971,0.48146271569458704,0.27098892267934049
3696,0.10281653093817877,0.82009869660428958,0.53072391419316944,0.31141047333514815
3697,0.35863338880537776,0.62179427496256545,0.52390687031724326,0.30011596085543207
3698,0.52531145926591705,0.075505946251505515,0.47694892270684541,0.25967293077736558
3699,0.23232305854143342,0.17248066579553997,0.48032057407777906,0.26650198021444227
3700,0.52969499406950782,0.27834785692902514,0.4977998552993016,0.27608522614721426
3701,0.48587052929071944,0.5061922605791711,0.51738577992724433,0.29263900796239345
3702,0.56043097832590572,0.86241983166992442,0.54613636249875297,0.31584207649869966
3703,0.714377914485673,0.94996250679051741,0.55470455785229356,0.32114279977486609
3704,0.52426135883479141,0.1239148118623416,0.4821362041225829,0.26373599782048646
3705,0.015320369029825089,0.71487855234803865,0.5193443761576414,0.30389411925085552
3706,0.50718284992804985,0.49225207411703886,0.51664051662832522,0.29171798997500759
3707,0.47495486995218095,0.57853423193885245,0.52311862725173686,0.29757031587146726
3708,0.30887968808334554,0.61453560255788042,0.52203782035800095,0.29943223596974206
3709,0.3916163269099896,0.20309500277651241,0.48754041497111111,0.26975200961293716
3710,0.81082654360871531,0.25878861627058364,0.50034255453330623,0.27502807595577372
3711,0.04398310802291381,0.63807670751708789,0.51478463522495876,0.29916347862486559
3712,0.26583033097825248,0.39242391907899876,0.50219809336708432,0.28367254318855428
3713,0.81845487082129109,0.39859006438689543,0.51351398862838893,0.28548884017574377
3714,0.55757348954697372,0.037489876348560207,0.47331927314766531,0.25649342695235844
3715,0.34128973594022682,0.73831814783796446,0.53238037200951149,0.3076317189481349
3716,0.38275137898802064,0.078051175617624535,0.47429907280820688,0.25940921718359572
3717,0.37668278861123838,0.20069462037055055,0.48695355949046443,0.26950106262280649
3718,0.36774891808874677,0.58756082348929484,0.52141016612947444,0.29785567192237716
3719,0.43877118510495638,0.32420579764406426,0.50029241761671484,0.27932200902366427
3720,0.36873519272737904,0.24059501906096703,0.49071693970542912,0.27263163704097537
3721,0.99189547509873521,0.61880661755522015,0.53412387106328807,0.30070691969507352
3722,0.032248831706389321,0.82578958157441817,0.52817074964840505,0.31110471922004301
3723,0.16409002678144025,0.89123283407305132,0.53797245402121441,0.31622006715448553
3724,0.83559386134798408,0.1442927466005669,0.48906774638207723,0.2659542937462368
3725,0.88515681364458287,0.56471280555179104,0.52855737820610882,0.29711009313681941
3726,0.6463785076206201,0.58198859863242836,0.5265804266223002,0.29811194577916938
3727,0.32375723659485817,0.68153327001488073,0.52764390387384763,0.30391155832922556
3728,0.57119558878884424,0.19604489479883341,0.49045288098031042,0.26972773797555782
3729,0.023102835760649761,0.022691251224291047,0.45724023550766651,0.25212801924603345
3730,0.8388851660524379,0.9660608801943833,0.55750611237568792,0.3220743086908176
3731,0.52654870360494832,0.80355352329054153,0.54131491276301169,0.31220021764546146
3732,0.014493241800053512,0.83534095637957806,0.52803497483461226,0.31150473703347387
3733,0.58141725346544992,0.50710061871950751,0.51929536454742797,0.2929036295654856
3734,0.066560063084086879,0.77070909815338673,0.52570491987819057,0.30799444625999922
3735,0.030444535446201917,0.055689433306723365,0.46112736227909823,0.25506879029867768
3736,0.77177359717710647,0.20334669994077412,0.49431534497457308,0.27064415774207251
3737,0.096542948452627758,0.45974353211174024,0.50243718332603626,0.28736793347501022
3738,0.21673172563215487,0.029215064734185579,0.46465170624444319,0.25434234233392122
3739,0.044460117470065598,0.085606715982186152,0.46488319215008689,0.25777119582557312
3740,0.75517715081527126,0.062458948758791669,0.47917585401852308,0.25902322306654968
3741,0.26656078816977097,0.68015460481970802,0.5259478738913651,0.30356595380234019
3742,0.61636899171922133,0.56510215327519697,0.52470741772538199,0.29693391594732527
3743,0.69812123648090063,0.44824052035341744,0.51619427057995126,0.28893919144277336
3744,0.20790604642537655,0.82282604746719601,0.53466186850029118,0.31230964304549941
3745,0.20977537408267383,0.59311883465194848,0.51742021364779589,0.29747880603754395
3746,0.62232104997109861,0.71597659144162906,0.53661779772389706,0.30684362294686041
3747,0.64049166437570249,0.068670214001659777,0.47817255356799893,0.25936070793848109
3748,0.79795478502212791,0.18528032429729357,0.49283126599191462,0.26923215738465234
3749,0.60276127244118838,0.19780466633747565,0.49117836854789076,0.26993659325368136
3750,0.28151748373812302,0.5771736441972084,0.51829803031877153,0.2967900568720741
3751,0.32510300468167991,0.99043751772240507,0.54958057316527431,0.32288310813902921
3752,0.91001728529640247,0.52997552167788387,0.5259943813151452,0.29476203186649208
3753,0.33112161758312725,0.034135575207613872,0.46825064593671273,0.25540395077506228
3754,0.22458607546767453,0.33467577985908137,0.49575317098392474,0.2791411847566484
3755,0.78578474904807527,0.21499628794364398,0.49567801449218213,0.27158243482299749
3756,0.025544457685563248,0.53830350709607588,0.50604357242884368,0.29219073458594585
3757,0.90780011962697615,0.60914800290471183,0.53240931897899801,0.30007427722974378
3758,0.95675178869076771,0.087256800765509249,0.48436707071335566,0.26132689947349336
3759,0.17633746529201744,0.72031649275735254,0.52613749985737446,0.30564984355578573
3760,0.035337526784988589,0.54327282863269799,0.5068798309012662,0.29264119490428259
3761,0.62543085317666414,0.89563304440426883,0.54959451480100674,0.31790001737721213
3762,0.28136772868639093,0.9427498546759715,0.54519821114361533,0.31992330122303492
3763,0.19564190557805122,0.8152812213851488,0.53372268224589259,0.31177005379678641
3764,0.07509777371558593,0.71200272192064451,0.5217276853384909,0.30431866349218373
3765,0.46573912208847473,0.5486351063868613,0.52049025201554711,0.29551505890899654
3766,0.15884648591581499,0.41269233032175107,0.50063640100685691,0.28447834261397603
3767,0.44911270543435822,0.88529785473354872,0.54548138818417324,0.31702624413864677
3768,0.4091550646853051,0.2718076904916088,0.49468009765633003,0.27521897624951314
3769,0.15847451769049511,0.73935954587525932,0.52693464825149239,0.30674929954428953
3770,0.98034108588203095,0.32179754793705656,0.50839385114599822,0.2799174727416191
3771,0.69417117061136524,0.60269981789273441,0.52900513088543089,0.29954720778118626
3772,0.00091708052085014071,0.4170916750639328,0.49473457323081432,0.28329697968726869
3773,0.39922147670901614,0.48183859225915515,0.51343060604509005,0.29067950675577503
3774,0.27068032173988177,0.56875968130264665,0.51730942456586637,0.29616434718465745
3775,0.29284989912017484,0.36346041151081443,0.50034898934418237,0.281672996476384
3776,0.46932544222126016,0.26468645687656245,0.49529100143485816,0.27486546437036691
3777,0.52173469106807613,0.4729384257187485,0.51528207359147749,0.29039486005782394
3778,0.22547197259716922,0.93494651158371711,0.54299350287633241,0.31919832516633673
3779,0.47236803541659611,0.41864581600102829,0.50956901570176139,0.28639562873519764
3780,0.0079786035602795891,0.16599835949979025,0.47163967644029992,0.26404771156072826
3781,0.913546926495724,0.072506935630075181,0.48226533860527943,0.26005040396657458
3782,0.72252498352219119,0.19021135438949568,0.49228920780386359,0.26953423121021231
3783,0.25535588901542361,0.78975410455832029,0.53376407102564549,0.31050643635616204
3784,0.47134016909486381,0.014817858112847899,0.4691500554392582,0.25426614447108492
3785,0.33047453828464496,0.26700006784586006,0.49233486290753392,0.27452776626521636
3786,0.58694513508892854,0.09037587758410956,0.47966389393369729,0.26108682853629789
3787,0.58407834738061071,0.47077572801822098,0.51625799927246674,0.29036782010463069
3788,0.96084390647556872,0.30207230088232317,0.50631644439310797,0.27842903376031575
3789,0.056451298612088432,0.081736342804890602,0.46494616472009842,0.25756575377484897
3790,0.30532046201442137,0.23455296231628164,0.48853616367296704,0.27187120579958529
3791,0.26613026587002681,0.61411087688567345,0.52080434539007403,0.29920300340902478
3792,0.0052822737218928524,0.5023621677948511,0.50217059116113294,0.28945084301106377
3793,0.94862600842759714,0.15984161020662868,0.49202722455016012,0.26730744678652446
3794,0.29670154347744537,0.3339102620625985,0.49775056583567878,0.27948176276283598
3795,0.32857673509001034,0.56229344872214138,0.51837405141998394,0.29598933083777668
3796,0.43176471473939021,0.9193229495447246,0.54743093687866806,0.31901687161224557
3797,0.99128062717340659,0.7316273787265295,0.54278838672257057,0.30794340044208462
3798,0.19913714224282886,0.93552101525705078,0.54218344306871802,0.3190882860715038
3799,0.14413200028598075,0.54518642849716126,0.51133425437496627,0.29375939510548904
3800,0.076793424599093857,0.84188788458263741,0.53122008405760335,0.31253364247892063
3801,0.61376477058980383,0.024964487629185898,0.47285629173988752,0.25553633005936144
3802,0.037676005332369825,0.8277689532244229,0.52855277524061839,0.31128391466778277
3803,0.58709513267091251,0.52936602949759692,0.52125715149636109,0.29445119502834893
3804,0.77902348533488119,0.015930148694722448,0.47424861538279334,0.25503453430688022
3805,0.93213347202386942,0.45930554810086038,0.52025638957192744,0.28987245016406965
3806,0.31958387159380364,0.68249393809830072,0.52760617092207585,0.30395703926477768
3807,0.88594867070839978,0.3799293087415514,0.512681090651667,0.28417266873293157
3808,0.071978165594290489,0.13038921244192173,0.47063439980871113,0.26180135720077974
3809,0.47007144192740091,0.47052352075922538,0.51403167070682609,0.29009681739315835
3810,0.9776274115144159,0.33727618924445707,0.50981203977941758,0.28106977455174587
3811,0.99416273681832257,0.69363767875941706,0.53995693882283657,0.30554247616283686
3812,0.36183690243483291,0.75927486027142732,0.53445134887344037,0.30903182738947105
3813,0.18227758787689965,0.036533430513122585,0.46442712306238582,0.25474745959554479
3814,0.67645737886241408,0.94244363487396621,0.55361521232456479,0.32069094957859312
3815,0.89347305339704042,0.32252268320965816,0.50747580531650593,0.27993543469782184
3816,0.39593487694886281,0.758325843247457,0.5352124049809901,0.30908083160243088
3817,0.40564270593341206,0.010953462053660769,0.46735202041645058,0.25369317429877514
3818,0.85386387606147907,0.7578057254990912,0.54312960218038264,0.30960007311557958
3819,0.80886960437662203,0.92565098050112149,0.55440192890752593,0.3197323280117243
3820,0.27583327735090862,0.34862125011793105,0.49852759652131273,0.28047956890395176
3821,0.13194558493612568,0.69813646261015683,0.52289700023196028,0.30389987145532477
3822,0.79887620379276347,0.37875360629368809,0.5114662207137527,0.28403133402609465
3823,0.26366133139979792,0.12479337569385535,0.47629738824213086,0.2627670337734051
3824,0.02834467584170634,0.56857883054645497,0.50861668620865874,0.29430615341651406
3825,0.7070761911067297,0.29465066023789116,0.50234740955564661,0.27766228657842035
3826,0.14693697369225556,0.39351417495101926,0.49853181309911543,0.28298498031594732
3827,0.21157222155694619,0.23744173891631654,0.48615414508989835,0.2715682109674683
3828,0.25131963509804339,0.59733164675225281,0.51903719017840988,0.2979998246758549
3829,0.9657650511023006,0.55557601040840376,0.52874460884003904,0.29650364339956259
3830,0.14358197799291231,0.44427210893071029,0.5028503039208666,0.28664907450085864
3831,0.69625731926626766,0.18440378016986653,0.49130929042937316,0.26903031278134831
3832,0.90140278048379119,0.12518200359694892,0.48784069659224494,0.26444341376489972
3833,0.57969084715578933,0.19186858206327306,0.49017956535733764,0.26941245014984011
3834,0.97396244938703025,0.9425320809324621,0.55752794563775676,0.32065819143636931
3835,0.14153049435602735,0.91242104782600653,0.53861592741137887,0.31734112862679598
3836,0.27493957909253663,0.12745278171942337,0.47688440370505436,0.26305053580142007
3837,0.87593230436100855,0.12786209565427853,0.48782569626198591,0.26464333185661543
3838,0.0073480489923967978,0.71627555320021929,0.51907854349802562,0.30389359905001601
3839,0.84777673055595948,0.2538775071858545,0.50033614695928463,0.27467993280700714
3840,0.71626065147690243,0.23917043458988194,0.49710415812405706,0.2733965429834776
3841,0.2683224524460151,0.83025987105515087,0.5370485208403607,0.31308149010111985
3842,0.72374284802995392,0.16211569898816525,0.48942037839890801,0.26727216659407133
3843,0.99060162156735321,0.82143839735951041,0.54932961203050523,0.31347816269523066
3844,0.59419384779470286,0.012083383413462436,0.47106608625401991,0.25436438226460834
3845,0.34367867521072037,0.46309328896602386,0.51047724519808713,0.2891445381324983
3846,0.40213233627955197,0.5522762840755866,0.51937459268917197,0.29557752676227794
3847,0.16398340203383704,0.72847213558709489,0.52631972896755841,0.30609050709712077
3848,0.86475497012723934,0.35914008767198541,0.51052561747400549,0.28263791312223058
3849,0.59691861285892078,0.028980272881092971,0.4730338009234612,0.25584875929507706
3850,0.92090229294366444,0.62216232937559246,0.53359554962422473,0.30093157162144174
3851,0.85741155161446669,0.10807817163142609,0.48548467046580362,0.26298842267516548
3852,0.49707739919823363,0.24626224706318464,0.49405985859340901,0.27351155424205648
3853,0.78255847214931862,0.42050900717474293,0.51498433754293071,0.28704175125606834
3854,0.72902902740672004,0.39150084882866359,0.51163820007411864,0.28489550073089953
3855,0.25857189710900419,0.49721382751191273,0.51105746827984655,0.29115433582602196
3856,0.34598819446839629,0.89838702040716312,0.54393547498864925,0.31752770551531878
3857,0.22157064494868975,0.14710664801002712,0.4774094811495383,0.26436080816142543
3858,0.22344740055877482,0.42522292315013477,0.50383470234981764,0.28582202366445408
3859,0.072532171676948212,0.60431637265818428,0.51334465467102208,0.29718371169432356
3860,0.55135898084066581,0.78423852047036635,0.54039359081448424,0.31104336785871151
3861,0.26953423533999593,0.23879136883396423,0.48798097762966092,0.27201925213651279
3862,0.86207542762443201,0.91254942662172256,0.55419610823263199,0.31895573983697673
3863,0.80257071640639344,0.48720890048771398,0.52104422541130391,0.29177092345678607
3864,0.12881943289191694,0.2762165918022278,0.48714372638563819,0.27399316023962061
3865,0.49527369678601391,0.28547940087429019,0.49781409516978309,0.27654353850761915
3866,0.18546956133194034,0.17647928366925336,0.4792963200058904,0.26651953122017341
3867,0.87180956652917663,0.24097298004644691,0.4993640748190506,0.27369647818668968
3868,0.64692628970044896,0.071876984801574145,0.47862710344125176,0.25964635708793748
3869,0.70105849483018978,0.77598323801028313,0.54233623309617141,0.31068450826862803
3870,0.15524450529996539,0.40037102700750116,0.49942745369700037,0.28355119967287779
3871,0.49715878422606041,0.22778730572917266,0.49224393634913288,0.27206143213291478
3872,0.7242330850756844,0.41419497989426601,0.51359509793233771,0.28653336112977007
3873,0.39880757642717801,0.65980689009608473,0.52785025805874519,0.30276151835883214
3874,0.64111261932441266,0.54637888404965629,0.52359092189064793,0.29569606524726716
3875,0.45069565850096993,0.96582719861645017,0.55098125361146455,0.32179217428939172
3876,0.013176462584955152,0.84695823923723079,0.52878962473801228,0.31220734404535982
3877,0.34552742047434443,0.86218893628868976,0.54141458756949234,0.31534313762029087
3878,0.25342866437713385,0.25053757286757461,0.48866690452366768,0.27285111470315054
3879,0.051696325313032143,0.30060014749258995,0.48648233098851423,0.27516110207218353
3880,0.38102137570603517,0.78393195943798644,0.53672603298417965,0.31064147923004387
3881,0.80006529301864793,0.5086478574101464,0.52282492862260099,0.29325576941000137
3882,0.99855527157142066,0.14086580969189527,0.49057332069649684,0.2657918486417738
3883,0.65062939851350388,0.86649716029082202,0.54799562709348049,0.31617795914476216
3884,0.98154139901358872,0.9714889113301528,0.55954165798546862,0.32232189126500277
3885,0.156044074680598,0.26038846386099468,0.48658087712083564,0.27297787921553573
3886,0.36860003592985452,0.84143663471016339,0.54053936935796765,0.31415500160128496
3887,0.10781821408647811,0.53685854754323381,0.50931371880107656,0.29289154575233889
3888,0.87857111119927145,0.59444345456984593,0.53088214318848137,0.29909638651208198
3889,0.58416404971958846,0.98110438705942371,0.5546385575932461,0.32287217104131727
3890,0.1248910140468157,0.65862547161859697,0.51962382401280593,0.30125931420843682
3891,0.10604279102444417,0.95888944557333611,0.54040686102554325,0.31984054628375497
3892,0.6645388484118856,0.41743845396930118,0.51296672178462877,0.28669426453921193
3893,0.88005048528685004,0.020660786883637774,0.47604713268511667,0.25556472311631978
3894,0.5344057051699026,0.72675289344341731,0.53583270233845748,0.30740381980069847
3895,0.29878672728569944,0.35013648471796188,0.49929699651467813,0.28070929563989128
3896,0.89754560377072778,0.58979991034817647,0.53073890836995063,0.29879082262001694
3897,0.38397223519318507,0.99639482804142177,0.55146781144361956,0.32340894362930012
3898,0.86863651095811512,0.36945245887044587,0.51151714063036358,0.28339773559377346
3899,0.80551238727994501,0.70545024963350733,0.53859343881694011,0.30629706474105595
3900,0.14751738617530794,0.08654326133519645,0.46873628933748468,0.25878233192808137
3901,0.48561385574197635,0.24163970456604147,0.4933787265221502,0.27311737923089613
3902,0.19555971228530397,0.83770294545177604,0.53531216205999144,0.31315475504754453
3903,0.39363765419867125,0.022339635779114905,0.46837877809211659,0.25464582851082485
3904,0.60819974965333246,0.85377069924919635,0.54638871502639097,0.31537469451369926
3905,0.88632596398544272,0.4111568376382464,0.51549075231519303,0.28643380521282313
3906,0.082138289254705898,0.96960306310273014,0.54016328686561244,0.32027450449776856
3907,0.77180017983556026,0.046059592763695402,0.47757087820604505,0.2576400528979797
3908,0.28595356671997579,0.070668097999703611,0.47112693407798228,0.25832769923420362
3909,0.85017696662606912,0.5441651348369313,0.52643799249091083,0.29571121683213214
3910,0.22007186118258398,0.15776790984669933,0.47845937946247885,0.26522595883276556
3911,0.64474628252916744,0.99973921016504763,0.55690700991561515,0.3239877233823652
3912,0.089144615509465799,0.85840425114088004,0.5328800785180885,0.31365705831460072
3913,0.069798456795339012,0.61199744837571635,0.5138378171175465,0.29767492343525503
3914,0.36428413455762204,0.66208018134917368,0.5271906329984849,0.30279545484666592
3915,0.57972281383295776,0.39226678203478227,0.50929174828340307,0.28472994559144349
3916,0.20079931902178796,0.1326926435830188,0.47529196721557071,0.26303552484169779
3917,0.013784057981462684,0.62860963381953772,0.51270316476975797,0.29820408420650801
3918,0.32605543640240797,0.92005869573544485,0.54489587576738985,0.31875223004980185
3919,0.37009442594897707,0.17010753751349403,0.48370210765172938,0.26700805155607565
3920,0.54743889540386148,0.69068956545850957,0.53335919396215492,0.30511850888655412
3921,0.38135429153548323,0.13985064585484797,0.48084140255702396,0.26457817456330546
3922,0.25908245526611573,0.035875264232570772,0.46658655788040565,0.2551800290250858
3923,0.40977894252279073,0.53641570156324891,0.51824815045732153,0.29451423148464412
3924,0.12097211261451013,0.051518068742996553,0.46406595877215029,0.25557290368948604
3925,0.36501094437163556,0.67541891926004316,0.52823501424796671,0.30366906650043318
3926,0.95172998363267403,0.67496777021923338,0.53806404019802578,0.30435740686977047
3927,0.68346543385543623,0.71312639237366393,0.53740285426279832,0.30672140884776589
3928,0.81828385798739034,0.45509998159141979,0.5184937258369976,0.28952896065732731
3929,0.61694974235765399,0.92987830742002708,0.55178720102202727,0.31991735605171073
3930,0.07511101857462199,0.88200092284489662,0.53394574267048323,0.31497296705887545
3931,0.71508136370476572,0.40756492425227775,0.51286978522128412,0.28604495998883889
3932,0.17443725450992351,0.94266484636157988,0.54183177271971072,0.31936407469589762
3933,0.37249180979352675,0.40985753058480334,0.50655130966277262,0.28543206594175724
3934,0.33394349478691587,0.85298894132409486,0.54046907022856239,0.31474288940138145
3935,0.82852650878621503,0.7515149987566635,0.54234087347763671,0.30920586230698704
3936,0.41237638163316298,0.78676104413265135,0.53767480207920171,0.31090997827871114
3937,0.6897816742024967,0.47596986531174046,0.51845927019131866,0.29088673576100282
3938,0.54025872788626006,0.59909914449526702,0.52607552870398655,0.29909467752172053
3939,0.30950255871516419,0.12114267434288049,0.47713437755402882,0.26270576091140807
3940,0.37445545757507209,0.51456575433177643,0.51559879360535543,0.29288203035077426
3941,0.25571243781087694,0.38435622862834717,0.50118600569768157,0.28302416796074753
3942,0.54725162770369795,0.24817098760207884,0.49520417787578735,0.27378969693199129
3943,0.83505445269601197,0.87891129488007869,0.55154105974238921,0.31697182607701002
3944,0.027094946010981225,0.0022489115377073176,0.45514064512164693,0.25037519808044534
3945,0.10387799119550037,0.95118079328342575,0.53980706124655964,0.31936728568807238
3946,0.954615530163201,0.082382997838209848,0.48380966125775854,0.2609154011365542
3947,0.463273225804267,0.10904404558941024,0.47936658071400273,0.26231662769647324
3948,0.96114986452615125,0.69809587684069996,0.53993592846388583,0.30583355275063417
3949,0.69484547657690721,0.6569425979666994,0.53328469378229271,0.3031157143007629
3950,0.079444723685982169,0.12991680333918196,0.47087003895567964,0.26183361497655117
3951,0.40549980295816207,0.033540519954205962,0.46989791363855749,0.25567010126146772
3952,0.47340158357910117,0.075151494010689199,0.47591315445335741,0.25948944197501289
3953,0.96853309698324885,0.017872968005586881,0.47671350061255024,0.2553962482160122
3954,0.55322850454655714,0.54658985395677151,0.52206297588689721,0.29557108607502114
3955,0.80369307014195956,0.21305988245384072,0.49572206932666213,0.27144823775197502
3956,0.38573263838529825,0.17533472663977884,0.48460004176781313,0.26749542316499475
3957,0.73497326250880723,0.66886424032835068,0.5348105237266777,0.30391831993100371
3958,0.034255581607285424,0.91714605048649245,0.53459209467572599,0.31670296407058135
3959,0.40147954565848926,0.97310972413067942,0.55034881562520588,0.32210409788591171
3960,0.47532492855923486,0.57769459098334186,0.52305853912020783,0.29751452531235612
3961,0.8035206470449805,0.71908232022958118,0.53959426530536225,0.30716172558993377
3962,0.30210258741775764,0.10275491777373245,0.47499813978077599,0.26113042563170968
3963,0.013542543497832958,0.31907482310436897,0.48656053597418825,0.27615426079587457
3964,0.087892652669886592,0.74380961100010901,0.52460924021987554,0.30647868881651086
3965,0.78159543522348407,0.31447791674580661,0.5052913163527456,0.27924821825985546
3966,0.81881068827667047,0.75907839500406993,0.54277123846044273,0.3096763571096034
3967,0.69192269656799044,0.49022725581793347,0.5197082906491276,0.29188638375959636
3968,0.81484803695984886,0.2108324719533208,0.4956440429837457,0.2712832370410902
3969,0.18331438078408829,0.18874795186837437,0.48046129055592013,0.26749655317042248
3970,0.97831881230830919,0.12282766908708728,0.48844466504217493,0.26430095340251369
3971,0.78894151512639366,0.099603863688569994,0.48370021968710469,0.26220719447994895
3972,0.91999496188886698,0.20856074968696339,0.49669872313735963,0.27118651667821375
3973,0.6539123069304158,0.58893622746228935,0.52726357009870806,0.2985867722467288
3974,0.71226796839263995,0.77756862776352798,0.54262240361424396,0.31078942346411653
3975,0.23747064278417968,0.73846108540307032,0.52946622348958206,0.30717572938023402
3976,0.84315791268585027,0.16342723521968583,0.49116095398280529,0.26751773062539003
3977,0.24481661153937459,0.009861733588192147,0.46328285952610793,0.25281851554143453
3978,0.032502624524326527,0.94523010802950014,0.53640721284933812,0.31836350680949427
3979,0.32461175081335242,0.92064945860704184,0.54489763304816952,0.31878217269639036
3980,0.31690972603262635,0.94014516455145791,0.54601082776147625,0.31990963989991661
3981,0.58633417224610462,0.91399446377562132,0.55017116029497393,0.31895277275584089
3982,0.34387024961687862,0.37822370380024661,0.503020900136944,0.28300030767040668
3983,0.93581297783566408,0.73152873901919235,0.54216662685357031,0.30795067667470949
3984,0.79963653981193206,0.14984438124248992,0.48918783136396721,0.26636992191581527
3985,0.91579840531850942,0.6792048853807966,0.53797699097912854,0.30463241652708017
3986,0.47935504014418695,0.41990988037268401,0.50982526341243817,0.28650599559012352
3987,0.59263723959770287,0.17043686184507095,0.48821509164917065,0.26771444288750162
3988,0.44219367111100588,0.6116378352108528,0.52506530598451984,0.29970604671901002
3989,0.36363009273392383,0.30644727366318691,0.49690694236047167,0.27770305547351959
3990,0.384653768384771,0.88852462636312712,0.54422077789197332,0.31705667178555202
3991,0.66524619881714464,0.80623415052966452,0.54396495764189912,0.31252815539608064
3992,0.88828608074110238,0.25640879577609016,0.50107961268513002,0.27490489639350674
3993,0.66901862743488749,0.86537569016170457,0.54821498941351821,0.31612303359013566
3994,0.69501315591846369,0.44269878653978234,0.51566379521347272,0.28854162775577857
3995,0.7662220376666985,0.080546467540494632,0.48132070408284533,0.26057511615695528
3996,0.96770219800515334,0.93662146302304472,0.55706198464663748,0.32031896961710155
3997,0.47485918905335717,0.41122108298257226,0.50896423864241858,0.28586500491325917
3998,0.068569636481290219,0.90530547507646264,0.53527345948989302,0.31632365726775657
3999,0.36853652289909078,0.74646006858391922,0.53367308440262551,0.308244431247924
4000,0.30353788023659728,0.34890584732579305,0.49931216667607159,0.28064039256736134
4001,0.36542610251983859,0.12323280718690949,0.47872905133048643,0.26313643945060977
4002,0.5924123483454693,0.30390706821436764,0.50137473779538233,0.27817811353816047
4003,0.34087352665086512,0.41713526001187279,0.5064103029458451,0.28583333171529002
4004,0.73906197714746236,0.3521715059450013,0.50820535256370947,0.28201934901853748
4005,0.94452253541738029,0.63101654552248077,0.53456522108095472,0.30151122865826419
4006,0.34638918096093696,0.96308324351540076,0.54832522448615062,0.32136028811986739
4007,0.9936807127166889,0.33831682626059045,0.51008133036443504,0.28115122636969497
4008,0.53055101293720075,0.049983682928967758,0.47423091232056452,0.25750236767712503
4009,0.70919126576093261,0.95058282783970938,0.55466794022623811,0.32117744711038188
4010,0.85222142409783563,0.31131169911500767,0.50591579161053379,0.27906809455841586
4011,0.53705509105381788,0.86400249493791492,0.54580519757647117,0.31590510833492341
4012,0.62440177939079011,0.049183682812529154,0.47575432706265786,0.25765850712279681
4013,0.47437148041309557,0.19503470097471728,0.48851489418665645,0.26939136156185811
4014,0.46020072864623507,0.88332903047563749,0.54558588538075603,0.31693188116320209
4015,0.27629617649813881,0.31694993421185064,0.4956184226597074,0.27809535660773316
4016,0.47025313059199836,0.65680747756654168,0.52921224412232959,0.30276162809568674
4017,0.52449370123796402,0.87281910873610757,0.54617634983488772,0.31641717029195388
4018,0.51443021727268357,0.47241720290101369,0.51509455838222651,0.29034145396881045
4019,0.29850087947392601,0.29268535758381481,0.49394875891801471,0.27635756309983239
4020,0.91199470199664356,0.83475443525676385,0.54939390683858735,0.31431113170717873
4021,0.20568050749647665,0.38789442277118796,0.49998617107465204,0.2829856341531588
4022,0.30285046135698213,0.95815192801806848,0.54683527560288769,0.32091720743501662
4023,0.86741570078508234,0.5833326718957047,0.52985031005532734,0.29835382758812834
4024,0.3594780423827586,0.73742095295061594,0.53277704094356582,0.30763987240572843
4025,0.34539084829433125,0.78384044126576047,0.5358289318759234,0.3105167182391485
4026,0.1050147731531295,0.2730150877609267,0.48597541419566043,0.27354280150561727
4027,0.89568408164606672,0.79876032224228843,0.54662816339234899,0.31212608392097962
4028,0.035756819766492115,0.20765867099842292,0.47695219303601705,0.26772109414345857
4029,0.01582400114926277,0.20778511308269809,0.4761187900849862,0.26750984243277515
4030,0.35038325030592971,0.94735869903705316,0.54737530105728205,0.32045014556019502
4031,0.1152493937124149,0.016962377959711013,0.46006671642804592,0.25251767117912277
4032,0.70294369644081456,0.220142621844064,0.49501829473163755,0.27188410296707594
4033,0.15807787910850021,0.62538987750847597,0.51824219062863275,0.29930408596316305
4034,0.45886467671444409,0.18804137350827224,0.48748963236151316,0.26878161808734263
4035,0.12739659309884302,0.71023984634120718,0.5236392545720373,0.30464885737553682
4036,0.77321750043329085,0.83747895787594606,0.54781020569360983,0.31448262598081606
4037,0.74679894636397948,0.36118168051865651,0.50914382093625932,0.28269347897474212
4038,0.30278573634339268,0.67710631450816294,0.52673938057052361,0.30353522447189268
4039,0.57407244991430784,0.56094903412765129,0.52362312425234092,0.29658616219157258
4040,0.11703077844636282,0.39652356534743449,0.49772276668090815,0.28296530657028568
4041,0.034468187397636942,0.51953187847674132,0.50489882148125975,0.29098274120981887
4042,0.72443062612622744,0.35823419582262872,0.50854935559410297,0.28245135948964301
4043,0.99623669164172612,0.44329755655365299,0.51957304176466834,0.28875400013446095
4044,0.36260078437851045,0.17093919257089729,0.48360943109540511,0.26704420361333853
4045,0.82679419637391116,0.37754720938313985,0.51172488951237027,0.28396399008708922
4046,0.55351360398648541,0.92518470758247429,0.55033090260588835,0.31957621770411188
4047,0.079045417990826539,0.38361968799285823,0.49512803887673468,0.28167588359635648
4048,0.41527484246533131,0.28381330211848255,0.49596684725389661,0.27616649534109633
4049,0.43411153623705034,0.53128009049104297,0.5183736188011584,0.29423546856316174
4050,0.017798732042114716,0.29798310438975456,0.48480158667587081,0.27459297722976395
4051,0.77534763022203701,0.017368222378205976,0.47436481662202168,0.25515532597308738
4052,0.81044950335532195,0.71334983947552977,0.53925574193309345,0.30680024993685873
4053,0.69040068503861551,0.78900569968073397,0.54311890326748902,0.31148429901445956
4054,0.12826181300355821,0.88176070042491195,0.5360207170738065,0.31539493132021462
4055,0.94713359752252002,0.97985939997561511,0.55971703311101706,0.3228216941260269
4056,0.90960371310297639,0.71980122946406477,0.54098433545766644,0.30721577074352041
4057,0.45271125199018286,0.54974795053791026,0.52030280671261708,0.29555625574989214
4058,0.89536887738934023,0.86751166991937212,0.55149801003067456,0.31628153277562154
4059,0.67688414434747546,0.10761116208940512,0.48297383918307779,0.26271263966022868
4060,0.078191420131234923,0.3664903256185702,0.49356537954720381,0.28039795037890214
4061,0.27660024656726745,0.3163810861013015,0.49557391459224232,0.27805378219505905
4062,0.10062313249568688,0.11718419623690425,0.47033528063577584,0.26096864853176949
4063,0.17677952281438047,0.25402847648999888,0.48665922999908479,0.27263375479754165
4064,0.22071284426696366,0.27636158125399379,0.4901796740944816,0.27466494046147572
4065,0.15355645695348505,0.16482741126714973,0.4770778724331905,0.26533793167687131
4066,0.3182169742481667,0.00567428872283781,0.46472948370893685,0.25284597320620328
4067,0.60339163882649738,0.92205185601877748,0.55102157344076863,0.31944510202403331
4068,0.47927576211254347,0.67768574052903574,0.5310111251248183,0.30414302988582714
4069,0.28749866955232578,0.2251910574721056,0.48714154169335255,0.27104145388666878
4070,0.88371570032961899,0.56494312366746602,0.52855863400796343,0.29712526612837203
4071,0.05052877227176214,0.70493524371070093,0.52016660342562804,0.30362418092373422
4072,0.26496754739353201,0.48029340774266749,0.50981410715457831,0.28999648685820356
4073,0.65417968462790599,0.54072238512419868,0.52333896574479333,0.29532673206883936
4074,0.94642780761156464,0.59885583850926483,0.53203452119783401,0.29939531246896467
4075,0.63468951480778635,0.0094191543693770662,0.47141760830579699,0.25421893283074076
4076,0.65908190278414402,0.015265436432918068,0.47246692801452572,0.25478109487877515
4077,0.099245464762521454,0.42290663357371233,0.49936778673395055,0.28473795526884449
4078,0.85004824975213278,0.23766678974417738,0.4987691285989207,0.27342214303473
4079,0.11382320620570099,0.63359643754822903,0.51726909883724126,0.2995110462160952
4080,0.10721939945080085,0.098802747108612671,0.46864689374852742,0.2594855524594849
4081,0.14907462750723352,0.73782706215303628,0.52648719052430271,0.30658473644030959
4082,0.6997594458505163,0.74507136836069399,0.54004294131834496,0.30875327672200931
4083,0.95105165435312089,0.66748794714187965,0.53748043885000341,0.30387660914416526
4084,0.76228207668700498,0.83118721121911665,0.54721073094903117,0.31409888278563308
4085,0.70420694070236067,0.93258934033153351,0.55338131130170254,0.32012591096288479
4086,0.70217533220289052,0.65097163666476265,0.5329334017665468,0.30273286061235627
4087,0.048393828589713674,0.68996566753761146,0.51894741760871055,0.30262864102685288
4088,0.13904851277595154,0.44068121334885951,0.50237939558072853,0.28635537641271996
4089,0.2934284827971016,0.5165423852431007,0.5136646659986247,0.29268079210856129
4090,0.81150462363016562,0.60480376905017763,0.53085500527065033,0.29976376464320414
4091,0.71389701774135461,0.26017145016713766,0.49912761378003989,0.27502596077725722
4092,0.23768583892484896,0.49653277361915682,0.51037942990945717,0.29099116095392197
4093,0.80130950422837632,0.052760637842013965,0.4787096861899266,0.25825385966188857
4094,0.13068955370214536,0.11276862215035363,0.47093712802488996,0.2608563300897887
4095,0.10178934910843382,0.21200759554175894,0.47996922523606445,0.26871585790719688
4096,0.48034992329570236,0.36263589607878827,0.50471074738547939,0.28231934112813334
4097,0.42365981588430007,0.0017348430595709944,0.46668470262491102,0.25294742363076794
4098,0.2289214618133032,0.099930733365716881,0.47269106810269224,0.26048116523149978
4099,0.12174881814654219,0.42042064070898344,0.49999479215444576,0.2847502292440367
4100,0.51749316016124802,0.84777104791280578,0.54428514188854127,0.31489213898710272
4101,0.75930794680678526,0.54039319731692081,0.52490837443269955,0.29540602189615817
4102,0.83936548976724734,0.96595003149287084,0.55750488819185728,0.32206780271838009
4103,0.32839889272503792,0.39602629452013643,0.50422065253752524,0.28424154683119474
4104,0.78955894561373874,0.33512109687073388,0.50733269780183743,0.28080247759722149
4105,0.4775039795977879,0.41039883763691182,0.50894608599978275,0.28581260987895407
4106,0.8180223605779815,0.16312410671015967,0.49081081281761851,0.26746866268955155
4107,0.87913912409372863,0.0058508779121679254,0.47433152634163794,0.25426760358451844
4108,0.11692052900419804,0.21318340249479514,0.48063623887290968,0.26894127578318039
4109,0.5929383440229925,0.041983209755492863,0.47443118940393608,0.25696805963562813
4110,0.78911619981777625,0.44495013640940889,0.51722077160598734,0.28879080581654082
4111,0.79866755392345379,0.84733658085857755,0.54885518847576997,0.31508145065158316
4112,0.083808313233673104,0.60053716942294266,0.51350227562607209,0.29703348207859809
4113,0.83675668982366336,0.15079411119112049,0.48976418137683797,0.26648590328318406
4114,0.71098996500853695,0.95848866567037772,0.55522391711563834,0.32163707657654772
4115,0.65761561614278474,0.30221267225601478,0.50230168273251485,0.27816521263180582
4116,0.83427801466413076,0.85727877955652076,0.55002352725625125,0.31567951384237825
4117,0.60057962941894072,0.71127444291884312,0.5358876779582753,0.30651747845620497
4118,0.37478965910359985,0.2562015791907325,0.49238014901425153,0.2738770430733467
4119,0.50056605194004955,0.59181964802356668,0.52471429293657901,0.29852511078705568
4120,0.85242184848521141,0.61354736735591431,0.53208163443759915,0.30035534019383348
4121,0.030832375860435423,0.043855258498887995,0.45986452222002644,0.25405240324839234
4122,0.084387309014669162,0.92211530152304333,0.53707041853071935,0.31747404459683898
4123,0.17984668573242379,0.22810062108262208,0.48424392982670383,0.27061575992801845
4124,0.6584400140931248,0.00036644883776316419,0.47074376749483754,0.25346845083317293
4125,0.60465765656967418,0.076755797710723717,0.47847863224461668,0.25997397374537429
4126,0.7743678848689306,0.96210660066135467,0.55638276007574605,0.32185445741794927
4127,0.86753781581396472,0.71079266529540763,0.53979717988212006,0.30664653163704947
4128,0.1372603474726784,0.54284330017304749,0.51089599130884933,0.29354495875922987
4129,0.012617533669539261,0.29363178722927119,0.48416929191183189,0.27419937977074527
4130,0.61493592873279701,0.057382264157792087,0.47651297755089855,0.25834305716450806
4131,0.60960140089659254,0.79767844173134084,0.54241949823936908,0.31195068231883571
4132,0.53275388731589779,0.30692404186705824,0.50057665983701394,0.27827667015921503
4133,0.25897428965541769,0.37406643869696421,0.50035678603103628,0.28228240239081054
4134,0.10041600088396808,0.90815722849712477,0.53676332910585733,0.3167712877542771
4135,0.52325728345009259,0.51111389772734839,0.51854604200888998,0.29306827195557167
4136,0.84171058460838399,0.90010393241903508,0.55308797357754869,0.3182269465872436
4137,0.53365692066870407,0.38381283739459471,0.5076826271772823,0.28401446583828066
4138,0.19354365716675531,0.93872652456356453,0.54221417303081576,0.31924615109329174
4139,0.8635999839861761,0.93818676540554735,0.55595253536338274,0.32045385879307442
4140,0.13779953106903706,0.23174648795718095,0.483189991110897,0.27058715586625021
4141,0.69899875039559567,0.96873485638682033,0.55572398566154191,0.32222684242208194
4142,0.84758170188044901,0.11606540514518275,0.48622204062531366,0.26364247991260015
4143,0.0029588693009573036,0.46338009112373696,0.49879650753666044,0.28666053206487352
4144,0.28266544275098715,0.14709329311813926,0.47913502353785775,0.26471496891883867
4145,0.58183553516139508,0.75672924471889857,0.53894217160237234,0.30936911775376669
4146,0.69088209399044287,0.77718099577602695,0.54226659207500938,0.31075237617783924
4147,0.041748677948035766,0.21566515012689633,0.47798363204967564,0.26842383760764649
4148,0.10030931119205197,0.65504944669884868,0.51841132089072006,0.30082046074721791
4149,0.28330407720733203,0.87305613588736164,0.54048651336317499,0.3157621123780423
4150,0.79644238744686591,0.80274406866397485,0.54565041237334355,0.31237107920839757
4151,0.93572605126254504,0.65908490494344152,0.53665674569950794,0.30333596201063179
4152,0.78703986401535808,0.66260367526299091,0.53506536165504592,0.30354005944027229
4153,0.49089049724958606,0.68836715780230007,0.53206821784535052,0.30486020362741667
4154,0.93968941636880632,0.10935148954506732,0.48657903809545344,0.26316136559113606
4155,0.38237589872617977,0.063357055410777685,0.47268744317302303,0.25815317203974786
4156,0.29247734561677791,0.1142780860851868,0.4759685101797409,0.26204663376327342
4157,0.40076914046575551,0.29195538754436423,0.49641334723363595,0.27673947069635135
4158,0.30624717754129088,0.59495401727071728,0.52041024649433765,0.29810703010438611
4159,0.30921685700613311,0.13789630952259757,0.47888001483105647,0.26409358154117413
4160,0.25914522265283157,0.62646030631695182,0.52157268544383428,0.29999163570800702
4161,0.70488541436673846,0.044392118675389794,0.47645046003641761,0.25739592290482793
4162,0.21801015500653304,0.60828508658948133,0.51888684310977318,0.29854952746886476
4163,0.039827074897906281,0.165082302636432,0.47289241044068792,0.264327871504833
4164,0.72754707447428957,0.63881228689897107,0.53236572283274342,0.30195756948896052
4165,0.42129450464110124,0.0014389193649054506,0.46660090160336593,0.25291246746988943
4166,0.021299433540657629,0.10508043584782863,0.46598117822386564,0.2591633252974489
4167,0.62249289052352552,0.89612005586930321,0.54957809498534793,0.31792654173907714
4168,0.85974649535409409,0.61708395655249482,0.53245444625393823,0.300590179842528
4169,0.77631681737705371,0.84150139490325238,0.5481376793892746,0.31472647127112269
4170,0.039901439367199788,0.14354309117734665,0.47071418173247981,0.26256344369355095
4171,0.6061006130243769,0.30922062396752886,0.50211295075510576,0.27860751288612923
4172,0.064499953070085034,0.42158587585749341,0.4978801555287039,0.28431688622114948
4173,0.2962203365129768,0.97301345052666743,0.54764081679517074,0.32176190356826834
4174,0.76179515970089706,0.16149892440458061,0.4898933426926344,0.26727308093930374
4175,0.66776572080586349,0.77966591224871817,0.54208302369379113,0.31088997039631483
4176,0.11815216918507358,0.7601923723595333,0.5269934273055803,0.30777517842397978
4177,0.13282601053909165,0.19652879446713487,0.4795535010816287,0.26774063761498595
4178,0.78719271553753645,0.0046051895597134717,0.47305174421684953,0.25405148508709507
4179,0.26116431676406643,0.48612023660697745,0.51019759224302774,0.29038772725689438
4180,0.40756130790245954,0.20420691126993626,0.48801312919288969,0.26990102781999264
4181,0.072420071291143542,0.89147341156486659,0.53448661278702148,0.31552319677353824
4182,0.42724315236668337,0.37025255229194881,0.50427131591715579,0.2827229622514621
4183,0.24161951600158355,0.66154372186268451,0.52377778588259882,0.30221958711583041
4184,0.82348336691915758,0.89471583015524092,0.55248226435813697,0.31791065316086825
4185,0.1693115240797517,0.35286209814179453,0.49565068899430281,0.28013794370818046
4186,0.066063670416583772,0.5361683776293299,0.50760333031176408,0.29246320273382526
4187,0.097328601858543709,0.26874557721902387,0.48528329551823024,0.27314294435203301
4188,0.31808130486259467,0.28334539220404115,0.49357959014755565,0.27573417501521474
4189,0.9676507896533818,0.13139967551048615,0.48924340729953941,0.26500010891608056
4190,0.88140659025501233,0.64919338662024817,0.53524576457406459,0.30269406272952859
4191,0.61039547569683061,0.66146501718984219,0.53225426568434331,0.3033202163795255
4192,0.43335669363973428,0.22654180862266804,0.49080319906965647,0.27176604452600239
4193,0.44885395435019165,0.12456182857392123,0.4807165247224684,0.2635622327969821
4194,0.872046046841226,0.75075499673826851,0.54283646217359294,0.30916057621864396
4195,0.67537563099836695,0.34499858355295149,0.50658667406069746,0.28140711712479494
4196,0.8421174760920811,0.34777203876533314,0.50919494437562285,0.28178403942747982
4197,0.97773218583801069,0.47409735886350973,0.52204119000880955,0.29091602814818907
4198,0.56637779754576045,0.39525587966850728,0.50931928977056451,0.28492146460189866
4199,0.41637937705625083,0.82300821399415147,0.54037337906900706,0.31316404591428909
4200,0.1916683131930535,0.026332206374930684,0.46358483699136432,0.25392367678663036
4201,0.82541057831082731,0.64893080253353108,0.53451767622110979,0.30266602813851967
4202,0.77155471158066069,0.34421727269914698,0.50793040301695092,0.28146272157839403
4203,0.70050861001712039,0.24329836654121756,0.4972766812964961,0.27369678075313775
4204,0.2415078836012981,0.14000358910980867,0.47725786778377849,0.2638983106943707
4205,0.82073723654689967,0.35894362260304624,0.50994841928579848,0.2825942318051809
4206,0.90259295267044803,0.2292152974814293,0.49856625493180529,0.27279985092577386
4207,0.67804240546681693,0.09557304050723324,0.48169326551760072,0.26170662345830992
4208,0.1559724315769854,0.98693620931302428,0.54413118809731187,0.3218503531396546
4209,0.97657365526111095,0.52643109761782692,0.52645450638101687,0.29452725184211653
4210,0.75292487226532545,0.73552476846679349,0.54012212314175323,0.30818214677726069
4211,0.13156665790710831,0.91162531906544475,0.53819401554988255,0.31722146515295929
4212,0.96830421844738312,0.770932049974415,0.54544162939030882,0.31039697944212385
4213,0.85945015317274964,0.51474673038824703,0.52410825324504262,0.29370471511512436
4214,0.9696067397748237,0.26227453417886282,0.50258011509406586,0.27539987888900214
4215,0.9144142221368966,0.26475328748206378,0.50220126412838018,0.27556390443945306
4216,0.1270656765013817,0.25785400687480581,0.4853324996774413,0.27255085552189923
4217,0.35887690369525227,0.95175767446380344,0.54788607743444806,0.32073556308544771
4218,0.85234300848924327,0.01101984727253439,0.47460988925364006,0.254693463018764
4219,0.52010276086699447,0.6961523979345221,0.53324762210037668,0.30542120447487825
4220,0.67498960014340703,0.21822113071557833,0.49440133845766371,0.27168978228561946
4221,0.32875670918073741,0.3886408818031778,0.50357045642401332,0.28370162062755233
4222,0.43746016358226769,0.89326532948025272,0.54577401415119753,0.31747753657519268
4223,0.15822906383479712,0.19267650556411828,0.4800358849446425,0.26763004362195991
4224,0.86541034160741848,0.41317383721555817,0.51541415735092377,0.28656887697080935
4225,0.74499533183946043,0.53724288602672754,0.52444303331854836,0.2951803721847322
4226,0.67088295274783161,0.46041531424137067,0.51682559298008768,0.28976861943381355
4227,0.023723615761322436,0.35623671910689447,0.49038236622776998,0.27907092517848769
4228,0.42258031144024577,0.021902522992866578,0.46895601859182739,0.25471869780561268
4229,0.6549125818653847,0.47117867573989791,0.51749644350615132,0.29050667834766308
4230,0.090734995280380829,0.67663342102511093,0.51968819360717677,0.30215733515111848
4231,0.99702186231032253,0.18737775109045907,0.49539164953815479,0.26954506183500487
4232,0.51941893310657472,0.46068067020537562,0.51418374177855652,0.28952294588080091
4233,0.99525002517685068,0.36537122311933201,0.51259423317370179,0.28314569411629187
4234,0.23693516758073821,0.97334781853043251,0.54592113721174496,0.32151981854389
4235,0.48857101443618306,0.81307055578023435,0.54123629830684716,0.31271821618921197
4236,0.5643198177451384,0.92280570138009499,0.55037056895579406,0.3194489590586102
4237,0.81123051774423804,0.87338189811165223,0.55084553886811882,0.31664362310271532
4238,0.65021941652001114,0.81012345359517501,0.54400023738291514,0.31275513389662302
4239,0.33062931782904781,0.48269132830387684,0.51181507895237977,0.29047737448266964
4240,0.8710673213918112,0.53716209249169333,0.52612058409614504,0.29524207363555954
4241,0.28961528595233105,0.032867191381065641,0.46706500304680143,0.25508622834896955
4242,0.22268666346607499,0.19989611933104462,0.48279196473908431,0.26865489999051229
4243,0.29765048835299679,0.80075143934671078,0.53577538715795525,0.31138544397446261
4244,0.077921283400396349,0.48248280504600849,0.50363133195209442,0.28881544551260185
4245,0.33463339210971027,0.35499069815181433,0.50068071854720986,0.28123783936442209
4246,0.79025215917333258,0.49863907277655095,0.52184773570310661,0.29255730742149294
4247,0.47895887961677514,0.23697356516561704,0.49278626162457645,0.27273197789031478
4248,0.21990201525256273,0.61822418608275487,0.51973129534707085,0.29922652449443154
4249,0.82830427238488336,0.42279871743746333,0.51579681209681849,0.28723839382726729
4250,0.93129820115159967,0.37335948540250541,0.51261746942106579,0.28371227479015293
4251,0.06044989461783553,0.14665271292295073,0.47185372784900981,0.26303121431508614
4252,0.91115999869537778,0.18165762448053574,0.49385964530625476,0.26904018027707288
4253,0.40667299129808088,0.60081560404117917,0.52340163489668412,0.29887821732403835
4254,0.98958719803275308,0.40169493789364352,0.51582186844878031,0.28578349343420117
4255,0.45496482036182428,0.85627940783196832,0.54358783618277728,0.31528858469289411
4256,0.99999672623291846,0.95140140349277069,0.55840131943013049,0.32115507514142
4257,0.48971432736899007,0.34037726770833837,0.50285853963339788,0.28068782707101481
4258,0.9708565262621851,0.19334227033591597,0.49572211410376682,0.27000803247398669
4259,0.1250946735208272,0.174600929813541,0.47708941374509717,0.26590597656433446
4260,0.8111207983421046,0.87833605953002125,0.55118804861685999,0.31693892227050363
4261,0.0016840892337611876,0.42565680752064805,0.49551151277730277,0.28392893561899896
4262,0.51240768421330729,0.06440915427495493,0.47549068902960628,0.25869032117757962
4263,0.15959523614215435,0.12565453543659533,0.47325330987858849,0.26215806861660945
4264,0.936853905339737,0.31572181457564003,0.50734069143497318,0.27944670562921642
4265,0.021870925251988228,0.59818579785370973,0.5106852205597131,0.29624922630392153
4266,0.10451821996168001,0.52585578681804479,0.50828412462364503,0.29209969496693028
4267,0.33007031756682553,0.20265607247859008,0.48601703689419701,0.26945661017258554
4268,0.53160445620686525,0.42980420011359965,0.51173347397451374,0.28734715490160939
4269,0.18132427774922691,0.50532595949390668,0.50932639722021344,0.29125631914981909
4270,0.80302507489070996,0.28700571145642317,0.50296859790721571,0.27718671869168221
4271,0.95270158658138238,0.025009974850656001,0.47736207577658207,0.25600582229204155
4272,0.72871842834617706,0.35481234465086597,0.50829804618881946,0.28220329283191908
4273,0.21351105916473317,0.22224599633411271,0.48472692084895058,0.27037927077920337
4274,0.88211291438265471,0.68867947081065506,0.53829892394694545,0.30523917512537835
4275,0.13570527881913588,0.31209105621663619,0.49075152732927124,0.27680440379589732
4276,0.66695240212088691,0.48330915500867416,0.51872768829852123,0.29137352056005916
4277,0.94122312669706298,0.43672192061716925,0.51839239864580866,0.28827898790775747
4278,0.082314902197977061,0.59701437820618741,0.5131633137571614,0.29678179350383965
4279,0.83956989540181826,0.74141411708240634,0.54173562267356401,0.30857500581027092
4280,0.069047218454291584,0.15135641661396951,0.47266797857371728,0.26350272044346629
4281,0.62254514375113656,0.98220618299167839,0.55538193083231358,0.32296685381843099
4282,0.3717364758435055,0.98336709289607827,0.55031043824610371,0.32262020150294818
4283,0.95050389718244555,0.53359781969940534,0.52676159869346073,0.29501435650164443
4284,0.81299987075723479,0.95557437463992978,0.55647047018693796,0.32147361719392831
4285,0.4844392326412606,0.17486541353774956,0.48666799517388776,0.26779746631389129
4286,0.40472564747919093,0.19348618856827962,0.4868721661737978,0.26903215294034388
4287,0.86268333919068108,0.69226033934572484,0.53833204732057816,0.30546667161663565
4288,0.015736845556634946,0.18433543832589641,0.47380439938935975,0.26562489268556555
4289,0.26548603868553183,0.51161876514706528,0.51246468918918142,0.29219873327649598
4290,0.14318251034097046,0.58276578216444463,0.51433830793953927,0.29632413127339013
4291,0.34331381714221787,0.07439566276128172,0.4729782375451278,0.25892814594851754
4292,0.082570245107088713,0.35152558277364593,0.49238952391585022,0.27932212701539638
4293,0.60015803468619711,0.73514517242928279,0.53766924731771759,0.30803335808644183
4294,0.090569328699784818,0.999637341668841,0.54248514303058359,0.3221053066023683
4295,0.65426017855213725,0.037282270081306343,0.4748917500768548,0.25669053199661296
4296,0.90339130934957657,0.11418017668711256,0.48668709993336357,0.26353531279712716
4297,0.78401637766343779,0.018325776539614889,0.47458880006662779,0.25525072897404644
4298,0.87021372544103082,0.93130759337196356,0.55557026194826342,0.32005130965148426
4299,0.38700043619653446,0.25493846452512081,0.49254433166031536,0.27382654156936442
4300,0.50598662836080188,0.84598391472148948,0.54392977115901919,0.31476395318191841
4301,0.72298826670727001,0.58724427684670089,0.52820255115479653,0.29854138580615014
4302,0.23568860473759706,0.80661198925272326,0.53438182666407175,0.31145726614166308
4303,0.31564578757759881,0.4168809896468767,0.50573406195227366,0.28570411936835471
4304,0.69585537197362868,0.092834531386627353,0.48166349277722631,0.26150662925943846
4305,0.27643975012587618,0.87551999701583993,0.54046087832952083,0.31588132821172499
4306,0.35971307268078673,0.32512376966289014,0.49855680350473169,0.27910341296546187
4307,0.52585478186322143,0.22595621526049217,0.49261709171707779,0.27199402639059866
4308,0.106498162619269,0.68136443550618131,0.52066584037140484,0.30260264850975327
4309,0.11357364407504211,0.69350164772340794,0.52185777724863525,0.30345297030475377
4310,0.6396523080660147,0.33365468406748261,0.50496302836371088,0.28050605013010416
4311,0.81105444131413251,0.38826392971969914,0.51248829246353689,0.2847341287572544
4312,0.073170369256671988,0.9583254169419525,0.53904312437458501,0.31953029683043288
4313,0.060036524601478597,0.21056575717114612,0.47822606618563457,0.26820599469098277
4314,0.316441368140711,0.66383022091017341,0.52609010261489697,0.3027258867811497
4315,0.24720721698059933,0.88270844674316473,0.54009484638448835,0.31617983355497559
4316,0.19329661588812014,0.12070235152350506,0.47381131806804577,0.26198834063545196
4317,0.33662348054168978,0.21351424786482243,0.48726356915602359,0.27035285512676882
4318,0.63401287227101855,0.97633751806820512,0.55518726303529486,0.32263584308961646
4319,0.05983146456490504,0.19138737825922436,0.47632683617254784,0.26666625799511406
4320,0.17155775109779789,0.68090030096351406,0.52299918657164013,0.30306328586667824
4321,0.7501539235458593,0.22945168438708644,0.49663006735694132,0.2726792688923132
4322,0.61055555565588882,0.78206929852674956,0.54130488660471954,0.31098554881503543
4323,0.19371894918998006,0.43067741521057906,0.50337142884156783,0.28602808477472752
4324,0.93567955119976554,0.8183286764990888,0.54850025114772605,0.31330992990328227
4325,0.041915052142564677,0.76534582748046387,0.52425908243309882,0.30741244777746179
4326,0.062229156789800621,0.10568806101732189,0.46769405819885751,0.25964531734319801
4327,0.47860315748829163,0.17820848036705284,0.48689265531183512,0.26805027907979295
4328,0.75171400526181098,0.20184216902310728,0.49388555344664564,0.27050050140598747
4329,0.37403634112348083,0.85130827760604444,0.54136909879653561,0.31477431096774339
4330,0.37682400289791407,0.89983296563188786,0.54480895424699405,0.31771157646938608
4331,0.2510464498316054,0.46071216602030907,0.50773776306736629,0.28853154772245587
4332,0.2046022411236656,0.79104405117590215,0.53227611593800883,0.31031328726967261
4333,0.84520431458688117,0.49879169357904468,0.52258451968142627,0.29259807755867334
4334,0.25688781472967243,0.98765128054354578,0.54747302975618872,0.32244912048057472
4335,0.7903683252243674,0.74483018816617552,0.54133733327108313,0.3087800819657891
4336,0.69476243434030338,0.81383968966723197,0.54497575500534501,0.31301401385954786
4337,0.52206353495189683,0.15204856886341003,0.48504517942005904,0.26604758831447878
4338,0.12410650829743827,0.25031525815919742,0.48450358477887107,0.27193661837386368
4339,0.00052633876191684982,0.58741200904602886,0.50885053086581078,0.29527271771666125
4340,0.77549781591700162,0.72055314847572005,0.53932147245392603,0.30724598587680335
4341,0.35114397195634667,0.45231245659914571,0.50973738079142716,0.28840689912516959
4342,0.42561149281925759,0.035765543344535397,0.47057884132851135,0.25593913306097038
4343,0.19249276009282332,0.58189867000706719,0.51596256897872916,0.29661052471992122
4344,0.56578870521230862,0.68941260699547124,0.53360435985365728,0.30506607404832414
4345,0.021727419794688466,0.01823333707820857,0.45669363992122647,0.25172277289716155
4346,0.080904660787095781,0.067640175343432932,0.46437301206486054,0.25660224335422999
4347,0.34922021927569297,0.95546671082823309,0.54788911909117688,0.32092296144892352
4348,0.044779316667758397,0.5928831904951134,0.51127456806542115,0.2961361573048889
4349,0.0084987580895773147,0.80188913420705366,0.52538117522078387,0.30935481092873124
4350,0.1997962915219483,0.074664379796001601,0.46912295372000101,0.25815169312633646
4351,0.58171686769322262,0.70239413741898027,0.53488109328755862,0.30592398868384746
4352,0.014049198866833468,0.78438802943729091,0.52438308746956819,0.30831791529092017
4353,0.79551261776165338,0.28018497906384293,0.50221332360811988,0.2766587698087335
4354,0.81506379419957531,0.36474269738869047,0.5104053562426436,0.28301689226382515
4355,0.53104520410621769,0.42535886813943508,0.51133216546390969,0.28702626962239469
4356,0.41030677542540944,0.2341071014976944,0.49104182391436524,0.27228168904995664
4357,0.97331489383069569,0.7804399545459193,0.54619010849192162,0.31098167568558149
4358,0.20852980200367749,0.97120568695679543,0.54487938741923769,0.32124661047895747
4359,0.17399322196113645,0.9957243294418906,0.54534170782780789,0.32247777758697033
4360,0.30749197124048366,0.36689932726543628,0.50105547136831352,0.28199944992286996
4361,0.84062843239869689,0.28327884335668058,0.50309834408901233,0.27693416357164718
4362,0.54469554410298593,0.084166061701963196,0.47824764545220777,0.26045933509767677
4363,0.38253919617388166,0.71349710347420769,0.53155673074368504,0.30618913674394083
4364,0.76084132068139732,0.13043135636983208,0.48662239821575032,0.26473188028086636
4365,0.94443407202499219,0.33084950103637534,0.50884613190858929,0.28058080998752755
4366,0.33504628964486766,0.84371608310359303,0.53984541302745526,0.31418087781915338
4367,0.38998728466640459,0.43378826450902275,0.50907291585371006,0.28722731468201129
4368,0.43046952127068072,0.51135204492415076,0.51663336758070211,0.29284513954380836
4369,0.28998852528786523,0.12203714766789928,0.47671995218387747,0.26268076817778968
4370,0.99916213322036207,0.77514823551533041,0.54608313697554223,0.31064633178777196
4371,0.87701803610556528,0.91232257125779292,0.55436503840609208,0.31893856632193329
4372,0.3579510870392551,0.29764823345498881,0.49593973894798238,0.27700818370347552
4373,0.58199856419056895,0.069931080820003988,0.47734751119267899,0.25934213962022784
4374,0.8960788092584,0.17442912822073559,0.49294025806529917,0.26844931398367944
4375,0.55889455222423423,0.075961597586551216,0.47760661743034544,0.259799558943344
4376,0.56377800311945614,0.38025091070694617,0.5079221291240732,0.28381880975322726
4377,0.21564769432604081,0.99774405487765327,0.54686056216977863,0.32283347254722256
4378,0.44226716016664869,0.35396952332534132,0.5031170087627701,0.28156344564932129
4379,0.18706110142794205,0.028642051605589223,0.4637008951545869,0.25409352127932749
4380,0.55602188155875776,0.9489606302012108,0.55198233063170254,0.32097505394646192
4381,0.68715227503824283,0.39235498027467403,0.51108473699015022,0.28490809653119326
4382,0.60838855996293717,0.40083136423687687,0.51056049909322532,0.28540605044627199
4383,0.16354063896095614,0.80595918267985112,0.53196321173250927,0.31098564904158743
4384,0.57862855023044391,0.01971520133368904,0.47167464682844679,0.25499691750943942
4385,0.36678243273025146,0.0018913619236904195,0.46545326134575798,0.25273437329218906
4386,0.57012302865708486,0.58061873780767204,0.52514799144137891,0.2979087966556363
4387,0.62474467088029495,0.46675283561366382,0.51661751990517601,0.29015153069228805
4388,0.10718444320311538,0.54240911300625883,0.5097433989111001,0.29327002038460154
4389,0.17882208299230554,0.81289192287925405,0.53298723612525145,0.31151732117309072
4390,0.58346055742268221,0.5218186690923875,0.52056424068454887,0.29392538695025194
4391,0.47974419727529166,0.97684929110290253,0.552334027722447,0.32248802071862587
4392,0.29504466573296817,0.076057032032974536,0.47194928557206089,0.25883518965207797
4393,0.82749093852256195,0.17954196590700888,0.49262674968970011,0.26880198787828846
4394,0.74819965076666561,0.61717194537011677,0.5309622622133362,0.30054860676910555
4395,0.74759772865156415,0.68043692962225755,0.5358836569584442,0.30467244625811302
4396,0.059284545438445642,0.28077341561546781,0.48493763115473781,0.27371272498884713
4397,0.41022415979766519,0.82075777373117165,0.54007061823638913,0.31300913560346016
4398,0.37203747419588035,0.66105627670063405,0.52730308952543559,0.30275545816082872
4399,0.76248334873510759,0.22329306717222788,0.49618944661855874,0.27221013264356569
4400,0.60681871204102644,0.74369043620532616,0.53842088522147191,0.30858088136837725
4401,0.90731707492253044,0.33778435690548503,0.50906570866099188,0.28108080127612639
4402,0.12365230087953387,0.22280854215262225,0.48182050478625083,0.26976363752860283
4403,0.9892605877176277,0.13947040479037678,0.49032854919654989,0.26567315201197395
4404,0.12653265086162138,0.52118587750726142,0.50872516061364648,0.29195820569781294
4405,0.90292815846771701,0.33476984194061954,0.50873338554815295,0.28085447969196414
4406,0.22064513928740054,0.98216342945842783,0.54599432022573224,0.32195250611545279
4407,0.88323942111836518,0.69704421404617611,0.53894953397442114,0.30577320028824773
4408,0.14200329972385664,0.8828355928651872,0.53660295005975589,0.31556051604082808
4409,0.37087162152951353,0.26241161484887127,0.49288752435202476,0.27434462356165307
4410,0.5709805171975052,0.60866986285258318,0.52741175845835775,0.29978764763407789
4411,0.16084889655880397,0.37315071067508548,0.49719613339767316,0.28158681767732729
4412,0.87672453477700474,0.22243553503822769,0.49758233305200983,0.27225044393437237
4413,0.55264524929873882,0.50315876448996133,0.51843749811085926,0.29257640400310186
4414,0.36177047531105344,0.16674956564371243,0.48316120084892078,0.26670012119977698
4415,0.14517282521234592,0.051136765428038779,0.46484195777310883,0.2557361095930259
4416,0.29206313364960956,0.069006155168160332,0.47110651734014852,0.25821789926957311
4417,0.94173943487153167,0.18039062432852807,0.49407681030617084,0.26895813561449256
4418,0.010919616561976727,0.10873552008121042,0.46592273588993355,0.25935207936982135
4419,0.56283499110728741,0.48546150532820032,0.51712813323940199,0.29136058925362435
4420,0.64100766475716375,0.10200743494626369,0.48181251800564018,0.26217833006118624
4421,0.21612813910417028,0.63344882251214008,0.52080672947293216,0.30021919587923213
4422,0.7218353686647373,0.19205729128272506,0.49246699604968031,0.26968090211600226
4423,0.31122052927146437,0.86332865540335191,0.54058621411062158,0.31528670259670155
4424,0.80457345021798976,0.20482993874960811,0.49490486966124031,0.27079756273516958
4425,0.65223126289051725,0.73526458126798977,0.53856097838590267,0.30809761752823794
4426,0.76257964230285735,0.56006820296373916,0.52657164766198106,0.29674357867844059
4427,0.73594619555479146,0.83707406603397105,0.5472491219853407,0.31444800806289142
4428,0.96917901766028958,0.88996642065179765,0.55389958486596336,0.31758639221031737
4429,0.9682956813146012,0.17923261210011551,0.49424966975128659,0.26888013022792101
4430,0.88945248486696515,0.47856037795705492,0.52141148188689801,0.29120907007653918
4431,0.83402479950523711,0.91646713353955422,0.55410756967988606,0.31919117692288501
4432,0.52820411100081399,0.67096747879042529,0.53148028655445201,0.30380821907271399
4433,0.23300433483716335,0.4489339446837432,0.50618507952790048,0.28758707574042874
4434,0.37739537490372316,0.13160929141835076,0.47988853252491709,0.26388124264688445
4435,0.48676817123758376,0.48461577840090031,0.51558047710913868,0.29113314060935946
4436,0.096628854760120161,0.069378915678372149,0.46513620492927782,0.25689525680206582
4437,0.44374735022532991,0.0053823421714943838,0.46751934166791426,0.25334210387466954
4438,0.83344044332044431,0.19542934265144871,0.49432524431440827,0.27007828643293086
4439,0.56056204357604733,0.33674511625358139,0.50388194878973358,0.28058794511064072
4440,0.081998446021915888,0.064690646414004738,0.46409679125283754,0.2563600331013105
4441,0.89674138922727442,0.62156618976803735,0.53326284869274798,0.30089089216270876
4442,0.56770661815352508,0.96203189160759806,0.55307334802353492,0.32175040711974789
4443,0.52774577268952272,0.12674819713573671,0.4825008477453161,0.26398023916914071
4444,0.19644475699422184,0.86057256547055438,0.53694810055808395,0.31456120461403453
4445,0.62119934483714168,0.079672470887319657,0.47906997067858748,0.2602566735554514
4446,0.81234491190613478,0.53813718893373153,0.52544940570650267,0.29528473103821279
4447,0.15231136072537629,0.57445883608484871,0.51399650489147108,0.29582714420252354
4448,0.12405113579662284,0.43230348599898866,0.50111249598411445,0.28563052004693995
4449,0.54857634038744729,0.32369382747096248,0.50244705428051784,0.27958162420276189
4450,0.52918507737977194,0.47677514134944649,0.51575449268098528,0.2906816689059884
4451,0.24634735041126843,0.2994071374214371,0.49312276513757364,0.27659271630115523
4452,0.14847447337358027,0.517663586988661,0.50922493655488232,0.29188356765345391
4453,0.37604890412004899,0.061550330139033035,0.47234506159020268,0.25797215489856401
4454,0.98489057528268309,0.31830987650520404,0.50811477393179294,0.27965786533025533
4455,0.1167263902900857,0.22672045423953097,0.48195423843224905,0.2700154508416826
4456,0.80038439679477602,0.99505827295078197,0.55891631978643475,0.32374542105441584
4457,0.86257467857626036,0.90891415281937227,0.55395421887626317,0.31874199680415333
4458,0.34620355663691882,0.47224369326803134,0.51132468641828888,0.28980404337715682
4459,0.079232275827217383,0.73581323524810138,0.52366850845843604,0.30588950479684857
4460,0.580585498572595,0.76179740214737834,0.53929255208717919,0.30968510345046713
4461,0.30600673531537176,0.024739921538170895,0.46657671136324447,0.25446143237641161
4462,0.65575557167254162,0.24295198843049584,0.49655072812842593,0.27360030679705349
4463,0.97345487581636991,0.82761965923550307,0.54958399945264969,0.31385940549035113
4464,0.49350469154940224,0.88785334223798706,0.54659819583347158,0.31726767750181006
4465,0.21046676053978738,0.91633844304970702,0.54125309186700754,0.31800928704396286
4466,0.47822607016739205,0.065748299389879694,0.47497909790300441,0.25870246835408528
4467,0.44142504934036408,0.36555959476946154,0.50415623737341875,0.28242119236244939
4468,0.7669793132965802,0.49044277308926687,0.52083114724096979,0.29197145931355994
4469,0.72820578962838056,0.38711640918507473,0.51123131739628613,0.28457525999988353
4470,0.56171530238451672,0.61255786255403655,0.52755043992200801,0.30003055756979408
4471,0.083142190163966748,0.18225755549013847,0.47632331420756652,0.2661556858150595
4472,0.87809618450255367,0.76483482830544236,0.54394751518425632,0.31003665040226491
4473,0.68871032588152448,0.41634030167480229,0.51324891997351707,0.28664680084117317
4474,0.90309157825027364,0.39474448697332992,0.51422345581712881,0.28525683658866569
4475,0.24943719232858858,0.36192621802616631,0.49898289828116149,0.28132829156925715
4476,0.96041782811227028,0.3379060597840115,0.50968226562189889,0.28111124993473369
4477,0.23940450367418817,0.22444536582782168,0.48571616435103621,0.27071423635696268
4478,0.97478172556519271,0.27653940749218459,0.50402104018535365,0.27649538790287875
4479,0.2391146114639123,0.69936890457979173,0.52658920093932426,0.30467274157679308
4480,0.41575850128602471,0.44594461846073391,0.51072738633493819,0.2881875317113155
4481,0.090681747931835713,0.041161831161670853,0.46186506103651709,0.25441271621205291
4482,0.82563316098974315,0.41927813684927534,0.51545070294828799,0.28698441153653959
4483,0.24749459269481014,0.93066727332574095,0.5433848473734566,0.31905464854571347
4484,0.75222037259183139,0.53031910763286283,0.52397269387219769,0.29471268625750713
4485,0.74773703865207497,0.2667415082093445,0.500256169691639,0.27557579465481702
4486,0.43918407408316856,0.95017998674960114,0.54968177655531614,0.32085312492078166
4487,0.14484825570046669,0.78657739066575894,0.52990245557651949,0.30964288720963024
4488,0.45755416236900492,0.73034589030913777,0.53453352376829366,0.30747475874275088
4489,0.77827761000205065,0.24688971384087346,0.49874242072103725,0.27407337119345165
4490,0.20505450353951893,0.37534699766476409,0.49884376654603108,0.28205538973495353
4491,0.5542852245054557,0.047970849390851798,0.47443397635063933,0.25739150275468103
4492,0.47809798669157322,0.84078343751287321,0.54299021007433945,0.31439504834627152
4493,0.19228264659772396,0.17625764211992501,0.47948882471498577,0.26654877596303334
4494,0.67690926909517735,0.20406036605023548,0.49300974494889405,0.2705705300730305
4495,0.54447891284498617,0.53027170899232146,0.52055067877535621,0.29443572030180076
4496,0.23048670828739415,0.014628983125637752,0.46341735841955783,0.25315122976148613
4497,0.50046284734172519,0.79372634562429745,0.54008719487463508,0.31154603085922339
4498,0.88480216429998404,0.61967645872033905,0.53296916871078315,0.30076528607171799
4499,0.72747534784117018,0.67836846981843701,0.5354310250094616,0.30452720915232417
4500,0.049981477432523388,0.60690983037367696,0.51260662001828705,0.29713738200040435
4501,0.022362135636049787,0.41204691422212641,0.4952621302700469,0.28317820378064912
4502,0.2233290710757603,0.10625589648316382,0.47319796952659815,0.26097783097092486
4503,0.55563824331174838,0.54148324689230642,0.52168734988980381,0.29522648283598252
4504,0.85517723917908739,0.29183280160484137,0.50410123327319045,0.27759652095583848
4505,0.16997760787525915,0.41045082931028448,0.50081818948563794,0.284395925668608
4506,0.085796016432472977,0.45365984684216093,0.50149872757643199,0.28683502379179399
4507,0.65388081547602783,0.32704885680325096,0.50457846930944084,0.28003382607863914
4508,0.87145522831616695,0.88676091964818771,0.55254280959196123,0.31743209704602948
4509,0.11017057062062668,0.25126186869706729,0.48409033163253595,0.27189235359832914
4510,0.15897669959376801,0.033619404229207436,0.46337023751848366,0.25432384304789607
4511,0.037775296999386046,0.76898081927491591,0.52434139032075733,0.30760022492493472
4512,0.5962766198948376,0.56861807309769796,0.52464466560908829,0.29714183396449928
4513,0.20642926269151504,0.82565014014969351,0.53481476441311149,0.31247567227470902
4514,0.61478284888329215,0.59553192142577616,0.52713856052807806,0.29897809723018215
4515,0.52401024345495972,0.12874869246237214,0.48264229781656659,0.26413584269860219
4516,0.90159973258433168,0.029343225119623825,0.47728814457144469,0.25633987369923117
4517,0.67265899052576872,0.77320622767143654,0.54168989211890894,0.31049248419695541
4518,0.59441377598947154,0.35379031928264304,0.50605850724727719,0.28192680918815044
4519,0.94231749031693912,0.18707811483287953,0.49476896166146106,0.2694933651518433
4520,0.22696960731599247,0.05516653055628995,0.46781039204232172,0.25665730039215828
4521,0.46941898794217274,0.31295696151769953,0.4998902885673509,0.27856558790617736
4522,0.90541881708534211,0.25880974684533431,0.50151698173118964,0.27510092664351754
4523,0.27946498147611276,0.18192623545028036,0.48260824750696935,0.26753769857573578
4524,0.96605485423052462,0.54808717981384836,0.52813259317175809,0.2959980458275967
4525,0.26219307747321435,0.80832390694910428,0.53530414966639128,0.31169652590534092
4526,0.56958531907304422,0.75238424226812795,0.5383989551626025,0.30907933456214942
4527,0.18628314836052015,0.94187892334706858,0.54218296346956196,0.31939008520602141
4528,0.15389003164177995,0.38405423898528096,0.49793259250975136,0.2823412996958099
4529,0.16740897738510976,0.048524323945946531,0.46527815614404089,0.25567948745899383
4530,0.48398133227328077,0.23906799882262714,0.49309351234235438,0.2729110506591641
4531,0.92918553226544753,0.70991328464358816,0.54046856325999248,0.30658853117971191
4532,0.49258288181464888,0.64345016380889586,0.52863753959848847,0.30193702913688603
4533,0.60601171067043902,0.21835774460515242,0.49329757588146561,0.2715765319899105
4534,0.21412951547127451,0.75020930785966344,0.52960380821273989,0.30779403165618863
4535,0.20759615421496566,0.984086459075322,0.54570177673684184,0.32199498774142521
4536,0.47840695244754899,0.21160511437220267,0.49026065519604456,0.27072604908633102
4537,0.38875446603501917,0.33185141647484856,0.49987565265035583,0.27972437058276861
4538,0.54926637654426747,0.67056720109774037,0.53185257801645058,0.30381998317856601
4539,0.19781991431607168,0.637225133776397,0.52051238057744209,0.30035854587656663
4540,0.5037891490825801,0.55518097914065001,0.52181094357427704,0.29605467492511833
4541,0.80378558190542981,0.52625302048992595,0.5243485811119446,0.29446831973888538
4542,0.22128412346424303,0.67720651851334845,0.52435144693412361,0.30313244698620517
4543,0.173277046318457,0.84939099626721581,0.53538258833500074,0.31373400338955726
4544,0.15185990749296036,0.69392556033072772,0.52330011307809665,0.30377445687946641
4545,0.24605914639033147,0.54985904718596723,0.51504995143071064,0.29474195605883091
4546,0.90446929964482559,0.81632198410789714,0.54799368544080929,0.31319605644657822
4547,0.76505518835625841,0.43387723823053531,0.51591944929725519,0.28798369366081655
4548,0.25197607865767785,0.7625106711822679,0.53167924085759444,0.30877746410247092
4549,0.0041513826787122534,0.18017511105629383,0.47288737949229714,0.26515393836953033
4550,0.97227612495728544,0.42231402670113605,0.5174694039231269,0.28725957965164201
4551,0.74795048426050925,0.12938947184173158,0.48633345942561751,0.26462889388194433
4552,0.22990219279936283,0.7668045502088382,0.53131952138932947,0.30893307686393673
4553,0.60693888235137561,0.84653549014081952,0.54585781944556366,0.31493559860544806
4554,0.87656908909220954,0.87219228362849688,0.5515961807239117,0.31656515958090214
4555,0.81725270101657377,0.19911199584471762,0.49449170798819975,0.27035603432761912
4556,0.12317129341772524,0.64632336421330694,0.51860985343600463,0.30043242199231734
4557,0.65620541867568394,0.090024079704808552,0.48075569392189099,0.26120046968566069
4558,0.7589363878053963,0.99605940050127684,0.55841066749607871,0.32380598747851713
4559,0.53852130604222181,0.25475101346970774,0.49568449049080837,0.27428133095744522
4560,0.088987339638301646,0.86819079194254023,0.53355543367097003,0.3142540197205384
4561,0.71874182673163012,0.31565240799718303,0.50450963489815848,0.27926766593637714
4562,0.12158382679776987,0.77587408536371083,0.52826686224886654,0.30879427447966218
4563,0.13848786390224704,0.75527180110925118,0.52739021166933453,0.30761910272072079
4564,0.44878566685967386,0.75306781311262161,0.53602905323482652,0.30889241462738531
4565,0.41182610197936886,0.017024549727432895,0.46817462576838614,0.2542507394730093
4566,0.48655396797779255,0.43991487300660231,0.51172715364738286,0.28796345561986497
4567,0.44427015883988935,0.35983477123420454,0.50369637012749302,0.28200566150531881
4568,0.86118064297725216,0.38503538889264455,0.51283969779366834,0.28453166357064885
4569,0.49370719611645913,0.07110744669568958,0.47586950052617399,0.25920763310204498
4570,0.5966557391841314,0.92557562266296012,0.55114251379490276,0.31964641953418987
4571,0.37550456061406295,0.92436568444607548,0.54645185509910654,0.31916884971354864
4572,0.67544971017033095,0.79742433899244058,0.54349323478995315,0.31199361771302514
4573,0.018133247749542353,0.66018034504359824,0.51533931953202594,0.30035092888744463
4574,0.33671332161774625,0.10971713849535446,0.4766100161388992,0.26188183704946855
4575,0.61935262100094701,0.10363734516965925,0.48163804966824086,0.26227150404463068
4576,0.5001217708160286,0.31664414810371821,0.50085847074948331,0.27893057559616036
4577,0.21340365990103455,0.67781839178391967,0.52414857065838316,0.30312655750514189
4578,0.22736291651536014,0.66855284267446258,0.52387870978770412,0.3026008486737643
4579,0.81799536966694297,0.46198559831007152,0.51908591140518745,0.29001422377421193
4580,0.16377229197080015,0.73307293562839049,0.5266543651288802,0.30638389192595133
4581,0.18915135306284064,0.042115695499221333,0.46525398990898553,0.25528026521519126
4582,0.74234211858500498,0.0072750766069279056,0.47275894166082988,0.25422249054264273
4583,0.17767593869062839,0.49267395926056201,0.50814452946587607,0.29034265775272766
4584,0.72454144415123156,0.059963280153775125,0.47847131266786419,0.25876480444275385
4585,0.91937674289896387,0.88536861184499005,0.5530202049869346,0.31733557180648159
4586,0.98547694632279459,0.15233892864339288,0.49164222121856183,0.26671960920522519
4587,0.21203280289733087,0.72991420018126951,0.5280334590811272,0.30648749841695
4588,0.61294537654885783,0.15883092953999295,0.48736001261943196,0.2668147357583372
4589,0.83056224711545512,0.47891086631942315,0.52070499652739644,0.29120823977822102
4590,0.82488173472135107,0.65910346150923294,0.5353013042185395,0.30332637287770686
4591,0.78340020393895682,0.94665291117589223,0.55547413331314499,0.32095851879314485
4592,0.019370403209410143,0.24103009885853391,0.47949373781439908,0.27018636814407432
4593,0.36101916409257107,0.8580520423964948,0.54151887945771071,0.31514345326108845
4594,0.7079904104806134,0.69088370118791942,0.53609587599798036,0.30531874580731749
4595,0.098107102827623027,0.99065376328973798,0.54219735946823211,0.32164302595883948
4596,0.26332475722980458,0.94152465999767887,0.54459121925939658,0.31977206368280692
4597,0.07666930636615725,0.60132187248152924,0.51327656909780683,0.29702055584284426
4598,0.60431657989119414,0.33153461140032159,0.50417282520430218,0.28028543589736438
4599,0.70561951566342029,0.036203513957106047,0.47553960750514057,0.25668928311471834
4600,0.36306092570881598,0.89498651606085478,0.54413490359636363,0.31737934401016732
4601,0.27221924048663348,0.11409828267047416,0.47540773937340719,0.26192313871099321
4602,0.88566926042697169,0.30529999732723229,0.50575717222817473,0.2786364191809958
4603,0.59948359471609591,0.77943849035267498,0.54092011149768371,0.3108094712313374
4604,0.86517818258224299,0.73242343395458309,0.54139036690643605,0.3080121942798249
4605,0.82428476514763904,0.29144848084187835,0.50367236573921748,0.27754353072876931
4606,0.92137205165891212,0.33946530377330492,0.50938580574471426,0.28121208810215564
4607,0.58620786990945928,0.070874609551217882,0.47752308655338294,0.25943232797897492
4608,0.98530049896124994,0.97977108699545501,0.56012965030794071,0.32279336484151622
4609,0.9541816610570415,0.044176694446231707,0.47955399985331276,0.25766348017428509
4610,0.38187620689767648,0.82464955298030984,0.53967479375320859,0.31316698450044378
4611,0.65992795996096687,0.90646284435765123,0.55090915161977427,0.31856712984025032
4612,0.947820505376754,0.31925503683484863,0.50779710188100813,0.27971604204063943
4613,0.28400480993330712,0.49237855847954054,0.51137769786808873,0.29094532160349151
4614,0.93708357291402067,0.61614695847585099,0.5333060169017424,0.3005365382809258
4615,0.49040123375285183,0.86659691507372771,0.54505851565183272,0.31598430301306013
4616,0.16110715350190877,0.6593437845071195,0.52098582996888354,0.30157725647156175
4617,0.1526917239533388,0.54527871348817136,0.51164512682716878,0.29382988750970457
4618,0.52471726322293988,0.5216641213243246,0.51945628376592912,0.2938016962608927
4619,0.61358350635509706,0.41352188666652656,0.51177892615556775,0.2863341244326284
4620,0.67015354980524866,0.0073092307633371096,0.47172237010724827,0.25410321889412874
4621,0.71926072282582765,0.21610872152814409,0.49485614342253537,0.27158875374858982
4622,0.95965853441430959,0.7144604262980051,0.54115647284614943,0.30687108569404326
4623,0.72483700860246314,0.10239515105212341,0.48312007895051967,0.26235401950598597
4624,0.95616265743778794,0.66664898339716028,0.53747299467876619,0.30382194662111034
4625,0.84791235474891724,0.336378723457607,0.50821188804841444,0.28094201489540604
4626,0.88700143006135479,0.091495480732142462,0.48404212049468964,0.26162936713601853
4627,0.84186738544356787,0.48103014465625171,0.5210316869538143,0.2913619574964918
4628,0.69317894562728477,0.26177528235738867,0.49897317207814224,0.27512110678544316
4629,0.7096091478364891,0.25132708283617394,0.49820056015046932,0.27433453323473384
4630,0.81963138438131422,0.11708169088846772,0.48597980532965518,0.26369810952682043
4631,0.52683703425907302,0.4880956949059968,0.5166734767883765,0.29147145473154479
4632,0.27423183887546182,0.23829982941654745,0.48806351108524154,0.27200605620904067
4633,0.63852669896710434,0.60934293716162213,0.52864255177836961,0.29992917561102528
4634,0.89013513177620485,0.55058285134680329,0.52746075925228919,0.29615794846288684
4635,0.52336132167485772,0.51633334235193906,0.5189849797072521,0.29343019083303118
4636,0.70905415743194755,0.95911984153032537,0.55523680326575009,0.32167315285078407
4637,0.13221096402617405,0.94652106413504811,0.54057795169237266,0.31930757738515331
4638,0.2576194388229982,0.9470746487658821,0.54479517572216096,0.32007397539583587
4639,0.92782053303791912,0.10511118540373864,0.48598895782874579,0.26280025017022474
4640,0.36726305428348716,0.41452622787948934,0.50683700345442917,0.28575097794974486
4641,0.81360299834049077,0.58291940603120018,0.52912644389464136,0.29830793201412564
4642,0.36680866613065594,0.36036661630327582,0.50197125883436255,0.28177221165139277
4643,0.39187275772833968,0.58516648683325623,0.52180114789237408,0.29777788824108825
4644,0.59011151435551013,0.067324736632022542,0.4771989222265236,0.25913863960127398
4645,0.93992898601932695,0.3001264171697316,0.50589791786544713,0.27827353416683576
4646,0.49110793382494017,0.99479812489670005,0.5537537124308638,0.32354483062482547
4647,0.27873775859336603,0.37092484456422969,0.50063473308759576,0.28215522831851719
4648,0.42046922144532439,0.63332386356428039,0.52628954820566187,0.3010844594442606
4649,0.82776534110101641,0.091767752360098528,0.48335074046743548,0.26159470975592974
4650,0.62968775794651599,0.65492108947708039,0.53207650521479399,0.30291807090478379
4651,0.31863233499162597,0.79621714154252554,0.53602179217710266,0.31118865779316612
4652,0.86792911295857045,0.68396546248554957,0.53776422797822798,0.30493643064245807
4653,0.55913202079351765,0.94203913262161665,0.55157511509617374,0.32057365510784197
4654,0.57215296365561663,0.051320106886082802,0.47511972296922017,0.25772457716083236
4655,0.45640313129673016,0.81265143393977779,0.54052654397473732,0.31262462139834607
4656,0.41336952241052644,0.22690488652369242,0.49040046954372729,0.27172484805846436
4657,0.65925300212799343,0.78308758820757507,0.54219487053009396,0.31109536199577786
4658,0.76069042468707782,0.75499526727158806,0.54167583168871425,0.30940665105048781
4659,0.86126465813269615,0.12619491441078717,0.48747135154920646,0.26449291398947467
4660,0.76964037766315752,0.2489995363652357,0.49883126117377746,0.274227966336892
4661,0.58479913936556549,0.72832204948175938,0.53688739632431659,0.30758119755683261
4662,0.069614054042671347,0.26126197848763549,0.483503754996642,0.27230042309059638
4663,0.75039978554471165,0.25430047898726771,0.49908218622666056,0.27461737034814793
4664,0.90982797186191899,0.39616159505682297,0.51443023800959942,0.28536210489446256
4665,0.49726530919879447,0.30291578218821669,0.49950990541139889,0.27788141553019835
4666,0.79413714564965343,0.20465454465245131,0.49474914483480276,0.27077278327691906
4667,0.055404516706673901,0.36414690049927451,0.49243621770449642,0.27999952907833181
4668,0.75672149779620812,0.8387275088609546,0.54766603598706265,0.31455446686158323
4669,0.93280420864814662,0.66865391037397792,0.5373629801142461,0.30395343068039576
4670,0.71170229179213051,0.56306257267816695,0.52607345596109822,0.2969059556549431
4671,0.41606339412721577,0.79911788347299451,0.53865355440973761,0.31168819946422416
4672,0.91328468795636442,0.16289575639375253,0.49194649931607015,0.26753161411342613
4673,0.05060362754893722,0.88380144128947291,0.53303211125217165,0.31485262337242581
4674,0.48053107431848768,0.90979621329576477,0.54783785478984437,0.31855283427443298
4675,0.16845868244679879,0.082039378465397758,0.4689383688087711,0.25855871492815169
4676,0.88037283479465411,0.749412628584879,0.54283950354643296,0.30907651653452334
4677,0.066843663749343252,0.026919325827190185,0.45942136129537242,0.25294947557295239
4678,0.57986175020131059,0.56652869334685385,0.52418248002503121,0.29697410583171852
4679,0.44254054918353214,0.32739555327970304,0.50067089195100589,0.27957451939686873
4680,0.72781676444407783,0.94100687804518968,0.55430314301022054,0.32062440376710061
4681,0.97445403420642251,0.60118021300047408,0.53253229103080735,0.29954788596989507
4682,0.82141464568983069,0.85496719705016588,0.54969411701504423,0.31554125434977143
4683,0.17462397762875773,0.15647489647689508,0.47691869754985189,0.26481207176188065
4684,0.33209814558121142,0.099102966463158387,0.47536636757981043,0.26096933618235368
4685,0.45526097264561111,0.67352784230372642,0.53018187866837641,0.30381550171571398
4686,0.86236782230556719,0.46660726872362429,0.52005271043113255,0.29036210689513148
4687,0.033123558029031851,0.47713428634939486,0.50130965935341931,0.28798313326138747
4688,0.2688142883633613,0.63547284200190346,0.52256097554504677,0.30063938001392826
4689,0.86800306407039751,0.67752169919792793,0.53727139762733422,0.3045229446054547
4690,0.9565134021598497,0.81102374502421593,0.5482128720243683,0.31285917846864619
4691,0.97672786437644388,0.92469619641172474,0.55635477358214869,0.31962022677366475
4692,0.57923726695313826,0.5199423810435343,0.52033194599796528,0.2937886341926193
4693,0.24059928304628703,0.40284649512368492,0.50238679033506473,0.28429555966852266
4694,0.91818379391502825,0.77832870823357958,0.54541340527286597,0.31086639192280113
4695,0.8259471688401071,0.10026932597114938,0.48425069683371824,0.26230518014528514
4696,0.52859855552854718,0.14282594208641677,0.48420646345581936,0.26530893323892341
4697,0.67761180910953556,0.38141110786068022,0.50994991301676273,0.28409674678482411
4698,0.2504468847465352,0.88258910719802375,0.54018450809363272,0.31618843307946509
4699,0.75141932413111212,0.86888549508635193,0.54970730410046964,0.31636834702541722
4700,0.16677042651429075,0.37364879521309635,0.4974415979242871,0.28166711989461152
4701,0.12196470669187839,0.26147419622080637,0.48549629678532535,0.27279091310022052
4702,0.55225980915041872,0.0116108606157708,0.47029342272965158,0.25421979214645141
4703,0.39904545855986656,0.92104999251355191,0.5467938434028593,0.31903801518012681
4704,0.69035652070982612,0.24588367584975204,0.49737731383149836,0.27388352070583827
4705,0.018619198771112136,0.98042237967596157,0.53811239356683216,0.32029828620367928
4706,0.81691815757356823,0.82640036843031417,0.54761706351574369,0.31381623304332101
4707,0.67969147963217702,0.16722689584890615,0.48929439348664788,0.26761899219984375
4708,0.72272990984903884,0.66184808273568052,0.53408768429830644,0.30345572291141176
4709,0.053315165112575051,0.5886783255361836,0.51130525835064877,0.29593815895472347
4710,0.88338490589592844,0.79062357045622789,0.54589167106097758,0.31162870670644011
4711,0.5809351079827525,0.58047925305949755,0.52533269474041655,0.29791748814311714
4712,0.068605701534880797,0.20223543449071005,0.47774546273795193,0.26762475915515083
4713,0.52959579229945086,0.68729439301650275,0.53275857912775904,0.30486808538236954
4714,0.001587208493507933,0.21098004542827842,0.47580681400356539,0.26759864841977127
4715,0.32573532631528795,0.43768105461081724,0.50781937214472384,0.28725155056492235
4716,0.17315791953542503,0.39125526225856738,0.49922829875425084,0.28301280113999183
4717,0.73740011373403258,0.10531391890837113,0.4836131301612166,0.26261634866714129
4718,0.23974277303646088,0.13956886950525224,0.47716209518176284,0.26385183446762744
4719,0.43574323230438172,0.40475818952912229,0.50755612125937111,0.2852806896770882
4720,0.49937996400553969,0.21901957280685894,0.49141771182309746,0.27137485590047611
4721,0.5162292077599675,0.88902479935701706,0.54713687121026944,0.31737615108322875
4722,0.77418754802743206,0.93611796570067529,0.55463801947168145,0.32034489438586689
4723,0.19418208470823012,0.98731971990937606,0.54547356587334361,0.32210838234869094
4724,0.65679360839518486,0.37633430339818591,0.50916010803409262,0.28369527302306735
4725,0.66834932883185105,0.4942620930433157,0.51968091037693931,0.29213987783853018
4726,0.5069260845290614,0.63027540946035887,0.52789570974895406,0.30109979430065964
4727,0.32735027461111316,0.14310954728642247,0.47988242312589485,0.264611015073072
4728,0.49635637407730104,0.45784397667484594,0.51348160371642226,0.28926668397749367
4729,0.9719215838386096,0.26994571091796971,0.50335148416870512,0.27598978841922123
4730,0.99001717709979287,0.27989177868842385,0.50450839139472248,0.2767566199948221
4731,0.40705211755187487,0.023771885130053853,0.46883406211213668,0.2548237534568808
4732,0.48077420933410758,0.091332478837773678,0.47781633256972378,0.26088385799768343
4733,0.03418907916567987,0.58833347064008712,0.51045249174368512,0.29571602934096985
4734,0.62024371822098046,0.23925245905857301,0.49560821590199527,0.2732479049813864
4735,0.81516834464502763,0.5718298774961964,0.52824911989938128,0.29756542196980551
4736,0.94501112326994774,0.65559278088832518,0.53649157537231507,0.30310942629558302
4737,0.13127812547414797,0.073962284269428358,0.46684446456777901,0.25758315903435119
4738,0.75528388808368474,0.8058937692290522,0.54530460270082393,0.31255438092382831
4739,0.6654448768122937,0.39670711186385016,0.51113476938610647,0.2851955165142126
4740,0.54664369828895432,0.51080537274099191,0.51896770409633697,0.29309561767346237
4741,0.054892737781780311,0.41370168003494617,0.4967983292892944,0.28364670711381013
4742,0.85108454233094821,0.49882103559485408,0.52266162009735739,0.29260269053363824
4743,0.4147512110497919,0.21924958949094872,0.48967325276403012,0.27112406285434387
4744,0.65522809202995846,0.80151657178465974,0.54346334182788314,0.31223030175402872
4745,0.27808813074448846,0.85519858341416122,0.53909040426911992,0.31465387873885831
4746,0.33241479781215316,0.1535964651532355,0.48109399579839746,0.26549600713140953
4747,0.080860113887058105,0.60790164941310654,0.51396565708333875,0.2975029880330039
4748,0.72089744609150797,0.75698245036698641,0.54124319422155742,0.30951250220691823
4749,0.03297938556725858,0.075789390082319733,0.46338011970781717,0.25681580920153113
4750,0.67406411528674659,0.91523297515580204,0.55173464347532031,0.31909318132016845
4751,0.82578414983417614,0.53513061454143607,0.52537726097418636,0.2950863138352377
4752,0.47708290961437161,0.59963431698865022,0.5248577918103452,0.29899422075511239
4753,0.93526863862298204,0.76774852849344033,0.5448379762944594,0.31020899134806673
4754,0.044855155841179661,0.076933333078713625,0.46397927046886234,0.2570388034561778
4755,0.76928365504929097,0.034279097291186923,0.47620941490653573,0.25661904314741391
4756,0.36431483902408512,0.31517590656174582,0.4977416618448553,0.27836926740712409
4757,0.10201879347624492,0.11890682972519426,0.47056523274018958,0.26112478259399108
4758,0.81527933830689869,0.83060491164430272,0.54789420803784883,0.3140712257305151
4759,0.56110356378004655,0.21666555362265791,0.4923440161381149,0.27134570392473656
4760,0.083632574739668064,0.52129083977193802,0.50709263800937465,0.29159554745331634
4761,0.19725395840049023,0.57539028895428634,0.51559547910356363,0.29619873973457772
4762,0.50262019868182251,0.51509417202362096,0.51847173835320082,0.29329763893561428
4763,0.90775958162430914,0.43525586829652313,0.51787661983977662,0.28816510545241564
4764,0.44607288823529379,0.49074855046496962,0.51524207532100319,0.29145313458622529
4765,0.77718582304754524,0.95739446229046443,0.55610752854003254,0.32158178242876595
4766,0.62348964832633502,0.82062248096793189,0.54430493695839677,0.3133744775551488
4767,0.92159357374034601,0.50832508448314617,0.52431871058782786,0.29328052379712644
4768,0.94708244802454722,0.10048506398057798,0.48570231903034478,0.26242812967074802
4769,0.27658549261317822,0.66954123137741117,0.52542454352342072,0.30292152515859577
4770,0.15000605395977618,0.29251195092968413,0.48942178004544434,0.27541860060882073
4771,0.69021914536430273,0.28192290992330532,0.50087498151993615,0.27666727453789797
4772,0.19741914100268623,0.41736723213464721,0.50232841247943838,0.28508776847328643
4773,0.63451524952229821,0.32825557912985098,0.50437573052209916,0.28009295547107532
4774,0.22481033536669565,0.3586120539961965,0.49794652830638952,0.28093647003055477
4775,0.4266842256456963,0.98071448062550048,0.55143511833289205,0.32260649448134243
4776,0.56522514476218499,0.2719912309992244,0.49784491650552876,0.27567867036063409
4777,0.98149188907524809,0.93462384861382897,0.55707729311418741,0.32019517981634565
4778,0.35045095909902596,0.38050416600649478,0.50339112107495343,0.28319598021719761
4779,0.63188492339520019,0.48947529908985604,0.51867973463137884,0.29175712089505829
4780,0.2623895756932092,0.47484369663140974,0.50927644275541173,0.28959723101301071
4781,0.70608228650324756,0.66126777639385548,0.53379213964145578,0.30340585747584409
4782,0.72939132447369637,0.91756689690455107,0.55273975249132812,0.31925170471071018
4783,0.82272255099936153,0.12725809100804616,0.4871044708778734,0.26454276584813408
4784,0.70462709898924225,0.42386708757031011,0.5141578778234519,0.28720696323121181
4785,0.3318044148919988,0.40796704504365339,0.50536890917127419,0.28512825955801446
4786,0.99737059244810378,0.31994920342908012,0.50840219243785412,0.27978399794619341
4787,0.36647008426048561,0.52759508747759976,0.51648747354666469,0.2937558280536553
4788,0.03724083509632619,0.38893849046583057,0.49388067430002142,0.28164670686443366
4789,0.78676549927458406,0.88014814681947473,0.55098518591601331,0.31704612012752365
4790,0.68021240502722802,0.060424357056233571,0.47787426048732462,0.25873089500754909
4791,0.89380685789658454,0.20639745254410663,0.49617543894990479,0.27099812781273458
4792,0.62175034834869436,0.9548745168033872,0.55355149721821229,0.32138293484236002
4793,0.32255374685997379,0.57303635166332834,0.51908642890350276,0.29669529546313594
4794,0.44019297832926974,0.81141903059483744,0.54008305157755887,0.31251072868333557
4795,0.80633109329972652,0.50144326679717055,0.52230166964711366,0.29276153990965509
4796,0.62640186342761162,0.76138945951372161,0.54006409922209531,0.30971389648634678
4797,0.40516032088865761,0.93754357974500169,0.54805507730159553,0.32002949889923199
4798,0.73727896486235556,0.41514476710179588,0.51387029742224544,0.28661531684047997
4799,0.92087734484091643,0.14535838015897898,0.49020022832791738,0.26611254630558046
4800,0.65707135417613904,0.78969396259038482,0.54263903865889074,0.31150251067525969
4801,0.9461832631734084,0.1000988884515944,0.48565055736433604,0.26239528575671223
4802,0.34301790060176285,0.88366201415803525,0.54284342073782077,0.31663305365387084
4803,0.85879589590170657,0.97017185404830386,0.55803077432043813,0.32230543073827045
4804,0.67203716815974335,0.68641965830108387,0.53519616475166409,0.30500281152331599
4805,0.36413254994753519,0.72742869350427064,0.53214904797010121,0.30701932522095182
4806,0.10909436055877013,0.47926510327629512,0.5045732940875054,0.28886733650123253
4807,0.8470831328628935,0.87192487676349706,0.55120984071356949,0.31655430608709983
4808,0.54285386637173361,0.74719679134703487,0.53751579155700713,0.30871194172563543
4809,0.842958100899181,0.79483831186365572,0.54569234444645331,0.31188983038991125
4810,0.20601877595683329,0.91771855476883946,0.54120270243352098,0.31806691691688654
4811,0.3240015151222353,0.90358136667216904,0.54371605036401216,0.31776176974793496
4812,0.44734197169285039,0.55373419994240403,0.52051287363770293,0.29581375621907791
4813,0.11713582895147848,0.17700522308860675,0.47704907124870916,0.26603412342011989
4814,0.66003908854258486,0.088761571301461673,0.48067807981335237,0.26110116140164613
4815,0.56138455062323489,0.023649175523954909,0.47182413507755955,0.25529834911210797
4816,0.32030409786860692,0.83901000505863932,0.53912270268199769,0.31383815344215132
4817,0.79544175610843815,0.19939751730508873,0.49423479449977836,0.27035648212333063
4818,0.90051198820614964,0.3795765464751632,0.51282347390893823,0.28415371566722863
4819,0.26523734811792382,0.42853355114412267,0.50536647564629511,0.28629904592840849
4820,0.6939094862916857,0.21432097705685302,0.49430037588275832,0.27141087738681063
4821,0.67657772797740756,0.5124630116462825,0.52134578835747258,0.29341227956217314
4822,0.98464007438536505,0.11559951719805832,0.48773758995440175,0.26370743230117083
4823,0.6329880174757796,0.36074673138713698,0.50735192674518714,0.28251018679370188
4824,0.35536277247626569,0.81700736102174276,0.53847235539810367,0.31261120636080403
4825,0.96692536971214005,0.43699849602755858,0.51870400807304229,0.28830394278079891
4826,0.57135314230293732,0.85467101759534558,0.54579488189354153,0.31538796621897952
4827,0.44332316645021785,0.98940569756823826,0.55238101640360415,0.32314583771563743
4828,0.81868123890681899,0.21685669920056827,0.49629857319370529,0.27176261382190814
4829,0.61388750905211786,0.74409058076966317,0.53857301519831313,0.30861436381907176
4830,0.31088636097036071,0.93712593858422488,0.54564386522890118,0.31970872140367829
4831,0.066759310371580075,0.63295442698706172,0.51535173898929243,0.29904904185867681
4832,0.68652135280099469,0.87431587399529531,0.54911431088786156,0.31666910395268583
4833,0.92897559741189473,0.35870126817025011,0.51125043154940242,0.28263671177728944
4834,0.67220777882324767,0.83317744661072513,0.54600008651501886,0.31417943520572678
4835,0.87116369419371487,0.5815801774077699,0.52975519702387841,0.29823768399919559
4836,0.69293137756161161,0.42932676944726844,0.51446034128281837,0.28758453515104404
4837,0.23162601818806725,0.41564530681838519,0.50324551288952002,0.28517609651149067
4838,0.041324118167755663,0.0085257089271792222,0.45640493894698175,0.25107990502737904
4839,0.15980972733563975,0.64379603418897613,0.51973828946002476,0.30054077623522579
4840,0.86599104240058222,0.10676358329638606,0.4854470916329332,0.26288699616751715
4841,0.16430805589283118,0.19632528074866859,0.48060121593608041,0.26796902881013462
4842,0.69692219124316479,0.50953346368166397,0.52141634884611188,0.29323237417304415
4843,0.11965966188033345,0.16474149378034053,0.47590201351056916,0.26505804088020607
4844,0.26876552531268683,0.9350128501983942,0.54431197636426276,0.31941089810395468
4845,0.96793328460961359,0.027475986556417774,0.47780686191475286,0.25623103217257165
4846,0.51791204834928506,0.78715023083625135,0.53995999131449146,0.31116976550880665
4847,0.33402613819040128,0.27743403278180634,0.49342471545795286,0.27535147853732511
4848,0.32769607150967933,0.71512569177945851,0.53029304070938965,0.3060979172130206
4849,0.86360830004775202,0.86425121640382574,0.55088288633459037,0.31609369116584024
4850,0.070437039844237742,0.56193475465782694,0.50987581994666908,0.29428172301273908
4851,0.56755435754290084,0.74967027830827282,0.53816112617014111,0.3089057155686466
4852,0.43107510722620646,0.77034533950114858,0.53690551799648389,0.30993405231086196
4853,0.60715225142446583,0.62775560838474198,0.52956657228175052,0.3011071462521771
4854,0.2490157959517208,0.79044293930655118,0.533623798744009,0.310517886995755
4855,0.28356892301690534,0.12227472582758638,0.47657416111205947,0.26266662492799403
4856,0.37355577587253647,0.36093705579297386,0.50218610823414145,0.28184107573740569
4857,0.27297498558765515,0.27214840394392376,0.49129841263535823,0.2746423326716948
4858,0.74249027138893731,0.29452188118350464,0.50285328085063374,0.27769652449009319
4859,0.87168392564052488,0.0024846057303831914,0.47385392019378508,0.25396395451692133
4860,0.49076420006646077,0.70974254915287016,0.53368676928374348,0.30623470370194567
4861,0.10311678876533406,0.10070813954951009,0.46870039636753358,0.25960992837499003
4862,0.9778830434366711,0.88766742610564697,0.55383600050694437,0.3174462635821545
4863,0.90040320340035263,0.83654626539674359,0.54938366065045607,0.31442216875271856
4864,0.26937539165051422,0.81886465054679436,0.53626857001121842,0.31238336444812803
4865,0.39409341693542665,0.73947590646567996,0.5337755029203316,0.30788302805857409
4866,0.85761593263357649,0.33935994252836099,0.50861065310848286,0.28117015332840983
4867,0.11945245289002779,0.94855682325022062,0.54023380300014634,0.31933342434067546
4868,0.088873242950241557,0.11593981805326185,0.46977455325630552,0.26075834582709034
4869,0.3003631041654502,0.071092550975119226,0.47154851235062656,0.25843912443673722
4870,0.18409415659195513,0.56161057113186685,0.51404878897631934,0.2951724529485395
4871,0.97987300176109415,0.13698400376021164,0.48996627409180959,0.26546479475854673
4872,0.5458287262327155,0.051087085797998588,0.47463031901850189,0.2576382140229978
4873,0.70571823282084656,0.14906835056740092,0.48779880313939045,0.26618322750345857
4874,0.0090282017241348524,0.48398370600981871,0.5008102933340387,0.28819784888287781
4875,0.13791610114845679,0.21865800038730959,0.4819153119484153,0.26955052202268881
4876,0.90675006717987128,0.97346695745125189,0.55883048216736975,0.32247621397466075
4877,0.14992017939562211,0.58642648154407506,0.51487140607160531,0.29662301503109673
4878,0.51171806900153172,0.02310765716697788,0.47086603365920504,0.25511649550249965
4879,0.4365048895201995,0.43309549080278958,0.5100712084195127,0.28733241221370026
4880,0.69160909151769012,0.81947601578781615,0.54532995495125158,0.31335674400920382
4881,0.87288383335889086,0.47888827485508523,0.52123757540240878,0.29122600043581459
4882,0.84874173966654343,0.36435230702242116,0.51080320877723773,0.28301158069613347
4883,0.094089343416539489,0.030075276523001959,0.46077225270437361,0.25347979505137691
4884,0.83224891318579908,0.87009203595515583,0.55089216399846275,0.31644642791195832
4885,0.76766803866467681,0.79663212996156663,0.5448127469585663,0.31198958828975892
4886,0.96467521988296645,0.62353077411776181,0.53420083533177765,0.30101994011857808
4887,0.64455061439349093,0.61957468952698402,0.52955406180101139,0.30061445499104028
4888,0.47112077367008898,0.93478269015309645,0.54933813775703433,0.32001334577925339
4889,0.63915239384382727,0.4658783619440976,0.51678287815826784,0.290111269422972
4890,0.31973418654963609,0.2968800651892205,0.49490496904798897,0.27678116690502025
4891,0.5957046090215794,0.94120380111766289,0.55218204731703524,0.32056309021684964
4892,0.5844159072707058,0.89343143924657498,0.54872707991624114,0.31772996578274321
4893,0.59368876183842079,0.45421052875438478,0.51500016580932073,0.28921317068982372
4894,0.69727243431509711,0.26080548961408206,0.49894084402667088,0.27505198548659232
4895,0.50632418068108387,0.90756802436894513,0.54821387872617588,0.31846557148674604
4896,0.75619508777208388,0.16816095164046857,0.49050579809731565,0.2678055331228606
4897,0.34270304910055127,0.47428355758198304,0.51140996006258987,0.28993409376173429
4898,0.2404032207692624,0.75956679911451652,0.53111311333229339,0.30853184116763804
4899,0.80107398234704741,0.92717133971039445,0.55440072253194217,0.3198218168475554
4900,0.59756725078733874,0.5204701104723034,0.52070161404304183,0.29385586244177542
4901,0.34792011081728857,0.79524076253044185,0.53671934028524615,0.31123666660705607
4902,0.85615883675954541,0.70755806494144491,0.53941071692374865,0.30644041327408894
4903,0.75560750566861834,0.55856093380429084,0.52634945166858094,0.29663685370020543
4904,0.068342186705081256,0.97966018121271625,0.54025677501004876,0.32074410281523885
4905,0.78730550440669755,0.22588979117010022,0.49678717304875802,0.27244192162862585
4906,0.52215811648654054,0.70169421162732182,0.53370838237311313,0.30578123132980367
4907,0.26290959191106961,0.38244593868915694,0.50122272985956773,0.28292281009485876
4908,0.51588936619417514,0.14124328799798389,0.48380188108598826,0.26514454121016723
4909,0.014990627945715098,0.44603446100124855,0.49786812570655009,0.28555757830855066
4910,0.11003553478583926,0.47949764479572188,0.50462848535942606,0.28889186042875781
4911,0.078990421762980989,0.50385694179279961,0.50546298738550521,0.29033279038199949
4912,0.58030228874488965,0.34648954982481667,0.50513832000191117,0.28135651300140052
4913,0.8061333143552416,0.78757070248125827,0.544684475676524,0.31143996744162078
4914,0.55496128534855094,0.65707181917227575,0.53091684688272078,0.30295096022315587
4915,0.89426358790969251,0.87671649715496458,0.55212480201054326,0.31683007984812178
4916,0.15674323834510287,0.71457871553670849,0.52502830543281975,0.3051465653952824
4917,0.92275175242017726,0.20660203401228647,0.49653259647512837,0.2710333444177333
4918,0.51725211212515132,0.010001111025537831,0.46947756140857266,0.25398251836609836
4919,0.74561567820707575,0.216990949557547,0.49532354798284672,0.27169307058319148
4920,0.60639887969257544,0.99451013026187429,0.55591467351574331,0.32366299158221629
4921,0.43218932322611803,0.55411728991809073,0.52021039093149068,0.29579653262682959
4922,0.31585184007129868,0.38203382096147398,0.50264162628323839,0.28315736951335252
4923,0.067749775703146595,0.19943171395984247,0.47743528022668241,0.26739155123703046
4924,0.78805124335010768,0.20373444074132716,0.49457492828322031,0.27069321028295912
4925,0.58866995887145168,0.77820760927953525,0.54063877413827699,0.31071977588882954
4926,0.12834105607360835,0.88933321049328673,0.53654612865359441,0.31585429284045441
4927,0.57339776592144043,0.175969604371849,0.4884485304840338,0.26811922360355761
4928,0.65608634396028942,0.23071380406286335,0.49534794323613374,0.27264259312770406
4929,0.50514251444138347,0.55566039795450628,0.52187727057469935,0.29609039554342975
4930,0.58522412291107473,0.82780760188963043,0.54414819921162716,0.31377246524403163
4931,0.77739741631121151,0.042770978550973816,0.47727592217364434,0.25736415564672005
4932,0.30962435831389162,0.88832912695897981,0.54227891112633764,0.31679224914059229
4933,0.70304104326091477,0.3898520521260449,0.51110278686834487,0.28474567282062241
4934,0.41783034620453835,0.48490155028180454,0.51411893379692775,0.29095655274425969
4935,0.19861134671961189,0.62015471362971009,0.51920149789698322,0.29922635515720986
4936,0.01231915975419106,0.25277989215074342,0.48031011985949362,0.27102773002153852
4937,0.7398839167966158,0.77720930131151111,0.54300578805302113,0.31078073073452434
4938,0.49233241750659656,0.37204834369228923,0.50581000052140379,0.2830475396200785
4939,0.45446829043031906,0.75465625160821947,0.53626998284537819,0.3090062145440256
4940,0.62886790307032647,0.96661338685100195,0.55445531813210391,0.32206987875873533
4941,0.46606167037800189,0.30277355332864681,0.4988618795742274,0.27778197973099256
4942,0.98821657809553443,0.66492727329382906,0.53769177421152414,0.30370565689516749
4943,0.97681048488918465,0.77633056092121411,0.5459289489836423,0.31072736549431684
4944,0.13717114011273954,0.70207484507571216,0.52338586490990868,0.30419520326689353
4945,0.1197293664535624,0.81462507160237296,0.53098595312691244,0.3112064503979467
4946,0.089963098702894068,0.75361833853014981,0.52541355028842818,0.30712232714392396
4947,0.54765084795333685,0.15046701473054708,0.48535435681342942,0.26598446147572696
4948,0.6763348475267762,0.074514092172367957,0.47937083796677959,0.25992501172171673
4949,0.53733570516834739,0.88295137094879761,0.54712868204408049,0.31704460119315026
4950,0.89764891101921684,0.36758183347239393,0.51169774538588664,0.28327550019278136
4951,0.91539416661959838,0.55766285393984283,0.52834215780993843,0.29664072982242873
4952,0.082833820352901238,0.55863479895797785,0.51011068528062509,0.29417161170357248
4953,0.96218142577762489,0.96768838815029012,0.55907871973545575,0.32211567077359177
4954,0.8155486031699809,0.44276992656687508,0.5173846024222355,0.28865427951020695
4955,0.65879688657220692,0.77191669306565314,0.54137293033027956,0.31040116869697687
4956,0.30770720929206585,0.052568097744218542,0.46971071963468924,0.25688674617525814
4957,0.40697037150651455,0.4433401377605391,0.51030047632721742,0.28797190368069009
4958,0.54132598181705693,0.2962030560933403,0.49972313697911075,0.27748120148890154
4959,0.10264424165148521,0.48505349839924605,0.50481580936758608,0.28922154210570977
4960,0.79199269470089351,0.50099146255372329,0.52207028349421292,0.29272143343449564
4961,0.94021966575899862,0.61511992488742107,0.53326032971310622,0.30046894702826205
4962,0.11117348418472102,0.044973352946818347,0.46301200718883567,0.25492426456015232
4963,0.15212789082819364,0.32976643093555469,0.49295694072391272,0.27827402126173817
4964,0.62050505870914785,0.57395825363086772,0.52549770409706598,0.2975379275142947
4965,0.5010138466306846,0.13482953896542313,0.48284454515825509,0.26457428552706447
4966,0.91472705835836243,0.27887205029990292,0.50357270093338247,0.27664621568130338
4967,0.11877713481764077,0.14448942971924555,0.47380745984754613,0.263390461550774
4968,0.050474136578629258,0.79852365022163141,0.52703000510838627,0.30959033158046767
4969,0.78307882854215571,0.61811808212212049,0.5315286425383885,0.30063101631220934
4970,0.94570211078318545,0.9467409705697909,0.55749783785247709,0.3209172675500605
4971,0.35748614803756357,0.399886547102558,0.50529975729748866,0.28464655076499401
4972,0.71637426057407871,0.17238218305896735,0.49037416131112299,0.26809250285722536
4973,0.12614985167706619,0.38062759190766376,0.49664512368704977,0.28187001758186364
4974,0.50288228426376591,0.25982250459146455,0.4954951623537755,0.27458388444893
4975,0.56980377653926839,0.69172541894557649,0.53385436205812375,0.30522121950447773
4976,0.66308531623185851,0.99330244800163203,0.55678333672569891,0.32362785936473887
4977,0.14555041482256495,0.77363593434331712,0.5289890448791903,0.30883349305402863
4978,0.81201705244706246,0.94566305024473696,0.55579364226884731,0.32089895684006015
4979,0.27749796484374678,0.31468839462465842,0.49544114075367274,0.27792996184090935
4980,0.39651298679268221,0.33103265095165701,0.49998027209611029,0.2796914517042498
4981,0.77653183718869701,0.22636312447154197,0.49668844294542558,0.27246742713697225
4982,0.071223063576954876,0.48052706113775495,0.50319671578865588,0.28861308815938819
4983,0.40386341365874978,0.92748141928502592,0.54734407393517737,0.31943176343895224
4984,0.96280649420145215,0.79456935883333213,0.54709891038856295,0.31185261776737283
4985,0.61238647768419474,0.82669037419775271,0.5445469953511376,0.31373423591924238
4986,0.51850239285969879,0.40692975828897909,0.50946017279028177,0.28566530567090204
4987,0.01426808347577462,0.63507748678518694,0.51322775479239857,0.29864144920852531
4988,0.75953592093115441,0.5977481239509187,0.52957703524819433,0.29926837247335147
4989,0.0088372716909856531,0.56393102764018121,0.50736149877667025,0.29376769367033811
4990,0.51682292463484925,0.21383358915668216,0.49123898905125385,0.27101128271459257
4991,0.24849624271740903,0.95156011063338952,0.54482200275105264,0.32029588713459256
4992,0.70432850995148766,0.25263096924539424,0.49824943002198929,0.27442846217934236
4993,0.3165293390022707,0.11722753266311485,0.47690114529044569,0.26241396832274744
4994,0.030027265065989926,0.13746116201278055,0.46968719225343403,0.26195544074957211
4995,0.19116191091436197,0.47046186908181992,0.50671188504351283,0.28886246108933633
4996,0.48504153544331208,0.92242880085887158,0.54879278712292212,0.31930994451488809
4997,0.39489471910934665,0.24178377145190025,0.49144531670549779,0.27282786793447122
4998,0.72326142135014526,0.083224414207309028,0.48101581576695462,0.26074008099101631
4999,0.5905461792430724,0.077481244177010383,0.47832100210941098,0.26000408231445665
5000,0.16192913588198135,0.10912842272127746,0.47160123742584836,0.26079609820952016
5001,0.925560729830328,0.085006159867637335,0.48377621134355303,0.26111538424515462
5002,0.34866395473041339,0.63435095321148405,0.52464175991605733,0.30091234978566156
5003,0.47950860217056474,0.8298948917818606,0.54224824443845043,0.31373289424081185
5004,0.091405996414565024,0.27688929654486716,0.4858306551872501,0.27372085009327124
5005,0.012859394233988132,0.28205050982179819,0.48309879688052593,0.27330990786978276
5006,0.04799185001157457,0.6870798358617467,0.51871182067437327,0.30243615226315745
5007,0.43760102715065008,0.76005075141066913,0.53629657474364179,0.30930439034388885
5008,0.3119102548710187,0.77684291449623422,0.53443574432113661,0.30995114289315961
5009,0.31202072703844169,0.13338941125056009,0.47848227945075666,0.26373483850072393
5010,0.73243970218218168,0.35589267869266916,0.50845159650758598,0.28228739572050865
5011,0.32234550588621064,0.22305510243732715,0.48784739355476947,0.27104458843527945
5012,0.035533549807325475,0.84121707047064564,0.52940561094228822,0.3120936678040217
5013,0.16315301378805888,0.94777334969214866,0.54178187567478775,0.3195946781972327
5014,0.14330289577621735,0.96126736574863325,0.54197290406388421,0.32025821867359516
5015,0.40177533589693487,0.84873600426391926,0.54185559815745199,0.31469868718217342
5016,0.57494274679395607,0.35817467018562604,0.50611617178698043,0.28221381551674246
5017,0.97576533003748633,0.91268776402069496,0.55552838866017662,0.31891916106104701
5018,0.27827363005782246,0.99014105686031995,0.54826411085217952,0.3226871612034975
5019,0.85040437051522322,0.42991022900285897,0.51670675594324889,0.28775946079533904
5020,0.52265097126554472,0.79194435572592781,0.54040072436991016,0.31147550806445312
5021,0.8066678916565958,0.46975307163918623,0.5196053656896481,0.29055314989033926
5022,0.82957524824602302,0.96189106996530904,0.55710878870755443,0.32183589405359703
5023,0.5075651496333653,0.9434465306856088,0.55067348218343537,0.32058570702912642
5024,0.56594700170456202,0.203492071124597,0.49111077276551124,0.27031031770824676
5025,0.91626185726871479,0.6498036026314018,0.53571021911593464,0.30273549856925203
5026,0.20458367222166854,0.95801960911605277,0.54387274223879811,0.32044985706669882
5027,0.64332269676128639,0.80138145423046081,0.54325805242867731,0.31221195480347985
5028,0.59545338011150017,0.14930930126892636,0.48607518535624861,0.26600086633137981
5029,0.068207975098455789,0.94621769387164389,0.53802623494673052,0.31876799543947199
5030,0.13002230092027459,0.5961142336980324,0.51492499715610707,0.2971268940680406
5031,0.40968006651509786,0.61311212463517439,0.52444882534729809,0.29970971226437998
5032,0.15549291515386429,0.70703865818415079,0.5244181941567474,0.30465074496865646
5033,0.25819574996036243,0.97422437900089431,0.54662423627438872,0.32167177830281879
5034,0.60651671922215034,0.99192794165929077,0.55574702114713026,0.32351473401106073
5035,0.260177894187544,0.89104963104930945,0.54105970390645841,0.31674515508359213
5036,0.1712974909287994,0.66030753980794687,0.52141271573576964,0.30171124930348231
5037,0.30902157923897028,0.41274891532637414,0.50519391304622963,0.28537344693022193
5038,0.71477548136928815,0.89194218229748079,0.55076714234378021,0.31773244903465681
5039,0.5802170663066093,0.69164548312240515,0.53403765699434824,0.30523161185260728
5040,0.53089423373563915,0.94047432422995336,0.55093338467585173,0.32044578490270526
5041,0.60377920567860133,0.92150353193754575,0.5509910816848651,0.3194131331887109
5042,0.89519741183171286,0.68894359293248275,0.53847746823998499,0.30525636265341866
5043,0.21481153544021073,0.30001110559472582,0.49223386752884124,0.27644764796489862
5044,0.48345244193918774,0.53655859359010361,0.51986614448517743,0.29473241199982542
5045,0.22303182063229615,0.44107519863607597,0.50520071071395256,0.28696350676133447
5046,0.55009753309880616,0.28507677373987395,0.49882566373092696,0.27665073259797895
5047,0.032153826929058417,0.52524985928175738,0.50526770691186951,0.29135639825226733
5048,0.70629427825327729,0.48210030430034972,0.519236150100025,0.2913343957050617
5049,0.44594446689881151,0.058186895278340672,0.47349489004569023,0.25794833192437955
5050,0.42216612027928935,0.90782899196014044,0.54642913330933118,0.31831095540812421
5051,0.90188934719095704,0.32383148797886679,0.50769855207265535,0.28003783957445455
5052,0.22580750462532742,0.66447873468400209,0.52351710081908454,0.30232483208396926
5053,0.46225347014999718,0.17302267964779167,0.48603012943406682,0.26758005999834061
5054,0.55642246173083554,0.14676102059761761,0.48512662804857809,0.26570254406769162
5055,0.26463804197564023,0.91091542383286872,0.54255441285427419,0.31795783328935551
5056,0.83491020202272348,0.066445829153142399,0.48065905553396027,0.25946167951050336
5057,0.6794197761052404,0.5020144087044639,0.5205114863093433,0.29269208248595724
5058,0.10427054341874319,0.21968981122189435,0.48081382709855686,0.26934955249986242
5059,0.51159819335545187,0.95330189651468544,0.55141574392904236,0.32116893325941864
5060,0.44902674164247003,0.04961520635840716,0.47261007238902453,0.2572211004611113
5061,0.072236924510530667,0.61055293787365084,0.51382425922213082,0.29760093938229915
5062,0.30372818152908004,0.36889958345385965,0.50113582994741102,0.2821297921169042
5063,0.32977772531119409,0.22176334377758902,0.48790880591273911,0.27097678679736253
5064,0.17846078233382434,0.71088763886044037,0.52550338192546131,0.30505629300223869
5065,0.36538910576865308,0.60333657894363868,0.52261292768953416,0.29890790737809203
5066,0.505895294953289,0.036946879083092792,0.47231638581210467,0.25630509626952303
5067,0.62786794910557797,0.34015114080015341,0.5053711532483014,0.28097186064403906
5068,0.95066717847782423,0.84712064387641151,0.55071077378812938,0.31504317606689591
5069,0.39638902041920232,0.71806276732921837,0.53223133050935723,0.30652514668768749
5070,0.18955563788536239,0.79478555095674241,0.53204993343433293,0.31045649335568365
5071,0.20702602800530151,0.34607810684373835,0.49625566239905011,0.27988764697437585
5072,0.034623790581885257,0.99267078559059885,0.53964814566674657,0.32118370374479377
5073,0.93114318516916827,0.058205687319824936,0.48087515856661112,0.25884805963557295
5074,0.56867363782116442,0.36290126140898793,0.50643539280140182,0.28255089643564096
5075,0.71805150232900639,0.32105001469549027,0.50500650831729688,0.27967299859459049
5076,0.87860241656234728,0.61269780111875149,0.53234005855020539,0.30030479111966923
5077,0.76310963619811223,0.20416300708201016,0.49427864861713305,0.27069881660806672
5078,0.489434423113626,0.062238794133404739,0.47481248736914344,0.25843675080513212
5079,0.96181752544053611,0.085433203883061651,0.48422220191398119,0.2611769563747432
5080,0.025120714198041242,0.23377334774344927,0.47904262097536654,0.26967896349561959
5081,0.71190787340648243,0.13027850103272359,0.4859130043555962,0.26465035740459719
5082,0.37215726943583,0.74068055799297294,0.53333425029738213,0.30788990942362665
5083,0.62504558137505084,0.6663055033295765,0.53287933565645196,0.30365328075961556
5084,0.7851912071090541,0.38376159941112858,0.5117344605609917,0.28438569935863928
5085,0.81707307318419919,0.80794556657805816,0.54630021479626145,0.31269189047730994
5086,0.82617327234992999,0.1370262008298305,0.48818317602177452,0.26534980089880827
5087,0.76447992420675004,0.63766505112886662,0.5328095098412291,0.3019055467507184
5088,0.8914113441530499,0.26416905357503562,0.50187399668682975,0.27550525150172267
5089,0.66375266261211374,0.44561343576362122,0.51542821561767205,0.2887098714777957
5090,0.73336045029748931,0.12695246271839133,0.48586948581915024,0.2644074935457989
5091,0.19282976420667255,0.65635067992917029,0.52183220816766607,0.30159215179219434
5092,0.85957960006863576,0.32652415608566954,0.50743821077160745,0.28021456520641658
5093,0.98374247310067298,0.013663543348608073,0.47638877855623235,0.25503943846083088
5094,0.58569560120358366,0.27207605699939885,0.49821689148556941,0.27572902191180365
5095,0.32438028837785826,0.74181415074890245,0.53219669481694931,0.30778941971248969
5096,0.13695036338610808,0.51392743197757518,0.50850360393338789,0.2915344710571911
5097,0.55548632631319339,0.2584238049847889,0.49635487521923222,0.27460689422872897
5098,0.38917830680076737,0.11331337389609544,0.47822945383832322,0.26240733654802639
5099,0.45706765282842099,0.043251919180888221,0.47206632835707596,0.25669846574701605
5100,0.41349257987233579,0.26317693900944433,0.49394607612982522,0.27456571169380867
5101,0.31383271024472781,0.14077902749247151,0.47929822230450508,0.26435416302247705
5102,0.13935873743629781,0.55138338151358768,0.51166810017552944,0.29414972261667766
5103,0.7401379988564295,0.71035494973269531,0.53805054334367652,0.3065828239867413
5104,0.60303432224179854,0.33890583826244114,0.50483517696403046,0.28083467015432972
5105,0.8673909251697246,0.32000820013488412,0.50692358868756182,0.2797316963402619
5106,0.65567086785516004,0.27413710059522417,0.49958621385487578,0.27601678409220082
5107,0.76952746598568056,0.12087153261267813,0.48572488639111888,0.26395339072651702
5108,0.24136935364514356,0.067561031279724557,0.46957230959118107,0.25780969941781978
5109,0.43895964767708212,0.45346677551331233,0.51189651755284504,0.28879755743267904
5110,0.63743032328336269,0.85985109002037208,0.54731280663171511,0.31576798980544957
5111,0.010237313223129605,0.54101196502567039,0.50557292328040215,0.29220493141897413
5112,0.93142322161690094,0.39305973031002794,0.51440197864041759,0.28514537260894479
5113,0.55318400172145343,0.32044705803255785,0.50222858915107249,0.27934729098788563
5114,0.77076622784518412,0.78572755649109605,0.54406660818480079,0.31131867529434182
5115,0.033875388899899557,0.20535559435231845,0.47664783778956288,0.26751659572161568
5116,0.67118114325512435,0.24349737215215575,0.49684738097717179,0.27366802880132007
5117,0.081505645308329266,0.22560060971152274,0.48053437875483751,0.26961093048007273
5118,0.57520309549040394,0.44613027910277014,0.51396973030323878,0.28860493929749087
5119,0.90604106931817951,0.20645388895143987,0.49632474015450434,0.27101095236097383
5120,0.49182229877720823,0.061143874478724325,0.47473810556700352,0.25835018119488223
5121,0.696045571369317,0.39695044064853574,0.51163383939531959,0.28525348987899329
5122,0.028800299932912461,0.42017281134334628,0.49625136038183409,0.28384189438022961
5123,0.61281047507157782,0.79807001432027902,0.54250329779019224,0.31197829248094916
5124,0.54012974189560625,0.95425586270076457,0.55203676630129839,0.32126468457388524
5125,0.81757636145349821,0.19895643083601028,0.49448012410501591,0.27034397720031261
5126,0.61321000845833917,0.99909178383763653,0.55633315395455141,0.32393091577616551
5127,0.35716415824134601,0.84560561724571748,0.54054726916924267,0.3143726864212959
5128,0.8517491486750427,0.20059169944688912,0.49507874544233804,0.2705051703490356
5129,0.11592893224348082,0.24201323420513657,0.48340934068073416,0.27121589765178283
5130,0.75256433444217552,0.92325885539863961,0.5534630615777536,0.31959059893567832
5131,0.057607354513264729,0.16881606544213137,0.47398488321067073,0.26481631155847868
5132,0.11315128578358563,0.40315085917677496,0.49816347887820184,0.28341836201646647
5133,0.64060901885241039,0.1173488450449775,0.48345023690964373,0.26345751236600801
5134,0.69061314811623886,0.63863795946069302,0.53179222948369931,0.30191675956747199
5135,0.27046660117373106,0.02397794722103281,0.46556781220580767,0.25420628194159145
5136,0.85637493682327914,0.59029608526154198,0.53027337302371702,0.29881529423622777
5137,0.41683184349584629,0.54537910783271071,0.51914794323437197,0.29515219830471512
5138,0.75373519206711792,0.99851194226847739,0.55849754079578318,0.32394604097124963
5139,0.92603780359610688,0.077125083721533885,0.48291586053416902,0.26045107093947328
5140,0.68605296348171552,0.51466381487037294,0.52167876820789771,0.29357499763526712
5141,0.99809380808033754,0.37003968105680546,0.51305107651225934,0.28348782948673124
5142,0.024322982655128,0.18770118028776489,0.4745048448771802,0.26599342246137986
5143,0.82130657787270611,0.82846604887050346,0.54782169254210422,0.31394175257722506
5144,0.56035339742709189,0.75806772002134237,0.53864758069031016,0.30942283113715385
5145,0.98251913835768356,0.14973753369011683,0.49133815068346132,0.26650669069011707
5146,0.37838240843858806,0.041487674752331803,0.470181612751432,0.256251825876461
5147,0.61503326968253824,0.029034586595476142,0.47333814210525404,0.25589382587472759
5148,0.25580316205815185,0.65135376942594303,0.52341569404215149,0.30162375324499241
5149,0.079787219236104295,0.13002779524320504,0.47089443810793929,0.26184606122146686
5150,0.89204455686962469,0.90651340017068438,0.55415044426371829,0.3185927514373616
5151,0.77978329644749178,0.73910161337027103,0.54076652329167196,0.30841738551691289
5152,0.30331322957809315,0.86866802145700206,0.54074211955531293,0.31557945301789164
5153,0.61908725917016849,0.61181539216170788,0.52851137386734548,0.30006851663740663
5154,0.98066940569396832,0.42587456198685103,0.5178754593722158,0.28751502916129201
5155,0.18650686806013109,0.24009534248987913,0.48562674180458343,0.271609185380491
5156,0.10796961999650811,0.86500793630346884,0.53408474261073124,0.31421765741318419
5157,0.062601837926439474,0.45884212059945573,0.50100802549738688,0.28698456754656881
5158,0.021628461661131589,0.46211634492872983,0.49953457331396711,0.28678628015777902
5159,0.87337823251328672,0.6552517236157902,0.53561850504243369,0.30308632059051149
5160,0.77463869683319941,0.43707601334237262,0.51633356496631322,0.28821973114511462
5161,0.92354571181681244,0.0011241724579944276,0.47428970752544281,0.25389303612233827
5162,0.75941276792372814,0.7089479896867299,0.53822161165295057,0.30650285208068895
5163,0.85429114679415952,0.4625586065404001,0.51960228619324145,0.2900739946216857
5164,0.81462151779053971,0.25922748084274355,0.50043500227978122,0.27506545370168717
5165,0.072068313695967667,0.083340013326785992,0.46571689034842872,0.25785570623990273
5166,0.53601198516349546,0.34877626589069843,0.50453702300931103,0.28143121464388199
5167,0.21407891846072163,0.9818519046041998,0.54576382850712812,0.32189961433181735
5168,0.83120160413469424,0.58416281354239918,0.52945764241655835,0.29839811934162236
5169,0.99152831681809628,0.30874469321932413,0.50728236387307712,0.27894198767666423
5170,0.79384966289290471,0.15440095944638599,0.48958764795449139,0.26673459901468044
5171,0.21112484402494738,0.42371499372742838,0.50331968119872894,0.28563666658077713
5172,0.6012795426778379,0.17891191680497723,0.48923194289203281,0.26841750619499477
5173,0.51365421203124573,0.78279097466472314,0.53955898333144592,0.31089115171228288
5174,0.31741920775830512,0.88034051495300381,0.54193776299356666,0.31634060402484265
5175,0.88650928828330955,0.76447315786824332,0.54402352560288603,0.31001359674890927
5176,0.72202533181930206,0.74810918751676803,0.54060482425411538,0.30895760012744639
5177,0.61516765496047454,0.84994213270853514,0.54624010610036422,0.31515001648866631
5178,0.9089154452566407,0.43315471192369009,0.5177057219722182,0.28801604790789931
5179,0.35054234207012924,0.64964109161606765,0.52588206591456832,0.30192891334999489
5180,0.10871700195831946,0.22429532703185687,0.48142690333522326,0.26975422591490206
5181,0.5602610927506001,0.8523210806282121,0.54542525529222807,0.31523156638586269
5182,0.86109552517990828,0.10894725725223543,0.48562310310322698,0.26306421730042595
5183,0.35584300025926202,0.92850892916460293,0.54624256639362401,0.31935444393502876
5184,0.95084928307376115,0.66715589047089452,0.53745254031659395,0.30385525113262513
5185,0.67321979962865586,0.11397173689763294,0.48359956148158095,0.26323638480740957
5186,0.15581571308510611,0.84552480059195079,0.53449967799589149,0.31338056557113797
5187,0.64622898026184417,0.3343107364786207,0.50513134865649101,0.28056579300363166
5188,0.98423102872277379,0.9662852040403872,0.55922542290904753,0.3220217206939463
5189,0.038778615896508564,0.65084869870311812,0.5155450671456191,0.29995755523252504
5190,0.67900737650179077,0.33918285369257212,0.50610505844461484,0.28097903294179927
5191,0.81164923136519507,0.10996685592242283,0.48511432298041207,0.2630984509253641
5192,0.40955324997572462,0.63048620736881866,0.52581637302720508,0.30086397867915121
5193,0.41668905147240731,0.50597299441249344,0.51587213776337559,0.29242798890283372
5194,0.64758103755478524,0.54179846499218842,0.52332002377480835,0.29539192065485087
5195,0.086189346880896481,0.065622146984457508,0.46435176398912398,0.25647877296221988
5196,0.078517410682362968,0.41570884416318732,0.49793248681642477,0.28402464531227883
5197,0.20392185834384291,0.28772754405835876,0.49073949361927444,0.27543438562079181
5198,0.39539194370830666,0.66837740207567109,0.52843085645660348,0.30331102863490017
5199,0.083503213539451837,0.26194820214033826,0.48411074319011937,0.27248686962120544
5200,0.17220315381783297,0.60528821576946656,0.51714711404152125,0.29805593993355617
5201,0.63172385555744404,0.5402388003652101,0.52292837813754267,0.29526436861765426
5202,0.85882533208426326,0.049059680662478788,0.47901368851898168,0.2580005019806646
5203,0.23355672276803527,0.27524654159519124,0.49045952460368786,0.27465760935092842
5204,0.42062545246368976,0.77011606721103887,0.5366519793154727,0.30989208820498704
5205,0.99814642084419036,0.078398890912148633,0.48383330863786017,0.26060667538990895
5206,0.21527689138524003,0.71940751212913312,0.52735293651803949,0.30583233975473106
5207,0.28200119887989716,0.48955707171455726,0.51108336729754822,0.29073694509428422
5208,0.95035454353637761,0.12233034430240515,0.48808925201799941,0.26424304284673994
5209,0.43476379956392341,0.27317689292222497,0.49537804375902067,0.27541329862306441
5210,0.45531636458110303,0.69121102017353986,0.53153538920185672,0.30496149848185605
5211,0.40193697432876802,0.11320804075283232,0.4785049016112437,0.26244837800871024
5212,0.66224556066194784,0.085135477778560023,0.48031746049686447,0.26079920545498403
5213,0.60741933224237299,0.13895775050582598,0.4851939940737956,0.26517722724561199
5214,0.89062819905584911,0.0097122331523220064,0.47491142401150782,0.25461776352563431
5215,0.31628750973950376,0.0028751181630068462,0.46436336542327544,0.25258898776912897
5216,0.64774767896864804,0.11986266481574859,0.48383157677760408,0.26367983265616268
5217,0.42358822777200261,0.20255101848071208,0.48820177446088014,0.26982650659380136
5218,0.015566870397899767,0.85614220379387274,0.52954266892764024,0.31279880565927498
5219,0.71102235909205636,0.85055408601608362,0.54782943149978547,0.31525318641740396
5220,0.15251510692277226,0.71823899630013621,0.52515242454808087,0.30535243882124108
5221,0.34744208315248837,0.57336429615282691,0.51975827987725209,0.29681876996771556
5222,0.026235204703256024,0.38271409729920564,0.49285467649953724,0.28106706126972059
5223,0.35840718217018291,0.35651192386752228,0.50141475282658199,0.28145169580210394
5224,0.41565438595603921,0.98016197328522114,0.55114650239561125,0.32254893109428262
5225,0.77066950429355496,0.11372362449826906,0.48497626099941105,0.26336193050960471
5226,0.79040307009710231,0.064818195146287325,0.47990976366130256,0.2592712232576605
5227,0.29550356100356445,0.14162915313594276,0.47891086650104464,0.26433234185612847
5228,0.48686708703882758,0.4207466384335305,0.51005304099362747,0.28658637970352263
5229,0.54206927322574194,0.73293370806801827,0.53644119131195889,0.30780909697700309
5230,0.84490926791074461,0.97904077882129936,0.55844311683196468,0.32281894973455932
5231,0.65838678699348818,0.39996679101296473,0.51131371913942469,0.28542230364917631
5232,0.27147059495773868,0.5458785490926239,0.51546917541206094,0.29460223543638253
5233,0.063435573229391598,0.039860750750440641,0.46071006626381855,0.25404210266251559
5234,0.24417523627016927,0.45042428728063827,0.50664959012814781,0.28775811706600807
5235,0.73046666363546398,0.39441825158541327,0.51192139299921069,0.28510918720039113
5236,0.073985208068729852,0.74216327374203839,0.52392260307790706,0.30624794571614178
5237,0.36113270048942653,0.19977737354746788,0.48649267624008158,0.26936341722953083
5238,0.52197033144891036,0.468513708374172,0.51490730743421487,0.29008308527006238
5239,0.4375055810744059,0.95998677288455658,0.55030077844553071,0.32142350674006837
5240,0.089365968183579392,0.48513757986956046,0.50430833285990095,0.28910927240265649
5241,0.42055843907709933,0.71096462136170602,0.53225929910053471,0.30614108948219543
5242,0.8804144508988947,0.0066739393023657612,0.47444166551845984,0.25434118468872019
5243,0.94096868422775304,0.67241345737482183,0.53774593209706134,0.30419457756974322
5244,0.0055253736776183365,0.8775973798838328,0.53056082408074834,0.31399867543383669
5245,0.3056196749938303,0.13770300329985333,0.47876701882199069,0.26405971208786622
5246,0.16229790655396645,0.64859971145942119,0.52019757127694277,0.300876404181323
5247,0.9563229445261765,0.64135450734993216,0.53550910032334131,0.30218454320512084
5248,0.90509606798846509,0.016752205040294212,0.47588804889514491,0.25524721836300657
5249,0.89809431501218351,0.082180275152123075,0.48315293281087168,0.26085527358921901
5250,0.75976985997735758,0.98491508220472612,0.55768972903674896,0.32316795012446847
5251,0.98806039134036994,0.50228785077939975,0.52455352240623476,0.29287184551123141
5252,0.092645525245729374,0.64452227882508895,0.51729737896632133,0.3000567662355752
5253,0.54114646702975733,0.72965428432762858,0.53617886358258005,0.30759955911312747
5254,0.9239075342135854,0.26789385093474999,0.50261610837051718,0.27581039136343904
5255,0.88057086945375196,0.45876647907452428,0.51959986567328686,0.28981848808985838
5256,0.11195445621953114,0.92798425702726239,0.5385609233882358,0.31805187510649413
5257,0.81412563526612947,0.31173364027083156,0.50546755493142359,0.27907071643893755
5258,0.74229477544721456,0.81394645127864795,0.54569528968583114,0.31304280840975751
5259,0.63205114386716155,0.25762713232483947,0.49760341894842353,0.27470116015821583
5260,0.56626251826103546,0.00056806831782450903,0.46926995671084387,0.25328169979336174
5261,0.60237918087245201,0.76617407370648583,0.54000147907080909,0.3099862753456577
5262,0.052294795374141542,0.7178405740445829,0.5212077112592346,0.30447708036766025
5263,0.087910430010093854,0.28303631033551652,0.4862768017326542,0.27416394113589843
5264,0.71324887080398625,0.70567113033396889,0.5372981855371195,0.30626831987850595
5265,0.46169413109772139,0.096753084140887957,0.47801797346239733,0.26128013729851901
5266,0.843209326214029,0.89978589496071226,0.55308528199047424,0.31820794228408256
5267,0.35685855762840946,0.89152891473214846,0.54374065941072647,0.31715215541160302
5268,0.2810917259764974,0.67170199606335967,0.52571905967950139,0.30308419851928209
5269,0.97731088220610984,0.54848829052486692,0.52828919142167685,0.29602518579880865
5270,0.78161181195847462,0.99146555392594315,0.55842544351059442,0.32354238483176473
5271,0.7647580917517306,0.86513388519872692,0.54963522953823452,0.31614645166912347
5272,0.7683966825617129,0.9130271271876409,0.55299100040205429,0.31899117899065976
5273,0.4567359362247051,0.073209037707804236,0.47536520266591087,0.25926988110997401
5274,0.12571073665666627,0.68025401622602955,0.52131013796377579,0.30268608901547728
5275,0.17454820495891618,0.93127416849135192,0.54106763809533376,0.318688133232917
5276,0.94418601537683289,0.65925962253707693,0.5367666643924156,0.30334659515811746
5277,0.44270393796226715,0.87033449325865375,0.54430172667063526,0.31611137557713836
5278,0.1577000086842687,0.45125884160086283,0.50394540236320773,0.28725734954289156
5279,0.46613286689260275,0.24368752793971216,0.49318259441409629,0.27321991451880562
5280,0.16768875032163924,0.38831709127220093,0.49878334397143353,0.2827573921741186
5281,0.54631765138827038,0.1758900292347069,0.48795433666877686,0.26804847125740588
5282,0.51163770426484989,0.56623352197523935,0.52286906031820213,0.29682340898030446
5283,0.14899238156665814,0.85324185058124136,0.53479725233326825,0.31380658395684852
5284,0.86017189388152915,0.79354316332385644,0.54581646210340617,0.31180993840635413
5285,0.89961507353050407,0.34137794930870879,0.50930862915085151,0.28134386427990443
5286,0.5950492981763208,0.19236036154084141,0.49049553669342705,0.26948507865170207
5287,0.47054149905735398,0.6999989755442716,0.532528607135759,0.30556441298422071
5288,0.042533986402081794,0.85522572350677806,0.53069697474617195,0.31302742330172895
5289,0.00201200687676901,0.16188131044750337,0.47096556216711211,0.26364175107787635
5290,0.035146787290566132,0.91003134301715771,0.53414836859730142,0.31628425336831573
5291,0.37790103176260603,0.011795964239269961,0.46683407258448362,0.2536558850826145
5292,0.50183624952082762,0.6122204749911675,0.52636756062974344,0.29989151605743825
5293,0.6840234089091537,0.94450990750120256,0.55387315502284085,0.32081486044176905
5294,0.8212324162662844,0.92259360346867481,0.5543577561947246,0.31955209369300286
5295,0.83200960035655891,0.34481610457062489,0.50879241737400804,0.28155786310522513
5296,0.35854953173123072,0.94092660860341282,0.5471499727904181,0.3200969836163578
5297,0.091052695648570076,0.8413231000694098,0.53175938524083399,0.31262411701182563
5298,0.81630177430493056,0.34734582676574355,0.50882247237012312,0.2817336569990232
5299,0.22138008447947216,0.41780241052979838,0.50312137736717677,0.28527124413631899
5300,0.57479212864945872,0.40934829762197333,0.51072864057402712,0.28596200004106426
5301,0.74196488288737605,0.043363566259376242,0.47686150616280737,0.2573654249037034
5302,0.47019095903864366,0.53545060157269475,0.51949827484720823,0.29462264598206284
5303,0.68836013026622822,0.99798264904058309,0.55748998499327296,0.32390548351863807
5304,0.53896619474246399,0.90396697001158033,0.54860787057132421,0.31830096112398143
5305,0.35219427292750916,0.084511208182282291,0.47428674769173762,0.25982796358833038
5306,0.29745086365022,0.50793121945863828,0.5130567112915736,0.29209965917977238
5307,0.9644783623197698,0.40463029514366061,0.51581132248032635,0.28599001566586874
5308,0.16175043597329641,0.87936804552165571,0.53707111012915787,0.31548641012364065
5309,0.61099330504575045,0.52237992555050872,0.52109429692284837,0.29400866204610537
5310,0.65035585155960873,0.16333629696249263,0.48843518972113725,0.26725292403391998
5311,0.63167702505589696,0.92750307990481373,0.5518763774437373,0.31978915501812821
5312,0.60539138422732941,0.54195762110844958,0.52262100047784366,0.29534361484891347
5313,0.28906658597443025,0.045305681232165079,0.4684305705174806,0.25616336434664411
5314,0.90826288094011831,0.36899964825619247,0.51195276976632742,0.28338418203748761
5315,0.47248002511447995,0.32433822109141625,0.50101827114481079,0.2794348621504063
5316,0.67978253321157545,0.73135579449926746,0.53871197193070808,0.30787449498500041
5317,0.74993525759653423,0.66750323848802362,0.5349227780477549,0.30383914897304165
5318,0.92337304219970251,0.66526452138017633,0.53699244048523453,0.30373557415074487
5319,0.54177974402395779,0.10832005130025792,0.48080004358586964,0.26248358906085101
5320,0.2322399746441399,0.076343987424497037,0.47026235920232318,0.25850407042230994
5321,0.68660045828142902,0.16230915661846521,0.48889092266380241,0.26723148536888491
5322,0.46853237031208123,0.55076984963655706,0.52072442264474239,0.29566823786099328
5323,0.23772002839673079,0.86041042114867605,0.53825419755787007,0.31477905457284089
5324,0.33706459937071198,0.43516851181666139,0.50789318719420096,0.28711978701887531
5325,0.41270828752346572,0.91561731763958243,0.54674369577029935,0.3187508740289588
5326,0.27727155766097128,0.41647901037511187,0.50465214795637781,0.28548882629125638
5327,0.44359748866796728,0.42745466163709062,0.50973206661748582,0.28694816939994477
5328,0.8662322334297351,0.89749486200864204,0.55321745774058606,0.31806828363845435
5329,0.96411537150332016,0.0045743912405218001,0.47513117536655153,0.2542290777002289
5330,0.2087402290440048,0.41829371860394021,0.50277010256585353,0.28522822634996975
5331,0.35144191579971229,0.074742998549074402,0.47321085455635387,0.25899427822958526
5332,0.44837351630806227,0.65205829315906161,0.52837373972435597,0.30239570446499098
5333,0.26157628196649019,0.75863069427431329,0.53167987837470854,0.30857980946791369
5334,0.051592885957553521,0.87274228952544508,0.53231063426933678,0.31418911195811361
5335,0.45009040400715311,0.72865844832543514,0.53424557337583845,0.30734927858060002
5336,0.44109116103105483,0.48577643154339167,0.51471168866534844,0.29108962488642837
5337,0.59200167548964977,0.11362792974942132,0.48225163334367038,0.26304722165355054
5338,0.83272347997227913,0.87596920676204604,0.55130688022637409,0.31679687875799628
5339,0.48768785171896456,0.66671594879805351,0.5303420700390542,0.30344878579030354
5340,0.93246231312121963,0.37668225969871277,0.51293300828038635,0.28395529649267887
5341,0.036354897954396441,0.42122487646696394,0.49666991346873285,0.28400062188163638
5342,0.094528218557185031,0.59604220566157018,0.5135709369300322,0.29682595341929224
5343,0.91059455852907856,0.19450533224305838,0.49516625049099111,0.27006570104379274
5344,0.73354169895538368,0.62910156317300858,0.53169144451985129,0.30132468562403431
5345,0.88874644792148616,0.80520573779012783,0.54700869437506983,0.31252139564834569
5346,0.14389819088032235,0.15628819615946848,0.4758840803504118,0.26456486841420296
5347,0.3629202763184789,0.32794356546102793,0.49889685752954127,0.27932929055327071
5348,0.253914523736469,0.79969499167738256,0.53443838180274261,0.31111970230139369
5349,0.86488564271685897,0.44742259326177886,0.51842166614501428,0.28901108874388426
5350,0.68478583497275836,0.87261245203780713,0.54896872589546963,0.31656621775618587
5351,0.86187231154505861,0.72010355486905908,0.54042723297490503,0.30723554706744888
5352,0.54570669541993422,0.97082850645523289,0.55324808604676934,0.32223609428508981
5353,0.90589393648075645,0.39061002153999869,0.51388453503945519,0.28495836843565187
5354,0.39891439425238645,0.60417345072285977,0.52348799253421296,0.29907850169266514
5355,0.22681289214763092,0.39766788843387041,0.50151175582819796,0.28383518558475823
5356,0.0045098585560102954,0.69023114243001915,0.51699321748302529,0.30216837189480872
5357,0.3729346543569933,0.008268920468597207,0.46632071794566876,0.25332418252530475
5358,0.34455666590729961,0.18147506890647347,0.48424486933649219,0.26781933834195432
5359,0.22862412264164306,0.26884077168334047,0.48970085740925401,0.27413108456348906
5360,0.75490882492457756,0.20085097322702641,0.49383001465545101,0.27042562588989261
5361,0.073410699956247119,0.84985329841278723,0.53163955385917006,0.3129932735397542
5362,0.90728302771946179,0.0064311906283837745,0.47472273629390743,0.25434534706871076
5363,0.22744008345805342,0.60323981601392163,0.51878162822438156,0.2982654957637661
5364,0.28665511758358919,0.6951226042181603,0.52766328304513199,0.3046338461991005
5365,0.65243618921089219,0.44000403808088739,0.51475658667668711,0.28829479478468151
5366,0.52084080122349552,0.23818810939734106,0.49372957255336347,0.27294320101308533
5367,0.7445366459612851,0.79240217208670216,0.54417703687404551,0.31172154822277809
5368,0.61421785084708835,0.7382756173703704,0.53814687142558848,0.30824805125462379
5369,0.16869693487779006,0.75812607704858526,0.52867448736056466,0.30801372053386145
5370,0.60885513786062362,0.19647497816992693,0.49114695664012492,0.26984276882281555
5371,0.78769678827518375,0.92861434743826987,0.55431717691552618,0.31990664579985495
5372,0.67150179497121132,0.31141825856658401,0.50339174077679205,0.27888373496917901
5373,0.14509472155795666,0.75192946296244623,0.52738470465693921,0.30745522136951403
5374,0.65585705147759299,0.082231105606083293,0.47990147076616724,0.26054182180506458
5375,0.05708400297741173,0.13084413185379234,0.47010234267182116,0.26169192550663123
5376,0.2832780508659431,0.079113333939400038,0.47197076685787326,0.25903333860869809
5377,0.29274054456470766,0.31110401894998502,0.49552509757318269,0.27773589813524718
5378,0.2445126822833554,0.61230316247857419,0.5200215944552482,0.29896901032333789
5379,0.60512228083164676,0.33824809542620787,0.50481013593569135,0.28078939497390148
5380,0.3542218926303205,0.49469551941441609,0.51343229495954357,0.29141812675562062
5381,0.96227054203943119,0.60597213539330985,0.53278060965172824,0.29986531203872152
5382,0.61871892759167824,0.45135358713400786,0.51518502385016829,0.28905210698217432
5383,0.2493529701070511,0.5167846310091555,0.51242218077098567,0.29247263321350259
5384,0.89284354482936912,0.24598943110090915,0.50011152868194964,0.27410097754089258
5385,0.48548403975196419,0.22539288980056302,0.49177476409849574,0.2718391957298773
5386,0.30422908271349736,0.52964200352054325,0.51504749810198625,0.29363993281232659
5387,0.14641612343258459,0.26049822917211568,0.48626282874726895,0.27291242482474487
5388,0.27029825471941155,0.87569775927875892,0.54029518141096511,0.31586461881218292
5389,0.24759784614475214,0.94832821474286033,0.54457804756126638,0.32010093567983999
5390,0.94537606334852753,0.99592267353908392,0.56075350644275357,0.32373863546554077
5391,0.60399427739280509,0.30845165586461082,0.50200432311301413,0.2785452831933744
5392,0.70250602330606204,0.76080984365429039,0.54124693707909977,0.30974076493294372
5393,0.23893461932061474,0.2493068285498419,0.48812721636703238,0.27267015950958645
5394,0.43531349227168831,0.19218516193941471,0.48741228299443451,0.2690368775034862
5395,0.87513397393875059,0.42728596845365829,0.51678324416685428,0.28758435623393763
5396,0.70287838072309972,0.5812605276848074,0.52741695679326794,0.29812321022644062
5397,0.11210436204358704,0.39257138605593939,0.49719041284887416,0.28263307931538872
5398,0.17898820364846618,0.8424504319650703,0.53509018825995303,0.31334454980460408
5399,0.79160314732895942,0.32844174300661544,0.50673743977459307,0.28030548470338718
5400,0.55618961086591012,0.27952314279956048,0.49840545641176204,0.27623832971863466
5401,0.98205848932458328,0.47535894969544606,0.52219644899091677,0.29100442156102646
5402,0.97275428438530076,0.55392635809351931,0.52868625966036609,0.29639240510256681
5403,0.90747199094678521,0.87380032670324437,0.55207941589892495,0.31665275665037435
5404,0.3464848290504306,0.55425301280395367,0.51818091930992205,0.2955126652004666
5405,0.83246962959611559,0.65212828536623857,0.53485851988808752,0.30287586115097298
5406,0.71824336199731342,0.89726796944510434,0.55118570909457643,0.3180497058302304
5407,0.43111242331677352,0.22265218723969302,0.49036965570968089,0.27145092195595705
5408,0.15696129496298963,0.58035718787942314,0.51463355421954771,0.29626251826182892
5409,0.69240708380398575,0.89626247517691238,0.55072329895862937,0.31797987412419942
5410,0.74353226162215003,0.61082995973963994,0.53039141323169114,0.30012619244461602
5411,0.40795342085437153,0.68252560185379119,0.52981085095118752,0.30427016211642577
5412,0.31532289197643987,0.73220634158194309,0.53124055717395657,0.30714142577946363
5413,0.94434074995097472,0.18932191242218249,0.49502091452438757,0.26967359760251458
5414,0.867643934779882,0.76566073306660409,0.54387922815473055,0.31008837166732023
5415,0.9088985104457592,0.61687991624417482,0.53303653069160128,0.30058386653108043
5416,0.81322510838456219,0.215506663901743,0.49609243046743029,0.27165088854900904
5417,0.95527361817426282,0.67820632044012896,0.53835244662647663,0.30456466681942435
5418,0.37431568882466526,0.15553029406453717,0.48230421240758298,0.26583715975336553
5419,0.63658993511785522,0.045103583523340061,0.47549316214359677,0.25733185857888108
5420,0.64437925180309696,0.35026193316109711,0.50657692068184079,0.28175172281265642
5421,0.23259238965580006,0.51917191610647129,0.51211553143702415,0.29254461397267589
5422,0.92385605639443968,0.4866631096734782,0.52251045626138148,0.29178276946648102
5423,0.79788312737512179,0.98757091059294766,0.558390712287963,0.32331771810043364
5424,0.50132519643012208,0.72775516015036268,0.53525447030365914,0.3074059053986154
5425,0.51260626284600008,0.60193497824602527,0.52576440074180464,0.29922873266403788
5426,0.50767606657255682,0.57819414269692504,0.52375991790349041,0.29762384142380283
5427,0.20814580586956583,0.45020893505535792,0.50552418520914733,0.28752716711352244
5428,0.8173362441400881,0.001690806068677921,0.47310016347503203,0.25383317732240307
5429,0.39059510551131099,0.4086906403833418,0.50687948042936337,0.28541460289838599
5430,0.39714871844336158,0.41018765296038473,0.50716534875723529,0.2855468570001693
5431,0.73553984730084199,0.38540841208401838,0.51118424671819973,0.2844585884896772
5432,0.45817023702639853,0.19051093171545072,0.48772531719786766,0.26897790449541892
5433,0.51504840290778087,0.39053281290152808,0.5079282407335286,0.28446255447210794
5434,0.54970284438113459,0.85036075746697615,0.5450896619748683,0.31509843557753853
5435,0.1204833946464467,0.70479089380606308,0.5229710627701355,0.30424177630461041
5436,0.60584237094422566,0.13245870875079419,0.48448358685144854,0.26463856734299507
5437,0.08738652554807487,0.97192508911771014,0.54053097775626857,0.32045602011849134
5438,0.91562141160377075,0.69891286961882149,0.53947839353166294,0.30589147823714558
5439,0.71720940505716724,0.33498861275018427,0.50629583494923724,0.28071621770092947
5440,0.71691205388031665,0.91457297460538112,0.55235035012971245,0.31907196175501934
5441,0.16716062058383832,0.64696409668094712,0.52023944844679049,0.30080208452438983
5442,0.63001497719396138,0.56443910564504329,0.52488490812687805,0.29690794831911083
5443,0.12568512293962997,0.79690630700084153,0.52994152990004451,0.31014741705257154
5444,0.65930546450278493,0.35201023768935125,0.50697887242480888,0.28190452891070944
5445,0.3930346621142351,0.68554931445299883,0.52969105585036214,0.30442049089378653
5446,0.72345570584613605,0.92441918360028652,0.55311759067240895,0.31965280794666745
5447,0.92546558735672146,0.19758860747161089,0.49565054972259626,0.27032043833658231
5448,0.98383666192773966,0.01915986507938942,0.47702216973981681,0.2555190816203961
5449,0.093166409526660582,0.31605306943446632,0.48955624078843563,0.27674251543327383
5450,0.49459439452710796,0.45110149032241897,0.51286287957307419,0.28878276024042893
5451,0.30399929837590317,0.90884202160629213,0.54353393448950837,0.31800061296081045
5452,0.086829214456712364,0.91877118197710961,0.53694267543382723,0.31729471372431517
5453,0.22011587111303818,0.78334280733506889,0.53221669538319905,0.30991973482335006
5454,0.25127744162158344,0.37930031598183561,0.50060363670516839,0.28262652988756531
5455,0.4863881445886451,0.90461898274837305,0.54760525472835841,0.31825571451556206
5456,0.90909201311146615,0.86311913119511452,0.5513545368611158,0.31601543230941453
5457,0.8796518169271178,0.39320781074486438,0.51380383552871445,0.28513495774233583
5458,0.22874298651173014,0.24985577548384902,0.48787855503244493,0.27265150182723086
5459,0.29237175156831507,0.8863082370604739,0.54166160724095569,0.31660125444094195
5460,0.87275119327913275,0.97116143508484831,0.55826911651728395,0.32235764990873722
5461,0.63635250111847419,0.8025047591153881,0.54322299741940572,0.31227487048311536
5462,0.45466951414387446,0.95049353624006039,0.55004299703726311,0.32090407758802614
5463,0.67893054544330811,0.95108126609596666,0.55423420258934064,0.32119555737359351
5464,0.96250576239762597,0.70724503135090933,0.54064393755487916,0.30641399881829234
5465,0.98639055878514192,0.55710288025824128,0.52909506209660406,0.29660608856273851
5466,0.62697816306123277,0.8979721819468891,0.54978159991759501,0.31804033474835364
5467,0.7877418322983315,0.33001507351439213,0.5068321635266485,0.28041962274710469
5468,0.87437728279045557,0.010133690972428304,0.47477051020072253,0.2546387756714098
5469,0.75104923011717617,0.17154292589690304,0.49078315449301096,0.26807217232645242
5470,0.41504820423136701,0.89534673776807039,0.54540915599164341,0.31754798231419445
5471,0.68168105804215895,0.50107896063447699,0.52046799105376917,0.29262977139012142
5472,0.42604642114333113,0.72139722040261844,0.53316798408176469,0.30682395950092639
5473,0.97613235991947589,0.7893766852591303,0.54686966183505126,0.31152978909855611
5474,0.80942418165771524,0.77906699577855176,0.54411029721393189,0.31091550543714819
5475,0.86052900581572911,0.85949064046078139,0.55051176000313085,0.31580931138455698
5476,0.67484390433166419,0.45645978229191392,0.51654616916650353,0.28949388059522729
5477,0.18068023453351342,0.38239221054645023,0.4986882594320613,0.28241266955754252
5478,0.35579851260656725,0.34365108332288219,0.5001729125112766,0.28048063289365904
5479,0.2878001832307433,0.51494081708268502,0.5133750941964863,0.2925423202242467
5480,0.49261832842695297,0.31537279998079176,0.50058969768975525,0.27881419805901136
5481,0.010521288271213416,0.62934049831583405,0.51260982581240222,0.2982155558408881
5482,0.465862608486868,0.45147866864778335,0.51230273667725834,0.28873384523955736
5483,0.31098920925167622,0.78236315707935722,0.53481228428412764,0.31029331864562965
5484,0.73999152646757427,0.55010418877779743,0.52543126214405056,0.29605205833862436
5485,0.8761073105010786,0.97721993270850516,0.55871133070611634,0.32270422608822791
5486,0.83045718756146969,0.62979491924388564,0.53308471315791461,0.30141774453369735
5487,0.18038440738405334,0.44041974801396722,0.50377935034680821,0.28664063475066154
5488,0.42307416933501374,0.066398934476135762,0.47391726650337146,0.25857107070833707
5489,0.55442957486457889,0.51000267767877083,0.51904610437456011,0.29305525463405913
5490,0.4819551340830629,0.091958487684291323,0.47790725909749698,0.26094032690612806
5491,0.5049713319011615,0.38922342780247565,0.50761240282223252,0.28434188070741406
5492,0.20725443243941993,0.33376007917878453,0.49513404700402047,0.27896296498975437
5493,0.59107943134323004,0.35067583184173567,0.50571400341865858,0.28168913039855803
5494,0.74829591607152257,0.41976053877588132,0.5144380156316819,0.28695800245887532
5495,0.80704350129769886,0.075877128074422956,0.48134743612786801,0.26023108130536982
5496,0.95644887265959988,0.69865013694214861,0.53992563126575022,0.30586965782017456
5497,0.56156550077736611,0.18818584516063566,0.48948455561192078,0.26907568704378571
5498,0.69654061776726739,0.090229738855280447,0.48139071514359144,0.26128856226718616
5499,0.50943173334783654,0.96984318215308019,0.55247609791233554,0.32212951810408241
5500,0.1244535528120934,0.73437583705355647,0.52532932320097203,0.30617902283156456
5501,0.74660345647361837,0.44053287599176405,0.51624052774394469,0.28844150529749163
5502,0.65339885045232948,0.66409857798694871,0.53318068100622484,0.30354190938402886
5503,0.84890389362097485,0.52459454135255656,0.52479879046018729,0.29437627067762051
5504,0.97827935672973987,0.70875303654888411,0.54093119249105714,0.30650593105191831
5505,0.71144452648382872,0.79405743220954905,0.5438072316688094,0.31180840222770823
5506,0.21138494720252929,0.6107345165208331,0.51887060007972052,0.29867429094151693
5507,0.5358407434590976,0.89289162555242663,0.54778659686902176,0.31763684489721228
5508,0.40038597518751634,0.86619923759481177,0.54304679135240208,0.31575508703583843
5509,0.37725094250881813,0.37449888545112919,0.50350442087942993,0.28285972989896879
5510,0.2211418867689674,0.89599075353624069,0.54020277246627102,0.31684703493033661
5511,0.0035320081121404659,0.9280814886337263,0.53391187042981403,0.31702589830429095
5512,0.77810418117264057,0.15922114844581811,0.48987917790531632,0.26710813787942655
5513,0.3840803188152262,0.49381828871235484,0.51408843082456912,0.29146850162150389
5514,0.64383427804134552,0.94500868251348158,0.5532604345091231,0.32082292278003494
5515,0.054294720790546855,0.71351496980133233,0.52097033967396311,0.30421743951337965
5516,0.26444531647417463,0.99114769599629804,0.54792752929014776,0.32268629297464307
5517,0.61022540191753072,0.76718641828108813,0.54021240030255524,0.31005858565930233
5518,0.4010073018149124,0.77440426261870898,0.53651035715772744,0.31010587547793528
5519,0.6863658591908286,0.44145748078547187,0.51542198397272132,0.28844290295654124
5520,0.11497877577018226,0.69715842581236509,0.52218756654929022,0.30370222722755857
5521,0.18315532878701343,0.62025951717739236,0.51869878605917907,0.29913379364532133
5522,0.69236225743688418,0.6517219944879995,0.5328407146773787,0.30277360740979214
5523,0.94004378449259096,0.77670698842561114,0.54554709013043334,0.31076147166784029
5524,0.94039748439363902,0.15526259164517978,0.49145820227655462,0.26693129642460733
5525,0.79473867843806523,0.64752925091985392,0.53399965220129142,0.30256407970960453
5526,0.46508049380393934,0.74603447905600773,0.5358613009940022,0.30848694811498828
5527,0.78173238094990383,0.82450784724679549,0.54700755707940374,0.31369727734417818
5528,0.28948028153477939,0.095313517079094898,0.47387504130375513,0.26043862729531919
5529,0.46688905873961051,0.98627259441764337,0.55268570141391282,0.32301075417250286
5530,0.94193656527347636,0.11256171432865085,0.48694949269883647,0.26342938159583046
5531,0.93747898424774179,0.11588392748701154,0.48725681237573815,0.26370165198227646
5532,0.049402575901069209,0.69252138738216595,0.51918390175851048,0.30280552037947794
5533,0.11223023500536802,0.020427077134128196,0.46034710506813131,0.25279582643137427
5534,0.28423799713113113,0.98487110619089802,0.54808753581895497,0.32240534324799569
5535,0.89775853337553568,0.873769114594243,0.55196198196606472,0.31665376623145092
5536,0.55853482434320034,0.46961740096368598,0.51569506338910376,0.29023815532468467
5537,0.52985801737288718,0.0047806637096568013,0.46911040945251975,0.25355780403967676
5538,0.31427975389455681,0.83557421321492875,0.53871740458438266,0.31360420230408753
5539,0.48997736683258558,0.42925394442992987,0.51086446886505077,0.2872074218349206
5540,0.49503168111705459,0.96572185541802313,0.55191083475035618,0.32186724257146793
5541,0.21434378158556067,0.51733081308648687,0.51139632273257252,0.29230802440539511
5542,0.41195365692315394,0.31771877705008961,0.49909373321401962,0.27874170528617637
5543,0.91285734745772795,0.93444037743663644,0.55629384159385709,0.32021876275777689
5544,0.72926311065332272,0.063462818718433844,0.47892647744066902,0.25907105022529364
5545,0.83297964194304086,0.52719376837975573,0.52481138564577745,0.29454743169362019
5546,0.29074856690483869,0.36821216255755868,0.50072186402472196,0.28201525972324848
5547,0.37455255511676661,0.59258152700742939,0.52197943218608811,0.29821825811270269
5548,0.13483999463223154,0.98643701147778196,0.54332966815674233,0.3216761514909901
5549,0.56221612569153079,0.38884670876645255,0.5086682986250145,0.28444512781126102
5550,0.96349570375707705,0.067076377987640448,0.48221603627181953,0.25962674915829614
5551,0.94581008060021565,0.73126586015258221,0.54226070427866724,0.30793231089902157
5552,0.766146783273702,0.6605516143806629,0.53461613254637974,0.30339749866862842
5553,0.08478492386018624,0.67994702669164409,0.51970261875745172,0.30232132588203314
5554,0.39561342071156252,0.42461818269673973,0.50840187712344442,0.28658656602427507
5555,0.21386398801341422,0.66274739141288452,0.52300738682683079,0.3021419354048806
5556,0.79583960008859878,0.45941608451990179,0.51856846308433424,0.28981887653790384
5557,0.98279870131666536,0.41197446188378384,0.51666645177120152,0.2865213824534959
5558,0.083082798924075912,0.038320848665491215,0.46127695840161609,0.25409634088534272
5559,0.773455249452626,0.27738127198430013,0.5016441301710679,0.27642202636299668
5560,0.034967294062033763,0.99934368540575969,0.54010073016832194,0.3215771437501217
5561,0.61703696247868933,0.66544304171028779,0.53267616168456167,0.30358738842270061
5562,0.77027190841872939,0.65169107058177478,0.53398629960370436,0.30282396848681242
5563,0.78875981289768826,0.2007483734603622,0.49428248111643397,0.27045672878517135
5564,0.73654406060079347,0.33148823296193736,0.50625286951655191,0.2804774268100963
5565,0.45438955366477607,0.013126252668478992,0.46861919833187093,0.25406123341804399
5566,0.31220628842803422,0.16203090450094315,0.48144956415891615,0.26608944076929847
5567,0.26814253008690431,0.61288812850165408,0.52076608904831434,0.29913129768078184
5568,0.85963263394149259,0.56938084239097086,0.52862262371502888,0.29741733123278979
5569,0.56875311163378639,0.41227757565208012,0.51087954699042981,0.28616213421668424
5570,0.10522075789450901,0.49198861819620948,0.5054967791819307,0.28973374803351426
5571,0.43066167093684199,0.85908341674307598,0.54324716365829762,0.31540241385809592
5572,0.42858081736470344,0.50165613517543539,0.51577738289668307,0.29216399962437545
5573,0.21302349615519636,0.82100574405371451,0.53469730188833753,0.31222627748491971
5574,0.1080931120412075,0.41347400209483459,0.4988803012893881,0.28412914346374624
5575,0.35391235802479787,0.10631108344536043,0.47666448975696535,0.26167379815668984
5576,0.82665870852301593,0.64120477077193794,0.53393071275552872,0.302162948289179
5577,0.31375076653558065,0.37511207525407669,0.50196351147057072,0.28263691788917927
5578,0.22929711147964699,0.27930925411625068,0.49071899461594815,0.27494591750974684
5579,0.73951963235236473,0.37695432343821739,0.51047686978761275,0.28384488485573922
5580,0.23051868515984389,0.28310509645520943,0.4911159135531597,0.27524635822721388
5581,0.29430988368716787,0.46284727057093994,0.50915224676589343,0.28890692165560039
5582,0.2481568887758418,0.13666020596415038,0.47710086956746739,0.26366159888562968
5583,0.041636867663345768,0.66118508163850054,0.51646410762517792,0.30067082159440672
5584,0.85305850171922948,0.65185593504694994,0.5351008626697723,0.30286282826141586
5585,0.92909756275390976,0.55842959367266154,0.52856428111090326,0.29669404379316289
5586,0.55738012068365939,0.42879809614057884,0.5121295675917138,0.28732999902167572
5587,0.013350209502840882,0.031218075688171667,0.4577718720178518,0.2527630204509545
5588,0.78121806674523975,0.087992565360700256,0.48233624834642969,0.26122288662189252
5589,0.83549800136253471,0.2249323825307307,0.49732125772828373,0.27241333446009058
5590,0.18831880333510925,0.93276554599126105,0.54163712838791134,0.31886119316870731
5591,0.27372565064233495,0.74937394518068767,0.53135283052147375,0.30805153705587829
5592,0.23377099269238535,0.79595367453553489,0.53355608472167959,0.31078323938553254
5593,0.88106511526136888,0.68409207293352814,0.53793566907345103,0.30494551110459706
5594,0.49742924101239772,0.48846398469590352,0.51612402168225335,0.29142950346226099
5595,0.14464071351898602,0.3711439043129911,0.4964558006477422,0.28131516299258219
5596,0.24504266727376964,0.21455885118833978,0.48490541644830626,0.26996237218036856
5597,0.74338649374170929,0.82675207249267268,0.54662502451129746,0.31382392870760462
5598,0.2667657176211593,0.73546082296828974,0.53012046122031342,0.3071332024445646
5599,0.13036936487747591,0.84470738824020375,0.533516221082183,0.31314782114625378
5600,0.52711801496461264,0.4206267673018505,0.51083989230657345,0.28667641484140727
5601,0.99160885238371566,0.49479674555511449,0.52395752733420553,0.29235479443250806
5602,0.9139987657182268,0.64561329873994699,0.53535693623183789,0.30246328712392884
5603,0.64925234302863244,0.61751199020860958,0.52946813645238844,0.30048344100819929
5604,0.59798558587102446,0.32449425557282524,0.50340711836208751,0.27974484990295945
5605,0.90201499783537586,0.90615765517827818,0.55424512548003591,0.31856855673024936
5606,0.16871104485125982,0.68009954731484179,0.52284020432312772,0.30299162100519439
5607,0.84910085545663028,0.62835421220575238,0.53321073868305124,0.30132834254430924
5608,0.12720922873864185,0.25484886001859564,0.48504960511889744,0.27231721267258358
5609,0.64075967116168475,0.22835651484319244,0.49486830371973117,0.27243075625089869
5610,0.34893840488101124,0.50041942402591233,0.51378161060106653,0.29179809975395721
5611,0.53821006355310097,0.52557451687614676,0.52004149898068441,0.29409971163605453
5612,0.67292668867047178,0.82274906628358879,0.54526997917874853,0.31354474310694924
5613,0.18356344493703219,0.57083226819745037,0.51477667456753917,0.29579897078912659
5614,0.61786380321866596,0.53298748684673336,0.52209400920800209,0.29474818018930432
5615,0.092099604738981003,0.71380797123456141,0.52254915968721938,0.30458818813317817
5616,0.44716332392391051,0.86351542080148358,0.54392416612566308,0.31570949064886811
5617,0.95386665582306462,0.64959661276467384,0.53612503072432705,0.30272017678331659
5618,0.68742731772019761,0.082858815648790912,0.48045185825419306,0.26065136420494217
5619,0.53787460822701694,0.54661511144913966,0.52177516197105789,0.29554294088476984
5620,0.13539914842097789,0.91445420507773534,0.53852896395874805,0.31741910371055071
5621,0.48571458988505184,0.45354362248441904,0.51289375135843462,0.28893400993318602
5622,0.28973250985952326,0.29312596375314753,0.49375362807347367,0.27634724417237688
5623,0.56930458607383772,0.86144829867003725,0.54623228439377969,0.31579476610004731
5624,0.19232393513285789,0.32678310163441349,0.49401803003553207,0.27833731061315675
5625,0.8017344392261585,0.17295014237653231,0.49161524159064401,0.26824542314887329
5626,0.72818696354768475,0.1258532069246634,0.48567902675942781,0.26430924136385681
5627,0.7708318815098727,0.5552332996737096,0.52629189154632006,0.29642197005025434
5628,0.074279300398158374,0.13416966466986341,0.47111165520854037,0.26213673420331041
5629,0.27450702316783138,0.49673074701632142,0.51147621151968048,0.29120345124151148
5630,0.92072737127110604,0.29914173857715215,0.50558493714342279,0.27819013583587654
5631,0.51736072360890684,0.018829207054933069,0.4704856462274658,0.25475824137771508
5632,0.98752575733884007,0.39005982284593632,0.51475426629677601,0.28494254255191381
5633,0.4915140225803829,0.20887410397400383,0.49024994347531409,0.27054722066129194
5634,0.062142790113145024,0.13532397966048448,0.47076126012137814,0.26211357531493801
5635,0.7416871123532881,0.33353996164357524,0.50651811756096399,0.28063652301052971
5636,0.39815125308354621,0.37847357979522783,0.5043551800813203,0.28323013064019897
5637,0.0011645322077791208,0.90123940522189949,0.53197666352492368,0.31538375482201647
5638,0.022731964727060405,0.77546431361514845,0.52413696383144137,0.30785056406399053
5639,0.26130097452016782,0.34065689888322959,0.49738650774980742,0.27980446798014924
5640,0.92953224872940921,0.76591398551933232,0.54463769540155793,0.31009661005976952
5641,0.66209246295526392,0.85200669727869105,0.54716729320168866,0.3153133487889565
5642,0.023804659331485165,0.72240900055245738,0.52029245253657719,0.30447454533538743
5643,0.64584854943141112,0.1044641207637149,0.4821538213522043,0.2623932669622705
5644,0.74259905307466401,0.80541755738154752,0.54508778942295177,0.31252081428579681
5645,0.049584450874046893,0.32240503227672307,0.48840909010896588,0.27680166498342745
5646,0.036493057986872739,0.2293301773632993,0.47909357098642069,0.26945232613073972
5647,0.74870888326630236,0.24459184682600901,0.49810617019729148,0.27386099302671679
5648,0.17431412680189826,0.94115770071103477,0.54172614607590919,0.31927393113123298
5649,0.5533157910884009,0.74329653166722276,0.53742458726413322,0.30848263456163966
5650,0.47786281453439738,0.38551688673224999,0.50673150790795252,0.28399896582144529
5651,0.017801885559724177,0.85226295293624288,0.52937528129010381,0.31258504925566755
5652,0.062949494449340268,0.21654936263504207,0.47892749469494672,0.26871207317671236
5653,0.5101161961277132,0.63393721330069241,0.52824697022338207,0.30134823969094737
5654,0.9422163035615464,0.57973048298478824,0.53044771624444609,0.29812355181364525
5655,0.5081058695892221,0.68950162268531279,0.53250354598526561,0.30496926382837669
5656,0.64364618243615845,0.78059444923623245,0.54175786462155107,0.31092727374840201
5657,0.27513126184399006,0.038947712103498636,0.46735985577707972,0.25553710479753405
5658,0.34967124503642555,0.90364661370917465,0.54439096797553954,0.31785474507660438
5659,0.95743557838128179,0.90212548158542483,0.55460536981668362,0.31830863059469178
5660,0.5705068028071546,0.17034430892950622,0.48782023370335498,0.26765759637675535
5661,0.2189800746622379,0.13809323036373825,0.47640136796084886,0.26360132117209967
5662,0.23013918655173621,0.66698885291010379,0.52384477073044911,0.30251391980338016
5663,0.042753152050205974,0.18451034764331997,0.47495551562600807,0.26593568131453427
5664,0.03738705341111636,0.094995884658361326,0.46558837056239355,0.25849039574326776
5665,0.051495564463490157,0.68914919008173747,0.5190189738408818,0.30260659032703524
5666,0.74989619004748531,0.50819226242114091,0.52208953467576025,0.29318903290897069
5667,0.28301990245877534,0.23422590479472422,0.48790674715425403,0.27173190880169373
5668,0.61772768461284,0.53435170098604867,0.52220473488026664,0.29484151986692486
5669,0.89374933800835865,0.71368799251980386,0.54033574521554273,0.30683027591480411
5670,0.54327072383855701,0.61040083490655528,0.52703350216307498,0.29985414645436509
5671,0.79770759757839849,0.86297576654296138,0.54993916339877003,0.31602111594133475
5672,0.14190744515835541,0.45681536314865812,0.50386816124751632,0.28753577476926961
5673,0.76850358662150109,0.0192114655583282,0.47448467620884227,0.25530697604625535
5674,0.62436743215956969,0.15144492479768815,0.48678115372995995,0.26623529566643456
5675,0.75156259373667422,0.092174583859241099,0.48238918462455133,0.2615354893115831
5676,0.80751788640863964,0.98092193155320129,0.55808135473267884,0.32293521529106967
5677,0.4628771840783884,0.85916408128415944,0.54396068253766394,0.31548044294029404
5678,0.47797911738998961,0.048670557356381323,0.47308707015175305,0.25723470938607768
5679,0.26700296932292406,0.56697355865429855,0.5170586915279759,0.29602398176504557
5680,0.64279407743728956,0.53242006748361748,0.52246540662469121,0.29474400132717354
5681,0.85395468395998475,0.28557126714509218,0.50348607434217441,0.27711905095540779
5682,0.36808514725767311,0.39789029050694086,0.50538182243799057,0.28454270575737145
5683,0.9168293335842318,0.59206358091271261,0.53114923556910731,0.29894356452679355
5684,0.69947939155589556,0.28942501247216712,0.50173442429012372,0.27725378807718126
5685,0.40743553763973761,0.64721281407006315,0.52707497008034665,0.30196159533792605
5686,0.3252186829986633,0.53282839968282503,0.51587158632356789,0.29395284808591421
5687,0.11363977889363888,0.9249808281033649,0.53842264012271857,0.31788564241092854
5688,0.65743626442704117,0.50398661232878217,0.52032751916989339,0.29280209063358853
5689,0.64039168669687363,0.59466297528400325,0.5275011929155462,0.29895357271089745
5690,0.198193119015696,0.91176688838155251,0.54054052732463853,0.31766613874921573
5691,0.13317931602358588,0.62493593354354382,0.51731455670473092,0.29908817648821051
5692,0.90943089559070078,0.76112992445380656,0.54405219297302021,0.30980339077432534
5693,0.87890337687126596,0.8780280130352941,0.55202993534085576,0.31691197636393298
5694,0.74086851444920754,0.29752993448750348,0.50311660626453936,0.27792328062544114
5695,0.007695343357126694,0.44703344789900584,0.4976233168308824,0.28554473418078707
5696,0.92859164413708506,0.48071323349772721,0.522057341396022,0.29136984317334985
5697,0.070632461656129464,0.88702330529800388,0.53410599631512012,0.31523728134262113
5698,0.39156429188718322,0.81403464726913954,0.53915046793151744,0.31254204685503212
5699,0.59284767141212946,0.3550158278807416,0.50614363151080033,0.28201476257940694
5700,0.40313709583018209,0.3173157885754132,0.49885582368996895,0.27867988181962244
5701,0.87294451696589825,0.30435218930990671,0.50551302391596575,0.27855703114375607
5702,0.31910945132785712,0.24924178040794798,0.49032809625796187,0.27309128211203154
5703,0.54367509627084953,0.15336102692711867,0.48558275871991069,0.26621115164114478
5704,0.16291001574344702,0.54736345191121805,0.51217146200527697,0.29404785165891806
5705,0.67527178809317989,0.95134405811767797,0.55419403378792886,0.32120922970653926
5706,0.21583172544987175,0.9362812761938083,0.54277738825554833,0.31922637580372837
5707,0.15050081721284658,0.58905825186494043,0.51510217198277064,0.29680568763366261
5708,0.63998576868878443,0.84784717508965401,0.5465125112318866,0.31504530841792949
5709,0.30919284487146653,0.2803205867910874,0.49305925563692365,0.27545869404070716
5710,0.95764134510235166,0.76941658542015368,0.54521269952018725,0.31030649021496998
5711,0.7053327104611905,0.28288099772840508,0.50119559371546329,0.2767616883301558
5712,0.9737898235977045,0.81533617211187959,0.54871217299205,0.31311501975041145
5713,0.88380682602551541,0.72596256585087404,0.5411369652417366,0.30760565370519477
5714,0.9583599664962269,0.42730334362162975,0.51775655556986333,0.28761283377078939
5715,0.86425661125538178,0.53135528775543206,0.52555447161704538,0.29484408025143061
5716,0.13618998069217197,0.030545343879528813,0.46228367853975683,0.25387884185511139
5717,0.34812528140590293,0.84756411766355166,0.54045526967499213,0.31446184794009718
5718,0.1724852966375067,0.4689589869033895,0.50596394077279883,0.2886279363372139
5719,0.33940114405128408,0.68296806764294171,0.52816341387768395,0.30406637750595961
5720,0.46384512112367671,0.82047818217173918,0.54124635527554543,0.31312272777488626
5721,0.38493657473578352,0.78556966658135652,0.53693975750570189,0.31075581276264691
5722,0.69847669458839812,0.12219739569922676,0.48485761503130859,0.26396147293176808
5723,0.20341430030871416,0.042999975681945218,0.46578317462695956,0.25545397154807065
5724,0.076552411157370076,0.82356686228577747,0.52991603008998278,0.31139855869967625
5725,0.18248079402017173,0.098620851327280989,0.47114918182261883,0.26006270959650957
5726,0.38378708716543625,0.074828928429202649,0.47397239774766403,0.25913914711211522
5727,0.29036801923416788,0.1721714488644735,0.48191277814929429,0.26680480993030509
5728,0.63774330918331401,0.99619758648927104,0.55655878833004058,0.3237809061470095
5729,0.61334261915817634,0.96388776776607854,0.55400920854690494,0.32190046831133218
5730,0.6920968496695511,0.89872979400827324,0.5508880897096855,0.31812609874447773
5731,0.84441346306822962,0.50338064709439645,0.52296218119468607,0.29291514577340533
5732,0.50254041110329573,0.57474917560255856,0.52337841895326087,0.29737977698970053
5733,0.25618558818442982,0.64800228573995411,0.52316705414906206,0.30140460834601568
5734,0.77048066271260618,0.67144183389345413,0.53551794312777279,0.30410424521857515
5735,0.79957648410211557,0.2867462618215359,0.50289788743243158,0.27716375919086045
5736,0.88575736974576724,0.39628325648427709,0.51415428151862397,0.2853606296193566
5737,0.95995765712956205,0.39433768895854016,0.51483856025671171,0.28524617371011618
5738,0.36580771153423702,0.1847454981715535,0.48508969873515234,0.26817502661947407
5739,0.88973275595376045,0.37498542594428874,0.51227779052370048,0.28381362460411957
5740,0.84857190389659953,0.040214561307395341,0.47789387542385725,0.25722849707235124
5741,0.73283967397351513,0.28767754034566462,0.5020604670806289,0.27716358610439756
5742,0.099573155490902732,0.33209133879122094,0.49127448950743563,0.27801593234798233
5743,0.48520834933436713,0.13366522061132127,0.48241292800286589,0.26443161550188948
5744,0.88081983883419313,0.57013877095355425,0.5289464102565703,0.297473719126717
5745,0.80443757821241157,0.17634896906864597,0.49200067514241425,0.26852201080595967
5746,0.47573503753076074,0.96065763891785172,0.55117320832581085,0.32153885961744233
5747,0.39234965396308108,0.73457125297329628,0.533369337571029,0.30756604651525116
5748,0.77998503871838332,0.055270719415054195,0.47871066447041422,0.25844205880641241
5749,0.54640993028812812,0.78845183298456256,0.54060593789065847,0.31129743584656822
5750,0.2131846902183839,0.85934813560316115,0.53740824982400881,0.3145829212531745
5751,0.071115279124432704,0.75914893077282464,0.52505149292574127,0.3073040667185209
5752,0.80828434785638237,0.7529090137003106,0.54217690123983553,0.30928975508557499
5753,0.0056894902702071702,0.58556672449283065,0.50894499736818311,0.29520838315331627
5754,0.33989414946724433,0.52335695756209311,0.5154681955048066,0.29335879829646577
5755,0.94355026866745906,0.91679612718151193,0.55545133677414538,0.3191757722460975
5756,0.32788239733324154,0.44621951920156139,0.50861653951262986,0.28787363800175547
5757,0.75872174661195613,0.26391786361160924,0.50013664342245656,0.27537073640512244
5758,0.61886695923717927,0.29558843581267868,0.50103812300830919,0.27759557124008127
5759,0.90974473110913534,0.23492211296943716,0.4992166978338744,0.27325030034534081
5760,0.65559798876842257,0.74513709136486284,0.53934949521353381,0.30872285405103966
5761,0.95077106614600648,0.36721278432476107,0.51227722593382818,0.28326914928437785
5762,0.77670589413916469,0.56982601965175705,0.52756497842104599,0.29741060752351056
5763,0.31767081421675397,0.14389425404701614,0.47971949181506029,0.26462948295838834
5764,0.042329389643634203,0.40059301319374935,0.49512389969178638,0.2825578078321338
5765,0.033511830011417623,0.02456595793660963,0.45786698572214973,0.25240450141225107
5766,0.84158896603541222,0.17712308807404478,0.49255637549066633,0.26862092838043927
5767,0.50398946505385689,0.43861922739486914,0.51196580519798573,0.28791467761945627
5768,0.29706281879170571,0.24018303864073243,0.48886771930581147,0.2722732077918853
5769,0.078488283540529669,0.11906359366491671,0.46971063118516981,0.26092196638174497
5770,0.1540139860955882,0.10199031253907598,0.47058977246895084,0.26013680430209346
5771,0.94765294409549106,0.98066961054118584,0.55977631881849677,0.32286772267403563
5772,0.60541979867959161,0.98814542373128944,0.55547897724689976,0.3232963230367677
5773,0.54470334090486872,0.98464445773506304,0.55414381671636814,0.3230344632030237
5774,0.92367947333910283,0.18714333211953055,0.49456542383051777,0.26948722122643298
5775,0.26751779294611189,0.377443507282401,0.50090547620717596,0.28257842975801095
5776,0.99290579535308066,0.91498712399253856,0.55586939232246091,0.31904419286193081
5777,0.5998557133624679,0.30743243572966894,0.50183693099150284,0.27846013040336354
5778,0.40468959490660344,0.35118117402176141,0.50202520018298846,0.28123037304837528
5779,0.52938997791724973,0.99162484321877131,0.55430972279370594,0.32341782943666375
5780,0.98859027960587997,0.92031935838501666,0.55618577426650728,0.31935821563761119
5781,0.84939547655148206,0.34230712373665301,0.50878117599572836,0.2813837202422253
5782,0.89278214966700187,0.43109550633671462,0.51733281523286967,0.28786352075893679
5783,0.58270674673329337,0.062112424341600858,0.47649795657262212,0.25867604133541233
5784,0.49221270051869798,0.99883132037132749,0.55404113548431333,0.3237788351209302
5785,0.51203275220618816,0.0034338728898786943,0.46862843344328553,0.25338821006728984
5786,0.8372106787012541,0.5074593610747834,0.52321372764733831,0.29319349813444157
5787,0.01945647644518176,0.47465310780269793,0.50049756413778612,0.28765551172457354
5788,0.49554207335073736,0.78408074150596518,0.53928789913214514,0.31093745563042308
5789,0.75122482709289773,0.72942224461796001,0.53964250004748138,0.30779663011361574
5790,0.10072177455696511,0.32813802261817038,0.49095547018587293,0.27772730543278235
5791,0.66036191990183435,0.91517556595184146,0.55151130270224646,0.31908219408239963
5792,0.17118892713064562,0.22216219975721324,0.48338075878371578,0.27008291244501204
5793,0.14027403731584784,0.5983717964724522,0.51547786307604548,0.29735879428735734
5794,0.2817943018236081,0.44933091935626002,0.50764203937213792,0.28788055469393614
5795,0.97386315662342826,0.07160279065171489,0.48282835217858056,0.26001745948945915
5796,0.16790453942845346,0.66135159354846695,0.52137636618005867,0.30175675555897286
5797,0.30970656652810286,0.17059064857830528,0.48225996726282222,0.2667742066337625
5798,0.28348329205588674,0.64444280046640201,0.52368047221466041,0.30130408966808864
5799,0.019817851269792301,0.15731525692980503,0.47127518714688504,0.26347449107073401
5800,0.56707830807875148,0.95521953073135812,0.55260673535113047,0.32135303400717963
5801,0.67045655040581476,0.28584669357788517,0.500945462158781,0.27693826799303484
5802,0.37883405894042227,0.97050959943259374,0.54963285195623501,0.32189206130482206
5803,0.34376215159358692,0.93639543979455486,0.54646693033055371,0.31978194430355705
5804,0.50487891127549811,0.56088044416863714,0.52229836827481102,0.29644500590434558
5805,0.22172019383149455,0.40386961820336292,0.50190489515469805,0.28425810373721333
5806,0.14305642393653981,0.76513073646934937,0.52827859986315995,0.3082779389535899
5807,0.03051305553541752,0.45546392291864612,0.49936058125156224,0.28640867380618923
5808,0.18282803309966114,0.46009831592462724,0.50555334574305821,0.28806817018083258
5809,0.28438141098463676,0.79907789044376698,0.53528200037304585,0.31122391006402528
5810,0.90279248566053583,0.80734556673396152,0.54733074087729472,0.31264959543096282
5811,0.41305431913043145,0.96437195582062707,0.55003799754773097,0.32162335845388357
5812,0.011133903822943103,0.03402140784392832,0.45798497952533246,0.25298164532672207
5813,0.79244686180712887,0.14245696185467532,0.48831802292886778,0.26575821671806515
5814,0.11207846630926943,0.036650382296449971,0.46213244416551769,0.25421027184946571
5815,0.11416048188809073,0.31369236830611485,0.49012381838104874,0.27674799320419136
5816,0.95449720612209055,0.84396801338534577,0.55053158857270679,0.31485232743684399
5817,0.67704452274726945,0.22910044975493801,0.49551637008220356,0.27255006192697812
5818,0.16040827583129286,0.61650425208235393,0.51762581838564836,0.29872647226039445
5819,0.82007294691134014,0.60653148649969379,0.53110612702691984,0.29988156760516144
5820,0.87798945320373167,0.55672656834287337,0.52781713213370229,0.29657024496399376
5821,0.81785116166680827,0.39545430462228837,0.51322477176847403,0.28526122693466199
5822,0.27313509710006184,0.29862325588221433,0.49381444593295543,0.276681799243644
5823,0.016932303588942162,0.054362234142667151,0.46042879835632317,0.25480577242331987
5824,0.35959823509588607,0.96234020740400306,0.54861188246506543,0.32135833695124405
5825,0.45308617049892203,0.7210179706057418,0.5337390167960292,0.30686964405234196
5826,0.00046032973650144413,0.81275165021339202,0.5257756786878488,0.30994109194674596
5827,0.10081992713111686,0.8196461012269719,0.53061341175692534,0.31136579927276653
5828,0.04405678014588775,0.8113503407650744,0.52766814453658994,0.31032795292001175
5829,0.94295496700591186,0.75248795145315828,0.54380344588126173,0.30925978261881765
5830,0.67447508500282416,0.29724707792353583,0.50209634196814534,0.27781383249778002
5831,0.99644173070077091,0.13755026971934131,0.49020089038407588,0.26551979617233062
5832,0.4906246512195212,0.31452625319975197,0.50047028293234352,0.27874466795097519
5833,0.54531114801483926,0.49280515426952626,0.51742546967927683,0.29183989453962955
5834,0.10627333470369922,0.83670912868402669,0.53203534681705111,0.31246686742048757
5835,0.59456514547421835,0.79672704632448743,0.54208726434582921,0.31187490538364943
5836,0.099498191696673177,0.83201717898742067,0.53143857886902612,0.31212122420974003
5837,0.53576503766850803,0.92483676111587565,0.54996996754379646,0.31953244627247224
5838,0.6145100412689033,0.12917131003771209,0.4842808764632861,0.26438523628279315
5839,0.980292473125842,0.10086502262748545,0.48610179421058869,0.2624808494018489
5840,0.0047509913879563107,0.46127636726946808,0.49870073668700393,0.28653145946808029
5841,0.20963587100509321,0.056804122376570017,0.46748154014527454,0.25668720657455391
5842,0.88675707399869574,0.045889466628932861,0.47898913302678819,0.25775520825430831
5843,0.094719618597801314,0.85885163293167721,0.53313444335756388,0.31373195980253149
5844,0.096443466211657503,0.18028046747863993,0.4766247036516984,0.26611813092867942
5845,0.19652424140706426,0.40445309964449849,0.50116346352827068,0.28414054847536996
5846,0.76324880150941898,0.40365463712654309,0.51321823926741472,0.28581117637483872
5847,0.60363117235334363,0.52194524968568001,0.52093061207511049,0.29396727192424643
5848,0.85982147485244786,0.0065121794615290137,0.47417944559998582,0.25430585464570432
5849,0.93013965290748746,0.8494585351082613,0.55064221045134898,0.31519084126232993
5850,0.1808801745855366,0.64877940762477238,0.52084807969356395,0.3010149649130528
5851,0.66277362475959822,0.16649986298320582,0.48895778282828145,0.26753152820101883
5852,0.79877473689761247,0.73629066196460047,0.54081716080730435,0.30824616244490682
5853,0.18981595556730171,0.88776459659259999,0.53861528573213258,0.31617264764620839
5854,0.29066410255929226,0.26161852276563879,0.49077357770519414,0.27391743690902925
5855,0.12239848740816815,0.22080720885155025,0.48158008631028471,0.2695942444700889
5856,0.42426792158965254,0.74549781407202831,0.53492314394098217,0.30835129863529448
5857,0.21846002322767163,0.64863880264518092,0.52206297665055512,0.3012394238318199
5858,0.74584829239958195,0.93226285918172214,0.55397646926873623,0.32011703519746987
5859,0.53924243502198954,0.45723207403143168,0.51426739333217775,0.28932214676038859
5860,0.94799605179018109,0.22192398737279001,0.49835731227657859,0.27225485276360456
5861,0.94141092816101157,0.31971812101214897,0.50776859728011436,0.2797481755684193
5862,0.21285677719932283,0.32329475203299668,0.49434307910126585,0.27820806678225796
5863,0.51715598125135298,0.54965607001833849,0.52162360578984845,0.29570746686744309
5864,0.5508135308293044,0.47565567174981116,0.51606899105352144,0.29064828991819253
5865,0.9579255163185183,0.086968506574945065,0.48434824936242549,0.26130345601058386
5866,0.82968046739288837,0.61153678867915884,0.53163024274033621,0.30021597493319818
5867,0.23156508690941846,0.54895621764817049,0.514536898398406,0.29459855633209947
5868,0.26561523403086468,0.95079941443469151,0.54528181535833453,0.32032996608330661
5869,0.61520492256236037,0.32556562178368914,0.50380200694551924,0.2798573757511989
5870,0.20552882617061261,0.027995348916004879,0.46418625135204045,0.25416266982967328
5871,0.21101282119263198,0.47029156167051989,0.50733487344039652,0.28897815619905265
5872,0.47566114748847904,0.16683275719381638,0.48566841786442849,0.26711964958802614
5873,0.076340225026186093,0.21346984770969724,0.47915069990821063,0.26859755429045246
5874,0.20741604515741346,0.070339671744720542,0.46888562443161169,0.25783333863856212
5875,0.25807462399037323,0.30377131629962245,0.49387180414954063,0.27699305930219537
5876,0.88620601674265931,0.52200868937299827,0.52504570196683353,0.29421178491144168
5877,0.24327704753793078,0.94028788604947044,0.54390596869296881,0.31960474990806215
5878,0.27756236842173387,0.76190919429993953,0.53238555048973368,0.30886279241231496
5879,0.40347293232249798,0.30778591347596379,0.49797023006830748,0.27795781496865335
5880,0.17587170550791781,0.031154511871293655,0.4636332580834458,0.2542334635058357
5881,0.69546750248820755,0.42766528261833592,0.51435308497320442,0.28746856826013839
5882,0.37945231418568875,0.55698882148087725,0.51922140475346035,0.29582258780533149
5883,0.225017994355422,0.79291605721263914,0.5330640365413698,0.3105463086615976
5884,0.74768829966551864,0.25453369407333665,0.49906664735613387,0.2746322310085636
5885,0.99288557173324521,0.67419376101362294,0.53845608460704475,0.30430026201798632
5886,0.39007544482079104,0.79278582031872358,0.53758612583644416,0.31122098014940902
5887,0.8229846320330515,0.59743714664137226,0.5304176602395535,0.2992794624836223
5888,0.22559577847636539,0.86007773192814796,0.53785370457573067,0.31469530744623919
5889,0.33215582064514748,0.79513177851127692,0.53630260102817817,0.31117278525939129
5890,0.4060697607392329,0.36322422912622571,0.50315631592136734,0.28213088732871566
5891,0.26384784548013707,0.92586403577978493,0.54354843488270566,0.31884564237630258
5892,0.28040411528245318,0.25213458158822033,0.48957837543437516,0.27312425528228124
5893,0.27280928126763321,0.37730271540681137,0.50104280936687828,0.28259611022831299
5894,0.10018351506580367,0.043657183239108416,0.46247961509345603,0.25471431154662905
5895,0.98572655688734956,0.29972657673131908,0.50636369771340672,0.27826051608408259
5896,0.87405364272765584,0.89373200847328416,0.55305526192425947,0.31784413889440555
5897,0.29961693327351241,0.58624217754820129,0.51953165684675395,0.29748938803734681
5898,0.5510025594595005,0.2393974017015309,0.49441255640032877,0.27311262962359212
5899,0.69575398366207963,0.4829993307822501,0.51915207377687922,0.29138588687225708
5900,0.02137995498281671,0.40098755120855062,0.49425205595981042,0.28235802638564267
5901,0.99485499895591056,0.38967833995210244,0.51479828966466434,0.2849162130253296
5902,0.13080664729595884,0.88966551282663131,0.53666110782698639,0.31589272888886472
5903,0.36838762055543484,0.47376787534997566,0.51200660653829,0.28999901069802253
5904,0.18045311014709298,0.3167780369884684,0.49270779508951196,0.2774969384734966
5905,0.047288978470477742,0.71304325807631252,0.52063407196342082,0.30411678872808845
5906,0.1040899320497294,0.22808572937849675,0.48162633174513847,0.27001399618627947
5907,0.55064022767954746,0.59294544859357412,0.5257792044390448,0.29870217475783273
5908,0.78244084158310434,0.033920385678752794,0.47634365520321242,0.25660568821096669
5909,0.73753157200991415,0.43505580567800212,0.51562998787710734,0.28804256658984367
5910,0.36884791364503328,0.7620057519089547,0.53482646067229389,0.30922743345176446
5911,0.057213369841466195,0.64889425749342189,0.51618733344237344,0.30001576726990575
5912,0.72196601177213016,0.2423423685273505,0.49750046258986902,0.27365184220020472
5913,0.50723685324467949,0.095142589991388388,0.47874117261363724,0.26128388592318608
5914,0.21927857782720822,0.14951087499646237,0.47758872360942112,0.26454389682972201
5915,0.5848817474645911,0.67583234423504912,0.53291227170097066,0.30421766734740435
5916,0.87996333786720649,0.67221713521421189,0.53701105790563053,0.30418286538735079
5917,0.98886654803768037,0.22439052792381264,0.49904820389404275,0.27246718534812475
5918,0.25526833044545494,0.09858518832881237,0.47329749557530915,0.26052578633560358
5919,0.59006797572014624,0.71863796356274978,0.5362559693786797,0.30697299552888851
5920,0.66018040916750909,0.61112692609039365,0.52913944632448884,0.30007263434429277
5921,0.46154483307279881,0.91425821816375252,0.54774039901035565,0.31878093256452128
5922,0.37130985634896208,0.30868969186731848,0.49730271525897174,0.27790465236797701
5923,0.78427696043384498,0.46934517367718509,0.51926746735342344,0.29050933744737895
5924,0.13888886622003047,0.23965165961500026,0.4839953525358075,0.27121947418271813
5925,0.69462844944976965,0.013494371340319049,0.47279639944629187,0.25469099000393342
5926,0.73235400284772045,0.66005872262626653,0.53409158636165355,0.3033460598546881
5927,0.52388481255659136,0.25175258858330785,0.49511628256729595,0.27401142050061883
5928,0.3615206079027965,0.99765255942494846,0.55099668458707507,0.32341803253854179
5929,0.80189933706134331,0.62306128517884063,0.53217601186725705,0.30096524397139257
5930,0.60355658135366397,0.40073873278786198,0.51046896218664106,0.28539086718078249
5931,0.23366066209512065,0.73766679686823633,0.52929001615123428,0.30710458530902346
5932,0.42312651520451766,0.28829501982651418,0.49656848162804801,0.27653795031666578
5933,0.082620435112051208,0.077908776168629984,0.46553516673442308,0.25749433260313376
5934,0.944670582827984,0.93142825084786163,0.55645575495570654,0.32002910146671781
5935,0.15703219363827958,0.36407552530098475,0.49624935207017606,0.28088429292589445
5936,0.43122787125735779,0.013956804568355437,0.4682378048248792,0.25405315313447729
5937,0.49124330944676187,0.22208878119782313,0.49156202843752334,0.27159471976513216
5938,0.20889403336808318,0.13824407894125909,0.47611414119185153,0.26354852639216275
5939,0.89583211756943493,0.51668830019208845,0.52471677085932855,0.29384958925392496
5940,0.61674020318886036,0.379736146768753,0.50880690098638215,0.28388095758594423
5941,0.13042957874067362,0.61642902259154952,0.51654598098409499,0.29849743056619843
5942,0.035097242209396792,0.3088067563939258,0.48654971927089546,0.27561336047646257
5943,0.57734638637403257,0.62264613999516005,0.52863511452759915,0.30072531453394946
5944,0.05950989936826518,0.96466695143877301,0.53888914948954059,0.31978027968317185
5945,0.54706643277119149,0.13967432612328559,0.48421647818112079,0.26509741851681917
5946,0.92224826678471872,0.35672871282465057,0.51099167694377878,0.2824888457328979
5947,0.82817544697121492,0.54923183300540557,0.52657275311845442,0.29604621154005106
5948,0.065056585492321753,0.36704814240325945,0.49309029259995535,0.2803122634317563
5949,0.56836175551015189,0.386048999422614,0.50852844756023452,0.28425308138712413
5950,0.2063611433722661,0.78130254025371981,0.53162786517790039,0.30971290650176486
5951,0.35828011913661612,0.59678710157548776,0.52191380481266292,0.29844219756412182
5952,0.018912287705659402,0.97995223575375279,0.53809496453628625,0.32027379737718387
5953,0.89983725010041382,0.55266660832011849,0.52774845153774641,0.2963008842362857
5954,0.28288541045429888,0.76420619787919564,0.5327060656778132,0.30903203729701434
5955,0.77161976734547644,0.32033353554444621,0.50570509595901891,0.2796788210279329
5956,0.89188316434688175,0.85301935130996875,0.55044261230404978,0.31541537267951719
5957,0.42468297766958135,0.65832932497836882,0.52833335248052138,0.30274201205556761
5958,0.30476278901706683,0.67404355145000161,0.52655890987987597,0.30334403084220046
5959,0.70039874403778235,0.7512299822583679,0.54050852208348488,0.30914014195258338
5960,0.12435874801756583,0.99109608233239277,0.54324385777008888,0.32187224571276946
5961,0.053711725020210731,0.49707528300940762,0.50386129357951925,0.28960937071720932
5962,0.47988775812069656,0.088908675621973826,0.47753681317550295,0.26067643164414245
5963,0.76309896666783605,0.83627843344762232,0.54758320549124739,0.3144077596601908
5964,0.09014143575633643,0.80017250778638993,0.52879862864267513,0.31006137808707102
5965,0.58073646215490293,0.67908804477868834,0.5330875118326337,0.30442228085073131
5966,0.038989314255386126,0.25100117022771157,0.48128179163960977,0.27118528702380829
5967,0.57716335797026996,0.62781067093632881,0.52903903035924571,0.30106633633482616
5968,0.71356502278443656,0.68326185115106641,0.53559815483625617,0.30483297075529819
5969,0.86038170078831033,0.6000621786671575,0.5311069902800124,0.29946537110478477
5970,0.19307469832036878,0.86522950019590794,0.53716130401351347,0.31482501616972025
5971,0.82692262147582374,0.63032668836578964,0.53308054434722341,0.30145151472506504
5972,0.031606091702857525,0.43130967302004575,0.49733740328591874,0.28468080237542492
5973,0.74076607187109766,0.73285692291796445,0.53974772149174111,0.30800833943902711
5974,0.17013842936715812,0.5879408533399576,0.51569655352699462,0.29687056064507961
5975,0.31886322747670348,0.6199064662813093,0.52273030953622557,0.2998335287021936
5976,0.94053159401352748,0.25350353580081136,0.50140085493492159,0.27471041852323869
5977,0.29814492999858921,0.23612816076722229,0.48850041048284343,0.27195959098280903
5978,0.46705418329729004,0.95597654853641301,0.55067664022509488,0.32124933307116099
5979,0.73583108694400867,0.94907158843915684,0.55496262772447513,0.32109563945260333
5980,0.57344790794086875,0.69988201294102481,0.5345408342222645,0.30575086355656433
5981,0.86411381646461094,0.8185979332016432,0.54766596226679554,0.31334082070737301
5982,0.98524166843882999,0.91370549690368363,0.55570013275867591,0.31897355996708471
5983,0.52872946697179002,0.88260588109510718,0.54693838774227732,0.31701123457908692
5984,0.51397813960713101,0.49750789327375822,0.51721954107855173,0.29210090138891881
5985,0.47123711586041611,0.865613749367802,0.54458984469118832,0.31588783475094823
5986,0.78909381806965684,0.1545425487320288,0.48953928045801598,0.266740705905264
5987,0.95931691174305744,0.39810854696939935,0.51517016800258397,0.28551855188391634
5988,0.68864159241173184,0.25324820171495671,0.49807273955882958,0.27445377929505582
5989,0.57606381446492161,0.67336876125117995,0.53256387654615689,0.30404498433047034
5990,0.6694664051259519,0.7196920306439395,0.53767502498813813,0.30712709234209246
5991,0.91545135396822597,0.17068572360425024,0.49277885457176812,0.26816178782946448
5992,0.40395893536621008,0.015004858453094495,0.46777558433397681,0.25404308736872416
5993,0.80869981549520753,0.89520976224836191,0.55232119848420969,0.31794072825499292
5994,0.17755802456067177,0.26424457035850502,0.48766480899337566,0.27343633019094393
5995,0.054084052912646438,0.52297303097614789,0.50602249154714496,0.29142739464646039
5996,0.20232803916275735,0.57665658469930059,0.51586206482637198,0.29631696417502951
5997,0.53525580487962576,0.10688366182610626,0.48052698776887731,0.26234643021822329
5998,0.10363456782005961,0.48931137966805838,0.50521159050996822,0.28953107247940169
5999,0.87354544540852075,0.51041469074595958,0.52391956374924731,0.29341170742935857
6000,0.80843694399305388,0.57999506753230246,0.52882143385021718,0.29810995257312123
6001,0.88955967115071843,0.87999317717523085,0.55229540619145823,0.31702608238052876
6002,0.86902734788287206,0.80494400188751758,0.54674868446766445,0.31250782607210259
6003,0.29779049573334632,0.52837825129601401,0.51476713665196183,0.29352273393359862
6004,0.65279559985870728,0.58255118038420339,0.52673094542453669,0.29815741970394366
6005,0.40570597931480734,0.52972368238678902,0.51760065052042381,0.2940398422032216
6006,0.93820091024491703,0.026141864891618027,0.47733349445155121,0.2560929394654754
6007,0.65512959419331751,0.68308892108994768,0.53466921699387127,0.30477218843649484
6008,0.011579705434583594,0.59274707676608818,0.50978675305047538,0.29576438944602096
6009,0.055085824334004434,0.24265465031504865,0.48114287623552443,0.27069825110430862
6010,0.46772917596882907,0.99099791900491108,0.55301496039641673,0.32328537532020052
6011,0.55724553479993488,0.26485119060619039,0.49701049470487896,0.2751091265571366
6012,0.67101929932521898,0.95940497229689503,0.55466558222629025,0.32167577594952557
6013,0.6313479350149982,0.12800216872481396,0.48443296832732557,0.26432251295136522
6014,0.54528276931046271,0.3011659839185537,0.50026741091397287,0.27786859448229745
6015,0.25002073670228708,0.55508701191061416,0.51559470683440345,0.29512224026185946
6016,0.25330283468345882,0.25203054661197821,0.48880773473900785,0.27296721251624734
6017,0.26121540218844314,0.35035397986889583,0.49827166221207742,0.28053073214805213
6018,0.75754896984923403,0.045609934769768733,0.47732802347317732,0.25758163674677931
6019,0.57894211715500576,0.46030404225325916,0.51526506911654257,0.28961870856405653
6020,0.46309981393445049,0.50701617103660246,0.51697963594296026,0.29263705101913479
6021,0.7112661168341875,0.26615249622625997,0.49966988437355508,0.27548440996815304
6022,0.85585082817055513,0.30974473448825302,0.50581301355291008,0.2789525584130062
6023,0.029352285470336213,0.11061671756928554,0.46689205751846441,0.25971610016777219
6024,0.20017252818577691,0.39374985875928542,0.50033237193530422,0.283380380367803
6025,0.89131851540930807,0.39080973412521419,0.51372902538712228,0.2849665550047461
6026,0.39121017952637049,0.061833583678689324,0.4727193994990509,0.25805826748844368
6027,0.15653385655080201,0.05363067134387093,0.46548606103917456,0.25603879672752661
6028,0.0044853022158960814,0.3592426209992613,0.48979609591468171,0.27907357019663986
6029,0.33563636256806784,0.21524391990889563,0.48741061662828439,0.27048596930527002
6030,0.90357301275191138,0.86225868522628446,0.55122921606752107,0.31596561187030076
6031,0.74188502217045749,0.73171802593016766,0.53967902429755021,0.30793706354558031
6032,0.30008979250992418,0.63560337604087547,0.52345430210156219,0.300795354493891
6033,0.20332432619851315,0.45753769659112442,0.50600062643291988,0.28802086497751495
6034,0.6858711980337161,0.74420412038184014,0.53976344837193369,0.30868899005054412
6035,0.74600033619041783,0.55299752566075189,0.52575587637722998,0.29625303955443616
6036,0.34544591790960405,0.33997342280774612,0.49957742554433515,0.28016154671772664
6037,0.37759054875288856,0.24150641851221447,0.49101599333496343,0.27273891924299881
6038,0.37258932049690052,0.48194192919534401,0.51280530672168689,0.29059186689877364
6039,0.93982453220750917,0.82097747773508312,0.54873646798933906,0.31346939201243834
6040,0.32451041558213767,0.89935732079647723,0.54343977761787421,0.31751067346270295
6041,0.74906233758217422,0.81000537296334518,0.54551066993711583,0.31280414163092018
6042,0.25937346552734963,0.14068881422417473,0.47783433622352894,0.26405917199000561
6043,0.33257147122003372,0.69376895849652365,0.52880816664285257,0.30474043869219358
6044,0.59769448445072626,0.75402507669046759,0.53902552703670692,0.30921978495861535
6045,0.046848580478958325,0.87709440121446969,0.53240567890919721,0.31440771101874482
6046,0.49578328338497085,0.85719336813705749,0.54451105343684436,0.31542575078456297
6047,0.20925391119023554,0.90446612507960533,0.54040326276859485,0.31729136281024289
6048,0.6988972148392234,0.69588498629723916,0.53633764625577474,0.30563266854834298
6049,0.82217738985646283,0.82479955479475908,0.54757232074209383,0.31371922522359302
6050,0.8459449519117247,0.30553325741674053,0.50529002110096444,0.27862783100274724
6051,0.49687130211460173,0.7039877664171742,0.53337687851451632,0.30587856215790699
6052,0.47690570025780477,0.72769903130737368,0.53474745018305081,0.30735093168779409
6053,0.027567479285888843,0.64586595612865638,0.51466475696746528,0.29950728721898834
6054,0.060223510019376411,0.42886074607878694,0.49833595287930332,0.2848023263240978
6055,0.64870468929446079,0.7212718371037744,0.53745709658280438,0.30720826038091109
6056,0.064884113223932213,0.47803588211623721,0.50272825212623951,0.28837478361566021
6057,0.81607421137936187,0.26526086483880645,0.50104138579635471,0.27553214053967373
6058,0.65132918910464499,0.71741862156057035,0.53721078345981677,0.30696598793200847
6059,0.053121478308446241,0.41958011840231485,0.49723672576233974,0.28405680609049816
6060,0.30436251608129822,0.00016309584361733867,0.4637567196181433,0.2522891909961269
6061,0.97110640768784806,0.040005005959456323,0.47926411386383272,0.2573163781013279
6062,0.20698447916920998,0.4155464779284434,0.5024736697741603,0.28501735176575449
6063,0.50276502609917662,0.51076991219361079,0.5181125924711385,0.2929980772202444
6064,0.87366824007601251,0.86740521849273944,0.55122732491771198,0.31628025830633927
6065,0.86166757945202987,0.40371946319931884,0.51452498335106955,0.28588607317305548
6066,0.44395536540156466,0.2983562881833059,0.4979771481433457,0.27737689435472418
6067,0.36229150742370403,0.30103231484418502,0.49636480103223762,0.27728467498318232
6068,0.71516612510193378,0.15384798762368737,0.48843636452585604,0.26658742817276343
6069,0.92564640672950782,0.67988849272279772,0.53814414950105705,0.3046757017575431
6070,0.68681992166017891,0.72634635471807563,0.53844800712019036,0.30756313392941875
6071,0.76604777166520943,0.4377651871048962,0.51627420335109064,0.28826169976314725
6072,0.0097428613699390553,0.48525130314956189,0.50094907550919854,0.28829595412971482
6073,0.018325177786045241,0.89055082228296678,0.53205158458357937,0.31492904290000695
6074,0.21125836353920169,0.66531622835252202,0.52312185447317383,0.30229517969874453
6075,0.096229254318343019,0.52802763613794235,0.50814293323021398,0.29217825128539837
6076,0.1983670283022686,0.056451769784849608,0.46710509683292267,0.25658179136286818
6077,0.15660013952952578,0.58112377668792625,0.51468237045359333,0.29631199830070809
6078,0.59605886358023852,0.39277918966318248,0.50962609669041914,0.28479806245646516
6079,0.35473055434048878,0.55478040543113605,0.51843233704555591,0.29558079158638284
6080,0.059751427793002229,0.62627457598288316,0.51453883948881574,0.29853491655673392
6081,0.90320858698660744,0.39975809947560775,0.51467478185003068,0.28561947625830969
6082,0.2454405809688964,0.32465280579529937,0.49545123653267004,0.27850861913666403
6083,0.36934842537102525,0.18108434069150828,0.48480250005792741,0.26789421507847039
6084,0.15285115161811702,0.5642555105739856,0.51319274358660638,0.29513444710068149
6085,0.73434440086336117,0.50736605843285798,0.52179481646801384,0.29311876847163276
6086,0.85314308583758547,0.15262734744405607,0.49015988348571526,0.26665052673395784
6087,0.28116549055153739,0.99229427121077907,0.54848889314023275,0.3228242470772395
6088,0.22468982924429001,0.59081110564818373,0.51770621359177016,0.2974116702619472
6089,0.73132967701981544,0.75997059616270712,0.54161789524961335,0.30970457417205355
6090,0.76019242852126478,0.38759688569315476,0.51173420509605638,0.28464285462252725
6091,0.6649883832008695,0.43959616099441196,0.51492293997892713,0.28828292506642661
6092,0.49874426185350168,0.08773004616660765,0.47777734448103054,0.26063383500145249
6093,0.98361935150680369,0.91731244745502483,0.55592812805650049,0.31918540449559463
6094,0.64955702037030139,0.64099174897345945,0.53132126883158848,0.30203022087552417
6095,0.84289529947071573,0.24189881792612142,0.49909752804469232,0.27374610741288841
6096,0.38501958081553456,0.7465816323056701,0.53408487118959325,0.30830549257689005
6097,0.57993572950811367,0.039314728297025432,0.47391173315700719,0.25670665967193679
6098,0.64418818536178446,0.65343746616238496,0.53220323377035139,0.30283808436213777
6099,0.29258507888523166,0.60995487898654532,0.5212278549404602,0.2990525766788934
6100,0.57912336266407516,0.97744255580260653,0.55430551326302524,0.32265578563213254
6101,0.81664573943690633,0.44691634818891762,0.51776078049513086,0.28894907687558113
6102,0.48169246996660953,0.1890717072401778,0.48805942763428134,0.268934881575427
6103,0.23439722276037794,0.3041714365845663,0.49321717378897795,0.27688660492764633
6104,0.9779059406751418,0.32235913856852572,0.5084202796299192,0.27995871939787592
6105,0.11833669150102651,0.0026987428127438762,0.45857821965419876,0.251286894533988
6106,0.62122925849797905,0.90998708288766217,0.55050740844278756,0.3187480721025287
6107,0.37338042044324105,0.78592524394042562,0.53668397550246405,0.31074172107482151
6108,0.68644471880918134,0.77308457509846196,0.54189840909814635,0.31049492257798916
6109,0.66169589477119739,0.21585916323451093,0.49395767166088145,0.27148130787262892
6110,0.82176393610193632,0.25939141366364205,0.50054379086017065,0.2750844984758668
6111,0.88932252243856214,0.73876609192314791,0.54215891379089853,0.3084100607542275
6112,0.58001080785301751,0.95349291810201253,0.55272690536771485,0.32126596413261288
6113,0.17024134636634264,0.98201373113141177,0.54430890251578956,0.32165459486983672
6114,0.32617465191729134,0.63682144123989859,0.52425235787026103,0.3009874928464088
6115,0.026851475068053698,0.66512848910387845,0.51611228300595768,0.30077366587908916
6116,0.45414932472588265,0.45743307808629474,0.51256848357583995,0.28912461707331938
6117,0.6164600832605619,0.60892713701362955,0.52823681659943988,0.29987314150155653
6118,0.6353310501247994,0.14656267192469677,0.4864499767027925,0.26585730529126028
6119,0.59777536561681188,0.48481829232225426,0.5177001230489745,0.29137815677175388
6120,0.60621415538495649,0.14883766118594213,0.48620801495919691,0.26598517181806919
6121,0.28829725551021984,0.16455733840874165,0.48108095408776874,0.26617447635085917
6122,0.68813868186637994,0.51012327594155216,0.52133029005138554,0.29326365559627965
6123,0.33654828188758112,0.86273305779387011,0.54121983102122051,0.31534485822234321
6124,0.68481347649864632,0.4682193938939716,0.51771705594379536,0.29033620827816675
6125,0.81092965306293929,0.0038547008293331603,0.47326998516550228,0.25401594034940594
6126,0.85192344518270113,0.30180525579155659,0.50501126161038112,0.27835034920852864
6127,0.081789255278033671,0.48876617395748617,0.50431377212068573,0.28929612936379834
6128,0.67053989016468407,0.16013417122553802,0.48841970572563204,0.2670282069580211
6129,0.58101982746113801,0.11238920736467699,0.48193102409341648,0.26291911012454389
6130,0.2066420923986356,0.77655961019276887,0.53129232110948799,0.30941641373239587
6131,0.99607886936819423,0.8039289846685832,0.5481347355746593,0.31241185471354871
6132,0.46376972047562015,0.60381691490974043,0.52491064871579751,0.29924092255616164
6133,0.16058402957924411,0.38496214636535153,0.49824341389646543,0.28245823386980218
6134,0.44365439963618991,0.40658970843894643,0.50789149582277826,0.28543836748914392
6135,0.48216995181635725,0.57581307937713577,0.52304889214371508,0.29740416820321586
6136,0.82886582390730046,0.97437063604461738,0.55792844929933116,0.32255489814326216
6137,0.33601176053195964,0.82192129222195365,0.53832541151790947,0.31284647174247276
6138,0.93228978348256786,0.29515255407103108,0.5053370538644183,0.27789366294737194
6139,0.69682705611087159,0.73259574092120172,0.53907017899311327,0.30796556410412734
6140,0.75865486311655261,0.35787666565018006,0.50900905355353709,0.28246170193501785
6141,0.91616323615357975,0.80886380624481247,0.54759731261672695,0.31273931130870586
6142,0.7682639442006941,0.63220429464302719,0.53243411240614036,0.30154978806767302
6143,0.18456598079669057,0.37172990146299129,0.49786029387096831,0.28165068217443329
6144,0.71951025795772439,0.44407834996274903,0.51615419883139202,0.28866695280353377
6145,0.19363120645460441,0.50479618760353184,0.50968797536636579,0.29130132245265006
6146,0.87537859532359297,0.96842750593844107,0.55811991767473967,0.3221995099451192
6147,0.43771103917317233,0.56811496850800469,0.52147360512619134,0.29676550480762126
6148,0.12328664998515743,0.98149540724660045,0.54257068449723567,0.32130287547785336
6149,0.12182325291392627,0.14733435252368218,0.47420639087418615,0.26365032423185325
6150,0.038307664590037892,0.54363840855528833,0.50703891172866955,0.29269813177308623
6151,0.76982088398941562,0.93102912700459128,0.55423346537813301,0.32004742185695523
6152,0.13558236538517521,0.31231948722394881,0.49076838127177452,0.27682082042951311
6153,0.17091284519376931,0.68231924907307839,0.52308514010763596,0.30315156147623845
6154,0.55862386688500409,0.053239237174147275,0.47509693081319593,0.25785625388441535
6155,0.64022847550407747,0.50634256704155123,0.52024447824352738,0.29294263990936137
6156,0.8381279605022981,0.0095932513375650164,0.47427226556023694,0.2545526103640473
6157,0.83187620406352225,0.71754501649708258,0.53985307605448996,0.30707044175794945
6158,0.89050561551084984,0.4481739571484854,0.51880043728697756,0.28907489941231368
6159,0.52752169108480451,0.68264873058457165,0.53236332607146819,0.30456410445220788
6160,0.62048882735940869,0.34570694119354012,0.50576122574757909,0.28137330004253097
6161,0.26800965387102915,0.74863107715795052,0.5311321527774856,0.30797730410644575
6162,0.06327349499688717,0.70550591155212605,0.52075039317732086,0.30378640219441977
6163,0.54687803560203174,0.47287587000393544,0.51575735562124536,0.29044449177596282
6164,0.99190412991583576,0.28213922577163902,0.50474508360897297,0.27692850568072908
6165,0.41433939254771684,0.96932179219963732,0.55039720038724138,0.32191521515306099
6166,0.081394190685648932,0.52677347609197023,0.50745487540317968,0.2919565936222015
6167,0.45086858860518553,0.87498040244310393,0.54480439982604412,0.31640981332208151
6168,0.58923686107503026,0.22110797604025575,0.49328407328026763,0.27175932034619726
6169,0.10945879261222435,0.96038355564515809,0.54063961691184348,0.31995575371517099
6170,0.33081576533251211,0.88110169762904988,0.54234758900195901,0.31643593498174033
6171,0.49593528198447312,0.39280468819962122,0.50775335046815295,0.28458070271140529
6172,0.9258180842973176,0.23513982596813005,0.49942357075182969,0.27327677474400675
6173,0.57592286604590492,0.4265845087680617,0.51227281183187701,0.28720761716641496
6174,0.46814582445783309,0.83007964935781209,0.54202173997653147,0.31372075521797155
6175,0.10651801933114186,0.4856381570825703,0.50501277851715332,0.28929646882742921
6176,0.26206024070360001,0.32160367369489978,0.49564954573286657,0.27837149561850261
6177,0.34587521415521627,0.22663725001417334,0.48879179368466802,0.27143498154845486
6178,0.53342608022611815,0.85976717732617403,0.54543900428345127,0.31564399114737735
6179,0.0929923410271178,0.24833732375792461,0.48317045199733055,0.27151031931874581
6180,0.25770427641965216,0.62877115256116967,0.52171152380379682,0.30013800366989923
6181,0.67062922473392694,0.30717161296467532,0.50297713934920896,0.2785612170119699
6182,0.99464146526065889,0.70104091736193519,0.5405243121594635,0.30601289485184235
6183,0.74886910394997108,0.50089655477864437,0.52145982836140781,0.2926832371447799
6184,0.29759623970430116,0.72589618246149035,0.53028533860720461,0.3066635802225573
6185,0.6575923029437778,0.90479105910699587,0.55075683414198795,0.318466720160475
6186,0.20903576175345809,0.81348048026304465,0.53403200478767487,0.31173722302649631
6187,0.32138949940117312,0.6365638330211747,0.52410549706431475,0.30095073105876136
6188,0.8730246970895561,0.18949325593711111,0.49421081889867613,0.26963877766966615
6189,0.62307849868723419,0.52651518332628777,0.52164518145871797,0.29431129251488036
6190,0.96005879010868966,0.16714085126403952,0.4929113615162915,0.26790375024413493
6191,0.96149679489509432,0.3191405369264656,0.50793834853045305,0.27971253368144761
6192,0.58553588331922657,0.17311150148647139,0.48836750326330508,0.26791540953591586
6193,0.69007441507886402,0.18852341473527487,0.49163633242734156,0.26935114530533838
6194,0.28524658955443882,0.58767658459822414,0.51924727803932291,0.29751935343518626
6195,0.4999009866765351,0.91666872727466986,0.54870564988215542,0.31899484434254022
6196,0.62206696881327084,0.47434585224887127,0.51722406909869478,0.29068219678437601
6197,0.96309028298471833,0.12403429143548711,0.48841004112822217,0.26439150483776064
6198,0.61812796623912869,0.98251269478859615,0.55532682427102387,0.32298141156637455
6199,0.59650061773207275,0.3623851453718846,0.50688200029681707,0.28256735122942722
6200,0.77878257748148172,0.34004327393245187,0.50764325398847299,0.28115924788087804
6201,0.49335793149002133,0.21257304662150564,0.49065635553409326,0.27084659327560118
6202,0.87904855751680444,0.87668391743722607,0.55193848287673175,0.31683201105135317
6203,0.46868286124094155,0.44848984904797984,0.51210298113798514,0.28852851681869102
6204,0.46660401064063189,0.94884396992122066,0.55018908846887171,0.32083093771454557
6205,0.095364743815793199,0.81600710025924494,0.53013895465574279,0.31109379637149603
6206,0.51571707916028109,0.4333443571320153,0.51173626417327511,0.28756480380497274
6207,0.67425985050419113,0.99928361222167739,0.55735405445217623,0.32397507670617676
6208,0.27551051741872218,0.92690541714472929,0.5439595375494386,0.31895934985456342
6209,0.56486324399589805,0.21199998523349642,0.49194526468734451,0.27098447825020933
6210,0.37044016149140663,0.25551665725192291,0.49221037852984634,0.27380614136783471
6211,0.90858617701196354,0.82597530460836144,0.54873068432952976,0.31378103858515349
6212,0.27330907048363007,0.46774490610734792,0.50898448683147268,0.28915065023793779
6213,0.40837144994585545,0.86492848203518657,0.54314533658379949,0.31569976352687534
6214,0.7789998730167863,0.060265138725319412,0.47925372982781622,0.25886809663754318
6215,0.90426327038969612,0.1946469719998655,0.49510707819798988,0.27007269831026548
6216,0.49396258324064551,0.089000950595119518,0.47782252424243615,0.26072706168872894
6217,0.29365962122461065,0.71913997933730722,0.5296703741114015,0.306213458025619
6218,0.51912048868687122,0.98560252020735062,0.55371203644229339,0.32305651420757897
6219,0.96172074394399532,0.7255636463574483,0.54201278620869964,0.30757056571836106
6220,0.78977516765013578,0.3356344447072479,0.5073833905196885,0.28084094703196766
6221,0.72231969731071732,0.44998840513172328,0.51671050333720558,0.28908950158221697
6222,0.28053920706271895,0.63389358375925808,0.52277389481249281,0.30059168295848832
6223,0.62103804699849574,0.66084267761959936,0.53238893481352134,0.3032932804588464
6224,0.61822489904289846,0.41104970754169629,0.51163850401687561,0.2861632293854246
6225,0.86490851688188264,0.88877850321646545,0.55260106770373618,0.31755306625993923
6226,0.58242810513615839,0.80125883787298813,0.54219738115272353,0.31213981725494117
6227,0.89792053789250792,0.19572580616007326,0.49514255487115955,0.27015414959295092
6228,0.93551897305377063,0.47342298284821449,0.52151222965138877,0.29086268745246291
6229,0.21577996019934073,0.2082315878624213,0.48341256369079105,0.26927816832400769
6230,0.4053316356426454,0.45537067521970026,0.51130468246260785,0.28882550016328246
6231,0.246546569894359,0.49315226876334056,0.51036099303809546,0.29080347556540126
6232,0.41610759601664032,0.34652797108226224,0.50185727307739714,0.28092275755026935
6233,0.41640831793131072,0.39712100132039052,0.50644548176228255,0.28466125657913338
6234,0.5454473857589881,0.6668290650468669,0.53149232134035651,0.30357041663204509
6235,0.74646800930261381,0.78873693008882695,0.54393947415471644,0.31149629616898306
6236,0.36054213374884569,0.99209107767097893,0.55060662428965124,0.32309333433722009
6237,0.2122801859475556,0.91286314855614914,0.5410747881853486,0.31781145789044873
6238,0.41702782058928861,0.028516061770136002,0.46958305941527684,0.25527609242472199
6239,0.79052357215093227,0.96797301423799953,0.55699511200107632,0.32219246153431519
6240,0.5592509394072811,0.39896505968329732,0.50952086791466111,0.28517699014340131
6241,0.34324715790482008,0.65711227667900973,0.52627503369754058,0.30239245513814783
6242,0.39804251534038926,0.87341796896160817,0.54349434008388187,0.31618493666768049
6243,0.25351032876673851,0.29244232852623103,0.4926746543416376,0.27609989287440412
6244,0.94958554303277054,0.093328987502690877,0.48495198736032685,0.26183150132851779
6245,0.33993144356539706,0.84708559154976404,0.54021021516196588,0.31440416746637234
6246,0.11761551652733471,0.23639614426930203,0.48292679463822796,0.27078781984674372
6247,0.86690239008866488,0.68183471177216859,0.53758839396237457,0.30479971722397098
6248,0.0080043728623655618,0.63856068433170443,0.51320852147914942,0.29880162384755021
6249,0.66382279264380928,0.056653118831652687,0.47720654860579231,0.25837819339649765
6250,0.0027416695032152346,0.26023156435854033,0.48059363347839235,0.27149746771324562
6251,0.73296197939690899,0.57009615958483195,0.52696254815883703,0.29739844837045742
6252,0.068191909590584687,0.40891392782303743,0.49692471355490486,0.28342971024406116
6253,0.77099546858399415,0.84239610817859656,0.54812668748624893,0.31477955078437986
6254,0.0099279250481515199,0.73373764286522059,0.52049438017450311,0.30504853770755447
6255,0.76723207902569557,0.38994168532920304,0.5120441744138603,0.2848201044464197
6256,0.35492819820517907,0.20447671015172966,0.48681349158027498,0.2697128828549315
6257,0.11684759509550641,0.33859123764421095,0.49251203213828265,0.27865623232438685
6258,0.92936870247718184,0.16602537807238987,0.4924548258707121,0.26779527462800445
6259,0.86712299162555728,0.47722219578010266,0.52102377218615148,0.29110738208390524
6260,0.78102552469723163,0.152118618092977,0.48917830618258029,0.26653394010355241
6261,0.68629926384052964,0.16972997558022618,0.48965328449107182,0.26783230185151746
6262,0.43346492904172046,0.077522083210793791,0.47535270807529817,0.25955711311274943
6263,0.10595739433421987,0.63702703568550056,0.51723524292624179,0.29967372919506835
6264,0.91906641241979092,0.67931220569364958,0.53802344702603844,0.3046391485481732
6265,0.54934658609196774,0.73717582898131817,0.53689519621431991,0.30808960027102111
6266,0.091670179368893157,0.7463557226387203,0.52494784240356374,0.30667435453850728
6267,0.061268473931995686,0.75282673275145939,0.52417662411917987,0.3068086782641482
6268,0.29860093927952697,0.27922452108649304,0.49267369395932997,0.27532219008645786
6269,0.93093757999391535,0.30461895949047763,0.5062229462439044,0.2786087529893857
6270,0.84620382794506155,0.36800424687647026,0.51110488050617298,0.28327812671146207
6271,0.5475829531081835,0.36461436782366369,0.5062045936668842,0.28263254294565693
6272,0.087181799145613331,0.92997174518589165,0.5377154765000931,0.31796778563929456
6273,0.98358704246034612,0.9759644972836018,0.55985984725279148,0.32257685085061089
6274,0.99765925708116265,0.3247064393284847,0.50885216163946034,0.28013954011609815
6275,0.9551873707104358,0.76052330857819184,0.54453306086905684,0.30975627243362019
6276,0.70443228129638591,0.9468740677533789,0.5543469619648238,0.32096015364320407
6277,0.97011885858593749,0.44457010092522248,0.51940168581947943,0.28884079696626624
6278,0.77114363127792018,0.25727286877647276,0.49966167117281829,0.27487107584882797
6279,0.53474775230028904,0.8438161033071927,0.54434326084404427,0.31467931498744339
6280,0.47651759760918799,0.10540227643245599,0.47924420921786443,0.26205378649610545
6281,0.068777056046284271,0.32983774573329139,0.48987094140927401,0.27755791040543182
6282,0.37776296600998616,0.12198943063501502,0.47888580296824723,0.26308447541590041
6283,0.018734150691481773,0.7574704656887451,0.52264506020559176,0.30666511512900846
6284,0.38696310628495412,0.076698068718856677,0.47424757452844829,0.25931116194744569
6285,0.93917706725591565,0.90576347273067814,0.554649380334437,0.31853085075746451
6286,0.40068084400774678,0.37961511888072125,0.50451658793284559,0.28332321275355987
6287,0.578384136765555,0.67478651458249672,0.53271489632890723,0.3041403571776814
6288,0.20023939966900509,0.85565623899389764,0.5367292819851297,0.31428336854034056
6289,0.11616131005840144,0.51381234132108511,0.50772989672587054,0.29135875476274214
6290,0.51939080760715295,0.63559705003140266,0.52856069160234465,0.30147664076584296
6291,0.058872575872961901,0.036357933400233744,0.46015318552904683,0.25369297722620826
6292,0.30160280845364329,0.86252548647717342,0.5402662618560431,0.31519964567911168
6293,0.87246061903367522,0.1150012783554499,0.48641080662766578,0.26357742341804774
6294,0.14174812315398597,0.71110166018094179,0.52423113484318129,0.30481362588915117
6295,0.43082088458823276,0.3434999337212532,0.50190593048603416,0.28074560395633491
6296,0.15339019919798011,0.84269280321412954,0.53421395458015586,0.31318981370332799
6297,0.99058785671502125,0.76577367983137956,0.54530608614930043,0.31007058024690748
6298,0.0072221524443128148,0.51967602820174075,0.50368980202329661,0.29068666717910657
6299,0.72152613092047402,0.42265971566342053,0.51430440825307411,0.28713909903169937
6300,0.01804144702673657,0.040992380076937847,0.45903038600951157,0.25366424881371324
6301,0.54264255665912065,0.64339066814760448,0.52962005761648656,0.30203365091497414
6302,0.15782797402573051,0.56171442884657297,0.51316158099429576,0.29499686986840928
6303,0.57411352284423778,0.20178947176913498,0.4910843759911212,0.27019311286028547
6304,0.3456903252343298,0.60278848220614023,0.52207413425071936,0.29879736526583567
6305,0.70062799508919704,0.62478665338902506,0.53085769273705397,0.30101516705431069
6306,0.48555159676569748,0.83288883947584558,0.54258658414298566,0.3139279685142875
6307,0.067846918261435352,0.12179986886671977,0.46958816129166087,0.26104746750416136
6308,0.9740103655458312,0.47961520080416231,0.52247346062029543,0.29130032322222615
6309,0.31594337330533889,0.98797231622867987,0.54917234271907955,0.32270760042418767
6310,0.81035856211149371,0.37722712499330524,0.51148066517021085,0.28392867911541242
6311,0.38206412883818847,0.94000314114020445,0.5476698792640794,0.3201123140779501
6312,0.5425252143174526,0.45828355541854404,0.51442033939594289,0.28940371201313614
6313,0.20213981718228899,0.25679856048343941,0.48773551041252033,0.27302469531723761
6314,0.69359726178677517,0.47398993241131543,0.51834853119646973,0.29075211657626443
6315,0.43903500093758341,0.75144708392590986,0.53569455677709898,0.30876592881902448
6316,0.6215185719816364,0.9544986537801684,0.55352240003170206,0.32136087977961686
6317,0.782782850687753,0.8648342548850807,0.54986538983322331,0.31613116804702296
6318,0.65100642056191571,0.93209403431039539,0.5525077545562701,0.32007168314069095
6319,0.57489254514166399,0.7654862336845254,0.53946016977699507,0.30990824522432397
6320,0.92753503661650472,0.046573568946227897,0.4795313978258755,0.25784914647235135
6321,0.60280826877712967,0.73647091944786958,0.53781444330898764,0.30812045000322807
6322,0.020941007286135575,0.55990650457538438,0.50758851777933245,0.29362965847619393
6323,0.05233830904074712,0.50122143245713091,0.50414900852237587,0.28988716147928623
6324,0.94659786467564988,0.11944738926851424,0.48773965692204641,0.26400254610725088
6325,0.73408809720088042,0.87079490487213485,0.54958904188534474,0.31647797096573266
6326,0.32416222653259757,0.62409904403983385,0.52320132439148903,0.30013486759143432
6327,0.86296957242585481,0.92960898187869467,0.55536575593734172,0.31995422233668436
6328,0.65813080896210163,0.35576237165230562,0.50730485057602681,0.28218086813508503
6329,0.16623495287570406,0.34590955402279511,0.49491485404412183,0.27959481126744173
6330,0.60192984877248523,0.60240156621156493,0.52746522677491947,0.29941833911549087
6331,0.13178941418010509,0.89407390551940769,0.53700097299788574,0.31616643720836074
6332,0.70479433463263552,0.19374954454127002,0.49238851052119803,0.26979165075300393
6333,0.41965236949705287,0.8087301995953895,0.53942737978305921,0.31229279819407657
6334,0.52946508945628301,0.21474983546006263,0.49157040643306638,0.27111690320547965
6335,0.88410725687817904,0.98808699597200622,0.55952517160279314,0.32332293395750911
6336,0.45479276792349999,0.48791264083228308,0.51519009832802976,0.29127917124693742
6337,0.16288942453820493,0.6477388110011234,0.52015147352117974,0.30082360002166003
6338,0.53795443129680354,0.78543265433994824,0.54022555850053178,0.3110967344855966
6339,0.45723087139638374,0.43881040541286348,0.51101891382048215,0.28780423749076983
6340,0.96030742771908417,0.16039841891595863,0.49221344217089763,0.26735931958539499
6341,0.24115378675278043,0.046190381884889213,0.46722987319266523,0.25596952251851812
6342,0.91428392764985333,0.41402145560142822,0.51607797173120118,0.28665063409315816
6343,0.91834087560310729,0.45072483063688273,0.5193523029411371,0.28926432128719465
6344,0.15474283272238681,0.34393357798830843,0.49434414507315133,0.27936116813767387
6345,0.55659719621910475,0.69291950564574223,0.53370105396365453,0.30527728004607685
6346,0.73462524346489233,0.96778572711533628,0.55619429610458349,0.32217998802484205
6347,0.71408320158155414,0.1528976429340779,0.48832146889282868,0.26650836209368645
6348,0.27469003435132328,0.71478998458028076,0.52880634786683056,0.30584723891252563
6349,0.35003796795363307,0.82127229079928954,0.53864138470835876,0.31285605104468445
6350,0.57664352561683629,0.12718083797382423,0.48342724972638002,0.26413778559579792
6351,0.30259139951298714,0.97912456143075843,0.54822288928575902,0.32214321755907549
6352,0.051840739264700099,0.13512943580924766,0.47033492559935924,0.26199344946680364
6353,0.77296185403455753,0.58386545242256249,0.5286500309895632,0.29835033223155744
6354,0.58741087887912291,0.68455659684847336,0.53362597248082988,0.30478517642977854
6355,0.63251150835495218,0.21469092932759085,0.49337245035745553,0.27133745479169907
6356,0.12685475273201011,0.54724563684914029,0.51087556238573795,0.29376653382724693
6357,0.75559098415478365,0.65272455313095135,0.53385907917863895,0.30288344737271722
6358,0.080164607229607651,0.34111058572501646,0.49135042998792922,0.27851767263580718
6359,0.18530698172325502,0.87635949201643237,0.53767482847524406,0.31545459272258713
6360,0.58884352833257292,0.37151322761772898,0.50757952790962513,0.2832263416670659
6361,0.40527243213985348,0.31680388316734465,0.49885670837285179,0.27864877355940326
6362,0.82093500839598721,0.3030779109253432,0.50473693374865636,0.27842287619805994
6363,0.43500801806108791,0.37597791087754306,0.50496069389929843,0.28317058131178241
6364,0.24252817047428107,0.96245831809252269,0.54536883694430172,0.32090861296034029
6365,0.80678173538175191,0.50570543864391515,0.52266725288057647,0.29305655044598511
6366,0.18485037078234601,0.59579262283773859,0.51681978273576945,0.29750115966765428
6367,0.78588292812256844,0.53062534508685355,0.52446959040022234,0.2947569851366344
6368,0.63705730795325943,0.82329591234965482,0.54472431734053761,0.31355031988013315
6369,0.48481117507416055,0.4585713183466229,0.51330963617032188,0.28928907748506733
6370,0.5718695775475936,0.55238486409253673,0.52288251538157848,0.2960001500938132
6371,0.98430771038647513,0.74918745748096849,0.5440174384525801,0.30904301747414381
6372,0.003182695842476096,0.60395619069166717,0.51028276553087759,0.29642480621285466
6373,0.9386347512585228,0.032626311595726293,0.4780769596376368,0.25665542169553623
6374,0.069177975501085162,0.95203550922250146,0.53845640519546945,0.31912200955207287
6375,0.73640554148968085,0.089750009041687007,0.48191403099206764,0.26131000303382407
6376,0.29593198614256688,0.68194324388523819,0.52691998254217498,0.30382009504939428
6377,0.86955770520396769,0.27771110501670043,0.50292238202737038,0.27652986929006101
6378,0.6823514230899862,0.58598295766907982,0.52748035588542919,0.29841996146346378
6379,0.23180993866930949,0.26259394365794725,0.48919745094482925,0.27366488039160997
6380,0.19612305546809219,0.67368680070150888,0.52327322398792575,0.30275148409100777
6381,0.18215770667946199,0.42641932749958944,0.50262236828761797,0.28564192555926909
6382,0.76771175968047467,0.54709191027554915,0.52557942571823035,0.29586770514969335
6383,0.33265726316523503,0.27818442159552359,0.49346170664833494,0.2754032597602335
6384,0.59278524993961912,0.44010912334682656,0.51375800925592163,0.28820762330723343
6385,0.50290205537244914,0.10112244037260534,0.47930168765857561,0.26177414841628571
6386,0.32366704237785893,0.80990713088182975,0.53714103244770095,0.31205822511514703
6387,0.90108858001687331,0.3289320486657904,0.50816675102317288,0.28041850525843443
6388,0.69863536594646281,0.15702064480906119,0.48852286657991201,0.26682070616714115
6389,0.41290343812435171,0.96274109621114334,0.54992577970576684,0.32152774132479539
6390,0.081643837778305181,0.58936767148975056,0.51252886600005199,0.29625781001318879
6391,0.79222834235030459,0.22738633806166472,0.49700216720418516,0.27256458096255115
6392,0.60664014704861913,0.11051959214011441,0.48216613261781466,0.26281998786328659
6393,0.45868194342668867,0.1726690553869703,0.48592026727090709,0.26754000429834091
6394,0.41417097762861521,0.74899666917308927,0.53495098662568785,0.30854481073906725
6395,0.51251127899774584,0.1332961282766075,0.48290413624780792,0.26448024542219023
6396,0.0043580486965947782,0.68161517303540609,0.51633479618957001,0.30160306540738846
6397,0.78136202813639533,0.32126548465333182,0.50592641864658117,0.2797582841533216
6398,0.19048412318840857,0.32549547375360272,0.49384004596237691,0.27822739745344927
6399,0.28444963130742545,0.87010153942386392,0.54031357853801898,0.31558796818431345
6400,0.57782325409244517,0.1629898057579878,0.48719089410375099,0.26707755132870281
6401,0.42077990661166842,0.06795842488227645,0.47403894066355251,0.25869599698086604
6402,0.55811278173482282,0.52824027128982121,0.52063717598464454,0.29432227133808403
6403,0.79736257611430483,0.39408190959106432,0.51282939710428366,0.28514648089574912
6404,0.29654986893852475,0.99354098576983674,0.54900605756573517,0.32295822951261871
6405,0.73545799152312108,0.34720202502595493,0.50769503967057084,0.28164689966989875
6406,0.61543794173394573,0.94929621417153398,0.55306979860239736,0.3210529954183321
6407,0.88786196201770806,0.48429926854538502,0.52188268420938144,0.29160852133740517
6408,0.29541906574434834,0.54276230953425408,0.51588736839994398,0.29450444692454464
6409,0.54962835873587756,0.3333831121777534,0.50336898210829872,0.28031207008428294
6410,0.56667895097703436,0.77878292678660954,0.54028187812951778,0.31072638865968422
6411,0.92595675795335564,0.6609009158966016,0.53668493190984856,0.30345383199138282
6412,0.89368587829730251,0.054113664758799133,0.47999241309323898,0.25846704133597515
6413,0.30154229678345146,0.99996995496231833,0.54956698567037032,0.32334987870580334
6414,0.68513565781704389,0.5971943134780392,0.52842449589791207,0.29917197730456496
6415,0.90436165211783959,0.5292534499811824,0.52586741051790087,0.29471160120872675
6416,0.45963754013202851,0.47505587954829681,0.51419902382781901,0.2903881885718016
6417,0.71816930651754385,0.77883307851498251,0.54280333905105149,0.31087101067180917
6418,0.83304730317281794,0.33168454211110948,0.50758549174879919,0.28058163469840935
6419,0.51671291241458384,0.23207639959825901,0.49304827393048034,0.27245235906074533
6420,0.15438607064125828,0.72267282674490707,0.52555006937107085,0.30565109104926308
6421,0.69124112274841176,0.19114008657977685,0.49192027679009998,0.26956247862092414
6422,0.22424572315315017,0.75393947423816432,0.5301990051714156,0.30808807978552111
6423,0.42247787894726502,0.2444366944840993,0.49232470764635361,0.27313600011443262
6424,0.14440994385682279,0.31045420351416103,0.49090472542188962,0.27674855852258989
6425,0.1276767086580978,0.17737233268568525,0.4774588881022187,0.26615223316831588
6426,0.6238188938542153,0.47733877443022793,0.51750984466482908,0.29089518241064088
6427,0.42674572234769587,0.99150091557920683,0.55214815959039687,0.32323133548902433
6428,0.80151231497683328,0.76699808493476596,0.54312242739888583,0.31016611852204712
6429,0.47145007574878406,0.53743051085177573,0.51968832272815035,0.29476197064896398
6430,0.34221652591811724,0.56369513071669497,0.51884120142902435,0.29614050788108137
6431,0.76919514562803082,0.67692919969422516,0.53592183409461058,0.30445752594095904
6432,0.089496931328217039,0.29219504393400858,0.48719731781648185,0.27488426354273537
6433,0.14615181155564497,0.68471393751659204,0.52239737982981671,0.30313295709469307
6434,0.30893749893876959,0.57116873894875175,0.51857134143066375,0.29650930935536884
6435,0.20918870279964757,0.25394943224611927,0.48768010302131976,0.27284833370651701
6436,0.73830924567714107,0.58880836031887451,0.52855406339061828,0.29865779339897863
6437,0.81995885591068074,0.23839105097864521,0.49845833170986847,0.27345275245050571
6438,0.87371197373265175,0.66729122358850435,0.53655466024851428,0.30386489257469329
6439,0.96458215400200575,0.87539008347723868,0.55284110247666474,0.31672533310739354
6440,0.12929542391413124,0.79332875360545008,0.52981887180958964,0.30995102513545336
6441,0.49566508483862276,0.46055985198986021,0.51370193119956908,0.28945772159334143
6442,0.64769887309443441,0.780743612725183,0.54183562006660413,0.31094016688392379
6443,0.18828616795431588,0.25505037671766478,0.48712925996403594,0.27279441720764031
6444,0.87544277833778184,0.057791364104242536,0.48018930071370242,0.25876474878860173
6445,0.8464562188054785,0.61015085466291064,0.5317359374034859,0.3001295379013601
6446,0.70199858791910819,0.58304903357821758,0.52754792802059336,0.29824233894196295
6447,0.98846266997609056,0.043135807918605863,0.47980029257914403,0.25759732148670667
6448,0.10950029611872741,0.6274129475987168,0.5166217903167909,0.29906274417848977
6449,0.59935711535642622,0.73021663450690688,0.53728758590801962,0.30772041059086941
6450,0.53832606599143473,0.50356654424167946,0.51820198401109197,0.29257591804586663
6451,0.80461993284855282,0.59381775333142139,0.52988394986155585,0.29903108815139545
6452,0.0069861562071018854,0.098787900051416369,0.46471800783363804,0.25847158389959868
6453,0.24560172780236464,0.40926431666096907,0.50310261909047405,0.28479265675856069
6454,0.86525741017187252,0.64689098081052077,0.53486711125099284,0.30254225152145525
6455,0.25467158885515528,0.50642310751761554,0.51171531249712798,0.29177854991198504
6456,0.59787480135386573,0.98500901100459748,0.55514010467062735,0.32310955697452326
6457,0.36013276722679149,0.46842960115537285,0.51134717044371314,0.28958928796622629
6458,0.032022802480857357,0.28741249714778966,0.48443038992950871,0.27393908034853681
6459,0.53648906969941457,0.20815631847487528,0.49104214680421238,0.27061096402062135
6460,0.068821379424456972,0.20011282186150783,0.47754449031356616,0.26745669648350001
6461,0.53770104778426475,0.50026422234213686,0.51791178999748244,0.29234470890932523
6462,0.25975499846750172,0.67120188272326486,0.52506302520310788,0.30294741688222993
6463,0.73930688589547067,0.91192629461722685,0.55250051123994648,0.3189218904650849
6464,0.18646010337156477,0.43340080612598686,0.50337149232830092,0.28617614447692585
6465,0.28227974714603044,0.021388261821807829,0.46559013684016237,0.25404414797830333
6466,0.5127468496224028,0.30966744417356096,0.50045123631671207,0.2784351481254701
6467,0.36076992551229198,0.39043377825928621,0.50453732773664395,0.28396789630974462
6468,0.62978672896673671,0.54041816884822913,0.52291068696735699,0.29527395978117016
6469,0.78503388642108773,0.20714208519629904,0.49487824572690087,0.27096024693933618
6470,0.66973321681934184,0.93578830621399689,0.5530599349754689,0.32029862150201549
6471,0.19148018994844751,0.046235718145628928,0.46577798076800925,0.25565319690294364
6472,0.58763692426324121,0.91997186472810577,0.5506016547114817,0.31930724325246385
6473,0.70242425038659717,0.66432794646379767,0.53397301174026979,0.30360157613860822
6474,0.47093612764900322,0.62989370623108698,0.5271261673093518,0.3009927526643833
6475,0.34510560356463538,0.55637904017023976,0.51831934908840704,0.29565260800737486
6476,0.62060987814286495,0.88559965901236293,0.54882037982506882,0.31729807457851555
6477,0.38940306724539264,0.51594888653181259,0.51607307080547737,0.29303132553499722
6478,0.60572291602921902,0.29410752303256887,0.50067449567614486,0.27745818159983893
6479,0.30665031525496161,0.10603644760878525,0.47546427988175305,0.26142890920724171
6480,0.96369043864362169,0.40904233919732508,0.5161964578851983,0.2863071689918637
6481,0.11138493626617128,0.6680288971846341,0.51983588660737734,0.30176907464124408
6482,0.04010574828562094,0.86031631756218852,0.53094496044810269,0.31331505882134897
6483,0.34806576105462156,0.61696085730424388,0.5232586583402159,0.29975437913165359
6484,0.84279297426989064,0.0070576020982232876,0.47403666960811058,0.25433522504280254
6485,0.19530466819700087,0.62990345164065953,0.51985810418379519,0.29985587442447348
6486,0.085404615944565748,0.64011848306405594,0.51666799888876369,0.29969967964269606
6487,0.12970269595215797,0.039570173771737611,0.46305892540937449,0.25461139708517194
6488,0.15133507993804526,0.1362729217055603,0.47408058099857642,0.26297552876178815
6489,0.22511066923997133,0.27424318045299734,0.49011102659046485,0.27452833754323708
6490,0.076157581407402183,0.70635107445196488,0.52134754629258739,0.30396254176567844
6491,0.11070532967277105,0.79434348630165919,0.5291876879673435,0.30986871949601225
6492,0.30614854229801569,0.55217422632580859,0.51695167913743534,0.29520013118534005
6493,0.90062275341945941,0.08386373812024249,0.48336680117603031,0.26099929000673039
6494,0.48613936531563523,0.20100629395417638,0.48935344746615328,0.26990428951017165
6495,0.067585143309447454,0.28232618144870503,0.48541633818766194,0.27391528055877895
6496,0.18603225992586231,0.11804686732137344,0.47330714297246645,0.26171655109860648
6497,0.87237702331164624,0.48902986680419419,0.52209668906620721,0.29193210235981232
6498,0.56813833797328417,0.03457014059344074,0.47317547261657494,0.25626650263991746
6499,0.29222443302614848,0.10649475382772508,0.4751380036413016,0.26139364239327584
6500,0.26668009883397026,0.34338619410238463,0.49779027962669337,0.28003862917366362
6501,0.66449036129225281,0.44684574544097999,0.51554730353531086,0.28879848984136003
6502,0.19178387150944909,0.097685388052591596,0.47133969053046304,0.26004882908810889
6503,0.99227515931763921,0.63787138534205734,0.53562997037519922,0.30195295464609162
6504,0.60115448546932315,0.89695444131834667,0.54926668403374623,0.31795689907234437
6505,0.12221842912427383,0.81738256587336078,0.53127668818989604,0.3113971884182079
6506,0.5138679775895667,0.33280791886738736,0.50263632922880652,0.28018385527570033
6507,0.71310237557812373,0.17107513318130513,0.49019163882095862,0.26798217292938936
6508,0.37657917793790113,0.14749507767256584,0.48152574158155165,0.2651877892470913
6509,0.43071967175375908,0.033860181300889233,0.47047314928610356,0.25579198722097568
6510,0.56270295572782636,0.48860681004141227,0.51739304560622246,0.29158058908726192
6511,0.12633036883495516,0.30135924114562807,0.48941893606654652,0.27590854383556218
6512,0.8795028328374378,0.93996999019974614,0.55626820381515707,0.32055270572159489
6513,0.48332529756337173,0.38076639076840368,0.50641568540418624,0.28366519109459692
6514,0.57703478468625113,0.62921441821445478,0.52914719681195166,0.30115878048363692
6515,0.54096248063574315,0.0055500932240043765,0.46939868950880287,0.25365603472084536
6516,0.59038530552763258,0.90106027741850125,0.54935843944751561,0.31819022765899918
6517,0.92489391247761676,0.50881582218079136,0.52439831661172875,0.29331492572465973
6518,0.99374552616215084,0.55969907072008351,0.52938664849678818,0.2967803703139521
6519,0.5456302446710295,0.57172052735862089,0.52397282956458791,0.29726430243332469
6520,0.6270199102904298,0.23101141338221498,0.49490673920911121,0.27261443387443274
6521,0.21686079300552374,0.51752600429073214,0.51149169119177418,0.29233695117847214
6522,0.8159390886892216,0.28002661765186349,0.50246798466551801,0.27666530601138606
6523,0.33613854149194666,0.17786505644036224,0.48367056067930225,0.2674894577180989
6524,0.35417271304215542,0.8966172416960938,0.5440230089569581,0.31744869069509146
6525,0.2259899789908319,0.36178439825443787,0.49827001191034798,0.28117998439024444
6526,0.48463673718463401,0.79266415540663304,0.53968584903615868,0.311449116491892
6527,0.94324140534534817,0.37589659331854203,0.51298410261679572,0.28390160699958888
6528,0.90027669763675655,0.78528124398185173,0.54570778817659549,0.31129790334445651
6529,0.24311072601644557,0.28178595599293477,0.49136351065813128,0.2752197671382447
6530,0.75981227083661362,0.20937906702525216,0.49475864965599192,0.27110856980857051
6531,0.95372601314041527,0.84328555082577517,0.55047486287415437,0.31481159966395739
6532,0.49845924464390845,0.0083067435495904653,0.46893199147389331,0.2537780103062261
6533,0.60855871203053979,0.071292492869577839,0.47794411732079678,0.25951795473507733
6534,0.92021235511569544,0.5689310642733123,0.52931827249960028,0.29739921141027448
6535,0.92636178358980692,0.23134143108600985,0.49905265674030774,0.27298053732396371
6536,0.52390809836817209,0.72854807654767062,0.53576301106311564,0.3074992895570034
6537,0.57857977758889323,0.12023703200394521,0.48272482812005535,0.26356656536597312
6538,0.64088723548426063,0.43741606052060378,0.51434147726053869,0.28809341288389317
6539,0.42839478981042051,0.31415453061041193,0.49912654346785806,0.27852789120280264
6540,0.1859861229905975,0.17747900703208289,0.47941357513798016,0.26660420734580492
6541,0.24585223638551543,0.49775255853104172,0.51072723989679158,0.29112281490488917
6542,0.54844559339937982,0.39747227980195315,0.50918741750423069,0.28504545852435414
6543,0.077881757833191664,0.92684329596263126,0.53712417469586127,0.31770011804321224
6544,0.040229927691898773,0.709081575750385,0.52003037530991203,0.30378796384464579
6545,0.85573455363888062,0.67255565525823047,0.53673632479047617,0.30420193710962645
6546,0.77691935115956001,0.44392349786512786,0.51696384788495064,0.28870858555925766
6547,0.28038134998533643,0.96647688701798906,0.54675797279326965,0.32131517414959665
6548,0.94153585666724249,0.26490952702701326,0.50252620376737434,0.27559002468643795
6549,0.6735748158806586,0.50279590756701076,0.52048527377349929,0.29273942785041479
6550,0.54031188185246426,0.26807333597113614,0.49701010912117238,0.27531872173121391
6551,0.88175992867165476,0.38942927819864126,0.51348921738648312,0.28486186210532288
6552,0.96804425830178664,0.55203489522148164,0.52847918182805342,0.29626478675714163
6553,0.98833090723083594,0.19558654747832332,0.49613782079635327,0.27019471198513362
6554,0.57161036138393684,0.082959237663738902,0.47859357044325246,0.26042424609155068
6555,0.87847288195736484,0.86850766615777975,0.55136303140684784,0.31634504522413021
6556,0.64918641544691058,0.848302206374833,0.54669660883639237,0.31508011298365463
6557,0.36404401818563931,0.26556902000721311,0.49302816944268274,0.27456200283882137
6558,0.028919523214071527,0.58844725485815441,0.51022876081986124,0.2956668347742723
6559,0.28653693347751397,0.68087216149376484,0.52657532529462947,0.30370783626961534
6560,0.28616392827468229,0.86937461274861128,0.54031166618963378,0.3155512355635875
6561,0.98619541812128164,0.58734670893246077,0.53154974681203349,0.29862967106095034
6562,0.69517001836815617,0.21635508888984334,0.49452306825965264,0.2715736065966865
6563,0.50848786390199097,0.33032604294744089,0.50230057887899027,0.27998379140019913
6564,0.046607614827330696,0.67913027082333577,0.51804922072129578,0.30190196612888148
6565,0.16947368749160088,0.52660766909249368,0.51069348474085596,0.29265882810752714
6566,0.78413736422165536,0.84083619187163428,0.54819877930976646,0.31468752424375895
6567,0.46718363721953937,0.64532944095154532,0.52825504170008275,0.30200140956678301
6568,0.17266639583409998,0.40304816317314984,0.5002563881674903,0.28387433739647921
6569,0.25875452050502645,0.29354989461427328,0.49292977526223114,0.27621441944849345
6570,0.77109897094265323,0.358815565237531,0.50926908676222327,0.2825430650992759
6571,0.58466465579102511,0.17258946575556183,0.48829880161820216,0.26787126781847675
6572,0.96814834459427523,0.89429083979377766,0.55418593735083488,0.31784208442388134
6573,0.01008841863385169,0.88468845419454156,0.53126488149595419,0.31448195831221482
6574,0.36790691789953273,0.61720194923122185,0.52377486112235738,0.29984369991456661
6575,0.31475745948721889,0.063999674606800547,0.47114220053180217,0.25790448799787391
6576,0.093235805304965474,0.64274150937501118,0.51718273556671113,0.2999437701768406
6577,0.17068966108799216,0.51555900834972279,0.5098204227185672,0.29189824436551937
6578,0.0083156100941938343,0.67303845087768277,0.51586863788308412,0.30108629465952219
6579,0.93008372116930549,0.17507083807279125,0.49339833191973859,0.26852417226325959
6580,0.86381040055864722,0.39705705959646731,0.51395494966219568,0.28540567548588164
6581,0.0019693980531417764,0.92127327621924926,0.53337719090107072,0.31659983498492739
6582,0.5649712877814077,0.57340071387254865,0.52446962050573509,0.29741322759024463
6583,0.56066575718499956,0.80431122390459064,0.54201901878587722,0.31229912868738618
6584,0.51486180634625489,0.9351666031264817,0.55026084939512798,0.32011065974187491
6585,0.8696745977459126,0.29747191895319847,0.5048186918612988,0.2780344055783816
6586,0.43720087550395403,0.53629388308693893,0.51885667604633179,0.29458976535532772
6587,0.99384480538571951,0.67739632042410081,0.53871235661753614,0.30450535998636558
6588,0.47100202353693316,0.05614971423571697,0.47377799959813827,0.25785659152127793
6589,0.18236421938148561,0.95021005275939829,0.54260964165799475,0.31985959333470348
6590,0.72214795815622213,0.69480983963898624,0.53660781630553189,0.30558002761100062
6591,0.83964986649976348,0.75043315253643095,0.54240477876895743,0.30913943773586922
6592,0.028060831485653762,0.10854206821488915,0.46662293396113247,0.25952827927421834
6593,0.72466106199558122,0.39906935753728029,0.51225316387058206,0.28544055645893884
6594,0.750764910417411,0.97899402679217751,0.55717072918872368,0.32282756350819963
6595,0.056181606031057894,0.58687245581728642,0.51128267067083166,0.2958443042635453
6596,0.36518829838962996,0.53934249119282462,0.51742650604721119,0.29456132425982212
6597,0.70374196747789386,0.88453706181509195,0.55008879988110782,0.31728757454332696
6598,0.47325569164223269,0.91849769421253591,0.54827875656627445,0.31905539742045197
6599,0.42407168400055967,0.16386944978091633,0.48428405466479085,0.26670819751575303
6600,0.99422306883487621,0.14724603083535331,0.49120005312018777,0.26630992662030822
6601,0.18692929229902802,0.22703222046269803,0.48436689926705956,0.27058088119033913
6602,0.4536073907216196,0.97879652896389602,0.55190580254773569,0.32255223149492668
6603,0.62676462422312473,0.23606451306618983,0.49540209564156701,0.27301045080278175
6604,0.29089500923593298,0.83461522241564234,0.53800425166706656,0.31344977268385527
6605,0.57436700179543121,0.63488193090868883,0.52954406309379076,0.30152808441661777
6606,0.60292668562148466,0.13237506879452851,0.48442579808169628,0.26462547073960285
6607,0.62824217708410002,0.34678212447582046,0.50599025382463036,0.28146661522739991
6608,0.28700928642713702,0.81556972428326258,0.53653976890694199,0.31225894041696578
6609,0.45329140462892831,0.01543810857104836,0.46885985111546052,0.25426068740787661
6610,0.2037545541561791,0.55356048905079946,0.5140385751504627,0.29474780875500023
6611,0.081190184780734129,0.41887284760359905,0.4983142937304294,0.28428014076094449
6612,0.58602695226803192,0.8067997996253311,0.54266077169976834,0.31248565434719239
6613,0.54673209963355918,0.48400920030769196,0.51670529720030489,0.29122697168015815
6614,0.96663592086046701,0.092307909001351801,0.48502557272579472,0.26175716826371836
6615,0.4526546660659253,0.13644024667093763,0.48204444287497128,0.26455794598041787
6616,0.51657495354617722,0.29220470130861503,0.49887289832942905,0.27711508228515647
6617,0.46244430590405833,0.11561889397780178,0.48004957632220063,0.26286301619330937
6618,0.54186072878859715,0.65435249922209182,0.5304586673146694,0.30275045350902158
6619,0.048738948665920177,0.68787668512737155,0.51880431682879036,0.3024957636030603
6620,0.7201276948717773,0.18245835544044384,0.49146312024458272,0.26890930642358696
6621,0.17862754397072131,0.35947807032502027,0.49656014487581246,0.2806983479357828
6622,0.44976727871004263,0.021853090796072502,0.46951540090784061,0.25481115150124434
6623,0.23026823867553614,0.573716953730525,0.51650677486474028,0.29628456110011409
6624,0.30091979632520816,0.24074455148867566,0.48902511849324654,0.27233667758011953
6625,0.73177130595004425,0.53599615325318883,0.5241472340368234,0.29508441422666815
6626,0.080575077725166921,0.41254224600469463,0.49773743328152742,0.28381320555452794
6627,0.70924023783294254,0.91553598621083665,0.55230044149197621,0.31912617686103006
6628,0.11643230555866613,0.16542603420041271,0.47585650936717244,0.26508648652801814
6629,0.091115313063364012,0.20024750396545279,0.47841249205972763,0.26767876022477832
6630,0.80435643084518382,0.96427524042731394,0.55693575473564239,0.32197771368596495
6631,0.44938431090001252,0.34276839124414837,0.50224123753181937,0.2807498619143366
6632,0.65043950965203112,0.2570622809598106,0.49784709480050049,0.27468932386619654
6633,0.32586274885957828,0.8112686220584554,0.53729698683742055,0.31215087594099455
6634,0.19335912085763413,0.51803225537111286,0.51078112044237833,0.29222423091336236
6635,0.092366311371105264,0.053989457662671339,0.46332201438283888,0.25553641904166252
6636,0.6663569723795052,0.49257202066608008,0.51950585899908608,0.29201965642881533
6637,0.44852415406518847,0.97032265817442676,0.55123281192929396,0.32204957018548286
6638,0.7098052153336466,0.20940422810158926,0.49404445925483848,0.27104485760444291
6639,0.15291882225623121,0.41919810029120419,0.50100143328800595,0.28490756215335145
6640,0.24094952009260889,0.81914056676056934,0.53543945410220661,0.31226156191114857
6641,0.97537252836570842,0.79012708597568559,0.54691571896814506,0.31157607974222712
6642,0.52064898719080965,0.80292376393663001,0.54115397571006185,0.31215140216333642
6643,0.71367097334434515,0.028016492688015569,0.47472895279331462,0.2559917619330449
6644,0.85720901787843329,0.5148346639230964,0.52408752444999751,0.29370990733683661
6645,0.35669291564073646,0.3873015656163567,0.50415640082147883,0.28372159388277124
6646,0.85819539817840562,0.43942389452537756,0.5176397316272956,0.28844075173744538
6647,0.7832394216663553,0.96074255144008203,0.55641436712323955,0.32177536562777398
6648,0.20658612866975601,0.026792693152918948,0.46408384576867145,0.25406460418492588
6649,0.21711096227861709,0.85752399981446803,0.53740633072078925,0.3144934111905307
6650,0.45630563755497572,0.12774788684373489,0.48120681257042164,0.26385118795291324
6651,0.074350492349464919,0.5941663670259878,0.51261527900999693,0.29651508218462286
6652,0.36357266488667811,0.96855684332387759,0.54912573839925738,0.32173380719784744
6653,0.97596427596545554,0.29085792558490065,0.5054113957611952,0.27758587219816
6654,0.015680703322903722,0.15321911858973328,0.47068515351605655,0.26309215515040768
6655,0.29617128944926663,0.63696793171047472,0.52345278291267117,0.30086815370151154
6656,0.92682777051787135,0.3803151851048111,0.5131980941704245,0.28421812699136784
6657,0.49807135648980039,0.033288505198981147,0.47175712834737665,0.25596403935156947
6658,0.59461558842390083,0.02543469992122846,0.47259389396880919,0.25553442895026723
6659,0.7258319741167244,0.51307976913248421,0.52214966888648495,0.29350580441747004
6660,0.36984579972891374,0.90151516027200274,0.54475257093320251,0.31779123592055919
6661,0.16786281927219826,0.43259947917194808,0.50268173307670294,0.28598851798958091
6662,0.59348276354732232,0.72087477801473576,0.53648458306157909,0.30711985944342679
6663,0.31147944454801035,0.3817206457999186,0.5024979175926888,0.2831140033160584
6664,0.90196256428711352,0.32131788116925164,0.50746346857632241,0.2798497464416802
6665,0.25212665753021141,0.61622816824718618,0.52055963608568934,0.29927238294117053
6666,0.3753791729111341,0.61670242709523304,0.52391862536060552,0.29983671058926126
6667,0.45459369709464953,0.11433272914554692,0.47975203683577494,0.26273006761473039
6668,0.54804623148570542,0.50465710170314415,0.51847756221804109,0.29267150873370051
6669,0.30044067685498155,0.26865687200346727,0.4917124342837183,0.27451359753208493
6670,0.28859730398954125,0.35073341602509611,0.49907432718275146,0.2807032415133307
6671,0.092753782468184373,0.13306723730604864,0.47169245350453004,0.26221835963594159
6672,0.2228852060107398,0.56231357519462477,0.51535582991205053,0.29546380222126506
6673,0.93717780893781455,0.70433802150319103,0.54013899439544721,0.30623400930139572
6674,0.6636450032349327,0.25342487023387805,0.49770221259757796,0.27442881166085364
6675,0.68579327493583553,0.70140501040051462,0.53655352355703845,0.30597564656625015
6676,0.30149422691838118,0.36987755707256731,0.50116420965059305,0.28219150142955191
6677,0.26761076416455909,0.91142122055030206,0.54267624137887849,0.31800153347645044
6678,0.16969734104167439,0.8927836937192013,0.53827489427062647,0.31635027241829511
6679,0.066611538665939593,0.20140846548933772,0.4775857053358975,0.26753889368634493
6680,0.99430464812816366,0.64153566879235446,0.53593864091940036,0.30219097065291078
6681,0.021184440721163992,0.95305651513641942,0.53641523189117446,0.31870965467889445
6682,0.017199050207773688,0.16662257204336348,0.47209996002595889,0.26420470816064895
6683,0.25082043993192493,0.16003893564495958,0.47958644726444027,0.26559870730527529
6684,0.88473455088696218,0.25293617264492207,0.50069710829889258,0.274634055450592
6685,0.76992590982440168,0.95562271739033755,0.55588821966031621,0.32147912072960444
6686,0.71562034035752298,0.85748460609327304,0.54838523236568981,0.31567270782367701
6687,0.60000493747337025,0.48739457877845271,0.51795827249312454,0.29156220034435637
6688,0.75730742282063013,0.14555968934587438,0.48816838887741815,0.26596918249586504
6689,0.052066267924255227,0.34175838737400482,0.49027834862986303,0.27828939489680865
6690,0.40202906576147074,0.16159690330215964,0.48356373947110398,0.26644206119349506
6691,0.99774963052590615,0.35241858802271309,0.51143079547618464,0.28219464994365184
6692,0.52410703222210286,0.86168949551481056,0.54539227228376574,0.31574573704015907
6693,0.22246751517268132,0.22467629850030646,0.4852368346655373,0.27062888773238269
6694,0.62906921597450272,0.31314283038786378,0.50286951738294805,0.27894573382419036
6695,0.005191406492667739,0.85784016048904743,0.52917470508953479,0.312786329428897
6696,0.24519033472581067,0.55085728869646566,0.51510544379256151,0.29480574314460595
6697,0.17533232222333317,0.33815655167662773,0.49450996591773622,0.2790776960966837
6698,0.85657125370415166,0.53671836215500957,0.52590318267229352,0.29520708629660702
6699,0.56326619570882763,0.93042662919849395,0.55086789760060317,0.31989669351621774
6700,0.22321037328528473,0.26714394197076324,0.48937567112686031,0.27396587073330053
6701,0.48519659200714671,0.59723116031928225,0.52483415948073586,0.29885270400986508
6702,0.8389523687728565,0.5914498136135401,0.5301445397133826,0.29888685600628945
6703,0.18722215380383422,0.5065004450469861,0.50962002442464627,0.29137831300544881
6704,0.79835701002905846,0.051676197863428391,0.47855017817323015,0.25815719546822241
6705,0.94923189992002444,0.66377675486587695,0.53717332882506652,0.30363767597107655
6706,0.5375674068680848,0.67290612222509227,0.53181012336270206,0.30395129669791682
6707,0.46492180916682124,0.32343857669777937,0.50077744463222507,0.279344885756943
6708,0.38482263876224171,0.26076316436523339,0.49305757620577517,0.27427167588654222
6709,0.10472432339790975,0.86066355762950841,0.53365551557343816,0.31392583862913559
6710,0.54242890542071542,0.50257679201263239,0.51819650486352387,0.2925154762509799
6711,0.90915402316256655,0.69773381793786537,0.53931278802046245,0.30581681641853348
6712,0.40656743890735092,0.0036093272796017123,0.46653462049488625,0.25304864963285928
6713,0.81565809164199754,0.38655486236979486,0.51239479518053299,0.28461311406063755
6714,0.096997324298054452,0.16379063373893732,0.47498582401339817,0.2647826930212091
6715,0.0033337106531835161,0.092972748090967075,0.46395226199260919,0.25793894863408656
6716,0.63761481383572105,0.72566212150118081,0.53760245256845562,0.3074756499955974
6717,0.25488001136983512,0.035978091601829514,0.46648291257290309,0.25516473716225568
6718,0.99444452059747424,0.54794605762428839,0.52842963987108593,0.29598797643907826
6719,0.60384499039318185,0.25461359601503936,0.4968371654381738,0.27441413176746388
6720,0.038254218169546224,0.24723144895959415,0.48089046788267575,0.27088183713437519
6721,0.50351631218109982,0.74532258688964659,0.53660599017968957,0.30852337161595988
6722,0.72844989669738569,0.45482921829092088,0.51722121856972536,0.28943855279427705
6723,0.48437028749239397,0.59439007223233353,0.52458971350145323,0.29866029303420177
6724,0.67885758063319379,0.61921571757128702,0.53007908355528055,0.30062753232028044
6725,0.60075822443057547,0.84331680384789365,0.54552276747491557,0.31473399375518235
6726,0.26037501653310613,0.68062428521410334,0.52580252609390488,0.30356576814726588
6727,0.76076607715183642,0.92087504694679523,0.55341782629537961,0.31945173231314228
6728,0.6493099035213119,0.4471810106696445,0.51533150789727034,0.28880151168950879
6729,0.091564888748934023,0.39800055300971726,0.49689044288083151,0.28285081530660616
6730,0.24869126599229641,0.80935202173033027,0.53497501822477622,0.31169423150963405
6731,0.4561282382216188,0.30806607120643603,0.49915263671177545,0.27815453636509513
6732,0.51834683272013204,0.531197805599391,0.52012441920225205,0.29444505524466025
6733,0.79100654935106873,0.16056375037672699,0.49019158392905038,0.2672320558182974
6734,0.88761170192878935,0.7396924872268108,0.54220706590430823,0.30846820816580472
6735,0.34671906124349916,0.21289887399539584,0.48745262096756709,0.27034885320176033
6736,0.82763289212087399,0.9461854241128197,0.55603349716232542,0.32092696241665036
6737,0.8410678392727976,0.19953195704253157,0.49483793208033761,0.27041166725124804
6738,0.41075787693526361,0.095777600842819097,0.47683832716250896,0.26101954395280225
6739,0.030219633401825558,0.042602763983129989,0.45970382808827859,0.25393742384538603
6740,0.44675071210832107,0.46792494733295176,0.51331153478107105,0.28984742942338487
6741,0.54652463345316937,0.70383804295040897,0.53434029174505981,0.30596195644317115
6742,0.043205492388608401,0.78834542288192311,0.52598207275376718,0.30887844515195528
6743,0.95880744220792558,0.48359023547786056,0.52264543313615408,0.29157521333267233
6744,0.047768855919467751,0.094847315041592814,0.46598933554688204,0.25858676125986285
6745,0.591310535933252,0.43815123108621923,0.5135610102823992,0.28806510800745511
6746,0.40551687169907386,0.37186344949909256,0.50392769640072688,0.28276848102043295
6747,0.80327480312363475,0.10779369586637477,0.48477214086435111,0.26290802392050022
6748,0.20351548744655448,0.73326807554877604,0.52800788897130635,0.30665169526462233
6749,0.8726965101652896,0.9158375520963572,0.55455155086576569,0.3191459972157461
6750,0.5142256907685776,0.10668499671645695,0.48011374074700569,0.26227267277340893
6751,0.50783511259238001,0.67678078005010034,0.53152534993844303,0.30414580717804951
6752,0.20004014083686053,0.39939772798247869,0.50082911075044689,0.28379373859037038
6753,0.91514128411094431,0.964826627605327,0.55835547045206657,0.32197590477869359
6754,0.27162200957635652,0.47682868143260715,0.50971078825320126,0.28978608439705722
6755,0.42776095798403257,0.11288983269660967,0.47903491760114286,0.26251739136753954
6756,0.84535272761959357,0.039464304265927057,0.47776983163532177,0.2571603083843807
6757,0.72899318426715909,0.74304818520859117,0.5403332201399943,0.30864372407020702
6758,0.93760447123813218,0.22186531584280311,0.49823517261093742,0.27224468665098972
6759,0.96789946715628039,0.898446400319587,0.55446864864129319,0.31808705003065468
6760,0.75534584442271158,0.75138487877616433,0.54133327366019124,0.30917879960716765
6761,0.20546119354275288,0.92423189521807947,0.54162704275392659,0.31845251710298772
6762,0.97943935023605599,0.82965070503152671,0.54979338962596003,0.31397963941975088
6763,0.18880928646734682,0.46639896944166398,0.50628870670102777,0.28855778014410455
6764,0.74275084932321922,0.98978210757308405,0.55776682690248136,0.32344623894785196
6765,0.6200222648125957,0.84164643529379979,0.54573856636277918,0.31465197242463544
6766,0.19855189394723857,0.80862586946113735,0.53334279159367726,0.31137416690930281
6767,0.85866441027953988,0.2086381058101193,0.49597735734307791,0.27114878230971767
6768,0.074489579776220491,0.053860744895727841,0.46264871817923731,0.25535896019608295
6769,0.69109379110477176,0.35971768304827856,0.50818447488231511,0.28251982520556135
6770,0.26197077937588331,0.69409592623213545,0.52687472603185004,0.30444943327268958
6771,0.65646800310980769,0.9396879227080267,0.55310936820289547,0.32051962490159885
6772,0.84951879456116586,0.025193289219506552,0.47620082590662105,0.25592810419179784
6773,0.37277055283788363,0.55789531168964468,0.51913310841885929,0.29586067819857725
6774,0.36444898052603236,0.65623260368105252,0.52674257909929645,0.30241272618310217
6775,0.95132261570802656,0.34846595552092191,0.510560397243219,0.28189023893874293
6776,0.66933387543415879,0.10401015447593527,0.482471218085683,0.26239850885738841
6777,0.15488764852002496,0.55347959032797955,0.51239051852062811,0.2944105313780504
6778,0.76654605186282432,0.059567434643965682,0.47900930071276493,0.25879188590195756
6779,0.48662193084944744,0.12751645641516662,0.48179366930007483,0.26392724121602645
6780,0.38624657630369769,0.18392893478287151,0.48548549179136852,0.26819218345226242
6781,0.61752138074644614,0.97476644070214824,0.55480391814826258,0.32253378399230653
6782,0.60527256076264901,0.9965305540261209,0.55602771258344874,0.32377810612636043
6783,0.47945432247024733,0.050757466727041178,0.47334788011759887,0.25741932363355585
6784,0.74715775219382485,0.46086910435104511,0.51801584204483631,0.28988284333944292
6785,0.97129690313321781,0.0904572106306092,0.48487352480011764,0.26160496215735457
6786,0.85445324800048261,0.96047271463224904,0.5573314768247658,0.32174788165104312
6787,0.75809148975874996,0.23040309937222631,0.49683579979087755,0.27276339211520989
6788,0.81536487946681446,0.021223406322055962,0.47532408223810052,0.25554341615531406
6789,0.26823312977944735,0.67483290034969112,0.52558946530289674,0.30322698196237163
6790,0.79658951496997621,0.90936661540033537,0.55312914423490067,0.3187768013137024
6791,0.6662177121710382,0.25824463249483381,0.49821292220636537,0.274806852967594
6792,0.17052762536649826,0.096959229219483675,0.47059406615448252,0.25983668531962639
6793,0.42327494789775227,0.85533971350261717,0.54281746258719821,0.31515700382896183
6794,0.73256195160412463,0.62289985704097195,0.53118793350991955,0.30091583298001207
6795,0.39254705996265404,0.84273759036095575,0.54121400625830141,0.31430685807687764
6796,0.67860043117994207,0.041316115171241112,0.47571670825041329,0.25708495043991603
6797,0.046585912265826486,0.40409118362752489,0.49561067460633973,0.28285886487475348
6798,0.060805760067317166,0.19415456879547566,0.47663970838193181,0.26689875022467563
6799,0.91783320812407188,0.1882920685817604,0.49461600511285714,0.26957518441844802
6800,0.90934948764900914,0.1856984988755663,0.49425289204724926,0.26936232731675364
6801,0.34198020658927275,0.40199736850020712,0.5050994551390342,0.28473669288363151
6802,0.41055371424780462,0.45814156122069105,0.51166367361336396,0.28904023686589336
6803,0.21393963025346166,0.90587629262077396,0.54065089143825229,0.31740195220955636
6804,0.314682103312586,0.86678481466775992,0.54092140963573743,0.31550992016423074
6805,0.84789117051555074,0.30533220314712961,0.50529547124132412,0.27861405561028241
6806,0.76787701038768286,0.62423750860950677,0.53180104452921162,0.30102615624659446
6807,0.42800762558552674,0.52852812487554046,0.51800949095208493,0.29402740241270686
6808,0.73788196676386286,0.97784838464885249,0.55690901377271373,0.32276054773641349
6809,0.96750047136732609,0.3059288890697644,0.50675591604292769,0.27872230958023114
6810,0.16484615767445648,0.78747449525779822,0.53067810078845223,0.30983886569292574
6811,0.74062665849189513,0.038075483008602168,0.47624752241869334,0.25690661785998847
6812,0.18432922333128518,0.65231189301494741,0.52123741341231455,0.30127101625850028
6813,0.7690951055050711,0.87921445582137681,0.55067570493147411,0.31698858445510808
6814,0.43683989899092124,0.34073085095576244,0.50178246623131439,0.28055787615429251
6815,0.73415932293640229,0.2747928089958499,0.5008409903314307,0.27617882883431444
6816,0.45622100817592581,0.81752974049850602,0.54087165906499846,0.31292459728956723
6817,0.035459654652245813,0.81072912999138946,0.52724440060421529,0.31020107984276446
6818,0.086409043968713378,0.45864708384341796,0.50194876036118574,0.28719779020397729
6819,0.68067411581174242,0.91814485832263015,0.55203738076452968,0.31926808305092597
6820,0.51903878922375157,0.84927450897517853,0.54442152013979372,0.31498595287504544
6821,0.31001157242987537,0.67976042532607683,0.52713961116097985,0.30373922433520273
6822,0.5859279922377435,0.14756870391221019,0.48573027110101485,0.26583746503730588
6823,0.65829589022650614,0.061940375505469276,0.47770798994180746,0.25882056871759063
6824,0.17149039246387549,0.73116836895282622,0.52678031346991938,0.30631421503450401
6825,0.51413126932681774,0.9033998067455018,0.54808435568066405,0.31823032570659193
6826,0.6831780587917311,0.50850725265435182,0.52111720842841958,0.29314632843895699
6827,0.61403500477789197,0.60962961967763263,0.52825104963343583,0.29991652125806606
6828,0.2797870717065758,0.93166934386907385,0.54440531723277363,0.31926061224283642
6829,0.29566808904592184,0.14303281184654917,0.47906077220748911,0.26444885794330864
6830,0.72575420900519239,0.66232416198333954,0.53416947160885631,0.3034886816739561
6831,0.68894106671962663,0.64785717747324378,0.53248662930458368,0.30251844960040614
6832,0.11588419419057901,0.65774419628587788,0.51921749387656269,0.30112876546978379
6833,0.79454864829267613,0.65734569939357457,0.53476055572298242,0.3032022404542753
6834,0.87000064799197718,0.34540273496479501,0.5093241576736558,0.28162620793071202
6835,0.18664338449732168,0.20579805376926671,0.48226631430612299,0.26888906500058007
6836,0.84693435037845044,0.28734723092155762,0.50356852640598104,0.27724919691173
6837,0.98507976201759895,0.58501046370960552,0.53134936349077222,0.29847436220859286
6838,0.99555330552413368,0.17205056544305991,0.49379961696414837,0.26831707829776369
6839,0.26074189866221276,0.05675352004597662,0.4689330093961625,0.25699575465000568
6840,0.0098482341847964568,0.12823376940771705,0.46788996574741926,0.26096482581007618
6841,0.76261863802814633,0.69003268081824065,0.53683178187898495,0.30529644523106969
6842,0.44082866060162196,0.74089277842621082,0.53495297011184928,0.3081030567898001
6843,0.58492924427987314,0.047201911320292854,0.47487968295391736,0.25740020397935143
6844,0.051362673917075156,0.82379578597474623,0.52887044528713689,0.31117518270666994
6845,0.85023469685922615,0.41656889157973931,0.51552581162170519,0.28680466054206427
6846,0.85705032418154892,0.033702385109278837,0.47725990430248832,0.25667452886089948
6847,0.13013149555855197,0.00096055252676596867,0.45878200143082365,0.25123058143700849
6848,0.81282410546912587,0.96943502107922686,0.5573912611341324,0.32227401840966069
6849,0.46279912732521777,0.51617368114989948,0.51774013024517451,0.29327227723359994
6850,0.45336010800426596,0.35965944090929119,0.50387534000335588,0.2820205288878041
6851,0.0053047065486782228,0.068274001388798938,0.46142736429985076,0.25586530187255352
6852,0.38663130888108865,0.89588173500898993,0.54477568127173115,0.31750357454922207
6853,0.22722434594085208,0.62513387083340199,0.52050345122204178,0.29973020826898555
6854,0.58935377872643302,0.08475372485999251,0.47909422388892453,0.26061754979978602
6855,0.29143507542629959,0.8419469944365906,0.53853771739707035,0.31390181490515934
6856,0.67431903354205425,0.0033170374729554171,0.47132492342821197,0.25375918198149106
6857,0.21658051240214846,0.91350358110732643,0.54125648098415446,0.31787330095986638
6858,0.98797386305768753,0.20354347135879799,0.49694187107971072,0.2708254953775826
6859,0.76209025204243375,0.24559828014714877,0.49839270033531247,0.27395501865379634
6860,0.070308735186664861,0.60030211226049579,0.51293621901590369,0.29689169760982143
6861,0.70040861572538271,0.96022836816658974,0.55517923287913074,0.32173488298115926
6862,0.84056536196981324,0.16263815683884314,0.49104660941561157,0.26745143083536072
6863,0.94422308016453171,0.17561272197217914,0.49361272603418738,0.26857635895929594
6864,0.22095991857048358,0.81791716972525474,0.53473016679338581,0.3120794363980875
6865,0.045851234187290542,0.77245926295731926,0.52494842592933122,0.30790311878290721
6866,0.52071314814252556,0.32309725835119607,0.50186473307657309,0.27947065443443353
6867,0.75690921708283709,0.61425968435230904,0.53085605388489088,0.30036171746153767
6868,0.95211418158333982,0.7157654280626099,0.5411703589299931,0.30695503363723492
6869,0.55233858611475439,0.46738503394742731,0.51538841332462237,0.29006819347236806
6870,0.82160332106432177,0.14234751549019711,0.48868582345853978,0.26578110243976211
6871,0.30234741755098804,0.99085099880647609,0.54899018885380346,0.32282441278392271
6872,0.96722559787331852,0.33745381050737344,0.50971514785894356,0.28107985807408392
6873,0.34873293055241228,0.48829323889246445,0.51275327941894133,0.29094674688611361
6874,0.92371109358343539,0.1781913754537818,0.49364743896420166,0.26877063451970978
6875,0.51639077511666109,0.18530673148907956,0.48835608862213054,0.26873052194220104
6876,0.91525735429673227,0.48919783872383416,0.52262609235803803,0.29195684594127402
6877,0.34704006202366439,0.66787129285970015,0.52720249507910688,0.30311148308004426
6878,0.58770504142163549,0.15225970453902848,0.48624979729964435,0.2662251714338702
6879,0.0882133032370708,0.18617124969222351,0.47690572123125974,0.26651922559303365
6880,0.91096952461801706,0.59859665593785472,0.53160439148100169,0.29937665453584883
6881,0.45769735832229491,0.95726675251201965,0.55056215168171863,0.32130657535903784
6882,0.68928500026216499,0.25797864416722444,0.4985442856243793,0.27482159383469335
6883,0.12598533373841783,0.63308951108633771,0.51768632353969735,0.2995756415301426
6884,0.036979544254846411,0.59391896328671134,0.51101813794312601,0.29612459868688312
6885,0.74204584931317952,0.4402728645989788,0.51615215576345119,0.28841872286021347
6886,0.10302517795582536,0.097735008969123016,0.46838385285672884,0.25935874708376527
6887,0.86972488647199941,0.15845588657913032,0.49097061843966788,0.26713851367813546
6888,0.38110379206497452,0.26586900290661725,0.49346316821896652,0.2746537714617826
6889,0.73539456651963997,0.082689909091067978,0.48112952736624531,0.26071308922091579
6890,0.11787301928662929,0.44234295831419296,0.50175251410937827,0.28630366514004035
6891,0.60974001931626121,0.80163734215240701,0.54270739862275075,0.31219497350419834
6892,0.93060310168688898,0.16746331483578544,0.49261784299061673,0.26791208989545551
6893,0.60897247538609667,0.89999468240415448,0.5496120105811777,0.31814499434761329
6894,0.19933000244362048,0.012756806250859518,0.46229874953189704,0.25278507755503704
6895,0.4875278016053024,0.63096905074269749,0.52755645471674872,0.30110297482212145
6896,0.4708076079119346,0.035490951266989583,0.47147407600909397,0.256070620071703
6897,0.58784511636520032,0.64479517299408329,0.53056254319231855,0.30220001915881012
6898,0.57622427864623027,0.41582621194567765,0.51132887067424448,0.28643320487895396
6899,0.34843421379964568,0.64405939142297719,0.52539420759575906,0.30155319247282042
6900,0.78084679951641012,0.91158880477637294,0.55306593849224273,0.31890737060651536
6901,0.75063543670360233,0.62566064077621564,0.53166845481029856,0.30110966456587113
6902,0.28253712850684537,0.83431974759103034,0.53774658523773211,0.31339541498130385
6903,0.41738384493306513,0.73899628847531273,0.53428384562413855,0.3079204436486378
6904,0.43200925576103616,0.69424848820379703,0.53125327697355651,0.30509715903785356
6905,0.97852711801052794,0.46988815381947208,0.52168809231417479,0.29062207320577016
6906,0.81918895907761768,0.91367398542299638,0.5537242308900765,0.31902899514427363
6907,0.38689959134910024,0.32118688918339328,0.49884124996080997,0.27891293527636568
6908,0.94216237967876959,0.43416351068703229,0.51817849969513075,0.28809746397134228
6909,0.048862125612690578,0.03303291018774035,0.45940219436791324,0.25330294353678073
6910,0.38784560897463238,0.68129022262535288,0.52924181126750935,0.30412762825883
6911,0.84507986742694641,0.83424628004090629,0.54853928738245894,0.31429147186768996
6912,0.9638956942614052,0.49012382810668792,0.52325864694140922,0.29202941208181116
6913,0.8121475701097749,0.88790568435114114,0.55186374656348325,0.31750776576965795
6914,0.83334413605661839,0.82994387466501218,0.54808348017621189,0.31403142833639247
6915,0.93448245860665335,0.81478389387469519,0.54823325837244741,0.31309490596889311
6916,0.82048451997494554,0.10951634639076656,0.48517908144544664,0.26307066060670642
6917,0.91601333564413945,0.8864892296497362,0.55305840932143358,0.31740312788416331
6918,0.89826582010131106,0.72685506297169489,0.54137821882729076,0.30766127916904773
6919,0.85123759295732027,0.82926621249004973,0.54826415279014773,0.31398955737665402
6920,0.31679531552904522,0.57633787019931482,0.51920001668757532,0.29689479608823227
6921,0.54829750801014021,0.85702563572680823,0.54553117449802313,0.31549991795471322
6922,0.81950314396618629,0.83449099010155769,0.54822552045326256,0.31430675705627498
6923,0.58373639781385422,0.87957987208463029,0.54775742733013433,0.31690165977900847
6924,0.49693788406803507,0.057204418284946587,0.47440172711980422,0.2580275728155319
6925,0.63379346956385996,0.0032074286220711659,0.47068886566165807,0.25366972696378298
6926,0.32911350039978277,0.37760949881371342,0.50258945361297991,0.28289107926029705
6927,0.26317440668978959,0.34245530574369482,0.49760508852308727,0.27994974513832793
6928,0.55487696226738636,0.98725615167164948,0.55450787097313381,0.32319700131093604
6929,0.31870193182985534,0.40547524674105229,0.50480737965697453,0.28488844976216887
6930,0.63028622416675795,0.30500240903497905,0.50212154686519872,0.27833156785873553
6931,0.37029369488715896,0.92892541951577878,0.54663264917173116,0.31942360674222198
6932,0.097435901376127731,0.59990056224580623,0.51399069432154576,0.29711220528947135
6933,0.57227739071784312,0.64466240440098344,0.5302712996535468,0.30216741052419377
6934,0.21971995672873454,0.62728482618589199,0.5204376141657967,0.29983016211436764
6935,0.70930762891412014,0.058732997542771045,0.47811598090304497,0.25863541926190142
6936,0.43525136467475678,0.82826085169006847,0.54117524078050205,0.31353448754648516
6937,0.11519469029844041,0.5714839968207176,0.51240357911273138,0.29533410421820788
6938,0.20138798645591599,0.97796957265821993,0.54509446158135055,0.32160312696541599
6939,0.88680421926561981,0.95744397755818211,0.55752766373366458,0.32156231191496004
6940,0.91676951220623459,0.27728479441219239,0.5034432094478769,0.2765260253220162
6941,0.60566920350702713,0.21020983803371202,0.49247671138868726,0.27093030583844646
6942,0.50738380214421785,0.79363861685270687,0.54022040644677316,0.31155348298566793
6943,0.42265462931251391,0.61211402361505896,0.52466670635187074,0.29968224789384806
6944,0.56128095124770194,0.42893581491383959,0.51221346342080976,0.28734779948851319
6945,0.75787672005529749,0.85368296348823935,0.54873622276799594,0.31545738547386293
6946,0.90650323345587835,0.97889993916839591,0.55918687559995306,0.32278773694086721
6947,0.75904003638246798,0.67573867438117752,0.53568699208578441,0.30437586494285906
6948,0.37260460003671475,0.54069785147196392,0.51772003917959231,0.29468182718530794
6949,0.089757525811216335,0.16943807590043872,0.47528673812701411,0.2651770057107703
6950,0.25288716593704885,0.96634212748870496,0.54594168702127244,0.32118577727178754
6951,0.77709991217750363,0.56315575447579613,0.52702710585375956,0.29696139773484242
6952,0.41285236811904474,0.57253814281668747,0.52127201894236019,0.29699132499093434
6953,0.95600764578738029,0.21518208705271827,0.49777011992270104,0.2717290517945174
6954,0.39419151954640402,0.018408237142080907,0.46794701475556938,0.25430348334122199
6955,0.5445010057402192,0.88822011617174135,0.54762998928747308,0.31736996098086717
6956,0.75653976852867055,0.31436199634546647,0.50493312046140404,0.27921406324372078
6957,0.22215852399527794,0.98002974506913465,0.54590131437134115,0.3218357763341485
6958,0.46823072649763198,0.47476381051578792,0.51435590063708525,0.29039122553891783
6959,0.1139636195551022,0.97946382035898283,0.54208024001746979,0.32111330489254891
6960,0.56921823663891991,0.24314594546655427,0.49511038286826886,0.2734477204424447
6961,0.3232927335972316,0.92049014822313335,0.54485161597053966,0.31876792751448707
6962,0.070925978354981642,0.44549947081891589,0.50020655413883497,0.2861087181748932
6963,0.025974678652628792,0.75503346536095484,0.52279651302497032,0.30658914618934907
6964,0.35346048038013977,0.48777745734337952,0.51282846060807796,0.29092930508749232
6965,0.78052058393260237,0.90631303641184935,0.55270092098607304,0.31859645112754226
6966,0.34317869439303178,0.19694761339315447,0.48577188010065325,0.26905878784737358
6967,0.85089394838061416,0.22829160417792155,0.49784944696324568,0.27268984549313163
6968,0.93505728611190575,0.99872262988955485,0.56082022409404619,0.32390371214460806
6969,0.29528873129944549,0.341564619757107,0.49841697142764979,0.28005010536851799
6970,0.3217538651399664,0.2716078324279399,0.49255390494123763,0.27484482654266029
6971,0.02155747853111243,0.53057873471454953,0.50523477083876189,0.2916103822791381
6972,0.47675817696008599,0.79144576410303125,0.53943326781703049,0.31135720082933305
6973,0.87818077351326362,0.25308575763435803,0.50063284294783506,0.27464117805012933
6974,0.21377205587095816,0.56045960942512607,0.51491919774684258,0.29528250618585433
6975,0.10123120169880567,0.87579586632013096,0.53457047676570257,0.31482037896944043
6976,0.59491862203472989,0.39293169396187877,0.50961986094353851,0.28480709609504629
6977,0.72076270655471597,0.071358019638422421,0.47967787825216968,0.2597305667623156
6978,0.86631544595892784,0.10581055315480335,0.48534820485144692,0.26280790399340659
6979,0.89178013226737973,0.87985038255621917,0.55231224303363247,0.31701699998917404
6980,0.43029682444861395,0.031863709396438213,0.47024036577571471,0.25561668482931044
6981,0.6563376165323076,0.7909760249721236,0.54271999230061607,0.31158115252871199
6982,0.35083921859011752,0.43983777301168303,0.50864860636501874,0.28751253846439723
6983,0.26772933036660546,0.16908776391566499,0.48098387300089757,0.26643260228657617
6984,0.059034685983194508,0.68923646883795742,0.51934624306977084,0.30268690115877461
6985,0.88097767158254281,0.68110911686784825,0.53770625909584224,0.30475429237293539
6986,0.23795772057395662,0.8409418267362635,0.53689409636452401,0.31358959490696242
6987,0.11447500328930328,0.30129678868086779,0.48898329889616676,0.27580421997686932
6988,0.013912453870975878,0.1949369056132273,0.47477421036857509,0.26645826103359843
6989,0.94180339635893473,0.40130597959096781,0.51526043064585103,0.28574460908713301
6990,0.0012543668789672666,0.22457285100949231,0.47711250190742399,0.26867565285893813
6991,0.96331585355055294,0.45693839628190036,0.52040273764575351,0.2897120303654645
6992,0.045288828556158116,0.64255426475597788,0.51518791934281105,0.2994747711511771
6993,0.75323926728597146,0.12909520782114706,0.48637584765898101,0.26461173572779745
6994,0.056569552278553606,0.68580964805056577,0.51898250507577415,0.30243891805295015
6995,0.61180303313484186,0.50284761595920424,0.51947075653063324,0.29265846509997079
6996,0.63893421775420434,0.12310222679827129,0.4840356654199845,0.26393172367035089
6997,0.31901882349610095,0.99378494941104434,0.54963795571086083,0.32305586246512319
6998,0.24852566175038229,0.49153139103845467,0.51028327655295291,0.29070041536772206
6999,0.78836304178935246,0.055865335613547361,0.47888761321502094,0.25850378751876529
7000,0.33714395229691874,0.76867163134393057,0.53451002919291823,0.30953580229670269
7001,0.4278632084744633,0.85443880203437295,0.54285835693117224,0.31511373399921339
7002,0.96425837532953595,0.33442143591850765,0.50940009633059002,0.28085363445915162
7003,0.3921447580949054,0.37509371136821579,0.50391034829165726,0.28295923122100558
7004,0.20415882653795417,0.55795231734417616,0.5144088360941319,0.29505156065987309
7005,0.81343332286482906,0.81547222108108686,0.54679143641036465,0.31315114554929696
7006,1.3691994477994741e-06,0.27918859896085924,0.4822570795010111,0.27293704238234906
7007,0.50303028375761349,0.22995605157708052,0.49257371392782917,0.27224863761111623
7008,0.25643894659964134,0.4108548765763757,0.50356097474573991,0.28496907303562347
7009,0.928666837457649,0.55988967987593508,0.52867876760074983,0.29679235146163763
7010,0.77687203836658736,0.5425701068730443,0.52533448735835908,0.29556622991873699
7011,0.13457237481762421,0.69149948497194569,0.52249182621501744,0.30348846979397665
7012,0.086201715886581223,0.75880735072927785,0.52564285481430117,0.30741920956316793
7013,0.34495681699354902,0.72929226605246078,0.5318030373810142,0.30707022966269792
7014,0.68363892949492444,0.46399688188921429,0.5173351821833938,0.29003724415992943
7015,0.63147647150718844,0.60870858275141804,0.52847423274348893,0.29987827777040782
7016,0.68750282330260382,0.21733770588174231,0.49450516613352058,0.27163962155696764
7017,0.2575707008831552,0.42176171903548532,0.50455258495331734,0.28576765306389501
7018,0.12076980203097919,0.82795626524899857,0.53197311546399662,0.31204142747817409
7019,0.56516594840384793,0.37605600717960624,0.50756792010537044,0.28351357477271066
7020,0.29373951463514242,0.75855900836355294,0.5325977332410502,0.30872364916906747
7021,0.70504780423372293,0.69215652228215485,0.53614808273407011,0.30539826656275909
7022,0.31841121123834748,0.45240583057753975,0.50890322072013394,0.28827435537130225
7023,0.68117734637338434,0.78340839854568478,0.54256830526357214,0.31113186073576871
7024,0.95925676000852844,0.19993525876771892,0.49626633099285417,0.27052589806050931
7025,0.305170197008166,0.24756756597076313,0.48980183389099391,0.27289305313468176
7026,0.57301406087783402,0.29170935612485049,0.49987451927557924,0.2772091548833579
7027,0.2491378899706877,0.099859482727444271,0.47326153267264781,0.26059737441982195
7028,0.069944386254146229,0.18841959852656584,0.47642981673112644,0.26652715267917459
7029,0.54420573736875089,0.56726095486950368,0.52358369305242125,0.29695981609417732
7030,0.66764710839617769,0.76073617455713682,0.54069574877036508,0.30971113524290217
7031,0.09373016677472043,0.97229829887544039,0.54081120357767321,0.32053105665051457
7032,0.81979022846202143,0.1357440180883161,0.48796633730176059,0.26523793650309446
7033,0.90219322883527497,0.081497649922838908,0.48312541423290545,0.2608011508778677
7034,0.35519457796021597,0.25095728413610485,0.49140020315059352,0.27338700195513771
7035,0.59827420783491114,0.94553835876494419,0.55251896179642335,0.3208190127631721
7036,0.35831592807146956,0.93732004061461194,0.54690090362970722,0.3198834074977247
7037,0.91268418824685515,0.95183408582712303,0.55746028205876696,0.32122763597349052
7038,0.077271355253516236,0.52136182435950029,0.50684390892236419,0.2915412697041736
7039,0.49219536723719215,0.28220604373739333,0.49743983720966367,0.27628368417974802
7040,0.49821045856411805,0.63731571651695995,0.5282725083764479,0.30154562224995268
7041,0.70992896367829539,0.40727557380745422,0.51276684900374636,0.28601818572457283
7042,0.5639662530317554,0.78172382075603819,0.54044595100103709,0.31090549196739869
7043,0.46418995026677151,0.94976073082665691,0.55019904476929582,0.3208800118809087
7044,0.73150647474174624,0.59234287745632463,0.52873855360221733,0.29888871303294534
7045,0.32285655348863224,0.55819348941469804,0.51788996713675639,0.2956852865547312
7046,0.88753176707151582,0.013562620076036548,0.47531941684800411,0.25495205481470895
7047,0.61082519792650125,0.50931882754721447,0.51999840959632748,0.29310593488721559
7048,0.87213992698328802,0.30737734391080451,0.50579002131078488,0.2787848421043233
7049,0.82722682608164622,0.70596925668161137,0.53891982899301372,0.30633521806983793
7050,0.93907605739085709,0.052180277825135277,0.48028897589656139,0.25833900203087373
7051,0.2858931412202888,0.5251649235712248,0.51417134543748355,0.29324345275357983
7052,0.33927722573358332,0.076409250698250261,0.47309912707858964,0.25908124995888615
7053,0.86213535900599103,0.041507448425551416,0.4782039139525322,0.2573540736736738
7054,0.52168151715750577,0.3366814330232446,0.50314692545171891,0.2804936986794086
7055,0.36654131581793775,0.18407132618367905,0.48503885738873492,0.26812370702079769
7056,0.90492065350749762,0.68173922092200967,0.53804289123081483,0.30479520426903262
7057,0.90956383541425467,0.9284583530322299,0.55585111209652316,0.31987165728745043
7058,0.36785745472729908,0.56057537002059399,0.51923112029239937,0.29602572022024232
7059,0.83944664648118195,0.041867042260000015,0.47796835906565471,0.2573612055692992
7060,0.29190332114560297,0.92707949053564809,0.5444387751877322,0.31903872492972207
7061,0.82234313995059349,0.27512863589833725,0.50207885475337499,0.2762958242917043
7062,0.33808380281639983,0.29154539421194936,0.49486955580223685,0.27645562321843015
7063,0.61460891477958068,0.4749374281015597,0.5171478222644259,0.29071217340378591
7064,0.58515002460150289,0.11143868023961549,0.48190060065046347,0.26284928534825719
7065,0.0091173900412279182,0.068777130426012439,0.46164323363730753,0.25595238185990099
7066,0.65866975735094169,0.90661266229454207,0.55089903760188563,0.31857522687868794
7067,0.40087618741412884,0.037984454127389475,0.47029362334173341,0.25603845265405678
7068,0.91964839101476836,0.68216652493920416,0.53824894009865398,0.304822057972295
7069,0.38519040982302982,0.41297894982305594,0.50713133305228553,0.28570643353854086
7070,0.84043224130681482,0.10246235081261257,0.48466955184444482,0.26250354914417584
7071,0.77916511027304225,0.047181230531621259,0.47779487297097428,0.25774642914160606
7072,0.10924442917279667,0.13933530420417664,0.47293851192835218,0.26288357021336389
7073,0.059355242531409023,0.93378486329367161,0.53681564147372596,0.31794594184776354
7074,0.86396116272091161,0.098001948486606122,0.48447496762709341,0.26215373056353347
7075,0.97285954814600994,0.98347962629770636,0.56023983340912376,0.32301310376438608
7076,0.34299728426107906,0.69418472600629322,0.52911033059990331,0.30480725727120722
7077,0.91792543772914215,0.57746837363614467,0.52998466072116701,0.29797078031362395
7078,0.30318891919871094,0.94864238712884252,0.54620775144021028,0.32035915941457449
7079,0.41895391831091838,0.57751017066050558,0.52181355996533463,0.29734682334674961
7080,0.83565271280476594,0.17762583382813027,0.49253341371933873,0.26865582751335876
7081,0.81240355044362367,0.56348713637454206,0.52753325985444788,0.29700275982403618
7082,0.94737344990189887,0.19488452261359199,0.49562190700587061,0.27011834773488597
7083,0.60982944153411078,0.95826362962684364,0.55357332724533281,0.32157089679046041
7084,0.38360060451807221,0.40500012089366794,0.50638693379380684,0.28512042951163491
7085,0.46676235361039875,0.93454978835234659,0.54922979397158544,0.31999125101822562
7086,0.16129477589969757,0.66658880479325311,0.52154938571489307,0.30205515569725622
7087,0.11142068424365716,0.27157943269995743,0.48607557517282013,0.27348725750342062
7088,0.08141372325272532,0.30706796982773815,0.48827148404695575,0.27594877196623213
7089,0.99175557274549508,0.036033020077541007,0.47903055564120905,0.25698749429694084
7090,0.98102600594997647,0.83509226461759545,0.55019630830937971,0.31430724817690192
7091,0.63905163612432081,0.38977320361052409,0.51008504659503584,0.28465152963383916
7092,0.50749937100840037,0.77616453044557709,0.53895347487624756,0.31046695578704914
7093,0.63070807570932674,0.12376897725629388,0.48397392725699923,0.26397093992251924
7094,0.67746683977356881,0.3519262876973604,0.50725815299232735,0.28192463166541937
7095,0.36375084822900827,0.46312022573928119,0.51098123157455433,0.28922647721817407
7096,0.56187242767551226,0.19822575576895615,0.49050697183399083,0.26988062967804383
7097,0.74420514132221005,0.48837850771563829,0.52033164648797137,0.29180913655186519
7098,0.42930431792516027,0.94572670190593933,0.5491614358594088,0.32056967472028813
7099,0.29351186641432581,0.75354283767155139,0.53222230824122729,0.30840536383559275
7100,0.21869019835825312,0.63926419887911756,0.52134150604308627,0.30062031893634245
7101,0.64567220029550376,0.33296969154627298,0.5049975903506565,0.28046455339530069
7102,0.9320721554123913,0.99136556433142398,0.56030407185271058,0.32348680729153817
7103,0.27532533526777986,0.6129523125106352,0.52097801902317442,0.29917114722740257
7104,0.22950430596311344,0.77472967030118456,0.53188552883863305,0.30943030470343663
7105,0.35235708419169531,0.5194240433448809,0.51545773430943131,0.29313586036368083
7106,0.14765052132009296,0.6130712497348082,0.51690548224399102,0.29840358403388989
7107,0.80313420016962345,0.45095965166968527,0.5179332991992065,0.28922656802107621
7108,0.66080222365799135,0.5336445597509738,0.52286059837361365,0.29485071959467757
7109,0.41215572898060782,0.54915224889795067,0.5193506399014155,0.2953959976799907
7110,0.48952102013729748,0.10412719289449741,0.47936458524354741,0.26198672909401882
7111,0.68888834610633787,0.51743653015050806,0.52195497967644988,0.29376934347816985
7112,0.47361672485492895,0.21401175291343827,0.49040372195207227,0.27090285772517131
7113,0.53159729863522809,0.62707732040634145,0.52812913140424167,0.30093820413650546
7114,0.4762837333785952,0.3977506275032065,0.50779538233559518,0.28488932691744179
7115,0.22793174586553361,0.21371042872575344,0.48431981525219919,0.26979162934335021
7116,0.27076747439530446,0.45260649271277942,0.5076129672134968,0.28805852089513739
7117,0.80387983141102604,0.97619000495799124,0.55772005152068216,0.3226640412287613
7118,0.059913444901199549,0.58424920888360365,0.51123032517003875,0.29570310426194835
7119,0.53386878100339097,0.72492988301404981,0.53568593638500295,0.30728699487587086
7120,0.98686410411492687,0.35127172668563433,0.51120883546722395,0.28210763382024812
7121,0.14677936765641209,0.34923939230147516,0.49455192809182236,0.2796983181162076
7122,0.46199311130655701,0.64063194404594836,0.52777779017507875,0.30167945927812495
7123,0.99944330729829389,0.77042526368304398,0.54574115408716795,0.31035483834135058
7124,0.5608248603926157,0.37227295282647249,0.50714570305106188,0.28322617085139234
7125,0.084100766857073184,0.7443649340755889,0.52449751119171317,0.30648051853626507
7126,0.25028271634363342,0.12331100924011554,0.47576877602131318,0.26256692876612192
7127,0.84258999299086867,0.80036024703661679,0.54608612034397919,0.31222854644707021
7128,0.34938972510722238,0.28780772147936512,0.49479720186074666,0.27621780257889611
7129,0.40246573654453971,0.66166437273590128,0.52807973762428373,0.30289444611126182
7130,0.20537747309216065,0.3994237306828029,0.50100113512086941,0.28383026909031012
7131,0.90929236052794149,0.054578801674989519,0.48022388949164585,0.25852041464457631
7132,0.9817986164816539,0.85832341886836805,0.55183971357039385,0.31570083360883983
7133,0.14526386092415777,0.67867498917417834,0.52190571503253491,0.30273190556407092
7134,0.28236532557572941,0.96393893680478226,0.54664575104704494,0.32117469740517313
7135,0.12555242684482365,0.79167184434473759,0.5295595769118927,0.30981853039198415
7136,0.12949331125627506,0.044481006467889536,0.46358982720610004,0.25503534935789213
7137,0.96596765932521089,0.91408925695187648,0.55551678142097005,0.3190063563664492
7138,0.63790368228288141,0.52617956087674245,0.52186596689826026,0.29430900039679958
7139,0.44800360855098115,0.98842759969810723,0.55241956962911398,0.32309885398770793
7140,0.59049994157644692,0.38262800372616623,0.50861515490818243,0.28404580790146233
7141,0.31119446616569768,0.87152126713403277,0.54115672584154029,0.315783509193657
7142,0.6161016580229276,0.70580309036496325,0.53574409834909542,0.30618726295406218
7143,0.57157195478704526,0.77788519568253545,0.54030625996778792,0.31067729715532916
7144,0.84425078192952796,0.43873040127657592,0.51740305158718403,0.28838426647101351
7145,0.68618133184361507,0.40592627027955608,0.51228427683436339,0.28589183120180828
7146,0.04645929377706489,0.66366287467355145,0.51686309956994947,0.30088390182851171
7147,0.33313441217284417,0.22041033880201868,0.4878596730160405,0.2708848778973571
7148,0.31990767845000373,0.71831731598494808,0.53032568631413457,0.3062716706520931
7149,0.055263394877652174,0.11926643841144396,0.46883506646203044,0.26071110745119841
7150,0.60108977852227408,0.093765759378031374,0.48027038545220324,0.26140405826727209
7151,0.21779265812338564,0.76889432543193692,0.53109142569722867,0.30899778325722832
7152,0.3592496991825872,0.01224470088564558,0.46645785265516682,0.25361564675262949
7153,0.85840488962644013,0.7953110223413794,0.54592209533548897,0.31191854801322588
7154,0.63486812055745401,0.83379216889875241,0.5454339033472666,0.3141882189153164
7155,0.96190542780380939,0.76026178812194856,0.54458862981348322,0.30973820792955248
7156,0.6607176913233358,0.36861860171220034,0.50852178610189525,0.28313398510650828
7157,0.81262296670899958,0.44293368854311993,0.5173602762031887,0.28866401705187172
7158,0.52438187663907887,0.15547927541636164,0.48544487818108334,0.26633416960237039
7159,0.56162222904983206,0.42940576625460525,0.51226099989354923,0.28738223170845045
7160,0.89074328083262089,0.9153602180585847,0.55473845022689239,0.31911262136822605
7161,0.84661586144733014,0.71709101476283987,0.54000839448440285,0.30704374388320355
7162,0.16381771900349995,0.45328292672083487,0.50432954562278753,0.28744713437550767
7163,0.25888916511636928,0.14157937164831674,0.47791309218904954,0.26412986292453999
7164,0.010186769849446137,0.30036043172500793,0.4846863956370206,0.27468741383975542
7165,0.80261901957619708,0.27550932293458613,0.501857223547164,0.27630738421244205
7166,0.258484586594312,0.51353038343506641,0.51242047288380932,0.29229518782279051
7167,0.0075521896277670753,0.33400994424881647,0.48765711677109685,0.27721552812131051
7168,0.092506143154564777,0.25041169998218538,0.48335127086164131,0.2716685158521745
7169,0.92983048708237481,0.13296938457213112,0.48899342227060499,0.26510495643111187
7170,0.33749672996063018,0.31158882262419207,0.49674223221041458,0.27798356467275598
7171,0.97717944858378036,0.30194649333545237,0.50648294270994354,0.27842534898547927
7172,0.83194683009953008,0.70318660516078824,0.53877064167992705,0.30615908174987555
7173,0.25716186238935917,0.73142238758589384,0.52953743237346584,0.30682811896948708
7174,0.31364937705293999,0.53755114151336025,0.51595426370573083,0.29422847466961177
7175,0.062058599319250791,0.72172602463789515,0.52191180805736481,0.30482336778203267
7176,0.55836113574231272,0.44176326843990249,0.5132823072414,0.28826055867688766
7177,0.29511174743041629,0.97825480773920437,0.54795726735558981,0.32206350358407093
7178,0.10541421467257897,0.079700179209641647,0.46655642400142294,0.2578530956593415
7179,0.11636013326008106,0.6604532226750045,0.51944392653807125,0.30131129014069502
7180,0.42228066083224258,0.36042471947866728,0.50326751830597261,0.28197859397752512
7181,0.31688087953414074,0.29710078139553081,0.49485161893704005,0.27678471226281959
7182,0.48888985133297974,0.73560038128664018,0.53558586748255776,0.30787860716857923
7183,0.95189188758669196,0.19473281118428568,0.49565650488655966,0.27010877458594612
7184,0.43259560018040943,0.66429336948614803,0.52897235642918061,0.30315412773612682
7185,0.89663276007435055,0.4359995159768616,0.51780974778294708,0.28821400426003574
7186,0.38595662077575693,0.66457244252905956,0.52791258852900713,0.30303221549361997
7187,0.11289573607541388,0.094679850761394485,0.46841337802028121,0.25918709138507301
7188,0.36395317520269893,0.1909750319180428,0.48567499588176077,0.26866895099180799
7189,0.57263961680597852,0.28972593817171877,0.49967874832792936,0.27705675037052691
7190,0.64644853683369008,0.15907103499778316,0.48793115449591218,0.26689915411549148
7191,0.53809516798557022,0.2123273262648494,0.49148969921142249,0.27094645157836611
7192,0.5727098094388493,0.02346406452819938,0.47199928278714365,0.25531035452640305
7193,0.91109112981237705,0.96822851790726427,0.5585341479139897,0.32217341186355708
7194,0.10885489318013425,0.27398903973192212,0.48620971135501134,0.27365191630919433
7195,0.48640780723876087,0.12608905484824209,0.48163882711349731,0.26380829702560038
7196,0.17352065072926925,0.85190892768533666,0.53556768670458155,0.31388985636237315
7197,0.6366794692233787,0.37019555723256203,0.50827499534737486,0.28321316115809014
7198,0.52704396627476668,0.4363506620244938,0.5122193017418416,0.28780649307108441
7199,0.3002255120737129,0.04055629288525088,0.46819319801697545,0.25580989367940415
7200,0.067261991980054878,0.3202230329834973,0.48892815711741738,0.27681446334170651
7201,0.73034640537096429,0.23386114582418233,0.49678477376298186,0.27299998268206954
7202,0.74853775352909002,0.22969412948599785,0.49663135576020223,0.27269631845666575
7203,0.27814727629133268,0.58391724211339602,0.51874489676818325,0.29723077343568677
7204,0.70358038329306294,0.85606116754967965,0.54810311173336934,0.31558173647241372
7205,0.63032856848660168,0.27497045049850133,0.49925511913440063,0.27603768357177405
7206,0.85252729230950353,0.79056075529268721,0.54550451617302931,0.3116269239763938
7207,0.11800062323753956,0.13854059432655341,0.47316899988209582,0.2628931476978334
7208,0.28006953950723401,0.073703037412825509,0.47130031734556943,0.25855521843684448
7209,0.0095774443702423013,0.21146309767166388,0.476206416523688,0.26773137196398805
7210,0.083345280660979917,0.87226429910551528,0.53360985366051117,0.31445353093050332
7211,0.31579992108809529,0.53200669745440832,0.5155544018159719,0.29385530194630849
7212,0.44463467442317633,0.0092899961538030779,0.46798378610787483,0.25368994436384795
7213,0.620348709074792,0.80956257488316619,0.54345986822779779,0.31269354793967358
7214,0.023652307660563383,0.82896800459277586,0.52800689646243248,0.31121039479119461
7215,0.84760716523708546,0.99480695701815425,0.55951510271938998,0.32371979766404568
7216,0.64882428414140603,0.74227890479244529,0.53902668236900753,0.3085367303382725
7217,0.097052918524981949,0.41729786636071514,0.49879495235715016,0.28431069894896105
7218,0.35351174834509153,0.10881589030252072,0.47692127787507499,0.26188195587259705
7219,0.27954077793398174,0.66964816541053596,0.52551721550345465,0.30294257411444847
7220,0.64803812613774792,0.76466195813660742,0.54066574751158203,0.30993951293751931
7221,0.9807877387899091,0.094417445387423499,0.48540631231123343,0.26194251349947723
7222,0.14687854258861627,0.98431574839298852,0.54363130912935564,0.32163613078920661
7223,0.26269082418164469,0.89184481881571709,0.54118885654412308,0.31680471020154183
7224,0.5880090301329387,0.43261227873511382,0.51301781359362819,0.28766273609649373
7225,0.81614017173174069,0.5189982485843706,0.52390741730358581,0.29397741785096543
7226,0.76687095312903408,0.72311546393722537,0.53939292408525186,0.30740480875432247
7227,0.74055141410065117,0.98275237380001923,0.55727181418420402,0.32304277548251298
7228,0.98563287290135637,0.66356187433992753,0.53755837454544042,0.30361821907498338
7229,0.31343719797591912,0.65819853990088451,0.52557456611219966,0.30234390013292578
7230,0.45587008168260801,0.76320303078504514,0.53692911184005543,0.3095471366863719
7231,0.32998616735049291,0.12816934278729605,0.47838981104575007,0.26338848014218674
7232,0.16520388413172915,0.87615981796678388,0.5369700633332164,0.31531457991158318
7233,0.1683660478975042,0.3306636649584514,0.49359045588141365,0.27846265339042953
7234,0.9658086938920547,0.33059447384617524,0.50905992795961008,0.2805693666324095
7235,0.66438376501755558,0.82742940710507107,0.54546658906330059,0.31382419897453273
7236,0.39246744142830142,0.76496342663472749,0.53561738831734473,0.30948820623654699
7237,0.91924937478151403,0.93916851385677003,0.55668691696738315,0.32049087461772935
7238,0.32841465862911429,0.39162954090804558,0.5038288111335133,0.28391945228808035
7239,0.33816142110793151,0.83263208913718123,0.53914289430878448,0.31351303274985493
7240,0.30324283589679984,0.90238180118323075,0.54307070425482784,0.31761110077772603
7241,0.87198303143027001,0.44477184021548605,0.51827827314542008,0.28882656490411462
7242,0.21914720690251563,0.25757230209942211,0.48833401170374768,0.27319506957282741
7243,0.37382338674851928,0.40293673743415859,0.50596973860450922,0.28493326669816949
7244,0.073875584046996665,0.5731692428392009,0.51092017232690445,0.29508313829700145
7245,0.72493985410680761,0.52437291004912689,0.52308074998497189,0.29428232568835871
7246,0.049758409147465141,0.88101022226255155,0.5328029000977329,0.3146746961235638
7247,0.78826388614122989,0.15179297559688568,0.48924115023020731,0.26651587221329387
7248,0.92052169606004619,0.91104376420591726,0.55479598455315848,0.31884869310346059
7249,0.35151691440680299,0.29396172794023295,0.49543320999164636,0.27669900217715448
7250,0.13465859451302095,0.61101822241657644,0.51627482139780601,0.29816727826371503
7251,0.91414006941405823,0.34456271759067897,0.50977472832334092,0.28158685276964146
7252,0.5333962604535627,0.7812737181513919,0.53983545929959909,0.31083073190810534
7253,0.43266254854163855,0.45017795558156215,0.51147320766129967,0.28854380417919384
7254,0.74391260220451516,0.48621851673716449,0.52014358266599037,0.29165825382105853
7255,0.039613140305934942,0.74845207985726891,0.52292229333947038,0.30631365804822791
7256,0.50007312071836785,0.94297296109484752,0.55049049939748596,0.32054593998711556
7257,0.93027394229761562,0.78628098391651879,0.54613167765906745,0.31135344600006576
7258,0.89434855118483547,0.21704330519611248,0.49725316812383125,0.27183891608624489
7259,0.73566386240919823,0.94302485653577606,0.55455415722094503,0.32074362223750424
7260,0.70497809068510553,0.56777086988893577,0.52635523370649895,0.29721769799026027
7261,0.28690688497301886,0.73392915790373225,0.53058493313627886,0.3071294683334978
7262,0.40729528418689731,0.95414916568087649,0.54922122252927341,0.32101111268950666
7263,0.841478622461448,0.90567397889263235,0.55346664410042601,0.31855542843106743
7264,0.090493114429165161,0.16251679384919115,0.47461550296523652,0.26461953209559858
7265,0.89248936946849577,0.14942539662463825,0.49029861140776831,0.26642306746936961
7266,0.88260585894257537,0.61933765283493569,0.53291560119518511,0.30074269496700223
7267,0.63642684683081463,0.76828667065036715,0.54073895580590714,0.31015477371185945
7268,0.40686687426910506,0.46524182800062702,0.51218975979795811,0.28953228111282864
7269,0.93729768334637631,0.19042317912682194,0.49505462784248261,0.26975730699797246
7270,0.94255266300487561,0.014194850214000326,0.4760110971718402,0.25505550687731843
7271,0.70867346516827823,0.26296777568740071,0.49932211719306285,0.27523504875697324
7272,0.89469701568827742,0.44977614730532517,0.51899028914741752,0.28918969124551563
7273,0.37313210665421798,0.7100095791604254,0.5310648890297186,0.30593436875869034
7274,0.83917884325635395,0.77020950713636116,0.54385303814013097,0.31037013909827088
7275,0.40859368386821593,0.65428606298059455,0.52765143070694676,0.30242979837002187
7276,0.80048369433473565,0.6312690015862813,0.53280395379361456,0.30150371602445608
7277,0.91828440449301851,0.67016836758296705,0.53731148156985964,0.304051708049627
7278,0.92771140186568968,0.92337419558587719,0.55571767304950681,0.31956742634514573
7279,0.31319089013227497,0.68686950595587271,0.52776822133382983,0.30421485754691857
7280,0.4707946684692404,0.62819154525675114,0.52698933977473839,0.30087978818495292
7281,0.65379630229234464,0.96867045703466281,0.55500531800906971,0.32220417782154948
7282,0.82649063894018771,0.87455392374143703,0.55112771013622941,0.31671299737377279
7283,0.77728682439938424,0.79077438670677369,0.54452347290035485,0.31163165357014821
7284,0.59314645170151492,0.056550290719408078,0.47605911538386669,0.25822350672815902
7285,0.24240507373186992,0.69192468178161659,0.5261254505077545,0.304207765097401
7286,0.8024004883039394,0.16638886916214835,0.49094620013857537,0.26771643389189909
7287,0.56720681458286715,0.92908435883460339,0.55084971258485671,0.31982225207117371
7288,0.86078342786204309,0.24730439070031282,0.49985288239946818,0.27418049822063256
7289,0.36632670420565411,0.424804871747538,0.50771864459021598,0.28649147741223646
7290,0.21243871346082308,0.57486641555727702,0.51604182787207131,0.2962575669262586
7291,0.4004234417843982,0.70284775891861651,0.53118007481316309,0.30556080685646636
7292,0.64668926014868777,0.78791280191388213,0.54233995953385228,0.3113835276029473
7293,0.031358750868134666,0.77292135543563634,0.52434214940546764,0.30778244080429235
7294,0.56562452555823839,0.48712511869921588,0.51732075673680722,0.29148242717581652
7295,0.88444578023465592,0.89218703989222414,0.55307571417483037,0.3177501189057948
7296,0.37393562448370504,0.52399038962278288,0.51637099477535808,0.29353392992340577
7297,0.81497414818952096,0.66821956947991856,0.53587570342683544,0.30391318566928438
7298,0.46888584516033299,0.10160083560893546,0.4786841056876297,0.26171086925163178
7299,0.3780064549805946,0.81093530727940388,0.53860087392584999,0.31230961391814027
7300,0.36218304790974365,0.95703246878691728,0.54832235853212286,0.32105528197624289
7301,0.3714063595798216,0.18350934269741409,0.48509702780395014,0.26809852660185041
7302,0.2114171594114625,0.69595714340055137,0.52546458721665912,0.30429554340692383
7303,0.58435690543433882,0.54672321474059726,0.52264283267131795,0.295635451204941
7304,0.043318734957475687,0.14583740463956493,0.47108688803288273,0.26278843496447057
7305,0.063938830872753163,0.45557058364505648,0.50078400976132886,0.2867635550255192
7306,0.37193919571401785,0.28364356855839723,0.49494909718237806,0.27599088119889276
7307,0.56740254192737627,0.06171499283598969,0.47618984945175002,0.25860535163833387
7308,0.34280349737867943,0.1481931624239427,0.48079217048177664,0.26510019020710962
7309,0.40813694785527188,0.31199035734281644,0.49847109708126208,0.27829398820798179
7310,0.98399588089814649,0.78318328541548687,0.54650569259567261,0.31114665422007048
7311,0.0054259737047483219,0.49364698336810109,0.50145257822813105,0.28883870985583304
7312,0.64617562659172112,0.92375259368129781,0.55186325742627285,0.31957865118531442
7313,0.67078431222242074,0.92232506485715271,0.55216506730289128,0.31950915785555906
7314,0.88614912790887757,0.71672710058972011,0.54047261533839408,0.30702269610340999
7315,0.3118868460533093,0.5157290059242049,0.51409922548316811,0.29270938870955032
7316,0.93899902559138138,0.44212162579613512,0.51883995728745236,0.28866138702110056
7317,0.0050486286106635817,0.73630604072540307,0.52045554373637815,0.30515722754549635
7318,0.69989725464127273,0.10815700844459934,0.48337762174403565,0.26279662218354816
7319,0.61256220823148033,0.4617431534717209,0.51597886021203199,0.28977854988162244
7320,0.040337363250169442,0.99751992845257054,0.54022113163462371,0.32152450374127184
7321,0.9847318940322497,0.13095171635883163,0.48937821594305725,0.26497292228355052
7322,0.91384759496353807,0.66847217229391676,0.53712874592353965,0.30394260886880237
7323,0.41263822512183107,0.43023632282727631,0.50928711613210809,0.28705013135783464
7324,0.79278458396302309,0.78105371835079274,0.54403080142511462,0.31103538065337777
7325,0.16345005567668705,0.23673538668212715,0.48454777701802648,0.2711788370754285
7326,0.033003614560107239,0.61385558302392018,0.51241551096739457,0.2974275585938459
7327,0.30245734142874137,0.90196984184539186,0.5430207620184766,0.31758331128565731
7328,0.83867722149210755,0.3024543122510775,0.50490579748701636,0.27838971672937807
7329,0.017635739066067618,0.46014299671932823,0.49918895796602109,0.28660002250696215
7330,0.63301556584256469,0.33260098476737038,0.50475577018309814,0.28041614905076273
7331,0.22293818813253893,0.64043967221336218,0.5215665774551389,0.30072292606156026
7332,0.076079280013672548,0.72387706506889082,0.52265403403901833,0.30509394827525094
7333,0.75192940822966625,0.34621744353311368,0.5078402815438724,0.28159159610669127
7334,0.010387418368516957,0.18388394110527589,0.47352822050548921,0.26552684147867406
7335,0.34901667359402638,0.34183830792430092,0.49983821732169736,0.28031653541264784
7336,0.80095620866591344,0.54859866877530006,0.52616035967102515,0.29599008305156088
7337,0.17108466841612244,0.18201272712367353,0.47939145583260756,0.26686499319818868
7338,0.76661970953202119,0.4645341136197676,0.51860834453298255,0.2901576152501702
7339,0.34405899553262864,0.7380903915316217,0.53243487113512888,0.30762744193200364
7340,0.775691219363839,0.6943622534224414,0.53734499247738954,0.30557942411325839
7341,0.28938969693748512,0.63498714929189304,0.52310908402847001,0.30070583465785528
7342,0.0026747096230625178,0.43499040228318192,0.49636140632767606,0.28461686053086238
7343,0.34168521069545532,0.86598101668051675,0.54158025441848012,0.31555994228752948
7344,0.60324699326461417,0.75457056755552776,0.53916328844171391,0.3092607733983887
7345,0.34438954049892495,0.5445625192121486,0.51733402951484098,0.29484005242343958
7346,0.35552822549304697,0.11180557436341187,0.47728680577745791,0.26214099839926014
7347,0.50214419132453625,0.56123868502209662,0.52227271977125511,0.29646317703688663
7348,0.0094088941214722586,0.89853789716103349,0.53218318142677667,0.31531423432079886
7349,0.84161915998257464,0.47773428862603617,0.5207465906022295,0.29113169442288683
7350,0.27368081866548166,0.82886501389228517,0.53710532656156429,0.31302022436926014
7351,0.23265919577431635,0.1199033364527044,0.4749075013539204,0.26217744935928933
7352,0.12860683200248751,0.046437031795887741,0.46377351756907242,0.2551973383523618
7353,0.80656497938790128,0.50565743761096382,0.52266031396883506,0.29305310834379378
7354,0.62607009477206743,0.68311327497932361,0.53418832293109997,0.30474212104646142
7355,0.66815983927593336,0.38164761019718135,0.5098225083222756,0.28410099608746059
7356,0.5441389127143077,0.63463330727537404,0.52896309584135082,0.30146032502450831
7357,0.30544082419014301,0.14326584040111628,0.47934025393208801,0.26451760948057035
7358,0.10749475273474818,0.030718455722497311,0.46131956298357379,0.25365443578704738
7359,0.1756415835922002,0.45410749710410603,0.50480057083127949,0.28759029470296205
7360,0.96656192278427777,0.43727013286860894,0.51872382360311531,0.28832315296710964
7361,0.49781801038532286,0.10316489854782121,0.47942287847282294,0.26193069543417719
7362,0.16162398448783208,0.020703784048545639,0.46202273618063927,0.25321541222091898
7363,0.75002152544449785,0.88371256597478642,0.5507167136968838,0.31725309576642358
7364,0.6076215632872074,0.41437791175992467,0.51175263851588082,0.28638580728939267
7365,0.26248260709698079,0.15486346764293268,0.47938348880300452,0.26524204828222048
7366,0.78940043481496391,0.32633241298772631,0.50651045451401355,0.28014563557995131
7367,0.97722920085828524,0.22073393515486969,0.49855803728909975,0.27217553378408504
7368,0.57656869894588603,0.54698874096946093,0.52252464448029079,0.29564039203195047
7369,0.51353941803678183,0.82431667692813793,0.54254538493360593,0.31345492096534805
7370,0.36024236250565156,0.90378745335711874,0.54466874602468363,0.31789729201994971
7371,0.36946354304811685,0.80719833138921537,0.53812275577564495,0.31205141026240718
7372,0.69782784400539244,0.11838593153291149,0.48444191303492457,0.26364442319899711
7373,0.93872599762162434,0.84107453754973838,0.5501497543047178,0.31468403391427097
7374,0.74432525927050741,0.092286522689776038,0.48230086573560366,0.2615347585633081
7375,0.5867208442215458,0.30897922132740496,0.50175425999427292,0.27855150543188867
7376,0.22709570688620445,0.62040560794147903,0.52012781813370434,0.29941396564152428
7377,0.91766145099637808,0.3409575195802958,0.5094813998108455,0.28132118879155144
7378,0.10638451794217109,0.54150934062100708,0.50963936702988222,0.2932010109574808
7379,0.8473918146288838,0.11046321782422019,0.48561841919973936,0.26317716535622376
7380,0.38477368384065341,0.98884479892252708,0.55099055428122601,0.32297425518627237
7381,0.59560812568747212,0.52768461533394884,0.52126811311487342,0.29434961203831317
7382,0.12805625630208525,0.13999350826580778,0.47367116801245063,0.26309723367502968
7383,0.19637267004045428,0.082454503063706219,0.46985609561194386,0.25879149038384563
7384,0.55044420524620219,0.61128047230233207,0.5272388751680035,0.29992579620681142
7385,0.84361595918921517,0.25947387865200872,0.50083084047057669,0.27510921158659318
7386,0.61269078919774622,0.28560852952756688,0.49998183495899579,0.27682188429142701
7387,0.93401184966919248,0.079958092361979649,0.48331669047879994,0.26069632187360087
7388,0.2052047492555692,0.27025861052869588,0.48912090757339222,0.27409264962093011
7389,0.71678304950537863,0.83175375573110077,0.54658808543518744,0.3141175814850527
7390,0.77355219914846829,0.47323691065515161,0.51945372348026497,0.29077445329585488
7391,0.76678288316734833,0.010246439359115903,0.47343300533611776,0.25451943611228967
7392,0.05698396464433754,0.62138225277810133,0.51404007227897142,0.29818013532873017
7393,0.81573528894787894,0.49688712410310981,0.52204121457701669,0.29245128317351443
7394,0.93923139742600037,0.60552180738426986,0.53248547271659563,0.29983621476260441
7395,0.013223258862120566,0.73107749483905504,0.52045073515490214,0.30491505687408693
7396,0.69801696953879444,0.55733606880999875,0.5253972758888743,0.29650556788887206
7397,0.23320269754278708,0.30365601462941855,0.49313324695087518,0.27684006190259502
7398,0.53886756307781913,0.54337976186500159,0.52152783470060837,0.29532373268934603
7399,0.075872055859153631,0.18184563840326157,0.47600421257162173,0.26605341462852389
7400,0.46763519133928932,0.68639988557113107,0.53143268851749259,0.30468045003259348
7401,0.47478398476281436,0.52771552249131493,0.51895376668356408,0.29410187055415432
7402,0.80482195161428538,0.51185014376455218,0.52315791855262739,0.29347941020107499
7403,0.18529334482202542,0.20781684555428803,0.48242329340966256,0.26904103362354526
7404,0.99534095589733917,0.13978166734987171,0.49042526554947513,0.26570168724581239
7405,0.27414818121682621,0.86797591351756131,0.53986987455231539,0.3154137896395322
7406,0.59141910481980309,0.15681074192671804,0.4867865373526849,0.26660476196062982
7407,0.68729453864487589,0.95920597030228238,0.55490856138734768,0.32167105639182697
7408,0.24715657462769888,0.1860044311317266,0.48211726935085986,0.26768597501969082
7409,0.64289428714778041,0.98450721833856081,0.55587505773498236,0.3231122404446079
7410,0.016855316018161832,0.4515345364489709,0.49842152414141,0.28597423129852551
7411,0.35765005529817429,0.67689512297584453,0.52816425905372988,0.30373906347725449
7412,0.51044946664419266,0.57157425205792534,0.5232792324233837,0.2971825828976401
7413,0.15301843448566504,0.49452097863672539,0.50745528697578135,0.2902960003239336
7414,0.74216472383834198,0.68447111063956978,0.53611385314858795,0.3049288729496753
7415,0.28375672152157638,0.80696660809157184,0.53583140986494504,0.31171152122799839
7416,0.29935475748811152,0.89754900032199225,0.54263127711684533,0.31730583202783164
7417,0.33491287587519042,0.76104001888380157,0.53389252209956861,0.30904692770055053
7418,0.77601623783746043,0.78535646562880135,0.54411290586771133,0.31129721302436808
7419,0.33510708194078181,0.88695765736821341,0.54286548862836481,0.31680401087085996
7420,0.98731152137141909,0.7416047481469461,0.54348815422022978,0.30856908549584589
7421,0.15106891445309156,0.9842513846883435,0.5437784628442256,0.32166077232014301
7422,0.34475914182354461,0.64282503294987836,0.52520414562279671,0.30145778836148157
7423,0.24765098828630289,0.04011624382756418,0.466741447037192,0.25548193443410666
7424,0.37897374679177304,0.070001764879946138,0.47333681692407131,0.25870767791227267
7425,0.63088745288917569,0.22882799556254177,0.49475404447849258,0.27244997000455551
7426,0.39752917176772612,0.79899753128922313,0.53821220545693771,0.31162890963839296
7427,0.99937935781482379,0.51781773650638063,0.52598074449020116,0.29393859545746071
7428,0.94103506589607577,0.70293490350918153,0.54007674223060409,0.30614439514750474
7429,0.41801165315135153,0.98440133372173888,0.55148092962611561,0.32280041416992761
7430,0.39946275296789829,0.89739404197660055,0.54518606586188367,0.31762972678098189
7431,0.98877788592589788,0.90760892881880284,0.55532223346603782,0.31861444148001539
7432,0.50034632136771695,0.77932981089771491,0.53903998976609835,0.31065084354014516
7433,0.89154145515981365,0.4465587513378938,0.51867214851667898,0.28896102742788649
7434,0.16465331492015395,0.089355968037934511,0.46959721238434843,0.25915102492876829
7435,0.69851080212019157,0.13796309725585162,0.48652690036555635,0.26526214442108298
7436,0.54512663411133688,0.53983770343790538,0.52135452207576216,0.2950936396036325
7437,0.021480639506282751,0.50137512087380753,0.50282361381159946,0.28956791861590919
7438,0.45249616138838467,0.27469003329725239,0.49590326220411912,0.2755874727170689
7439,0.44567052572927207,0.85333296596378794,0.54317794408506059,0.31508894743433002
7440,0.16149847817466362,0.95269155357702406,0.54205310886949609,0.31987478599268865
7441,0.86223249172155059,0.017712191245669966,0.47549824987374656,0.2552894976683151
7442,0.019018819543335123,0.60377174533201616,0.51099716126306949,0.29659479821113277
7443,0.51475457773866373,0.18056386583381101,0.48784183523233215,0.2683439967616692
7444,0.23216507489037469,0.74786785678711021,0.52999858755952634,0.30774607322548214
7445,0.19761452688575956,0.54349394493558212,0.51301808005854344,0.29401635557659744
7446,0.17955819726829653,0.51291226541948276,0.50989955852117508,0.29177490094776243
7447,0.20045476526009154,0.48041542221222777,0.50785820940847393,0.2896290671249771
7448,0.34668160572048512,0.57434320252576143,0.51981805959382366,0.29688223607836983
7449,0.96355322024842027,0.65511401146637505,0.53666213777336258,0.30307642485574066
7450,0.86243126912469747,0.71849825170330006,0.54031366104917256,0.30713411979142374
7451,0.95254694870294776,0.48084454088540518,0.52234091146027239,0.29138331784660043
7452,0.24791445359290812,0.97287605578253289,0.54622583615085152,0.32154522244446587
7453,0.87832540850493834,0.13492185637726217,0.48860314984805053,0.26522581214290042
7454,0.074169854498875795,0.60232822654185592,0.51325446540074204,0.29706504921194599
7455,0.61070534459705239,0.34288406004289868,0.50533476477420103,0.28114564195334535
7456,0.40423868835236643,0.24966118327634176,0.49242704484472771,0.27347948619430368
7457,0.27960274667904017,0.039671426788310052,0.46755867948330437,0.25562433667516471
7458,0.98722323271319046,0.052310762650833932,0.48081985552835699,0.2583835397600156
7459,0.22933265278296314,0.026649262259795799,0.46472983135071916,0.25419793442239069
7460,0.2317250142148114,0.24066588885296372,0.48707591999137101,0.27194848616754796
7461,0.43385842564675259,0.33073496506669325,0.50079250571440981,0.27979799401815125
7462,0.82971872884506592,0.44198656571850881,0.51750131136420063,0.28860736821391852
7463,0.057358204090816434,0.19191710682822161,0.47628093720716602,0.26668398556456402
7464,0.079623039961198822,0.1368321938846144,0.47158856447457148,0.26240793528152678
7465,0.45944089507038011,0.22789378881497543,0.49149023820529075,0.27195791665045144
7466,0.41555668590184069,0.021677559608721642,0.46878099829094805,0.25467281952187171
7467,0.96028512558733348,0.30687492749701489,0.5067663426001584,0.27879095322275316
7468,0.78470959480471214,0.65997857565622542,0.53483013616881392,0.30336897369468541
7469,0.39446707679860993,0.18215007188160673,0.48549333184807963,0.2680806822526281
7470,0.32240645192774248,0.38459307812409244,0.50304306801624299,0.28337569663915629
7471,0.75922433572296288,0.80412699782653951,0.54523366339702961,0.31244730015034217
7472,0.70882262880486668,0.85244571492021204,0.54792908524759554,0.31536629244413511
7473,0.29539457427106097,0.29309430736178765,0.49390391480171597,0.27637343505839218
7474,0.60595394950300685,0.43646858014004536,0.51366929439954667,0.28797031953669255
7475,0.3695435337677016,0.44418852998145159,0.50948863151596657,0.28789812454194547
7476,0.71714382778502772,0.51720583493892336,0.52236614019192806,0.29378218809781598
7477,0.12200699896017324,0.46480735935546696,0.50382965552394599,0.28794765054217741
7478,0.49679506431525811,0.95583603248487936,0.55128698003277743,0.32129365962733225
7479,0.82687128618938155,0.58536573656402768,0.5294983307755915,0.29847683180050211
7480,0.88222390695082731,0.54478253759519435,0.52688722103084029,0.29576307048518341
7481,0.096080815776286188,0.1558830446348875,0.47415027841657664,0.26412787291912487
7482,0.82986953709992817,0.21717153490699129,0.4964738682628953,0.27179781846552781
7483,0.45852981190331049,0.28640725143776508,0.49715152723276318,0.27650798461818987
7484,0.022073069714626765,0.85175011860405792,0.52953582842265012,0.3126000601542771
7485,0.013817588212026751,0.42979422454937594,0.4964204443493434,0.28437151144232425
7486,0.87177868482026977,0.64658526908388603,0.53492415126978432,0.30252333483371191
7487,0.92232823770471151,0.0071045609262655497,0.47496969229620212,0.25441775450881116
7488,0.060396829774638172,0.68347763343976109,0.51896746065276811,0.30232396745715562
7489,0.63920735273190077,0.24692438069357306,0.49667452380101285,0.27388173816345773
7490,0.70075652295917967,0.32525374473104024,0.50514161615999875,0.27996660627666964
7491,0.76794370451505534,0.70480095353614303,0.53802868848299479,0.30624257536951394
7492,0.11851659820076312,0.91691554561847588,0.53806225574870981,0.31744070794407259
7493,0.25698466217521349,0.88392517286607764,0.54047289685925082,0.3163004812256443
7494,0.70341054925612412,0.74586455160294429,0.54015764170883263,0.30880550511160354
7495,0.80417134014816261,0.47786807617180749,0.5202682441789388,0.29112003659889485
7496,0.41519513177807676,0.44784822131424445,0.5108797216356411,0.28832174180020248
7497,0.5558301730623586,0.31015009977041047,0.50131041470619297,0.27857480122857858
7498,0.88554360621693784,0.11960437834699407,0.48705951849865164,0.26396994367614379
7499,0.75462624587091853,0.72252483317413141,0.53917497124923641,0.30736220904824252
7500,0.058670314235461415,0.90946094736916716,0.53513798733722073,0.31648177768891073
7501,0.61848055697997339,0.51020222246831981,0.52020371431495205,0.29317880798441293
7502,0.81770481253016047,0.17360832125867018,0.49189093221279551,0.26831509350867877
7503,0.83597534246003491,0.89644655730332024,0.55276328639294581,0.31801170268198559
7504,0.91630985926479336,0.39107104850275209,0.51404825421532041,0.28499590714624579
7505,0.18265790553184924,0.086444333767483478,0.46985895780087983,0.2590349112209524
7506,0.2365230393098551,0.11350950722702546,0.47434716160660412,0.26166725381192923
7507,0.38333543503381079,0.0020711232903995553,0.46584831634056878,0.25281991356224409
7508,0.19025835811231517,0.086638133871566977,0.47011602808500402,0.25910450578950583
7509,0.79690145290059744,0.31252942712897203,0.50531447103051874,0.27911571343902819
7510,0.13119577177074973,0.94769673567042934,0.54061897693261896,0.31936986768539544
7511,0.59726958128354746,0.92782049947766365,0.55130555674433512,0.31977911709933948
7512,0.83773637259699174,0.088646274407778405,0.48313539033543823,0.2613429226716007
7513,0.83259415943116188,0.18361780335017247,0.49310956014307139,0.26913380385640429
7514,0.021081527413742151,0.070224786471726836,0.46229936562823576,0.25621132553125775
7515,0.83088031516276539,0.97570098767873137,0.55804258336872314,0.32263087757123299
7516,0.51283098151375306,0.020809605795668908,0.47062632335821308,0.25491867204986907
7517,0.022197199089999776,0.2787203827054589,0.48319424904379427,0.27315901210101884
7518,0.1527074205988436,0.18007019619235071,0.4785887749534416,0.26657022326978419
7519,0.49903183011595392,0.64235949670834236,0.52868360354951416,0.30187943798717015
7520,0.33832432552917163,0.37240766428763744,0.5023560065810373,0.28254704879257109
7521,0.045170319447352086,0.28153100382111734,0.48443131453382682,0.27362608694071161
7522,0.39266444768552899,0.44301937890521947,0.50994011333382239,0.28789941234444161
7523,0.52546099477516262,0.54780080361765582,0.52163357495864893,0.29559847505883768
7524,0.64425559272171229,0.71974661807579687,0.53726927865690233,0.30710696865968412
7525,0.25017121701658473,0.87115121785131056,0.53938262809622928,0.31549446301802653
7526,0.74520205297692454,0.6515640460550437,0.53361952865334394,0.3028018460869894
7527,0.038556129995046651,0.9600096623088118,0.53766537865702768,0.31930185053050625
7528,0.3123734525585431,0.77804044249564175,0.53453551125787446,0.31002811565628291
7529,0.59025005633208205,0.29855078528317391,0.50082950054247899,0.27776653273611623
7530,0.097885845171555408,0.81716361399340676,0.53032115561056525,0.31118700933138088
7531,0.26895703981121771,0.10551918483978372,0.4744114899574573,0.26118648237569186
7532,0.6315672927036533,0.29967841236289827,0.50163828275448863,0.27792947987208383
7533,0.66613812629085734,0.75708832227539968,0.54040305365110486,0.30948176133046951
7534,0.95780508807942977,0.47130190002637684,0.52158152864207796,0.29071837798163847
7535,0.00011807454220252112,0.92874359804618878,0.53379324181261933,0.31702636361175734
7536,0.28498067765928575,0.33983266344649021,0.4979760918582592,0.27986815207141807
7537,0.75570833526075587,0.13867855184167857,0.48742293189401253,0.2654033923386302
7538,0.58541646112460877,0.054086114088061736,0.47565473947656201,0.25799404635815065
7539,0.56898144678940299,0.32853203225895994,0.50327137683443746,0.2799900759233393
7540,0.7579889449518058,0.75279447886744755,0.5414750608365082,0.30926803681956122
7541,0.65976828965937029,0.16168344827058029,0.48841258833726281,0.26713548104613583
7542,0.9496623333257973,0.70538094410073249,0.54035949467094913,0.30629825517789744
7543,0.69668006590622245,0.25417821825117576,0.49828570336081268,0.27453769989190957
7544,0.83179338404805181,0.96190033523911855,0.55713808778504537,0.32183596097705441
7545,0.71309186873495356,0.52141037207880292,0.52265680234256851,0.29406772378719093
7546,0.50661363930929226,0.79577062512406849,0.54035905616517643,0.3116841719256524
7547,0.045962550392479172,0.062392390613292811,0.462469834314025,0.25580839807861533
7548,0.34915412251885286,0.57821892236365247,0.52019374306900601,0.29715461085118483
7549,0.70589509449974874,0.80680562401459321,0.54464196064469572,0.31258927242869666
7550,0.78524162383339136,0.29047081495214955,0.5030618791564011,0.27743390973686721
7551,0.035832840455917177,0.68499376536995416,0.51802338825227057,0.30217404590963637
7552,0.79186934304592438,0.47994934436635817,0.52028038538769805,0.29125749120672212
7553,0.66140820511995113,0.13195860302123474,0.48532884845978425,0.26470548473103744
7554,0.54784624171314067,0.069785405313211965,0.47673289179733636,0.2592457511825848
7555,0.99980811376926726,0.068430436392955013,0.48274855252468923,0.25976437101040889
7556,0.0405170250899042,0.86373915573948767,0.53120140665015336,0.31352885536009795
7557,0.39955947768840705,0.085882803914451508,0.47552523214133263,0.26014082511308545
7558,0.76371018406878,0.93359627471991125,0.55432118086434901,0.32019705854138314
7559,0.19693518597715304,0.88947698146213083,0.53897035219120781,0.31631840357744012
7560,0.44547175069291844,0.49177331985681089,0.5153157588706847,0.2915232090869106
7561,0.017947112144401763,0.88471229452496636,0.53163268901341143,0.31457041256745533
7562,0.135606941396615,0.79500052805292654,0.53017298582231276,0.31010320179301432
7563,0.51498248886609221,0.43910652548371587,0.51222557347332109,0.28797596345862059
7564,0.0070303910570568406,0.33847070521650607,0.48803865116755035,0.27754578426996301
7565,0.4944597374527599,0.50977856084062956,0.51786206258725387,0.29290945033138732
7566,0.7251776644486585,0.97958809993454488,0.55683757148422919,0.32285885886495447
7567,0.98971577002644773,0.89248344245319033,0.55429528380805981,0.31772441743256347
7568,0.03868713536217111,0.35459282948818294,0.49087868241055754,0.27911184408018558
7569,0.5625584480799618,0.18279598663788058,0.48895372141795473,0.26864464057890636
7570,0.72435143551161751,0.46400881280967737,0.51795444757075426,0.2900826720217074
7571,0.92143897002259045,0.77116829886302585,0.54492872320743768,0.31042349974819722
7572,0.40357209015508416,0.3909572991884197,0.50560195541249286,0.28416645818576353
7573,0.40897368285212438,0.47188380817588188,0.51280733358400787,0.29000970942254178
7574,0.72360601427856597,0.5332688116382458,0.52380064517853919,0.29489085073829507
7575,0.63019265251847678,0.7858361955970643,0.54191424334104432,0.31123962084014439
7576,0.37068554473522819,0.31933839173408923,0.49828411720665833,0.27871025958991497
7577,0.50428072163896864,0.027684642040415205,0.47124380778473285,0.25549443717053255
7578,0.49946166107385653,0.00041111666193464772,0.46804542261537324,0.25308365162167956
7579,0.9721584215025767,0.97802965822390986,0.5598727115239478,0.32270219662575167
7580,0.64537904729753504,0.69490314169783385,0.53541056374820672,0.30552189961919346
7581,0.26353166311677778,0.45082974260166525,0.50725220190039089,0.287893342364067
7582,0.49169972121658506,0.64949980519897077,0.52909092472947039,0.30233232859165199
7583,0.19072285814626375,0.84416130102294273,0.53560675939962565,0.3135224751629615
7584,0.14561760587267344,0.51703171096505829,0.50907132907413732,0.29181790239971322
7585,0.70648081294283038,0.81327562855448343,0.54511502190385275,0.31298597848662213
7586,0.4639455686076428,0.46702740273658422,0.51360284691731894,0.28983281631986274
7587,0.50967584053926407,0.32213120353453562,0.50156013012791856,0.27936994805590726
7588,0.1184742036548094,0.256943659150356,0.48493725365737134,0.27240795776655902
7589,0.96098135183114797,0.70836346257523408,0.54071149797947815,0.30648515491016953
7590,0.43632328840232221,0.94954550979010532,0.54957547553032127,0.32080963486305164
7591,0.041155752604606098,0.62795358481401342,0.51387503940357715,0.29845881835836963
7592,0.86818694898585103,0.59620922383413422,0.5308957394419227,0.2992114998743054
7593,0.080073397821432454,0.84305558950250281,0.53143678060590727,0.31263494393343699
7594,0.48708464454974748,0.1739784367889981,0.48662988667466406,0.26773351707901782
7595,0.73699153432125453,0.11934334380534711,0.48511122397020434,0.2637830495710366
7596,0.3161778851827956,0.58960803480170432,0.52025037974213262,0.29779003086839878
7597,0.88422857741561034,0.25869826288536424,0.50125474490252497,0.27507899835803479
7598,0.17834485146667575,0.18088886001437204,0.47951321415234377,0.2668264347509291
7599,0.42370600463618757,0.54903412788618589,0.51960386309743722,0.29542369948708991
7600,0.084608718848845466,0.23405502107007198,0.4814740739141895,0.27030891696984
7601,0.30938542898752497,0.67311249399565865,0.52661348222858506,0.3033031283310974
7602,0.60946066912169339,0.50901714886153349,0.51994955466346005,0.29308290816063398
7603,0.68283871986529565,0.70073650734020632,0.53645655138949933,0.30593048308503246
7604,0.072331720654142562,0.080497142433316918,0.46542480927500834,0.25761684000431917
7605,0.052640026888542343,0.7127251688120072,0.52084057573437403,0.30414993637492738
7606,0.98810869387270661,0.42902986304656376,0.5182340577124861,0.28774085026198193
7607,0.4910910102954717,0.88076653689806117,0.54605825590257917,0.31683844806201422
7608,0.69610386643990652,0.34855827612084106,0.50723539312958954,0.28169994526970477
7609,0.80814168361091288,0.60152621356841418,0.53054846347721718,0.29954501105770026
7610,0.33173552268684142,0.35403844068861801,0.50051973503678548,0.2811540764380378
7611,0.41108598880810898,0.093273864619026439,0.4765763415168634,0.2608096689093154
7612,0.054629953035933432,0.26433653755482522,0.48319589403536767,0.27239032966286292
7613,0.71237658358145273,0.92674988383796308,0.5531098751476542,0.31978636699357743
7614,0.66346254433559948,0.87139201687515022,0.5485452823716912,0.31648050537708428
7615,0.47162290168959881,0.73401562351410976,0.53510758740071318,0.30774056730558391
7616,0.33381834625251361,0.46027741703864888,0.50998311624312676,0.28890297035347823
7617,0.82322195829829437,0.83514323868887741,0.54832052600021308,0.31434629310596551
7618,0.39862026263856098,0.7160169940357447,0.53213043850828257,0.30640095661725825
7619,0.90089524418351941,0.069468214580498178,0.48178441955193824,0.25978215939171462
7620,0.044133820244681557,0.62252587240353463,0.51358065594333702,0.29812657341323717
7621,0.31731843206797494,0.7289336589507176,0.53105032536731467,0.30694063639461272
7622,0.46657618699531306,0.57090066632822867,0.5223244042972055,0.29703279056448223
7623,0.77612139028658855,0.57525489193949619,0.52799761979415516,0.29777514214796652
7624,0.56696500462634725,0.40245113053160025,0.50997308246699968,0.28544623034866345
7625,0.96164535140789809,0.05755934607734671,0.4811364776617777,0.2588152262349136
7626,0.83117544172088387,0.86773798115876277,0.55071428446992954,0.31630590014578402
7627,0.012593662691803183,0.18869322344829562,0.47410045453708327,0.26594048456789621
7628,0.10487699473575922,0.29000635074587777,0.48757261236500227,0.2748543039424361
7629,0.56458932678328133,0.58353221515420595,0.52528160485026609,0.29809525386858948
7630,0.62942245195369473,0.060759760157146958,0.47712215682949177,0.25866279495010552
7631,0.73919533123547454,0.79984360025996581,0.54463696440209974,0.3121773599442792
7632,0.99479896065931539,0.91654626164404918,0.55599561222286209,0.31913424782811078
7633,0.89325406391465811,0.88710125909644411,0.55283132640902732,0.31744665806408084
7634,0.26419395181707805,0.76332856859512399,0.5321015565273538,0.30888936540086814
7635,0.66559669350400807,0.64362012575402627,0.53178699548555408,0.30221935752877321
7636,0.87459593197241192,0.56585280005909744,0.52852117390344178,0.29718428385096751
7637,0.9756836052300758,0.66901794731878916,0.53787149280519997,0.30397135065357261
7638,0.39462799794123277,0.28356717174305818,0.49547435923727851,0.27607275736763459
7639,0.67121061844454377,0.43365177638797325,0.51450136169552585,0.28786668186699638
7640,0.21787034863386071,0.80099330080124787,0.53342008153229203,0.31101083107319316
7641,0.99684450538271341,0.76790873534040294,0.54552937394988521,0.31020034087247056
7642,0.89818851252057352,0.0008047745897551068,0.47396672886279206,0.2538420373318383
7643,0.27691469339568869,0.92188080212223578,0.5436590686248719,0.31866657043130264
7644,0.28756587049685189,0.90406391792498764,0.54274776935856328,0.31764803328598168
7645,0.28688359797055601,0.63444532126061393,0.52299638294476913,0.30065824519036433
7646,0.17331231866189048,0.70718823260389041,0.52504973769245855,0.30478319617852279
7647,0.65454078557923212,0.52915950611325679,0.52238705998880564,0.29453544936989279
7648,0.60099192048039984,0.83549071299222999,0.54497343521234964,0.31425867015761616
7649,0.95223674721374418,0.36492206734170907,0.51208412166948003,0.28310173314052689
7650,0.30705630785630783,0.3630994047813933,0.50069940724018247,0.28171526974797045
7651,0.68545451958276093,0.56486223806556091,0.52581746029648846,0.29700220497205138
7652,0.079840756854077335,0.72526733526141618,0.52291102973875792,0.30521781169567525
7653,0.086395411971828442,0.19770287050789923,0.47798269838776458,0.26743094159078551
7654,0.11309453113666969,0.33110374351855137,0.49168892180997276,0.27805950062955476
7655,0.96556678352117309,0.21599785799664678,0.49795680429859213,0.27179797640567344
7656,0.5543132338183816,0.23031747850613901,0.49357740215441814,0.27240752449327438
7657,0.0059013093734043651,0.30051642061903838,0.48450964363966287,0.2746490393354683
7658,0.056226607872091702,0.39171611810744505,0.49492360959549919,0.28204942211505951
7659,0.88738630095993876,0.61349551611662612,0.53251048681184454,0.30035873809670183
7660,0.61146087236021418,0.54203239081789512,0.52273215007579144,0.29535791557119184
7661,0.13920772404292367,0.9436144269965473,0.54064160684327378,0.31918544291290951
7662,0.39688249552076454,0.39861307157763515,0.50613102677109045,0.28470283400960811
7663,0.21460508393762867,0.47031483262608526,0.507449920605334,0.2890021046187764
7664,0.43271436692766152,0.79495109875669012,0.53873109337920355,0.31147308286244735
7665,0.13146417252613465,0.43471206479688412,0.50159088132300711,0.28586473215318053
7666,0.39194303406105613,0.26341898328744573,0.49347948299569228,0.27450536080704108
7667,0.5842017152379384,0.56545253232201798,0.52417279901091329,0.2969084096410548
7668,0.71965901552560974,0.78225477969789647,0.54307474776411913,0.3110837202065721
7669,0.13620308221277083,0.84610845298954529,0.53383082258537018,0.3132771928682998
7670,0.29113712403747488,0.84466118418652336,0.53872074428044225,0.31406673539195396
7671,0.12167587189645274,0.78955283922703245,0.52926085180802518,0.30965554960812691
7672,0.97462736180584186,0.93840277797103633,0.55725752654902616,0.3204184600669237
7673,0.3483895237372141,0.20271801447552865,0.48647826396231619,0.26954393755078487
7674,0.44867917060652984,0.24025634860774736,0.49248134515541048,0.27289620330493708
7675,0.092113255035609479,0.7321221320708865,0.52391374228472898,0.30576742361220155
7676,0.7786054906673614,0.80899939313646174,0.54585565290414029,0.31275076174869837
7677,0.14574760177159915,0.066878841239062597,0.46656863000545479,0.25709351574263717
7678,0.92174003309841512,0.11978880593919894,0.48749829150502727,0.26401356071918564
7679,0.88880290223580094,0.36731424850983313,0.51156745085553579,0.28325161503645385
7680,0.59531994327121651,0.80333417712753874,0.54257701030525074,0.31228335435335636
7681,0.32353362063282404,0.40828740107024786,0.5051828820944877,0.28511511189580874
7682,0.8467570027620881,0.73952641886196802,0.541687306017829,0.30845727037467863
7683,0.11897879989783978,0.53787088095069635,0.50981760563958378,0.2930551197675183
7684,0.66747481666317909,0.87775061132240806,0.54905169380174723,0.31686372851001871
7685,0.21067431506403955,0.32956231608613162,0.49485426634572899,0.27866819414962946
7686,0.32098659342209579,0.62677935267897555,0.5233278755696269,0.3002999305104942
7687,0.84351892806886464,0.71775004342334581,0.54001841599434797,0.30708507890061043
7688,0.44158765049778165,0.59545747631842971,0.52376285051909155,0.29862196231161808
7689,0.090200261786568453,0.58454473458743883,0.5124853379731118,0.29600812743451355
7690,0.16726995271187042,0.58327487520425347,0.51522491356057387,0.29653415427995466
7691,0.77558563195691688,0.9273164833982126,0.55406250415595826,0.3198304856462077
7692,0.56412974679841432,0.62366931492310251,0.52847441478184021,0.30077137822268013
7693,0.62331123995055682,0.33626727188074729,0.50493494412174411,0.28067390485834143
7694,0.59157139333934761,0.68224852245141521,0.5335235657327233,0.30464205353566659
7695,0.40253459836369149,0.38959786782820011,0.50545631235319888,0.28406319901534499
7696,0.093879507474706053,0.030900332628458274,0.46085550883202314,0.25354981747173566
7697,0.41905981556448391,0.87764506996819991,0.54427780231135403,0.31649529798526432
7698,0.73028032630911333,0.18468566165390657,0.49183766840312759,0.26910223448156412
7699,0.0038895884058321828,0.43048319868237012,0.49602922364424301,0.28430518105962727
7700,0.66980212182615662,0.019506156324350741,0.47311455881343628,0.25517273966224036
7701,0.41370400915114441,0.42830124169300543,0.50914183697549831,0.28691430694418368
7702,0.23846221444831464,0.89090952841661641,0.54039408558279778,0.31663122654450487
7703,0.91643380375051642,0.7731801706400816,0.54501737738923772,0.31054883105544939
7704,0.087769149954605385,0.32726085084426454,0.49038087799237401,0.27754352555262357
7705,0.85995221076334127,0.20895644892688142,0.49602529642210386,0.27117501150082018
7706,0.63331907135833765,0.14391121345468563,0.48613995575986646,0.26563616278130753
7707,0.92704335064735499,0.37945905829170951,0.51312293621610283,0.28415582893557756
7708,0.66159636777687125,0.011120550068665762,0.47203051079223901,0.25442217079310941
7709,0.92418802834941305,0.8042039164515794,0.54735601813442014,0.31245304307363786
7710,0.73165267715809168,0.5795319976507104,0.52770832349544183,0.29803166665645253
7711,0.2408633106321213,0.099555907839105937,0.47299497312340966,0.26052262075025462
7712,0.044658783809433229,0.29021658922793575,0.48522381771993522,0.27429051086884065
7713,0.41487577835562411,0.83578801725342633,0.54124669762591582,0.31394372641878865
7714,0.48713454717571153,0.84746887896034173,0.54364998986044355,0.31481966698341579
7715,0.029444888270494997,0.82731156106978887,0.52815239808957504,0.31116959852231441
7716,0.82752435433572391,0.12099408170970856,0.48649827830937631,0.26403043987794822
7717,0.10325390825726791,0.51538657322776271,0.50737115886124584,0.29135901864476904
7718,0.0092427404907648447,0.016679408944805619,0.45600656278421114,0.25144661404369256
7719,0.76156220251010964,0.95634117324628176,0.5558187510585908,0.32152046849796789
7720,0.95955377324969737,0.23547066768204095,0.49983435247930547,0.27332004294235779
7721,0.43996474882481851,0.26262135884686139,0.49447309928241429,0.27461306488003906
7722,0.40626918467417128,0.37837829544908602,0.50453356893197499,0.28325174874850739
7723,0.60791378305352994,0.064750592674675866,0.47721296141556852,0.25895860070150117
7724,0.63115480545236491,0.89295206213818168,0.54950660825000297,0.31774512235411456
7725,0.13425133735329145,0.33554048029776895,0.49286147286802628,0.2785699248944335
7726,0.66099071233120055,0.042560279319190888,0.47558896868804967,0.25716000825950175
7727,0.13804750773702981,0.81188718373753366,0.53147380394937382,0.31117508507426672
7728,0.50099434781101304,0.48125195806521226,0.51558245639320244,0.29093190465764451
7729,0.3506120544944541,0.39468418672167466,0.50466546641062682,0.2842381008429351
7730,0.80202303101619477,0.31969526830386608,0.50605755513174566,0.27965924189266295
7731,0.52045432350257181,0.89676094533904693,0.5477534567625032,0.31784478211689665
7732,0.72393336668462727,0.27040363245856719,0.50026832465731685,0.27582859944439608
7733,0.43019973579318033,0.90347204555665384,0.54631286770066001,0.31807049085440436
7734,0.34184375250205634,0.0087395836275187336,0.46565068641502239,0.25322864935972561
7735,0.032429156934458296,0.18583669779169143,0.47466074798572411,0.26593219107549043
7736,0.86993638060240774,0.45603198393638017,0.51923249526863913,0.28962148424159029
7737,0.20783716468358179,0.27124338825921296,0.48929671441651384,0.27418624789447443
7738,0.32757385786449306,0.87101766089532762,0.54156159961832873,0.31581480908595644
7739,0.63827760780815734,0.50039967654937656,0.51971126574140913,0.2925273892003844
7740,0.62369056030119541,0.56821947161484276,0.52508588473514195,0.2971549823109223
7741,0.28731883586292389,0.92887328985881767,0.54443088656476246,0.31912637428716584
7742,0.023449939777224791,0.75776545938228956,0.52288186088571731,0.30673569178862825
7743,0.17200564323224826,0.24634089746355314,0.48576154180935122,0.27199717084103675
7744,0.8154324558732915,0.30941441238253609,0.50526552819563197,0.27889696282638826
7745,0.016512468370993155,0.035110921215906275,0.45832768406329305,0.25313705408700121
7746,0.35670398877045373,0.91800463254499487,0.54555084144787958,0.31873367299966626
7747,0.96860077222493712,0.049765905259072318,0.48033782084725868,0.25815341818514642
7748,0.018416753001150209,0.40670762348066786,0.49462150897767615,0.28274344373659399
7749,0.81836277125101775,0.53878866841049167,0.52558286766709239,0.29533210154139655
7750,0.40296298902126731,0.89046051848317742,0.54479100363373378,0.31722376837326616
7751,0.56074268768980406,0.24397501261119034,0.49503940924602946,0.27349344103119871
7752,0.070092542785580747,0.534117213837069,0.50760073131041894,0.29235994394107917
7753,0.96329287454193691,0.079371332572295797,0.48357249654383699,0.26066730907402336
7754,0.48172668152264086,0.32766152271615573,0.50151753967336199,0.2797115452237624
7755,0.73112736414746626,0.33277292376571571,0.50629401084617109,0.28056725042761366
7756,0.49272444478414257,0.75822023446290987,0.53733904527471166,0.30931450641568586
7757,0.55946687596993283,0.90267816645797583,0.54890662224575715,0.31825129651070388
7758,0.94361887599033067,0.7769590279308265,0.54560604259761059,0.31077610400985711
7759,0.52794472761777,0.68102255596929462,0.53224709991378694,0.30445969453170768
7760,0.79395057530436897,0.75056570992629279,0.54181067923645487,0.30914013038771992
7761,0.083968644301395404,0.51327895956741409,0.50644382646854624,0.29103926286941306
7762,0.73700605958771193,0.46329270232232522,0.51807832556429223,0.29004442591516721
7763,0.47663528544205475,0.36763366642113543,0.5050893225882046,0.28267886699826611
7764,0.79929559711517073,0.7811682140310644,0.54412740141301741,0.31104372060046864
7765,0.097990574254828974,0.12502560931540793,0.47105394618127666,0.26159837813687409
7766,0.77260578607880748,0.63951318326498152,0.53306838486505881,0.3020307418565224
7767,0.25154059834786457,0.63170408229745234,0.52175848460953544,0.30030088767056085
7768,0.64909340400028737,0.41238214365030873,0.51226964246284279,0.28630768862100991
7769,0.53223823949786597,0.0043038131893728864,0.46909877660531041,0.25352228067346355
7770,0.31949236993741942,0.04461156427044189,0.46912853779148689,0.25625759270693632
7771,0.47457231309203202,0.58663584293721938,0.52376355271187991,0.29811555043846311
7772,0.38286220187341097,0.60548885016063003,0.52321079537885473,0.2991134219196806
7773,0.67829472043017158,0.48586312638038071,0.51912486706550154,0.29156602046591418
7774,0.46970665477929868,0.71280596894157355,0.53347847386475722,0.30638425652271872
7775,0.62318021155245362,0.9281705693266471,0.55177795660993278,0.3198219694911697
7776,0.071498351983621256,0.31269103240921398,0.48840247669961506,0.27628290380610021
7777,0.65692287554758366,0.66290306979607561,0.5331456476454377,0.30346791509047305
7778,0.0063627197159337812,0.42704117538678699,0.49584533746782161,0.28408498784386715
7779,0.55468325226075255,0.20032687725614526,0.49058924190693631,0.27003149764278006
7780,0.48041428177388157,0.80328205442681211,0.5403641901903623,0.31209804021210463
7781,0.75052305456126345,0.13910474136093398,0.48739581314791686,0.26543151614050264
7782,0.36572982882052896,0.081980968884134198,0.47433270879790135,0.25967214356760543
7783,0.61942952571272625,0.39144011673753848,0.50990740903963883,0.28474134550088476
7784,0.32969550996910546,0.34465590606346963,0.49960856477091498,0.28044383185310812
7785,0.49762065891731766,0.47748897624280073,0.51519367413086514,0.29065897528367451
7786,0.024850138775759846,0.72982135855307573,0.52088970844605154,0.30496328055255434
7787,0.089061319768975952,0.73677646544167075,0.52413669356560499,0.30603908179826761
7788,0.14094103615452769,0.56661476695040469,0.51295945043313107,0.29520645160455267
7789,0.36280785086551914,0.096467461790086237,0.47582412499980475,0.26088492604620245
7790,0.44115603747571591,0.030208079869823996,0.47028066585745348,0.25551107085817537
7791,0.99408770635317789,0.99919487120317074,0.5614991617532662,0.32389313248877966
7792,0.28382437626133905,0.21036118037594717,0.48557567596415319,0.26984385232993796
7793,0.54147292478537423,0.64412316033685346,0.52965497845286025,0.30207962219120155
7794,0.91725958244329087,0.67326261523201825,0.53753771428311636,0.30425079006575911
7795,0.1681164103717194,0.97375114594245094,0.54368814203930127,0.32115728052846798
7796,0.23209271264428971,0.81198715953939837,0.53465558834674975,0.31177209518592708
7797,0.50409721160872145,0.96259275135836797,0.55188629001922929,0.32169950416352006
7798,0.065275149552023501,0.19407382687249922,0.47680820706607502,0.266936731260416
7799,0.72765277184991861,0.65563281231744919,0.53367901432295561,0.30305534842032761
7800,0.61733535177047605,0.027079889335611371,0.47315417713548841,0.25572854380476223
7801,0.50558031147437876,0.4435779692618293,0.5124296623068374,0.28827320276424889
7802,0.18730447933956751,0.90090782705772443,0.53943483454282715,0.31694984413096611
7803,0.98282296409340342,0.43168901764795886,0.51841118053075264,0.28792930550909646
7804,0.74138913662660644,0.56457269777382024,0.52663589951024803,0.29703259849731312
7805,0.14255981628374431,0.8568602042186656,0.53481755734775638,0.31398252043099406
7806,0.34343076205487599,0.21572964132680791,0.4876526915314619,0.27055949917722555
7807,0.93841247404901074,0.97265698723070093,0.55914253554122695,0.32241406078721097
7808,0.74867038508361439,0.83092533812111946,0.54699792533946068,0.31407922230476237
7809,0.27187420235899046,0.031468285354657566,0.46644186860581649,0.25486836874022495
7810,0.16613469696239336,0.87741381584316269,0.53708952807025245,0.31539683121038264
7811,0.25067581839103953,0.41965319016115976,0.50416618047239004,0.28557669507137784
7812,0.51889345759366412,0.15424219705046854,0.48521305194716841,0.26621836927815645
7813,0.26092613067958736,0.33043367362030551,0.49643458729736079,0.27903281300151017
7814,0.71885210153035584,0.36453846392215927,0.50904414298866008,0.28290996583377809
7815,0.43798286377695622,0.39879792769112393,0.50707452394474017,0.28485339433329582
7816,0.82362784902987773,0.24955535878658994,0.4996054100138323,0.27432471409401321
7817,0.70735826937895041,0.56143515671252975,0.52587491629423122,0.29679196237313232
7818,0.55995362363789469,0.94285766245083658,0.55164549111248551,0.32062256944424777
7819,0.42581577981935115,0.805799043601926,0.53935726857857658,0.31212767813084352
7820,0.40336854600085648,0.85991517724796429,0.54267775624419945,0.31538252380802256
7821,0.057983601165527948,0.18691421319061194,0.47580919046493325,0.26628701232561991
7822,0.42895377657084027,0.89710409326663942,0.54584744942164332,0.31768726283537618
7823,0.92747427151635053,0.50607001891179237,0.52419693017014701,0.29312631363130442
7824,0.091774552483821756,0.12956790128197754,0.47129524768274833,0.26191934982259274
7825,0.77750885576271689,0.93794436316009389,0.55480723106569041,0.32045152479851186
7826,0.16252908784988104,0.4450584625125979,0.50357795677079198,0.28684771744940174
7827,0.90469720297056488,0.58632507906901887,0.53054439126371333,0.29856040650493687
7828,0.29005610265050785,0.078585539421101566,0.4720924884421297,0.25902440719305764
7829,0.4820767815218191,0.53221010591412199,0.51947800112438203,0.29442998303885137
7830,0.90120349952274703,0.90863988841726684,0.55440514356831805,0.31871473447285875
7831,0.1713584900332964,0.20135449660784799,0.48133278414250785,0.26842446915420398
7832,0.17364576284441866,0.63451067440971975,0.51949345981884143,0.30002036112489633
7833,0.67383230504338865,0.56216292866630246,0.52541450345451091,0.2968073131910095
7834,0.18994680229552324,0.9885838997823303,0.54541527081253727,0.32215758174953091
7835,0.21335081542908449,0.90112003369360461,0.54030617900622058,0.31711313110494166
7836,0.35185671273082264,0.10342433095761808,0.47630781020151292,0.2614224816147811
7837,0.46448130448352315,0.051913640074327125,0.47317867889419257,0.25747093074495708
7838,0.047806518438237258,0.30428068407265241,0.48666356012322587,0.27540253317838659
7839,0.020139817846741064,0.33129657640409427,0.48796842996881834,0.27715589457059914
7840,0.045629800897010138,0.27091690453012707,0.48345032059280629,0.27280882627445846
7841,0.98995055787408492,0.91060873400055575,0.55553953740259376,0.31878961008821438
7842,0.32861666365083075,0.21787107376981296,0.48749440088461904,0.27066261049701201
7843,0.16416911255632294,0.95233812383700867,0.54212348067567506,0.31987127556135109
7844,0.39421188912269428,0.48685230498757448,0.5137390520832088,0.29101509137062159
7845,0.91225789979252736,0.59479323307889276,0.53131473731251455,0.29912446702149242
7846,0.60023307295386918,0.022996631845191587,0.47241065346414063,0.25533441656709516
7847,0.46809187097289834,0.66028116395188263,0.52943545181779073,0.30298357583025587
7848,0.80872240588116706,0.16933318063017214,0.49133336754800061,0.26796106909470274
7849,0.22162113928449109,0.14547649302744542,0.47724296815570866,0.26422698843165959
7850,0.089874360376305418,0.62550106267126981,0.51570775337203811,0.29876537634298772
7851,0.81222380922922166,0.38112153181877223,0.51185835430564841,0.28421455858739025
7852,0.27395843561809746,0.34569181294719459,0.49820702176666642,0.28025035950472338
7853,0.38849512615768472,0.84763490748066694,0.54146218360809639,0.31459388297341639
7854,0.39841624792133229,0.38804731913701401,0.50522213990865406,0.28393493987718349
7855,0.31024502231237716,0.53586829486979404,0.51572422306438004,0.29409727916030087
7856,0.68767726238333848,0.20245359636860669,0.493012486483977,0.27045973881295793
7857,0.45013610113103641,0.83640473324250197,0.5420820492737416,0.31406802617674179
7858,0.28085881308616373,0.62416780915186976,0.52202015298470039,0.29994666272261017
7859,0.7081663167350577,0.78946050706597748,0.54342477659732857,0.31152304179768403
7860,0.17578803234907101,0.30046754618220728,0.49103475494705839,0.27621985462955695
7861,0.54349289218365449,0.60588945716778975,0.52667883320887532,0.29955408509274245
7862,0.69252424871748086,0.869713442563673,0.5488873748270775,0.31639655155228236
7863,0.48272811364125229,0.58432466664497051,0.52374740597001401,0.29797982183909888
7864,0.99239888756180883,0.91340200280692663,0.55575606310509196,0.31895175777853374
7865,0.68437163164314119,0.85778506444621594,0.54792696755872838,0.31567565568688249
7866,0.97804848727249782,0.98864962748518448,0.56063625305062648,0.32330455143155151
7867,0.45770470127403967,0.20606855113621569,0.48928213906478168,0.27022148708179478
7868,0.13833943804501322,0.038409620970569089,0.46322182874775192,0.25458037167241071
7869,0.44824263957972876,0.99541579076229836,0.55288461340211392,0.32350295868008677
7870,0.82303614741564968,0.1479316048743087,0.48929056520245356,0.26623886402927449
7871,0.90869217262320456,0.43217103652436056,0.51761662738160552,0.28794595780247706
7872,0.54623046408303777,0.22871518369765256,0.49327083901112412,0.27226217850863299
7873,0.10152735910819612,0.69236304077446698,0.52130713882075974,0.30327843822899953
7874,0.39179751449549804,0.19258134059481091,0.48648783360038661,0.26891035784135309
7875,0.56888251997426853,0.84444631261395997,0.54503009248220946,0.31476533864167683
7876,0.60824433838486447,0.28069108738357901,0.49943512416376212,0.27643652286525533
7877,0.69739688164357794,0.078814990565029441,0.48015757993636238,0.26032590609903311
7878,0.48820532364359825,0.37419753555351637,0.50592132370707643,0.283194987315948
7879,0.95426217863516649,0.91476357171406275,0.55543314481737105,0.31905170281385131
7880,0.08248069716574391,0.72078337097024781,0.52268431541616767,0.30495294128976014
7881,0.12138756296114299,0.84422385587369797,0.53314494720064876,0.31304974691831927
7882,0.55120089592639121,0.78510923352913231,0.54045387241792064,0.31109721959769998
7883,0.18871399617317366,0.25152906559213295,0.48680370678232682,0.27252192972619149
7884,0.26516648459850112,0.93888021356464602,0.54446734139913233,0.31962389488361875
7885,0.69648460327723294,0.69971417289100357,0.53659130583853676,0.30587591892716287
7886,0.21946749375724467,0.69441867465946128,0.52560413632828562,0.30424264502795195
7887,0.055380650133884053,0.56794391167283764,0.50973460685245664,0.29454587559711609
7888,0.71117491668813171,0.36220865425408122,0.50871682868306178,0.28272907837832922
7889,0.32900799278629711,0.4820074324916932,0.51171488085057903,0.29042221087136721
7890,0.47553940464094052,0.37359479093541165,0.50560754498116733,0.2831158871813016
7891,0.8903738798318781,0.28342324263470947,0.5037242360719002,0.27697958414264295
7892,0.95350239745714938,0.53016612484207148,0.52651020267768245,0.29478085839687312
7893,0.62292472554432465,0.89251210832250083,0.54933701556391668,0.31771220393151195
7894,0.79622384629576703,0.21446435818049361,0.49576426360349446,0.27155150915001852
7895,0.81442335995213366,0.2589173118444742,0.5004021568953364,0.27504131247105346
7896,0.54234101832326265,0.0079606753952451981,0.4696997367172101,0.2538722912481895
7897,0.94805434526869803,0.60715403794205058,0.53271569968116339,0.29994389544294797
7898,0.93889365001794656,0.22680861190009163,0.49874333348751437,0.27263292339765199
7899,0.61866720507323048,0.12269345741315046,0.4836631660509666,0.26385761518028306
7900,0.03266719472334953,0.53157371936453279,0.50580852409081734,0.29180177114983386
7901,0.15855285264913693,0.42861361426309452,0.50201732123136444,0.28563247645014483
7902,0.93938208493151476,0.16705406937397785,0.4926740136805573,0.26788460315772461
7903,0.47275402964571256,0.57651670233717889,0.52290944871811706,0.29742852474064541
7904,0.83521942368153257,0.88415674794459487,0.55190633464679306,0.31728361724925386
7905,0.61682615858520151,0.79839624533340103,0.54259598956911226,0.31200263958486707
7906,0.93323398005444325,0.87781002484847559,0.55265694583701752,0.31688218355481312
7907,0.51038605128311321,0.085575419528188659,0.47776610823401983,0.26048534862260692
7908,0.54087747410828024,0.065549723868712315,0.47614158767162607,0.25886597722902516
7909,0.72006234529271029,0.69968473237574802,0.53694700770148129,0.30589057064898895
7910,0.43719535542234084,0.31353982850004686,0.4992613446811518,0.27851024334953578
7911,0.75778241872974905,0.38677938313026683,0.51162649385132297,0.28458099538970955
7912,0.26713326933808856,0.72441012268649652,0.52930784260154651,0.30642847527770811
7913,0.88196838411957723,0.37298064987120449,0.51200163660546827,0.28366319585042732
7914,0.46013133795427857,0.80615507950942267,0.54014087468923722,0.3122321416452577
7915,0.13244218444837025,0.5078802196069272,0.50783778949588343,0.29107602665769122
7916,0.04698090559077682,0.17770946174165,0.47444984873994245,0.26542967401425127
7917,0.96538124049425822,0.82803766175900828,0.54952508041605452,0.31388788387119571
7918,0.32727150354724149,0.021141898693621625,0.46670101245029455,0.2542508425835121
7919,0.02667475163495401,0.6842041650636006,0.51755573981995184,0.30202430629692772
7920,0.53960896076146758,0.22642105113390137,0.49292111598788835,0.2720652750027257
7921,0.84565240164502753,0.68733507825295681,0.53774147685592333,0.30514943997296179
7922,0.17341160501862177,0.20214443788210629,0.48147812292072162,0.26850267133083344
7923,0.36612239547601205,0.83882394226792967,0.54029318471506493,0.31398730758425097
7924,0.47506922417680036,0.51934298680521318,0.5182630424348027,0.29352415830230999
7925,0.39332625718273923,0.56114397850247333,0.51989173587231785,0.29615372244748045
7926,0.21591869397516131,0.71650279869305666,0.52715584303756946,0.30564924277382916
7927,0.02733220885785995,0.87468162357507973,0.53137022105009435,0.31406067801110543
7928,0.57382681209327424,0.47904632678277559,0.51678178228327953,0.29093116240739236
7929,0.21643665645063156,0.47525239265678682,0.50792739655726482,0.28936378637023003
7930,0.24644799189834157,0.65794750276251002,0.52364634254095022,0.30200902535629343
7931,0.59392989159441789,0.20507116589086363,0.49176016455630855,0.27049762360201141
7932,0.92061180285202582,0.74442530394572537,0.54295029383908122,0.3087610192396682
7933,0.023903144059854095,0.40640369726970099,0.494837395599309,0.28278308603983721
7934,0.14920126020900207,0.69316312934517632,0.52314760236970426,0.30370564755181917
7935,0.20201954893182267,0.097378245216433429,0.47162063370135632,0.26009248730215589
7936,0.20955939883348765,0.29637093735696979,0.49172966496399739,0.27613514851128806
7937,0.38457069228907348,0.079850875269772956,0.47453567833331783,0.25956960958541037
7938,0.59082833971317161,0.63648519944857118,0.52996568537151445,0.30165881595761912
7939,0.23497070886440344,0.51687630826240638,0.51199737377459986,0.29239847647871353
7940,0.9047123883299647,0.54095018131985562,0.52684136955702832,0.29550803537700826
7941,0.44614997604571982,0.56379204870389088,0.52130763866763674,0.29649564586736499
7942,0.76132560148212369,0.79446161142104532,0.54456643608824984,0.31185420178403311
7943,0.66653420401177133,0.77924107862833192,0.54203233021575581,0.31086264848595219
7944,0.62282191978947965,0.56928637000696036,0.52515788342304059,0.29722586456165179
7945,0.92199996505653259,0.05263991982765729,0.48015058830585822,0.25836497126927915
7946,0.21173048550934764,0.93416604806849501,0.54250277483338205,0.31907847939653283
7947,0.54487667563102449,0.073511454074422375,0.47708813796519917,0.25955549068337153
7948,0.36311069793862993,0.089459461780765567,0.47507852958754454,0.26029460140058003
7949,0.67732347018542938,0.47609641495541438,0.51827574127413811,0.29088090376295594
7950,0.43647564526140925,0.31424801901296018,0.49931208650696934,0.27856158937770159
7951,0.72594036610316259,0.11481687944048317,0.48447043013545737,0.26339133920264285
7952,0.1230954388744547,0.28757606465626745,0.48801116520418963,0.27482319160342583
7953,0.292112587551761,0.5400344824526343,0.51557182671754409,0.29430103461692547
7954,0.57576723793084961,0.15946407825275091,0.48679024581161057,0.26678602667010831
7955,0.16560724840193289,0.62823872885793686,0.51872733637292046,0.2995473790844177
7956,0.41860395104292553,0.88899117621764312,0.54505282301582081,0.31717613303721709
7957,0.062791255346464472,0.16139202156529064,0.47344131886654123,0.26426287098102857
7958,0.61661297127451986,0.66254645696774828,0.5324450566268164,0.30339857340292559
7959,0.096756120383355307,0.3015375825694413,0.48834608679609165,0.27566720205453465
7960,0.06494129392049508,0.16799109219879613,0.47419097484126416,0.26482242950576301
7961,0.32702700575016208,0.34500709670073121,0.49957213566726782,0.2804581685557293
7962,0.19152864117437277,0.15107341072490674,0.47690199534152078,0.2644883954876277
7963,0.26535138362302679,0.26929809065932647,0.49081199729215041,0.27437989244588357
7964,0.066286233272089157,0.3047280608222005,0.48745728503367297,0.27562409822891593
7965,0.26600305021082749,0.77466616289560919,0.53298316743113694,0.30961225342931803
7966,0.26220164168890331,0.34147955866385021,0.49748778357806145,0.27987118421765017
7967,0.11796692303348101,0.097182636377622852,0.46885642160297325,0.25944148199346506
7968,0.72962135640132475,0.18961323603087804,0.49233088645877038,0.26949615958293355
7969,0.46830761744979543,0.69159054452191338,0.53184260184382048,0.30501740110517034
7970,0.098313373249198768,0.24943560767624295,0.48347596893275124,0.27164460040071819
7971,0.32926373720847768,0.3375372577092261,0.49894273927051802,0.27990792303547829
7972,0.83730711688454029,0.51062558226994015,0.52348129007781385,0.29341184136851711
7973,0.22184514318286674,0.079593257669650488,0.47031074013647212,0.25871567545697988
7974,0.20327358240574833,0.1683171187507338,0.47902595758094013,0.26597778458501753
7975,0.22977772672973806,0.23345798439857318,0.48631542873241435,0.27136871160847942
7976,0.74920369151103083,0.77436504453805977,0.54293317073794234,0.31060819445913501
7977,0.19452054476354971,0.65039272701632,0.52142728062572319,0.30120976510321107
7978,0.0013915005290997214,0.57197393724444556,0.50766080735485675,0.2942307752222586
7979,0.532899686229101,0.45286743627780818,0.5137689907691666,0.28899836754264074
7980,0.48736884840972489,0.23579384002197767,0.49283956811329105,0.27266380670746632
7981,0.47836070849330864,0.41629342607242287,0.50948551953795329,0.28624190751377065
7982,0.8219843797618408,0.31816356687260561,0.50617607085019223,0.27956085930065283
7983,0.49029971362230135,0.26565470377624734,0.49581049273850231,0.27500142943870298
7984,0.99888909857174146,0.55322909065572312,0.52891138840146845,0.29634433513957925
7985,0.088043413548509128,0.4185711421093089,0.49855722682793358,0.28432177003393588
7986,0.64985528432900319,0.10841718091297663,0.48264173708008395,0.26273117193417583
7987,0.83481616272892567,0.89356016038308161,0.55254983346623265,0.31784112200562653
7988,0.41674580759928798,0.90223687582659773,0.54592176718240304,0.31796410886013043
7989,0.24880431649322857,0.40024580520450836,0.50239953427831063,0.28415217914384849
7990,0.6723081414000015,0.33139433212297736,0.50527647391398001,0.28038740620238839
7991,0.64556110844096404,0.67391536929094009,0.53380874829619751,0.30416989557094354
7992,0.63051299661643578,0.42670521820957075,0.51322946435966443,0.28731074926766648
7993,0.75540940304169202,0.42392172978407472,0.51490713287539147,0.28726320168441999
7994,0.87646485825312559,0.78605854933039521,0.54547617949143179,0.31134864921874394
7995,0.54330126204608242,0.80969620693494804,0.54207929340837835,0.31260545659349537
7996,0.99514472584865299,0.40717090921053894,0.51637084679037071,0.28617841363690288
7997,0.73344572229649641,0.38212011390627593,0.51085669929313893,0.28421627466962079
7998,0.82404309376649332,0.040622264261718374,0.477636316292471,0.25723656848272736
7999,0.95509369905182395,0.018936589070281479,0.47669215363822409,0.25547909633440824
8000,0.69906722874281702,0.73417713905145654,0.5392225701016663,0.30806693244787192
8001,0.66068520296044886,0.49371866447605428,0.51951215920886551,0.29209239859858716
8002,0.097213188404229017,0.26797687258593506,0.48520594097280423,0.27308215931713437
8003,0.99662348110697929,0.37777822289114121,0.51374002091218973,0.28405215459766209
8004,0.21602118946401169,0.17224117385469145,0.47981193476704981,0.26638028272029768
8005,0.87057305493495662,0.059899117901793218,0.48036633081730284,0.2589400998064435
8006,0.50689590703662257,0.34106721933701778,0.50326467228236471,0.28078481196924882
8007,0.51826299349105687,0.97457224040637958,0.55296552261491516,0.32241695136590559
8008,0.024595424943824766,0.23159884582454107,0.47881037044443464,0.26950133198491055
8009,0.48494664222017164,0.96147781237022723,0.55142032702419808,0.32160301302855598
8010,0.59093453831247755,0.92940836721669184,0.55130092866347946,0.3198664300333921
8011,0.67302781702104264,0.28958704159167831,0.50134351188280868,0.27722796979024106
8012,0.37150733563696264,0.51629323388031911,0.51567118890009644,0.29299125459540754
8013,0.096841315571882303,0.35636845826989738,0.49337813564004734,0.27981536587433253
8014,0.12890208210389831,0.42116970596754694,0.50032117663888476,0.28486323163820226
8015,0.39072134458651997,0.70813395489814002,0.53134941640442701,0.30587085488433302
8016,0.68254533027916908,0.95196197740650979,0.5543500059175549,0.32124833660680624
8017,0.75184404733887644,0.56708043160209209,0.52699098797683308,0.29720942507119491
8018,0.9707864864637028,0.017658833736658563,0.47671274256482948,0.25537918546236604
8019,0.029199657449999358,0.85897410083218706,0.530364108384619,0.31311983098683605
8020,0.045441519321536179,0.55064993630688408,0.50791607572227648,0.29325687639410586
8021,0.33840864664233528,0.77790217588570676,0.53521663242610773,0.3101198245265569
8022,0.60311542437382748,0.62635755679680738,0.52938610751883497,0.30100924296254566
8023,0.70002591437803352,0.90022197304697471,0.55111273629748936,0.31821798726988332
8024,0.90242859658339303,0.59132216689294437,0.53091963085365512,0.29889275145130806
8025,0.082213908238185113,0.2430151938358904,0.48224760003493633,0.2709924604538026
8026,0.37623020572609972,0.065869820303760929,0.4728225389307002,0.25834303641449269
8027,0.54555468172385591,0.8644131749027526,0.54599625307853961,0.31594212577403663
8028,0.010646256126428489,0.71010280903984102,0.51877172909029912,0.30353193253039518
8029,0.68733664345300061,0.34804644676403845,0.507053822441486,0.28165027440470375
8030,0.053977533430873879,0.37529071707151601,0.49337352178998878,0.28081313803820984
8031,0.78095843938639153,0.20953409395610217,0.49506414867941834,0.27114525441251097
8032,0.94999305559477076,0.85040087746352655,0.55093387424814511,0.31524025203311823
8033,0.7566183503368753,0.97703027196443881,0.55712431754095837,0.32271489552371263
8034,0.067081532424257614,0.13311284256492509,0.47072614786975692,0.26197936280100914
8035,0.68051696799247297,0.29529436763512207,0.5020044427650201,0.27767419113022257
8036,0.68303781305636513,0.54301309650068874,0.52398834079155321,0.29551650918043193
8037,0.058469960151484701,0.83925366755478326,0.53026723721140445,0.3122009909942155
8038,0.038800938317796685,0.85580683060408336,0.53057272479163542,0.31302519454651145
8039,0.95292158852935549,0.62224570234400456,0.53396828176954514,0.30093656032541533
8040,0.56847841659135889,0.063097371619928164,0.47636126224000974,0.25872628834254185
8041,0.012234728585311678,0.23596202456933679,0.47869642125671719,0.26970537587454185
8042,0.89021796035080913,0.013059654219646473,0.47529262907219955,0.25491060947854877
8043,0.57511332772861934,0.18296248256420949,0.48919348978047983,0.26868695137856086
8044,0.33134468089729785,0.99242821050410868,0.54987699802592527,0.32301992329951967
8045,0.74976231861015552,0.35707372123358078,0.50880942735976542,0.28239335430447349
8046,0.45786651312893956,0.5778860001212569,0.52270403456671499,0.29748272442478391
8047,0.80122154683008562,0.48371990506806178,0.52072875596147028,0.29152688115657555
8048,0.77003294638973896,0.95799138165105835,0.55604793013929055,0.32161634091190844
8049,0.97507240075691382,0.76435120979653448,0.54503385315245978,0.30998776364394431
8050,0.85730783895504437,0.66945475293447965,0.53651730006004028,0.30400235899824857
8051,0.97921814138564522,0.31218706263188506,0.50747600702652151,0.27919698361416007
8052,0.05296068318464095,0.91782956542010663,0.53546177648259075,0.31693022555415812
8053,0.40308993861371423,0.35605137607689252,0.50243410366951957,0.28158750033677571
8054,0.24921291375557195,0.32946414849512512,0.49600653224151947,0.27889393254174183
8055,0.34610441807479364,0.47823876868948573,0.51183333152777333,0.2902275765367508
8056,0.15837144111107337,0.42255198356894547,0.50148293114723741,0.28519182904995261
8057,0.89319138664776687,0.87146049461954977,0.55174683141598702,0.31651753963789231
8058,0.14279459195201052,0.88051193065262634,0.53647117092405006,0.31542523917095788
8059,0.64000254556353908,0.8181440819242155,0.54440573769879075,0.31323794757315154
8060,0.86573871679307202,0.47630717435010012,0.52092820445051014,0.29104288173350434
8061,0.20401568538659487,0.23882747909963364,0.48605572187312318,0.27162798754301914
8062,0.99562604437690461,0.04593954532343196,0.48019082366021643,0.25784270010700389
8063,0.67092504036935285,0.70022361305510861,0.53622913877188128,0.30588744571445087
8064,0.91023414113878975,0.07346058716947447,0.48233291355724833,0.26012849338167465
8065,0.88020452218792644,0.068129447229334616,0.48139473382798165,0.25965010494664092
8066,0.55933099895335037,0.3727852021529689,0.50716483310334426,0.28326074552179997
8067,0.44894575970357986,0.377193222340371,0.5053729338518379,0.28330348436381342
8068,0.60845365875355206,0.41815597657690523,0.51210142691059202,0.28665980162772881
8069,0.39358429353485119,0.054928277195652485,0.47201249307366755,0.25747446190190237
8070,0.33695992868923352,0.11070943925176981,0.47672133023396357,0.26196603413736719
8071,0.16598963765873342,0.0035021051498944872,0.46023379878791554,0.25173329938092232
8072,0.72642272490834592,0.65579692558146785,0.53367353977601262,0.30306518240101249
8073,0.20579528208401754,0.83075912126066398,0.53515671508889484,0.31278733653351853
8074,0.18150695780540121,0.78704155029280809,0.53121980797207979,0.30992103022963924
8075,0.33271589175575644,0.85811712766702997,0.54079648238160904,0.31505065408842559
8076,0.94669775952507051,0.45658513344273671,0.52018642047666086,0.28968424849094021
8077,0.90792072289405623,0.35938087122550932,0.51106830830618133,0.2826779191317228
8078,0.017276025657646823,0.32871925535249757,0.48760763801496682,0.27692842363855907
8079,0.52304185537340819,0.39486539225409512,0.50847191043161544,0.2847981227202156
8080,0.56715770194703952,0.61915591599821351,0.52817354619696721,0.30047762183554133
8081,0.87499506747900746,0.039113294209924064,0.47808683148436693,0.25716031814590773
8082,0.88845913307428137,0.55666774981132472,0.52793982307849086,0.29656876090264517
8083,0.369983038797637,0.77743673851828798,0.53598306518398786,0.31020013832799248
8084,0.70556663407013986,0.35007673722399635,0.50751871103118906,0.2818247643878023
8085,0.14374946312721587,0.29922365412119545,0.48983464663380322,0.27588504776394479
8086,0.080265965430147496,0.048370232919335836,0.46226859902995321,0.25494012525797483
8087,0.59325238469172037,0.27388234794215532,0.49852278666990935,0.27588363915783576
8088,0.51601892189848009,0.052864533721411137,0.47428233473137993,0.25771003212521049
8089,0.44069009547269672,0.12888952521508329,0.48100157523607734,0.26389343075425242
8090,0.29483983915153661,0.072058593297761403,0.47151049017209901,0.25849314862452061
8091,0.49434407963393023,0.70738609295032218,0.5335822271499665,0.30609126103414525
8092,0.74268209546419095,0.98080972149564183,0.55717441232768805,0.3229313491481679
8093,0.83538640012951804,0.58052175696311747,0.52921772672693401,0.29815623925917484
8094,0.35208788121255352,0.656712819582841,0.52646966036966114,0.30239946811039964
8095,0.66314819923710311,0.21759927852092079,0.49415450217003498,0.27162130712380772
8096,0.10963070008478826,0.62114651959206679,0.51613626015398528,0.29864488145732249
8097,0.33234824918223316,0.13119808692716761,0.4787656746571603,0.26365057387830826
8098,0.7438164426708711,0.97466489774865328,0.55678433319801035,0.32257788236659757
8099,0.23197128193395913,0.87058141745218309,0.53878565234664444,0.31536810569321166
8100,0.29403539603106915,0.3893885931094061,0.50271528101474316,0.28359452684992797
8101,0.27601458912453386,0.28081237538288112,0.49220927296074407,0.27532845348073653
8102,0.63211408601057484,0.75622580942666395,0.53978044971517614,0.30939649833839378
8103,0.61969846615559654,0.032365264720038978,0.47379029785931326,0.25619358256865093
8104,0.13254271185918479,0.18722204874331366,0.47861611833878431,0.26698889658792341
8105,0.19714314285659931,0.075673781817650887,0.46915103856273055,0.25821979460543198
8106,0.42750421697447316,0.76677306203107587,0.53656352942245278,0.30970070208872086
8107,0.44306841557907173,0.2497231220583315,0.49328746405397866,0.27361894549939891
8108,0.047459836162265859,0.51816440609717973,0.50534609916086703,0.2910242565078251
8109,0.4801390094942064,0.37792551992313239,0.50609398067808586,0.28344760327542901
8110,0.60152022959691243,0.60075762695079904,0.52732677576051668,0.29930811171197913
8111,0.90034512416835644,0.21953452375862981,0.49757349105777399,0.27203898427774231
8112,0.8582611410690123,0.34447109818599425,0.50909269115418343,0.2815500017186971
8113,0.36841708275395213,0.27249216534014559,0.49379873024954579,0.27511631054900543
8114,0.31407842043986312,0.93945326347333613,0.54588760539511849,0.31985827868713806
8115,0.46101436239910548,0.55456024423452321,0.52087525876822094,0.29590730955450451
8116,0.43446060283674159,0.80367883933213313,0.53939950463172137,0.31201843011651847
8117,0.17280657399914925,0.84058201890765927,0.53474651621985292,0.31319008367898354
8118,0.39984562399467688,0.17176987017184731,0.48455781540826387,0.26726119561975137
8119,0.66326902222478534,0.20835930428624852,0.49323032509113102,0.27088968293632443
8120,0.98317513653064392,0.37056804950108058,0.51293967359537684,0.28352336526383337
8121,0.28311563449112004,0.91961938737585447,0.54368322254634316,0.31855845008918515
8122,0.42382610642019425,0.89005634176753234,0.54524567338531738,0.31725294079506322
8123,0.24018807646442439,0.17670880541539519,0.48097815954748069,0.26689276782719512
8124,0.77937733705976286,0.88547630714570413,0.55125225057689198,0.31736251385549941
8125,0.9104000375083765,0.22892324297983435,0.49862831553464099,0.27278193416636815
8126,0.07547170179897221,0.73063852883576186,0.52313140337396125,0.30552312799738313
8127,0.28189834221588683,0.22050786771447164,0.48652790094552767,0.27064086636427026
8128,0.78794996626429492,0.42612800222338415,0.51555428933882486,0.28744861981734177
8129,0.060739569678914272,0.45927907347833974,0.50096853905409178,0.28699734071783783
8130,0.060930046656343627,0.02210736819136655,0.45866704122299728,0.25247101002560579
8131,0.27175228661153233,0.36923891001335579,0.50028629023271776,0.28199371424739994
8132,0.81002105576141048,0.032007976732135283,0.47648445788560723,0.25647482822703044
8133,0.38767130475131567,0.95275662515513837,0.54866256258901824,0.32087800376807929
8134,0.81683867196048388,0.47156876975077905,0.5198962436685961,0.29068673290225155
8135,0.17498387582019206,0.35229598097713899,0.49578834281686823,0.2801362314228148
8136,0.72735962150610289,0.28094401626869808,0.50133490155303428,0.2766420791343393
8137,0.97025234069422595,0.18999086178826402,0.49537362360452553,0.26974085793169073
8138,0.98052332702873979,0.95493300773639933,0.55842954758678554,0.32137091856273498
8139,0.7312789733315237,0.17909227357899071,0.4912794303993997,0.26865426218005106
8140,0.69404797932250661,0.83217094327359231,0.54627137346222521,0.31413156302984319
8141,0.85628200504655261,0.66571740244968103,0.53621602955625369,0.30376104315425989
8142,0.25953925208199069,0.14590106184523319,0.4783782550348003,0.26448954747050862
8143,0.51086781998152153,0.13834694354807725,0.4834030095249896,0.26489223119422634
8144,0.4362234336966998,0.11693364910428646,0.47964440304567213,0.26288460245684858
8145,0.30583251393997346,0.14364202665711054,0.47938941040288158,0.26455054769197706
8146,0.2821878571212641,0.39662578201164722,0.50303379329726516,0.28406609086994938
8147,0.15793052410726668,0.89484461310877239,0.53800363063844836,0.31639708637712238
8148,0.92126186915222785,0.34582578953952764,0.50997440260966609,0.28168349825810529
8149,0.2901515725025558,0.14891718413314084,0.47952360300414892,0.26490433689911447
8150,0.5231298500659759,0.77702782075545984,0.539326374130911,0.3105489045475881
8151,0.92872010998310295,0.13354027877365007,0.48904144179425829,0.2651510465679775
8152,0.32509533533888169,0.17028058896329021,0.48262176853562178,0.2668231153984113
8153,0.76931931690397903,0.97150893648500791,0.55693748784568087,0.32239719075671708
8154,0.26422598276407228,0.22848570980866209,0.48682408540371469,0.2711770769034067
8155,0.052196081509918446,0.049233007610880307,0.46129575807609657,0.25474055116582611
8156,0.42522205088307385,0.37890133447867119,0.50500849146254068,0.28335432786113324
8157,0.91979868957762378,0.90907509061862946,0.55465322808747564,0.3187334335254135
8158,0.19068745461275102,0.17667098637408343,0.47948046820444906,0.26657132555450475
8159,0.48064617864388276,0.28808280088190225,0.49776816633356019,0.27670217400960345
8160,0.77968472154225466,0.14642209075550783,0.48856405819082854,0.26606754001379151
8161,0.82491572700693516,0.14514243382260902,0.48902188406058938,0.26601304387265645
8162,0.49510989707520936,0.023572400618845132,0.470604821987884,0.25510789569780445
8163,0.97912957467170203,0.96169742177260342,0.55886545202308302,0.32176127427476958
8164,0.13737872404864757,0.68617085330736594,0.52219040876755862,0.3031625646911642
8165,0.065834104763565118,0.10753708169687307,0.46802681004171565,0.25983601855978911
8166,0.19211135468323484,0.40584035158705667,0.50114345325357557,0.28421258132910071
8167,0.90373449533769168,0.35342856697473907,0.51047159422728872,0.28223745819721807
8168,0.55419992014680763,0.41802763428905748,0.51112179195814811,0.28654799644349638
8169,0.64406639814517697,0.31405960339711747,0.50320221179271529,0.27904029290206639
8170,0.43282597926453453,0.96283870932409787,0.55038643183048641,0.3215797867370021
8171,0.024000820723024664,0.27604302371632078,0.48302048767882644,0.27297199655201587
8172,0.35250366448262943,0.63714719500407813,0.52495798127336601,0.30111184294025162
8173,0.048134204492962455,0.11190822677750839,0.46778836072931346,0.26002367255865755
8174,0.29468146320035449,0.50487542081425196,0.5127247521491014,0.2918730756289219
8175,0.51868112209631367,0.18255261902044295,0.48811941402176406,0.26851490934071276
8176,0.54073838326242996,0.71710536586522367,0.5352308586959954,0.30680048372994206
8177,0.54391862893422371,0.59045370549644582,0.52545242358245947,0.2985226178492556
8178,0.49815265338044851,0.60170097792086896,0.52545607602775835,0.29918162915805541
8179,0.50322580748713808,0.15435081467068523,0.4849243963116685,0.26618378957535899
8180,0.45739084763658466,0.50770554086811615,0.51691580153870131,0.29266940359627824
8181,0.9401151367795072,0.51262756147388144,0.52489350393085943,0.29357943527954478
8182,0.13202290775525616,0.44136965254029492,0.50218651414060211,0.28634932714605044
8183,0.008717545992566739,0.15394091080165237,0.47045838495903447,0.26307114634370515
8184,0.67028076855669494,0.73604297968003674,0.53891065937857352,0.30816272263701572
8185,0.33224152002056362,0.59334537154802824,0.52097371062855302,0.29810923562771224
8186,0.68090668062804038,0.84069473577033493,0.54666995987884437,0.3146412406885199
8187,0.34208955287848369,0.72916877780027001,0.53172000311652512,0.30705176704801074
8188,0.88601875628632265,0.34810799942229642,0.50976927774525738,0.28183548981935619
8189,0.73633465828386835,0.93587579234755836,0.554082401605268,0.32032659815579057
8190,0.30553127170529915,0.31499845862471265,0.49623236361681616,0.27809502090767352
8191,0.83574991062657211,0.23335438037031564,0.49816200546951006,0.27307341428333393
8192,0.77838509539078227,0.13217399447056233,0.48704545197027338,0.26489747998134056
8193,0.77771523316487445,0.71266252566074251,0.53875884407575436,0.30674652067507241
8194,0.43184671001463432,0.84863893318938788,0.54254046988666083,0.31477091896077691
8195,0.33147771980535473,0.23255959253738401,0.48901499518371699,0.2718381836014041
8196,0.6792560760893277,0.34718731924389723,0.50684936376059664,0.28157533137385654
8197,0.24104529601609104,0.54624851693954557,0.51460399932965994,0.29446602043509984
8198,0.74029107967080787,0.71422719869249274,0.53834465272134369,0.30682905884567885
8199,0.79087660985986008,0.24768887595058187,0.4989912969581109,0.2741486366107681
8200,0.79637821108753559,0.94949483290315839,0.55584149207523004,0.32112298957250485
8201,0.075315400116879039,0.27079137401500486,0.48463282241178141,0.27309713426437571
8202,0.33972673323991476,0.048999089623859619,0.47010933046367243,0.25673274320889683
8203,0.3363369692916866,0.51199996210824461,0.51443081230802379,0.29255517740778259
8204,0.7974342521317187,0.43933255323773485,0.51684268612803541,0.28839774345074531
8205,0.020275715586158916,0.063148637577740016,0.46151042206495974,0.25559734471477769
8206,0.42792182584638944,0.099094798583991367,0.47756556586989057,0.26136176933057592
8207,0.14858963293164271,0.062914660444029144,0.4662342157789936,0.25677599757631431
8208,0.45038474585596705,0.82637229870607842,0.54137532517591169,0.31345448100050793
8209,0.10664328169127693,0.72340315063734306,0.52383575335353194,0.30533086268192383
8210,0.35460252766619671,0.98870215671235928,0.55023338834200197,0.32287890399498514
8211,0.6928715833870811,0.7960670479976456,0.54366826270244517,0.31192154289129836
8212,0.35965905025707329,0.11385425789869624,0.47760219914224777,0.26233017108517209
8213,0.66101078245366229,0.73776075844516742,0.53888957889578482,0.30826311701228259
8214,0.91157826609575432,0.7841961387598072,0.54576283428584205,0.31122918394767191
8215,0.55245514727461853,0.0049899866829277014,0.4695381853177259,0.25363703846408303
8216,0.50871187471974411,0.18752707104490837,0.48843431474954901,0.26888818555757948
8217,0.76404910047083396,0.43629011900309711,0.5161169427028417,0.28815489835837355
8218,0.17428356545170537,0.54350047406217783,0.51224476341312475,0.29386153483154975
8219,0.49532483180476122,0.63215309714517787,0.52780906770129721,0.30119871776765395
8220,0.76003916124481474,0.099776738087960989,0.48333005006544089,0.26218475227913701
8221,0.10104396143882768,0.063270141760248227,0.46463804823474353,0.25641174314459997
8222,0.44232719876266785,0.38089251054577766,0.50556383991945109,0.2835553932335223
8223,0.045558072880224794,0.42146566767167537,0.49708320101476,0.28411573760871944
8224,0.45180088425761789,0.30386114829097643,0.49866480488069009,0.2778213374889375
8225,0.019148255566263109,0.9231561247163802,0.53431188735540258,0.31690429272626214
8226,0.95573382732566681,0.44766691194406016,0.51951259117117543,0.28905721292144798
8227,0.57777842447065053,0.5015051648150548,0.51875886094464707,0.29250840193262528
8228,0.57614803777750356,0.21017378525194944,0.49196287135741296,0.2708649358327293
8229,0.52277494096745514,0.82681347083932499,0.54290557879263701,0.3136233931146693
8230,0.39111912271036997,0.86386917777823979,0.54266382411903025,0.31558802789193996
8231,0.96131837159270661,0.58878168515675933,0.5313927531505469,0.29872657485574006
8232,0.26723720053228317,0.96997321858581864,0.5466092500137496,0.32146349421647896
8233,0.77986707830544333,0.93982468723385837,0.55496648544509852,0.32056116187597899
8234,0.13686165310746293,0.075314720742648944,0.46717891420711599,0.25774364156056478
8235,0.91598937241957756,0.2414948965933989,0.49993953407772657,0.27376607565989763
8236,0.63787709512162261,0.89818624443361772,0.54997937856296342,0.31806151551606121
8237,0.18201709758312209,0.078454839331971019,0.46898315193242063,0.25835175579382447
8238,0.42999995688834458,0.11034636484017829,0.47881223742965384,0.26231279609923996
8239,0.85050509608093416,0.83412872179009723,0.54859985104483311,0.31428398036637234
8240,0.45931745497394588,0.68504169618155575,0.53115126712324012,0.30457252249001771
8241,0.17913437136338325,0.19221457308671672,0.48067419141899542,0.26774625698984322
8242,0.20591232462703482,0.70962139483602948,0.52631824524023507,0.30514687583408995
8243,0.92185673913630894,0.90790088675279412,0.55459689588083638,0.3186636631339147
8244,0.79320806979982883,0.64318005380901744,0.53363930535277881,0.30227985828088888
8245,0.75850763157253398,0.31885440061384579,0.50538346697734116,0.27955424321645572
8246,0.92462539692112489,0.40767047194169137,0.51563275017763632,0.28619779502593495
8247,0.64975480858035162,0.71408188903996495,0.53693392521064087,0.30675214054092015
8248,0.94307176975508922,0.91131646992511817,0.55507270853545587,0.31885503738786114
8249,0.13763308606139618,0.88515590846283598,0.53660301321845794,0.31566972135217553
8250,0.99326766155838275,0.59341042296047097,0.53211349934252128,0.29903156114076296
8251,0.21519105382967973,0.56604979109734999,0.51541713536803113,0.29567324658420824
8252,0.07375197472901783,0.11617708414002556,0.46923094463714315,0.26063588956379702
8253,0.046093976069253403,0.86714150591477523,0.53168297816044585,0.31379298065620348
8254,0.89088411139879609,0.33658491976716326,0.5087591459452584,0.28098330537365079
8255,0.11159361014716561,0.10573904477657052,0.4695325137305158,0.26010678415988664
8256,0.69823780059361606,0.73004715673112086,0.53890166780709958,0.30780557485722221
8257,0.19318020657099552,0.20701011767381572,0.48259334591687136,0.2690310640989923
8258,0.28142903474177006,0.44534371870843464,0.50728710657830556,0.28759301903814655
8259,0.38355551010175842,0.051478376324905553,0.47140659385191608,0.25713686461147561
8260,0.37908787912571568,0.13229320519341856,0.47999933817628615,0.26394476127831018
8261,0.83835210843259711,0.55315191260162977,0.52702647472112052,0.29631590971131799
8262,0.7560673297159024,0.084891831979679408,0.4816576504209108,0.26092838578806471
8263,0.7478292045355891,0.370701009280968,0.51002786212652662,0.28339500566514053
8264,0.41449078649427978,0.81991921942689228,0.54010955530108418,0.31296904158369054
8265,0.098962682839960334,0.99414607570731328,0.54246072558440828,0.32185390604417552
8266,0.44244682635260979,0.31181708247583595,0.49921334879337564,0.27839649781597486
8267,0.87763469053340382,0.49583585942272329,0.52273922677374307,0.29240622004874955
8268,0.60998823349849551,0.87253974262761191,0.54773175713469324,0.31650669419030147
8269,0.95028083459216872,0.54317962693279842,0.52755214561296748,0.29566515837676205
8270,0.49307203066119698,0.83046491473446371,0.54256951823446309,0.31379422819324576
8271,0.78559351173798797,0.1327146322112647,0.48719921276360428,0.2649506576339915
8272,0.25457644151340936,0.45593454588184834,0.50743133914374761,0.28821002429469994
8273,0.010709680061053951,0.4570392002912122,0.49861307436964786,0.2862981634853074
8274,0.82788057828700412,0.27610143913555657,0.50224423418551978,0.27637504892266945
8275,0.49486370689185571,0.26978536281719573,0.49630020547401171,0.27533377006003729
8276,0.55191405245553471,0.17406143277076772,0.48786892175274488,0.26791438318990624
8277,0.37783598408176333,0.82945395774972863,0.53991805382448432,0.31344980372345466
8278,0.074624548239458813,0.34985707699615742,0.49192565331670746,0.27912172435996646
8279,0.24734024736167631,0.65757941822145372,0.52364476276780136,0.3019895434961905
8280,0.92286831409939341,0.61008968351407677,0.53266098378165905,0.30013735713682149
8281,0.53005457255014921,0.78365535666960062,0.53994396561108093,0.31097335094320888
8282,0.89933975253690734,0.54821552469363666,0.52737660201876702,0.29599966863421295
8283,0.94529801391541257,0.99807749150575842,0.56089370824412377,0.3238611521731703
8284,0.47719500367742734,0.7650071884924895,0.53751583561392102,0.30970828242885756
8285,0.34690954760065074,0.63014415571031857,0.52426729401457539,0.30062684675584311
8286,0.96275564856961138,0.34559282924962464,0.51042152127175389,0.28168157036308528
8287,0.8738110411275295,0.42501047680423365,0.516566275933663,0.28742120751051387
8288,0.61484959235769931,0.822258218553511,0.54427375026358304,0.31346598659090791
8289,0.74548514397636756,0.78858228039884715,0.54391405833605921,0.31148637558219822
8290,0.67626869822443703,0.76407385849734999,0.54107833196180977,0.30992632203330223
8291,0.054534230340400246,0.59862495526421122,0.51214596614517294,0.29662415859765973
8292,0.026320267740159761,0.15761626281208593,0.47158001679273648,0.26357166730310849
8293,0.34153428564284699,0.52867944405359457,0.51595154761029083,0.2937339233893882
8294,0.99744904648639499,0.065296402048913293,0.48237615799686567,0.25949695268093265
8295,0.051015181673888584,0.53446391944865457,0.50683559832886727,0.29219511052419417
8296,0.012404111979913434,0.57792643944068123,0.50864620429863705,0.29476608214467009
8297,0.90640689005671315,0.43537649150843499,0.51787123610039298,0.28817321807611407
8298,0.7260222768496607,0.31168154900808587,0.5042425106219236,0.27897715071955453
8299,0.52741825802925746,0.34746127151983097,0.50425257337965956,0.28131299758076972
8300,0.058544395178498236,0.12646282593117794,0.46970831072525643,0.26134306171656924
8301,0.71848650249746859,0.42105038109855963,0.51411711231275925,0.28702027087958054
8302,0.41834228093487907,0.30636153275034156,0.49817189949501156,0.27790191970179623
8303,0.53765864250891615,0.4831096400632407,0.51645709348329538,0.29114506331525036
8304,0.24469058335731969,0.15853015592276351,0.47925720689658913,0.26543935906492921
8305,0.19010963410554688,0.96499633254854711,0.5438588008104146,0.32077751010952876
8306,0.32718697782194939,0.63521999738168666,0.52415379112987526,0.3008855770705019
8307,0.80212891075009252,0.32699104776157767,0.50674290150808976,0.2802062208764669
8308,0.74295811330782013,0.83716344011680932,0.54735758482774521,0.31445577447103851
8309,0.15496728727916489,0.43196569320581618,0.50218473682165454,0.28584829134241857
8310,0.60955219017491913,0.15826027498912298,0.48724415830109719,0.26676131393397634
8311,0.85155725147175843,0.81233112909953342,0.54706022382394159,0.31296009284214821
8312,0.23536217341272858,0.10799301479352871,0.47373167233463587,0.26119824782160833
8313,0.86773099082343985,0.33225069386943945,0.50807415860281158,0.28064727417812058
8314,0.92655342850632738,0.31285127935566709,0.50695229054613966,0.2792265981798423
8315,0.0066062230310752054,0.98109071509918444,0.53759304521342299,0.32020573003124958
8316,0.30819326369784544,0.13904402283144882,0.47897303146677445,0.26418325399201387
8317,0.65795804215172538,0.71883730922326217,0.53742547057377144,0.307062461932822
8318,0.79431392205798768,0.31805712887101106,0.50580047139008366,0.27952933727667223
8319,0.83983359868865226,0.090663278152409474,0.48338142710498438,0.26151465586162898
8320,0.16641198912960245,0.26826224376891045,0.48768128806711508,0.27366815904615233
8321,0.058094035680999516,0.063649907441309189,0.46307945369113818,0.25603961955356497
8322,0.76599379541008972,0.71067112720092995,0.53844477376162736,0.30661532653871287
8323,0.66188063022830756,0.068362452210125046,0.4784729776516331,0.2593754713756703
8324,0.34763457071030279,0.61279576381804657,0.52291821886414269,0.29947472745232906
8325,0.40273718344467929,0.13924236080109842,0.48126310829596497,0.26461189615270958
8326,0.32628272426767513,0.39333408692198574,0.50392578597267668,0.28403497022526691
8327,0.89699112363326128,0.64629389131428905,0.53520824124432864,0.30250690165945676
8328,0.57085894439198315,0.10438459279680393,0.48089723099199388,0.26222646265887722
8329,0.95808359424773382,0.90033382522949257,0.55448978149558747,0.31820292120767013
8330,0.052532551089080518,0.33343932105308632,0.48954049737089084,0.27766722482894951
8331,0.25141009792309488,0.19718581504373581,0.48336072489008525,0.26861071568256939
8332,0.33342669666184815,0.55403607825251533,0.51782765746160742,0.29544521356792575
8333,0.57395236645346748,0.86398027791512433,0.54649433557548999,0.31595311548800115
8334,0.72952213751658568,0.68337620983725644,0.53584495895577122,0.30485092573480582
8335,0.88722337262443041,0.76640725426819412,0.54417402452008223,0.31013351958801977
8336,0.75728638837750772,0.34253889427656542,0.50757571842879179,0.28132381482572116
8337,0.65961678013083302,0.23231416580280057,0.49556241121076067,0.27277414500155067
8338,0.83288457586456799,0.66322382008327407,0.53572449497999874,0.3035951907926519
8339,0.94687837726256119,0.70300568296987342,0.54014833520913319,0.3061479978377552
8340,0.54217296980585672,0.25715705136928013,0.49598665375602663,0.27447721118082191
8341,0.19102174566552277,0.23787512977881126,0.48555495491807332,0.2714655262705587
8342,0.14361897240442922,0.073396873126493303,0.46719973019288435,0.25763382801165818
8343,0.27012187715886393,0.50432202600125453,0.51198819333214074,0.29171296923016576
8344,0.83165717583185761,0.98705541552602094,0.55880203239136761,0.32328159169085713
8345,0.79509477547114948,0.75710283423060321,0.54230857404979194,0.30954871089669739
8346,0.76525817075873492,0.443887490021938,0.51679829910214892,0.28869651203151453
8347,0.44729531307333387,0.83630713822831171,0.542012920382548,0.31405555586401745
8348,0.31264508553460474,0.53071497637279108,0.51536331248580902,0.29375207513988
8349,0.55743268909842014,0.4411725918217213,0.51321366030955762,0.28821649422778634
8350,0.90233326164047467,0.76556859870081539,0.5442939560281701,0.31007983480458678
8351,0.095748470382567036,0.12466937623581617,0.47093492707028384,0.26154856554271655
8352,0.88259531854722884,0.76788353541485266,0.54422596834063874,0.31022543495438087
8353,0.15037286948623368,0.76453356026076946,0.52849858021693652,0.30829293062630342
8354,0.47591289654044672,0.28447456856955544,0.49732738102147256,0.27641165117615696
8355,0.37874238027125834,0.56209139263260877,0.51962005689383517,0.29616815267224073
8356,0.32219276608192599,0.94397014469093421,0.54641031975732879,0.32015464485408468
8357,0.29454064055847706,0.5242676931753173,0.51433724090823552,0.29322266412623177
8358,0.71769366954019065,0.045434934874472678,0.47675213339026096,0.25750667591069909
8359,0.53866926993835962,0.690491741643392,0.53317725503624414,0.30509062250323826
8360,0.097166347037104431,0.31007371987226656,0.48915492563526985,0.27632322606025744
8361,0.44169996537944539,0.060605311369907579,0.47367347448335767,0.25814122655701299
8362,0.054421763070311865,0.36957707352727887,0.49288189964060758,0.28039356112120495
8363,0.7451403115603491,0.59068252373881402,0.52880396041076261,0.2987878810896738
8364,0.99920849698655079,0.18094217885151739,0.49475449881190453,0.26903185648899569
8365,0.58753598216857061,0.67341749107645588,0.53277422523531315,0.30406507348060424
8366,0.76277227639312628,0.36568604335355342,0.5097819252573218,0.28304131962269563
8367,0.87428223611769507,0.083402605392260007,0.48300710040718209,0.26093727130882099
8368,0.76458085294923517,0.26687989076745,0.50050592092516555,0.2756056204219951
8369,0.80724886679638874,0.11631997358562658,0.48573898004325156,0.26362133489615097
8370,0.088590186991041986,0.12188739912173478,0.4703822281472152,0.26125173205871732
8371,0.48228262602252653,0.52566326972796817,0.51893905115865591,0.29397928695518249
8372,0.088670479793369311,0.67944973887408855,0.51982041052880679,0.3023235157952337
8373,0.52379827234841658,0.69604494602124911,0.53331194691658679,0.30542124595836284
8374,0.82472177331909768,0.48140625932320258,0.52084239635456475,0.29137932913241504
8375,0.46622760146592046,0.97071997374455676,0.55164196321791759,0.32210748449537935
8376,0.74345495253930571,0.74316963566342609,0.5405539250577539,0.30865859766195158
8377,0.46406190804274522,0.27227979131633184,0.49591415170643632,0.27543714551045761
8378,0.87341298786570554,0.088309724539273882,0.48353356363217354,0.26134959459358337
8379,0.22253276984231779,0.38477351685048783,0.50023247629015444,0.28286161972943696
8380,0.45832901002167498,0.48479769153158414,0.51500130484399598,0.29107037733236057
8381,0.22037163103482454,0.70359801582359938,0.52632667158809765,0.30484243462979532
8382,0.57940045187502398,0.43792405493933473,0.51332957018849867,0.2880270714655549
8383,0.32442756298003955,0.96408485147553735,0.54781682490402817,0.3213447419527487
8384,0.98307100232223754,0.59974724450543293,0.53251153886809177,0.29945233572687507
8385,0.11551476079140557,0.87390089868729703,0.53499380324030354,0.31481974114035871
8386,0.77407425684420161,0.11528798833860783,0.48518983599823001,0.26349619180408734
8387,0.31551649018001043,0.5627236415427993,0.51806352136447942,0.29596301254680119
8388,0.60161196039692733,0.61864207895294532,0.5287504812442273,0.30049695922610653
8389,0.76635846724571899,0.59805345384870889,0.52969790053348131,0.29929287767324952
8390,0.29899039045177633,0.62591191737713525,0.52266432420111797,0.30014689787945459
8391,0.53506909223491095,0.18639449462381891,0.48881857899262632,0.26886694680089157
8392,0.063853335322078791,0.97539262152787998,0.53978523647021404,0.32045246050433318
8393,0.4463104293648969,0.85262406878065089,0.54314222135255397,0.31504735886864932
8394,0.84823884035506059,0.32930858104041549,0.50755676442713571,0.28041505932431821
8395,0.26370246779498413,0.50824198673021748,0.51213110409195217,0.2919536956009498
8396,0.1989532953418908,0.65584396363320996,0.52199417544438775,0.30159723062098176
8397,0.3973074413547642,0.022482680240494667,0.46847584766222161,0.25467292762343274
8398,0.97301690396805074,0.48091902925564212,0.52257410979299579,0.29139098699609312
8399,0.10378481555931503,0.825415871502168,0.53113939126421539,0.31174823289760661
8400,0.66873078371189776,0.61563463774217531,0.52963467910646456,0.30038045588450402
8401,0.15927379350104601,0.4629599143939675,0.50500175791908264,0.28810566242609453
8402,0.28460094165512129,0.58222665186320666,0.5187916902756009,0.29714753538112992
8403,0.91165905837778705,0.85218387037202492,0.55061900583079604,0.31536009362719092
8404,0.75265099193550422,0.88446254823921489,0.55080627644835356,0.31729828310909003
8405,0.2783462581948028,0.91412426066716435,0.54317230545661399,0.31821035982650187
8406,0.99571073878669414,0.29126162833088309,0.50566159475223016,0.27762295479732402
8407,0.14149226072459717,0.11684367433906301,0.47173171330740421,0.26128394264092619
8408,0.65050038165122981,0.025900427291879899,0.47354649814896693,0.25569407328567262
8409,0.93468602394167111,0.24718775222842815,0.50071457639366868,0.27421852300962418
8410,0.59188512955395267,0.17180449621920707,0.48834278295202255,0.26782351859539855
8411,0.79266050989121439,0.68813864592538454,0.53710434982205679,0.30518739515745008
8412,0.65094676480648339,0.26942680071309444,0.49905566669764745,0.27564626196252168
8413,0.34269623684418621,0.94631782472332715,0.54710768159510004,0.32036381226658117
8414,0.16214706934286516,0.3911294703453197,0.49884551138164107,0.28292399245046801
8415,0.4835798620634596,0.92541822320575595,0.5489654491601218,0.31948401539548693
8416,0.20308341902795946,0.061325558431155516,0.46777817782332348,0.25703245095570643
8417,0.57037803218947958,0.038723658629052811,0.47368114158698771,0.25663234079847858
8418,0.68847640662995402,0.911149088661524,0.55168249748782117,0.31885922607940947
8419,0.58872784958312985,0.65023890345067481,0.53100254505668321,0.30255776702910253
8420,0.18109283015133115,0.77842252495865116,0.53058088022961281,0.30937699374031424
8421,0.58738507229568204,0.4720200028543477,0.51642353856074741,0.29046136606950834
8422,0.24552232421276859,0.48698842396173864,0.50981048175918198,0.29036374508778595
8423,0.061371220276120589,0.059472956909926149,0.46275670265699681,0.25571399276476542
8424,0.56309939869454828,0.79869592679123169,0.54165958559828464,0.31195602646852105
8425,0.23110412934288616,0.43785507940287938,0.50516888070513977,0.28678000522424479
8426,0.042808747478935406,0.015384781621803996,0.45722364248966768,0.2516984220496376
8427,0.47377436991477151,0.49114131266345507,0.51586562509913703,0.29155725220065176
8428,0.83324026537368778,0.95894233624764025,0.55695958127410428,0.32166480451345542
8429,0.32156891919471092,0.4616835068775923,0.50978498745846845,0.28894993148060888
8430,0.97996833542423567,0.29494090591053246,0.50584524258106633,0.27789671253983578
8431,0.57206598279530885,0.56269722782223253,0.52372926347336191,0.29670130128982886
8432,0.18428507129227512,0.096887586054776334,0.47102188607935219,0.25992934086830116
8433,0.26789671460645043,0.38180978804399496,0.50130824493089077,0.28290273024051393
8434,0.19594595302437667,0.96471949385049516,0.54403507421200792,0.32079516255431262
8435,0.80223871351558484,0.49719220092281469,0.52188738842371285,0.29246455849617409
8436,0.50435101353718204,0.25576895608947381,0.4951302215921905,0.27427280656634662
8437,0.26698408128492301,0.28253507112363591,0.49212051086020314,0.27541264689839456
8438,0.85539387452687377,0.45223049636163054,0.51872145035941386,0.28934658068868552
8439,0.18908162787164329,0.39836257442416395,0.50038408913026511,0.28364500265402337
8440,0.39147513929103733,0.66937224299822706,0.52841438078075575,0.30336351213216223
8441,0.28679494444163284,0.93236708905232368,0.54465247936349914,0.3193314823892216
8442,0.033633434557181319,0.37622463281628449,0.49259895885137733,0.28066805469982403
8443,0.45026534757841147,0.069217590375139845,0.47479618137748569,0.25890769698564264
8444,0.56440225651954534,0.6553900458612828,0.5309617199995873,0.30285682001661834
8445,0.89444278983249104,0.9440802819117089,0.55672483145050611,0.32078606534032866
8446,0.61222356007777856,0.93645243141819956,0.55215024000639379,0.32029926872582598
8447,0.61565961793073221,0.22034648645332783,0.49365840565005886,0.27175275211592348
8448,0.94540976699307799,0.64711392585862193,0.53583625139450253,0.30255981102551255
8449,0.028613090582925362,0.37817971898351099,0.49255591720629882,0.28075793267153348
8450,0.3947587371708709,0.088004521339910574,0.47564729366342473,0.26030166812229311
8451,0.22567413981425344,0.14964429827233544,0.47779219958153291,0.26459522672589653
8452,0.26927055729985006,0.1968264656368294,0.48382703968536522,0.26868266197589979
8453,0.5488915867061005,0.031919979216123467,0.4725390924804852,0.25598728850942448
8454,0.99584003225070195,0.37688615661965452,0.51365063797041199,0.28398702719422253
8455,0.79344463097119,0.48650888348988958,0.52086151043629836,0.29171629920523051
8456,0.71992229345816883,0.16558346290852641,0.48972415442881673,0.26754782682778794
8457,0.85203076207026618,0.99520536652704472,0.55959702026138258,0.32374108384766126
8458,0.95438074623955182,0.42814099946202483,0.51778605649761367,0.28767167798265542
8459,0.43977583283778515,0.44862551962953295,0.51149524892555609,0.28845479418030318
8460,0.14703107114093147,0.96898350053721816,0.54262191800368276,0.32073822434578153
8461,0.88968106718395146,0.32560728346436518,0.50771971130802396,0.28016410548194548
8462,0.93798829341336387,0.35479231716325738,0.51099381886864825,0.28235231313161424
8463,0.95368551728766182,0.42478318439772123,0.51748200818786205,0.28743208528305958
8464,0.086507503982295758,0.59218571639739681,0.51294755720731589,0.29649322492633867
8465,0.20987285195112929,0.17493355120773194,0.47989844066171122,0.26655912118604141
8466,0.85540309652156432,0.27336675160614543,0.50232806092293292,0.27618710041800459
8467,0.04500473487727577,0.25249662584633331,0.48167429536476952,0.27136617030131593
8468,0.93393153849934463,0.60842128692282138,0.53265594236727443,0.3000275929682496
8469,0.16808665532885353,0.79398288873719292,0.5312608277637515,0.31026835894407961
8470,0.33850963379553289,0.275758046867291,0.49337755194633304,0.27524200137215943
8471,0.89633955776615781,0.82168984087739372,0.54827999233211633,0.31352386009223854
8472,0.95149623233020542,0.14569126805908744,0.4905778154881707,0.26615970730682414
8473,0.23701551960856887,0.7333434196012677,0.52907225706573446,0.30684659549530269
8474,0.27864698993115455,0.75657041637859079,0.53202454494764095,0.30853035045595689
8475,0.18566565704107052,0.54765870173015863,0.5129661033063716,0.29422520893667864
8476,0.52663687261253367,0.21893341159870616,0.49193419093063645,0.27144111425236994
8477,0.38267513795710406,0.28615227236041102,0.49544231720862869,0.27622605727883065
8478,0.67561993176360846,0.51408679885560415,0.52146682145350232,0.29352331876705368
8479,0.16019913099867991,0.42691630058161684,0.50192620558402046,0.28552172049009783
8480,0.42844116302019686,0.35172015361363301,0.502608650711722,0.28135152504187771
8481,0.11489284982177196,0.0062187538819736803,0.45885492837171821,0.25156884891750342
8482,0.2291441988469218,0.77226597803042962,0.53169474247312021,0.30927326158349577
8483,0.42878295776663583,0.21889283451231897,0.48994615398848701,0.27114518773767798
8484,0.63266984493978096,0.42242386869710175,0.51288809695707593,0.28700650441624692
8485,0.73796039735941443,0.69505317335937877,0.53685963907552436,0.30560519081095716
8486,0.45870032776937586,0.23142592438383727,0.49182354464632327,0.27223401955774329
8487,0.0431453215654823,0.55606335748668068,0.50825564928576195,0.29360566151599155
8488,0.67753191487014985,0.95688807980691792,0.55460071399078048,0.32153255474203579
8489,0.58011838372173963,0.75173721157858386,0.53854291597740511,0.30905331541394904
8490,0.26991964466118956,0.30342593426970998,0.49417567339544188,0.27703170762641116
8491,0.97966567674461991,0.092656641765369571,0.48520253650942019,0.2617944282330617
8492,0.21872811838226627,0.30796863951691195,0.49309900572774218,0.27708034911281504
8493,0.50829845505420812,0.24847312257232843,0.49449607045022909,0.27371487928010707
8494,0.4739848123129341,0.13426070608260343,0.48225155904257871,0.2644464323174186
8495,0.1191214356738492,0.67180683040703881,0.52041866095110945,0.30208029569592049
8496,0.3005893349101651,0.44552965385542487,0.50783163779152596,0.28770008361937793
8497,0.95902907147099037,0.35135424786206565,0.51091288771538179,0.28210598907293261
8498,0.31074655374569121,0.72304466516653787,0.53043298734607658,0.3065370450932044
8499,0.13500262725296197,0.70150284535483221,0.52326335893584475,0.30414168872804093
8500,0.35997550282563318,0.47952648650236662,0.51229036840834552,0.29037357663641772
8501,0.35627026592235778,0.69763911527682798,0.52971047700111495,0.30507921227058904
8502,0.16200378284059699,0.13075710360953818,0.47386225518392872,0.26259984460227781
8503,0.19002304619158386,0.8978932581100264,0.53931928341997926,0.31678481902865741
8504,0.85694503148983936,0.17651124190174744,0.49268412435467757,0.26858542374248973
8505,0.64603106129287047,0.57234062651764839,0.52579381699552985,0.29746232695572089
8506,0.19847355311032153,0.14808895591580076,0.47681120396894655,0.26429055053777017
8507,0.86063254511678822,0.26538557121300838,0.50161891626264743,0.27557789411308964
8508,0.85499285687323434,0.70643448240720907,0.53931110582263819,0.30636892620922712
8509,0.18479120445508745,0.23539807786784367,0.48511507032979906,0.27122714043090745
8510,0.10493886141496478,0.21226312005600195,0.48011033900826983,0.26876412097282476
8511,0.50615022889251116,0.069693072343885429,0.47595299769218941,0.25912372440661441
8512,0.33023584416449303,0.82834385091544827,0.53863087254353514,0.31322072452042055
8513,0.85489089565112952,0.78771914130580856,0.54532840704005969,0.31145205272242871
8514,0.50835182140773394,0.086266971058479983,0.47780254660751148,0.26053803715034379
8515,0.86538227359465092,0.97299236522925792,0.55829964116770636,0.32246541156262137
8516,0.90220076600549515,0.40147869978438833,0.51481694321589722,0.28574331624289206
8517,0.65178250127305515,0.42634241612291662,0.51354764710557799,0.28731648144249866
8518,0.77855282791102076,0.86994997405606556,0.55016368536006777,0.31643680881861863
8519,0.16547108001633315,0.93367917787620103,0.54091476360988977,0.3187733480298055
8520,0.91230932731180214,0.48882555253905013,0.52255982842268411,0.29193027693652607
8521,0.065551043355243754,0.14457259806956865,0.47184100242275845,0.26291066220478526
8522,0.78614347071734958,0.35611892213084506,0.50922815098816443,0.28235771697110629
8523,0.88747797345673907,0.49101191694267332,0.52244963923347032,0.2920749897291372
8524,0.71414608547339453,0.21044759870102864,0.4942133445931145,0.27113372050509355
8525,0.099669033263821635,0.36311857473956194,0.49409406069465389,0.28034431287047951
8526,0.74894880537824937,0.62545931925630438,0.53162832491434486,0.3010953587693963
8527,0.16454517492578599,0.13069429453111953,0.47393872323552316,0.26261360163455977
8528,0.55306548850013648,0.59302131879279629,0.52583075006640367,0.29871167840679158
8529,0.25434352899586088,0.57848269177955813,0.51761745236398105,0.29674117876372696
8530,0.6785920154994004,0.4686560850721202,0.51765734104535788,0.2903594725501113
8531,0.16323469513364836,0.67658786796528148,0.52238247008631133,0.3027242467100616
8532,0.0060350835552788343,0.25586490203453,0.4803261034534404,0.27119557296428559
8533,0.3897008697808837,0.14257556486582618,0.48131654965878562,0.26483598446212581
8534,0.69632928725018872,0.13398047104637373,0.48607452648912858,0.26493110348628668
8535,0.77519297095722284,0.67159548973786887,0.53559558493182213,0.30411632164060853
8536,0.58393844610642409,0.54217081436471781,0.52226042502167591,0.29532377369934087
8537,0.87568004066507565,0.78911689367681981,0.54568834016059398,0.31153688336612406
8538,0.14972606782001677,0.60280926468156981,0.51616829122187602,0.29772895666267957
8539,0.23294179030366943,0.94710544010809394,0.54404591747067976,0.31995668157618934
8540,0.23390685833831087,0.28597638863158648,0.49148907639314493,0.2754881399936242
8541,0.37644239297054011,0.61392782860690498,0.52372501246460745,0.29965536890941952
8542,0.30206794219607258,0.10224902010963997,0.47494339466360058,0.26108772735907837
8543,0.33101442620049931,0.3859809540903778,0.50339046015567757,0.28351611527765519
8544,0.50222196008631725,0.12928997431193712,0.48228511438990246,0.26411995456428372
8545,0.3712143606865197,0.18763524608324517,0.48551011050746651,0.26843035868119358
8546,0.011293621775542852,0.7068451935251826,0.51855814922694099,0.30332809471446559
8547,0.84884105896380502,0.58807039349541312,0.52999903406638926,0.29866482125334409
8548,0.27009137306084158,0.44587703577991344,0.50701270105700735,0.28757310023716481
8549,0.091806710143841341,0.42192803482149033,0.49899605895301236,0.28460015855703386
8550,0.63526404238709944,0.96733376164723894,0.55461061745936069,0.32211585486088223
8551,0.74328465359242413,0.75941010133587994,0.54175140159182644,0.3096752073481055
8552,0.21369426554540405,0.092400200152688197,0.47144182738969909,0.25974924731330779
8553,0.38581003146144799,0.57046347019005339,0.52046994699644689,0.296762176560256
8554,0.55452683914949885,0.060054318300343586,0.47577980901318662,0.25843098063912656
8555,0.31501424172093395,0.85574599137426122,0.54015844787156331,0.31484022359596292
8556,0.005814732218428981,0.40344156537574022,0.49376940016851611,0.28235818059766093
8557,0.89975075764051882,0.026011286516545808,0.47688716399373582,0.25604894449609072
8558,0.39374657885405467,0.86238784832345561,0.54262306090750023,0.31550572965545726
8559,0.51123741820330026,0.57602894331776777,0.5236557273565462,0.29748544043847996
8560,0.28518348593508125,0.53638232385994633,0.51507811902043288,0.29401596739408686
8561,0.3448882201322937,0.45333020445051375,0.50966762428736245,0.28845406616671321
8562,0.19189755950769177,0.70009668786661938,0.52514155292245734,0.30444485447454062
8563,0.15314083805707052,0.11672325500081061,0.47210891604210092,0.26136481432081343
8564,0.42644709547212117,0.97863115978400461,0.55129188684224251,0.32248502777252785
8565,0.85415370975193805,0.31487249169828141,0.50627602058998533,0.27933736690808553
8566,0.59888288533129963,0.83277818234496515,0.54474404509461105,0.31409122018003904
8567,0.82623089518881176,0.74056627857406865,0.54149989125172038,0.30852019040598561
8568,0.21737815410649639,0.22129404135927327,0.48475087758399499,0.27032847244739755
8569,0.79618326446070575,0.95282354772699773,0.55606176500090476,0.32131609369483105
8570,0.28552478387282465,0.83948246486744615,0.53819676419570839,0.31372538893589291
8571,0.62755651625707987,0.6983662115185173,0.5353759099511739,0.30572455972343265
8572,0.87695754509716062,0.66607920253457276,0.53650102718178483,0.30378700679719423
8573,0.47641201801706345,0.309968338454084,0.4997536371556095,0.27835924940126672
8574,0.97411281187095455,0.45766420844636158,0.52058440920933258,0.28976457626003288
8575,0.046754595323803369,0.85012846140506448,0.53052545289620967,0.31275653475741166
8576,0.49138577839188513,0.83141327226326101,0.54260225680675667,0.31384901960886985
8577,0.80782338996756597,0.21535257822979476,0.49600642671857292,0.27163342099137883
8578,0.23624050087587678,0.12484341571111,0.47552845608688615,0.2626106331037546
8579,0.87770200229947226,0.70367631846774603,0.53938482572860236,0.30619517052774958
8580,0.50566940625308787,0.26009446077017345,0.49557616295016338,0.27461252595716201
8581,0.7836304454990547,0.53553955093709515,0.52484641279497524,0.29509132959948825
8582,0.25230196661773374,0.35535607862459728,0.49846992474844976,0.28085488127838315
8583,0.7157382390368846,0.047655562814173755,0.47697300184397567,0.25769484358521455
8584,0.46591507115935676,0.97548240192442903,0.55195137171229192,0.32238364590739615
8585,0.063507073588238566,0.55726209536961979,0.50921294118112015,0.29389389641788494
8586,0.34754831523603064,0.008494804589881097,0.46575819795454354,0.25323306484654901
8587,0.67194643138289689,0.32576302425038306,0.50474533764896434,0.27996473008412248
8588,0.68047090812599054,0.059762020904559184,0.47780466939207894,0.25867467753117968
8589,0.02673063355785562,0.097832489298854491,0.46544977964488427,0.2586142272556774
8590,0.86319892949598154,0.51100799925451867,0.52384126065507552,0.29344890124417061
8591,0.79975591619272024,0.0442773295775638,0.47773844317689135,0.25752273103462553
8592,0.15645112635780825,0.83895080277215461,0.53405919399877,0.31298067884221542
8593,0.88908985660908513,0.71494708986891209,0.54037433739910423,0.30691006573032453
8594,0.69305737582872395,0.79343625478966862,0.54348096555319803,0.31175948234804574
8595,0.76567030436048522,0.49489254397751065,0.52119040463845545,0.29227990134894649
8596,0.99027378417194134,0.32922334242473589,0.5091967213089702,0.28047443539325073
8597,0.047686319506831935,0.14200515724004947,0.47087241842019184,0.26251840632815698
8598,0.65770061217643094,0.95395785298455749,0.55408756779262058,0.32135260015996242
8599,0.45045062232328348,0.64925973787574331,0.52820147686057539,0.30221745335680117
8600,0.92625761296321873,0.17340126725296723,0.49318276413245893,0.26838751820353529
8601,0.19341612545239042,0.019038084585417527,0.46282460156619232,0.25329691056418902
8602,0.20762111939283787,0.51094126686063834,0.51065177458178701,0.29182071674401672
8603,0.32075261380298764,0.028433403276547326,0.46735903228057329,0.25485725076033633
8604,0.45744768358342119,0.02732149728588993,0.47028848338843798,0.25531519480875198
8605,0.67361656413505566,0.054898858127242427,0.4771607446862775,0.2582456761978475
8606,0.094113292613218075,0.77454413133763012,0.52710669984256098,0.30848490465619882
8607,0.24431475652501686,0.5952311548245024,0.51865998363954091,0.29782053286241966
8608,0.76480385935913076,0.662416575244267,0.53474155572997506,0.30351771979036168
8609,0.032707307005126494,0.34913478521326324,0.49013135339312475,0.27863844790376358
8610,0.44322272904106652,0.3934493454186595,0.50671084746890516,0.28447894794090511
8611,0.98269178292808357,0.063703744580445351,0.48204519002707608,0.25935260666272636
8612,0.39741061348129297,0.85075528071614681,0.5418945430271811,0.31480947634715634
8613,0.80734329248088177,0.52949418186458053,0.52466591268761942,0.29469210822949377
8614,0.47225195376101181,0.0030246164356241933,0.46782113416008114,0.25322977601970159
8615,0.011879827995586675,0.59427217443851987,0.50992129116504659,0.29587121377363995
8616,0.46791537909997866,0.034617510232853234,0.47131864584697458,0.25598532714387123
8617,0.099073749847186268,0.15911567768867829,0.47458874112352195,0.26441940694611782
8618,0.17825392399906415,0.81908683790549408,0.53340985964769694,0.31189807004556713
8619,0.54732800399638948,0.96367075201120456,0.55280256087060153,0.32182229362322035
8620,0.46984878648546291,0.94800567451379036,0.55020182453165856,0.32078797250842456
8621,0.22368469536056509,0.34835771245883079,0.49697918870628965,0.28016339478038255
8622,0.84718516207585348,0.050697821907338222,0.47905588965349016,0.25812906821842196
8623,0.14391202266284964,0.81375778861454462,0.53182132673957705,0.31133408359759157
8624,0.89119448607041263,0.79931689855115251,0.54661433248195079,0.31216086746584554
8625,0.62358249324861681,0.83482130041077041,0.54531636114104609,0.31424063514983136
8626,0.35196743657499319,0.30541550449427451,0.4965246022774949,0.27757608663222477
8627,0.87552559915242023,0.25852468557817632,0.50113274493077864,0.27505970962229387
8628,0.78497932690199235,0.90165252850378175,0.55244303659079375,0.31832154667923745
8629,0.16976070259361295,0.25168740217242158,0.48620353516819942,0.27239995407010753
8630,0.80996120649791559,0.4022631711123395,0.51373090214710582,0.28574856728748826
8631,0.24178165782619035,0.73669574016871631,0.52946704769002129,0.30708596684459122
8632,0.022472265710786452,0.035093141030624976,0.45857143618542306,0.25320176542253048
8633,0.16364387396435487,0.59198288017926981,0.51579569085166399,0.29709869071960876
8634,0.22430182944616536,0.66618235341581755,0.52360107718323934,0.3024280569478035
8635,0.67557792376918946,0.68035622221719239,0.53478850341083295,0.3046154782594484
8636,0.0034690881368354895,0.49396407900721534,0.50138873812910456,0.28883790574630758
8637,0.1391082340695779,0.34385738796583609,0.49379317725979666,0.27923454034607881
8638,0.82383430066868901,0.52105515338337283,0.52418045924131951,0.2941225293585033
8639,0.17256268794419011,0.26338953618841482,0.48741934393175462,0.27333395847664177
8640,0.81815618344767727,0.0078117553330142985,0.47381856392289584,0.25437281875114404
8641,0.76024636765165488,0.10378237185691251,0.48376551796107298,0.26252001642610673
8642,0.58818630941748862,0.4531183294904535,0.51480845091135474,0.28912589888911844
8643,0.88270240245762988,0.18378049170105953,0.49374292617836341,0.26918958304055191
8644,0.18818729445437202,0.57244779709208526,0.51506062168512257,0.29593969761875005
8645,0.82051297342398899,0.98379678247548874,0.55844252508719883,0.32309761778407914
8646,0.41496627821520671,0.35778153855645795,0.50286231880825261,0.28175754058289965
8647,0.82289674891870246,0.36694404717938739,0.51070895636690528,0.28318444765939627
8648,0.13346680389830146,0.87719634476985098,0.53589880339492024,0.31515644385001196
8649,0.5200278300467529,0.73753305617909648,0.5363567003045876,0.3080620237290741
8650,0.44179711426569851,0.91981513945710613,0.54768827412317111,0.31906873142105197
8651,0.39760692522312746,0.2379568057314842,0.49113261361124788,0.27253760677889799
8652,0.93416932944079167,0.50454457504890171,0.52414532945943126,0.29302233439929559
8653,0.55976449792893845,0.63939054578848886,0.52962906662987852,0.3018007605577766
8654,0.21007165990279755,0.25234540863350269,0.48755263806866223,0.27272860915923458
8655,0.52280906227728119,0.58145022812840763,0.52432156869711732,0.29787563396416267
8656,0.31791344349716094,0.50693951554320527,0.51352572553229026,0.29212360109615598
8657,0.24708030482582982,0.076881797065783769,0.47074214864311587,0.25863952088006831
8658,0.99330207804423998,0.65127814433489695,0.5366880580094312,0.30282323570000075
8659,0.79360250565266477,0.67743671176665232,0.53629801193926518,0.30450032373495139
8660,0.10273207172463882,0.80772165971343646,0.52983798355406797,0.31063965747037087
8661,0.20388737459635595,0.44579635554036362,0.50500843846220855,0.28718354087573861
8662,0.069885967637726573,0.83452861916682453,0.53041548683565021,0.3120164958475003
8663,0.75094698459383802,0.94815796220054627,0.55511997159516746,0.32104461067624418
8664,0.4409578845788143,0.61895744903424055,0.52561763967957842,0.30018999217310716
8665,0.50346505643018757,0.84819321275806292,0.54403462107501077,0.31489374693772593
8666,0.98003350574468506,0.11820268310190878,0.48796804026184504,0.26392012574505525
8667,0.36255716868055754,0.69858571074948417,0.52993989217252901,0.30516256415990661
8668,0.13701557867479278,0.11795849943192444,0.47169621346967583,0.26134125393562613
8669,0.78645440438926462,0.68528133986900797,0.5368012266974066,0.30500185685607956
8670,0.10574775558215334,0.30218317753764573,0.48874363971425527,0.27579653180761249
8671,0.56403551334958757,0.40520079649571561,0.51016476497839847,0.2856399592032654
8672,0.41943993636319649,0.66198760824002101,0.52849710196060418,0.30296631207986452
8673,0.95286458495688864,0.036865040676470381,0.47871317348659681,0.25703260541307532
8674,0.097629197681706872,0.90410467840720665,0.5363762786375863,0.31650440888154746
8675,0.4348222402360174,0.51903725825197766,0.51737212095989871,0.29339152394223905
8676,0.039462500501715111,0.027100888560281602,0.45838242170133009,0.25268875338776658
8677,0.23104915176279611,0.017455713025003209,0.46375072052754979,0.2534031384712831
8678,0.61598818638565711,0.12047870928124758,0.48338367506633073,0.26366838995576602
8679,0.35338850713100983,0.010537337224034127,0.46612748008227795,0.25343936797758637
8680,0.32488157809466361,0.73079457965473416,0.53139096830045707,0.30708968705227552
8681,0.45605628335004439,0.93703479493145136,0.54916753316928224,0.3201163100769655
8682,0.56829920732899342,0.74905979374538878,0.5381296728992222,0.30886836822968577
8683,0.51004868601512865,0.72165719675224971,0.53497325747045488,0.30703493318246028
8684,0.19386332484112356,0.79281835714093185,0.53205144411400351,0.31035994728442051
8685,0.27081415232188305,0.052453197761916093,0.46873460507175019,0.25668199790840235
8686,0.76295335428755495,0.53946657772475148,0.52488336314255535,0.29534545845674709
8687,0.87073861990183365,0.71188315938363089,0.5399190777477112,0.30671581690945432
8688,0.84070472804604801,0.15861996038764484,0.49063056319741155,0.26712588714662794
8689,0.37922470608357112,0.8050553199811723,0.53820854876678736,0.31194955480376235
8690,0.11028717825034401,0.72400857871634661,0.52402137451243425,0.30539993310304686
8691,0.44510378784750354,0.14296528880264378,0.48256879791279272,0.26507029332716203
8692,0.77791000126692234,0.049839501125819516,0.4780761238531499,0.25797334199452854
8693,0.53192092123542678,0.053498835419083485,0.47464655011354256,0.25780874435860035
8694,0.46906461269551658,0.70223247630413388,0.53266652475032139,0.30570459156256458
8695,0.2086931327534956,0.31276090516437544,0.49323596873139786,0.27738158384217515
8696,0.32476235776386458,0.59118036764111603,0.52060432809653756,0.29793249074606826
8697,0.96886575626361893,0.077846512320905462,0.48346439961799414,0.26054225505932738
8698,0.76572358447426236,0.26987046731821029,0.50081166771550112,0.27583708065696566
8699,0.22577200455089333,0.84911804661018553,0.53709100532104259,0.31402669122874516
8700,0.097546576049539729,0.058675730832631237,0.46401649060818262,0.25598625321325952
8701,0.87501362235926794,0.98920902708974912,0.5594883682760301,0.32339066791954318
8702,0.20363678702121835,0.2657703855135129,0.48864307709830668,0.27373369555643773
8703,0.76879492983032249,0.520751298616,0.52341015812003733,0.29406875379360681
8704,0.88916465431071123,0.88951113014112937,0.55294839139121477,0.31759050930748256
8705,0.31069487460645617,0.64322877210722074,0.52433881301209795,0.30134633739571615
8706,0.81643988857957306,0.39203342840295519,0.51289877769515124,0.28501200964670648
8707,0.72888935299405133,0.88987417984135686,0.55083477147990578,0.31761418692872784
8708,0.30082781235893491,0.32596443797488467,0.49712676992074528,0.27890274334032827
8709,0.50992033018433724,0.066550590770307463,0.47567937296296225,0.25886628839681913
8710,0.57425420070785338,0.65765792497404629,0.53131810819049397,0.30302052425188652
8711,0.1360800014684326,0.93723727506912546,0.5400972648851492,0.31878432910616122
8712,0.60426048817940758,0.052993143755395433,0.47584952399705854,0.25794293888018899
8713,0.51951423044645928,0.74796066509351367,0.53712017554408942,0.3087199276145407
8714,0.023340831317857375,0.46500590310659029,0.4998555140840622,0.28701187283575058
8715,0.12397840095817809,0.14574170480141183,0.47411899108631617,0.26353729368435697
8716,0.26867583399518624,0.30910631463908361,0.49467281757025156,0.27745824800184915
8717,0.87481865030600459,0.097934761921514291,0.48459807690036966,0.26215811039537718
8718,0.201690129116911,0.51251528979173167,0.51059288421303473,0.29189320186367268
8719,0.91587238296208673,0.074466308870248035,0.48250807741479002,0.26021821856023569
8720,0.15814902685865528,0.53915308228001235,0.51133498561732427,0.29344703906666841
8721,0.10588513556855032,0.64081912009449449,0.51752706105567625,0.29992521195527799
8722,0.76885388054664949,0.12277786902548979,0.48591890185638587,0.26411029792458912
8723,0.2147767601083615,0.77201358949333665,0.53122296718970308,0.30917728395326444
8724,0.18320045446563746,0.89111188939722485,0.53862308646810353,0.31633452165723619
8725,0.19965260592197301,0.95629023574477767,0.54359533192990683,0.32032014487927696
8726,0.9326390720297234,0.261092349854263,0.50205374734319197,0.27529191937868203
8727,0.46129370301145833,0.53142227035221878,0.51897653598790539,0.29432192326296464
8728,0.21012441243097418,0.69571891443658385,0.52540509554200798,0.3042724380759354
8729,0.62656461563691268,0.62182384123780066,0.52943137692085296,0.30074120991199504
8730,0.70717400795508878,0.32998311443451095,0.50568001168237742,0.28032940798083039
8731,0.80545531335707055,0.76416202033775626,0.54296737746121737,0.30999057574622801
8732,0.024453823848755565,0.24254681689335267,0.47985793638057916,0.27036285964327489
8733,0.46693542290410261,0.51983143015423561,0.51813299783829792,0.29353669494236079
8734,0.051794538026547529,0.22604153436437482,0.47940454063022342,0.26935301756477709
8735,0.22372604840815766,0.32075906568089269,0.49444178997107097,0.27808403425278683
8736,0.99244858220434984,0.35546569986442339,0.51165518884978256,0.28241786611171299
8737,0.73190274135799849,0.35362743176900552,0.50823556126118852,0.28211920772505811
8738,0.23247013948495734,0.23392759803211086,0.48644119107820055,0.27142221658072158
8739,0.49585570848105709,0.29232116307053946,0.49847761716158884,0.27706925977215768
8740,0.68135518275924256,0.79940130581461122,0.54372915333412852,0.31211943984651663
8741,0.017442431644827595,0.53893695441497258,0.50573194776201003,0.29214390272479041
8742,0.33363975030552828,0.51842051393616706,0.51489657405909395,0.29299051275810423
8743,0.53078407521605264,0.91089685783399044,0.54892441167884987,0.31870084782262004
8744,0.97318874983369608,0.93852833241048506,0.55725032370828209,0.32042656017662791
8745,0.87047346748673593,0.82156978648895163,0.54795687640117507,0.31352074619069725
8746,0.33594577649090207,0.68602722788195825,0.52830716657031129,0.30425176662639192
8747,0.51338900187400871,0.56287922465145823,0.52263067580125522,0.29659961091258219
8748,0.12330101328614401,0.29640722298623295,0.48884718615473727,0.27550388699216949
8749,0.050972260958759584,0.34782326368541688,0.49078277045608787,0.2787337660126275
8750,0.13966337969506859,0.46383138501310028,0.50438748674292422,0.28801949329562571
8751,0.041418673072650562,0.96728396607354517,0.53827597985579922,0.3197602970698899
8752,0.24202689035747901,0.37064840698865015,0.49955292192518946,0.28193365245469615
8753,0.71250906717163742,0.74112927320661259,0.53994456544429537,0.30851364547327587
8754,0.84830857661067283,0.28373222196785503,0.50323878453711135,0.27697462743682105
8755,0.75588741796022518,0.83823510895898801,0.54761932303809624,0.31452444331994084
8756,0.11058703835682246,0.91019390123536581,0.53729980265581678,0.31697558862444308
8757,0.14241407149595908,0.379094691439264,0.49708961607535374,0.28188685942149988
8758,0.14119331772431035,0.018001393050246409,0.46105843845119449,0.25282136477091016
8759,0.18185831359160368,0.4149916943233577,0.50161314376516075,0.2848102149197248
8760,0.21632354959551015,0.20166611601462356,0.48277681520084509,0.26875643278654354
8761,0.77625438702112293,0.15801543054954381,0.48972876378028241,0.26700801192712537
8762,0.11184809273740975,0.33320011518908432,0.49183496219244693,0.27820712593318392
8763,0.13527119982772273,0.082510165613621941,0.46789507932782404,0.25834303687628535
8764,0.5356232465090347,0.56153020411437615,0.52295354112363068,0.29655435600765229
8765,0.10897571670442122,0.50663200539835962,0.5068626805220503,0.29079561723172742
8766,0.25604565782478311,0.98998469003582146,0.54760160161101623,0.32258104347298233
8767,0.83379725338410349,0.40944752039619492,0.51468332290042651,0.28628298340697605
8768,0.72711578321090209,0.97279413746254284,0.55641643896103876,0.32246785860281296
8769,0.42700720513333806,0.33600888286581032,0.50113048106444369,0.28017175991033216
8770,0.077432441341725652,0.95120688947195886,0.5387443758634638,0.31914657306217603
8771,0.00035600267996778717,0.32142693089531971,0.48618451908332355,0.27617746235604851
8772,0.50337828387898631,0.85969363775466334,0.54484042079365447,0.31559061491738577
8773,0.8592335346520763,0.26374227427555014,0.50144177613797414,0.27545035273518742
8774,0.2712350840841769,0.26838499746246963,0.49088963973495497,0.27434113379219716
8775,0.66724736710008004,0.75765740935545189,0.54046276939190352,0.30951828333591946
8776,0.85553373827604817,0.71137006575429118,0.53969058892506161,0.30668225925906156
8777,0.18493935894664609,0.5514764444237924,0.5132533733948802,0.29448297603202694
8778,0.12458697878314415,0.94410776866684909,0.54013012171469532,0.31910826929710667
8779,0.5324201550906873,0.59053562477437083,0.52523925902728075,0.29850591676562427
8780,0.22806161516375142,0.4243987272112747,0.50390415057662929,0.28579010141050648
8781,0.71642515463960599,0.76065374194694457,0.54144644328813329,0.30973932247942748
8782,0.11239501906997756,0.36242700797599975,0.49450928346485618,0.28040387241839687
8783,0.24272272519165417,0.93199201909339757,0.54332917224091359,0.31911014670025867
8784,0.39285218150346773,0.069810513808054392,0.47362960259167158,0.2587474992752713
8785,0.30650717184088427,0.58959575566331623,0.51998871873932462,0.29774690980424101
8786,0.77442354951963066,0.26721964776859386,0.50067471015853982,0.27564241178553189
8787,0.58974763422961118,0.046738684213173114,0.47490954293515875,0.25737146605078315
8788,0.86680743862880627,0.4153560772877769,0.51562530642600568,0.28672631633711959
8789,0.54695107956615985,0.10732180027650903,0.48078702451600497,0.26241338700474537
8790,0.86662949129064804,0.71168160910418954,0.53985293411437862,0.30670283759962336
8791,0.47769993557486451,0.79789747238113784,0.53991934561152388,0.31175927065496406
8792,0.31776527914617914,0.089578788513981267,0.47398891702312385,0.2600972686682208
8793,0.68198995802401341,0.47540996263996937,0.51829013416218317,0.2908383346436636
8794,0.37765992194622522,0.4793998140952434,0.51271180821542184,0.29043135593223457
8795,0.9488754954888835,0.24678307026188123,0.50083402284565448,0.27419430716619975
8796,0.90628236321065336,0.27405988940527898,0.50300939655657639,0.27627348375761906
8797,0.51318316110792805,0.69907562069928975,0.53333273818240634,0.30559588753098926
8798,0.99618336454177048,0.67430484661433143,0.53849988877199539,0.30430661715447654
8799,0.49368244529837979,0.29777990696312628,0.49895249053849361,0.27748030768071091
8800,0.57076185476215324,0.53880531936519549,0.52174479050810085,0.29507073552847451
8801,0.086717705233080783,0.20745616129002303,0.47895760582369579,0.26821539338728223
8802,0.43461473567105136,0.91218388313282051,0.54700817992784057,0.31859954230401855
8803,0.30263098363218599,0.78141047148496146,0.53451433956885708,0.31019925676904814
8804,0.94205087038282076,0.77157043333960473,0.54519490619324362,0.31044380069968458
8805,0.3751500165196951,0.64997998361549114,0.52652115566451385,0.30203920761455222
8806,0.83991560742667648,0.30788768040005815,0.50543676499768464,0.27880111650905476
8807,0.050397090603585819,0.9217173167559668,0.53561434427685473,0.31713860307528102
8808,0.3403161381447804,0.57266133537219133,0.51951927311899859,0.29674292199532137
8809,0.95487669985954426,0.36388436365429078,0.51201857367995129,0.28302644951297756
8810,0.58644104151598875,0.85734914996685696,0.54625591079621316,0.31556769881918012
8811,0.1508176786348806,0.6040663632524782,0.51630660554648833,0.29782167596339354
8812,0.39828837462583327,0.16780771020915128,0.48411721413732089,0.266933471976673
8813,0.8486113755480037,0.37198451008506817,0.51149821701476295,0.28357140505902712
8814,0.38671937549746366,0.96907225888181714,0.54972868388228768,0.32182999674347335
8815,0.93198452835920043,0.50925458064292328,0.52451703422698293,0.29334634690773193
8816,0.92963220944671199,0.14197352249136894,0.48994305649214998,0.26584221995669938
8817,0.88644364048490543,0.074212089090200606,0.48214048594182002,0.26017176980262374
8818,0.11326652522858932,0.80306841902829473,0.52991301565667404,0.31043513984711485
8819,0.98443185304299696,0.2372525670535979,0.50028063397209399,0.27346969735294202
8820,0.62736038184281218,0.52797224688661515,0.5218387098757753,0.29441758611781443
8821,0.99798462093729756,0.82725586962274977,0.5498223521492156,0.31382676995807246
8822,0.72613395329263297,0.11640239091682016,0.48464274624254894,0.26352334151676771
8823,0.025611354635760655,0.58349709152138096,0.50968768821915555,0.29529414468455201
8824,0.7724283518188052,0.11158793695586501,0.48477102882586909,0.26318659605508554
8825,0.42094782768547306,0.8913128360661563,0.54526670390525578,0.31732116757312817
8826,0.50065424081856624,0.41321584882024909,0.50966594406598631,0.28607735997637213
8827,0.86551587220161463,0.0048968947900575582,0.47406045211101461,0.25416985040811207
8828,0.55714750059192308,0.63285297181663336,0.5290679234830562,0.30136594494805985
8829,0.15221439608406509,0.95573123420980999,0.54192594213723644,0.31999266744434468
8830,0.35248766168298901,0.88155905571951299,0.54294075087023308,0.31653817511547333
8831,0.75117111387281921,0.435607734912762,0.51587477567615825,0.28809483879957598
8832,0.42005189110847424,0.97164387974814748,0.55068287163096341,0.32206403585813537
8833,0.35738190967886474,0.31754988226840503,0.49779437430004925,0.2785208580929443
8834,0.8439434935149388,0.44370561067817038,0.51783414805740502,0.2887373451830223
8835,0.77425251448793564,0.87626338059353881,0.5505429830098062,0.3168133217751084
8836,0.83476820634152971,0.92619917235948379,0.55477806764887794,0.31976115962298196
8837,0.81193895928085558,0.42608797327423237,0.51587285030576391,0.2874631525588327
8838,0.22904619770903373,0.68627507306888003,0.52528575794214671,0.30376769089955585
8839,0.51299537152618868,0.87609716022900541,0.54617731304574113,0.31659587320159133
8840,0.30306318351611267,0.13653751828245586,0.47857937351012869,0.26395059155118661
8841,0.73664487989667105,0.07823733933478362,0.48065941612456731,0.26033827392228054
8842,0.23966530079325896,0.72098538268829004,0.52823180690335703,0.30606922791088392
8843,0.7253319155340433,0.5461625491402694,0.52489187097501633,0.29577203159600302
8844,0.65899777906754753,0.38628521541337252,0.51009513746567714,0.28442695111120042
8845,0.65324404646795009,0.80657309011433975,0.54379482327417539,0.31253962820481246
8846,0.14320231493051397,0.46999101426507117,0.50503787766041686,0.2884856823499945
8847,0.41729908527053194,0.58075367435343794,0.52203755977860711,0.29756105624081369
8848,0.61624924037536843,0.53975194885273237,0.52262613696552995,0.29520910696562896
8849,0.030606609761842995,0.98056781702631857,0.53867089239402965,0.3204330096222105
8850,0.87786397324757415,0.48783756359390684,0.52206259632745922,0.29185123086970099
8851,0.0030754439743817786,0.60028792185782232,0.50998869725280926,0.29617571646928997
8852,0.84221080216263655,0.34701107535468184,0.50912580159556009,0.28172773652606092
8853,0.070212705758016095,0.17616457852519815,0.4752171773502476,0.26553848932453866
8854,0.32987138719862563,0.76655019309894423,0.53416427988014348,0.30937500730665252
8855,0.48116712797976802,0.26096548625020077,0.49517290032741146,0.27461173157607155
8856,0.17597438473779475,0.20318743135378464,0.48166483638620311,0.26860468993970099
8857,0.29971115877238336,0.75030360991455392,0.53215584962702667,0.30822696690871421
8858,0.033212141973327378,0.97188122599687199,0.53821440535094456,0.31994861436399774
8859,0.96105643438444244,0.16437615353019211,0.49263533074826155,0.26768123601578475
8860,0.88116146342857982,0.067462949366460093,0.48133219003389283,0.25959434155794697
8861,0.63542505579997099,0.67962602236612002,0.53407875387055459,0.30452784151651702
8862,0.80852425172234654,0.78455342950775531,0.5444974065320578,0.31125424607982444
8863,0.42956544738655211,0.69691649943758971,0.53140103229989311,0.30526261743790656
8864,0.81313622111865558,0.28120913352769566,0.50254516436963315,0.27675326249810278
8865,0.66284766801152151,0.22486790612455226,0.49487445926231283,0.27219419279719076
8866,0.078862413235229911,0.15976860859108857,0.47389865044188134,0.26428637651395875
8867,0.10112232555228985,0.52150371478031166,0.50779490534158556,0.29176725166409134
8868,0.1462325418840279,0.70129445840861881,0.52365549029917224,0.30421199228849988
8869,0.78298929804762596,0.74809214037152705,0.54147767468764885,0.30898234564740218
8870,0.95245334411124938,0.17427281031020686,0.49356564065931763,0.26847350858946689
8871,0.8533458899641061,0.70186937445980735,0.53894477432086318,0.30607842992579393
8872,0.39274559720713881,0.12100096042949009,0.47912382670249271,0.26306237514448894
8873,0.42495018332438778,0.01637643493463984,0.46838068059943311,0.25424288849139548
8874,0.58131285984461434,0.55020487198814516,0.52287438743582915,0.29586780019898162
8875,0.62715229985000331,0.099432137116661767,0.48131226739196192,0.26193503795832923
8876,0.63610228597739482,0.94543505282179685,0.55316064136990561,0.32084276520339289
8877,0.4455937636923627,0.22149989911603044,0.490566060694198,0.27140823258179098
8878,0.52672717242845102,0.49126921523626665,0.51694057906779556,0.29169337111190241
8879,0.11123692274811911,0.87065285943275084,0.53460383271977763,0.31458816794890893
8880,0.015065142880135681,0.4335971386543126,0.49680421978166645,0.28466115898704136
8881,0.039222937975975217,0.056058850562700539,0.46152090204255125,0.25519426391004296
8882,0.84337022462432509,0.76768638437382186,0.54372201797992703,0.31021386664576239
8883,0.79060690509547715,0.230066374647629,0.49724691230208135,0.27277307651342608
8884,0.11931933991202387,0.62589388714687666,0.5168753000144396,0.29904220790580738
8885,0.89915500073955623,0.96758723944321978,0.55835076595517508,0.32214182659256008
8886,0.90076743597852771,0.75533819536160451,0.5435231437591016,0.30944436199692477
8887,0.058112571215874056,0.60922076641904432,0.51313320769380977,0.2973745961648902
8888,0.93160336295786561,0.65840238684638164,0.536556524480995,0.3032920917631815
8889,0.51230382894921345,0.54740848983480828,0.52134330038818244,0.29554333760907486
8890,0.81628021861579036,0.98656289419993992,0.55856923796650981,0.32325689788666623
8891,0.80335179008882263,0.74579422991868338,0.54158466375182157,0.30884370110078685
8892,0.10138321284468985,0.97739926569095115,0.54145310649893874,0.32089321945363902
8893,0.47155825221234704,0.12384901487141615,0.48110617854323129,0.26357677405894359
8894,0.16632648111240705,0.48753406754148898,0.50732799234195392,0.28990054624055561
8895,0.17967552944322815,0.58854492917869938,0.51606835768418069,0.29697661723966506
8896,0.14409283426912736,0.99726117381501256,0.54438148297529809,0.32237236500280475
8897,0.78631459714284868,0.53968153037541788,0.52522607834785684,0.2953754308674329
8898,0.53915031748601472,0.088800147806887983,0.47865015946913336,0.26083665954108665
8899,0.17270334825209577,0.88086558995289965,0.53755667110512384,0.31564879756782566
8900,0.77379180802371128,0.7970605591371307,0.54492939604096735,0.31201756683966375
8901,0.14774774315800751,0.13501905625622021,0.47383099318804012,0.26284396674895699
8902,0.87939553013715199,0.96119346244652992,0.55768785900334261,0.32178139981030168
8903,0.9931820079386352,0.49842500802656869,0.52428186076560523,0.29260550872824775
8904,0.97874454347178108,0.17887653806583259,0.49432551560025223,0.26885690097182774
8905,0.95550351842493986,0.6077495910305879,0.53284686384903535,0.29998294625345173
8906,0.051916864333779088,0.48340062517236221,0.50264113347390194,0.28862530893582444
8907,0.23061398304622854,0.96311848550523871,0.54504457737270717,0.32088836038269952
8908,0.070570971684821418,0.34301241525738735,0.49114373990571425,0.27856875226693267
8909,0.086037410082423604,0.22745752426869004,0.48088837753419617,0.26980053093195933
8910,0.77649791725453698,0.33455859423984075,0.50710217611683728,0.28074841924990407
8911,0.73805372711134842,0.87020573269095047,0.54960600871342069,0.31644388704226939
8912,0.024977878976298964,0.97710726779311674,0.5381863838761819,0.3201709341216899
8913,0.61803467396664202,0.63592527025343148,0.53039627803020728,0.3016597513277563
8914,0.27266681205210042,0.13384508955714991,0.47748982027140774,0.26356799533734959
8915,0.52810985468126603,0.78732412679522534,0.54017258466365703,0.31119807670092703
8916,0.4845848739617854,0.60499484810695281,0.52544114783016915,0.29937058804353361
8917,0.17685023667494534,0.26966886479594976,0.48815971233973848,0.27385295451399039
8918,0.71047626018646404,0.99552530534131223,0.55766744130065871,0.32377057533857567
8919,0.29574181123079035,0.42163559576458065,0.5056170409224422,0.28595510007929126
8920,0.54878024648643342,0.2961367746241973,0.49985532132480748,0.27749349362511094
8921,0.73628307146759475,0.015187094844772946,0.47358460328534874,0.2549076781133679
8922,0.91889596026706277,0.71614264381899273,0.54081847885598588,0.3069838212485389
8923,0.72701848897446175,0.52067826473297318,0.52280321499152271,0.29403029499423189
8924,0.31331667072322456,0.93836164433575475,0.54579333648459327,0.31979091805666943
8925,0.0659713004578487,0.98660109066137813,0.54061448981345273,0.32112964592949622
8926,0.70172576084722527,0.027524471791868566,0.47450062460805359,0.25592908073549758
8927,0.69834469235920116,0.6268109924595221,0.53098231554603892,0.30114654727386109
8928,0.33457335555489409,0.72909433559264292,0.53151931735383307,0.30701874934051232
8929,0.56588426945585535,0.12433843487160048,0.48293766735984395,0.26387703264823797
8930,0.2440172631828231,0.060564872347645002,0.46888569429854043,0.25722578336009266
8931,0.48789842533919725,0.46888486181605843,0.51426008228376918,0.29002770614461987
8932,0.17946944318887548,0.046330918873485644,0.4654177972556589,0.25557723757368939
8933,0.17703207155630227,0.89655521083174983,0.53878722636567411,0.31662444405814388
8934,0.14297505138871494,0.27974347540455635,0.48797518254984762,0.2743797339713604
8935,0.5951784466445097,0.68375744124270288,0.53370293888162201,0.3047444379540708
8936,0.20804810691025341,0.54291532464205527,0.5133067633357502,0.2940422672579685
8937,0.35694360935223524,0.06351694579204778,0.47211675444156898,0.25805915602530544
8938,0.98326393318368366,0.73722804921568608,0.54311924381669874,0.30829667948136391
8939,0.49895975643537238,0.10451259772841587,0.47958937677386432,0.26204702942675201
8940,0.6656860565032694,0.0059805276566301472,0.47150185882790557,0.25397776746827722
8941,0.064285225131723578,0.89228476581528093,0.53420140660721893,0.3154976287837159
8942,0.084038023549213553,0.98531602590264522,0.54127975137606354,0.32121363068681469
8943,0.068425910521287006,0.43716592707041424,0.49938850289252501,0.28548389883612291
8944,0.019917720944050234,0.1108177557241288,0.46652009201754235,0.25962856791548439
8945,0.24125889512969881,0.82268271029199236,0.53570127212028484,0.31248214604039476
8946,0.187561225452472,0.078910448864090724,0.46920467008159683,0.25842948893420964
8947,0.92929399971297244,0.84955060141774597,0.55063896188133565,0.31519664711163137
8948,0.025084971556405072,0.94792949896809886,0.5362515086315035,0.31844664620090335
8949,0.70312706246842871,0.90683105066827274,0.55161312467470935,0.31861032597692668
8950,0.69537880962359488,0.93805037165569383,0.55361467280161569,0.32044220950269692
8951,0.6578524258323829,0.36138962604958796,0.50781602660695713,0.2825966500386351
8952,0.44072651695880344,0.84688446605053036,0.54261513086438129,0.31468539648279564
8953,0.81890339136131818,0.21764578548701249,0.49638050192969574,0.27182502732814529
8954,0.330982818752795,0.2957324626760674,0.49508578815913157,0.27674485026811591
8955,0.99267078565048295,0.17148821660402466,0.49371116511853752,0.26827052913222754
8956,0.43154892596908612,0.70673597918500886,0.53218894527962091,0.30589986495143828
8957,0.96923439852212334,0.45624481337232281,0.52040788302898333,0.28966410965475742
8958,0.70454667509623103,0.15669702346724226,0.48857699250620484,0.26680348476462512
8959,0.71859809684249343,0.5094588178851992,0.52173817391886279,0.29324901109773377
8960,0.18393367091702531,0.54997094737737207,0.5130971944461068,0.29437275341748337
8961,0.78627758093728917,0.59826905738540237,0.52999194893154389,0.29931833749697562
8962,0.17802653681567174,0.10529309026604751,0.47171436190051136,0.26059224152744004
8963,0.44430535939483673,0.84886560901732877,0.54283377208793271,0.31481429890059692
8964,0.58667784645395582,0.83751499039985944,0.54486300963941225,0.31436581148553983
8965,0.59958977723814322,0.17874956068816827,0.48918661556052023,0.26840087835952248
8966,0.28624106126694243,0.025245952012983616,0.46612607771123188,0.25440310887218986
8967,0.66605354271141115,0.31304903982066318,0.50345962664506072,0.27899872328973613
8968,0.43033473267253725,0.74410431058417303,0.53495700762375276,0.30827929739765786
8969,0.71039399261182412,0.86309132439108804,0.54869882207367593,0.31600754351609306
8970,0.75048542528530826,0.55099767523236809,0.5256562128596568,0.29612074086254558
8971,0.35759617980542829,0.18177576051143698,0.48459233690599579,0.26790055593893614
8972,0.67917761923080544,0.38560677404321031,0.51035330538945056,0.28440556698014374
8973,0.67849709831468064,0.6390608122863225,0.53163570059301357,0.30193335138403943
8974,0.036874432106211316,0.17601413447236411,0.47386695530245015,0.26518534082280693
8975,0.96156115777686935,0.82691833219149857,0.5494033154358422,0.31382166562392882
8976,0.43706299657243075,0.10860716129968642,0.47877688042540528,0.26219212267538722
8977,0.03701876001023921,0.32054417096307736,0.48771215429163028,0.27652770282117861
8978,0.32553220339742256,0.43830115270934766,0.50786802884836568,0.2872952307606686
8979,0.38832604446603219,0.79034804276704085,0.53736776153813726,0.31106398205101632
8980,0.2145066898927675,0.2194256943634362,0.4844798246887046,0.27016174185744751
8981,0.33896389415784511,0.88817530115830012,0.54305026517178401,0.31689074950059254
8982,0.5678088571914589,0.78257974329300928,0.54057907013437634,0.3109640826908292
8983,0.9983054394966574,0.21267977002313129,0.49797344963091594,0.27155116207322899
8984,0.20940814519446577,0.64640829444789571,0.52160194473304144,0.30103828526201037
8985,0.032887398873490743,0.83402051391749421,0.52878081042253255,0.31162145086737225
8986,0.2673819768448244,0.9148162867643056,0.54290115569733544,0.31820331688974635
8987,0.44993934385938339,0.11470061922037277,0.47969488624594636,0.26274526250411256
8988,0.95877029316317064,0.56504874468873023,0.52944151634521686,0.2971408926053058
8989,0.76034825466097111,0.10268927522216691,0.48364896924911155,0.26242880683015374
8990,0.3843679079872207,0.16125771234804998,0.48312737639702791,0.26634571820574565
8991,0.72269145583173955,0.84353260781659045,0.54750990767165852,0.31483399483644181
8992,0.11083835903956789,0.10425035757505102,0.46934929868482711,0.25997524675456224
8993,0.52991964743380671,0.6397509993017535,0.52909142311885193,0.30177077477990472
8994,0.31980683014047101,0.36905955235034926,0.50157610475449532,0.28221697261488599
8995,0.80399840781678222,0.43893969892292517,0.51689639922108754,0.28837441142421238
8996,0.93074403421367757,0.49182520260337043,0.52302922003035135,0.29214245324774923
8997,0.13983877182576107,0.36847080288325668,0.49604667633654492,0.28107910391518454
8998,0.18274614164648811,0.26595686991520928,0.48799707565806039,0.27360618411313403
8999,0.13674342665491859,0.25744517313811233,0.48563482307953498,0.27259766548140341
9000,0.21072836519711419,0.87727335980163201,0.5385773500651595,0.31565926017680929
9001,0.048205541503627318,0.36211265426370087,0.49195528409241718,0.27977388602233039
9002,0.28507710105985173,0.34355889986584665,0.49832086328698283,0.2801482780978779
9003,0.56501651331140901,0.3973818575225887,0.50948480671262841,0.28507357972206426
9004,0.29098055941188944,0.37569905055394631,0.50140382050797683,0.28257068881234099
9005,0.30109628102631542,0.5846193494775449,0.51944198132476682,0.29738637169644572
9006,0.68678991305337989,0.45738794694411339,0.51681338633233997,0.28957418719844874
9007,0.35590700460091468,0.99824951485936775,0.55089427974576255,0.32343566583009842
9008,0.38530564276579538,0.8500595310553094,0.54155595996398809,0.31473225854811965
9009,0.78463156281596758,0.2362674481195747,0.4977812647947486,0.27325210739018302
9010,0.24526914248712128,0.25001607155503008,0.48838089348618524,0.27276311134637854
9011,0.11567688108045841,0.51448738354990498,0.50776770705782204,0.29140188495003366
9012,0.21752878204189474,0.99124195218257383,0.54649358428789918,0.32246537455886548
9013,0.070708265639992898,0.53661489573431909,0.50783022638836206,0.29253899078743678
9014,0.68399429966491887,0.2947483985879808,0.50200616555852284,0.27763769170512109
9015,0.59587388390592533,0.306624054475443,0.50169172626000069,0.27839111391792737
9016,0.23124008834912677,0.99059909208241159,0.5468843101965053,0.32249833054701538
9017,0.01218701228905702,0.035229924625845163,0.45816061050869722,0.25309859526352152
9018,0.70824314168720748,0.15153852966615233,0.48809404022916714,0.26638875045383509
9019,0.17933655180848437,0.78440765146290647,0.5309554408388879,0.30974186996054032
9020,0.8701345286462806,0.025798765904235188,0.47651745133784268,0.25600218313658429
9021,0.59179023215217752,0.75560879470844522,0.53903779839569166,0.30931178673925236
9022,0.27934543260309147,0.67854867782454242,0.52619378642412229,0.30352292670055736
9023,0.088123247280472425,0.3666184053888894,0.49396554732189873,0.2805003536335548
9024,0.11723104388696376,0.69669116392302088,0.52223780350150972,0.30369009913627976
9025,0.60223626724103241,0.72478071140703981,0.53693162267989758,0.30737929510930662
9026,0.44747703079535861,0.1157793643510784,0.47975825694009783,0.262826951264993
9027,0.98092688266584882,0.97389903103787234,0.55969461332423265,0.32246033531709017
9028,0.68324261978260481,0.65480510889211441,0.53293819677975052,0.3029665084590627
9029,0.6695765152810258,0.57911133425993622,0.52672368758899157,0.29794547671045735
9030,0.049609247906750538,0.21801668637188851,0.47853496757264696,0.26869333402123091
9031,0.66888380742481679,0.89944390285004638,0.55057190005116852,0.3181565448925357
9032,0.83978980465651254,0.2290998751232517,0.49779059398600473,0.27274389773146662
9033,0.96249099072887334,0.41774977561043342,0.51695744941270372,0.28693134673775211
9034,0.94592744433105702,0.21334414073204391,0.49747368652363061,0.27157901361388848
9035,0.27346494892615597,0.34057039853011956,0.49772353343361164,0.27986359626093016
9036,0.6511622413240955,0.1653110606025788,0.48865215762152309,0.26741461746111245
9037,0.27892482033608251,0.65199340507042369,0.5241373991818381,0.3017806202605976
9038,0.35283474888602506,0.67628678817554611,0.52799617430673096,0.30368198555347309
9039,0.21627807862953052,0.03473684585046722,0.46525125604290346,0.25482068646538547
9040,0.82938646888850487,0.38344750927946297,0.51229298439352078,0.28439637127651879
9041,0.46311021521893564,0.99294205406609692,0.55304423652488321,0.32338905337648699
9042,0.62808522873552286,0.9749691771135317,0.55499696929022435,0.32255292555913212
9043,0.31293694356429624,0.16088894066273934,0.48135126660162159,0.26599980186009897
9044,0.74653769710735651,0.5728544160362683,0.52738410636440658,0.29759435775398796
9045,0.86780756403846904,0.32418445169505428,0.50732074103171743,0.28004480160194362
9046,0.99350303875223045,0.34084138609321091,0.5103141073300389,0.28133832400842085
9047,0.88238761718369796,0.93599118819207661,0.55603529037563704,0.32032036821567417
9048,0.38939289886687184,0.47792184497007406,0.5128662256448201,0.29036927182622291
9049,0.89042427733697704,0.16102247934698827,0.49148522045436993,0.26736322308927163
9050,0.70761770442695127,0.17458070877582069,0.49047177710760381,0.26825704876926326
9051,0.32004180044907843,0.73508146575187572,0.53158119986740038,0.30734380152297147
9052,0.079321884944976787,0.81350052061813183,0.52931382120923931,0.31079781316466204
9053,0.93830085714393063,0.14691740402869183,0.49056050344748747,0.266251364726177
9054,0.64126358826862417,0.63613266112351552,0.53080391264385929,0.3017019649511381
9055,0.55169496458595391,0.62056554419152676,0.52799799860990992,0.30054438743975681
9056,0.55372157575868775,0.65377675114512679,0.5306379564062681,0.3027335933191454
9057,0.32561287686674623,0.63238146268591522,0.52389002891406011,0.30069101475425103
9058,0.83803845516050945,0.45661043023940873,0.51888118182892773,0.28964689026707385
9059,0.23923770838462516,0.032968303663993719,0.4657138046663174,0.2548100687977819
9060,0.79521699385066746,0.21078298800742487,0.49538107108023849,0.27125948566173236
9061,0.40453753651989394,0.68961266146810962,0.53027197805418769,0.30471907965764411
9062,0.13756284337303368,0.24700708978489277,0.48466005230019399,0.27178707261994045
9063,0.82189470904619677,0.80066318168739103,0.54583987360456765,0.31224641439706735
9064,0.00071493284170283009,0.32372158481002555,0.48641064880371931,0.27635586027693093
9065,0.39620108285701133,0.25371400369902841,0.49263796441521601,0.27376607051593499
9066,0.13308872814805944,0.98134861209398372,0.54292894376689427,0.32136591298107059
9067,0.61219822262827084,0.11765262961440022,0.48302019094391663,0.26342577030186692
9068,0.73521719719056278,0.59371443331009943,0.52890311526470846,0.29898300234616637
9069,0.41087578865344404,0.86581881295308705,0.54326575296823898,0.31576027206711149
9070,0.52619986738342561,0.28991328161709246,0.49883945175655858,0.27696404012808973
9071,0.50470349786662272,0.84453876725555166,0.54380203898643498,0.3146738290675733
9072,0.36341865791581801,0.30402363614124478,0.49667390142213919,0.27751751020680299
9073,0.56683835946371552,0.02565203859381145,0.47214597028163063,0.255486900784127
9074,0.72403257470022664,0.64706917979867429,0.53295896000794951,0.30249487804497899
9075,0.50701477129397676,0.97446347271978162,0.55273442176046539,0.32239409411032799
9076,0.88367420786678563,0.070101979226956615,0.48165395744543871,0.25982079711218442
9077,0.2509867751698126,0.16851486126006349,0.48045622348281403,0.26629091828069312
9078,0.40870921152749801,0.23716851067872488,0.49130671119902575,0.27251670341039191
9079,0.91257022224817197,0.69621917218588059,0.53923798531380407,0.30572016274146946
9080,0.099912408217263882,0.4964856127464562,0.5056699175469066,0.29000437575400334
9081,0.89618859172085064,0.31790096725024053,0.50707371478893537,0.27959057070053056
9082,0.38240644667466406,0.91760749415889153,0.54616079139495954,0.3187876556649562
9083,0.40713505889532392,0.20612775004495634,0.488195856233895,0.27005277666775479
9084,0.029020907906175127,0.99495798346410735,0.53954510675112344,0.32126009798254412
9085,0.13187445749858162,0.92479073415106405,0.53910025883387791,0.3180120132882282
9086,0.93947604441685839,0.2851724815269816,0.5044625208544079,0.2771390129145368
9087,0.69093569193604643,0.46137956614136932,0.51722259370586343,0.28986116123384797
9088,0.019206109357310926,0.88748021596312765,0.53188126569147676,0.31475228579307646
9089,0.45955955893724459,0.85540902246233308,0.54362613136278015,0.31524578158020367
9090,0.33540622657689967,0.16499291416947964,0.48233957069569666,0.266440789335051
9091,0.53014767315260836,0.57685603806223962,0.52409298478084532,0.29758083862258911
9092,0.16692947222673102,0.026425635014835282,0.46282767430484517,0.25375557857630859
9093,0.067616637819923928,0.83957772729279245,0.53067651325269705,0.31230728039680522
9094,0.080683331652812204,0.13462434215439717,0.47140174426222242,0.26223533955216322
9095,0.64174241456341696,0.10478380054574227,0.48212300729750474,0.26241213214711012
9096,0.17870187782522989,0.95320664634491559,0.54268542652384977,0.32001427564669355
9097,0.60266724030541952,0.15166839416633593,0.48644336830051105,0.26620919025921641
9098,0.32422702691444427,0.95867058786792914,0.54745018360656594,0.32102667812580565
9099,0.1337974024886382,0.16199205682029716,0.47611833948224042,0.26495064127047213
9100,0.64597026472986907,0.039968091229267887,0.47506487979255851,0.25690687037645765
9101,0.62516190489475842,0.91833995310555916,0.55114400966764732,0.31924469284967633
9102,0.73398270296201806,0.63678267035918545,0.53230147955960372,0.30182908702291178
9103,0.47912278358434562,0.82219135281284106,0.54169187222635529,0.313260014999445
9104,0.65218711274160301,0.13259966340166282,0.48525199655289381,0.26474164492776331
9105,0.5211781155172619,0.73980203868449901,0.53654799880151482,0.30820769920613911
9106,0.24075031290579357,0.90707146503267577,0.54157402036340829,0.31761392785446169
9107,0.97849063431018735,0.77951034916312212,0.54617890022853632,0.31092267428636255
9108,0.7803022900558193,0.25515032718925507,0.49957962265540617,0.27471654584193161
9109,0.84926530640848219,0.39586436092754596,0.51366583925093179,0.28531115030468707
9110,0.52721648862865989,0.21426551547750133,0.49147968074005061,0.27107272349262163
9111,0.20585325559551129,0.46715235635415886,0.50690367507314882,0.28872248646922349
9112,0.6526989988966031,0.53506139814347264,0.52284672549661193,0.294937737295138
9113,0.94344829543434316,0.23222232697788861,0.49933328056632881,0.27305865305326721
9114,0.32272230634588056,0.9816076849753852,0.54893444775846545,0.32236169969914447
9115,0.60442496726618855,0.85343779426804978,0.54629957327840439,0.31535076090394976
9116,0.53458629530066393,0.9661214574015351,0.55272244081232558,0.32194864769115356
9117,0.26907011934664332,0.9543615428754012,0.54562172853837798,0.32055509962267792
9118,0.074567856540030328,0.39419921398150037,0.49588718186706393,0.28241286804437399
9119,0.78844240328985038,0.1799815243593301,0.49216214141889369,0.26879665944892289
9120,0.76114396923411409,0.1200980634902022,0.48552798479177978,0.26387851467758661
9121,0.72664913922994168,0.92276839910311403,0.55305287987736185,0.31955672588119777
9122,0.56912329638964732,0.87292027156093388,0.54702935468833658,0.31648512607619972
9123,0.93178423921548537,0.13182237394441618,0.48889370996766368,0.2650121176343111
9124,0.53359273948158381,0.97830509594510084,0.55351207695516136,0.32265409253504562
9125,0.35441701894776195,0.60309904789348379,0.52232011448833093,0.29885150111564235
9126,0.94989010226527471,0.013700088560895529,0.4760337682328139,0.25501800612911141
9127,0.53488263986703244,0.58017537356190152,0.52445241495516937,0.29781411829636939
9128,0.40984186624932339,0.10250148983184482,0.47753888428717356,0.26158171217768023
9129,0.27564032330060145,0.56944517957364438,0.51750702903679724,0.29623581159217088
9130,0.40125835345677335,0.30959769265354847,0.49808979800187897,0.27808755129788787
9131,0.49319019884803567,0.87041971543385888,0.54538234130048302,0.31621994819523819
9132,0.19516896758006189,0.23438764430795567,0.48534662022615432,0.27121883511904937
9133,0.77664478859476516,0.70424311143317031,0.53810808006970445,0.3062105845845024
9134,0.78069922410974979,0.18594672627992695,0.49266885095070384,0.26926644479222417
9135,0.1290116076562903,0.77009924565580445,0.52812508409131731,0.30848718065313357
9136,0.98554651304030561,0.92197939790397654,0.55626579351744221,0.31945683055777435
9137,0.66992343736492332,0.55820308826611142,0.52502886739615473,0.29653479544315908
9138,0.19820716700284977,0.61489756729585354,0.51877427657580499,0.29887205351526325
9139,0.38893121275784215,0.41427914696995866,0.50733463346847341,0.28581442925420764
9140,0.45697078643954592,0.3361665807753918,0.50179288039330361,0.28027852913387608
9141,0.40057844132852044,0.73093133686367651,0.53329305880776889,0.3073593262835555
9142,0.13026712464751908,0.55899113217206908,0.51195536126399888,0.29460133102436092
9143,0.12696041743726239,0.62091433733118462,0.51677022838661679,0.29877051769591334
9144,0.69144983418298656,0.14273704608964036,0.48692324273042398,0.26564267722302526
9145,0.65544035649631405,0.90484652329544779,0.55072566373363452,0.31846865053474882
9146,0.55118404854409164,0.066288746572600213,0.47640814875392473,0.2589558918955629
9147,0.42925901506919184,0.77853220533003342,0.53746220986831283,0.31044164242570899
9148,0.40158812920277709,0.072404014473257131,0.47410683573408746,0.25900310360301382
9149,0.54224417253962021,0.44310974136610748,0.51309897352920442,0.2883232835667634
9150,0.49470350722431905,0.90429342448845274,0.54775402104548787,0.31825115521983055
9151,0.42082208322737136,0.99282956400137634,0.55210075631400168,0.32329472755364841
9152,0.70525156591184213,0.95615182916388153,0.5549808966122094,0.32149987791064016
9153,0.13212900044802808,0.94933086903431685,0.54076329431016101,0.31947346350408201
9154,0.81853112795104976,0.77641646777262219,0.54403780396903412,0.31075277149894165
9155,0.80962758831958059,0.79001983147746657,0.54490867893180106,0.31159131986716543
9156,0.39705382659769384,0.053104812165151817,0.47188827653480525,0.25733116753703222
9157,0.71213379742020044,0.94033057901511208,0.55402367397852348,0.32058095447981766
9158,0.77218256395695495,0.97850756345136325,0.55744090234679067,0.32279993031064952
9159,0.6003649648393854,0.30260618325489341,0.50138939103483604,0.27809484477486068
9160,0.89748717271023204,0.00065476954827317971,0.47394127442787504,0.25382816006569742
9161,0.25659077544786268,0.40817627408503321,0.50332904743156959,0.28477473094487621
9162,0.44005149870152821,0.81800264219794194,0.54055105265662573,0.31291602592084283
9163,0.89291208111370213,0.9226285148933181,0.55525850148417799,0.31953740374297984
9164,0.74536916844066003,0.44878845496961151,0.51694273349032693,0.28902683729329121
9165,0.75990395465063632,0.42027139889941317,0.51464818485602515,0.28700542469288209
9166,0.9482816712945118,0.22133305295844333,0.49830136696610589,0.27220862075564817
9167,0.58721408630759697,0.28875108088679846,0.49984359418493091,0.2770125873238351
9168,0.4158072013819008,0.71722450953117811,0.53262141106169925,0.30652872079871718
9169,0.92525221699309768,0.49137754337628142,0.52292781379924103,0.29211031810648413
9170,0.13050394773617155,0.42082805318908068,0.50034937198216567,0.28485135615225576
9171,0.84905103543327431,0.90517813773754752,0.55352901857451986,0.31852492158616807
9172,0.62743027886302449,0.63007050742885329,0.53009619148170151,0.30128647534633807
9173,0.37589318339895689,0.99623328428001845,0.55126023735033236,0.32337741814889881
9174,0.15611546603696189,0.92224066222073742,0.53981007573452677,0.31802967401645293
9175,0.6739265550915734,0.1344633415339864,0.48578677665727771,0.26493378356178382
9176,0.9249016998371925,0.96683523129335369,0.55860204478418318,0.32208675225643463
9177,0.323049717841635,0.48707983907136371,0.51198914943107532,0.29075387192197083
9178,0.59061057126336969,0.31023177843346494,0.50194047426639965,0.27865414903955038
9179,0.56339886881114221,0.74729398061713448,0.53790867108590479,0.30875001371869343
9180,0.17658625977205811,0.93653984807851964,0.54149325337229348,0.31901399515701084
9181,0.29445923280225839,0.42338411253885133,0.50573530838647474,0.28607546921809196
9182,0.17171249671051048,0.37618071169437611,0.49783466206399807,0.28189026796828814
9183,0.91241307240644243,0.001293352596240584,0.47418487109516305,0.25389813949340939
9184,0.59165886177992211,0.43392575898260111,0.51319736289851647,0.28776342103292157
9185,0.44790648150203055,0.72425851630057447,0.53386884479393393,0.3070635685736407
9186,0.87588344078873048,0.16872702525538627,0.49211121752179687,0.26797441462102323
9187,0.72947090631463807,0.45216423968627356,0.51700502204366516,0.28925090745769344
9188,0.88920296187637138,0.054743519764707892,0.48001071306442694,0.25851690628866186
9189,0.91493212497484644,0.011206332409603056,0.47536084011615143,0.25477095662665883
9190,0.91456836693406807,0.3628555819969741,0.5114648138323612,0.28293623794248918
9191,0.54906970017148415,0.92362117688840961,0.55014110835582486,0.31947839208584822
9192,0.48248572960001185,0.92458970682657105,0.54888645031550687,0.31943307741908189
9193,0.004290408228884917,0.65789985486503,0.51452466770217409,0.30004155555613399
9194,0.50469971210093945,0.98367308021789657,0.55329736340861013,0.32292396614075136
9195,0.92822820836027387,0.89967961140436825,0.55410762639439992,0.31817753243005387
9196,0.73718651666514345,0.70372236530132359,0.53750616996925216,0.30615869301217213
9197,0.12526777950312243,0.15303965436838335,0.47491039337940438,0.2641477712911986
9198,0.11258868527103914,0.69246924572460122,0.52174209659244442,0.303377707883287
9199,0.87463399753078119,0.300887206616404,0.50520443930376702,0.27829619399395272
9200,0.13829441369062989,0.81959503450250482,0.53203246212751354,0.31165572288571214
9201,0.83395318942271413,0.98125869441175606,0.55844952979479934,0.32294905431598414
9202,0.53492646060594129,0.78350438988435789,0.54002722371217016,0.31097199564312222
9203,0.37186218732664128,0.34793029571826339,0.50095692357977195,0.28086536551020236
9204,0.058268964020477147,0.62321230768266833,0.51423733235734226,0.29831542143659989
9205,0.84389488844453597,0.78896863416651031,0.54527952265993507,0.31152901128815857
9206,0.46206678169901716,0.78299698870725698,0.53850861145399143,0.31079963990593218
9207,0.14949690465218154,0.6713511379898176,0.52149789471855545,0.3022832998600225
9208,0.79214266067881833,0.46607202840707035,0.51909302314281447,0.2902849364730245
9209,0.88244462727872897,0.9615666171398829,0.55774976547639732,0.32180180258553803
9210,0.95267061735646563,0.71534045534533219,0.54114463058699835,0.30692808437976637
9211,0.49056777933820855,0.36059439400912963,0.50473231429692644,0.28219586776590072
9212,0.4633520514209406,0.86832309693199361,0.54461094085453787,0.31603519987544676
9213,0.013658445780735929,0.43445855616516199,0.49681516348771959,0.28470726730915719
9214,0.23679739552572138,0.63947278500596305,0.52192012017390899,0.30073702542349917
9215,0.63356665280960733,0.36007801065655659,0.50730032084831445,0.28246169291902773
9216,0.70368438634722263,0.56713182220928138,0.52628351847283095,0.29717337808608885
9217,0.42762324931608747,0.49985340316767107,0.51560418679551812,0.29203517999330225
9218,0.55141146361710269,0.57675113358719976,0.52448917732633682,0.29761486480589616
9219,0.27430976131377977,0.030153788298449946,0.4663602768844583,0.25476718163354367
9220,0.45377704257433071,0.47813153368196221,0.51433625015186013,0.29058852743273739
9221,0.98666290487422381,0.77622741298280884,0.54602816607638149,0.31071754490636333
9222,0.47288352950297996,0.34169567841243698,0.50263654636269817,0.2807395069256407
9223,0.6817565862120013,0.62278797198637625,0.53040714742623785,0.30086622947702785
9224,0.4579639035633416,0.79385316404540796,0.53920736845134409,0.31146550230560771
9225,0.39087104814945489,0.19674679230026668,0.48688610654125208,0.26924101616320611
9226,0.68382551000468672,0.89766180376793492,0.55068586178807144,0.31805881196785318
9227,0.056724710380949547,0.32350566734230379,0.48880366338061254,0.27695835850407002
9228,0.66802420890618819,0.58408935619202684,0.52710090109767282,0.29827794495894777
9229,0.46239275368679084,0.19610948340260656,0.48837823164196903,0.26944041293992144
9230,0.87477250918295468,0.08785980252976297,0.48350063379462682,0.26131300791383433
9231,0.51454255530015802,0.21876349154330094,0.49168678616825862,0.27139598112593888
9232,0.47873254205569393,0.3819130744858063,0.50642492448681697,0.28373687485388899
9233,0.45918503813269779,0.76871216000056597,0.53740456801839454,0.30990043929865946
9234,0.7616286675549695,0.18045891670723213,0.49184676095144353,0.26880355531844918
9235,0.70169767654259918,0.65964266004621752,0.53359937242165989,0.3032968603418002
9236,0.0064052045615972022,0.60296773980202856,0.51035508632519944,0.29639594795737034
9237,0.17627295426916098,0.36188831916478231,0.49670027066125244,0.28086139087155193
9238,0.63502459994676752,0.24474268038385782,0.4963922143378886,0.27370415044902641
9239,0.020845980685378893,0.15031119721316502,0.47061049928324966,0.26291202022767796
9240,0.26553850815136687,0.42138513295055602,0.50474965855980103,0.28578333326090155
9241,0.88354226534244373,0.8990433236258919,0.55353607861510989,0.31815529995298752
9242,0.69371841416690727,0.22763399424290984,0.49562571140581851,0.27246037264559425
9243,0.71553225417562061,0.16950554652457359,0.49006536109459653,0.26785887000715963
9244,0.025818904317019043,0.11818105476325146,0.46752988017030134,0.26030918791471186
9245,0.027122394174325749,0.17333198126995703,0.4731925914630129,0.26486151884091674
9246,0.74445223303107788,0.18984950831251918,0.49256641352363317,0.26953476792111247
9247,0.02065342031404143,0.93173345486597403,0.53496051710674875,0.31743404432340377
9248,0.18386075602347265,0.09305202851531795,0.47060105150977199,0.2596026013896065
9249,0.82879535870462429,0.22857328753533074,0.49759849213700003,0.27269300953602438
9250,0.031047528163192329,0.10727814314233838,0.46661448159145885,0.25945492779407758
9251,0.87730168184010549,0.32229299165442354,0.50725943063466949,0.27990900613596542
9252,0.7326616510422318,0.65245652351848549,0.53350608155190937,0.30285200714659527
9253,0.42815056415816072,0.30604692952054319,0.49835961922503497,0.27791131481726594
9254,0.68798973099855942,0.81825912787913113,0.54518674571700165,0.31328024147033595
9255,0.85096842139704387,0.37981317866313041,0.51223922966104118,0.28414513928856638
9256,0.46116167994068236,0.62853225186608042,0.52681142397711145,0.30087840924161474
9257,0.7202450161477435,0.83667213423206699,0.54698854509891082,0.31441758069239234
9258,0.74552732271055,0.72815885036495753,0.53946597124288209,0.30771417356180097
9259,0.053419820083363448,0.077001369381661064,0.46432455612366802,0.2571326017952289
9260,0.91186421895656977,0.51219575643645365,0.52453034978447377,0.29354480238620972
9261,0.79906860066271623,0.44795087335746503,0.51761697971673859,0.28901073677024736
9262,0.45905427121132381,0.5068982994252933,0.51688361008318096,0.29261781114814772
9263,0.2889096480036038,0.45164838948777181,0.50804018795867434,0.28808175103431916
9264,0.22041343806890074,0.056911998490535194,0.46781076911401781,0.2567661676077973
9265,0.34970869024432033,0.69268932309135556,0.52916854923297507,0.30473542773139878
9266,0.52927249081897321,0.059174753625725864,0.47522672154833467,0.2582890495185885
9267,0.57192880135601165,0.059340726985002409,0.47600598622276968,0.25841297916182743
9268,0.90095465270840802,0.81503368077002236,0.54785981306175446,0.31311842410225066
9269,0.88164869708906635,0.56576400221105438,0.52860036717812986,0.29718000450948467
9270,0.76433579220235126,0.032415759392024485,0.47593193948409662,0.25645063299068593
9271,0.1251197816672153,0.4136571332231746,0.4995270109603745,0.28428581236189376
9272,0.53875889434019342,0.28115195066599408,0.49823942415653943,0.2763228631725827
9273,0.38556576265034964,0.02273830101460917,0.46824414365289951,0.25464815717378947
9274,0.14239372060467723,0.12366262166615342,0.47247313913612776,0.26185948401947284
9275,0.64701596586493548,0.25287125316892056,0.49738306317537917,0.27435814744415149
9276,0.18611249042215061,0.72390053994638148,0.52673565463658045,0.30594362267829878
9277,0.385246364101267,0.014786877332732548,0.46733833915511563,0.25394934313093143
9278,0.92477070130951478,0.069149468545976561,0.48202073491586073,0.25977460743184727
9279,0.47194550621398962,0.99690469748607136,0.55349266201677572,0.32363367638892954
9280,0.8080685884900275,0.39593387667177016,0.51313875102922857,0.28528895975200025
9281,0.41759160413391661,0.49796907040724764,0.51521928894920288,0.29187210444078965
9282,0.82825163717326944,0.14629382039423799,0.48918516882081853,0.26611047112204012
9283,0.41468192154035205,0.61023201539340666,0.52433561164310549,0.29953283319338059
9284,0.246777489092981,0.70627948173395128,0.52734351569580906,0.30516007271916251
9285,0.3400370957333711,0.77892249296769733,0.53533318819983988,0.31018970188437078
9286,0.17647961011208829,0.70824560418232585,0.52523747130296405,0.30487260482316847
9287,0.85360786374671149,0.59842622435755333,0.53089087865177498,0.29935507886670704
9288,0.41158937566551612,0.40800889635506321,0.50730472137266935,0.28543848090584539
9289,0.61746026925774067,0.99678817096488781,0.55625508787438216,0.32380183703291449
9290,0.61165413713789318,0.4039997248649248,0.51089923441746132,0.28564165256464935
9291,0.045721579472103625,0.77250610528608088,0.52494618274052762,0.30790477288460399
9292,0.87662394140019317,0.4620959565454279,0.51983958433417232,0.2900511695759786
9293,0.78594856380805145,0.0067696899004629817,0.47328557361536405,0.25424027691982165
9294,0.98585653861620226,0.49241506009799196,0.52369345385593402,0.29218979892384683
9295,0.94112862552342713,0.32629875363154576,0.50838313683828196,0.28024013012938487
9296,0.24493965366365156,0.50752305872129511,0.51151860185543785,0.29180212877174938
9297,0.025260831448913085,0.56527764084764065,0.50821431987476762,0.29404619167321461
9298,0.85891154733834552,0.95366425810555233,0.55693280317560889,0.32135314250008462
9299,0.69267706247334138,0.75216746434272508,0.54045871855396932,0.30919368526682284
9300,0.84684486027535744,0.19768634965630483,0.49472309503181033,0.27026998905882249
9301,0.32697715031775881,0.19247853353790706,0.48491820274450687,0.26862608921987269
9302,0.54914497237129833,0.55369128076493512,0.52256935136394278,0.29604766758804091
9303,0.40006716148314303,0.93908057728110583,0.54803894477422321,0.32010691276429132
9304,0.911409517252876,0.97561879508198479,0.55902758775240824,0.322597461098376
9305,0.12277570366758156,0.52542823523901172,0.50893660199169888,0.29222305203796123
9306,0.84000571550837488,0.27641226444536593,0.50242902595043981,0.27640869672263785
9307,0.95122528582779931,0.72538886689945359,0.54188250300542651,0.30756185052261925
9308,0.69700502094678818,0.40950974180424821,0.51276992819753098,0.28616434464509899
9309,0.98412641449893135,0.70135598193538606,0.54043512271261707,0.30603563320236682
9310,0.39579946157467788,0.010357762671227101,0.46706943752558255,0.25360208465877487
9311,0.66332847155152119,0.1970266792585724,0.49208796347757755,0.26998769046821897
9312,0.00066323594687273731,0.25185293890734906,0.47970453512000349,0.27081784275791254
9313,0.19030149661522591,0.0029044680083985443,0.46091749792759656,0.25185395985851261
9314,0.44965322268769381,0.67885179112715421,0.53046852946132816,0.30414715091997135
9315,0.38631772630998168,0.99345443707286618,0.55133130101558636,0.32324525406179044
9316,0.0663823389429017,0.13407829963098047,0.47079831731779259,0.26205242764574826
9317,0.1267284843396512,0.93242300921574939,0.53942397325176306,0.31842940879431531
9318,0.39227292189194124,0.90875830876732955,0.54579451940438994,0.31828873741432018
9319,0.12774842816720483,0.49009717058920071,0.50617953489304723,0.28978839292914155
9320,0.002506635117426049,0.49400837469658587,0.50134790730655832,0.28882957963125083
9321,0.095992685222590815,0.63745282788797053,0.51688078335490251,0.29961643660528314
9322,0.78996009002275536,0.59878768466148757,0.53008388106042315,0.29935469036875156
9323,0.69910395526975633,0.11915723656251795,0.48454309729116385,0.26371046974487933
9324,0.080794922968267943,0.042495732146839146,0.46164867301721807,0.25443700121601792
9325,0.58117281748052929,0.67386836425639929,0.53269470158915333,0.30408501531774562
9326,0.53416353007556172,0.19819847120827763,0.48999722111741351,0.26981099214168175
9327,0.92206623525187614,0.045066482966055629,0.4793005848096854,0.25771520687750976
9328,0.39872736125424274,0.93386229274052901,0.5476549679104743,0.31979552410621948
9329,0.41361903324889721,0.55596700713242175,0.51994192277837259,0.29586643524987405
9330,0.69158638594475341,0.89061483669107555,0.55032162243035587,0.317643961894717
9331,0.20189291846564739,0.0086434033218189144,0.46191260185019611,0.25243980163743407
9332,0.16006076831620886,0.3201447809612728,0.49234063206326845,0.27760512658308462
9333,0.5283467148613068,0.24773499120228226,0.49480857462102523,0.27370939727960875
9334,0.87153331020321934,0.81294016411799241,0.54735336820884539,0.31299560030625356
9335,0.96391238125179668,0.95963930385293206,0.55856248912992124,0.3216518886419869
9336,0.15128158981160961,0.014529810848634224,0.46100118140737723,0.25259502313292298
9337,0.86278006484064973,0.45472330079333628,0.51903026190626267,0.28952602634429364
9338,0.31718729498082543,0.8834064382897574,0.54214382900564806,0.31652467407666562
9339,0.30347828111263225,0.48222521522579481,0.5110552950477194,0.29032353021436952
9340,0.87258425437492559,0.54404212678548647,0.52670795373707002,0.29571018717188308
9341,0.71744608945430954,0.45911499618767992,0.51742928963845336,0.28973038335983309
9342,0.072618039049289651,0.73497438161637396,0.52333517830567078,0.30577496737478499
9343,0.86983460819503522,0.91853915629395055,0.55470011484280135,0.31930511804506739
9344,0.22449248156807153,0.75106101246929025,0.52999480766001206,0.30790678993359677
9345,0.32208607311384985,0.068577410061995039,0.47182501313361563,0.2583320634389687
9346,0.20732248618892629,0.70513247027719628,0.52602594239627509,0.30486537523937246
9347,0.77259197615062591,0.38315031921371123,0.51150593776045306,0.28433010323672164
9348,0.52517258846332548,0.59263706622427559,0.5252675204146553,0.29863237168654944
9349,0.062558655469084623,0.32457518376087535,0.48913881375406393,0.27709810171959592
9350,0.26279641609404936,0.29936966208704979,0.49359322727306615,0.27668277896011023
9351,0.95751277203973151,0.86665909279464981,0.55215561528241131,0.31620906749053468
9352,0.60043570190753093,0.1699462634671596,0.48829768956888292,0.26769132901942649
9353,0.88319177634351664,0.0015129424917395228,0.47387597593774738,0.25388996161489863
9354,0.31700699567022966,0.86546215936964155,0.54089192752794568,0.31543858060394214
9355,0.41951838024054888,0.47651783179197232,0.51344349498445052,0.2903713980586573
9356,0.36087549758559329,0.23585990854684497,0.4900645759934586,0.27222685363588228
9357,0.79801313722055645,0.97131622275508711,0.55731842401509601,0.32238439608553277
9358,0.41228051081035522,0.27282953618754402,0.49484853315400884,0.27530914842244075
9359,0.21162033340643394,0.35740653685090362,0.49743048817679147,0.28076434920754473
9360,0.58962149373173012,0.97350170632126976,0.55423273273623763,0.32243769498782876
9361,0.095075713492033545,0.2045553661950282,0.47898626288889218,0.2680600667068555
9362,0.32056000194136286,0.11515513823513175,0.47678420614352385,0.26226049686490538
9363,0.57758420334098626,0.36625682872860926,0.50690160182084176,0.28281686560328639
9364,0.9670628244094901,0.83966172068292511,0.5503670148586064,0.31458833753946874
9365,0.8693398269239464,0.14028251784140011,0.48906146474349871,0.2656574774575981
9366,0.8995955204152154,0.61853137044300099,0.53305684006448084,0.30069171883089163
9367,0.48288383860961764,0.46568656956729249,0.51388270301663841,0.28978858175109629
9368,0.22945854948760244,0.94319831594560533,0.54367471061004458,0.31970794471164465
9369,0.93234777396208379,0.1841029881445109,0.4943524236254711,0.26924963945480046
9370,0.054969008965569083,0.53468878727470304,0.50702080449183062,0.29225079093323286
9371,0.68245704588295197,0.71249302777465207,0.53733929864002217,0.30668028309749479
9372,0.96900266776267685,0.64266489371700453,0.5357522782431503,0.30226836223434028
9373,0.95737525896752484,0.12857415910478451,0.48883168652399211,0.26476177769429748
9374,0.53903644595762024,0.42594868611925052,0.51153620372978903,0.2870864192245372
9375,0.0046729675981099722,0.6305218363688212,0.51243000569903041,0.29822650151658681
9376,0.087655806534050501,0.89010650839857985,0.53501708640654932,0.3155748504537339
9377,0.97696158152994472,0.81866083489448072,0.54898424524671618,0.31331553961391373
9378,0.20175783936065855,0.99218163994407527,0.54604427544595491,0.32243458518409146
9379,0.11045721702858573,0.40878323757400503,0.49855795470408137,0.28380721969071143
9380,0.37484178863685813,0.40705125595844588,0.5063594363645979,0.28523690016577363
9381,0.48420183440366527,0.65402476925899977,0.52928820650480668,0.3026120437376712
9382,0.34021545033712175,0.093849120659835181,0.47500290297251474,0.26056400755025699
9383,0.38217149552643537,0.83133521700458368,0.54015720496614861,0.3135784600931395
9384,0.85666626834577186,0.33768547200189203,0.50844320593025205,0.28104503836478056
9385,0.34071885554838227,0.057404702878568789,0.47105934324235821,0.25746166460035019
9386,0.026459900042403024,0.63199003406789855,0.51354053973582559,0.29857144102450772
9387,0.93294088792201368,0.47912794542593184,0.52197174258624135,0.29126028858547537
9388,0.28560233628567078,0.16571262971075484,0.48112678050877378,0.26625447049149503
9389,0.44135409965241562,0.66927576821913248,0.52955102559238687,0.30350281366208409
9390,0.69114831011801725,0.32869921921388012,0.50531730279222953,0.28021209731406377
9391,0.94846678461931877,0.24485857529964997,0.50063988654123193,0.27404483512359529
9392,0.84308143161971827,0.1059704314093222,0.48508124750141612,0.2627988806805624
9393,0.27990620181955167,0.7359867745286901,0.5305390651420373,0.30722878918961116
9394,0.37465420527303361,0.028891127772408074,0.46868961164085654,0.25514074734331227
9395,0.16029963636127068,0.20967898789482425,0.48179253611466533,0.26900867099705261
9396,0.83014851066725104,0.24410619727504673,0.4991533533480873,0.273907083351976
9397,0.8731170610422152,0.92630060502785494,0.5552672306783154,0.31975824615107606
9398,0.063669989935692867,0.091865027942380412,0.46629786440201559,0.25849562856552427
9399,0.83007523255118876,0.49738981611343336,0.52227142597789444,0.29249375313649884
9400,0.4599790140010766,0.53691975757899935,0.51940319859465223,0.29469663705228349
9401,0.087247536339296494,0.76910910464384363,0.52643699716526171,0.30808163381084241
9402,0.73062934605811025,0.88583536816878483,0.55058154717945618,0.31737450829657038
9403,0.14432860833766173,0.079204155123943937,0.46784623374219947,0.2581341634125276
9404,0.57769288130236085,0.58104708195963184,0.52532008951999043,0.2979503657353007
9405,0.61301737935763079,0.60952832552060721,0.52822547872579451,0.29990839338876402
9406,0.07622057165150764,0.49567163701873507,0.50466917239028286,0.28973105245715858
9407,0.37374552844549763,0.94386033742557052,0.54772616949124819,0.32031569833663848
9408,0.66584127100253254,0.23941511570598231,0.49636194211183737,0.27334059130575228
9409,0.68335693133427999,0.096095789467648143,0.48183020154042006,0.26175968759137913
9410,0.26055699823164613,0.64304298019254347,0.52291048106287952,0.3010992868774191
9411,0.73003147588354766,0.93566102871833146,0.55397549926785272,0.32031276810727827
9412,0.38563168337050596,0.74883495432265335,0.53426625466561106,0.30845003395378429
9413,0.039361154450068721,0.34400068644563436,0.48995046414722621,0.27832482667956754
9414,0.60672140007136621,0.22616940469477559,0.49408710351625607,0.27219445220122457
9415,0.77274669300654208,0.59488768680557835,0.52953372922987785,0.29908592975035214
9416,0.23038743649175158,0.33383374571002788,0.49585129191178651,0.27911304025134909
9417,0.00024191939126467333,0.27781835976022995,0.48213946259650636,0.27283392872385831
9418,0.1750993317346205,0.94586078578116151,0.54206933570724303,0.31955756915618733
9419,0.48184446775758411,0.027861226715624798,0.47083318927427276,0.25544150331969678
9420,0.51667219757015126,0.13542095166622894,0.48320643620394976,0.26466712711315771
9421,0.39014247637923111,0.37376944668939105,0.5037438063395232,0.2828541500281776
9422,0.1340368339765235,0.55040235404405979,0.51139558929739659,0.29404087869160062
9423,0.98230014172150992,0.81049243639226765,0.54845797911522309,0.31281724225025087
9424,0.5395513232400525,0.57357062125402736,0.52400746006194121,0.29737762909257981
9425,0.45558724199506689,0.41674145800106926,0.50904722141407932,0.28621029004635684
9426,0.044250791267643218,0.65593619743151366,0.51617486908114474,0.30035115179592414
9427,0.80011290076401786,0.32282649572069061,0.50632599840752501,0.2798925209241378
9428,0.86672559598513188,0.77059647165843059,0.54422932861428064,0.31039442590403604
9429,0.30495641313273225,0.047008307312137912,0.46902792628971152,0.25639282882076392
9430,0.54375676847362198,0.61982181847324824,0.5277894132703127,0.30048074240634487
9431,0.0074677829600754203,0.49325823918959361,0.50151398517515344,0.28883531001555696
9432,0.30719737087847898,0.11774953555053798,0.47671781834024868,0.26241150817049114
9433,0.15625879059442085,0.41596706500713487,0.50083438115936119,0.28469760418474532
9434,0.62631439940376443,0.4057662553990376,0.51130496510145018,0.28579406392208745
9435,0.8143774463009904,0.069578616436745511,0.48074693113000549,0.25970519054060731
9436,0.66355942445060945,0.90047725822970981,0.55055745457075833,0.31821471822926239
9437,0.993418687908596,0.78695681394581918,0.54688085124066699,0.31137483727016019
9438,0.55094461492121927,0.30024661677047843,0.50028511820009636,0.27781162679142496
9439,0.17783762252976887,0.90272655409054137,0.53923812746235,0.31700095907753589
9440,0.39939813946316721,0.97500290068561457,0.55042528936523949,0.32220899508200285
9441,0.72245990156471962,0.60834852147473728,0.52988448753564377,0.29994642788330245
9442,0.94892374815811642,0.036735398154275026,0.47865575287440026,0.25701848082181539
9443,0.73210924801720545,0.26758551598082997,0.50011424533631998,0.27562191501902689
9444,0.40769746262448608,0.77236919732278919,0.53651845189974701,0.30999757871959643
9445,0.63289129735372263,0.4006497972000041,0.51095823075054558,0.28543346626558996
9446,0.66780252583249244,0.15081214565919945,0.48740758584490324,0.26626395738983849
9447,0.98516980521598607,0.031508811115857682,0.47844792121697649,0.25659221964635132
9448,0.1825845693994663,0.5653812323305174,0.51430371128189489,0.29542027683426925
9449,0.38808261314645642,0.35766366169791436,0.50223284587501371,0.28165294132702196
9450,0.37599127090153051,0.57647562137123898,0.52071940954740448,0.29713577264239421
9451,0.88586177888369422,0.80823179618400753,0.54719111583695512,0.31270659884859942
9452,0.32101054309253813,0.43209283362413992,0.50720875243887531,0.28682836348563978
9453,0.52765419283063386,0.52700861254936315,0.51995801320058954,0.29417663678318307
9454,0.33032331219414485,0.40127619734773184,0.50473744192595893,0.28463386975637711
9455,0.96504483265642782,0.71928293804283028,0.54157877931036624,0.30717427542659831
9456,0.12103508273117478,0.19905287759777857,0.47938860996436788,0.26784580506006689
9457,0.19739808150002502,0.046891958380897998,0.46602991071607225,0.25575043862536179
9458,0.67777637275987079,0.82037718525718661,0.54517768058565008,0.31340317544667673
9459,0.74943320187724904,0.62657486478852809,0.53172327814439546,0.30116905437350178
9460,0.43694392371628199,0.012835806894709822,0.46822927612815574,0.25397505974466356
9461,0.68529174102834656,0.34474191543004706,0.50671715102167403,0.28140185791416761
9462,0.16072196471084607,0.14112677569886437,0.47489212186256774,0.26344798964358479
9463,0.23930248542913471,0.049482979014876763,0.46753975613744525,0.2562429845614051
9464,0.85212065053196862,0.91579225053201674,0.55429233279722845,0.31914830392608923
9465,0.44053125074425481,0.65978819093772911,0.52880068504960076,0.30288125177759168
9466,0.94332095249894776,0.53843788865768583,0.52708158622807555,0.29534285968537838
9467,0.86562206687574506,0.49203848136198947,0.5222688719032722,0.29213847743021926
9468,0.39041348302677509,0.56334321832003775,0.52000168840311378,0.29629371896650714
9469,0.66291550940590682,0.70698492553447145,0.53661260687883772,0.30631226748371715
9470,0.17997348141880939,0.77489800781727536,0.53028661898366136,0.30914791812364734
9471,0.79759677730920964,0.2262964202976902,0.49696521154490841,0.27248455461833526
9472,0.18461945472030203,0.58367433258109958,0.51584422698898058,0.2966794954314349
9473,0.63442496578636354,0.38680587407752176,0.50974151275552981,0.28442759823630454
9474,0.65473491580007837,0.28846963684322546,0.50094739640767816,0.27711400396123648
9475,0.24190433270038339,0.14778457371300321,0.47807328680281991,0.26454163297277067
9476,0.12781101468497655,0.96569148396401439,0.54169400328605299,0.32040810568554218
9477,0.31277880323004215,0.090574297741742346,0.47396979762491287,0.26015703218621855
9478,0.21939943158057287,0.17974880269231508,0.48067278803202967,0.26701080354739554
9479,0.69229540467100459,0.34638121491853385,0.50697631364160023,0.28153320246289582
9480,0.95866040854131573,0.96175533457213325,0.5586454603082468,0.32177668643847424
9481,0.15507472528720975,0.2615258149551577,0.48665692295292434,0.27305919365680298
9482,0.97003480194510205,0.52096437061651379,0.52592664968366898,0.29415357090394473
9483,0.83410312045301549,0.020021468290977645,0.4754208589712593,0.25546049055764125
9484,0.38619868053580869,0.055028630062018059,0.47185814169933188,0.25745346539060887
9485,0.58501022297128813,0.96744826893318681,0.55374822484487984,0.32208259955871216
9486,0.51342134787464755,0.15415182170021582,0.4850996744298614,0.26619603241251283
9487,0.6070926285246504,0.57707252505576478,0.5255193881963397,0.29772865480725347
9488,0.54619387595903823,0.4955778905724525,0.51767677916556487,0.29203532818733036
9489,0.044568888779066042,0.014937807443120983,0.45724319722345219,0.25167740559016039
9490,0.72795873337452066,0.68932745000169382,0.53627651438274959,0.30523227184142115
9491,0.72804435715215521,0.63607482979284835,0.53215849286272976,0.30177856893888455
9492,0.12011459383774782,0.92521663405724108,0.53868647663613067,0.31794964635808109
9493,0.68963928746703307,0.893911603304965,0.55051858020273581,0.31783899712756691
9494,0.59351858773272259,0.57737412789190423,0.52530608797863376,0.29772847099339322
9495,0.73949141585136535,0.54815184160837671,0.52526345690617893,0.29591903796968605
9496,0.26184292302607792,0.57960875422396929,0.51792855171510199,0.29685682311135747
9497,0.98690636743997462,0.16428599998384016,0.49290368939423529,0.26768753993974764
9498,0.48801159879806222,0.45039944493666995,0.51266839755450977,0.28871603111389538
9499,0.4522144966489054,0.72378762252154993,0.53392759516808219,0.30704420391930337
9500,0.23838404306854355,0.4020742939544027,0.50225219801637744,0.28422626518670552
9501,0.38148682354508201,0.72518013279802407,0.53240751114786089,0.30693341194992252
9502,0.36707168498752873,0.27792706706443571,0.49428687093541113,0.27553074641452496
9503,0.43293501592209793,0.28460445930982242,0.49643219562205732,0.27628767516205482
9504,0.099170894111541577,0.46143122748279713,0.50268228296421547,0.28751186345318053
9505,0.64019402926919278,0.10651281459339662,0.48228412126915476,0.26255369087171515
9506,0.53436870803827186,0.10941899893045194,0.48078190920089942,0.26255608189203988
9507,0.074865483283728829,0.52894892541180605,0.50737105079582978,0.2920466505363849
9508,0.79917542816033826,0.4855320687129745,0.52085575114303806,0.29165194303309977
9509,0.27132356604697416,0.30901362414582401,0.49473863319480754,0.27746545031820613
9510,0.37709291463847039,0.079018461400421805,0.47427478054568134,0.25946822889038196
9511,0.060532861521292947,0.018145972711395009,0.45821430719266115,0.25212012357514141
9512,0.87947258379795823,0.89808565779846394,0.55342082770418477,0.31809990666707427
9513,0.64329054770929506,0.0061524567338521602,0.47117716560179479,0.25394895457338068
9514,0.087574635178537572,0.21118385905682807,0.47935655056483351,0.26852107607786757
9515,0.9080719511114177,0.56246946001379983,0.52864899172732771,0.29696342438201623
9516,0.99037190116912832,0.04161883391410811,0.47964878515972392,0.25746803889254311
9517,0.078707535181951255,0.75425093586206204,0.52500513999752729,0.30706232671008066
9518,0.033377208744909147,0.15877089322052199,0.47199071473962262,0.26374331129209483
9519,0.08377366998413345,0.051752476895123259,0.46276529530270311,0.25526473276427925
9520,0.70658046445524092,0.91596467650326674,0.55228931741617748,0.3191504945528259
9521,0.23956626951607179,0.73886446936213179,0.52956032858361868,0.30721260050003191
9522,0.54126590957365694,0.81086349126925927,0.54212420584812859,0.31267417899057032
9523,0.77882388687919601,0.71851264455303321,0.53921443772514244,0.30711797542417596
9524,0.29733349077437304,0.28040563035045057,0.49275226028407548,0.27540701723997407
9525,0.7833558414537809,0.27764105992120458,0.5018044223610606,0.27645210120519353
9526,0.40323306031563549,0.74663189569005051,0.53452176694681119,0.30836389856541424
9527,0.52848515886355896,0.6728573594551418,0.53163112518239519,0.30393148031345268
9528,0.087039226577163217,0.29780547049072337,0.48762739611878841,0.27529240761819734
9529,0.63236726761424222,0.7697390569466982,0.54077726421642147,0.31024134741408738
9530,0.31134552567485957,0.99446683685212633,0.54947503191941649,0.32306772032316655
9531,0.20998286484995626,0.74151877263764621,0.52882898272402368,0.30721688139748127
9532,0.73085835410669675,0.15363550210957183,0.48864092730915781,0.266592726344547
9533,0.6091121945547987,0.81773480940457677,0.54385162695391776,0.31318326603617874
9534,0.015911758152663241,0.093987759897334031,0.46459510696688983,0.25816957658450035
9535,0.24299544063491049,0.56640213271562245,0.51630340962696286,0.29585767884992925
9536,0.31660651547786545,0.2326420815025107,0.48864319494595931,0.27177526280774816
9537,0.87328366747844277,0.87238881669800039,0.55156952630698242,0.31657757062091224
9538,0.55785055187820698,0.38817278318899917,0.50852764998859445,0.28438675959968318
9539,0.88349886595244753,0.80486268304531705,0.54692041030192773,0.31250119377512181
9540,0.68940796526010384,0.72226632469274343,0.53818271713659505,0.30730662070304265
9541,0.95595993016877923,0.76373431269217984,0.54477753587460431,0.30995519332483634
9542,0.97296040733974665,0.61794522759354442,0.5338502510599723,0.30065274435547884
9543,0.19276271676399048,0.37142896654548824,0.49809939137048359,0.28168409474207623
9544,0.57449404968776507,0.15098096072823974,0.4858871298443479,0.26609084053318249
9545,0.098452597524144231,0.62462861585723006,0.51597710484415849,0.2987825283259487
9546,0.57530283832364948,0.54546011732598998,0.52237597995919938,0.29553384458042614
9547,0.59808570696593966,0.20599746700929247,0.49192461005624899,0.27058001838420065
9548,0.79535905356515435,0.67702547265401813,0.53629031361167778,0.30447448822607648
9549,0.70265863517428517,0.60344808482694212,0.52919523506656385,0.29960463865124815
9550,0.2240723709012731,0.80228723259879042,0.53370933487967809,0.31112581734139477
9551,0.88801359460403906,0.91888911600088474,0.55494564604396379,0.31932024825619759
9552,0.64055831306095945,0.055425674428220377,0.47670770092520853,0.25822813115134874
9553,0.83094446275999079,0.12134192333499669,0.48657860561524741,0.26406274704679977
9554,0.27989883370375029,0.24747288581227186,0.48911259392188838,0.27275669264056379
9555,0.0040211663518450224,0.34212417488902575,0.48823377750476943,0.27778518926881235
9556,0.79311077051948531,0.91903885253967021,0.55374126090361397,0.3193455156954268
9557,0.55251907134406497,0.85668201330086446,0.54558667194118671,0.31548499301822153
9558,0.27099218720429347,0.4695739361543092,0.50907469368439207,0.28926859633333091
9559,0.31635591695936166,0.82387009274287859,0.53794256436554322,0.31289259478984499
9560,0.32822186064171838,0.83156851228402229,0.53880661174568789,0.3134114520752484
9561,0.82263295000594805,0.80537360211216147,0.54618857202751414,0.31253495213980464
9562,0.23889271834419343,0.53709716554292242,0.51378818647516666,0.29382314637969947
9563,0.12661493820267497,0.85147267528894599,0.53385088677993553,0.31353497440367722
9564,0.060179224309360145,0.76344084786638855,0.52490700201858154,0.30747305800825309
9565,0.35378142099367688,0.41139545232626845,0.50622845892171042,0.28547007772795152
9566,0.72091907953486078,0.80282817944906426,0.54458239121253516,0.31235275496028891
9567,0.93857816632156021,0.60809526750481457,0.53268314678401418,0.30000611292818669
9568,0.16663820878783009,0.43000261955492897,0.50241456357888947,0.28579198974688941
9569,0.63681969855538345,0.74957710505576114,0.53936847123974141,0.30898409855957454
9570,0.85038172575960636,0.95477992551670188,0.55690030061509954,0.32142004145092135
9571,0.58158776081580432,0.58448017627844817,0.52566719819499574,0.29818759424734714
9572,0.38906894539593484,0.95783688814706414,0.54903617349545641,0.32117962527032462
9573,0.35608541076547701,0.821392871098232,0.53880366435602667,0.31288405627964333
9574,0.44314088679120178,0.43288743861269907,0.51019811857922825,0.28733770071075676
9575,0.30949663158239565,0.34021605800163235,0.49867381422978063,0.28001787551729934
9576,0.72989229555897184,0.84439208800111665,0.54767723437789961,0.31488871184325901
9577,0.085559032663621484,0.4510466476230533,0.50126577645926806,0.28664541463974241
9578,0.50804561018595706,0.87483188902520348,0.54599050423602136,0.31651157292031495
9579,0.89720475929173404,0.22520135866807542,0.49810293101812742,0.27248187900829934
9580,0.62191502722849834,0.96674488361811961,0.55434625723138653,0.32207262446995877
9581,0.14287156957400729,0.37867147526094924,0.49706790483689151,0.28185912712447392
9582,0.34149469570721269,0.67113834517615611,0.5273113999826966,0.3033039014089976
9583,0.82509411143403277,0.15247719464077381,0.48979260311261519,0.26661142105359253
9584,0.80972589246871651,0.81111581684489509,0.5464302285060032,0.31288498637733164
9585,0.84979544388918438,0.4084443809472374,0.51479788955707517,0.28622022934479335
9586,0.24788069181527245,0.25426317557963779,0.48886720038266507,0.27311053323673645
9587,0.074759179334004874,0.93605627467251618,0.53761689558192405,0.31822237632141226
9588,0.80273221696965635,0.1205575940307579,0.48613319037460068,0.26396735033359131
9589,0.59631726360133619,0.39500502978655277,0.50983020931813505,0.28496076225759914
9590,0.1061210540156695,0.70529648221678798,0.52246068147936875,0.3041573100269328
9591,0.47206112983388598,0.9678649288507063,0.55157603534321964,0.32195220082050474
9592,0.1944418777645682,0.32837502062051793,0.49423271412811126,0.27847196799331175
9593,0.72146676822366429,0.57897762242032924,0.52751272804509153,0.29798625832447945
9594,0.90870628012166133,0.19887327345168451,0.49558829040575253,0.27041174268679224
9595,0.9788580609537777,0.31649713170697213,0.50787896658635945,0.27952024430177286
9596,0.67216668062350948,0.72418029905658921,0.53805473059344555,0.30741414050474936
9597,0.14127972777370598,0.39366767669374819,0.49834638198121928,0.28295237563437953
9598,0.71443447285437722,0.72698835275828599,0.5389195465750003,0.30762295167512493
9599,0.23318043778786671,0.17518737614018609,0.48062004188766583,0.26672697750580038
9600,0.9036862821744639,0.050119756018172486,0.47966027277429713,0.25813365410980033
9601,0.45349319257942261,0.39822866232675735,0.50735904843178925,0.28485904814818613
9602,0.18589082932650344,0.97931882881113563,0.54466716151692618,0.32159256641408729
9603,0.62582331391199264,0.80110332346499202,0.54294474603403198,0.31217859832600275
9604,0.27522216173134512,0.97676678847091969,0.54729265749063316,0.32189524565763872
9605,0.68590099728779175,0.99395274222657315,0.55718731287586776,0.32367395306725344
9606,0.80565506529411079,0.32901564430686414,0.50697902109881043,0.28036065545491484
9607,0.89193290361593247,0.78286424195397419,0.54543221206730064,0.31115025510378919
9608,0.74745006947078518,0.41695848114708206,0.51417778915805534,0.28675581806481781
9609,0.23090652340353701,0.72725387170988842,0.52843033512937443,0.30642389108038254
9610,0.69995552734247179,0.33689308211655594,0.50621431492064073,0.28083661364302631
9611,0.85402153592520635,0.39969350404505383,0.51406915173985868,0.28559103592503882
9612,0.26621221223903119,0.60766330564060489,0.52029639552775153,0.29877153193291528
9613,0.93691875534813163,0.044838621747551953,0.47944008725474135,0.25770743759169779
9614,0.56295202273839395,0.81677353384938334,0.5429553066906434,0.31306868742166682
9615,0.094945187522389465,0.75585628381356362,0.52577595244907749,0.30730788688188865
9616,0.43942339629692723,0.8078231338335784,0.53980799935481749,0.31228688025315976
9617,0.49140347791066163,0.98984795387968194,0.55343417359737879,0.32325982503061179
9618,0.74156078705630502,0.60062686428824674,0.52954930020456825,0.29944787705055287
9619,0.85112335920884519,0.83320566312613664,0.54854225166248316,0.31422809265986962
9620,0.75278007385045065,0.30611772262564629,0.50410141548156506,0.27858765968490717
9621,0.42028417318019784,0.1889195162706892,0.48675615794883853,0.26872196852010288
9622,0.33750969340360026,0.63968059381620268,0.52477207332229048,0.30122200791132192
9623,0.35700876706250712,0.79992968233950679,0.53728863532585158,0.31155954171504435
9624,0.43322201632797952,0.72873311540900032,0.53387832200738472,0.30731100996062138
9625,0.48124151962868639,0.83013519854132323,0.5423015051185891,0.31375107126667001
9626,0.29826624163003873,0.55689895538567802,0.51712199553161331,0.29548769055917801
9627,0.32067267436386321,0.83242535364498615,0.53866643130524838,0.31343561271778075
9628,0.72354081690447636,0.077251344311970754,0.48036563811729227,0.26023508564119563
9629,0.88495649190027037,0.038170619693270423,0.47809735862304326,0.25708847117400135
9630,0.14074094532682796,0.13630655347990106,0.47372730406082891,0.2628953040216343
9631,0.72282004750127671,0.64675796694903409,0.53291664829038787,0.30247369880578212
9632,0.8608386234899168,0.23524959563644371,0.49866361537031001,0.27324201434534384
9633,0.10687294562690659,0.1547442827812047,0.47442898660170746,0.26413057600698941
9634,0.57297152648927885,0.26186998198289657,0.49700473381690502,0.27491325777407982
9635,0.95693874210048246,0.41394042265104369,0.5165575908620833,0.28665721683807477
9636,0.37492518376555528,0.016197541195189114,0.46726557309255279,0.25403053923462665
9637,0.011378457692696247,0.8690684404799599,0.53024636539171088,0.31354419148742796
9638,0.49603985076731771,0.33192989627983188,0.5022031500320896,0.28007164829636078
9639,0.7539374943294912,0.66790953293909561,0.53501152524736617,0.30386763918763721
9640,0.17690653949648841,0.69726649108942373,0.524424251662574,0.30416450837035763
9641,0.1454676142070559,0.84039930823029718,0.53376744368232476,0.31299309019540511
9642,0.75843944652437933,0.093493031648721081,0.48262709751707472,0.26165568626373331
9643,0.43149559776551322,0.57542242870813931,0.52192756892895475,0.29724288148730021
9644,0.16138808895287804,0.17725401683336822,0.47859459181920871,0.26640790860798702
9645,0.34097817476991332,0.15533836137830512,0.48148545332099824,0.26567779171874834
9646,0.59520162166388479,0.57101290737412647,0.52482027170103029,0.29730199496899523
9647,0.98497719960465335,0.46420632230764025,0.52126830177887351,0.29022494139049088
9648,0.73078242331567456,0.20587046302113449,0.49399482132545713,0.27079354682076173
9649,0.042201374633528757,0.33537307211366718,0.48928662719960603,0.27770540284686052
9650,0.56604469194997808,0.87817910907828489,0.54733815121767504,0.31679694621522891
9651,0.10435840541281505,0.92346422814436957,0.53795932614866815,0.31772140589265613
9652,0.93730459365575813,0.72797868563750523,0.5419185410952424,0.30772736076417706
9653,0.06618174525784562,0.58816058733329413,0.51180261594501797,0.29603003209410272
9654,0.19129438302732304,0.11744656620955794,0.47340840061658573,0.26170302482643348
9655,0.42039337811862348,0.67459245440430238,0.52948950451495647,0.30379115327624406
9656,0.53547276587371018,0.86207572639543806,0.54564004832956181,0.31578648963633982
9657,0.43222879145630871,0.050323311023938007,0.47233967520704961,0.25722344648832279
9658,0.93758503958579398,0.4001500667303684,0.51510900106375856,0.28565994800260763
9659,0.036791520708601456,0.99949179753999928,0.54019215337985405,0.32160418988293621
9660,0.69925317740115578,0.98281875513073758,0.55666060663260997,0.32303888313816209
9661,0.26505143620638411,0.85487426703238156,0.53868873838850806,0.31457490307849428
9662,0.29693556357930651,0.94432500087494264,0.54574414435990803,0.32008005257765376
9663,0.47635876241974767,0.20510565124031854,0.48956857279619415,0.27020244268360205
9664,0.91706882822833724,0.26609111337031938,0.50236213943271268,0.27566822894744086
9665,0.13091719740865521,0.2605321418922511,0.48572539393325209,0.2727914553685557
9666,0.1647894858213258,0.38120638430282711,0.49805129339098492,0.28221189358642906
9667,0.80532821353800832,0.89166476936818806,0.55203216537318978,0.31773084892536241
9668,0.78564395669043308,0.5390916402204079,0.52516810736922825,0.29533482779945747
9669,0.24335102098420031,0.2531985980963451,0.48863276902097602,0.2730008612533425
9670,0.073374202044971762,0.27032955186510227,0.4845129605045439,0.27304257449467978
9671,0.39203051970278613,0.43733408820211189,0.50943041212599927,0.2874894277555492
9672,0.36328880272636888,0.087596278635377528,0.47488200149674403,0.26013771860264234
9673,0.011069462749140804,0.58490696306730383,0.50914108264508529,0.29522611992331294
9674,0.25992501453439476,0.75328633385401922,0.53123807399403378,0.30823335516755412
9675,0.22147226286850638,0.32586902012614305,0.49484619273255398,0.27845708564968275
9676,0.2144377240906819,0.86438265802861425,0.53780010675578627,0.3148967742427915
9677,0.65310887497001091,0.63130310487140673,0.53061955127917726,0.3013978338299465
9678,0.42886961955007863,0.9725176136868191,0.5509413856724733,0.32213510413100205
9679,0.036045113300008237,0.81156928768438519,0.52733032419675663,0.3102595760474115
9680,0.032353213044570291,0.78803060700221683,0.52547910978431034,0.30874630861272961
9681,0.25633263266206491,0.049560505361843393,0.46802299572496409,0.25635035247740057
9682,0.23502052675237647,0.29582204905141846,0.49245170850731756,0.27625140047555674
9683,0.87974218668950488,0.38704320482906185,0.51324943660574185,0.28468752350684445
9684,0.23348200097345981,0.29844190208382204,0.49265229932622795,0.27644291532125365
9685,0.13364527145469329,0.32649860730400543,0.49200998790612099,0.27788197310324519
9686,0.88404957459719158,0.36605908979378876,0.51139541684709089,0.28315714162369005
9687,0.59901337703358148,0.32276141780043255,0.50326290329259049,0.27961643299121891
9688,0.59076989606580466,0.72736691920046004,0.53692269970299922,0.30752863603960595
9689,0.25987096266703452,0.16517272002553801,0.48036613415462676,0.26606972112157951
9690,0.70745583441402993,0.46182455025321112,0.5175133834889335,0.28991111093672262
9691,0.95238106254365995,0.37281883558809059,0.5128067108426283,0.28367974455713979
9692,0.92799111183871286,0.084305292133206963,0.48372668496148058,0.26105822544356588
9693,0.78657822657780496,0.26769208104900316,0.50088601296022917,0.27569133223004449
9694,0.34994014007617957,0.77528292065012505,0.5353227362478804,0.30999716630659258
9695,0.69380270035491565,0.34889467782584255,0.50723129339721307,0.28172189856604329
9696,0.53093287254016619,0.51038204984896585,0.51863319924308215,0.2930339705396825
9697,0.61399635792075424,0.13554179167320254,0.48494442515000541,0.26490975802799088
9698,0.17074684307376156,0.52381319938517412,0.51050605324547071,0.29247356564599963
9699,0.48473001802623039,0.19328656877587783,0.48854684499451201,0.26928224847156451
9700,0.6934730626715464,0.048074531213182496,0.47669597693179971,0.25769403265068042
9701,0.1511173395110178,0.50765135539759654,0.50848631098098129,0.29120373347567902
9702,0.51564064853222813,0.15599171983188717,0.48533271073099415,0.26635240975259661
9703,0.90168261031707519,0.035597544791444669,0.47799959127725594,0.25688149544093281
9704,0.56613832303738454,0.41897501151225297,0.51142484417044987,0.28664066980314046
9705,0.74175858819036511,0.7636143395941356,0.54203827188056319,0.30993668986150114
9706,0.19584929916929689,0.26389979521363277,0.48821933373593879,0.27353623573383223
9707,0.27215388768619159,0.1487835767138633,0.47902439916490891,0.2647970416734074
9708,0.71910333192328701,0.49613130556592955,0.52062139782960937,0.29232574342166096
9709,0.57840663849463458,0.12898741414229153,0.48364888060749872,0.26429130141431689
9710,0.33284512215697909,0.29385762023754652,0.49495593298053325,0.27660959937456658
9711,0.15146754014823818,0.90736999301075705,0.53863129008474897,0.31710723256432949
9712,0.74839776083204201,0.49952964234413816,0.52133756092013339,0.29258806188176606
9713,0.51923016130459732,0.60687316971592375,0.5262886832995769,0.29957216902901257
9714,0.33355110183224318,0.92761886129578353,0.5456072748504216,0.31922770363880826
9715,0.43376779239721364,0.70744150473420742,0.53229190113850355,0.30595111392270985
9716,0.64683152325426929,0.38159133614030433,0.50947480648719867,0.28406559214921023
9717,0.63106131884044736,0.43092289005239726,0.51360941624944112,0.28761405862759776
9718,0.92808045197963951,0.47628721631596566,0.52167253468652841,0.29106111784152966
9719,0.71651965497542403,0.12299987555657282,0.48520769366152378,0.26405598066421521
9720,0.79128180603749354,0.12866083740311443,0.48684516475991124,0.26462350800173506
9721,0.30682505999860588,0.80852766940122234,0.53658723612227921,0.31190631658466994
9722,0.14967364338472253,0.73273693331117973,0.52613122857040939,0.30626329683893783
9723,0.95041499617242953,0.32062119647882648,0.50795461576340184,0.27981932649948216
9724,0.029274747962492985,0.82080993556125326,0.52768423134123055,0.31076402643223322
9725,0.675835550058412,0.77085111066492973,0.54156814400711173,0.31034836024858753
9726,0.57175280539182716,0.094768806137575309,0.47987718429177167,0.26142140889569682
9727,0.11438714590951568,0.87357482772198281,0.53492793713031406,0.31479104404740466
9728,0.66468322916593181,0.84284388922512299,0.54656366332103612,0.3147609585166577
9729,0.28984483946544348,0.071981959023547828,0.47137182094980734,0.25846049482642136
9730,0.90754881364224715,0.39927505231954857,0.51468276329110696,0.2855863102329308
9731,0.8559027649997617,0.25566012283976891,0.50061195892986421,0.27482415324674991
9732,0.36049412840326556,0.83350778438333661,0.53977607256772697,0.31364338035524941
9733,0.974381203518773,0.80743706253607528,0.54815278290750591,0.31263435014552943
9734,0.16338707122259077,0.33809597969040045,0.49410504411245765,0.27898670264298842
9735,0.94851074583797013,0.99561615824810001,0.56076856089109794,0.32371936086578446
9736,0.53846914726031248,0.35755429216910856,0.50538891576764333,0.28208926470896362
9737,0.7493333430343192,0.74373941393372367,0.54068111519500917,0.30869705023641419
9738,0.75285911933827454,0.10784843656335726,0.484101759412146,0.26284941800758443
9739,0.1260924816455343,0.33311143359780543,0.49234693210961228,0.27832029755850068
9740,0.91919896987449612,0.90208011846774028,0.55416780551598854,0.31832242938457511
9741,0.36247641427229393,0.97482258726389848,0.54951443721367321,0.32209599461897526
9742,0.66488147838356682,0.61906078040198187,0.52984442234191853,0.30060307490420485
9743,0.2358972240605508,0.91389562561650528,0.54189061609757816,0.31799797919893902
9744,0.087445131418446551,0.47127435406489532,0.50306281199118041,0.28810816690037261
9745,0.45573129665065792,0.455725365699234,0.51245493382056073,0.28900770228825601
9746,0.90007105480375471,0.05786582767242799,0.48048545740698795,0.25879349841690441
9747,0.9591823774905992,0.64026748552148927,0.53545593846693351,0.30211352472051894
9748,0.53043251860841412,0.31094472660027678,0.50091145156670958,0.27857603347502313
9749,0.25320805357523501,0.44253791721101154,0.50623520205114803,0.28724288403634746
9750,0.68086492091288098,0.33016999984773576,0.50529594449805382,0.28030801160805408
9751,0.024605294611665888,0.68437199589408704,0.51747527687211281,0.30201270977692479
9752,0.59233272205205867,0.20322785364562879,0.49154713187362475,0.27034746075519378
9753,0.3101813636064879,0.49524555310279833,0.51233706276763002,0.29127054192984203
9754,0.065757963132939773,0.051287012255482843,0.46204040478410613,0.25505285263782329
9755,0.32812769179631723,0.24578071202571738,0.49022255898930117,0.27286224141106546
9756,0.12215878715083237,0.24495951585056028,0.48391808872265568,0.27150015775830305
9757,0.55014443625997522,0.066928818811743993,0.47646003043998059,0.25900789723510365
9758,0.12001058226592141,0.4077793170714169,0.49882432563168932,0.28381466866627902
9759,0.43318404880958844,0.67219627269544868,0.52959417776720252,0.3036710084975629
9760,0.47304939256316286,0.20808007578876569,0.4897994397222255,0.27042946192151873
9761,0.40502847594328928,0.61376640249196213,0.52439273671140851,0.2997388824314734
9762,0.72039553425646163,0.57402389037507828,0.52709552246316604,0.29765253270209735
9763,0.048998491418745835,0.25598131514386041,0.48217114033181929,0.27168048309920073
9764,0.75410432756630474,0.23704760613428663,0.49743821627041207,0.27327882658617603
9765,0.44184113863293317,0.67537454645066752,0.53003053774199116,0.30390101006031922
9766,0.62994467334664661,0.59783421533553627,0.52758068578972839,0.29915215910766069
9767,0.66719794913529185,0.14176255701774501,0.48645114394295552,0.2655221140618112
9768,0.98961444582255798,0.83496811541366633,0.55028004308778833,0.31429595050883474
9769,0.24061866241354729,0.61363502997568575,0.52000909523122829,0.29903697569828275
9770,0.89578584525944904,0.60144167196274512,0.53165138798620615,0.29956345994058342
9771,0.49194626743575792,0.16022004275278887,0.4853115900003675,0.26663028233114433
9772,0.27795460491537816,0.42958330047515925,0.5058196091952919,0.28644124624690026
9773,0.5996862820420531,0.23562554168322822,0.49490323989258495,0.2729235375547524
9774,0.13947706665984588,0.32967279146792133,0.49250809806208579,0.27816865546642611
9775,0.40786703112270917,0.026291584069945383,0.46913555938334073,0.25504715326821636
9776,0.79930972850968829,0.2734413461012184,0.50161348042090237,0.27614565209702086
9777,0.39451677487528652,0.047343420951918236,0.47119438032826444,0.25682406867984142
9778,0.56149258114941181,0.61437850418033779,0.52769076308441509,0.3001511197727193
9779,0.97109170804995815,0.75269357386903146,0.54413249856350165,0.30926532078603997
9780,0.72170721210959599,0.04872536791964667,0.47717808772563985,0.25779639179580532
9781,0.66257465538879634,0.8954771407656722,0.55019794593726423,0.31791731544107776
9782,0.93629657677289801,0.64488927422292763,0.53555891285332735,0.30241583892059021
9783,0.36380915042593842,0.15517894630833762,0.48202053709090087,0.26576459115908141
9784,0.76747446161695998,0.76228107155490443,0.54230793076941908,0.3098636352245121
9785,0.34712501910849242,0.61449221050482017,0.52303951421116635,0.2995860616066866
9786,0.93662685953757041,0.95853436483187837,0.55818378673998614,0.32160305996890154
9787,0.41454831019927518,0.044703900498140138,0.471339544677988,0.25667320900802126
9788,0.57547089955235131,0.83124570262905917,0.54421628446348336,0.31397037307046871
9789,0.85850335117395737,0.26203293295222102,0.50126629771965048,0.27531810615286745
9790,0.57024328983098971,0.020295699712319766,0.47159698503899911,0.25502725786030694
9791,0.21537203129188856,0.39687302139481767,0.50108865743479702,0.2837067124493422
9792,0.85712090537889174,0.33860952564055335,0.50853476650844998,0.28111405116080429
9793,0.97175017209571091,0.51580845188481039,0.52551392721392054,0.29380060045230871
9794,0.50924018340342447,0.040302224685123657,0.47275532600621029,0.25660582268789756
9795,0.62680419273086596,0.048865207646915224,0.47575746276999897,0.25763608877450994
9796,0.70092706738269195,0.35442265632128112,0.50784858384691978,0.28214096247039511
9797,0.031247866384906231,0.87082378171101449,0.53127999744691923,0.31386647632605769
9798,0.67255318337710346,0.82528301592672948,0.54544457293758419,0.31369905740713117
9799,0.55776930748202147,0.062784197192627483,0.47613879121688563,0.25867296045306104
9800,0.7330438314422616,0.61135230472307889,0.53027994288896385,0.3001534153864297
9801,0.62466222269547877,0.88579739310882288,0.54890305188400845,0.3173133448428167
9802,0.74102164361219625,0.66761152136222235,0.53480222456975512,0.30384098160326889
9803,0.76047971547160997,0.019434871615713927,0.47440240277156248,0.25531516562764128
9804,0.44201322778424945,0.37644694115662714,0.50515585857024436,0.28322718654245732
9805,0.63389585272622062,0.035655914008629046,0.47438912055905685,0.25650900377681662
9806,0.75475938245699514,0.98477994043367223,0.55760971900048806,0.32316008372578037
9807,0.86284771008213279,0.29032718873723645,0.50405232020773871,0.27748744729287445
9808,0.5483397085349192,0.36772684958236063,0.50650216298395045,0.2828641265799034
9809,0.014594767581170891,0.97773886019022904,0.53774810852480359,0.32009690063499413
9810,0.71775738799743116,0.056382516710541682,0.47797633286880825,0.25844764742371418
9811,0.71603337808026712,0.73656831342250806,0.5396585137499863,0.30822866831548984
9812,0.83464126592219112,0.24378920076818905,0.49917942998467102,0.27388629457480068
9813,0.29951525313406019,0.47144124216433853,0.51002985937695278,0.28954218287727912
9814,0.35892189187657786,0.21982647374236261,0.48843739655076163,0.27095184050711091
9815,0.26635717037300349,0.3693197722300538,0.50014052009198162,0.28197092882634495
9816,0.91802046511661028,0.12976929648070362,0.48851999824849518,0.26483368692856885
9817,0.57320196346769814,0.82559189279513667,0.54377295867238085,0.31362226253860126
9818,0.12254994661583334,0.7863889350302401,0.529065294485764,0.30946371110828347
9819,0.66393582189559242,0.81433585988000268,0.54452504206775565,0.31302405369671077
9820,0.94281588154759965,0.52379828275557383,0.52585925970397596,0.29434521559030302
9821,0.74030049732065528,0.078152985042461667,0.48070140288141028,0.26033646924054599
9822,0.54276273992290958,0.89312713120012777,0.54793542195616396,0.31766063136451284
9823,0.94245181064644135,0.72193837230507052,0.54152491083343224,0.30734624877569811
9824,0.63194714209124214,0.27866070309517671,0.49963698028283537,0.27632417080123767
9825,0.53126429956456411,0.0021715754050412217,0.46883613033745397,0.25333120430299655
9826,0.56541736710580304,0.68909827677871804,0.53357354846778149,0.30504523951308665
9827,0.80081255468976453,0.17793444149763091,0.49211605243570605,0.26864567216520285
9828,0.7450864962238003,0.047794086522061845,0.4774019395935738,0.25775175644801979
9829,0.63220324648573289,0.37394759034590097,0.50854187482141033,0.28348187390675161
9830,0.37980177617428129,0.52443093456764478,0.5165495873279472,0.29358557691397019
9831,0.71000282892271649,0.26134422725940826,0.49918402234399023,0.27511138707105948
9832,0.27852377442478904,0.78465319517768228,0.53407210999029153,0.3102971163572959
9833,0.21797759435683256,0.61545688996127579,0.51945257215149199,0.29903007647419361
9834,0.29781209474235076,0.41179996512593936,0.50480807732504451,0.28525119890773448
9835,0.063146296125708615,0.7798264391438221,0.52622318831057413,0.30853807457297633
9836,0.52145903646374359,0.57983101716170782,0.5241644864053373,0.29776371228015347
9837,0.62913854444305184,0.67871105340343207,0.53390299493466176,0.30446155999275687
9838,0.80118852764273762,0.87189480741427983,0.55060791760113093,0.31655473639221504
9839,0.40119371801827802,0.792290256848454,0.5378143338980762,0.31122276744215072
9840,0.97324042197467064,0.38740647315989485,0.51436011440607432,0.28474724694571207
9841,0.94072179361017194,0.9854851061733324,0.56001569236047433,0.32314669997350093
9842,0.24262317177489168,0.47002871601412771,0.50828417358359601,0.28914736733393726
9843,0.73455473035488983,0.14486568178419257,0.48777650621530844,0.26588179902979625
9844,0.79339651503710773,0.18314995437733597,0.49255288084430715,0.26905645979901882
9845,0.51994364274326943,0.78726029378256057,0.54000805241378036,0.31118015733957349
9846,0.99964534884110334,0.76708421719596953,0.54549876491625604,0.31014831339009019
9847,0.72862828681316461,0.95763175733383976,0.55542976305824276,0.32159138602687343
9848,0.1033691998760798,0.59656980711371876,0.51395692240479063,0.29693854528647329
9849,0.51764025082635934,0.46623649187992561,0.51462724483830691,0.28991227356255656
9850,0.19994979542597432,0.91721070386240022,0.54096938830216534,0.31800201572757392
9851,0.44752848430025627,0.21644818760015769,0.49010512516408938,0.27101423083137982
9852,0.86348852942170351,0.76856336948991522,0.54404024439119159,0.31026852049590764
9853,0.685657957253058,0.29169615572605984,0.50174073191503799,0.27740754598923528
9854,0.18510509380315199,0.64743655277028456,0.52088584688766992,0.30095390723371329
9855,0.20127177763400833,0.93749817546556002,0.54238708350640519,0.31921786038619909
9856,0.78070702761412836,0.51283231301709309,0.5229126886581954,0.29353204944566635
9857,0.16734317928525852,0.94460669092732719,0.54171616650134025,0.31943420614741697
9858,0.53719674569760678,0.49817073325215611,0.5177254952813064,0.29219773739839239
9859,0.25447512142217021,0.045549670038453768,0.46753029976151145,0.25599283122660399
9860,0.33689328481183622,0.062063047314190774,0.4714776509772694,0.25784411806929308
9861,0.43848049628195584,0.97763463523812832,0.55149614704956584,0.32245361020924262
9862,0.62985148118367651,0.60475152415080224,0.52813171462759689,0.29961306930186743
9863,0.85528262829660673,0.082709582250111283,0.48270221754250336,0.26086069029054532
9864,0.71537664372342413,0.93406009439098425,0.55364957848150043,0.32021548014370155
9865,0.2983880320045515,0.95008978531492183,0.54617178904890951,0.32042568642170871
9866,0.86884014953306177,0.02580067557968432,0.47650229969674324,0.25600104703091198
9867,0.22883996925259709,0.037040435996127781,0.46586997149758858,0.25510061029066794
9868,0.36913430245307977,0.76752799774484015,0.53523839946087348,0.30957579938170893
9869,0.57881255708074897,0.97609541578070502,0.55421066878856917,0.32257757050559793
9870,0.69452168294953887,0.91033552492895398,0.5517206328834634,0.31881384475476743
9871,0.94065729722006952,0.94720032980385005,0.55747173518651494,0.32094641876218527
9872,0.68980436481804364,0.97062893050260612,0.55570798316306935,0.32233329002031003
9873,0.79895938683551504,0.81037005029829456,0.54623237205963249,0.31283816889274041
9874,0.88505873748335284,0.12703632969475584,0.48784649077668063,0.2645830405159178
9875,0.012974023577303161,0.42036677943853429,0.4955671687797843,0.28367741314190709
9876,0.72317212080805338,0.27591649975430921,0.50078970448697213,0.27625134804061346
9877,0.069270487319969112,0.41931082467859376,0.49787595906568621,0.28419819314480338
9878,0.67832270788123139,0.80641219655518648,0.5441861094782473,0.31254839373767646
9879,0.50085063684709608,0.11302562343877508,0.48053527618631636,0.26276444012147732
9880,0.56907417859229037,0.91325175631885647,0.54980757941293057,0.31888993638773794
9881,0.41132841121471719,0.021437227797985545,0.46866305020229915,0.25463577015591488
9882,0.43193873022514162,0.80943094062829624,0.53975624074035933,0.31236768948649812
9883,0.22643131638133202,0.12942700434065194,0.47572132229913022,0.26293086615314032
9884,0.055774900754645931,0.44167687719444515,0.49925729139915753,0.28568368200643829
9885,0.4924594688518788,0.24089900860121707,0.49344285904486668,0.27307888235325362
9886,0.71942398848078448,0.84495856891471199,0.54756173811754594,0.31491887778760275
9887,0.48747408273936021,0.42774251635627591,0.51068088567723025,0.2870921945192017
9888,0.71455894003828291,0.78156864385913372,0.54294830278022554,0.3110385605914478
9889,0.69964498135946929,0.42579074420080287,0.51425182144958237,0.28733915183134312
9890,0.52568033765550937,0.50118445107458387,0.51775841301844638,0.29238326538143083
9891,0.36620340387352046,0.24882387948835968,0.49145910864909109,0.27326617121381952
9892,0.35169300628338246,0.024855343038949651,0.4677045216221698,0.25468873754737548
9893,0.48415022303179139,0.47584783065974484,0.51477942412898459,0.29050964074546121
9894,0.63609089185813206,0.070498782727995424,0.47830392234959401,0.25950772462745753
9895,0.59861479784959226,0.64601763313069238,0.53084870811466423,0.30229568634735077
9896,0.59710796502378083,0.88239073024810066,0.54819038834944001,0.31708415638817899
9897,0.83233646361640423,0.34318334507328691,0.50864542205946273,0.28143694398227032
9898,0.45175631411945216,0.012531621075526345,0.46849822681193903,0.2539999615140312
9899,0.26258588201495586,0.40271045476823347,0.50301902798055387,0.28440843194127979
9900,0.67594353828789899,0.21398927387156294,0.49399270744969442,0.27135671693734559
9901,0.87924175379936365,0.22341941123158904,0.49771097346421839,0.27232954981979568
9902,0.40920999511430273,0.45495583822984481,0.51135807008022582,0.28880898293222351
9903,0.97754534778810342,0.575117330321821,0.53046736327226129,0.29781504122607139
9904,0.58533207767928253,0.023316246218734887,0.47219762296523243,0.25532782015631905
9905,0.57675553076512875,0.055307412175403442,0.47564227208027521,0.25807851380568914
9906,0.52973988959273566,0.70764298031128714,0.53430621843769266,0.30617654659178511
9907,0.44581088403348118,0.71990834813587135,0.53349690871041811,0.30678070127214757
9908,0.46137273228646958,0.46749111822434936,0.51358812810045618,0.28985849817185261
9909,0.56855031386892074,0.12127792826184305,0.48266013083677617,0.26362949846823275
9910,0.66055402249590267,0.49495929366511993,0.51961516230646621,0.29217864560802159
9911,0.3011892075282871,0.16924282718981851,0.4819007002043012,0.26662220657457764
9912,0.064042027697234882,0.6382895932945073,0.51565335120485634,0.29937825101473969
9913,0.69434133149293487,0.65357103735300481,0.53301511098240217,0.30289579689742874
9914,0.47295014094406512,0.28930396636148215,0.49772712899335841,0.27677343461020937
9915,0.96625558018825253,0.88505236008724897,0.55352848437527857,0.31729730892321284
9916,0.1627508606165764,0.75098431997966253,0.52794277660451683,0.30751983832004975
9917,0.16886920563603053,0.85166293503461643,0.53538953051219962,0.31384457803469967
9918,0.47607943077854581,0.75737222790549286,0.5369313281749335,0.30922632227886854
9919,0.20152442717881641,0.03769938737008488,0.46514213193759624,0.25498134498123715
9920,0.02413850031552138,0.32194000108203619,0.4872878007765446,0.27649230854909351
9921,0.72303775671353809,0.75932721931153213,0.54144775402653444,0.30966013916735002
9922,0.79283244459530111,0.62737390408563665,0.53239358938028702,0.30124481414629417
9923,0.6292945325216861,0.61471095429701961,0.52891437202046143,0.30027386227829528
9924,0.36520327168238587,0.62340512688133176,0.52419743863704182,0.30024697063101352
9925,0.91366568488077038,0.073080290397547654,0.48233002000410197,0.26009907646238228
9926,0.63833176800621438,0.58484373063828099,0.5266776376269362,0.29829360348930151
9927,0.45974238131766909,0.86896398137490027,0.54457806884875093,0.31606626681090472
9928,0.1920736665947945,0.33968107380099827,0.49519571303847332,0.27930845782181224
9929,0.096166949214611677,0.93684759280163565,0.5385399718237075,0.31845326032129634
9930,0.68155479139931263,0.77391443879491417,0.54188238266438116,0.31054307728651237
9931,0.62323183133447313,0.41611891787232602,0.51217269237112895,0.28653748052232025
9932,0.96378567362491752,0.33242832119670934,0.50920896042221386,0.28070523014481213
9933,0.44403305041374408,0.89236878131082054,0.54585798474327085,0.31743878188625746
9934,0.56644594163316075,0.9032032264464418,0.54907184580287649,0.31829097798212341
9935,0.19625463778228733,0.53602322804454017,0.51236110090054987,0.29349179090227817
9936,0.48085107688732681,0.19839789642201505,0.48898491181317066,0.26968014295659998
9937,0.4290513168257778,0.8466299854432815,0.54233603236527106,0.31464175202591638
9938,0.68464911279085794,0.072126662842405487,0.47923363673052921,0.25973670254401526
9939,0.41772498609438774,0.1527970541624469,0.48300339728739766,0.26578130579613646
9940,0.3181549350254354,0.55106295303729136,0.51718334632343432,0.29517704278584939
9941,0.23083254332212966,0.83932532923318215,0.53655945910312086,0.31345314976448818
9942,0.38340171823626151,0.98915402507226691,0.55097770111956113,0.3229884514206236
9943,0.050051949656044606,0.40859293314347744,0.49615034052790102,0.28322416170876141
9944,0.69423834787915695,0.40103225814731563,0.51197154033983394,0.28554747105741723
9945,0.51144386478572856,0.23329949975534109,0.49306746371767374,0.272534562529268
9946,0.17049936421461173,0.96515105183935967,0.54319982277051282,0.32066720785851188
9947,0.80592768332533316,0.69799309125413422,0.53803381849846088,0.30582192945264686
9948,0.07996888240621193,0.19000192745287203,0.47697411716251686,0.2667510778313289
9949,0.85325745654230711,0.70270658610396786,0.53900708947425113,0.30613170279576424
9950,0.54294529925986434,0.6720567303916789,0.53184749969646927,0.30390572603560384
9951,0.77312476461451729,0.63892176059557826,0.53302930994379627,0.30199232672925003
9952,0.14711981802076335,0.69039878895337459,0.52286366494106329,0.30351058928340185
9953,0.62627949642246827,0.23957959303477547,0.4957406568525663,0.27328479567039643
9954,0.60458150063221117,0.45778220153691951,0.51549930423995149,0.28948507418979891
9955,0.18869902303061681,0.5979098841328756,0.51711621676475028,0.29766929123995328
9956,0.40612024272851416,0.97102099394280239,0.55031907562031457,0.32199411193116573
9957,0.0048537765659508294,0.86980410086509075,0.52998996075498672,0.31351530993944965
9958,0.077627587520552335,0.26813396772512932,0.48447121305314567,0.27291281956490016
9959,0.23634029463435291,0.77868953439154431,0.53238541789576022,0.30971587701852993
9960,0.43364936841306045,0.49297326801972235,0.51515762783785946,0.29157225431105327
9961,0.55398054128651275,0.49627246435926065,0.51788125540332963,0.29209930676007939
9962,0.31605793826234296,0.68359908839896089,0.52759607159489108,0.30401434362830865
9963,0.75306000826730157,0.36514050132367998,0.50959512396598383,0.28299156920525481
9964,0.19483304585063599,0.69737963243530832,0.52503326060890299,0.30428712005907843
9965,0.049357869028218558,0.46652885734798621,0.50110959501230157,0.2873998860058774
9966,0.20225056104738035,0.52286335490226055,0.51146983959616443,0.29261770245386826
9967,0.75811594337715071,0.26357790407986614,0.50009512379607068,0.27534382037346478
9968,0.65144807774099756,0.69469826354692921,0.53549474898689864,0.30551496921933918
9969,0.14100316207661528,0.40519287143120308,0.49935468865511012,0.28379511665255319
9970,0.64795699911901028,0.5227734342621756,0.52174806359865855,0.29408806202577203
9971,0.44657261167428225,0.74178896747223333,0.53514606954287658,0.30817423242054115
9972,0.97045893450890441,0.25912070885178401,0.502281562538344,0.27515744560122679
9973,0.92290860575017297,0.0187177358548739,0.47631442491566356,0.2554343077148693
9974,0.43988707314386266,0.27002897233291295,0.49518608902048616,0.27518684995710235
9975,0.25739461222380633,0.92628718219849981,0.54338581371102657,0.31884115672739705
9976,0.52090704230101548,0.22257686480210398,0.49218778417850734,0.271714405071109
9977,0.61313968168540156,0.82408114652248343,0.54437421460767832,0.31357566346757709
9978,0.61362764874758435,0.013324552218208555,0.47152782542292215,0.25451723609926669
9979,0.56538279406995284,0.63203580432693707,0.52915624728391708,0.30132598039596092
9980,0.94727508612178501,0.32746213669391583,0.50856126026265014,0.28032934849142349
9981,0.6127724901005277,0.80818261249967616,0.54323065957823935,0.31260101382579847
9982,0.79350579338480021,0.87420406045493448,0.55066464438838059,0.31669223242489125
9983,0.95166999069409208,0.51524155989530263,0.52524347831103979,0.29376023215453817
9984,0.31105168415891238,0.90929903799438616,0.54375841601513708,0.31805525786284294
9985,0.33867380868777403,0.25522184061069275,0.49140539694124968,0.27364821165770303
9986,0.22834857135884232,0.80601574672973952,0.534111159900995,0.31138111916976852
9987,0.3623237241326715,0.095421270217851267,0.47570058743438953,0.26079465877401192
9988,0.94165369919697994,0.05909328810205916,0.48109042724928192,0.25893178847279646
9989,0.98718835737338528,0.6327244014480734,0.53517126885681554,0.30161833080827988
9990,0.13655947681335964,0.58234601245151141,0.51406569055888263,0.29624495118709088
9991,0.47511503961087437,0.99709694427457884,0.55357213724016707,0.32365035168450074
9992,0.98740877889742851,0.60424330417920147,0.53291775246022066,0.29974898394667981
9993,0.21051070676572856,0.55388943899591692,0.51428153952883959,0.29481231688001397
9994,0.28878098818719156,0.69052477869078288,0.52737403375799563,0.30434551776349361
9995,0.89705126885921926,0.55647344948077804,0.52802736395780614,0.2965574369725974
9996,0.073533553739276253,0.1145799618668505,0.46905645759536752,0.26050038241198231
9997,0.17550883389279481,0.15995763469705127,0.47730248756817323,0.26510343229583377
9998,0.62418108299399022,0.1038231726805796,0.48173692744995844,0.26229695529802477
9999,0.68447486568569438,0.44286621237712681,0.51551556899643391,0.28854090538756572
10000,0.66518322817831066,0.22168206232128432,0.49459392643964034,0.27194699501911651
