Simulation,"alpha","beta","Fraction in treatment[HTN]","Fraction in treatment[DIA]"
1,0.2352739364441368,0.59893797056946207,0.47152463601172057,0.26049624196334759
2,0.58084802507079447,0.48257738266397504,0.47835144640588911,0.26110179039070525
3,0.62092212766174926,0.40669695525689747,0.47770273555549991,0.2600289826454929
4,0.88132351563194544,0.17437754584004869,0.47716858310288179,0.25679593540655138
5,0.74625213913485644,0.28266975488838508,0.47743835489251185,0.25837037107966038
6,0.36924478473073108,0.83919768345594647,0.47967273700792118,0.26537143480511288
7,0.86320880933337618,0.091229366059217137,0.4752806127294012,0.25531818623682251
8,0.10700235524469755,0.8968164329999011,0.47142014827939371,0.26317188098237776
9,0.46052282299107178,0.16860239654666512,0.47020348464643857,0.25553836893197596
10,0.024235087997291706,0.12620309308940778,0.4565410788786704,0.25174453501978361
11,0.96959504062797641,0.73347626548631817,0.48969404003343864,0.26695747865684294
12,0.8243064533987432,0.49148251620036321,0.48271783300671267,0.26219672348330103
13,0.66023531439910876,0.50267477913071634,0.48023416925502926,0.26178873521236068
14,0.60909604469576151,0.98955810752789264,0.48736229378870211,0.26877441520468748
15,0.13130798023216195,0.15890292814044515,0.4610981097265851,0.25329710756117552
16,0.71246158268261939,0.80519281991805181,0.48698922578665949,0.26714819730503286
17,0.91841316649845106,0.6106919416478952,0.48647560449163463,0.2645934229327212
18,0.19664233711733251,0.75110548740212102,0.47265246014254764,0.26229007151491779
19,0.81585347545916453,0.47612510714750972,0.48228650600389777,0.26190281922737574
20,0.38081095404183729,0.28863474551487017,0.47047837294055461,0.25699018412853392
21,0.51051623695961901,0.15784016963698669,0.47103005323227004,0.25556876988270494
22,0.55803263528236424,0.5316048086978612,0.47879540370153184,0.2617902344218605
23,0.75363413442556049,0.59532993629620179,0.48364429516370977,0.26374199509237289
24,0.95663705007670219,0.6450058310267166,0.48770428127324583,0.26532603263897175
25,0.57640425353125901,0.79150381007642723,0.48399441129068543,0.26615501991953394
26,0.0086266907354933219,0.29063423855815784,0.45818307617201565,0.25364370086722277
27,0.95200598139801307,0.5376515408628505,0.48544570733003606,0.26338816583922442
28,0.52153095143461836,0.10464725642801495,0.47028695817756694,0.25476540210131032
29,0.31167117849452192,0.98551152593680891,0.47995105065243282,0.26664763382588474
30,0.025308095876465087,0.93929720214469126,0.4683099909699544,0.26241203062891755
31,0.62958339419186815,0.24334795084166108,0.47479426930864693,0.25736484260191167
32,0.77959319108651259,0.21361269747015324,0.47658458618875954,0.2572752290250524
33,0.46349102984037022,0.40459341677940686,0.47444996764497099,0.25925221098189605
34,0.38155068050645058,0.45718249673120442,0.47339952790747852,0.25957385500642244
35,0.77576764238077456,0.22333542986674002,0.47671980694750915,0.25743276557937039
36,0.53813585688514864,0.4483903923956794,0.47685535524039163,0.26033897184226246
37,0.54430432619579372,0.078647449210484055,0.47024212173160251,0.2544255082564974
38,0.3556779083457659,0.98671358486396499,0.48125617186791791,0.2670484164842748
39,0.45231982205685928,0.62441235441135945,0.47810116492642207,0.26265685466634092
40,0.078226688457198906,0.81442116039007673,0.4689174049093251,0.26159871457081257
41,0.0036205677716876382,0.88199804106707458,0.46639675651289103,0.26125863053929765
42,0.95858037200755208,0.13052380437202518,0.47720063266037216,0.25613559371713207
43,0.73144028328097199,0.12357933154312195,0.47414132834829081,0.25564076191252344
44,0.35450976819401842,0.0088782504195696679,0.4651021281559336,0.25264497141291653
45,0.81712664471847241,0.7925690482354375,0.48857716768383458,0.26742278856182289
46,0.091345401064923504,0.70049196783638323,0.46775976236112737,0.2602286377443504
47,0.68072049618071184,0.85427869682173485,0.48729108305023183,0.26778439438046819
48,0.99679167047712258,0.51876347193882111,0.48563551648129327,0.26316588744648123
49,0.50776569542660144,0.72155914295139956,0.48116729847421397,0.26457733673187278
50,0.21261842063249789,0.51563567186110892,0.4694283718938928,0.259064651451691
51,0.55386801558268495,0.34666189621001248,0.47531055510056758,0.25876652251035531
52,0.98452358886332958,0.90382557435688804,0.49283982691970524,0.26961992420045444
53,0.67133749918235697,0.094183389750646898,0.47267332269845685,0.2550168334959993
54,0.095210528750799134,0.91290787141137997,0.47115747056715857,0.2632168264005279
55,0.55532633870487336,0.75337908929913544,0.48282722073905021,0.26539823323473355
56,0.86023772189264425,0.38723728529406948,0.48115682910784724,0.26047845529339136
57,0.67512896393515409,0.58549101551253113,0.48208313336479575,0.26324453130895598
58,0.027890710032812786,0.03435973514852813,0.45540234925969586,0.25061966110345624
59,0.32222050451793477,0.62454133405181356,0.47463891431398664,0.26167495002375835
60,0.8147465536594275,0.016259751278802286,0.47319056125379616,0.25395920182510301
61,0.34521192448792282,0.20566714108426823,0.46818310414158326,0.255531426025285
62,0.50249317108205294,0.93262495384978839,0.48455873980623304,0.26768724724697379
63,0.99657701841426316,0.55275945241361635,0.48633481349801055,0.26377931651297182
64,0.83437289546377724,0.2115356483219541,0.47730152636338008,0.25735649775845781
65,0.60803346530374835,0.18492461622493575,0.47332965329589671,0.2563378224353321
66,0.4731780661554425,0.45402003177354344,0.47555052118093027,0.26008695612050647
67,0.53110448766915364,0.63419824587152107,0.48010346773684098,0.26330945307837106
68,0.21819526859299512,0.12761693556249376,0.46342179879666151,0.25357587177624757
69,0.74475559502163668,0.24538426447039238,0.47669238964527005,0.25773262163569249
70,0.14052263744083468,0.25813311249412363,0.46292651682895414,0.2547378488304966
71,0.85454452358448185,0.45053107080446791,0.4823433475790001,0.26157205012094642
72,0.49986666763300308,0.95697552916564754,0.48473663388343663,0.26789345526364389
73,0.983372046017705,0.38047080164387592,0.48261750690559391,0.26064381982395196
74,0.87129507213890323,0.48960996522990757,0.48336505538850288,0.26230674961007039
75,0.45154832737707767,0.18308191245446215,0.47026738254149469,0.25572482323619816
76,0.67605965206619589,0.84908548259962124,0.48711184345116337,0.26767997862428911
77,0.3442171185881947,0.095964570033212654,0.46631504882269659,0.25388927693455554
78,0.17401077930679312,0.98311233343252691,0.47526046194471311,0.26513912789765354
79,0.29385402816879796,0.33641808421112368,0.46899903465795312,0.25714189599593096
80,0.1509086120197666,0.10060964376128978,0.46088174269883075,0.25267679293005546
81,0.061477249574044261,0.29438983083307974,0.46048186101427468,0.25437033564004491
82,0.61793212129027819,0.8236265752727282,0.48547835630600111,0.26693892438738459
83,0.55765170755464344,0.6699612579306472,0.48133903591104155,0.26404729126914511
84,0.68182976110946625,0.42427535736659777,0.47912154294252024,0.26055854528220013
85,0.095501694005343599,0.1951668824891909,0.46034843790070423,0.25343458107242572
86,0.91311647665406348,0.21974158888444073,0.47847724369961642,0.25764725513974851
87,0.26392627569917826,0.083705536261957619,0.46403334533161872,0.25325699173586186
88,0.19982740583171837,0.86630235985209003,0.47461956624554708,0.26399694340961766
89,0.1812395992264268,0.47974423007325967,0.46778935939075889,0.25823636108554626
90,0.34774881631586468,0.03718997504086001,0.46541635520450042,0.25303386977659731
91,0.2029483949204092,0.97235535379025395,0.47622116771174433,0.26538938738810824
92,0.094350542263814716,0.43756970862982564,0.46391775670783214,0.25668170608861013
93,0.27208645427786982,0.33950226296348268,0.46842604420373984,0.25702491723938209
94,0.49953270502866948,0.44969926889777423,0.47605815955374708,0.26016212851541781
95,0.041550814446934967,0.9732658433148289,0.46954302859801211,0.26310725622920345
96,0.90404713932249003,0.59936401492488811,0.48604305952460392,0.26434666017273073
97,0.53177734888998096,0.39840230801386062,0.47581138080097657,0.2595016370784235
98,0.92815381968239097,0.66872343192702399,0.4877918486961535,0.26565927054914296
99,0.081886668084620029,0.30820774655792632,0.46149929424293995,0.25479413083205782
100,0.24536441717197888,0.86828142290924448,0.476271043744804,0.2645634895440408
101,0.32195625733927591,0.86013949112772248,0.47862654516255665,0.26524944501447106
102,0.65165654162302389,0.90005038275109839,0.48739168693269397,0.26823138911423361
103,0.46726880862225084,0.31078715468534501,0.47286567970882071,0.25779495576201067
104,0.53666590878077558,0.1334134370308486,0.47109230696004484,0.25527394032440626
105,0.18302477087512378,0.16586763364447982,0.46293204891357642,0.25384164769972867
106,0.86873563452003288,0.10820280415340094,0.47568754228462479,0.25562131373915481
107,0.38547972102448114,0.31594264177345904,0.47106229072863021,0.2574341901803906
108,0.18770764771160903,0.85254578205264409,0.47394965088261082,0.26364736810242562
109,0.38160870235468031,0.441272275313281,0.47312630397267547,0.25932993517470143
110,0.176684872150945,0.02772414957104484,0.46059768573076521,0.25188157696804664
111,0.31453907869287068,0.88883929114729399,0.47887320900219554,0.26560380630980418
112,0.31322902809983355,0.58242227751660391,0.47366566495844969,0.26096335371543439
113,0.31836366114231063,0.44463468525739153,0.47149337488069726,0.25893413630893691
114,0.12954309285766213,0.48383219665020005,0.46598071308442074,0.25773104618415915
115,0.99547546599510828,0.39649289147331146,0.48309428203421373,0.26095727350367048
116,0.64220525234531378,0.050836835009034263,0.47139999849791731,0.25423591744125595
117,0.33724088190459878,0.086008311850007166,0.46597767768058557,0.25370557750922856
118,0.91485236621523514,0.30486718264502705,0.48022261306657871,0.25915450627875575
119,0.79018655746626898,0.3708530381299206,0.47982376288615364,0.26000326870171747
120,0.72136200810611484,0.79952513849869133,0.48704438779659653,0.26709635810793386
121,0.84084780287301408,0.61785834593974287,0.48548296513725575,0.26446043671560965
122,0.23819919060232353,0.060138402859622152,0.46293634851963239,0.25275796100292514
123,0.5222904168239213,0.465998260120221,0.47684369231170953,0.26054283913012694
124,0.66501276182908331,0.46925388129529311,0.47968443120968274,0.26124843226589983
125,0.85836675454009093,0.23775590582381703,0.47814218740535186,0.25786072204158772
126,0.86652144263322706,0.37552466673479651,0.48100887723879587,0.26028914534516168
127,0.33939473446042978,0.70328793257729849,0.47647619670173608,0.26301905536456194
128,0.44624956736519239,0.96056306844087092,0.4834629274596316,0.2675513359490499
129,0.96549940884652319,0.6366059702345287,0.48765256468539087,0.26520234399385079
130,0.15168209848409753,0.76038495435690279,0.47111960683201487,0.26187323863496081
131,0.47215061651681317,0.70466156151165482,0.48001713245878613,0.26406692298744705
132,0.83642830785707345,0.35801195406251357,0.48024047386151469,0.25990640918028662
133,0.81063890833979246,0.22419703626927223,0.47722887110417378,0.25752583242974064
134,0.5821481709521148,0.02222128664077027,0.46988220205974701,0.25362761990535504
135,0.36556838915121043,0.52906745155508395,0.47421972273788499,0.26056435021088387
136,0.57502118106432032,0.5738946182782646,0.47992742222751489,0.26256966673743004
137,0.002826077732362319,0.17853146507710918,0.45635776085816776,0.25214203163381221
138,0.0017066115607391112,0.40745088590326489,0.45951648535969708,0.25504166253214644
139,0.32672812284479152,0.31087832310871455,0.46947411804806854,0.25699079377789341
140,0.71426296450026572,0.75663927884126314,0.48608572968166125,0.26632907658117255
141,0.38958890779294308,0.15831146994697629,0.46845254350337218,0.25505468825047162
142,0.070858033302973494,0.32669074516709662,0.46133356907035905,0.25491051894364475
143,0.42824906059493079,0.93092086651482397,0.48269819038510436,0.26713446501809307
144,0.22235098897683203,0.17325787549378585,0.46426938163448872,0.25425235851974048
145,0.69017539992305688,0.071591355140937951,0.4725342652234587,0.25468348720273876
146,0.56362439905557549,0.82110096707079794,0.48426169224870114,0.266561229336717
147,0.9705537437029067,0.40739284435886658,0.4830137664797472,0.26109968481569157
148,0.38799560120744864,0.25227690542637138,0.47002784868354969,0.25647637824635916
149,0.11169060464730719,0.1915628545622225,0.46089098638715303,0.25355047454271795
150,0.71154935207023517,0.69306978485280424,0.48480959609750535,0.26523270894214895
151,0.01975175435499987,0.61842316118957252,0.46336943946033193,0.25805964735091141
152,0.97899198414819555,0.1216345765775186,0.47724649829388871,0.25600196865482561
153,0.17610197196238442,0.13456256274856859,0.46222486700354887,0.2533507888858697
154,0.40226708547665041,0.98901050870631602,0.48255852724081783,0.26744471628513955
155,0.33193534470124869,0.48285877909659175,0.47251612076957306,0.25961162796915699
156,0.018895248956012075,0.18125919730124299,0.45709062779563936,0.25238128967846873
157,0.87419770073258563,0.55185352149849065,0.48465727093405009,0.26341197814912093
158,0.029815335814084392,0.29204987876134697,0.4591282407840846,0.25394417195529523
159,0.43808497827047255,0.2154376959303976,0.47054191495487901,0.25616548736405709
160,0.88306438367572848,0.089975943582027693,0.47549831557639322,0.25532379476287892
161,0.25256741212877676,0.03108493089777185,0.46287570936907002,0.25243474174754771
162,0.21194336070922437,0.0579032243047026,0.46213822922704717,0.25255129462081649
163,0.015269745181163308,0.5995588705922128,0.46288750081308322,0.25774127299413957
164,0.59217123919959425,0.046901261484192221,0.47050530945952718,0.25405081194014051
165,0.9404875896263053,0.98596228841013511,0.49286772994186112,0.27008377924024163
166,0.4263224127486232,0.24611262379210677,0.47081494813112618,0.2565829644185495
167,0.64290888036362592,0.48890392526088983,0.47965655210890995,0.26148523697580511
168,0.016738369399111254,0.12525532633130207,0.45621324476184866,0.25164253183380569
169,0.8787319277915755,0.92097924609543991,0.49150943507819089,0.26942767749878543
170,0.80586033170415328,0.94871761553689149,0.49061861802152762,0.26938361887926676
171,0.1844119497225038,0.3469783770285198,0.46580760520321585,0.25639091060921249
172,0.46737318504549336,0.63585515280679106,0.47866892523271859,0.26293850925047046
173,0.69338966305908978,0.71049286894212715,0.48481294575095379,0.26544267638033547
174,0.11883772396392887,0.50548145570558267,0.46590323282473184,0.25790430281282412
175,0.78968508993425646,0.12257240249501775,0.47494447476570173,0.2557388490194567
176,0.3279012300620438,0.71379698123972635,0.47631923757248362,0.26307804535224538
177,0.1682435368665145,0.37802406191827032,0.46574329916378948,0.2566717712874319
178,0.10998566086472711,0.45373876090514242,0.46477390802822094,0.25708897741670461
179,0.61581319533559731,0.44857159485766895,0.47839284328074061,0.26069980197631276
180,0.64850741377883836,0.85080102593764895,0.48659797497494778,0.26755498769443731
181,0.83106671477028871,0.24246743206783433,0.47787051057272489,0.25788582133598492
182,0.97933712812805318,0.61401090350436283,0.48737342652346588,0.26483676547022467
183,0.88159341952189574,0.88725837401953767,0.49119291084270733,0.26910557181602662
184,0.68914691257901728,0.4392472912655096,0.47953379790300388,0.26083774045309682
185,0.44770340922115143,0.74397963485446528,0.48011493044175702,0.26451812602150904
186,0.74402159576566196,0.1741524639584939,0.47530181031502083,0.25652270424911533
187,0.14223377853032435,0.53087336661097362,0.46718263750730277,0.25853080457638067
188,0.7238139544629375,0.29951180005137573,0.47741708021591805,0.25859289547917991
189,0.76398810148987684,0.69521010217837764,0.48577029787427317,0.26550373161316537
190,0.79859238803343624,0.64977137144979791,0.48545167222520863,0.26485945544086276
191,0.65204193506048758,0.74871318091290306,0.48475402332971312,0.26587759860596039
192,0.90014089203408221,0.053748086539248473,0.47497448469408077,0.25471210230817209
193,0.74598363224585773,0.53520533368998446,0.48234509110514195,0.26268116593349095
194,0.69520319352924131,0.93899749850189551,0.48863288805582294,0.2688323594939962
195,0.47685033541525484,0.70218854687932186,0.48008619382106349,0.26405960356730929
196,0.92269945556469035,0.20297149422111688,0.47825459898837036,0.25736732566103565
197,0.43303148638881978,0.076180386353412177,0.46800276960276005,0.25399503854571948
198,0.092278691823978451,0.78982480157556711,0.46915499436089037,0.2614707044379927
199,0.91876015455186144,0.23652679418736372,0.47888658200370432,0.25795356174174994
200,0.28277674442803252,0.65600630275140281,0.47398132395926157,0.26179559867054636
201,0.8252448631917243,0.41987653783630813,0.48130975752909877,0.26095282923285523
202,0.24476053335376782,0.6529291057929979,0.4727172334221732,0.2613814779275741
203,0.96521071869031294,0.097209382649615886,0.47659451568536337,0.25555159623201451
204,0.61063643621130614,0.41447405141304483,0.47765720904914161,0.26011501346445204
205,0.10397315453755437,0.78181370551387086,0.46952849503456784,0.26152891410717677
206,0.23146659154949012,0.42323206067894353,0.46855387217797712,0.25790777614782645
207,0.43433276704821039,0.94197200842601025,0.48297769835765231,0.267293522769251
208,0.42511133376421645,0.83974943255904366,0.48122674370677704,0.26585703395472349
209,0.49172031935419658,0.66819468473192534,0.47982665843356259,0.26361416207469668
210,0.046225293809117288,0.75591517410214293,0.46660517902171178,0.26030682503756308
211,0.9910083406270831,0.47331487149199236,0.48462505867054007,0.26233184299043794
212,0.016350391142547598,0.30517474013302709,0.45873021646097356,0.2539351204376325
213,0.075263135922246149,0.34950762397429208,0.46184652163542123,0.25526716066845417
214,0.71705127050544837,0.36012511583821616,0.4784783838746533,0.25959823604585719
215,0.11754158258951503,0.63067381459287142,0.46776798473709302,0.25961798191367941
216,0.035695134427037561,0.23299214903233806,0.45853355634196763,0.25325431953855609
217,0.2071955944571528,0.78611471332762162,0.4735944658042377,0.26292029250519033
218,0.62494097178749508,0.74990778540271563,0.48423580013053941,0.26575013861025099
219,0.77397761864451464,0.059613697312481236,0.47350285287492955,0.25463864089698418
220,0.22419184829628794,0.69876207872332308,0.47277533420593448,0.26183866787255733
221,0.21546318661804545,0.24902943113046933,0.46526188918812689,0.25527479668275754
222,0.3817462062217179,0.44777290611228676,0.47324204758127247,0.25943065107403346
223,0.56383998865351326,0.97924893566292015,0.48635004413560473,0.26845717614413278
224,0.88549523391515261,0.77267341545346435,0.48926620181572683,0.26735390833567596
225,0.41010192123294109,0.27820021214102164,0.47099976537336713,0.25699367624399883
226,0.62867748270333978,0.77281032817993545,0.48474317193710603,0.26615328006818756
227,0.42687681624168761,0.15677032007832312,0.46927042862201845,0.25520757379343301
228,0.42944866516677432,0.9973793423076277,0.48332955765133429,0.26770831565259323
229,0.02771463578202529,0.87791635712370042,0.46752915381448379,0.26163500191753997
230,0.19601161531243708,0.83104028027361498,0.4739123652515615,0.26343881756665471
231,0.73278977742983264,0.21103089741348524,0.47584745211384222,0.25712009751388448
232,0.22847251117726555,0.23446130424210571,0.4654290697841334,0.25517013531552002
233,0.20774155517806067,0.93539443400123856,0.47596321943838754,0.26504826534599152
234,0.24373186053541723,0.3848303151646047,0.46831573952819289,0.25745787027771899
235,0.65851569099914053,0.1953092251676484,0.47437839045243974,0.2566591688418946
236,0.3659590826256317,0.65380503483683572,0.47637798169363732,0.26248219758851371
237,0.54893994609791563,0.10031559691684087,0.47071986668506571,0.25478571506013592
238,0.59128885725430447,0.12541763741719769,0.47193600899914717,0.25531869974422555
239,0.74141001207424562,0.15370717038124568,0.47486821241395444,0.25617084461366296
240,0.6198805486908997,0.9343496050501825,0.48713776664962316,0.26841119234672672
241,0.7826475841704873,0.72020627974391693,0.48657579463284278,0.26601573345728807
242,0.97135923383092748,0.84625152040488327,0.49191994806196238,0.26890439022606
243,0.63091532700943065,0.5543057465590886,0.480666749591938,0.26252112464885624
244,0.94970286377662572,0.95067284298107269,0.49276951823352111,0.2698926461876997
245,0.69059200658445474,0.39216628522536484,0.47865676654056027,0.26005009858849004
246,0.35073456646722045,0.51053356508266889,0.47350243660032354,0.26017196039740204
247,0.83145382446123983,0.52783462436971029,0.48354752217270119,0.26285372546126085
248,0.42535732160542394,0.86602235724505738,0.48169245347512502,0.26626935245674593
249,0.25496698163555703,0.44953592706626516,0.46971473067654346,0.25849575402262359
250,0.378513974711427,0.24401630321944834,0.46965742829903695,0.25629825265564732
251,0.094273693529062452,0.44034525544288339,0.46395635438965815,0.2567183854678694
252,0.78534330070343561,0.64380436114732875,0.48511857212137915,0.26470378711693304
253,0.49612709634472851,0.11104242081007687,0.46990954059955098,0.2547774958023416
254,0.22784871298001383,0.032102251142624307,0.46219646228538985,0.25229493288284599
255,0.52463238159300529,0.2623483889373136,0.47319428434469735,0.25728694979224948
256,0.96018389242257696,0.1752716757316026,0.47813285394666166,0.25693326667224498
257,0.30594503183128546,0.6781514207393281,0.47506122647252802,0.26234106038697624
258,0.67724688209065942,0.82810889112624575,0.48675668058656774,0.26735012736879149
259,0.91305465552496023,0.64039860927808334,0.48700228007906815,0.26510487097810187
260,0.23136036403913751,0.63832295444986087,0.47203564207656218,0.26103180036775797
261,0.8412617063491955,0.94699503868998736,0.49116287375063622,0.26950343978247332
262,0.95199706218239155,0.31321897242191482,0.48085541588388625,0.25937693474114815
263,0.88816676246022108,0.65116707095965976,0.48685972794893223,0.26521243439051123
264,0.18507616252108711,0.060814327496953771,0.46136839778820293,0.25239973008363975
265,0.97067247584013971,0.18424613577962157,0.47843655953045833,0.25710795061267944
266,0.28578781688002636,0.092066989692870999,0.46476068921985292,0.2535099631537881
267,0.48771407386696669,0.98027975875815621,0.48463994243670311,0.26799370093669928
268,0.081018388493743265,0.034952411060745363,0.45746295567210621,0.25117415737302945
269,0.047069104113697545,0.31509739890041527,0.46018960622409011,0.25446505517739154
270,0.66826428799523274,0.83339505139080583,0.48668008038153304,0.26738883694248511
271,0.74953620391943265,0.80214638593714915,0.48760532402553042,0.26727959923451933
272,0.19753160829344998,0.35092487013785867,0.46630448844583727,0.25656753478213434
273,0.35525309159011814,0.24828958103387852,0.46915611361753529,0.25622991682205554
274,0.74684579322783973,0.77148453766849134,0.48696063479082696,0.26673955406234379
275,0.51024715571455892,0.68074025558190199,0.48048301514516994,0.26393469389384699
276,0.60189756786379733,0.5821979349721107,0.48062523379253819,0.26284358407587877
277,0.2777949960579979,0.89032150208962857,0.47772247091785963,0.26524581898901312
278,0.35121870214011286,0.4280931117941742,0.47210889072018075,0.25892256018601578
279,0.036583722789154852,0.32714476895794503,0.45992067540867021,0.25448805082614634
280,0.24836215103877476,0.21415525600692492,0.46569527859916582,0.25502823146426923
281,0.65981821139588726,0.80040388044553112,0.48588904177364184,0.26678892467618365
282,0.62578056947909066,0.29014698614416412,0.47560485030384914,0.25812324671235348
283,0.81140159646571852,0.31619490418821811,0.47905598177534137,0.259116581796203
284,0.38195334757758537,0.61605295688280604,0.47615943089989382,0.26202459782541415
285,0.66232594006824075,0.86023254404844496,0.48703061508825646,0.26777282110846007
286,0.83266461850669005,0.88213532176058507,0.49036936798366781,0.26885897355458133
287,0.34114755753617504,0.11026016075521476,0.46647923397416324,0.25408583794242623
288,0.65712433432146211,0.94059204604522095,0.48793129075303077,0.26866067496664675
289,0.68958909677538327,0.43546914310719587,0.47946901515983958,0.26077572784127223
290,0.033929599651077294,0.8448574853133527,0.46734192929529783,0.26129896512443773
291,0.89099990534862739,0.12410813544740668,0.47627897788156537,0.25593138458668324
292,0.14989349543339342,0.17478562445478749,0.46197779728973043,0.25368218986223956
293,0.4887924748742371,0.70669613041378321,0.48045269158242315,0.26421243880975925
294,0.30990088679230537,0.81453084377039919,0.47748182425635749,0.26443846055904885
295,0.17773296319151996,0.46278618407059696,0.46740033228437533,0.25796032088301241
296,0.62556653009034935,0.39184961651888445,0.4775092688456179,0.25980208313434211
297,0.048610851638123863,0.18153716011071813,0.45832780005281337,0.2527418720982581
298,0.78729189931201982,0.95905753171063268,0.4903942299037774,0.26938490473438148
299,0.97909786896415762,0.97693362945698914,0.49333640611760027,0.27014590564799823
300,0.94947411496845313,0.74859342316110855,0.48972087557849214,0.26716034700615299
301,0.53932372953501762,0.56416585321313473,0.47899984341951929,0.26222021684315316
302,0.91017387545859674,0.54880562828030677,0.48510534512250236,0.26346779969163392
303,0.82153003939095648,0.31473323372359158,0.47917093498760405,0.25911665431988573
304,0.18802585146516795,0.71259861377911882,0.47172510863821632,0.26163492755208961
305,0.9052636958602932,0.058821685731655457,0.47513619295343446,0.25480678270373081
306,0.027416932118625847,0.14227389535248514,0.45689999223484162,0.25198744733870221
307,0.83656422590891599,0.37856032028944464,0.48065132503499869,0.26026474185446974
308,0.8263138096007635,0.13202843326089206,0.47562030441314879,0.25596654464379937
309,0.87099068094535037,0.76216267729139653,0.48883221074489747,0.26711144697877398
310,0.91066453831800032,0.18289944139799336,0.47770235456484805,0.25699370283999551
311,0.45130910444079203,0.94148851524553034,0.4834050830022259,0.26741498213657972
312,0.14213800161295803,0.13720733722214357,0.46114269830079685,0.25310005712955436
313,0.99840243894689495,0.4583248252045713,0.48440704349400915,0.26207868417900526
314,0.16917139189565789,0.85279556137680779,0.47325154452354556,0.26341500202298351
315,0.73579085239776176,0.58267137090865284,0.48309711525739008,0.26345370129765311
316,0.42174544882768533,0.72360294398496627,0.47908872545323022,0.26400233212848628
317,0.011934788328583818,0.67065104264110564,0.46375374282049192,0.25861985245808733
318,0.31044278461305658,0.10176606733795489,0.46556527003140846,0.2537935423487509
319,0.15343767537447858,0.65472004806537887,0.46953143056803154,0.26040106155424952
320,0.17515912318102783,0.59597200450632948,0.46940889362331567,0.25982118782116864
321,0.012062725121004042,0.44434669348114403,0.46051553124293793,0.25567042949954011
322,0.53721525989634689,0.56324461330239428,0.47893777832153123,0.26219368831906981
323,0.67672511707769012,0.35797718581872762,0.47776895714004647,0.2594276029128571
324,0.20612594534874662,0.52483309060012695,0.46935789736860578,0.2591324541953402
325,0.14733031219543191,0.6607523324573995,0.46939384106157639,0.26041178677546101
326,0.28198074094447079,0.95646339456496066,0.47874639623214388,0.26609954442880618
327,0.80895020824299435,0.55747888993105155,0.48379205524725594,0.26329416347534268
328,0.3193082950729062,0.0557318003513501,0.46502989809533668,0.2531659161351138
329,0.39107866163357397,0.25114924752580703,0.47008222042179137,0.25647603151644088
330,0.47185098943525228,0.18570893118690002,0.47074379366859587,0.25585356988816177
331,0.9656496416127659,0.11789755030235975,0.47702211451938969,0.25591980887187932
332,0.22671626630477842,0.29283505098364548,0.46630893876934293,0.25599103668966849
333,0.41828236530834112,0.8178208849866293,0.4806577407884125,0.26545614862889366
334,0.57251489941185574,0.89578177482188914,0.48570036706430836,0.26772950130724621
335,0.93331479001169793,0.63916585714629615,0.48726310050985128,0.26514830476486173
336,0.23512667128479808,0.46646328156891981,0.46936912750791748,0.25856673576567835
337,0.24188745765386849,0.65316282806241655,0.47262659122287404,0.26135596222678981
338,0.71064837587984508,0.90853835728716814,0.48860820797967952,0.26861954491358736
339,0.14161607617457631,0.0025904466700390916,0.45909356506109722,0.25127235147006932
340,0.91943805965300418,0.26663546308249936,0.47950527547961069,0.25848717567193635
341,0.94318418970898499,0.1434010979386163,0.47728711551978165,0.25634400537951596
342,0.97867718447364171,0.020985999238642399,0.4751820425298629,0.2542100732428042
343,0.18571166980579729,0.3476530238015228,0.46586165593983286,0.25641253685312071
344,0.70231038011907365,0.83817215472612305,0.48742184289210683,0.26764765836891369
345,0.89658919626782885,0.63112592043505278,0.48657817478885862,0.26488586351873128
346,0.67372254270819254,0.85674819396153323,0.48719709127746558,0.26778401496693588
347,0.040690519744751512,0.39316445115845416,0.46104920796226379,0.2554056368290441
348,0.7158980266585131,0.94423129524294058,0.48905526711892311,0.26897214398187247
349,0.7183450623625075,0.0060158237072057089,0.47169792739347316,0.25364374305957021
350,0.06337946574433008,0.63774751503298766,0.46562053912029278,0.25897630414153927
351,0.80776645747494191,0.6357940761111095,0.48532278097932252,0.26465188522289762
352,0.27575915174569238,0.1452859910363215,0.4653563050922056,0.25422030583115468
353,0.67938497988382585,0.69921273300618636,0.48433574536671764,0.26518343842595038
354,0.64898511545868831,0.20157250502064125,0.47433889613867547,0.25673533326728398
355,0.12377420824432048,0.67770766145504324,0.46873892980112991,0.26035191114827788
356,0.39319177044584647,0.480340433126071,0.47409755068223425,0.26000841033397526
357,0.95454025913920493,0.93482434724929053,0.49271500944722729,0.26979206162498803
358,0.16449581239848632,0.84891899120743619,0.47300995335982665,0.2632987285450179
359,0.091934880434756644,0.86726555812264572,0.47031852964715903,0.26253467658702007
360,0.37075520512020449,0.76151081974633272,0.47837166881446702,0.26418286488607107
361,0.76352762021356035,0.33586664249895842,0.4787367227369228,0.2593262276393371
362,0.50117430343226299,0.87514970784214097,0.48376460987013137,0.26698372867880543
363,0.94672300433743517,0.068919022001244598,0.47581267316346953,0.25503016737399775
364,0.23855238227789524,0.23758086203535786,0.46578235388227374,0.25529203376834525
365,0.53061593726462464,0.34991905999410666,0.4749046596270084,0.25871630478741692
366,0.38644842856494943,0.38855887475017226,0.47233844394145164,0.25855214832750861
367,0.4823026651920867,0.20696234380892711,0.47133888465871204,0.25623132450791952
368,0.66043721125520538,0.36870838375542081,0.47769341114060326,0.25954949473843547
369,0.73761103850336518,0.59455449149712225,0.48335890931833608,0.26366433656282462
370,0.62017739612989831,0.21914648776029935,0.4741784412952772,0.25693654659022069
371,0.26592977459548278,0.89609688369029905,0.47742048094168033,0.26519969137549582
372,0.461408742062829,0.36712787166462518,0.47373702542169022,0.25865105230391083
373,0.21425521690094612,0.79617404307030382,0.47400836936156865,0.26314857416721105
374,0.747231183604675,0.10745331957001472,0.47405833885115628,0.25540091245579383
375,0.51438825646535269,0.57125534999413652,0.47858637574459728,0.26219457597877444
376,0.79258568380131622,0.6046860464042868,0.48446583382314368,0.26405413645754172
377,0.97527738218415772,0.23981657519418514,0.4796292262174941,0.25810735612885471
378,0.36816136201453631,0.19809186646036106,0.46862235334800484,0.25554589833924135
379,0.12051774179005298,0.64841429575750376,0.46815863373532807,0.25990235114205501
380,0.89841987393273748,0.3842108731866698,0.48161457979023209,0.26052053629522681
381,0.18161626525231406,0.096155151651205972,0.46180658173335515,0.25286261715492309
382,0.40445579495799033,0.58915264617352525,0.47628113023444374,0.26177271559658127
383,0.11268116767067696,0.34518623407749693,0.46323514939443622,0.25563923598206462
384,0.75487010304512225,0.50627031638646725,0.48192682221966815,0.26221800868651152
385,0.73685630262704804,0.99230253692663983,0.48976534168842889,0.26939258274880007
386,0.53319632299985975,0.51179699005443835,0.47791073265072664,0.2613388465008768
387,0.79007353477102005,0.10102187001578278,0.47452820806903051,0.25537128688873295
388,0.43098464296037564,0.51150255026224778,0.47558165086353654,0.26073969038738742
389,0.73815323183372394,0.29343126048882262,0.47752289436647577,0.25853087970001015
390,0.52038800857007739,0.81167029311178496,0.48310192593176149,0.26612007664316928
391,0.95712445736924423,0.15719916658449221,0.47772861390697036,0.25660765027441629
392,0.6120873644726933,0.33098831048727734,0.47612342166642441,0.25874598007169591
393,0.42599062521619496,0.17807268734060927,0.46962148705478868,0.25553147818717381
394,0.15996179306843553,0.24601527061484524,0.46341221876819222,0.25475437120463296
395,0.52249219380720757,0.57499258837850076,0.47883299430858006,0.26230132537430273
396,0.23578670980216704,0.8249398923836998,0.47523008516529941,0.26381559414679562
397,0.3860016292551649,0.8156134078239673,0.47973754845688843,0.26515218303956795
398,0.031740626583795527,0.83389652435901818,0.46707637051989764,0.26111504790726475
399,0.63553595827020481,0.30233179477927041,0.47600522624359026,0.25835844975784589
400,0.95497701649075617,0.18781142119622093,0.47832885515776313,0.25714880840647297
401,0.98892296952527248,0.92929450660595903,0.49313225868576893,0.26985230546555183
402,0.22085036096646218,0.19565708966603271,0.46457965881097346,0.25455894955226099
403,0.24893249992317287,0.92148356635355166,0.47722296624411936,0.26535314426032341
404,0.55874357871926628,0.47301287082870264,0.47773049573091558,0.26083947060994039
405,0.36496496807091172,0.49945095632494196,0.47369473887384456,0.2601066939640243
406,0.10864252154565184,0.15743353317851436,0.46027142473624388,0.2530622438187059
407,0.17520099679817211,0.39381165525716499,0.46622992571731658,0.25696205281351864
408,0.57693621799763062,0.24641816492286744,0.47390853778586733,0.25723381165469156
409,0.95706203426631409,0.85384845632644135,0.49183862752398716,0.2689621289257606
410,0.61656594302164158,0.13601509938506642,0.47256713167027903,0.25556432085906994
411,0.03909072521167109,0.58692566881225217,0.46379749401033088,0.25794009021820813
412,0.80400222450991865,0.41244025230380943,0.4808493730410453,0.26076185514743366
413,0.064116382310760681,0.27661157816847554,0.46032905495256138,0.25416732466824138
414,0.17238366766831606,0.44945449650645025,0.46700437482444757,0.25771726731142702
415,0.067162284927547458,0.3822284096519114,0.46200039014624567,0.2556037399616865
416,0.67185928695936459,0.7647780750538572,0.48544524180195853,0.26625276468397013
417,0.75422142417217841,0.42453586046119457,0.48032219146614635,0.26081530355465887
418,0.39969671448093141,0.1265911600131891,0.46814058643746009,0.25462107185830835
419,0.63342564736459184,0.75435974913939141,0.4844910534699009,0.265871409391432
420,0.66218292090086039,0.42343814195414309,0.47876310154423457,0.26047031320095931
421,0.84119962422215622,0.38770969477976908,0.48089929817293708,0.26043664504949404
422,0.92717787616861758,0.2669064229610027,0.4796067182070351,0.2585064851591658
423,0.14873388764559059,0.54376084278099013,0.46762470650894605,0.25878562693113016
424,0.26043918936840493,0.71197034970972461,0.47419968947821989,0.2624103362588443
425,0.34880333744935926,0.80769609371916162,0.47853734103801254,0.26470128861840442
426,0.55056869722384727,0.40531143352108773,0.47632053659628648,0.2597013383369407
427,0.26471156349427766,0.065018026466073936,0.46375362321573682,0.25299342004770614
428,0.26328900577052267,0.41548761309128024,0.46941096680613964,0.25806773501185098
429,0.12343290538667935,0.83582191789326021,0.47116781995362006,0.26255716498756454
430,0.047558226769568869,0.90182758908079708,0.46883005599709499,0.26229691691672402
431,0.37977406420862536,0.083084437463188082,0.46694113156391004,0.25386999367992424
432,0.88201652785324258,0.23020860902074494,0.47829798839938875,0.25777494409623036
433,0.50571242545373973,0.62032074639491042,0.47928273323976073,0.26293303886269215
434,0.90634760908667233,0.095214193852047907,0.47588153512777415,0.25544604547876065
435,0.61106603844204221,0.3443349694629782,0.47635408772265991,0.2589616190395867
436,0.73101654522937021,0.01606715090899961,0.47206924003699957,0.25383296126133842
437,0.071590191006043455,0.59753622786834604,0.46537547438933724,0.25855011717467347
438,0.16892100751415129,0.15720353407262591,0.46234157623312705,0.25360480476395503
439,0.32315891583588674,0.64432050366051263,0.47500118502798283,0.26198232223517692
440,0.51327669858307345,0.65418434152834815,0.48006931580731443,0.26352512781574428
441,0.32648416875818514,0.73532249233919433,0.47664305122614664,0.26339258986000919
442,0.50529359150958475,0.57077700682847055,0.47837516073809511,0.26213403301339377
443,0.11661998300912092,0.27440990560710199,0.46231428859554163,0.25471987001347757
444,0.71272169690179876,0.480113622864557,0.48072089751065655,0.26161689248802966
445,0.47063465369372864,0.40614833625195318,0.47463826276413135,0.25931549601751297
446,0.87725556896856294,0.17965804197507679,0.47722332959540625,0.25688138528476556
447,0.6870240553563578,0.17132680129463551,0.47438174846102832,0.25633742664767706
448,0.6686233109057067,0.51779204723074801,0.48067345667655598,0.26207757156200789
449,0.75022723888478948,0.85111994173413852,0.48852349919796051,0.26808624751375015
450,0.65804946533612674,0.57943197815938619,0.48165313719049008,0.26306577273695692
451,0.6393723036965705,0.50298675243150215,0.47985730345310174,0.26170466482803428
452,0.41716619187354809,0.53217525139619826,0.47560513465934579,0.26097267573870936
453,0.05474050809979672,0.70263199330534554,0.46620235898660206,0.25972237946883459
454,0.98914038553886352,0.99833454812035205,0.49358585010202921,0.27029091468738442
455,0.27159998155840442,0.41909921039330078,0.46971914966007605,0.25818885980712436
456,0.52507514642322206,0.1912429910250823,0.47191651761166159,0.25615406195805801
457,0.59915651043838591,0.40993599812692266,0.47735606121510143,0.25999200233355679
458,0.020453881523234307,0.8218078587466735,0.46635619353189128,0.26076074117959025
459,0.99132570219767524,0.2913797266624053,0.48087645430459419,0.25905822289261904
460,0.94510406971821803,0.43614332115059956,0.48328061845410464,0.26155533908313594
461,0.40404948302808918,0.20994113907624271,0.46967647675520419,0.25591423163424809
462,0.88770193341249837,0.13479437610894676,0.47645331738735125,0.25611352338373039
463,0.40186246716185708,0.51414175467587775,0.47490543829573756,0.26058962387930545
464,0.30728471908393551,0.085359244480996854,0.46521356435026112,0.25353545516646098
465,0.25419426844780102,0.93030908209221674,0.47752163622361943,0.26552087932477875
466,0.60729505313079579,0.46370284995782424,0.47851471392038181,0.26091252746377086
467,0.90289385767559294,0.35232986596502597,0.4810292459014594,0.25996780099924549
468,0.75713967206691157,0.40114622864158594,0.47991201548944973,0.26042432124095366
469,0.21703871226770571,0.49993186498180731,0.46932279591445891,0.25888142064294534
470,0.86855130371457201,0.29326441042321966,0.47938741238290206,0.25885223896761045
471,0.69568231168322958,0.40426344322933583,0.47897440161597737,0.26027184170052464
472,0.93671322779856858,0.22315518628853606,0.47883344621771434,0.25774775601547578
473,0.29472605652610073,0.4317959093276062,0.47060708003615426,0.25856102664873226
474,0.50208635801897616,0.47210145938018105,0.47651847883558224,0.26053395049191558
475,0.4104495996073238,0.94227189772174469,0.48235559331431588,0.26711249767873219
476,0.46967854829452699,0.25663620892878392,0.47195595486150965,0.2569557767422388
477,0.53679415288007593,0.02814844169515418,0.46919290918231121,0.25360033444855684
478,0.96125407931964146,0.60126165524817776,0.48687113494293316,0.2645548628565656
479,0.37544191017221895,0.16961692384720081,0.46831264184836058,0.25515437954897785
480,0.29029182277164656,0.19599227375230985,0.46658329258931897,0.25505250183302131
481,0.12994753921421945,0.1413730237425887,0.46078651731522563,0.2530471365130959
482,0.94770212878143656,0.2645948056462803,0.47981012984252736,0.2585028016757086
483,0.95811946066551612,0.81599705992661187,0.49120588748228827,0.26838919369100661
484,0.97365568260051083,0.044005382586771162,0.47559930549716622,0.25461482014993886
485,0.57232265112329039,0.11313750184249366,0.47137587037554612,0.25506353283920619
486,0.3633349504235317,0.78162029829545654,0.47850886902658102,0.26442943990684659
487,0.75634764387797337,0.70929556688662854,0.48591463539032759,0.26571314354416642
488,0.48254970827264482,0.0041714503583847552,0.46774827409066849,0.2530599819685489
489,0.86585749484981644,0.68415506063677611,0.48718955832001948,0.26571588930385903
490,0.28925660597918323,0.60749740458993473,0.47337192724230109,0.26113109618405883
491,0.90836954376309886,0.63470266078779247,0.48681997246210035,0.26498823600647409
492,0.85678850682148477,0.29104159922419354,0.47918560760435125,0.25878738070268253
493,0.76815966565030391,0.86328840067534485,0.48903168212488779,0.26834337066652508
494,0.64816241521331253,0.44641351342151175,0.47894852792780507,0.26079870793049287
495,0.69745731082096463,0.096648043458035682,0.47312065908780776,0.25511633413833812
496,0.29293480616387679,0.54160118469874152,0.47238345805945831,0.26018016302332048
497,0.8744251410497702,0.27753311611936665,0.47914958700375604,0.25858926778280311
498,0.13879099915170809,0.61736718442515715,0.46839246901876846,0.25969853653111286
499,0.94380346487875799,0.85393297239922683,0.49165260396783317,0.26891799451454557
500,0.76384748280275383,0.67618519289203693,0.48539579460736632,0.26517514995439762
501,0.26746673983765068,0.27706633106252415,0.46727057084026763,0.25607853543543452
502,0.84575435200197391,0.88001780339513203,0.49054931120026873,0.2688858868459616
503,0.62422826302350731,0.8336846871298621,0.48579654545308626,0.26714244823562699
504,0.90267713286856899,0.50727357791588867,0.48416052574805662,0.26270920565709743
505,0.085667273851588829,0.60449445735529306,0.4660727603429578,0.25883791245502863
506,0.52183572739054218,0.66978890885064613,0.48054697767543131,0.26383015505016577
507,0.46458071426415121,0.94329110175351383,0.48375501765026141,0.26752832172380386
508,0.56196941752274299,0.83031820213879692,0.48439516105488201,0.26670188453069632
509,0.41854135838086953,0.30175576933153209,0.47160687643274879,0.25740252346933595
510,0.00083784198121866218,0.57935286330968383,0.46191398855359228,0.25724709727516359
511,0.25059357541265198,0.36353898934727769,0.46817974102667143,0.25720569318241177
512,0.3529451529454789,0.57297494145923999,0.47463070190696782,0.26114074938661036
513,0.65654561107986387,0.65144767070583764,0.48299369679819432,0.26426717993422366
514,0.25542708356716903,0.85859115976031175,0.47645450945520434,0.26453242056962467
515,0.64523805921563182,0.85646053914806108,0.48662848974437217,0.26762248840067987
516,0.27382242949061331,0.71588070689468875,0.4746952787532881,0.26260201312313008
517,0.85911947866246341,0.79328475124909315,0.4892697117018649,0.26761258922327991
518,0.94497800795194931,0.89451899457214179,0.49219870034470137,0.26940313092729151
519,0.38226709155068966,0.6677018631220214,0.47706377058072202,0.26282581996169457
520,0.05742546130918199,0.68827903668774526,0.46610919387019378,0.25956962645215986
521,0.7360466627287795,0.66344970723245056,0.48467037203325664,0.26483707291014419
522,0.45821236678963762,0.77817137173764639,0.48098931389394167,0.26513883725367138
523,0.98861825001892867,0.33411384951834333,0.48172546511535702,0.25982113744489033
524,0.20831488444319696,0.74705504230236397,0.47300429843543007,0.26236589309774194
525,0.71897198773216231,0.90712769154469719,0.48874321915255287,0.2686441119837677
526,0.16902260749464623,0.84005716411144249,0.47304387517010044,0.26323064144817049
527,0.40431215030736056,0.50872687555452578,0.47487285889116171,0.26052211181382973
528,0.067965289763256442,0.35336619407526448,0.46160873390750995,0.25522987110178069
529,0.17790447355696234,0.89410636946411104,0.47424296702136598,0.2641216977624925
530,0.26450400492426707,0.23308744018980068,0.46646891446573241,0.25541784182689975
531,0.66913484173576587,0.49092991246845341,0.48017073880478389,0.26162868766046288
532,0.38928898009675328,0.77912926836538832,0.47919324141253672,0.26461222050717503
533,0.35319739886642204,0.23472469181997005,0.4688746553785097,0.2560137133013502
534,0.98131537863082496,0.045243744861322925,0.47570637763918472,0.25464357209582039
535,0.65291493280861768,0.51331383725482738,0.48030277283977385,0.2619356767966397
536,0.49775744191942506,0.61554847720722905,0.47901499546914589,0.26280764040641447
537,0.90610059992362513,0.2331897930992651,0.47866219636582119,0.25787194217925347
538,0.36665511118661381,0.75579250673122012,0.47815730065997786,0.26405958029266408
539,0.56010002192148245,0.8453464544341085,0.48462766514977895,0.26693369362699759
540,0.73730407338427617,0.8467205996782402,0.48821801612207127,0.26795784967381098
541,0.64187644620138451,0.64821102455462098,0.4826511309354572,0.2641406933429869
542,0.25266945351638137,0.090122315460478428,0.46382393673385786,0.2532780737342602
543,0.024749845575296785,0.46098557299702664,0.46132801616180952,0.25607181103683868
544,0.88434729243294574,0.24122173244146397,0.47854909920832295,0.25797253328489278
545,0.35548232550736286,0.31625647243572169,0.47031610801803025,0.25725694840997387
546,0.42135819009003461,0.92936002684329866,0.4824999122198686,0.26706462483258481
547,0.89223661412104271,0.88918553523399169,0.49137477105723443,0.2691648649599665
548,0.088442941307590811,0.5561016365463497,0.46545981382115542,0.25821635342089144
549,0.86041643613429042,0.81204614000100417,0.48966248136308999,0.26794616734409704
550,0.68775967522131987,0.11870430252362275,0.47339239763353352,0.25546207370583357
551,0.7508858991593006,0.65070370500459107,0.48467795600634528,0.2646819858762926
552,0.05586238314133371,0.19388718863761753,0.45879719173348332,0.25298600991293713
553,0.92316084586655489,0.31988744103600042,0.48063257619576805,0.25943763794006314
554,0.61242475271298324,0.0076257167874253353,0.47011767373130842,0.25346406325494103
555,0.80509586252466547,0.91043891150640566,0.4902563262311988,0.26905228218381572
556,0.39834548634957762,0.10698983953393765,0.46777344219213934,0.25431688622346754
557,0.41933160668831554,0.46340222285761268,0.47445238690375124,0.25991499529408946
558,0.90396874144532491,0.88244826191406467,0.49146795797623299,0.26913314332977378
559,0.47902380830898184,0.72286264514973153,0.48051026609200104,0.26440505235976913
560,0.50866120049733443,0.97216016437950314,0.48506826921905588,0.26807084528691427
561,0.48007939137775685,0.62842916573194096,0.47883715505044439,0.2629027691029811
562,0.89713338972117052,0.26547342160091503,0.47920080002444593,0.25842366002351908
563,0.5836314340504003,0.92161895365369284,0.48625471527843306,0.2680848871773997
564,0.79674652741182372,0.26851135003148813,0.47790644643672631,0.25825754609258683
565,0.15326668026834961,0.94824197634545859,0.47406952546542852,0.26450910712626841
566,0.9594440495681833,0.42790120846534846,0.48329515460087108,0.26144195005889098
567,0.95894488637602193,0.56807484941958686,0.48616048781309606,0.26395271091654821
568,0.5589106888015406,0.67164322511163776,0.48139717864521375,0.26408211466547143
569,0.96670566692008875,0.6020845066470677,0.48696086471135552,0.26458553900442366
570,0.041029663399967831,0.31842614139494252,0.45998392331219595,0.25443178910845016
571,0.35659854301811433,0.98939033606323656,0.48130373299405477,0.26707657983360211
572,0.40487379770294069,0.43489542866902192,0.47359965614931804,0.25938178257494099
573,0.56965609752362356,0.91627027958523255,0.48589449725536771,0.26794634737290673
574,0.15379884775596439,0.28290344382439508,0.46376933395959891,0.25520698886994153
575,0.50024070415584143,0.45613395403117174,0.47618974842588219,0.26026871230021337
576,0.40675565554121279,0.17289852783378445,0.46909883627482246,0.25536087665106771
577,0.24612009049573683,0.88650314180707801,0.4765954742962194,0.26484076832557624
578,0.57067863646867911,0.90058225176382123,0.48572344172175574,0.26777565945392967
579,0.2390420455115731,0.42754640164800223,0.46886236608496701,0.25803711764067166
580,0.83765879367798335,0.70509953490098709,0.48717180731780518,0.26597732357065035
581,0.28295984622159742,0.29406250792889627,0.46799203803299794,0.25643952822051347
582,0.62771799092519798,0.0063038063967251218,0.47033948282550003,0.25347624173132144
583,0.43953647367485105,0.70412181228451665,0.47920043094498427,0.26382770070813055
584,0.3006407160853618,0.45466766987048324,0.47115859617241773,0.25894761692123625
585,0.59816245548952141,0.6510577825306566,0.48183695189307735,0.26396240197599347
586,0.18974789842643078,0.37103174236881314,0.46636447299089079,0.25678045320436277
587,0.63724118110326811,0.48172914554529128,0.47941634876419936,0.26134152201855171
588,0.81076934647368037,0.61534116800242344,0.48496571080101286,0.26430723399718375
589,0.65952468977301626,0.52749518618852609,0.48069305085705982,0.26220157296851693
590,0.15243104946460809,0.15811964920106111,0.46180896317804437,0.25347617388479032
591,0.97662348092341567,0.36255474349033323,0.48216694481897748,0.26030829329248112
592,0.47446994826140582,0.45293928985897219,0.47556037372718302,0.2600770629209051
593,0.98655994518228107,0.691087423861248,0.48905517792338976,0.26624839655218263
594,0.96683192234247695,0.076552997064671946,0.47619043034528385,0.25518640029185735
595,0.79465227012898543,0.029504349988780453,0.4731912074027495,0.25415808402861328
596,0.48145830078559232,0.3945145330980071,0.47467037122554639,0.25918878641391724
597,0.77923031771696405,0.84729313866264422,0.48896645769196934,0.26816431535792912
598,0.3214550505433581,0.29602811823555969,0.46908430347471819,0.25673421467973173
599,0.24004127734206851,0.69321542566531569,0.47322013759350512,0.26192487974724343
600,0.025740098674700129,0.11538704556775047,0.45645147880359899,0.25162453349229524
601,0.086949730593117419,0.27268738807925258,0.46117106196504504,0.25437733090415277
602,0.93773049778874273,0.18881629744978853,0.47814710630485469,0.25714070703748088
603,0.43541331781180342,0.21482502727274552,0.47047204081709887,0.25614333582995941
604,0.51611516033707883,0.36632516069629928,0.47490417168366234,0.25891223700174021
605,0.78110022219914244,0.66308466966698176,0.48542773978652159,0.26502044902844157
606,0.055192560600966688,0.38298267696850236,0.46151602338728892,0.25546192228565212
607,0.14659587179099909,0.84202613911445956,0.47220018792481966,0.26296330920186095
608,0.88396470704440722,0.30852631088263588,0.47989758225582169,0.25915368993590199
609,0.96879400115968894,0.41027734556497308,0.48305110697414366,0.26114750177591595
610,0.57902210421707723,0.52680005212515835,0.47913536571610221,0.26181776410137292
611,0.65668796829181963,0.36085551910098873,0.47747933555244959,0.25940501012796191
612,0.067327474431216255,0.69272090031349798,0.46661191475390817,0.25977696597499411
613,0.28021750958181219,0.061443622978555511,0.46411407609625682,0.25303390118359625
614,0.15963547028364847,0.19661086726981447,0.46264063560763202,0.2540688145425597
615,0.46293912110388047,0.95352727756429234,0.483814496229934,0.26761011040706234
616,0.67662628303164385,0.81657067643423797,0.48652625887139989,0.26715328815303746
617,0.42191960101196307,0.64203387351379493,0.47765602749642228,0.26272346081842202
618,0.13239888196234825,0.74045351640790469,0.4700521737635317,0.2613418196077899
619,0.12122069756529527,0.75185276022945768,0.4697797052479214,0.26135191536690067
620,0.93108624090520897,0.96552997629292081,0.49261386162802406,0.2699336464735041
621,0.52290735970960234,0.080267693197226625,0.46987458138134269,0.25438380046462183
622,0.35029697049845709,0.74029765046417018,0.47742429572860129,0.26368009144142984
623,0.91291818116049983,0.82429448136227446,0.49070166945301075,0.26835970195220715
624,0.46181808672848862,0.6764694034817279,0.47926117838532095,0.26354694210615121
625,0.67610289698998682,0.12015512018249137,0.47323900686622133,0.25545865217735703
626,0.014715039328287823,0.062618604853458243,0.45525454512406593,0.25082679119572399
627,0.83442771523207193,0.88436350109999773,0.49042606140009926,0.26889205288849222
628,0.23759994243496332,0.096226196379528853,0.46349342976761726,0.25326636660559265
629,0.028562449828686658,0.4166930575831444,0.46086053717294068,0.25554765713355732
630,0.2562638775711763,0.99467543300291295,0.47827014706544396,0.26617456409900697
631,0.71907283525048993,0.0093797690460341986,0.47177253051820583,0.25370115282336858
632,0.35642463358688403,0.89081827873805308,0.48016860343140344,0.26603309868620439
633,0.82352817517445653,0.42821054158118788,0.48145010338766825,0.26109284596300558
634,0.65281731959538303,0.33877856295536041,0.47699406276983092,0.25902358344934362
635,0.60084600412271683,0.74826144157493257,0.48370927179787121,0.265586405072473
636,0.96510097114212123,0.074967752564616963,0.47613909901456397,0.25515647520353996
637,0.98601250771101345,0.93936896607022502,0.49317352255214109,0.26991969925346293
638,0.37096872967589878,0.91913647035405743,0.4809938126406208,0.26653139625610078
639,0.57632142467523229,0.4342457814262598,0.47736638628010503,0.26029005101292552
640,0.020042139358364512,0.77109067955884381,0.46559748539620271,0.26008035262636997
641,0.27247133706788301,0.68149432784918462,0.4740816007697975,0.26207705308088103
642,0.33057621000924847,0.21008199200708189,0.46788455326981232,0.25551137977402222
643,0.53024476190513237,0.096515551196003802,0.47030494710098519,0.25466532398195252
644,0.11549724302013638,0.3743780248383875,0.46378242793813329,0.25606808488392707
645,0.14793443595933495,0.015775235349184371,0.45949890625119205,0.25150013611564076
646,0.79999963220994696,0.35319493132942592,0.47962121226681254,0.25972603859847115
647,0.59373686911951518,0.65807484526854243,0.48187741110281379,0.26405450688614884
648,0.71591612553690798,0.40250952993229733,0.47927725638159935,0.26031238981002758
649,0.46646567426976981,0.51799831155835419,0.47654002399700895,0.26106166907025991
650,0.50129996014492362,0.65018411988880254,0.4797231720102173,0.26338605078964089
651,0.86832810003421046,0.086105384420382333,0.47524150640884333,0.25523629563194722
652,0.70018531323414068,0.78662961685453781,0.48640244686095618,0.26676947224048436
653,0.29152214814146288,0.80345010638631642,0.47671932768454384,0.26408898306262568
654,0.90768486050552466,0.092715676557889676,0.47584695445189129,0.25540391702368409
655,0.47355115277796289,0.80566743022726162,0.48186474390213285,0.26569083777822045
656,0.053522638595255564,0.97669497608958045,0.47014453220990293,0.26334412280247116
657,0.80346068959262917,0.71414149850175024,0.48680164033482654,0.26599796811429627
658,0.19191301993123489,0.88043043549984001,0.47455342597722466,0.26410336149478403
659,0.29649530085710579,0.67020588564606154,0.4746409165656143,0.26213526439436974
660,0.44646920848217558,0.29563168616081825,0.47213743031419642,0.25745361355332924
661,0.071305461968213787,0.39020275627257067,0.46228716097993328,0.25576168095720719
662,0.19947147114857799,0.76625075096354123,0.47299750740871743,0.26254210341685374
663,0.60473461037365484,0.99432393171406586,0.48730403443687414,0.26878072994323499
664,0.14954546074316605,0.33302398248760728,0.46439254697986726,0.25585898948889718
665,0.77588762256811605,0.93025270071605926,0.48996884053374118,0.26911445148453683
666,0.82010149726815296,0.65822498163093113,0.48596298627259588,0.2650897874748947
667,0.48152191722270804,0.74098902043857373,0.48089677124338798,0.26471249313052858
668,0.13584996458900858,0.1639524771450204,0.46133211175100308,0.25340741911640224
669,0.010883071958937217,0.64227472175954603,0.46329487288384669,0.25823049711163565
670,0.43887365732825129,0.043007118600176183,0.4675494918529346,0.25350846119320231
671,0.86153778627266875,0.52469481584917532,0.48392889242433884,0.26289442082883901
672,0.16065195404532134,0.97641471642233668,0.4746823925399774,0.26490632222438054
673,0.55470242123695801,0.97395883240249248,0.4861131308893421,0.26836606303282801
674,0.13745461533543421,0.86878965729888302,0.47225235688832795,0.26321707158838575
675,0.44478545457952429,0.76042645392621644,0.48033347306502705,0.26475706425157719
676,0.15561295991129009,0.5950337688278291,0.46867937286025402,0.25958523060926109
677,0.10460869546827162,0.25335569868251917,0.46155379864389101,0.25430961948910119
678,0.62181736668894305,0.76813162451287498,0.48451521811967097,0.26603649307025656
679,0.65942121621287664,0.88755916958366299,0.48738110495649106,0.26812440932249032
680,0.23688748265431495,0.8205360669088666,0.47519600679286778,0.2637631203793544
681,0.031913437690550932,0.22793068319669693,0.45830267909901412,0.253142103867183
682,0.31493974658410301,0.46448096521619009,0.47173067078178677,0.25920557980962788
683,0.31391066679464419,0.64053734537701823,0.47466541008789775,0.26184497789413391
684,0.54169822894708497,0.032719192063028459,0.46936408640778832,0.25368691426544498
685,0.52554434624280555,0.8162674985399121,0.48330622694046027,0.26622994910288611
686,0.29633744052749827,0.69334286621896324,0.47502387620804443,0.26248106315533115
687,0.86893845860877772,0.11206863973123254,0.47576723969485679,0.25568890583841047
688,0.2342749427036033,0.90067950252393503,0.47640906506731961,0.26490769947596177
689,0.30481094361600702,0.36107239275836622,0.469715925776577,0.25758669728056161
690,0.13473019502615791,0.8260957560279989,0.47147670006744141,0.26257711699470332
691,0.91744688632056359,0.23865836524051848,0.47891357977261617,0.25798888430426514
692,0.80911124295893833,0.86479389040834509,0.48974753107440561,0.26854483672057256
693,0.62790138040705357,0.17948881259051852,0.47357011036405205,0.2563092759867508
694,0.31858524869038957,0.93000153454408285,0.4795879193357635,0.26617876621962766
695,0.38061893924280304,0.67109572433641884,0.47707799385646654,0.26286538394111969
696,0.7211530970623834,0.81698045047564671,0.48737790657161378,0.26739363639282948
697,0.059657515283522665,0.089820118048146838,0.4574478724004814,0.25167380733974676
698,0.72411766685567569,0.058458026065712335,0.47278398469670269,0.25453157193124992
699,0.91866723427757391,0.65442766413734066,0.48736676494984876,0.26537305071029382
700,0.50190055455729599,0.37165981387988434,0.47470156940184399,0.2589289262334698
701,0.27915230765958549,0.19357185954578454,0.46623746918380482,0.25494411602174344
702,0.81390989485554166,0.075096199050813453,0.47433590889564253,0.25496662482142152
703,0.15574576125143794,0.5562784937166958,0.46807884342323602,0.25904127666454446
704,0.31035369298978477,0.69204702738953061,0.47542817596598896,0.26259061976649795
705,0.99048841670594412,0.90598045656421455,0.49294032445225011,0.26965746557680559
706,0.43359118730671475,0.44661746886497133,0.47450086855764678,0.2597406357436467
707,0.83314547718981058,0.2911689758957946,0.47886572954496653,0.25873566520267949
708,0.16308677443616323,0.18269744695007104,0.46254188323107231,0.25390709896063857
709,0.54381804257022459,0.50000389057492134,0.47791872372369221,0.26120325890799334
710,0.5430291148562334,0.93213877211349316,0.48548324445667229,0.26794446133307009
711,0.73860132891648689,0.57594341824237494,0.48301404425459832,0.26334988243107477
712,0.35108786141121529,0.52814379822170598,0.47381292477747178,0.26044277414029032
713,0.90689411515489926,0.83609737611034662,0.49082249117966681,0.26852407026140018
714,0.48819804449441145,0.0050812976293615067,0.46787341082263373,0.2530919721720567
715,0.48620576538507598,0.36360132393693789,0.47422012960343674,0.25872301440326678
716,0.55218087166069307,0.62317280421172039,0.4803590875181718,0.26325176460915944
717,0.89839791353355403,0.35521265965948118,0.48102851298054905,0.26000842973270133
718,0.66137853000579638,0.012330687461292837,0.47097770806473249,0.25364451520835823
719,0.37679895188995871,0.96836272023360948,0.48169452187114242,0.26707813870336833
720,0.29308362496393969,0.42366375774113696,0.47042448751436566,0.25842750880146931
721,0.17039181587266503,0.65745967664060889,0.47020628676820675,0.26064114775015373
722,0.15060774095627713,0.82012441201802577,0.47201504352575663,0.26270621401224947
723,0.69216817566828104,0.76269674687586964,0.48579213446945269,0.26632217856542706
724,0.18744812518201071,0.0090926160632050605,0.46064275049351067,0.25170238406649981
725,0.50973982766411507,0.69564176304376446,0.48074214438023027,0.2641719088841647
726,0.60135036754499893,0.49339438901984833,0.47895512852805872,0.26137528857383524
727,0.9539503672141233,0.78762682641478032,0.49058106198490625,0.26787626781136553
728,0.86921425935010199,0.52319252428462493,0.48400968734355004,0.26289163628701456
729,0.69766694556650477,0.77997994408773963,0.48622736073819506,0.2666435916178142
730,0.81357741795220639,0.4318388027509325,0.48137530736418493,0.2611265466208284
731,0.34356305077798899,0.72957511159899879,0.4770461691947489,0.26345704745552639
732,0.13495824687835994,0.80201188309375437,0.47111094888914817,0.2622410205678114
733,0.15533564249837073,0.25960787930862278,0.46346369314731589,0.25489944606593273
734,0.82792914310545906,0.23354946559556994,0.4776510069663753,0.25772457840298185
735,0.7966884728500504,0.32403183094727572,0.47899824759943049,0.25921390412670592
736,0.88456703705220718,0.77533924409277977,0.48930562046455639,0.26739749275127089
737,0.61974097691116625,0.37883283260524042,0.47715849550373485,0.25956394149556788
738,0.4550714037828264,0.16361449774339562,0.47000021229310013,0.25543749524617304
739,0.75821639673385066,0.012987054655665999,0.47238524946727645,0.25382419446650983
740,0.90349226923115789,0.2160617774702725,0.47828387218357121,0.25756559671311713
741,0.50142058174753334,0.46519533638950672,0.47637914967283346,0.26041989511077129
742,0.15716938739990582,0.57576816314804602,0.46843577785591706,0.25933180838959385
743,0.51591750438144668,0.87581965516606586,0.48412712016820469,0.26709735766483605
744,0.66475574591547493,0.99719666234023174,0.4884951842641001,0.26909945585840278
745,0.33438248261654518,0.94130637703690445,0.48020036583157266,0.26645203255571953
746,0.98164479983305797,0.45434372058260492,0.4841173427313481,0.26196821209886906
747,0.0010456261574407109,0.23062109623494326,0.45700470648085456,0.25277720912128365
748,0.84457474906918362,0.085715750738943455,0.47493833120394785,0.25519572431063381
749,0.15392466118148296,0.54133297565906546,0.46777870152090528,0.25881064000316412
750,0.85063342577592704,0.32780838983479194,0.47983619896557961,0.25941511635854947
751,0.050265900750353469,0.85870821754055793,0.46831573048879116,0.26175847370232735
752,0.46436552335195014,0.52365861686900028,0.47659220789303636,0.26113866312233591
753,0.22718318298083032,0.087453068111755433,0.46305225131852285,0.25307161813212292
754,0.26962373228453801,0.58007751275688646,0.47231323685652288,0.26054596361433829
755,0.85903149153630953,0.15296818196844542,0.47645884160388341,0.25638499639416734
756,0.10186259872867959,0.35293908402583329,0.46294089263682808,0.25562374163932006
757,0.18366105050636689,0.20985107878233539,0.46363710916768269,0.25446026016195122
758,0.047109190889669118,0.27990352296287896,0.45968259824797641,0.2540051179421362
759,0.84021425535575256,0.77405085372264726,0.48858521338582095,0.26719660410546059
760,0.70544683662947505,0.17195779425433139,0.47468011784389891,0.25639433813772139
761,0.15550769096164732,0.61174904697445454,0.46893683355088484,0.25981957062218358
762,0.36009125382268103,0.65886220165713461,0.4763025132964267,0.26251264719954431
763,0.71299779115008433,0.19732154562332435,0.47528222996366254,0.25683915385050798
764,0.9224985454094714,0.22729939377390546,0.47874539221631762,0.25779700484617674
765,0.98198739658748968,0.28699321302335012,0.48067699196626118,0.25896328063919649
766,0.82444568593116707,0.79411763900824595,0.48872828097397691,0.26748149431495111
767,0.35935749584204751,0.82905520320542858,0.47921232883957449,0.26512576929180948
768,0.23590296751946443,0.22001989926932147,0.46542152739449472,0.25502032499304761
769,0.52453878194083237,0.87442133623521079,0.48430737708718224,0.26713688413102438
770,0.19265983731049346,0.27170266284687677,0.46489656790922818,0.25540470589581221
771,0.51775456657792673,0.90836352306810442,0.48463227458983626,0.26752843630967021
772,0.98241673791228101,0.59032300261751525,0.48692657362874864,0.26441870710414284
773,0.62765775799249535,0.031326743017660919,0.4708035060689057,0.25388388315443744
774,0.31444035751452903,0.44203812747556953,0.47133974219539665,0.25886558829124817
775,0.065381579512020102,0.96221908672360013,0.47051547899288465,0.26337614172855012
776,0.84608461706467208,0.43276198349877959,0.48186739627644443,0.26123698869948941
777,0.33821440552360144,0.809872626204032,0.47826206244526664,0.2646373565247826
778,0.21721680718163261,0.85507476230392943,0.47506851627421198,0.26404326302718106
779,0.16429356232489226,0.22235340278990334,0.46319329773017492,0.25446600457230051
780,0.44503082004288447,0.91605701531328965,0.4829533019606515,0.26709883106172433
781,0.44573800198294927,0.2632139276137459,0.4715502089728642,0.25694461400323637
782,0.39612465024924604,0.54019224797553622,0.47521291097776885,0.26095395328078719
783,0.99977761505170493,0.33250416939553107,0.48182384202331929,0.25981302762571468
784,0.38071893501280579,0.78037764483700733,0.4789775841243919,0.26455965031748313
785,0.62722556498105408,0.19727566663759064,0.47389118446032469,0.25659941723447927
786,0.19252321120478447,0.93546428204780674,0.47540520095263594,0.26486260422891406
787,0.42338538292822198,0.77420322937426389,0.48002398210157343,0.26481065627028633
788,0.12961729412785497,0.82397653593426812,0.47123687214617699,0.262477030284965
789,0.8768485596516985,0.60228903929585365,0.48570978394818298,0.26431023501386924
790,0.97260412320111644,0.36835043475303103,0.48223709616351018,0.26040399632549943
791,0.83713933622291081,0.89442026208293401,0.49059191497324101,0.26901507262166058
792,0.67162488902910855,0.038246324298961555,0.47162188544857303,0.25409236478639829
793,0.2879290317161125,0.92072568787831122,0.47850428128374101,0.26576211870737326
794,0.40862682069133738,0.87730105893149746,0.48142896802889223,0.26629898507070804
795,0.67785645853242615,0.86738988056395905,0.48744743500489252,0.26795876480090264
796,0.76195488014885926,0.93115459036316028,0.48974199192647533,0.26906383409955098
797,0.92976965508948783,0.87901665107366866,0.49179929868502942,0.26918369655774382
798,0.11030970032043989,0.44889551705302438,0.46471306191729506,0.2570265797464803
799,0.05775878672009567,0.26738278818373806,0.45993794851205888,0.25397036130505363
800,0.16587599667190808,0.57909522270037561,0.46880694189837846,0.25947771571830536
801,0.27614461215216435,0.87478028012240538,0.47741445485466344,0.26499973526705423
802,0.99785698805049761,0.90240166555746704,0.49300283605680234,0.26964680160009491
803,0.3406004124114872,0.60602371856112736,0.47485127590214565,0.26154670232782312
804,0.18689176727259765,0.68794768162035624,0.4712910714685119,0.26126783613490906
805,0.038462128003977705,0.18132040392117343,0.45791086899339645,0.25262020172844774
806,0.1913002967192442,0.35259484325944218,0.46612539273220255,0.2565341213075914
807,0.73890358144784118,0.17752556444759249,0.47529161397367609,0.25656805795564569
808,0.34723682327106364,0.065973694072279612,0.46588585475786015,0.25345870743197552
809,0.07831851904712385,0.51923391439354749,0.46449012564597225,0.25758361547309239
810,0.64243169589185867,0.66219726170107029,0.48292660155970513,0.26437743868601815
811,0.10733372650166276,0.88738361611767913,0.47128931441465105,0.26304530834748857
812,0.17005834634617203,0.050004776799550746,0.46073094612981735,0.25213784466675815
813,0.34578425342963309,0.30334022954265821,0.46984741256275458,0.25700109627257128
814,0.12027325731754536,0.44154313336560735,0.4649831486417465,0.25704159988222214
815,0.82847636068750874,0.47368614537267711,0.48242626743106976,0.26189957219233873
816,0.59748277873526101,0.52322934449483871,0.47943647356555857,0.26184886303567084
817,0.74306864820915508,0.31224242648886286,0.47796348380376585,0.25886461222060475
818,0.071047996437537952,0.064076004294061573,0.45751278846702764,0.25145644746473927
819,0.65191167598710165,0.91868562720877822,0.48761302467037454,0.26843158737630912
820,0.21325530521218899,0.43850113420950948,0.46821309580346759,0.25796180975339883
821,0.78986233776487647,0.50078053953471824,0.48237590290277355,0.26224553905066961
822,0.22816831031726906,0.58312323838270974,0.47103349005963141,0.2601952799679278
823,0.40903274848054866,0.11092391559222015,0.46808101605176572,0.25442496022226518
824,0.71493089667231546,0.77060819333164265,0.48636761386483307,0.26657063280803717
825,0.15868749067260651,0.54229562994731828,0.46796828189421757,0.25887776741423696
826,0.82903828777408928,0.46237257818266519,0.48220966219941952,0.2617040762239819
827,0.51402072951860034,0.84029204968769344,0.48347326135581459,0.2665398382913623
828,0.48537237296275559,0.36670327566292837,0.47425766100511535,0.25876800441257347
829,0.99018146813261565,0.034820989065908366,0.47558634138951367,0.25446543327091115
830,0.32544055166376057,0.35838038360622015,0.47023774258849099,0.25769274836988926
831,0.44926775267688795,0.41096210198592165,0.47423841358843516,0.25927344417535936
832,0.2555827958358568,0.81645822078223573,0.47576419839008915,0.2639086743688383
833,0.23995669600049732,0.37383215617368698,0.46802123598671674,0.25726677084452382
834,0.78668533726352041,0.43842943011739993,0.48109986716115932,0.26115821578761778
835,0.93274781243229521,0.61740507475723283,0.48681218075437749,0.26475792718541163
836,0.24228454105845887,0.20492050214164192,0.46536843043744558,0.25485125729519825
837,0.95409865011539086,0.79214936151407889,0.49067546351307317,0.26795795256291821
838,0.28456276578131368,0.80263211911869015,0.47648384007070477,0.26400633490171904
839,0.91756801845055314,0.053072318092931531,0.47516233613896508,0.25471970278204104
840,0.68016322539570973,0.04173150048340904,0.47181730197693578,0.25416738338293515
841,0.018513419161399362,0.27906617912998194,0.45845509683068403,0.2536285090280615
842,0.50986767197697191,0.80022972364845923,0.482646072251042,0.26586238115757027
843,0.86446105023365238,0.35080074269148753,0.4804851873214192,0.25985062101106893
844,0.42291465614048068,0.3397713451054995,0.47237301099514017,0.25801508377827137
845,0.42274882734265412,0.0054701697156182491,0.46656094479027049,0.25287375680512025
846,0.18632378247942544,0.077378624770336329,0.46166341152901852,0.2526383617000163
847,0.27115566216710724,0.20230755909044529,0.4661567773603198,0.25501738160789428
848,0.38965396129387664,0.45807842906139556,0.4736216751307013,0.25964158412295796
849,0.37346783224748215,0.28391751846125118,0.47021685645664929,0.25687570744527216
850,0.81170461881057132,0.8063181132300874,0.48875914146072164,0.26763892440339565
851,0.47401937062387589,0.98605733610849133,0.48435546223459186,0.26794335011946835
852,0.17907166785992451,0.64527350814862872,0.47033021850849577,0.26056762911795889
853,0.39641228175944421,0.67032186429292195,0.4774884991635015,0.26297609916755771
854,0.1293095163405058,0.96138004419965439,0.47326725042035089,0.26432857951424921
855,0.5273908507563756,0.74562763439781266,0.48205781545438225,0.26509475768413177
856,0.83852567419266566,0.1284211039587739,0.47570783875842049,0.25592491168015952
857,0.12471512805024396,0.39425438207072439,0.46442985301199946,0.25644219901314969
858,0.98708864236098026,0.26937430077655011,0.48037388527117453,0.25865601632080526
859,0.63590484545057413,0.24867918842911022,0.47500336737398985,0.257473241583206
860,0.75451435875772732,0.55031250257397768,0.48278044428948913,0.26297240940806982
861,0.37566997154498244,0.58993504923627482,0.47553924959400623,0.26157424681721375
862,0.22638188577037074,0.45304553268750897,0.46887246776473751,0.2582926688275648
863,0.55175687047784461,0.46870493827465687,0.47750855500977268,0.26073523197802245
864,0.2732611889610882,0.67503490924855003,0.47399946149403011,0.26198863603951644
865,0.18676424277682091,0.71645587168330094,0.47174085883038408,0.26167565626037503
866,0.098286897717521055,0.94787342508161676,0.47179335993243643,0.26372166844348682
867,0.67413039069041847,0.68857697091872105,0.48403372707666842,0.26497808035045556
868,0.73846372981298491,0.63795401957914,0.48421688587977058,0.26441083733310444
869,0.77769076350467514,0.11128474003149896,0.47455963287251923,0.25552408980166341
870,0.32663884072998772,0.79129761406247268,0.47759911945068395,0.26424585162123865
871,0.52050318225891101,0.8512185668070219,0.48382250034591884,0.26675980208040029
872,0.036123640332592188,0.3809777204350685,0.46067627990300414,0.25518470662871073
873,0.14729106950877469,0.3800851257692906,0.46503767171020644,0.25648821724441556
874,0.6171043158218148,0.25903526366507867,0.47486947607562857,0.25758134493446772
875,0.017019934914063197,0.27012344966373641,0.45826340054607384,0.25349392661859621
876,0.79819792288654723,0.65009933263502317,0.48545176545063445,0.26486360701644873
877,0.33301441445403035,0.59248986118832836,0.47440598685489038,0.26127934474289088
878,0.51981687842028923,0.72045969110328012,0.48142524315410662,0.26463781270323644
879,0.11743124988853233,0.32188724112707423,0.46306069690161189,0.25537368733060306
880,0.54068277806238041,0.32080125019029948,0.47457651139887314,0.25829236859432458
881,0.056322040067811031,0.22406402784368257,0.45925182684453658,0.25338558899301222
882,0.21966795361366823,0.24852436285895529,0.46538404060509564,0.25530139932194446
883,0.82990620102813706,0.85959430721554675,0.49000776921980826,0.26856089205494516
884,0.97547689648378877,0.36970121454914334,0.48229991146172918,0.26043414824209543
885,0.91346950949908934,0.28604321492937163,0.47982375781711634,0.25881882665323969
886,0.83926378356079812,0.8378218767391169,0.4898032581912829,0.26828207780417906
887,0.57360764104750706,0.11006491463644197,0.47134244905251516,0.25501791613155023
888,0.28010121441074881,0.55836755696291807,0.4722760981838105,0.26031836375325568
889,0.83900737587810736,0.29894973365390903,0.47910125618884286,0.25888462371046467
890,0.35380684686825842,0.14995616028754738,0.46745701731796835,0.25474501723691045
891,0.9626483160855831,0.7293690582162119,0.48951342532214276,0.26686035313166473
892,0.76426440494336423,0.8401281237484306,0.48858267639809472,0.26798458621253057
893,0.92406562217347099,0.1798207005786826,0.47780178822328234,0.25696052069034891
894,0.22192534071909031,0.49275343916317216,0.46936781191968113,0.25882462650280913
895,0.16604182675977935,0.4116478270796477,0.46619114745370066,0.25712098103318504
896,0.39607289335172391,0.93829939729837941,0.48192307185047251,0.26695533916159386
897,0.030330279013991823,0.40604008666543523,0.46078507036232746,0.25543316684228451
898,0.46487441809530139,0.7674648492219277,0.48096429036488547,0.26501720585432587
899,0.37234415790099884,0.53857328906991753,0.47456386207715129,0.26075960722767749
900,0.53685240378283205,0.63533036293928746,0.48025050459686147,0.26336159433219541
901,0.75705148125070842,0.87204914149154211,0.48897015597006849,0.2684111304967231
902,0.36144911181678763,0.72273429278443801,0.47744012612374448,0.2635058418194311
903,0.41743144637193763,0.91549246452852395,0.48222606700563742,0.26687778305265875
904,0.1491076994936564,0.091536598807165859,0.46068410957073092,0.25253806878306712
905,0.39999751080303686,0.94591882081615042,0.48211266845854467,0.26706409964377548
906,0.75210168277696943,0.49593182813184106,0.48168021173009667,0.2620308307494183
907,0.27921858837491598,0.15600686509624356,0.46562593882386022,0.25439805619709288
908,0.84942336287993248,0.093676050672202846,0.47515735508369539,0.25534063673936874
909,0.068036389137676456,0.53308965705482991,0.46426602108930964,0.2576328010818546
910,0.64233536879803288,0.68598898154319032,0.48337508206797747,0.26477510328057963
911,0.48406791829796281,0.59012828570354037,0.47824129940479437,0.26231630040877973
912,0.099777461952751043,0.45896552951851627,0.46445392028936167,0.2570380447615046
913,0.17187095540004083,0.30251744772082895,0.46469080983275718,0.25565017989520905
914,0.29123372748867843,0.56783288002613708,0.47277009566006001,0.26055670485258964
915,0.29583119890912202,0.51149722793855479,0.47196697411150107,0.25975568587292375
916,0.48320927259131569,0.64837857408447885,0.47926965855633763,0.26324168795871777
917,0.50605238600351155,0.30358038365450923,0.47356167465212634,0.25786408785434556
918,0.14424473907457433,0.062879652223235466,0.46008857373653067,0.2521083194410263
919,0.61927569865215348,0.60644825623504595,0.48142328376202848,0.26333212097655961
920,0.76718077975505727,0.96326882865600061,0.49009154427462021,0.26933362957165852
921,0.37696914689597905,0.26064097965847466,0.46990446115598822,0.25654217536666862
922,0.45420788266015011,0.1737619183432893,0.4701603679118681,0.25559156053587007
923,0.49406435518007497,0.89461074123451256,0.48388590732069664,0.26719728780073276
924,0.66176136985729683,0.20757817779375473,0.47466351828538172,0.25687193828629562
925,0.17473599510869245,0.91799984386801958,0.47448917486603193,0.26441335183034531
926,0.93367639699630678,0.79888939201791076,0.49051644758884799,0.2680033640879767
927,0.28777212874131508,0.43433230784215265,0.4704474038575312,0.25854374169080968
928,0.27701027349199869,0.23660812707139411,0.46688142650672132,0.25555690387903029
929,0.64497685509676816,0.70173228124576847,0.4837247966666548,0.26505237044020291
930,0.89866218436210188,0.28903197168143235,0.47969568847586963,0.25884170870533635
931,0.89597975302793786,0.44675581843449041,0.48284522158549975,0.26161961484470631
932,0.41877508929913165,0.4716729003123124,0.47458378621666458,0.26004026407225495
933,0.94693408169286564,0.33598238342419501,0.48125810748859693,0.25977265701618552
934,0.71981319483815454,0.73087197893901035,0.4856889494994534,0.26591608323276289
935,0.52231287200934018,0.51518696597515368,0.47773950463443182,0.26133531349439382
936,0.80054723605177136,0.55113790945982333,0.48353570763267156,0.26315457242031892
937,0.86308070697045192,0.91745683434339009,0.49124030090564141,0.26934053321709661
938,0.26489093096629951,0.16308650666262256,0.46534347279144694,0.25440698066270839
939,0.84963115236576414,0.17167283645543505,0.47671059889867234,0.25669382466327612
940,0.99900751753336514,0.099305756695906161,0.4770048135180861,0.25562492031118778
941,0.093973137577774465,0.99587159365309641,0.47215668398049648,0.26416609068774355
942,0.46001938644269252,0.1682427659547073,0.47018651364610187,0.25553062577611191
943,0.45123695793495283,0.78024188690757146,0.48085014432264894,0.26511973055254479
944,0.39972200174740286,0.97022977988653591,0.48233802017447486,0.26727985213642047
945,0.79483840712731479,0.20920298515794566,0.476713826225237,0.25723350431134484
946,0.44695226916504327,0.24221326065036702,0.47120751090886426,0.25662350185610644
947,0.96893605229187529,0.78566453022348004,0.49075365130628101,0.26789430601404202
948,0.66679663399598799,0.41603925657299118,0.47870348432177579,0.26036408927591215
949,0.10219790028285934,0.58563480678385826,0.46646599186354393,0.25879915847881257
950,0.23986184810952982,0.73446916436498288,0.47388884197935227,0.26252911496729592
951,0.76098859267417573,0.19858860322010005,0.47602361345424943,0.25697638840519055
952,0.76492102868737422,0.60884467379475249,0.4840962644364129,0.26401916018215155
953,0.50178222186506027,0.44750541349818235,0.47606752962573767,0.26013899314424421
954,0.3151002008793759,0.070795037279592368,0.46517283630716028,0.25336472266725302
955,0.45562862455238357,0.98381628390984843,0.48388925121204335,0.26780053534054749
956,0.022593832635611762,0.83528343803681204,0.46665669177280772,0.26097702194498129
957,0.1741232045747689,0.91334175718870247,0.47439562148516284,0.26434182669633344
958,0.33642199742464585,0.48419187490913318,0.47266262346088372,0.2596655081470145
959,0.56423654923698641,0.12037404910867336,0.47136322682625287,0.25515508532671466
960,0.41063282014128055,0.22384674243562622,0.47006910393328405,0.2561607907708216
961,0.91034166328160793,0.19795279259592063,0.47800260369571312,0.25725836731487062
962,0.52130460214350605,0.090891719406179627,0.4700353167438544,0.25454676326484227
963,0.88122602096745983,0.43402152945426059,0.48238626668936668,0.26135561838703758
964,0.95584056639693449,0.47708434306088604,0.48425640729058073,0.26231376181286109
965,0.76895300969973912,0.35844033404592196,0.47926030927411606,0.25972855825392771
966,0.33620341498480411,0.35433645159549776,0.47045834349280524,0.25770564890412712
967,0.62219170898100129,0.36397387245496504,0.4769246258882533,0.25932816058302577
968,0.63987486312953989,0.088260856022022202,0.47206244771924288,0.25484415931710164
969,0.37165604431465038,0.71108672815406471,0.4775246645913207,0.26341133535219141
970,0.41534993892906935,0.17122768683311299,0.4692646366721212,0.25537636663116076
971,0.49461515485624552,0.59179584114180184,0.47851386703863774,0.26240756283769412
972,0.021945411809522194,0.53384063571713636,0.46225000859409693,0.25698339922538871
973,0.061612193374580237,0.5379173868228565,0.4640643449280919,0.25760964294110505
974,0.03110997639667476,0.6307296037367196,0.46407412387419206,0.25839957744241382
975,0.87821211686554612,0.4996348238853156,0.48366457034700455,0.26250357158498083
976,0.29314893780743007,0.54879739321385279,0.47250986651846566,0.26028929818286611
977,0.49019033336554424,0.71569512577884598,0.48064829433336481,0.26436621171821817
978,0.43137220943659776,0.8540570327433642,0.48164554994619951,0.26613343809000145
979,0.95779042769871892,0.6938253856787342,0.488718802330394,0.26620586794961909
980,0.73320592197243828,0.15635137108342023,0.47479868415406518,0.25619725797338189
981,0.35132823316758732,0.052072563848563007,0.46575087515975722,0.25327195172781081
982,0.075617141771002205,0.23466491315338064,0.46017107291641551,0.25374533070259603
983,0.53624036111749007,0.76663807858884103,0.48264379745201008,0.26549366368853811
984,0.77301196826846574,0.79307953635308659,0.48784090528838686,0.26723398417176109
985,0.43858328100113436,0.27536655418894956,0.47160400536897895,0.25709813626536565
986,0.59385228873178131,0.78644295289717847,0.48427522868513578,0.26617768140525566
987,0.60144119402068907,0.64105082282318038,0.48171652199752979,0.26381433313611491
988,0.75234877812481726,0.54680570013319385,0.48267633192452802,0.26290404229553377
989,0.82117637052949288,0.23481690243702616,0.47758382414087719,0.2577320307681506
990,0.91980373749363942,0.28968173837926009,0.47997722887965372,0.25889572355817136
991,0.79144732754250291,0.7326493414629367,0.48696785927298042,0.26626909450642616
992,0.10347481547846693,0.48592229713817359,0.46500658119057109,0.25745047246129643
993,0.96635380374154778,0.75898935389673572,0.49017138313932146,0.26740545672750582
994,0.28722023408975222,0.42419682103771483,0.47026330717755283,0.2583893358736758
995,0.77149330545169081,0.12307410517082318,0.47470345067518199,0.25571314632968101
996,0.036643791446590329,0.079428233523259409,0.45639008524396879,0.25129042288716569
997,0.74095170149322365,0.43806268487594791,0.48037331446488363,0.26100223167065573
998,0.51225050068503475,0.79468556058005202,0.48260148413108067,0.265789105848032
999,0.071870938007289081,0.83695776224731244,0.46897512442902939,0.26180910779618394
1000,0.68030071521479407,0.15257686437718804,0.47391961303717295,0.25600787316989004
1001,0.15073970010170015,0.39577433664515849,0.46540330864792173,0.2567419635715259
1002,0.24807903415655019,0.87966244204583344,0.47655156305995638,0.26476277243655605
1003,0.096319651790556973,0.20099421090764227,0.46046529951149839,0.25352084251248291
1004,0.0082445205217343762,0.38130408686286538,0.45944615413351902,0.25480111476634354
1005,0.10816725866653724,0.081276965188921899,0.45912378877745963,0.25204038339231777
1006,0.064773903922911269,0.27946620380255627,0.46039715339872722,0.25421275788274417
1007,0.70974652411866701,0.7717281225780841,0.48629366828896792,0.26656403717168309
1008,0.64945541625058978,0.37320796574520648,0.47758650167473082,0.25958430692882939
1009,0.63047144339006633,0.97521256400843859,0.48769076706586406,0.26879046061220419
1010,0.36208338196558182,0.45254982081424677,0.47281405388576875,0.25937008481837914
1011,0.37841196161621482,0.51342670904461996,0.4742897158817645,0.26041665866070002
1012,0.29986781996482753,0.99744008586631394,0.47968468598912239,0.26662773304053955
1013,0.92101364437794553,0.094581029629649135,0.47604034626539554,0.25545339255460864
1014,0.93357582216720336,0.90553459997997865,0.49215604912570848,0.26947457892369742
1015,0.92696754896225175,0.52032367333286678,0.4847571633071448,0.26300946964671967
1016,0.93430766566953394,0.86102632938498869,0.49161976278279979,0.2689777859634267
1017,0.33902226344324882,0.24797493801893433,0.468738278545902,0.25612806968802065
1018,0.6444098958043033,0.57806109558251928,0.4813715999038346,0.26298006183247563
1019,0.37328470288877147,0.46942458203622378,0.47339707880112891,0.25970548406882105
1020,0.66702086692018203,0.89027169695104247,0.48756553048097462,0.26819771458129454
1021,0.71204997327179886,0.76586579159292167,0.48622312134777262,0.26647553812187319
1022,0.95315083011040702,0.19076129324651556,0.47836782988514537,0.25719854705413597
1023,0.71932560481379049,0.77189317411532399,0.48647299041167619,0.26661419243073997
1024,0.22650488751298981,0.58526727525779287,0.47101309505229705,0.26020986928346396
1025,0.23609275626229356,0.60984659485089365,0.47172911404977674,0.26066367982474703
1026,0.52898179752939611,0.50803140741459796,0.47775218871672476,0.26125563403399515
1027,0.44035549751314101,0.64599788681155768,0.47819017804640279,0.26291610187125475
1028,0.74127786061639211,0.52248779666622869,0.482019680297046,0.26244582130582161
1029,0.53254614377402465,0.18556362245277269,0.47195839810532381,0.25609142221559023
1030,0.50363734305832775,0.93155003564475336,0.48457431966407361,0.26768438061248723
1031,0.77339771961098314,0.70016811040694593,0.48602683520385592,0.26562958538925024
1032,0.62226752049828649,0.23974870617465352,0.47459976389255953,0.25728171815305884
1033,0.86090239379130074,0.47015329858217159,0.48282686166210059,0.26193449773270933
1034,0.31355197203581919,0.25737601715064379,0.46822728843677652,0.25610776761877974
1035,0.63676480783891165,0.39564732559610855,0.47778391285321775,0.25990899254420874
1036,0.34468967692897423,0.030419864120741841,0.46523020307522656,0.25291901910699988
1037,0.21021767720308854,0.26913308053334478,0.46541687600727627,0.25551736405222425
1038,0.81250000498573061,0.083669434581103277,0.47448610784884887,0.25511155619271259
1039,0.48911743986877848,0.74340795830663997,0.48112302270764817,0.2648037726487571
1040,0.079136233608832124,0.90820712411383864,0.47037543774242563,0.26290068936305805
1041,0.49799467258685037,0.67521906270704934,0.48009999459149927,0.2637674838953617
1042,0.82064850482350449,0.15959782434041847,0.4760899645592116,0.25643192625095185
1043,0.97600191408112891,0.31580543128323046,0.48119853180012034,0.25946888693308534
1044,0.70785769909456142,0.3248945919821854,0.47765146089208721,0.25897368318123987
1045,0.66795048862836559,0.53196970942175248,0.48093148268056279,0.26231283867644412
1046,0.13338061600163348,0.70030005974503007,0.46946822557761669,0.26079176931470349
1047,0.079534123801311946,0.1665917877421598,0.45932521988594349,0.25288827680882164
1048,0.91716118347687881,0.011418727110663895,0.47431785692442313,0.25398853498951396
1049,0.80476670984785315,0.79421870557913787,0.48840422745095674,0.26739736803662617
1050,0.2298070291114622,0.25609035313989736,0.46581547446192373,0.25548975300162724
1051,0.76541546583910247,0.69552383911142823,0.4858007137597089,0.26551527436490646
1052,0.37287694955280748,0.28572083477579291,0.47023309895843113,0.25689964615291028
1053,0.5164399304294377,0.88145310845962965,0.48422538423341493,0.26717842163811351
1054,0.31280898627253484,0.41301320015770621,0.47080727098448438,0.25841926191600428
1055,0.52623695803488368,0.57927201727499489,0.47899304129272063,0.26239180566179582
1056,0.50071053474497751,0.1315297301109298,0.47036566396894058,0.25511673400134649
1057,0.5263066636557342,0.98518508568265251,0.48556784455357671,0.26827477980767922
1058,0.62161078152376004,0.030311213617108299,0.47068696752754852,0.25385351126707456
1059,0.14002775628153469,0.32399412995489546,0.46391582036611001,0.25563827975226028
1060,0.23339345260026167,0.68846561004623075,0.47291995168783701,0.26178586835148326
1061,0.47969866783580511,0.81742279603217027,0.48222818035003195,0.26592428224892295
1062,0.48290452804652739,0.55542844805732605,0.47759037501763391,0.26175547508517899
1063,0.78929662170897941,0.82255938816656127,0.4886953253188957,0.26781604685712607
1064,0.85131067313674147,0.95873991532720393,0.49140496551504148,0.26962379115876411
1065,0.36488530473479769,0.79975424499289371,0.47886614250608611,0.26472291667730091
1066,0.029996350538276605,0.75616061761874009,0.46585376999050082,0.26004789915808596
1067,0.57933167912458305,0.49085267931265991,0.47847478363274099,0.26123014782753967
1068,0.29186368268985535,0.27060309474469396,0.46785518503803414,0.25615767499222974
1069,0.65345306967193029,0.47094825253767197,0.47950901342190605,0.26122976685199484
1070,0.69952405461025191,0.040897312770306594,0.47209040803633356,0.25419163299961206
1071,0.43735590610409858,0.94333214054991266,0.48306938957690615,0.26732925590027229
1072,0.49645321054667002,0.83295283869210401,0.48291833720414779,0.2662958828694042
1073,0.62270250049825993,0.94084286982548659,0.48725773456933941,0.26848528287281792
1074,0.55344744911346355,0.37915115691927498,0.47589823123540065,0.25929066136051848
1075,0.031544000950327611,0.084656098130659663,0.45625725358690017,0.25129985549520001
1076,0.78180749976000519,0.7635295629104949,0.4874124903481632,0.26676246205916965
1077,0.10935727486653488,0.07311221989389742,0.45904509741814514,0.2519425680588866
1078,0.31963298180917044,0.21279279131678633,0.46764552758681038,0.25548524623715119
1079,0.91850203574813216,0.42661307298358303,0.4827394834640899,0.26132057982027829
1080,0.55679546033643423,0.15658240168696502,0.47188853444725343,0.25571277440377327
1081,0.0777969444725779,0.81318762283761759,0.46887986811761034,0.26157526115861057
1082,0.67469966081964095,0.96977613726091805,0.48850101029890342,0.26897118143762416
1083,0.30452938858884154,0.29802198330353713,0.46865890546281264,0.25664960967862821
1084,0.070105398947012149,0.62194751341462839,0.46567605376973381,0.2588592156382532
1085,0.54948960489662135,0.055573596049926711,0.46991803636155394,0.25407314102230633
1086,0.20930796682134969,0.4997107303874917,0.46906259186574051,0.25880303782838981
1087,0.49384747829557163,0.6481631680865888,0.4795144104459545,0.26330648549483254
1088,0.68415569763715611,0.15573397513398668,0.47404015146837142,0.25607014956629298
1089,0.027279520709055944,0.87643744323052242,0.46748636617925549,0.26160763933068765
1090,0.0032030795807833786,0.19746333757039394,0.4566379262516963,0.25238621236121678
1091,0.78383518664935836,0.29484571740928806,0.4782369937066806,0.2586781281632245
1092,0.1572614082247368,0.49634059293133909,0.46719920702233186,0.25821630290291625
1093,0.29712022665337429,0.51204211793394061,0.47201393882873977,0.2597744758066467
1094,0.36128182742971693,0.72606111434303466,0.47749271687927047,0.26355563523369807
1095,0.25113862364612288,0.87126851734021915,0.4765180005168218,0.26467282336716846
1096,0.2668366662287503,0.75639153604927711,0.47514233256775845,0.26313478253472156
1097,0.55186314562343763,0.95674150496107757,0.485912207581009,0.2682170791067891
1098,0.75622005540983517,0.4382549301637686,0.480621420437015,0.26105679985561542
1099,0.67995056549439914,0.089666752354300119,0.47272124275682548,0.25496154321483827
1100,0.15012548845644344,0.66228816083279674,0.46952428780361777,0.2604676088588741
1101,0.9568955117034843,0.7819074070756673,0.49050634637458723,0.2677841527605575
1102,0.76866762031988478,0.074144304795342036,0.47371282405810822,0.2548763801896422
1103,0.25070626281081937,0.669801261684706,0.47318841494008312,0.26168937088306693
1104,0.69877170191969495,0.66563952534365245,0.4840498363661786,0.26470716454244214
1105,0.3211954643342062,0.88682080311599421,0.47904706316635032,0.26564069966435711
1106,0.97250083083327632,0.62391198368103939,0.48748609961034223,0.26499502971608818
1107,0.12357887325427729,0.19928007903142134,0.46143442391173645,0.25377124832551579
1108,0.84559756535625785,0.35355508728722346,0.48028022417594834,0.25985210688960891
1109,0.07755487544111675,0.27489457724714889,0.46083781549224145,0.25430071756150785
1110,0.21747587572984631,0.5878722542768926,0.47075332883787835,0.26015653239083814
1111,0.43247306418634252,0.21185976932648337,0.47035487638712464,0.25608345982744951
1112,0.55502534795607217,0.45517532698191937,0.47732659207421263,0.26053137531718806
1113,0.35728362178424139,0.8786143419403234,0.47999860529282745,0.26586534995731997
1114,0.6641658161759959,0.99403557696571809,0.48846481660241203,0.26907777132857924
1115,0.28489178399072262,0.55192544443629454,0.47231433247896282,0.26026465448756242
1116,0.58388235102723118,0.70442248899830739,0.48253605504953345,0.26476435587245106
1117,0.35806667556759209,0.89824485896389239,0.48033107398121511,0.26615146973122378
1118,0.63957543049323151,0.060971677408379041,0.47154742582764186,0.25439594690618655
1119,0.33420909022748235,0.11167653823514702,0.46633115004691011,0.2540700442458193
1120,0.074082771818491169,0.029672297145903578,0.45712976015952117,0.25103844603059611
1121,0.35264793618124679,0.4784793077228009,0.47300666549251735,0.25969819249600445
1122,0.87759642904674406,0.57779295097250727,0.48522803807860798,0.26388032905218622
1123,0.49034151306055718,0.5449879427032196,0.47757215840270323,0.26163307142591097
1124,0.46750115289342359,0.40632345113422491,0.47457111627594267,0.25930131950349755
1125,0.059481951257830956,0.44349158807402711,0.46258231204826067,0.2563202888122767
1126,0.85504682860848269,0.99645901174208851,0.49169591891632414,0.26986602880314964
1127,0.30732992170335494,0.76982766697682681,0.47664791129833967,0.26373720242542448
1128,0.72547929826172775,0.020314779350406025,0.47207257761759658,0.25389486061267597
1129,0.66594423455266516,0.67232242683599475,0.48356918036304281,0.26466403551922163
1130,0.48599320918266897,0.34040898386194607,0.47380003532013204,0.25835442915022538
1131,0.50675050727933413,0.20903596439050745,0.47187478975450703,0.25636522055032407
1132,0.51707238282585755,0.7357807343569468,0.48164144417420662,0.26486808532484779
1133,0.11621075793317287,0.63146087987463695,0.46772705640435358,0.25961177270055563
1134,0.15683686310170453,0.37135306306778221,0.46524157297061952,0.25646458943580158
1135,0.24232921980473912,0.76997577944836815,0.47455359323960916,0.26307819212111627
1136,0.82034232551316966,0.91204672881899174,0.49051906866825395,0.26912838947556811
1137,0.29840131661052582,0.47102479566080729,0.47136682846506711,0.2591735137388978
1138,0.81675474008444005,0.081366827884537626,0.47449627648015136,0.25507870414844341
1139,0.41161399988903435,0.36742977350038708,0.47258806308461576,0.25837898916058138
1140,0.38863809087254342,0.73612726686001995,0.47842635870976175,0.26393803994252185
1141,0.098008773362555077,0.10091653502607952,0.45904882527056945,0.25220575093429837
1142,0.5477688729449991,0.023252442885620988,0.46930186858938167,0.2535534522706584
1143,0.40010908099889059,0.90494372209239526,0.48161623410126481,0.26660673107843652
1144,0.8251800787340966,0.7848767643699307,0.48855704008724349,0.26732304488950481
1145,0.1590623930614791,0.35142131057340886,0.46501069736807477,0.25620926453677428
1146,0.047317774222337176,0.16245701787354191,0.45800197373653173,0.25247956957966977
1147,0.22276670418683206,0.26277493939594138,0.46570669207766929,0.25552935602109927
1148,0.37032951357277344,0.30491944252758985,0.470498189759678,0.25717620565562099
1149,0.82918950072118314,0.87973343448246599,0.49028298980189716,0.26881696098562657
1150,0.76642823320279141,0.95531529457858999,0.49002049903830808,0.2692744825968203
1151,0.1708356493400992,0.43452620016912696,0.46671635918545229,0.25749118195427678
1152,0.36767949226679053,0.50413353025297403,0.47384717316819147,0.260197789871426
1153,0.62390778757437371,0.12531208694215165,0.47249152890245361,0.25540978282593801
1154,0.91503644826301611,0.57325759987508651,0.48566876692232297,0.26391691942483547
1155,0.23415298612070037,0.81872761671174099,0.47507202179036895,0.26370577524272459
1156,0.11344317392416997,0.15013943255859194,0.46033555684131144,0.25301084570944876
1157,0.89454360074281003,0.27857550240274287,0.47943185972837582,0.25864913822643087
1158,0.29047534553547161,0.52263532761357501,0.47199428039845903,0.25987681138196506
1159,0.33446177919545445,0.26217547356578286,0.46885930566602918,0.25631241727167309
1160,0.69075248459129368,0.32882838342493637,0.47744729813327852,0.25898553075625813
1161,0.85274213690838074,0.26659090242768874,0.47864307294439756,0.25835185606182731
1162,0.25312091216068949,0.14862680582377361,0.46477695612944736,0.25411956976788158
1163,0.11777218810439809,0.73042262182560524,0.46930956413590985,0.26100650936593139
1164,0.3736387388772448,0.0037386556213139556,0.46545634304599842,0.25265197828372926
1165,0.63732073563291924,0.86456848253099017,0.48660111210543155,0.26769639955104491
1166,0.36475235796793132,0.40881558219023284,0.47213461616710412,0.25872162722295844
1167,0.70386051057226728,0.60903151333773275,0.48305197492050489,0.26376910975043977
1168,0.28470339307332182,0.64177442695122444,0.47380389845664322,0.26160120035262086
1169,0.27443954501556,0.31390765181892788,0.46807449520506411,0.25666798423310705
1170,0.45389751716122267,0.41331848284254086,0.47438664687767629,0.25933649826548771
1171,0.27682602512406884,0.24352410189079821,0.46698941011366907,0.25565653248027476
1172,0.51812132801677802,0.86083245626381832,0.483932484042222,0.26689160969156578
1173,0.8192427160875756,0.83803506949971207,0.48948035628595593,0.26819981746436533
1174,0.76054795085914673,0.07543155813988997,0.47362581266828169,0.25488398133965268
1175,0.88060842333432521,0.7445160089009325,0.4886255360500415,0.26683682509430895
1176,0.9244229557011393,0.15507783075059997,0.47730465203860462,0.25652420362993444
1177,0.20066927889684449,0.77132773727556925,0.47312222357852057,0.26262961440191757
1178,0.44769998849298576,0.84960549447612144,0.48199495445227181,0.26619416939938734
1179,0.2941076972209965,0.45999666882735912,0.47105835734100265,0.25897505366621854
1180,0.72226103260467067,0.81764348357209238,0.48741104262918572,0.2674104744566172
1181,0.35502772203040078,0.075283305655757443,0.46622879451951743,0.25363544939103505
1182,0.061100638097024061,0.84046512901257964,0.46854207794702102,0.26168682988646308
1183,0.59228375472306516,0.3482519891789998,0.47607879144280885,0.25895211335535606
1184,0.42978722138047454,0.90254049423855043,0.4823783691522926,0.26681720445836776
1185,0.10530636040711543,0.11136628769753734,0.45946704151423795,0.25241447686249341
1186,0.67452475601396289,0.57876857647128632,0.48194371830349647,0.26312860738626942
1187,0.016694898222072516,0.48445023652516539,0.46130019440463338,0.25625975344307433
1188,0.20036604210858933,0.35414936688375892,0.46644834364958687,0.25663900412744156
1189,0.70516963359470253,0.74034409500792397,0.48560452523266384,0.26600708662238692
1190,0.21293810761395143,0.66335040127005196,0.47181593338151401,0.26120267214927784
1191,0.66663357890249475,0.64662253017529148,0.48309238009593691,0.26423475226857257
1192,0.59617737636001555,0.43570847221376613,0.47777938322530039,0.2604026327538152
1193,0.54356300050715212,0.74267215697049405,0.48236881324842357,0.26514974533486163
1194,0.17715981981462101,0.217905546464643,0.46355075402637952,0.25451714003083825
1195,0.085288313735753768,0.95462535423733064,0.47131274955887831,0.2636028446603676
1196,0.82228848665730336,0.78685084060592347,0.4885488512573154,0.26734518519187511
1197,0.82201511254120863,0.47518364747025771,0.48236003751745221,0.26190570104078326
1198,0.90172474256778379,0.1437093381032464,0.47680323191005902,0.25629072843000872
1199,0.5885660764286178,0.95031941341775239,0.48664219176047252,0.26837750404770083
1200,0.92838090920260874,0.14010064857768595,0.47704778142142745,0.25626543317520994
1201,0.94471294256792182,0.17694389361335197,0.47798764163181634,0.25694071231873578
1202,0.75742299155782677,0.96707400922143139,0.4899545759350481,0.26931998842697447
1203,0.085128375939920078,0.98174095333443256,0.47162732500159443,0.26389764043327585
1204,0.35433520406278551,0.29446172823446104,0.46991642828201741,0.25692060546833728
1205,0.46915403497888475,0.23999855212249097,0.47164946723326945,0.25669234428144472
1206,0.681063206445647,0.70193046644666468,0.48441920536595329,0.26523760471792479
1207,0.60505367997452852,0.81726257022594806,0.48508864100397758,0.26675600340246358
1208,0.19055758554321947,0.60018800908365522,0.47002396354013493,0.26005080335515457
1209,0.96997792614767109,0.53399186813699784,0.48560645291874133,0.26337104504393921
1210,0.048046162506204568,0.20841378060657298,0.45869104730561827,0.25308449695109525
1211,0.17481786917202408,0.86460544834049657,0.47365534358569128,0.26365740998140413
1212,0.32046807548446815,0.042206899875763343,0.46483531077517676,0.2529733816488382
1213,0.22827588937348919,0.92394824481749682,0.47654179499413779,0.26514954788322581
1214,0.19541781890610002,0.46495237332015532,0.46804133300966178,0.25816887977639041
1215,0.31058832532860103,0.599406455251982,0.47387427291607698,0.26119654841346301
1216,0.35634428534236506,0.4867980862440891,0.47324800169720926,0.25985153622261847
1217,0.21238932302844479,0.28137965143671029,0.46567961717517331,0.25570943178951172
1218,0.56465632067437976,0.50995227316349045,0.47853219029688027,0.26147070233388908
1219,0.9714574324266636,0.98630598007520898,0.49328835627530265,0.27017669576428294
1220,0.79420198982661827,0.24872045852887678,0.47748108398355921,0.25791104555546096
1221,0.74114606968328589,0.30725877730028006,0.47783711158424474,0.25877434470606725
1222,0.5758676568140626,0.80235291888146898,0.48418408854427603,0.26633043051107136
1223,0.83638102567977046,0.79027143291198887,0.48884622734776434,0.2674650308859004
1224,0.95333575045989127,0.19425051065472654,0.47844120413977903,0.25726085388808956
1225,0.32682750392496823,0.30769542115196824,0.46942331933994191,0.25694388042152561
1226,0.083261807126377249,0.62669745044653535,0.46630597929929696,0.25910736350692459
1227,0.06306578882382019,0.12575208739255322,0.4580976339291335,0.25217726336939134
1228,0.57950707120395961,0.64356921134827427,0.48131316737887908,0.26373784596796734
1229,0.49209985221874669,0.75484028374213963,0.4814008538103815,0.26500794726578558
1230,0.47813927532160888,0.88162813127144479,0.4833046072397878,0.26690876945470543
1231,0.64169153201273876,0.64185732984723298,0.48252731724815257,0.26403351907855049
1232,0.62851440108680401,0.80844516028770008,0.48541152840712792,0.26674760358065702
1233,0.0093205860487767505,0.31873739604967416,0.45861017623551226,0.25401295279727798
1234,0.2031321564404876,0.11295566262594657,0.46273558987416041,0.25325934956839669
1235,0.6619410796041717,0.3730566719663912,0.47780204408256272,0.25962751492979336
1236,0.1774277736362419,0.43242131548594914,0.46691234370489038,0.25752826959661435
1237,0.085301390066358729,0.3422784754945547,0.46213829880865742,0.25528957057921237
1238,0.77505250039276441,0.71734159878537762,0.48639152047472017,0.26593351632426587
1239,0.58229545105266156,0.95931618696263765,0.48658845390299704,0.26841562928733531
1240,0.2871146903561545,0.6229242301308433,0.47356384330693879,0.26134201971285859
1241,0.1463961859080824,0.89332807401352343,0.47299670552550666,0.26368844359127563
1242,0.098575731621135504,0.71933740664186197,0.46834922043429084,0.26058918020575134
1243,0.7496373023442342,0.612400584747817,0.48391006532362074,0.26401905978784757
1244,0.2300968954098993,0.51862431797691388,0.47005196403782229,0.25927691473142067
1245,0.054118736750318204,0.048496240409265742,0.45664151257614066,0.25108156075839067
1246,0.072970692437014081,0.58822023082080999,0.46529519757474241,0.25844337300847398
1247,0.53392868944035143,0.82485390820488114,0.48365772515716687,0.26642657604522613
1248,0.19684651135170134,0.21851909627678107,0.46419534884794672,0.25469165864117732
1249,0.94556168788889194,0.96526753411333777,0.49281269675713857,0.26997670243351851
1250,0.53533197136336241,0.86702336430082794,0.48443686867978253,0.2671017915896377
1251,0.082929568103270138,0.64490224874339763,0.46656575568510306,0.25935073285834148
1252,0.3192796117440681,0.22274321742205649,0.46780212828954976,0.25563061433555878
1253,0.023598241213767322,0.59156650265738142,0.4631596562527287,0.25776647017200344
1254,0.70227590602670098,0.45276347467174061,0.48001723610582336,0.26111467460987348
1255,0.30180602536023365,0.36378764366266553,0.46967706067809678,0.25760513041566463
1256,0.41597396792020885,0.92290275154485135,0.48227943857878863,0.26695057563459595
1257,0.088785389829345515,0.041040764646383468,0.45783577237200879,0.25132763367383465
1258,0.16923267036635664,0.75682966080437186,0.47173372811060871,0.26204334544795826
1259,0.99503261035418844,0.097449190901534172,0.47692410370243438,0.25558765488206608
1260,0.90694152878500756,0.64512170311278894,0.48701041781873683,0.26516866543868534
1261,0.48366877626910576,0.56387466423794397,0.47775980617301955,0.26189480770698553
1262,0.71340436145152197,0.50179204368850916,0.48115070151312189,0.26198742945677006
1263,0.83790120697825921,0.38529591730119434,0.48080440569053051,0.26038571409327999
1264,0.44450629061610669,0.78244389417649951,0.48071779239469975,0.26510381670759686
1265,0.47581643853228306,0.79635971708312858,0.48175355199143605,0.2655584763008107
1266,0.67276874772022721,0.43600394365909745,0.47918812531501315,0.26072136146969666
1267,0.70183845907192444,0.27678475803184555,0.47663118271242061,0.25814500554735564
1268,0.11420224674289349,0.52351440615764588,0.46599822566186133,0.25809660807964835
1269,0.19906964581116335,0.81427264307226288,0.47375473625144338,0.26323284843337169
1270,0.62835495048846357,0.68542093999116915,0.48308917143229579,0.26469302878983481
1271,0.023284372815361713,0.057043892971484461,0.45553182653728574,0.25085524012504523
1272,0.65003944798508895,0.68761543397732305,0.48355565139502465,0.26484171189610928
1273,0.0024715588616556487,0.75204452404320477,0.46446545314527343,0.25952761744466718
1274,0.1145904171568458,0.48162380168599778,0.46537550510430475,0.25752560739296121
1275,0.94838961984069325,0.50913310949151636,0.48481481231976353,0.26286802112444457
1276,0.36469595112487441,0.93956426077658539,0.4810628597077159,0.26670414530064235
1277,0.98290023097275991,0.73318089688332988,0.48987106974604266,0.26699620786650174
1278,0.75910882715812189,0.1569597892989521,0.47518735119639721,0.25626425772146333
1279,0.41543785809389089,0.5565943378556869,0.47599027254848647,0.26134194035139285
1280,0.83065561935160082,0.37670948889685102,0.48053036397012205,0.26021672914466742
1281,0.53424088698109851,0.25365289812263803,0.47322664305014861,0.25718702959230499
1282,0.6653654447257169,0.74193588436449642,0.484884504499002,0.26583364224033096
1283,0.86467116970276692,0.32099263204560846,0.47989095190933506,0.25932902047364537
1284,0.1287077391341678,0.40001661440326136,0.46466624333385109,0.2565652921002155
1285,0.13648477525460767,0.43152370531809287,0.46543664223823156,0.25708544461646504
1286,0.089554782751866152,0.49916877786103875,0.46464998447378264,0.25745735446395868
1287,0.16954013259619241,0.99276549594082175,0.47518189338760153,0.26516844211296625
1288,0.31751704750695497,0.30094695496537022,0.46906086667753699,0.25678124523447216
1289,0.43593693402231437,0.014096846905432177,0.4669863640179322,0.25305421528615851
1290,0.49007642753330294,0.097011709250637804,0.46954021044526439,0.25453537984504737
1291,0.36192909607413459,0.50512154894281414,0.4737112567450607,0.26017151907142655
1292,0.65433364441100272,0.76967385085705908,0.48519700541976496,0.26624208235642266
1293,0.5303909531663521,0.96098224357228035,0.48547163532971033,0.26812042879911052
1294,0.38017097008362183,0.24277306337648771,0.46967627048757271,0.2562885493109775
1295,0.54980974947415528,0.99422803832947981,0.48614976845006236,0.26847533752116781
1296,0.56979056723999089,0.60456470931499506,0.48038746694333911,0.2630447011462162
1297,0.090388095268059993,0.69639164833802503,0.46765734117454677,0.26015893213176938
1298,0.10052076489879984,0.89955875794544127,0.4711838822992887,0.26311258478101418
1299,0.25275354139105188,0.75389235425140944,0.47463848884436904,0.26295174130153109
1300,0.38778522580853902,0.93324467201576333,0.48163931767715767,0.26683478496575713
1301,0.70591139162195626,0.95292806020885479,0.48894642439071206,0.26899396381667295
1302,0.52884691629438896,0.70843979073216912,0.48141092635507704,0.26450027311579788
1303,0.51872916433928773,0.97202361276728344,0.48529792346620548,0.26813345217606521
1304,0.76345747432248912,0.71662255902251926,0.48617997846395161,0.2658706389478625
1305,0.47747863617142433,0.95951058132905753,0.48422576073282986,0.26776399827920461
1306,0.94480965271607287,0.90727997620435197,0.49233172622608068,0.26952780365744511
1307,0.088321750276966496,0.29732283155751649,0.46158913776595756,0.25472208824055692
1308,0.19522237562061057,0.38285456972691467,0.46673341667350648,0.25699922277337972
1309,0.52259497894704121,0.08352681977663888,0.46992729087823476,0.25443438757769871
1310,0.64090784849539639,0.52212757154403955,0.48024763063611275,0.26203043289254668
1311,0.0096354232640122068,0.52539132572842062,0.46155997972803203,0.25668533941821642
1312,0.31486823538671016,0.95756236653547966,0.47978852658539711,0.26643345738864144
1313,0.008570903665281366,0.28835466402234744,0.45814850173713317,0.25361380149883589
1314,0.22497306718545734,0.95311127860833667,0.47679601221981915,0.26545103932592062
1315,0.040942482875857965,0.13765010746117914,0.45738989221074122,0.25208612198384783
1316,0.21909388205740835,0.22971751302835766,0.46506720088927583,0.25502925972014784
1317,0.54818646258324155,0.29660822955569022,0.47428261689346551,0.2579341588017931
1318,0.81742400720153241,0.67088611075266968,0.48617151127841363,0.26530037372525389
1319,0.70696218417378853,0.054428716957347939,0.47245753700445181,0.25443149691970501
1320,0.05872424188869773,0.22105620485682739,0.45930474976917512,0.25337409967789398
1321,0.96234540881129216,0.29703437975452984,0.48064977378366136,0.25910769599811001
1322,0.43937135199367766,0.87854350353827471,0.48226888681502872,0.2665675171448344
1323,0.46424879037971845,0.95379057476454188,0.48384925634349518,0.26762167219534477
1324,0.029546815425681418,0.37235686948621882,0.46026665847503023,0.25498328496157824
1325,0.74480799653191354,0.70776054697049551,0.48568455760246904,0.26563552068138646
1326,0.22208141636318762,0.61496834343370288,0.47134600170548302,0.26059664115587466
1327,0.51377676997309318,0.39918972227635097,0.47545047686342379,0.25942715368673291
1328,0.056852444889617625,0.7229991785571096,0.4665992134363029,0.26002913329223193
1329,0.54106621920693432,0.97040850936594658,0.48578680791244522,0.26825881045590705
1330,0.81055549538963245,0.78925662329286572,0.48840278677516236,0.26733636852935766
1331,0.58334915957929334,0.71520180867424943,0.48272534671731676,0.2649389976355575
1332,0.68148449733842864,0.43907224458073035,0.47939834689749961,0.26080602916189699
1333,0.17922300087510376,0.16070835933020572,0.46272992317754158,0.25373880420090977
1334,0.73972237127785345,0.708816727049707,0.48561606833922222,0.26563078866345941
1335,0.66404600817799808,0.47255965749364115,0.47973006872687812,0.26129992526231588
1336,0.14456490159662208,0.45900459681273209,0.46615721642959812,0.25755555946532815
1337,0.39669855867089937,0.92054259703088326,0.48172981182819047,0.26676702558623044
1338,0.62896405736707384,0.3083702044202597,0.47600292551362927,0.25843511710314193
1339,0.090922442494088318,0.19065268450631995,0.4601100746040433,0.25332679687974452
1340,0.92510265317700113,0.29296632520124549,0.48011025667358209,0.25896434042125821
1341,0.22526266010367546,0.66482755356727874,0.47226113026324018,0.26135520669283951
1342,0.70275252003608035,0.52498439970050237,0.48141461500745619,0.26233902241069679
1343,0.87989223525760463,0.84401005501874027,0.49054713950236889,0.26853976968474053
1344,0.017386522208072713,0.38762143852495357,0.45994781686605007,0.25501291686373101
1345,0.19886602375911316,0.24563950141937241,0.46468604581580902,0.2550903210622123
1346,0.29666765242315596,0.11248500431905269,0.46538297485889679,0.25387127040669005
1347,0.88288895740107398,0.35668713045563782,0.48085237168329287,0.25999818566009364
1348,0.94625219885114353,0.29077646186918721,0.48032685420841648,0.2589661122509947
1349,0.84469313506329202,0.057672194690431937,0.47438392646493099,0.25471116325757093
1350,0.50447427133476597,0.3846531912728795,0.47499064481376829,0.2591488405148622
1351,0.87397056850540689,0.68974599765549649,0.4874245459558913,0.26584419931108416
1352,0.05121249844251434,0.53181241162001391,0.46352588603991013,0.2573830954250495
1353,0.44533843675703977,0.2298417662424152,0.47095448011617469,0.25642337011874305
1354,0.34217941961310572,0.52088490537385224,0.47344483876604443,0.26026497248093572
1355,0.77478331540002254,0.038622621250746308,0.47310567085473804,0.25428354116149038
1356,0.78455209893219879,0.62203409858223746,0.4846774863090032,0.26432383197242576
1357,0.10989404567918974,0.25191417437620695,0.46172844805310886,0.25434553203478688
1358,0.91692239820373944,0.9830589747443913,0.49252314750436821,0.2699950801418543
1359,0.16987464742370648,0.30451337536923823,0.46465432576068011,0.25565942203083547
1360,0.53309211465580153,0.54122075998779617,0.47844635102753225,0.26181433423862882
1361,0.5825612318794825,0.21997773433005205,0.47352441411346186,0.25682465499965945
1362,0.4741917704471969,0.31339069414309928,0.47306266269298797,0.25786988303629299
1363,0.91775852193500618,0.14474290346071358,0.47701635881981808,0.25633233644908515
1364,0.17604296343721218,0.60310553601755534,0.46955343061046251,0.25993251933126788
1365,0.96205165326761788,0.18344504020494642,0.47832141720256555,0.25708140619550524
1366,0.57373194349635159,0.0816846332021407,0.47082497559424519,0.25456138100546122
1367,0.60401424295919715,0.19589109988528072,0.47346292008817176,0.25650415400076915
1368,0.68531652366974161,0.39882036033294865,0.47869468176747687,0.26014332162105397
1369,0.72772003537107954,0.92502234213332413,0.48908937420963339,0.26885992973274342
1370,0.85787500208272827,0.22950099492099835,0.47797088610377958,0.25771578079392288
1371,0.46097656329233433,0.34681456188819137,0.47336668166192991,0.258329425408589
1372,0.995988684659882,0.80445998397088847,0.49151131172767787,0.26832361774051378
1373,0.47777007499787727,0.51436822622801415,0.47673551863599606,0.26107115133279157
1374,0.30072257734442831,0.21670594877126859,0.4672075770003129,0.25542391373826551
1375,0.92001616453804314,0.67959629638862096,0.48789673239270581,0.26582594434073575
1376,0.078628089141135574,0.75797695237410956,0.46808381398710047,0.26083223794390636
1377,0.58048958494946135,0.11625119291961893,0.47157778614616064,0.25513831641797874
1378,0.53293257942047212,0.7737135248104926,0.48269816764448226,0.26558732662997175
1379,0.70125528544300475,0.23649699082575973,0.47585012485592793,0.25746630601726073
1380,0.88890328989193079,0.54646277774247576,0.48475930919515686,0.26336232773444235
1381,0.3076580599166337,0.70865669063242387,0.47562673647043724,0.26281658710558825
1382,0.12536224123757567,0.45961220345186304,0.46545175163769953,0.25734856433750802
1383,0.72333700516097021,0.19168432374716504,0.47533164996501931,0.25677004280967258
1384,0.82654214802299397,0.26281080088022868,0.47821192861394979,0.25822849365500616
1385,0.99304586325940913,0.60784537796493388,0.48742613412137242,0.26476470622721948
1386,0.8619491383972927,0.15124919239577139,0.47646164582761974,0.25635995922570615
1387,0.54499851304370683,0.69953708021166972,0.48160794627941328,0.26445511785857823
1388,0.53974612561193069,0.53478988220017643,0.47847056402788946,0.26174601349360965
1389,0.79569471780959289,0.022030611317849256,0.47305879714388271,0.25403214399109597
1390,0.028242311655252709,0.29876195706693692,0.45915655022098567,0.2540105608080942
1391,0.80764253030136468,0.85417101984681798,0.4895602948188052,0.26839217363173296
1392,0.45090994030759907,0.22095096798400629,0.47091988722465788,0.25631108979578771
1393,0.70722705193316804,0.40177694693572125,0.47911964472107887,0.26027020230292147
1394,0.24390506798779826,0.033199958537810013,0.46266884230047767,0.25241187398546322
1395,0.27784801103797507,0.95091667431344984,0.47855420644770036,0.26600254394670941
1396,0.078023898509412534,0.54753816032257163,0.46490041254344572,0.25796213041866917
1397,0.76940046074957358,0.032580993813148239,0.47291591462756311,0.2541727315826538
1398,0.80989360305940505,0.073850388257962196,0.47425906361293424,0.25493903374348914
1399,0.83745175025063801,0.42965484104106438,0.48168134023208209,0.26115819404554719
1400,0.4584164327312843,0.90282039106228629,0.48311975780906652,0.26704112709675543
1401,0.78432292681698457,0.65666815950697066,0.48535480053399149,0.26492243201900073
1402,0.17855864056743451,0.67555334974160652,0.47079170473732335,0.26099415910497797
1403,0.43407745504773926,0.52601836579764494,0.47591290369974321,0.26098694570839298
1404,0.21032665741728854,0.69658567177563668,0.47226123243553031,0.26165614939534182
1405,0.5973818896246027,0.26772213700067948,0.47467773143176056,0.25765464365876262
1406,0.098818645062542051,0.98960474314711755,0.47230337868432615,0.2641802212205796
1407,0.75430105758643484,0.40485643001218563,0.47993981997022167,0.26047880613540442
1408,0.98185916897360004,0.038594498226081492,0.47557599801424011,0.25452573560127328
1409,0.10831469683764736,0.5340575796692516,0.4659272596715705,0.25816902100005845
1410,0.36730205082000467,0.78821898774647858,0.47873580719809311,0.26456589929811425
1411,0.25786190126092406,0.46434414848381422,0.47004597535885195,0.25873744829272871
1412,0.90993002656312894,0.87369117265971152,0.49144142943588248,0.26905060298850891
1413,0.88184150834319885,0.5455219826279557,0.4846397468012148,0.26332405240739892
1414,0.01604473106280202,0.71958917389941635,0.46465777240533984,0.25933204188934605
1415,0.20267964286346687,0.24112236143933843,0.46473596096608488,0.25505831430953263
1416,0.38301840712999691,0.49032233770099704,0.4740100458643326,0.26009332743857072
1417,0.27548993533543548,0.80907136667083257,0.47629855538814841,0.26400952646754144
1418,0.52645569803178083,0.66463754446284151,0.48055663713645391,0.26377503563219779
1419,0.23802923524364597,0.13582671529656509,0.46413737105818065,0.25383294308776921
1420,0.80741966447614832,0.52346686765296624,0.48309552715460902,0.26269793466554842
1421,0.48304700908620146,0.5756021009701886,0.47795638977018223,0.26207814551538139
1422,0.23282243614665932,0.73230106728813849,0.47361524911631686,0.26242195341951946
1423,0.63434099521940812,0.48439554035622862,0.47941286500279495,0.26137341950373
1424,0.62662980293979642,0.24528010787729873,0.47477922947047818,0.25738701691027394
1425,0.4305641277679359,0.18545026555062505,0.46985144834103021,0.255666479028345
1426,0.24443242292307552,0.31122834064931376,0.4671455718142557,0.25639815736402738
1427,0.37116235287360616,0.87544733731868918,0.48034926258413624,0.26594518082625679
1428,0.63585068383718613,0.41213403039159024,0.47807812289048301,0.26017904706981004
1429,0.80795737090621844,0.91927276776443467,0.49039409034532228,0.26914843304956454
1430,0.7061801713186433,0.56916423794425797,0.48232501536541333,0.26310224171937641
1431,0.51463623803058878,0.51545280883720845,0.47757788616538233,0.26129773552465307
1432,0.73615346004836035,0.94742028791866029,0.48943886038565082,0.26908640197423922
1433,0.93040438034228279,0.68873961210084378,0.48823076371248142,0.2660241010694257
1434,0.08485727594025666,0.78004722801669268,0.46868730300033129,0.26122691955280342
1435,0.63315954891891446,0.73868716061952289,0.48418984545203009,0.26560798844426442
1436,0.028444605873816184,0.030814227512420623,0.45537512405133745,0.25058085722444501
1437,0.98933887396437359,0.63315753277823095,0.4878994008963522,0.26521112413788028
1438,0.39382789771998072,0.50504006175944816,0.47454274424636272,0.26039424065980993
1439,0.86003916295537497,0.65060995980716552,0.48642926454150198,0.26510399596921713
1440,0.57790375259636206,0.98830050837119354,0.48671117751476667,0.26859726460253081
1441,0.53946449489662185,0.54468459517938328,0.47864586843767348,0.2619049572868431
1442,0.092845572531188386,0.50051597290100769,0.46480306707367602,0.25751729602969947
1443,0.47031970202616652,0.1910618861693307,0.47080658245280305,0.25593084221627732
1444,0.38384761138715551,0.95516839428019018,0.48176504877980258,0.2670195622099632
1445,0.66120284468223112,0.97241221551314239,0.48826555241655301,0.26892447518445972
1446,0.6341698859650059,0.80557741285407691,0.48547300423158019,0.26673216870443373
1447,0.82710311615838439,0.78509564727485415,0.48859276998210632,0.26733506791687489
1448,0.78238417613682099,0.064232518279098441,0.47370626742289762,0.25473094335893187
1449,0.92887596139464301,0.92910733961291847,0.49230975550052192,0.26966524768836236
1450,0.92997074567779203,0.85432845541524005,0.4914593587468819,0.26887433861616589
1451,0.43967419639484728,0.12344954700429227,0.46896788654756838,0.25474999406008453
1452,0.19925203046969839,0.92824654064717471,0.47555702998729554,0.26485718725855595
1453,0.76550867118065946,0.54569294183574391,0.48287001840227411,0.26293412128956944
1454,0.19088318196445472,0.620840684169915,0.47036437476037773,0.26035022705614835
1455,0.076970556706108625,0.91704148661274232,0.47041188187187516,0.26298767080170277
1456,0.83692985347913351,0.40782282393322095,0.4812390737486566,0.260775864570157
1457,0.36714112541448563,0.20687023514407921,0.46874686391969583,0.25567285464921147
1458,0.68429450128540636,0.2235512229233631,0.47533264304152373,0.25720207697177344
1459,0.75648320578151618,0.1944209369746619,0.47587705843559303,0.25689513929584612
1460,0.84476283352890746,0.070934286344831343,0.47464763198707605,0.25494042933756683
1461,0.32385776213809153,0.26840432971344563,0.46868573728269858,0.25633827274009113
1462,0.58899982203358092,0.5546376501440653,0.47985332837644634,0.26232461701906812
1463,0.96432498963276159,0.65326180705177828,0.48797802730395423,0.26549806447205959
1464,0.45319695752047706,0.11866419572498417,0.46917086915400197,0.25473187926788904
1465,0.53659532583601544,0.99300638738834535,0.48585088286996875,0.26838881097643597
1466,0.85772525092909346,0.48237864245114614,0.48302621488329406,0.26213975808954859
1467,0.38989130183510717,0.75512957374866818,0.47879158612023409,0.26424375321219484
1468,0.9720121460856056,0.32506963568091157,0.48134101457738737,0.25962729960626191
1469,0.2807638222145033,0.031614550989598506,0.46364470300110211,0.2526064227575629
1470,0.16264982079995097,0.3652523520903313,0.46535035298753458,0.25643772219957839
1471,0.89852972428138611,0.37786837118911792,0.48148790310039435,0.26040877201840718
1472,0.83611095063301044,0.68485759565447235,0.48674447148243344,0.26561668787324472
1473,0.39514936847422505,0.57501928894488386,0.4757940362621787,0.26148672152065666
1474,0.067448793245165145,0.56558990230668571,0.46472357553385901,0.25806183659252729
1475,0.27305829826194095,0.15310657077244252,0.46540908218268656,0.25431628530272005
1476,0.23472669367560886,0.76931067383683982,0.4742842405118321,0.26298572787345253
1477,0.14593600726678269,0.83347346894621155,0.47203999167448174,0.26283323420928995
1478,0.054373149462568111,0.35694068987147187,0.46110189894703196,0.25510753526025881
1479,0.22356260708711345,0.75981065781506485,0.47374502209830627,0.26272327862828615
1480,0.092443681693996776,0.030602447414037309,0.45781589245221266,0.25122456968814882
1481,0.24826253524074565,0.76724218056992388,0.47470839117997921,0.26310153697710975
1482,0.12243875752032037,0.50520402444127244,0.46603763971431555,0.25794331645401086
1483,0.86402071206447439,0.2327301025343477,0.47811591108419405,0.25778428730426484
1484,0.24778263622814559,0.3659372379509383,0.46813330469552872,0.25721748465890004
1485,0.75249874361491531,0.66065260069459919,0.48489948266612076,0.26485976185654553
1486,0.84516195664402338,0.93423705888694386,0.49111837134813591,0.26941838580828453
1487,0.85805715118387027,0.82248273953424067,0.48982476233139305,0.2681129126107315
1488,0.40169382923034719,0.46687428513813067,0.47407761922871744,0.25985630910552993
1489,0.51306815857029286,0.074037148300546696,0.46957657643278988,0.25425321451534083
1490,0.92321732697937409,0.50899966957882281,0.48447618949705723,0.26279744166449481
1491,0.41885764037786283,0.017552904228575063,0.46668655934084963,0.25304300431894355
1492,0.28241581635336627,0.47691632487043978,0.47099540185979322,0.25913070447197245
1493,0.76361318480906781,0.76737483344731161,0.48717485374105141,0.26674673240342367
1494,0.41819991963462672,0.46249442357517551,0.47440887056536191,0.25989376930066455
1495,0.37611884447733179,0.62335361410669288,0.47612921302238065,0.26209280054303297
1496,0.073226902697642801,0.69821866597823101,0.46695113740113992,0.25993808512709549
1497,0.78207203236449274,0.67516031156535028,0.48568110289577715,0.26523339523695177
1498,0.49626051261065296,0.3571313785789651,0.47431994832916297,0.25867002914424586
1499,0.59672091496075741,0.41146753575283807,0.47733829759520469,0.26000679397176873
1500,0.27100694175992396,0.03739877706958214,0.46347868284581717,0.25263407746136179
1501,0.7559523338938714,0.53318493708773751,0.48246975360584465,0.26268378385724872
1502,0.97744303574975355,0.69888236807220394,0.4890921417485366,0.26636018387985738
1503,0.81401658783637687,0.76301835903123716,0.48794108053954233,0.26689371244843885
1504,0.92732146680335281,0.22546556696855696,0.47876694530710628,0.25777285230236741
1505,0.33589837839262332,0.34527469556947471,0.47029721638764482,0.25756739676080126
1506,0.27251134597776694,0.73014022394259237,0.47489014220628967,0.2628013973933519
1507,0.78480702186849671,0.43031866588037232,0.48091163511703461,0.26101242639559658
1508,0.39345118545842128,0.67637718814591641,0.47751525968322861,0.26304746857054512
1509,0.55522963907838574,0.27843382668414857,0.47408671553201076,0.25766942561207751
1510,0.34785276583888336,0.88404996244701328,0.47980890536843485,0.2658570356659562
1511,0.90565308925550203,0.66709355098480594,0.48743642107547341,0.26555471333763797
1512,0.34413149125197673,0.98152338930458072,0.48088288284038438,0.26690948766991457
1513,0.43237134318527531,0.021582334099814762,0.46704170807783657,0.25315563504637917
1514,0.75409422618349775,0.52691909312690843,0.48231707162693416,0.26256938822731313
1515,0.65500043752518256,0.45192019315046494,0.47917601001616095,0.26091816167243526
1516,0.2916492420395953,0.287949132411147,0.46813556305429976,0.25641140948226604
1517,0.33336206909512406,0.15191909553982552,0.46698225460884485,0.25466255713027164
1518,0.51077860821274812,0.59511219873187371,0.47893945120557802,0.26255772225908663
1519,0.60063856141181893,0.44088548846245978,0.47796135362722963,0.26050730004674599
1520,0.89254519308778701,0.067115140328172132,0.47515352306996383,0.25493679223777171
1521,0.55557099537119503,0.96374244232483908,0.48605312295921338,0.26829581298975946
1522,0.022269538844132332,0.007712302838347387,0.45480221766682616,0.25022096851022596
1523,0.51521551218408856,0.74256505790025695,0.48172210851197678,0.26496570417460524
1524,0.83360560344775436,0.84504134059288782,0.48983452574158726,0.26836766380274624
1525,0.38095672816048609,0.64734536695884315,0.47667524756798985,0.2625006695927965
1526,0.57144076244378228,0.8457906776071642,0.48488801088185235,0.26701419361184792
1527,0.19430736162670656,0.53457354074971519,0.469110176808963,0.25915167333765526
1528,0.45251696566023164,0.14929279118865962,0.46969422946387762,0.25520415084081211
1529,0.19096559413900832,0.0010413295865408145,0.46062522767394282,0.25161573344117688
1530,0.48097620517326289,0.52471300311196833,0.4769943770736404,0.26125457841919852
1531,0.081278544065158345,0.86945437772035372,0.46988407754001377,0.26240119100267245
1532,0.55515394009930319,0.41846550642090152,0.47665434708411625,0.2599358696214753
1533,0.45400209993504687,0.56563102992885983,0.47709547991088896,0.26173822012186421
1534,0.12143425926206401,0.15060105746990304,0.46062680865425254,0.25309291229006203
1535,0.94089186859099438,0.42318700231212425,0.48296184630223121,0.26131405870925523
1536,0.40282890621320117,0.56638861557760978,0.47584165614074314,0.26140725257136493
1537,0.96499447391011062,0.0057536691683693795,0.47472619061724741,0.25392924468158357
1538,0.52784211837648187,0.69135984859996247,0.48107603031593515,0.26421683848373623
1539,0.15741864882613302,0.25443150777806295,0.46345531737771145,0.25484732242072367
1540,0.36608558276089609,0.49764537492062666,0.47369343850752121,0.26008708939226061
1541,0.52601451925953158,0.77607147649779218,0.48258267316119752,0.26558013413010095
1542,0.62133014280033538,0.19626162198203384,0.47377113150181005,0.25656467306931546
1543,0.64737271483415981,0.10322190787818981,0.47246378213211376,0.25510858148653814
1544,0.67345224182069063,0.72615208017259147,0.48473845603880117,0.2656088903220642
1545,0.5479039738035878,0.63262281803853115,0.48044105420876393,0.26338151400550136
1546,0.12280032194097294,0.37256704507496907,0.46402845299516365,0.25612381231148168
1547,0.35879904202510371,0.16408407416880363,0.46781757845275951,0.25498348297406165
1548,0.65889140699742133,0.20194769059434767,0.47450993653693013,0.25677028649707107
1549,0.25189312552214832,0.85090988625899189,0.47620806591656201,0.26437929315931302
1550,0.075702471834898463,0.11858996272465448,0.45847918374400859,0.25221659622088161
1551,0.63944360541213541,0.043525046190933794,0.47121944172970059,0.25410987997703638
1552,0.3036036838630331,0.30670473787266533,0.46877773697023095,0.25677176961228315
1553,0.1271437610955094,0.11265247481731931,0.46025742553376198,0.25263371486517516
1554,0.32933836662486432,0.37470548318178631,0.47061794122996686,0.25796457077742968
1555,0.3117203935347847,0.53005741075483381,0.47274072963077746,0.26016374310829149
1556,0.55157448457652936,0.71465067496848056,0.48203076393050021,0.26474175261008354
1557,0.35221803258777362,0.33731422988997073,0.47059009237913801,0.25755453356336366
1558,0.0065755629860213957,0.25088247492221416,0.45753350850931523,0.25310883259056399
1559,0.028105112768372055,0.040452031228237324,0.45549636594035681,0.25069924419755857
1560,0.49420156466636112,0.50192276841405548,0.47688264520578377,0.26096723006182315
1561,0.1474586989835254,0.065101756093872254,0.46022875208551128,0.25216493747676094
1562,0.23400669854098233,0.36610657418906928,0.46771207337639958,0.25710488373953222
1563,0.68260603592590197,0.095092953659442717,0.47286490702722078,0.25505759334286221
1564,0.42158853977030381,0.23553128850489158,0.47052291280215269,0.256395837579796
1565,0.8529412514584489,0.14467931240423348,0.47621600185879021,0.25623072586044499
1566,0.70959632833221697,0.16444693385261344,0.47459984869627492,0.2562784692100547
1567,0.31896201212772868,0.51222374815716176,0.47264804945353228,0.25995386540561566
1568,0.10518014941281872,0.70248533575673355,0.46836634685026446,0.26044788733368629
1569,0.67038049679392719,0.52006451978109547,0.48074841762102716,0.26212313865868864
1570,0.18376752600219334,0.88806507770399334,0.47436955335046888,0.26411029813543407
1571,0.28955786546963502,0.21742094281093452,0.46691544667411167,0.25536144895501883
1572,0.45890044366664956,0.40336679570352429,0.47432418744882576,0.2592077395555929
1573,0.67501816980749141,0.043900287454563661,0.47178026548165053,0.2541927783376538
1574,0.40599242598552959,0.029473580180376303,0.46661392057694168,0.25317341831836682
1575,0.63472795902391665,0.6400059412460658,0.48235742339091886,0.26396795454966798
1576,0.38739950532404477,0.015870054998795968,0.46597150169778345,0.25289175086445226
1577,0.67797406047949338,0.95213019453774905,0.4884266345817459,0.26885727942252752
1578,0.74377275104942964,0.97552640927344336,0.48977900172841871,0.26931862151660985
1579,0.64746209782039521,0.083133096738543841,0.47208846214942374,0.25477836924032049
1580,0.0071859072639490484,0.048135504974576179,0.4547375807484873,0.25055636772262002
1581,0.64508364551585406,0.1832002371147857,0.47392830925561236,0.25642051735693083
1582,0.017568506004044322,0.28106074164531897,0.45844210641849464,0.25364159010864068
1583,0.37109629186928511,0.65875841043525152,0.47660470297624846,0.26259945499339743
1584,0.45802558514626002,0.84363140215309107,0.48215405240338494,0.2661798231317179
1585,0.053039213244838179,0.20525354025081036,0.45884781394085666,0.25310173496922511
1586,0.77035958598867293,0.081895574768248477,0.47388667251632777,0.25501093704845146
1587,0.6100503869962296,0.30146735957219495,0.47553536824060605,0.25825327719110464
1588,0.9553913885764429,0.86951966331094743,0.49203759768710725,0.26915727030661007
1589,0.28096146917982262,0.49926908850799084,0.47132229343977267,0.25944951415362838
1590,0.92843176914417413,0.040778238814312501,0.47503726799797275,0.25451499535768524
1591,0.48314776643655499,0.88846130927450728,0.48353100332778126,0.26703830290220765
1592,0.55400344258664413,0.26641588302963648,0.47384313610017198,0.25747066113123274
1593,0.7173463028269238,0.88625629380714388,0.48845766204347391,0.26840218634547192
1594,0.80624770269402068,0.31899744272493991,0.47903742475019728,0.25915188424778746
1595,0.90816722955849261,0.098203727500361868,0.4759632302515231,0.25550084894270914
1596,0.92573397315907069,0.77210980174116561,0.48985683348528686,0.26749599282132885
1597,0.34953170373142933,0.6658372865669081,0.47612591771396445,0.26253284222465173
1598,0.76280459990593374,0.8518343780115829,0.48875664309634109,0.26815570815303924
1599,0.34985272407640006,0.74012021256835436,0.47740846486580918,0.26367350022662245
1600,0.58654083439997629,0.29988614272034031,0.47507457250306251,0.25813948226621081
1601,0.80601406839137202,0.23015486237189034,0.47728210522507697,0.25761840562182325
1602,0.54402240674773938,0.89265414406134524,0.48502541895651508,0.26751077492218284
1603,0.03782714096164564,0.97516908458493423,0.46938889144461488,0.26306517255508849
1604,0.90388884413860504,0.42841629916356178,0.48258143106637541,0.2613157704480385
1605,0.43818411722468448,0.24385235840409297,0.47104209123545299,0.25660664550562873
1606,0.57289995640009883,0.24801742893381742,0.47386299968231127,0.25724496925310641
1607,0.83664026158897908,0.16565214863606961,0.47642146372236538,0.25656596813521693
1608,0.94872356593908058,0.58288920411671274,0.4863267106203602,0.26418888391333878
1609,0.026939638398063834,0.14607971178045265,0.45693383779475444,0.25203039368172236
1610,0.87064262195959463,0.75556159253934174,0.4886944755399622,0.26699355897485366
1611,0.44281824959459481,0.53370000780775451,0.47626016952182754,0.26116343231752637
1612,0.18710367662123173,0.63256690426416473,0.4704169250066853,0.26047644397251618
1613,0.42106219398983524,0.98570317493287152,0.48302778293636395,0.26756400342385395
1614,0.50508789017522937,0.45063545661660609,0.47619580520251187,0.26020648661094103
1615,0.83704149372406544,0.18237340540831212,0.47675843366545528,0.25685632830478838
1616,0.80069578984751144,0.86578469686413884,0.48962277831542145,0.26852212006103388
1617,0.85165673540822462,0.69098591142125665,0.4871086974906893,0.26578329786576954
1618,0.13104242165876787,0.51233482070310277,0.46647523107478833,0.25814314740726885
1619,0.1623171048216871,0.30581696044114653,0.46441677720685109,0.25560618505699051
1620,0.90412501706384352,0.73970451623460975,0.48888207287328955,0.26683949480399921
1621,0.1453264463453903,0.77163961670583814,0.47104822288241771,0.26195032258424683
1622,0.049109604976710401,0.83197611052655851,0.46786490549020637,0.26137810334899003
1623,0.74912213250937643,0.7541551066047395,0.48666345209938322,0.26645228246558483
1624,0.12388412335602335,0.14508064478315646,0.46063033851983565,0.25304135400018674
1625,0.128493526767788,0.34611938543646831,0.46383622989224449,0.25582261299127157
1626,0.6240491896988708,0.62882812407609312,0.481937984765407,0.26372810052633
1627,0.51111392264020394,0.27116132144212024,0.47308121624438249,0.25737037768426113
1628,0.74419749899093302,0.9634158935892978,0.48970194283997853,0.26923897302601268
1629,0.26971547960065073,0.69340041755546122,0.47419131256650981,0.26222715498643262
1630,0.80909993671152047,0.76270913371831417,0.48785396113775609,0.26686734813278634
1631,0.07681452894444811,0.004458691216085572,0.45686695226581608,0.25073657826308815
1632,0.15441886800335489,0.92645823477149247,0.47382005528241689,0.26425495265436028
1633,0.59870369583527794,0.65259060438560557,0.48187662412948429,0.2639906435326142
1634,0.67177626346288022,0.38338469616790538,0.47816840841443187,0.25983571821843876
1635,0.53187222968806747,0.93014966006862232,0.48521103288381595,0.26785455982879625
1636,0.35786734920818125,0.80469865044789635,0.47874959356926561,0.26473692098708013
1637,0.1447039121532929,0.18664019538360882,0.46198162968057305,0.25379773563572056
1638,0.27500749276209391,0.85352079504147405,0.47702289046550711,0.26466927482553154
1639,0.1947807689254987,0.88973908578645211,0.47480977389274004,0.26427431643992194
1640,0.63324149299297716,0.95714585601330038,0.48760827166982551,0.26867350333075102
1641,0.96476320655035086,0.43461147257281701,0.4834999411008668,0.26157452890124394
1642,0.63066376689671311,0.058065990858490117,0.47134967772051756,0.25432737634029334
1643,0.5351064094558009,0.74616577547116913,0.48224287908325497,0.26515308774725949
1644,0.94636623585555935,0.13563272903169274,0.47716567016389022,0.25621060256350026
1645,0.48937092951842354,0.50985381933915197,0.47691739535298883,0.26106644225530656
1646,0.70022789459816415,0.024691836610750761,0.47179259295475851,0.25392328913261886
1647,0.61609863909740237,0.21292444721692011,0.47399138416852249,0.25682143889504727
1648,0.5943742829574622,0.41476325104191203,0.47735487939717053,0.26005084057796563
1649,0.80574787815365712,0.42206019146424956,0.48106542157415383,0.26093363177448953
1650,0.16576951808683807,0.42217845417583594,0.4663459219941391,0.25726590291426721
1651,0.05018030425786274,0.77491883943489526,0.46706772361461929,0.26062541279853496
1652,0.86335743410856236,0.77764450991404022,0.48902356321238655,0.26735422260825337
1653,0.3216457594106556,0.27454344832767968,0.46872981666517038,0.25641541984758204
1654,0.47254644174493154,0.70118325107194257,0.4799643014378826,0.26401413475217805
1655,0.95323714620162503,0.021716872794309165,0.47492480983405727,0.25420204268178048
1656,0.89924797626592912,0.95972077316086513,0.49212233668075489,0.26979356343946587
1657,0.11277467773050304,0.15059988860428566,0.46031846320517955,0.2530106110505666
1658,0.39066910478662464,0.98520393342237234,0.48221731615493174,0.26732541864225856
1659,0.65590904718925014,0.14782362639979693,0.47344023341382446,0.25586607496819663
1660,0.85079332952046538,0.89887128860765375,0.49085760188446148,0.26911523880096949
1661,0.55290891065363545,0.8149476859018091,0.48390838522778379,0.26639086516714616
1662,0.84617040377784292,0.7660703485428938,0.48852128340612821,0.26708098427650057
1663,0.61446879467485715,0.83848528032220204,0.48568174877984543,0.26716313002307107
1664,0.47545752135302177,0.58949307074641111,0.47802949110002424,0.26225259435859621
1665,0.44347064158777938,0.75876884636628683,0.48027051405894033,0.2647209594650422
1666,0.7839286905041547,0.75311974570037565,0.48724404388777182,0.26659149189867903
1667,0.39020127085071288,0.4898408101865207,0.47418622830135887,0.2601349074559513
1668,0.0021591823164955714,0.46818084262077464,0.46039661779117785,0.25582982363715678
1669,0.99954583420328569,0.92654301994411514,0.49324853180346462,0.26986108807942488
1670,0.92727005623568548,0.91618478712717766,0.49217080416213627,0.26955081691019639
1671,0.73364016707314883,0.82624946516858189,0.48778330385116947,0.26761250637486816
1672,0.13515339441833785,0.72205100549123025,0.46987556275047887,0.26111966340525122
1673,0.16758517615030286,0.50847807333824468,0.46776028970753336,0.25849903808002639
1674,0.92036556397719538,0.27131428939070318,0.47961170681262377,0.25857171771609694
1675,0.54192054633178055,0.54938287419286791,0.47878421946195571,0.26199442921151478
1676,0.61044444925148278,0.24041999319592725,0.4744044392982279,0.2572534141364608
1677,0.77456430666452514,8.5371023195330063e-05,0.47235432682302125,0.25362975418786099
1678,0.36272883145633389,0.36124921199671228,0.47126874079098041,0.25798474350402811
1679,0.64256017398511767,0.99518777398675451,0.48805908919471125,0.26897963853586926
1680,0.21665556616428075,0.48322814136889064,0.46904177444458334,0.25863700686269525
1681,0.63124795770462372,0.30629250320830614,0.47600427317197141,0.25840888949838609
1682,0.30224246482976014,0.94911377292670085,0.47930783249065917,0.26622744483220767
1683,0.50459624963601823,0.87525756936146648,0.48384864216446566,0.26700969697282168
1684,0.15936359330023406,0.21242510789687513,0.46287467424037104,0.25428461729471702
1685,0.1229527228705003,0.89777666033598369,0.47210773298069042,0.26341985080426683
1686,0.99890887383689408,0.080180359777633575,0.4766101539315365,0.25528275446318871
1687,0.40930843753590018,0.99177087480697079,0.48276516219329629,0.26751817347139512
1688,0.48375271292451072,0.57052921705892079,0.47788142453170673,0.26200149888136842
1689,0.15751687740817433,0.77358111397825424,0.47155212093700044,0.26213498633908938
1690,0.8401729189040722,0.45956181625680764,0.48231667217086766,0.26168831712630908
1691,0.02033969679985894,0.25533709271940175,0.4581983164639104,0.25334770442497651
1692,0.87749171388248215,0.4436930131200818,0.48252919455724397,0.26151589915786477
1693,0.40823925646530695,0.63242201895479822,0.47713593458902087,0.26247413990409646
1694,0.13297988415608417,0.67040672095500631,0.46898930201726352,0.26036820921228382
1695,0.51184378287709553,0.90629680733612039,0.48446748312358923,0.26746436589391265
1696,0.20479236573426751,0.0039247065258561633,0.46108322217865022,0.25174944162975182
1697,0.60343158069435743,0.69674915255071834,0.48279908472354843,0.26474730212871855
1698,0.93489622939064876,0.86843329429068838,0.49173359011378387,0.26907496208355253
1699,0.43609933681789559,0.7122229494415806,0.4792568716199902,0.26393045788520325
1700,0.20519348245245639,0.14189142909568037,0.46325249868385326,0.25368063430174681
1701,0.13811550548610976,0.10968288691841299,0.46058940785385782,0.25269077114934685
1702,0.46171734214433235,0.20623252722547625,0.47089304004839899,0.25613053964923993
1703,0.54862076568935303,0.92664672389150371,0.48554919132345575,0.26792494872783995
1704,0.1067279720768449,0.57275935539518252,0.46645244140872344,0.25868054656445955
1705,0.15023953321777517,0.6911125282121241,0.46997920437381191,0.26087557740345119
1706,0.099871704485279045,0.57218837809268153,0.46616815069924661,0.2585847677806774
1707,0.61121460299441832,0.83865889284388395,0.48561654617229655,0.26714639247300465
1708,0.32804463865658035,0.13372204582510749,0.46654419883177051,0.25436298131041185
1709,0.36748534122655402,0.050994376868556721,0.46611292418928763,0.25333160847633851
1710,0.99074641576466382,0.94066922642135764,0.49324606630927792,0.26994305926016005
1711,0.73421005026256903,0.17088026457397501,0.4750937739730885,0.2564448710874454
1712,0.60877348303963663,0.55775301490240969,0.48030359523638283,0.26247325838660007
1713,0.40261552751491547,0.025379678513843103,0.46647000915191417,0.25309773579703293
1714,0.77807558003027222,0.014348360334977042,0.47267780716766628,0.25387653590625453
1715,0.75881777584563248,0.062586429316562137,0.47335301656647333,0.25466348358422369
1716,0.061795059461856726,0.3031442588843522,0.46062248863096472,0.25448965707913135
1717,0.72567331024723825,0.8285879860579618,0.48768132730930708,0.26761142301211421
1718,0.56316327582282255,0.51375291159882908,0.478571824431409,0.26152523854937382
1719,0.23483607608409365,0.16417581940075615,0.46449659995073556,0.25421455693687361
1720,0.90579873788760745,0.48997996407790345,0.48385342037167367,0.26241143888113194
1721,0.64460227483186183,0.084211331920640092,0.47206283944217875,0.25478920851672521
1722,0.0067109722080524086,0.95506814959066688,0.46760169929665746,0.26227430364840709
1723,0.93053359614819053,0.61667248994660329,0.48676652343849341,0.26473796445662912
1724,0.63367428904686829,0.20392496454344364,0.47412555635981007,0.25672843362839753
1725,0.16519948679817609,0.47868717160661473,0.467208657077684,0.25805384091307793
1726,0.20620804590863412,0.8626473545256188,0.47479405050462731,0.26402177174550534
1727,0.34949102746002614,0.88922357222809223,0.47994028765435404,0.26594693886703225
1728,0.72991659077344229,0.74465856249992501,0.48613771805392897,0.26619955796677497
1729,0.57687787529028722,0.77663737630780094,0.48372870809519369,0.26591301353159758
1730,0.93545953276030491,0.60943020242940404,0.48668727637176079,0.2646238730801912
1731,0.81378751591801424,0.46695013589073209,0.48207372841269275,0.2617369075220411
1732,0.82391452746823202,0.53922509392848006,0.48366008568659014,0.2630275615145739
1733,0.4198774668613332,0.83187087934942694,0.48094799690353163,0.26569020298831825
1734,0.12266971516875783,0.60759225497007141,0.46761632945550197,0.2593630084309107
1735,0.37520188561793189,0.8148468093457516,0.47942077892490559,0.26504686449265819
1736,0.18113025923882378,0.29541520457168807,0.46489007284110945,0.25563577997343295
1737,0.19575761290638474,0.85313211251668408,0.47425785834741085,0.26375576476395468
1738,0.36965154909981651,0.80249475507986501,0.47904942424796676,0.26480709543235059
1739,0.77598529395282967,0.67793251816212441,0.48563419494322019,0.26525618852041538
1740,0.05718862258606823,0.13736578116068848,0.45803507362852069,0.25226466653837248
1741,0.82415844313331188,0.21064671107380417,0.47714627410970739,0.25732035470277864
1742,0.41398155380954271,0.50445807135439247,0.47504009629684618,0.26051980339593694
1743,0.50887745917852734,0.85459141201231403,0.48360542526855549,0.26673053428426813
1744,0.8362581774895429,0.37040608644291062,0.48048470151321693,0.26012185632187568
1745,0.56264066907743693,0.29276783082740149,0.47449191771878274,0.25793059863373152
1746,0.57568046009832763,0.66393313307730717,0.48161118080115506,0.26405140506133135
1747,0.4361064119849471,0.63162584988105819,0.47782975832930241,0.2626600619513223
1748,0.073098548767773899,0.52953081201064633,0.46442613178446918,0.25765316823729917
1749,0.45112578077948423,0.021047285592870321,0.46741983926841241,0.25321563193986396
1750,0.4773202148636454,0.5273874334157328,0.47695868179471651,0.26127553177549939
1751,0.71665362225113205,0.63996821010223359,0.4838754148727068,0.26435117987116374
1752,0.45077634111134107,0.99364692819012568,0.48384139735533449,0.26783605467124078
1753,0.098647631526191257,0.31069786325196042,0.46218546436335561,0.25501732957243056
1754,0.36136332745827965,0.31946860303649449,0.47052077995599884,0.25734222475352686
1755,0.60212164551153557,0.90745214960061726,0.48647976110128804,0.26804099871688314
1756,0.56094639065262164,0.15964879882169192,0.47202098315889984,0.25577597414581743
1757,0.051147797626687683,0.27894963810147022,0.45983558436164823,0.25404223759561523
1758,0.46512786649101184,0.96108282251775967,0.48393857490977515,0.26769137993975084
1759,0.48908644308877414,0.019996120138477999,0.46815447106104802,0.25332739048428204
1760,0.69793001407660782,0.62951073829518867,0.48333994551308107,0.26409041411191453
1761,0.89908771121670727,0.94488417245197354,0.49201185403694075,0.2696891732057704
1762,0.55578578552649127,0.81613710011896912,0.48399494404510118,0.26642907750085981
1763,0.83030724479461793,0.26118530864795902,0.47823144940928641,0.25820874092680401
1764,0.29391815713109681,0.34197852895903635,0.46909296143797091,0.25722451404014224
1765,0.85797303742297237,0.028396911920735148,0.47396635616224314,0.25422181932242233
1766,0.44945875654633854,0.13104245604363968,0.46930914696277637,0.25490833677481145
1767,0.59842887204476869,0.55937734917277704,0.48012989719353549,0.26244952323228588
1768,0.57740471582777098,0.89388053560972913,0.48578119848790091,0.26773641763913042
1769,0.97950303730979793,0.7105553499755799,0.48935990994809225,0.26657716353733851
1770,0.65304972643599613,0.12151696938542883,0.4728988787177108,0.25542428388118843
1771,0.4647061611775658,0.23846960238671164,0.47152721445789564,0.25664810199059218
1772,0.36979777242055861,0.73688677679720571,0.47791898352778778,0.26379431201236625
1773,0.65486202947768624,0.42547612879582453,0.47867205338353436,0.26047602430305983
1774,0.71398203591384235,0.99666197342575769,0.48939061498136222,0.26931981603825078
1775,0.78046521947713343,0.31546012469868873,0.47859159630035875,0.25902328049883183
1776,0.25921280571710087,0.58611511360715385,0.47208643832896552,0.26053876702440931
1777,0.29171666949467034,0.13717997488911499,0.46565652740390867,0.25420203893143745
1778,0.41971097355947135,0.87828304738207963,0.4817447547428837,0.26640546163576745
1779,0.66265952883978618,0.092548839698836677,0.47250657216214564,0.25496959091312515
1780,0.25478669858168579,0.070527263308421254,0.46356871375294806,0.25301125807339858
1781,0.075994391095952601,0.31852395266065142,0.46141871427771652,0.25486294753440636
1782,0.10444306895524497,0.21776589232956758,0.46101651873401461,0.25382939519724163
1783,0.5569583419155214,0.35959154855915115,0.47560872689952882,0.25898925954508051
1784,0.73222967266178463,0.43683764105796585,0.48020803437991488,0.26095146530049473
1785,0.15762604478715223,0.55289047702524119,0.468094998759437,0.25901491847352914
1786,0.88716035980685848,0.38901899010742785,0.48156084074494804,0.26057787422479994
1787,0.56768788862820951,0.0052126186293899087,0.46932390011703812,0.25331837705975446
1788,0.22965451231844491,0.10309332143137,0.46337231116112337,0.25330989400043763
1789,0.42289094503725644,0.18066614245796808,0.4695975465795233,0.25555691289521071
1790,0.97099658165803415,0.71231674739896556,0.48927967122131127,0.26658131500656324
1791,0.55901159003594658,0.38877706318070415,0.47618563218259446,0.2594716165929502
1792,0.085039826171926694,0.78014402628032253,0.46869666312841235,0.26123095057017975
1793,0.084460676359815995,0.14828508362016873,0.4592438028385758,0.25269796457509569
1794,0.17294545556240482,0.27563402702767636,0.46430863092373553,0.25528469791548014
1795,0.011413127225649078,0.81339508501131785,0.46579203602566271,0.26049186486798243
1796,0.3079231589159579,0.83053011661387288,0.47769054984228221,0.26466128750358475
1797,0.46355681153741901,0.20121895778801993,0.47084358494200135,0.2560603523879923
1798,0.34605293022048428,0.73850984741525028,0.47727119251936023,0.26361561392807559
1799,0.40416638163834578,0.74297459546941103,0.47896540559547124,0.26416936345509157
1800,0.35172866930150193,0.84978687589956681,0.47934605894859278,0.26537527390228144
1801,0.65614869933739539,0.706538581381843,0.48403306575662558,0.26519052650696906
1802,0.30120623963236576,0.77349466884442375,0.47652032616916623,0.2637335216759199
1803,0.78693478256621174,0.47440397224953634,0.48181128602107542,0.26177999654776368
1804,0.6157881117357058,0.73476746764188872,0.48376478507017784,0.26544700634402335
1805,0.8280846604671912,0.17683008483600571,0.47652977522761619,0.25674344882462885
1806,0.68457242890062042,0.81218259404160786,0.48659599475518872,0.26712169851135542
1807,0.15152254005753202,0.051865916681697127,0.46016199467093494,0.25201810787053103
1808,0.85479588950540641,0.93053992631678706,0.49123499584473196,0.26942387715756616
1809,0.45660795879365179,0.70955139864663364,0.47972404382398853,0.26403624035985496
1810,0.64992317900586638,0.91505069832716834,0.4875340974982848,0.26838423788358368
1811,0.026594613195059357,0.59164499180064301,0.46329874376431673,0.25781363669552021
1812,0.11906801172917476,0.54184849905272714,0.46646782187034724,0.25840857374901161
1813,0.16102903155070963,0.18331806320716862,0.46248292181319778,0.25389774253927744
1814,0.59836946171893513,0.037831805257999805,0.47044287503132443,0.25391991007442505
1815,0.95096044885158781,0.55870891490554198,0.48586245132002537,0.26376232851632181
1816,0.77384494139890891,0.08916280075932155,0.47407586349054093,0.25514059237765668
1817,0.093502282880793791,0.19526435792789562,0.46027506346233826,0.25341511248506327
1818,0.93384448928338248,0.67076805674465145,0.48791383687979706,0.26571454479535001
1819,0.33329306057520447,0.80708496014870479,0.47806765677813756,0.26454890740341236
1820,0.84720488577814546,0.3851641662900453,0.48093332044092385,0.26040815186568372
1821,0.59895664132285165,0.35567863262110627,0.47634176162855246,0.25910047509396023
1822,0.63423189490147636,0.50552528755742832,0.47980938611255514,0.26172440172339473
1823,0.014680993086576928,0.49748815727889306,0.46139458959743018,0.2563993271034703
1824,0.75133018567409604,0.47385536982909549,0.48123737025254665,0.26164991792774178
1825,0.5700694248959074,0.73928761494628858,0.48288878458335172,0.26525721591644807
1826,0.77221633979954063,0.029934011754079257,0.47290242864478144,0.25413220057278013
1827,0.53268614047263985,0.3178331045404193,0.47436266593157111,0.2582100637173716
1828,0.048531883983046281,0.71636378086094055,0.46612585798288625,0.2598116615752461
1829,0.75389738528415329,0.3093940895483247,0.47807420364836811,0.25884672648474594
1830,0.033796522265451497,0.03922467046120437,0.45570872177585375,0.25074631975076817
1831,0.11653041169283679,0.53533068695286057,0.46626935015682397,0.25828771642998682
1832,0.84245030978453583,0.056207491587556432,0.4743269359983297,0.2546828289749381
1833,0.72060605671963418,0.44248379759212259,0.48012634332601761,0.26100685351894709
1834,0.89553524415692087,0.99869594646749327,0.49230467447173892,0.27001288189300304
1835,0.29056944747791863,0.71142672674645435,0.47514846012314638,0.26269794030807964
1836,0.7446158920268412,0.55959024306702199,0.48279705802034073,0.26309358070174071
1837,0.22389390777404189,0.12442177622491728,0.46354101699348982,0.25357160567145171
1838,0.011765816006076056,0.010885304794053082,0.45441467794894047,0.25014313989331222
1839,0.92610222565239531,0.52638777094263345,0.48486879903115537,0.26311506368028081
1840,0.54159316450265471,0.28051405929831091,0.47385975431690242,0.25764799369238378
1841,0.46892368566537046,0.087160125170915856,0.46894158841100819,0.25430391976730621
1842,0.81022433901039193,0.57865271929429141,0.4842309370055356,0.26366685853064065
1843,0.49970338931906738,0.10334176164719976,0.46984246749008157,0.25466921521031732
1844,0.86945101105998046,0.5127781403401751,0.48380399876789232,0.26270904437160397
1845,0.15467149701871677,0.41186061199285323,0.46579274805620113,0.25700693923646911
1846,0.73182602931332075,0.41281785194830739,0.4797359866725534,0.26054117389486836
1847,0.52363059264960476,0.99251630042096373,0.4855576360511526,0.26830680170823656
1848,0.073631383184564761,0.73425879202593358,0.46750933609141193,0.26043444953639933
1849,0.92304932134248086,0.81419331260417827,0.49066164129493006,0.26822948467946589
1850,0.33417591501605931,0.75750649071614029,0.47724852916021987,0.26380017358374919
1851,0.2583210484397947,0.80105362267439495,0.47560123075185545,0.26370946094412379
1852,0.79204136262297398,0.84827186314017755,0.48920085617984865,0.26823623993651557
1853,0.86609922604655154,0.15118029460551916,0.476512797974392,0.25636562251870415
1854,0.85685125198046441,0.31701679438553981,0.47970556088904837,0.25924132030693336
1855,0.70809197173492289,0.53340794686233861,0.48166928919631918,0.26250323521034508
1856,0.30297062854695833,0.92412393499576717,0.47902707517725918,0.26595568582634671
1857,0.45057362900174924,0.12633509221317946,0.46925019383607253,0.25484002704816383
1858,0.4131105699887383,0.49804965413050961,0.47490627599073432,0.26041439464932548
1859,0.76703592554208588,0.13177165894521167,0.47481030717819733,0.25585240339360071
1860,0.1124606960225734,0.31711017321170076,0.46280351998602265,0.25525531197515144
1861,0.23719978607088563,0.83250531524376714,0.47540271184505134,0.26394294691380216
1862,0.84984303916495996,0.33488901792963738,0.47996665471209077,0.2595368205316676
1863,0.037148997318244073,0.47648672500589168,0.46210290301810336,0.25645211924639627
1864,0.69713510675289436,0.38448868699074956,0.47861948342553562,0.25994353598222703
1865,0.4094099748765701,0.47411590124497893,0.47439598881695644,0.26001849205178118
1866,0.49329912296062106,0.86629110599734127,0.48343001695282178,0.26679795820453922
1867,0.5780561647516792,0.71796198653102627,0.48266444173366418,0.26495374448811237
1868,0.46523303690358297,0.16067561395299854,0.4701625832275888,0.2554346043745796
1869,0.94750139512395259,0.41508004362558715,0.48288105164705364,0.26118494899976724
1870,0.9325706798965927,0.7639439417343703,0.48979072326448875,0.26737509749155008
1871,0.79605823657006258,0.59104973330189248,0.48425250686983273,0.26383068335711063
1872,0.66858659906714468,0.27804389989188644,0.47611153099683634,0.25806471763243843
1873,0.92041031945907748,0.017177855969162194,0.47447047804172754,0.25409256485679022
1874,0.63719309678288405,0.88863398602266108,0.48695550329647724,0.26801759997187841
1875,0.60782468899226516,0.43126497272966663,0.47791828343110182,0.26037993429018125
1876,0.99085302644366169,0.25020273982501823,0.48002241709405741,0.25831818566802617
1877,0.56352993358426029,0.35301118045434127,0.475616593532868,0.25891082799649845
1878,0.57245435782157583,0.20678480915384134,0.47309642847426875,0.25657567883385557
1879,0.48389037886630976,0.97815066443715482,0.48453302485381444,0.26795295542423797
1880,0.74691264302808558,0.54591662630900983,0.48256906876496358,0.26286816864017398
1881,0.23382936477652985,0.029114245118864346,0.46231997780552231,0.25229098901652641
1882,0.3532992898481549,0.40566294522533425,0.4717816223107773,0.25859659875466673
1883,0.58356140558979241,0.30987420416328826,0.47520375639142226,0.25829083055149338
1884,0.71336897339612482,0.15184304560971215,0.47441560773888303,0.25607586972694757
1885,0.74616481868111295,0.3726990911105299,0.47918596419697085,0.259903860518097
1886,0.62148493246730652,0.88181127547781224,0.48654043038979844,0.26784252779231704
1887,0.93604165818818152,0.8158835871552933,0.49088501297071357,0.26830668900789473
1888,0.59701924692367903,0.76163124246144442,0.48387897788155615,0.26578566783654156
1889,0.25793546290864472,0.3949479930425645,0.46891352396707559,0.25772327615541923
1890,0.46923562466242585,0.50248176947437462,0.47632686543490987,0.26083225649294384
1891,0.28416926684934879,0.86916607560728454,0.47758334982997608,0.26500099208222988
1892,0.023017860228416977,0.44444823139280781,0.4610127521065317,0.25583112166368555
1893,0.78199323653687025,0.67803264387039242,0.48573623544981448,0.26528278712899339
1894,0.41208425922548636,0.88026979857845011,0.48157068322599816,0.26637081003018043
1895,0.83870285713752968,0.90178995969315301,0.49070197810298061,0.26909957953512442
1896,0.18767169152627466,0.37219532238506947,0.46631338881100304,0.2567773790158358
1897,0.83511698175988869,0.83307562583185502,0.48965145066621785,0.26818926789479991
1898,0.59484965558854164,0.9112320668230881,0.48637288423212921,0.26804067371932311
1899,0.0081455090884235692,0.91316443314250795,0.46707659513119915,0.26175421341674876
1900,0.42430405890269907,0.91979578511029259,0.48246156186111328,0.26698133079222386
1901,0.043643069869896862,0.93780514199578913,0.46917471736197319,0.26271337774889014
1902,0.3742893700000714,0.75082016923025952,0.47828562571418537,0.26404741182517466
1903,0.13998584099741421,0.46107589185476539,0.46602072726293503,0.25753378801971383
1904,0.89127063674757967,0.50372307104392677,0.48393040815547866,0.2626136892826243
1905,0.45926644815524342,0.32319119224183962,0.47290965165492715,0.25794972385879267
1906,0.36696916816040176,0.64546190862915254,0.47626193036547809,0.26236188713649267
1907,0.020580849172885066,0.28683876057787566,0.45865533500186162,0.2537558467815918
1908,0.59425181541169303,0.18927322960494786,0.47316764899266461,0.25636485518403584
1909,0.32127142292625505,0.085997623639402457,0.46558012064315324,0.25362128770584874
1910,0.57722967598092512,0.56756741431198321,0.47985530987467268,0.26247732869731644
1911,0.34823988593631655,0.72482783878307089,0.47709986395534415,0.26342508102200873
1912,0.4452570458078175,0.22752118952655001,0.47091191206258559,0.25638690851517715
1913,0.83605051052273494,0.56073755002751713,0.48427173200426354,0.26344393914053488
1914,0.78855942655886768,0.93280523631436529,0.49020298568806747,0.2691884872771747
1915,0.3347399125762866,0.17350211016765099,0.46737827023889067,0.25499124807251722
1916,0.75762014852989235,0.86099862823801809,0.48881355632991524,0.26826387871973506
1917,0.41994874711873709,0.31380226440517001,0.47184988296389979,0.25759646891447602
1918,0.4386163784849807,0.68805960615595108,0.47889237374890298,0.2635674477025769
1919,0.56000916349826158,0.88613561816335418,0.48529062092804842,0.26752917949403576
1920,0.89162395304191167,0.54082809531561804,0.48468416120069974,0.26327092750018355
1921,0.76236744634752407,0.46763415595073021,0.48129277782204682,0.26158126497951367
1922,0.60731166938935643,0.86120889527482225,0.48592712466012605,0.26747323011110352
1923,0.21180596804636298,0.94601950516802036,0.47624443851660686,0.2652202352146476
1924,0.98784689524265701,0.16526961313533831,0.47824036638599898,0.25679216120384096
1925,0.44263113967626128,0.71294785786235015,0.4794352298051745,0.26398969195758737
1926,0.32894953011769107,0.1986990917455056,0.46765215692191475,0.25533232011823936
1927,0.15201848352894887,0.12962871016307034,0.46136044160281697,0.25308252546730609
1928,0.4598988849348738,0.81250053259372945,0.48164530391762927,0.2656981222588467
1929,0.84138150727966576,0.60734504301456038,0.48528147153080614,0.26427812274697443
1930,0.32023153640084207,0.4706857549347333,0.47198410880238134,0.25933932115922415
1931,0.7205617341591628,0.42712505128468625,0.47982886366559108,0.26074589563800682
1932,0.99634333625742011,0.037561386459355708,0.47570698574135317,0.25451926496137067
1933,0.034393207856838123,0.590932097081875,0.46364408160376108,0.2579228228882593
1934,0.98642083857924445,0.66897734733846737,0.48859832200164743,0.26584893489112865
1935,0.61418604295110568,0.80383514901314634,0.48502861483529047,0.26658715541389749
1936,0.37051467252603032,0.90315793723944804,0.48076120297126518,0.26632758311810489
1937,0.70857072556935019,0.16350122000625125,0.47456608928465827,0.25626012828508982
1938,0.91123001224001643,0.68742313925501664,0.48792873482637572,0.26593526521054034
1939,0.72471942100616871,0.73484162402182118,0.48585420737901547,0.26600710144442674
1940,0.79119440688382603,0.72717121854625877,0.48685579257826744,0.26617294853193846
1941,0.45393128571693087,0.28439211853166341,0.47210499440477777,0.25731536798819116
1942,0.47338915684187088,0.35423181746305199,0.47377320241667681,0.25851002360764452
1943,0.93032539705085804,0.66739650226667291,0.48779558526876959,0.26564275003448329
1944,0.43562019964171345,0.10619206166503718,0.46858011322771448,0.25446703449240077
1945,0.52126918618179618,0.16919334168661154,0.47144443196890284,0.25578890451410852
1946,0.97035056091489968,0.13679297727813247,0.47746111573030986,0.25626174976880017
1947,0.80643063939873827,0.42356390550845541,0.48110531907095438,0.2609617206186377
1948,0.66117576782187681,0.20542738445190481,0.47461323779032721,0.25683456249724396
1949,0.026090513579931578,0.19012425486064752,0.45752069392217121,0.25258386206250411
1950,0.30461269475350861,0.4218476884746109,0.47072418420939571,0.25848940407502963
1951,0.038161890390596823,0.83850959754294019,0.4674492412752051,0.26128508121072075
1952,0.88854254926905274,0.5958423168019974,0.48574992103644887,0.26423459041915937
1953,0.93181075425405291,0.065371182601165492,0.47557309156350508,0.2549515383641765
1954,0.36092866249730576,0.20360872400052613,0.46853932784832858,0.25558939309576256
1955,0.80717302302223404,0.87418609489799715,0.48984954235493861,0.26865764260691544
1956,0.10847583811640507,0.33708289265522035,0.46295448350134882,0.25548285057711595
1957,0.69551034569320036,0.44912972535778539,0.47983222869746434,0.26102813809778291
1958,0.24388916038478492,0.50219376964004481,0.47022782037942795,0.2591664307222068
1959,0.33959757896420778,0.669115000177396,0.47589880459121242,0.26249949552750135
1960,0.22600463401229354,0.14041371737645239,0.46385721928061568,0.25381323846871745
1961,0.69933593859310494,0.79315629078297645,0.48651194512213969,0.2668760855261752
1962,0.029718650583585259,0.49900618249253603,0.46209907407693362,0.25664167183593201
1963,0.1418829248706461,0.52880649761828835,0.46713752228404493,0.25849792680673839
1964,0.55660004797399742,0.64935676743580262,0.48093632473356634,0.26370438138506797
1965,0.41241746597759199,0.20381807220986811,0.46976290058589948,0.25586224553405962
1966,0.43398469557767966,0.23116898235784611,0.47072622146462062,0.25638956573320765
1967,0.54500900059511193,0.66311370747123144,0.48093874482446042,0.26386150415469978
1968,0.19805832819856006,0.68716206708335092,0.47167812380167262,0.26138337954913005
1969,0.41698499310166809,0.97416771543388025,0.48282887827305987,0.26744506709531418
1970,0.55849814605776915,0.8943576949343901,0.48537437630507674,0.2676257742920729
1971,0.58288451524014817,0.41831990955943477,0.47719959887967006,0.26005905552426856
1972,0.92437960232697658,0.30164576912288327,0.48027747731564524,0.25911674677691987
1973,0.32263292931868931,0.57697832281802552,0.47384619883427276,0.26095951431039549
1974,0.76519963954129488,0.64797674437622776,0.48486668955376255,0.26469455892595228
1975,0.49281817538718464,0.62695903219949689,0.47910757762645467,0.26295997527126996
1976,0.51106633678086799,0.086804851033107852,0.46976698035961467,0.25444798925295453
1977,0.58307046353513148,0.80926734869672223,0.48446909280207551,0.26648924813306218
1978,0.85289989395026344,0.44722312920527768,0.48225371975282383,0.26150940530051986
1979,0.38036613709157102,0.18742471594224919,0.46873381615186455,0.25544948869512996
1980,0.9972148692629883,0.96914046693303402,0.49352605758673862,0.27015030641483512
1981,0.13350324861273402,0.85158668957367778,0.47182398593427477,0.26291943915047661
1982,0.28062646909562172,0.4091751891973312,0.46982220298526572,0.25811524175210115
1983,0.48107340866721937,0.40627590195034863,0.47487251936176839,0.25937321798088098
1984,0.30822269283874199,0.66410212650200118,0.47489324031849589,0.26214995863801127
1985,0.79947166033795802,0.3260074079078506,0.4790776652139947,0.25925530703050031
1986,0.42501436403874543,0.6853537022987497,0.47849867391215695,0.26342582942155524
1987,0.72832841697799744,0.94512217398990184,0.48928295458302629,0.26903433730637455
1988,0.22054423653412378,0.94473563023008178,0.47654046373870534,0.26530833923655456
1989,0.71282459760067285,0.75255658236922474,0.48598058878387707,0.26625244033770079
1990,0.9547882981311181,0.47317959073142846,0.48416287112282957,0.26224121959734031
1991,0.19672050187446877,0.69289343466068387,0.47172238506637265,0.26145093813865655
1992,0.4165480054322514,0.7920868529396714,0.48015829647855846,0.26503765408201552
1993,0.60481993362730135,0.547158367773809,0.48002772805551458,0.2622789669196674
1994,0.83786676507262747,0.081543682860455019,0.47477085103969396,0.255113764233036
1995,0.52100409001050285,0.7984246196213528,0.48287469358131996,0.26590938607507014
1996,0.86376230892679884,0.88427409071979357,0.49088456892199189,0.26900546058182401
1997,0.42694412167082774,0.83160502036878603,0.48113156303946419,0.26574344990619636
1998,0.69174161375152188,0.74240539004673489,0.48539478151421855,0.26597582339646325
1999,0.79510196067240324,0.14212045647337801,0.4754012496697716,0.25608349830462479
2000,0.24356258233027767,0.71688316999537638,0.47372491240102343,0.26230946357443047
2001,0.11092807523430093,0.43653878357579234,0.46454972238441183,0.2568649242769751
2002,0.8546036805483862,0.38399311660531676,0.48101355244534,0.26040704622134292
2003,0.37633943967485106,0.74628919480015765,0.4782642271855424,0.26399445127792914
2004,0.42163898303526226,0.041284654775133822,0.4671551845394214,0.25341551881484364
2005,0.89354910127456544,0.16777114631166914,0.47718778401412332,0.25670030287905238
2006,0.052724996746785477,0.41059294725205986,0.46181551131914433,0.2557949325322233
2007,0.0068524230836075738,0.28651315761794105,0.45804607467317698,0.25356677549064122
2008,0.1041421734191128,0.24133817310129527,0.46135695756344491,0.25414302376178016
2009,0.1488704288671841,0.42005451190603205,0.46571161511590825,0.25706006626734568
2010,0.28120030904064186,0.71696498767986205,0.47494739662060692,0.26269051492387924
2011,0.14047442234921037,0.10356573331508553,0.46057697328646041,0.25262826469293692
2012,0.72684437965812398,0.19430706000832143,0.47543519410315432,0.25682288399276487
2013,0.95563108055567136,0.14105156730316812,0.47738201253137846,0.25631880575637955
2014,0.66643810351026478,0.11172043236464961,0.4729277096940912,0.25529558099692495
2015,0.09772587494476466,0.21848142049020389,0.46077724540282172,0.25376924592266525
2016,0.49868546481815867,0.78860415851663568,0.48216917379054552,0.2655970296335739
2017,0.74046617431313499,0.0142327798586688,0.47216585488583063,0.25381753305559668
2018,0.35091603982519592,0.63634212679619673,0.47565962483818769,0.26209303565859954
2019,0.019505138407379854,0.96505509726371386,0.46837352301562435,0.26262869444794218
2020,0.26910305790220157,0.2250433429457131,0.46646914785461624,0.25533348070555356
2021,0.28764396373311757,0.33027543652331226,0.46872176351674566,0.25700592398425393
2022,0.20052907640413614,0.54117543452248207,0.46942897993822019,0.25931028909203385
2023,0.32186191940646386,0.57836414088258759,0.47384744345866392,0.26097408801920718
2024,0.39505278883239953,0.81921345802255674,0.48005139000474301,0.2652853581541515
2025,0.23450921484947904,0.14053759552334669,0.46410984316321069,0.25387544657959055
2026,0.40771132304297064,0.98776709546874042,0.48269369121076744,0.26747778084591012
2027,0.19423021660783563,0.96018797295644187,0.47577215580677512,0.26516306900197889
2028,0.23647181753270563,0.69948264633469515,0.47320308942560946,0.26197957853101433
2029,0.79172501006167151,0.29427321941432311,0.47834070107094945,0.25868848253414278
2030,0.97231816645861846,0.16847047587997516,0.47813200549935869,0.25682885069886768
2031,0.042921691774565264,0.92137189887549031,0.46890070489845354,0.26248234132595366
2032,0.32290758222002769,0.77271266565698904,0.47717102293118813,0.26392817577435018
2033,0.89309938956574775,0.10498509032198927,0.47592028680434301,0.25559967445402743
2034,0.27056401879430053,0.6545523973316304,0.47357470447781513,0.26165842730106542
2035,0.9597187918309239,0.74284829443168132,0.48974816875521593,0.26709260021801889
2036,0.48890566235081062,0.15402846330270403,0.47053136675251833,0.25542602421661775
2037,0.08590686261764495,0.33236661381322197,0.4620149615108467,0.25516378396876882
2038,0.17218510323761732,0.28406019329194682,0.46441418793215528,0.25539534453913243
2039,0.04301325016313931,0.72703019452999584,0.4660315175690799,0.25986839375711096
2040,0.77193089103273815,0.29372727732221832,0.4780396823692058,0.25862790194347979
2041,0.75509532908272226,0.97627298583158995,0.48997705493911337,0.26937040342793528
2042,0.97245547721079784,0.97841447736170384,0.49325719194308754,0.27013557112308884
2043,0.86911835740999099,0.080766328792588327,0.47514466695030427,0.25514453644975088
2044,0.59850713793804178,0.47579260317316513,0.47857148598274973,0.26107230857546321
2045,0.9250358755532071,0.080666278326988694,0.47580540179885145,0.25521329085595107
2046,0.086669542118918613,0.83225117203634003,0.46955699684630653,0.2619717804483454
2047,0.22029712375534002,0.21211351020018337,0.46482425322747922,0.25478844473675183
2048,0.10098499233945041,0.38016184533302444,0.46331569711210174,0.25598232987643216
2049,0.73920970217935977,0.85768264588298049,0.48843391517551477,0.26812939779194234
2050,0.48792336587916363,0.4307510314480984,0.47546255222052819,0.25979826469619838
2051,0.76331336441425379,0.081039976564410615,0.47377288023646424,0.25498394369897581
2052,0.81019387936504794,0.7956425050371676,0.48852297664093869,0.2674461129282823
2053,0.42546107439732878,0.71392659045982876,0.47901433509478841,0.26387828467349789
2054,0.74706585439922057,0.65220929396654248,0.48464201047855793,0.26469170908626422
2055,0.26103345886842583,0.62106573461621295,0.4727195048602052,0.26107156668566828
2056,0.069518724986945751,0.70603200141511635,0.46690668572986438,0.2599897963453302
2057,0.72674206278900388,0.09312343693968142,0.47348714531777347,0.25511858818842414
2058,0.23469243770682954,0.49309060751093786,0.46978670118938259,0.2589493023101771
2059,0.26146129656139527,0.50323867166276315,0.47079462853790333,0.25933957318394341
2060,0.082057149333425339,0.83619164875455909,0.46941488635247475,0.26195590398253071
2061,0.59920211181578931,0.63879390737068609,0.48162894545096013,0.26376517599969385
2062,0.44297698676040165,0.72751939550886169,0.47970277296330321,0.26422269564002854
2063,0.41119406238115624,0.14910023266427452,0.46878824398730889,0.2550179357227656
2064,0.24281571289027343,0.46802679584355794,0.46963794170888618,0.25865880108596129
2065,0.20446580810077722,0.96697066430478595,0.47622052352831262,0.26535561189708168
2066,0.9491238211709192,0.67198508436762494,0.48815231176850155,0.26578605800225108
2067,0.53591550144535727,0.74690467118005033,0.48227470073252859,0.2651702801740467
2068,0.45651621299254475,0.96087092529105733,0.48372329005134745,0.26762826705012394
2069,0.59251147832249995,0.43086821316404966,0.4776188002559667,0.26030705624390754
2070,0.8420847147024354,0.94963416474758422,0.49119544989946906,0.26952545768847452
2071,0.14816688614484155,0.7091771634173929,0.47018209703244579,0.2611046690740883
2072,0.23449624068894193,0.75067098619890171,0.4739719665518739,0.2627095077633988
2073,0.34245577564752899,0.0660039347537444,0.4657708644830561,0.2534354907230198
2074,0.90482568976018818,0.75009843305888357,0.48910249515806747,0.26702679116720651
2075,0.180734358596534,0.78211567095314383,0.47256547753263328,0.26254674260529565
2076,0.7976363850159921,0.87168644056472699,0.48965645884688341,0.26858541352583565
2077,0.97499840482481537,0.18481721167321086,0.47849748666936481,0.25712422079235919
2078,0.34231762870365057,0.01722757462806767,0.46495346474647176,0.25271264321855336
2079,0.82943776808351977,0.37467474886047425,0.48047253079335261,0.26017806207349325
2080,0.9939175661908114,0.40686220429254466,0.48328951281027976,0.26114081769731384
2081,0.60755766575942982,0.59644064773627326,0.48100425183717777,0.26310756189290213
2082,0.52520327629550589,0.25952374080285662,0.47315449209587152,0.25724416759486668
2083,0.8068236535351142,0.46224111661867939,0.48187572011777041,0.2616333938686155
2084,0.25962177413337628,0.65619360851437092,0.47325326296731995,0.26157688840572313
2085,0.53374626062820907,0.80146956046073459,0.48322516809974753,0.26604450006900238
2086,0.053209918352554092,0.44527075367231156,0.4623430688367044,0.25626060212014157
2087,0.93517464512401494,0.24191177244350548,0.4791964549933217,0.25807777901641632
2088,0.71795289241840365,0.69185883124199465,0.4849013386917011,0.26524164371432118
2089,0.29805350236451489,0.35649080299882918,0.469450277803591,0.25746947425492528
2090,0.61831522000323758,0.11654248412718299,0.47223448533841622,0.25525113335201099
2091,0.48963667449849896,0.6476771889777273,0.47940763865241731,0.26327183690986794
2092,0.26944577215266186,0.92606614987993385,0.47797510219097422,0.26563485165097811
2093,0.98217938149656414,0.28729854001981436,0.48068552560551586,0.25896908969382476
2094,0.5119282832472003,0.73904651489615214,0.48158185147097538,0.26488714432405391
2095,0.26571219614126018,0.15750826347676339,0.46527610035821204,0.25433184204412224
2096,0.2373807585225324,0.13843595960870153,0.46416016061413146,0.25386562021601816
2097,0.69595887913851773,0.56689541485129169,0.48210136395939057,0.26302087628655835
2098,0.42200819408850515,0.061062509766069709,0.46750474109896345,0.25371899359265854
2099,0.016197244432207662,0.51717045758784519,0.46174644968918754,0.25667865291604508
2100,0.14263473409611033,0.5357076274489635,0.46727249474485372,0.25860289907166256
2101,0.053617414915666455,0.097522032719000715,0.4573226812488333,0.2517091337530647
2102,0.89686135015689072,0.37489203917669367,0.48140564795628249,0.26035223905872423
2103,0.58956940282174619,0.44922479775388496,0.47790328950781952,0.26059520071021686
2104,0.10002543729470345,0.81890474953661918,0.46992878566917923,0.26198591068120769
2105,0.73670844565903537,0.84589414616042047,0.48819285244237742,0.26794211065630746
2106,0.34504627716521502,0.70089859146195244,0.47659833244413385,0.26303129148926768
2107,0.21697302866416285,0.41489236440524696,0.46795593332990321,0.25765722721865059
2108,0.58799345515595058,0.67606907663889004,0.48209421445609246,0.26431997753431546
2109,0.028753382062527817,0.79729152536162873,0.46639699510696997,0.260575557124474
2110,0.86141597291046057,0.43979454259494088,0.48222592344936738,0.26140314391306374
2111,0.8224337170731858,0.11012357279575663,0.47513698773579049,0.25558243053970026
2112,0.3943073403980234,0.94495772678478396,0.48194873943336625,0.26700916079291326
2113,0.35616247185972755,0.12987950236381732,0.46717564110954002,0.25445684338051783
2114,0.045356944138335534,0.93087113675071165,0.46915574712034874,0.26265109948293258
2115,0.92671369054660913,0.11953322514592438,0.47661152502331688,0.25590025497465968
2116,0.0771366882440052,0.55486141678384748,0.46497273734890859,0.25804924283766745
2117,0.29101617428661558,0.60363545175042244,0.47336088353970102,0.26108914791941662
2118,0.39552460252329474,0.69750470155040967,0.47793917614580034,0.26339218445104207
2119,0.062362059872795368,0.28475689260683723,0.46037718234680458,0.25425391310937112
2120,0.20432903134674998,0.046698661129886757,0.46173603081987119,0.25234195627823847
2121,0.81130069421593798,0.56744691840965533,0.48402587461073032,0.26347575169062842
2122,0.81656157216118885,0.36277095451267671,0.48005143579334042,0.25993672086576075
2123,0.84635248264438712,0.29816047967475606,0.47918622902665936,0.25888792308088288
2124,0.1075478727534297,0.80086517800270818,0.4699701056891028,0.26184426863623306
2125,0.89732934385415875,0.34971946304991142,0.48090352385524793,0.25990903013653865
2126,0.57450957507233835,0.87879182404143508,0.48550219556282931,0.26752309388851464
2127,0.89403385767558363,0.28526303281137955,0.47956012468617226,0.25876582009543897
2128,0.55025559493707266,0.83999749722556449,0.48430871546006787,0.26678257771676811
2129,0.688067982015654,0.31039273766317638,0.47705058697274105,0.25866740923333442
2130,0.99490057752780847,0.52723792787784474,0.4857866592679258,0.26331412713103519
2131,0.36167928269145777,0.7223968556980952,0.47744080585019055,0.26350259021341793
2132,0.56341880439886594,0.89368581597117014,0.48547388276717568,0.26764826736765923
2133,0.80282363979016669,0.867881455124903,0.48968916120417477,0.26855917921322159
2134,0.0018080979172489606,0.53864774488377154,0.46138073404581459,0.25673496615737085
2135,0.39133035526407189,0.86361011305091673,0.48072131639066967,0.26594479892341344
2136,0.24033194737926825,0.44630234353175624,0.46920696963907371,0.25832075241759217
2137,0.48864803198402518,0.53420005247775704,0.47733944066283934,0.26145083529706997
2138,0.042068040238914549,0.56883344822508519,0.46366611687684195,0.25774393181202687
2139,0.9674114216965507,0.40830102893015136,0.48299331272462803,0.26110899374056606
2140,0.41844501201858514,0.36810263102097673,0.47276289492036694,0.25842905609487732
2141,0.63845868166504671,0.58139673476951437,0.48132186439023261,0.26300791161139836
2142,0.93806971052888555,0.1144395654861466,0.47663955076180309,0.25582488698068834
2143,0.24029438509034226,0.4811722865384887,0.46977192435324727,0.2588273989709664
2144,0.50169923899212154,0.85655589192836779,0.48346699778323071,0.26670960971553576
2145,0.37996864390621193,0.91687393902909253,0.48121838968089053,0.26658229844816805
2146,0.57879435961890269,0.85867386280103819,0.48527316988010111,0.26726043703751889
2147,0.071725146650022359,0.40210212912395366,0.46247996747758668,0.25592579357526996
2148,0.27710040757617682,0.98190464708177605,0.4788391480423338,0.26628359418630393
2149,0.36906517751876966,0.88596150445282695,0.48045991493602186,0.26607997379446674
2150,0.4788719089188031,0.066677307232038588,0.46878007781558778,0.25402110232433966
2151,0.8321110550740618,0.0080830784048535852,0.47324739115409997,0.25384059271329262
2152,0.16240506683628775,0.49052928182979816,0.46729390777526836,0.25819049034607511
2153,0.84544522374534281,0.45448168117447058,0.48229171170856783,0.26161498208431333
2154,0.55031041893345534,0.27252065985297086,0.47388360627298637,0.25755450023137533
2155,0.41405337639366047,0.34261962297892895,0.4722137982913106,0.25800938420428482
2156,0.97513254595076437,0.31867527267654661,0.48124711130842385,0.25951867951663871
2157,0.22224750790315448,0.00077488969826372339,0.46154245009857425,0.2518189218614803
2158,0.81389905877312418,0.53497736879860758,0.48342293897169319,0.26291988946407496
2159,0.10978071090296145,0.9030914798595826,0.47163514411553054,0.26330087564622429
2160,0.62937671987434163,0.10713989991698182,0.47224357029213687,0.25512695995705142
2161,0.046386363036523111,0.64905339133291273,0.46503624792607151,0.25887691473063029
2162,0.73385384086411209,0.75475541050223405,0.48640406959997268,0.26639108726631816
2163,0.018225752302946058,0.4023594837751589,0.46019558473086858,0.2552156635923612
2164,0.62079674191185041,0.55583679287709531,0.48050149243947571,0.26249908521618365
2165,0.062414709542796487,0.10986645967456281,0.45784321838930325,0.25196343478402211
2166,0.035998497076740028,0.60108726734399098,0.46386485696917229,0.25808155811637523
2167,0.014815338507888373,0.11463230176778744,0.45598349277361844,0.25148469119509614
2168,0.066421533800021276,0.067838563777122177,0.45739160670221746,0.25145857504620317
2169,0.48989230016550284,0.59686090425445004,0.47849699348062585,0.26245980856554235
2170,0.84803193939611088,0.055984701045986733,0.47439198861748499,0.25468648836578534
2171,0.71269843864928695,0.42409044521154143,0.47964022423846808,0.26066693412238628
2172,0.57120189381594544,0.27506146698122613,0.47432898000552332,0.2576770829869896
2173,0.44667015417175138,0.5809342578875949,0.47719089816614058,0.26193241359682845
2174,0.11578049738203408,0.59560956956892042,0.46716106998589585,0.25911031389168887
2175,0.28607247305860511,0.77770968742083069,0.47611547589504932,0.26364780170952029
2176,0.46218005831687481,0.33217664422156523,0.47313360133365001,0.25810561457036713
2177,0.85603755382833779,0.76844087407529593,0.48872462745152595,0.267162647898259
2178,0.53327434061173118,0.74000710727433905,0.48208863008419672,0.26504119948379529
2179,0.64829373112913458,0.79119328495016095,0.48548554964895929,0.26657057233275033
2180,0.1378542523635202,0.76952028416268303,0.47072057211397511,0.26182230001368045
2181,0.35363184994623298,0.65959853134133162,0.47613455017872658,0.2624712042573909
2182,0.38729594991466731,0.048211124389350879,0.46651933325197154,0.25337830009797851
2183,0.19404775905174904,0.36966764596492291,0.46648594586616909,0.25680125831692979
2184,0.830243787570356,0.61800197130468437,0.48532277339170898,0.26442494507029163
2185,0.89644029138878689,0.072280048605042974,0.47530327077656354,0.2550318538514198
2186,0.84193766785500346,0.79185237302222522,0.48896728279743967,0.26751613953389647
2187,0.44485024430913622,0.60097019742931002,0.47750224712855494,0.26223645439286991
2188,0.42980483058864483,0.44096616904576075,0.47431111790754499,0.25962957327388303
2189,0.27635999313761717,0.57414234170619172,0.47242321646749036,0.26051910041780857
2190,0.78601957183846971,0.99987369586682184,0.49063361620330442,0.26963360075497017
2191,0.13436115423456069,0.86348647613193608,0.47204418406134913,0.26309916926588417
2192,0.14589606423900695,0.99078707841980507,0.47424943490353066,0.26484780586019951
2193,0.61111621993622978,0.61460215630567405,0.48141527589094196,0.26342641920801257
2194,0.72913473338751367,0.5802074789231294,0.48293579898878458,0.26338467465941751
2195,0.74312474997887623,0.36483481152910974,0.47898538181279909,0.25976036632201427
2196,0.14866308630189159,0.63405209129246654,0.46902802881297451,0.2600522635865305
2197,0.45355867057180732,0.81980331448010413,0.48161460285807411,0.26576608963142379
2198,0.37220127359005861,0.62767727257910888,0.47609790638700145,0.26212917245119416
2199,0.069387053143058444,0.068873253838636447,0.45751922661379502,0.25150217679740683
2200,0.81307063846295935,0.1500599976353231,0.47580045709476931,0.25625353555241148
2201,0.53145582843107397,0.20002718823669713,0.47219938068597611,0.25631830571425679
2202,0.37417285128590888,0.61773549188041366,0.47597952125804055,0.26199122047238327
2203,0.24663723753598751,0.64119014999741919,0.47258644340094824,0.26122778172487593
2204,0.16687039838026979,0.36203647431061842,0.46544668318329019,0.2564344358004062
2205,0.53983375975949466,0.84636065735492161,0.48418556540252794,0.26681506488657314
2206,0.18934397148763529,0.90545632792344555,0.47485423535580312,0.26442955756618391
2207,0.4248773188552703,0.28024239227905634,0.47137795813918781,0.2571034471984982
2208,0.12919339771600208,0.16171597884848016,0.46106672504174351,0.25331565710758869
2209,0.0078907352653215645,0.27373115709534612,0.45791257725937412,0.25341778980379753
2210,0.04007691924582469,0.49783012033029228,0.46254198077672709,0.2567750219015959
2211,0.20846728751979537,0.80800765740732905,0.47399334535952403,0.26325348131035153
2212,0.94373848170301655,0.7407288506571087,0.48947892314139302,0.26699945604043279
2213,0.3985756145846448,0.69686931258012785,0.4780095726730309,0.26340606530655364
2214,0.99210898549974669,0.69454129573536338,0.48920070677467947,0.2663280733887548
2215,0.9481951900409884,0.020517395264434163,0.47484559397222625,0.25417648878942362
2216,0.13862297835071805,0.74976188568464719,0.4704432853960463,0.26155428933451813
2217,0.96978538642622303,0.20117324597925182,0.47877324159574591,0.25740864826328219
2218,0.23072202351145679,0.038853235010954092,0.46238547649295497,0.25240863224219379
2219,0.29889310130673691,0.9417899246102549,0.47911886772144463,0.26611682644173718
2220,0.92428761003982507,0.090749353191314733,0.47600074949988835,0.25538993893784262
2221,0.1655487297624699,0.69541416658271338,0.4706255086133444,0.26112347025086097
2222,0.93596060083600463,0.46782033939327816,0.48380792039598225,0.26209779481585987
2223,0.60776548300177091,0.49538397540122969,0.47911636492741305,0.26143755257406093
2224,0.69440450319313674,0.47192377386511075,0.4802506557619492,0.26140879344403778
2225,0.85356859674229058,0.56255391062864801,0.48456999652784588,0.26353398158739955
2226,0.40845621793315517,0.35720098563384967,0.47233411897075739,0.2582024965745337
2227,0.99454878159301596,0.45582622268005513,0.48430800319373202,0.2620247803118475
2228,0.45547213774492268,0.47833272938431476,0.47557746219601255,0.2603691328962191
2229,0.7778434332828853,0.42495560984817571,0.48069934502595202,0.26089821597344209
2230,0.42911023351250921,0.15618760823089398,0.46930944295283794,0.25520868109750589
2231,0.51786438732802642,0.43551275155382463,0.47619563121323855,0.26003007544712176
2232,0.58571574098194246,0.058302677149546803,0.4706046526072355,0.25421790503547165
2233,0.51515873920788291,0.35058936351278103,0.47459936224465876,0.25865595950378106
2234,0.76757128040933753,0.95458814022197624,0.49003429210759875,0.26927398994264629
2235,0.25381697893653765,0.81688053432680907,0.47571193260442074,0.26389581819886371
2236,0.59995290888239394,0.35041757658467393,0.47626238805766447,0.25901814835252363
2237,0.61134317323743603,0.14030651461289964,0.47255796806075062,0.25561943064552017
2238,0.22753763678470862,0.9989487314924248,0.47733504261137261,0.26590068843201525
2239,0.3425119553464116,0.76383378009501612,0.4776016569630831,0.26397196383976723
2240,0.43587932805073215,0.81362298519763865,0.48104831955558114,0.26553067950522974
2241,0.89998438392797253,0.3226484215163975,0.48039151135833208,0.25943728279870337
2242,0.30383930870956977,0.45567133435729196,0.47126720880415718,0.25898767927322813
2243,0.064613319590559701,0.83230597057089917,0.46857921994740376,0.26163163970910136
2244,0.88527646126582993,0.103997188494273,0.47580601702966524,0.25557161292609082
2245,0.18052869266445051,0.41944838091180431,0.46681512124126828,0.25737601683106409
2246,0.37575738004638115,0.6565882260904532,0.47669450100847766,0.26260286047456316
2247,0.14781311035585823,0.54399663425210165,0.46759417371808426,0.25877837604169607
2248,0.82534952404944928,0.77569910090815986,0.4883777555295753,0.26716326527713591
2249,0.25207148369400528,0.91074092271338458,0.47717590554675943,0.26524820504057012
2250,0.49544633395675336,0.53103324477473512,0.47743563746475459,0.26143969488210472
2251,0.1493661003286601,0.48155304848045349,0.46668203192689806,0.25792269433943366
2252,0.20117743463391671,0.4366801393050817,0.46778537321951946,0.25782158858380061
2253,0.4802981576933642,0.27587892126456137,0.47252496688999635,0.25730757812826072
2254,0.25376430965507174,0.28247040696452608,0.4669584970329273,0.2560546783265949
2255,0.072100077474571297,0.68362443253755334,0.46668368596500925,0.25972341474331295
2256,0.58998962637326924,0.58604871662628144,0.48045821670278266,0.26284674998818847
2257,0.21829932409644828,0.3220381779387011,0.46651325804921678,0.25633879979502133
2258,0.058938266867061613,0.21506289758834757,0.45922648087778728,0.2532980876763255
2259,0.53612958634485264,0.57616522140331805,0.47915102012123223,0.26239719430603559
2260,0.015402784673392308,0.93079598991506507,0.46769730447758784,0.26212155205744853
2261,0.45140361282838276,0.84290484578543123,0.48197127210637569,0.26611677389792493
2262,0.88698983785716123,0.16462040404902073,0.47704337118780527,0.2566344952589753
2263,0.044922575777035678,0.90072267495741842,0.46868929863837805,0.26223738796752338
2264,0.57049990046439925,0.71173287131841056,0.48238750899543892,0.26480704733797067
2265,0.70158223959201715,0.77732387650465828,0.48624966158362326,0.2666183279761114
2266,0.88290405365851476,0.55440944717846574,0.48483392407042603,0.26348428408848584
2267,0.83155636992676885,0.06724039956923808,0.47440793204221143,0.25485787520600517
2268,0.26433479218137224,0.71500683262510001,0.47437612898140241,0.26249458065594239
2269,0.51540622608753617,0.94238457750574456,0.48496084821920904,0.26786626143069703
2270,0.58906837524004518,0.9871852063098574,0.48693682095123747,0.2686517123615299
2271,0.25164511521089589,0.56597756794368625,0.47151592280454258,0.26017164680576826
2272,0.2253861352457083,0.865571498425596,0.47552975192438945,0.26429333761002471
2273,0.38446673544187798,0.36549432643087348,0.47189103262410514,0.25818627426033536
2274,0.059106281712756024,0.81517164536666831,0.46807350403333253,0.26131150763705729
2275,0.79843112976959674,0.3453003862830461,0.47944262633670998,0.25958546764887053
2276,0.24951598062700359,0.72651625214103843,0.47408085926070298,0.26251348856925377
2277,0.50530718684265152,0.70577320956533074,0.48082360641977306,0.26430666614490606
2278,0.28848052879100433,0.68578848296866057,0.47465501051360909,0.262294129148408
2279,0.66242398677024761,0.99685299948226891,0.48844931515210122,0.26908645240427431
2280,0.50627223825434919,0.59692725793841528,0.47887117345438718,0.26256013409282924
2281,0.65534551129230534,0.38355365133824526,0.47788597609914701,0.25977848022548289
2282,0.89523160214141251,0.42786230146401794,0.48245347808371841,0.26128374225833467
2283,0.50957063850018902,0.15795456119860757,0.47101352004918073,0.25556704124613033
2284,0.28548319259808635,0.10059963793399512,0.46489171518695988,0.25363200942227565
2285,0.2773372462689993,0.06459442788978341,0.46408827060765118,0.25306259853755347
2286,0.57461738162009279,0.40416584946460787,0.47677653205828247,0.25979134063572035
2287,0.44024415368741615,0.72642091552378851,0.47961398246336601,0.26418521112055871
2288,0.79729504631004533,0.96713368537485378,0.49061496530156767,0.26947967262446004
2289,0.62088074883624211,0.65942440403561342,0.48245115368151648,0.26422097189883048
2290,0.68293552680007419,0.74757921065263222,0.48532813703541289,0.26601915320196762
2291,0.85142658902305413,0.90432780199168483,0.49092732928175054,0.26917290201832111
2292,0.59597241671812951,0.24466999510246096,0.47422450999895666,0.25727326122488026
2293,0.70086467928901552,0.05335451645670692,0.47234722935930584,0.25440168557170689
2294,0.39525358812314226,0.65540779580847597,0.47719760384452403,0.26273535717540186
2295,0.0057505075808265251,0.65391609964323005,0.46321610143889641,0.25829854289256327
2296,0.037584159844054374,0.52224253546808608,0.46278704948909233,0.25706171211917223
2297,0.79685620555790382,0.019611580100900028,0.47302662743312884,0.2539925149129435
2298,0.065146092561155097,0.7971119798534434,0.46807614476490661,0.26116104393625139
2299,0.78812793747190157,0.39635542908505306,0.48029442030643721,0.26043693664518019
2300,0.59686142342371162,0.060365183699817866,0.47083261567615553,0.25428060542785552
2301,0.81948297094897138,0.47233982000405667,0.48226582427042203,0.26184834020677478
2302,0.76588083076403712,0.5673546047664364,0.48330004586697245,0.26330836812465552
2303,0.88460229920187272,0.99780235221969193,0.49214131032177533,0.26997251507042103
2304,0.077039368427370206,0.47662652188312499,0.46380253785958891,0.25699259657382717
2305,0.88833222162699099,0.80006823598233756,0.48986068199008415,0.26785025480044417
2306,0.91176703109274393,0.33920825195946963,0.48087893682316923,0.2597555797875083
2307,0.11102835721216398,0.93396962461258526,0.47214879609002952,0.26373814906631021
2308,0.89212372636293291,0.91439208487997525,0.491645632504838,0.26941616662713569
2309,0.71862717954780675,0.32290617032638985,0.47778613603428999,0.2589732960122082
2310,0.32490085645479849,0.88609090369915355,0.47914926822982357,0.26566654306379323
2311,0.97637408179839846,0.83736453078453199,0.49184571274448852,0.26879277326942791
2312,0.72164609698340065,0.37923043874193685,0.47892144931631292,0.25993686694739193
2313,0.89398348461579302,0.231224365241325,0.47847050271937658,0.2578151635851198
2314,0.50933853989298228,0.90674192700058931,0.48441432651359562,0.26745261027477746
2315,0.12587444188977825,0.77970808428452587,0.47039875612322707,0.26180461113119108
2316,0.74004816200855417,0.50067665261990624,0.48157533822535153,0.26206838625149859
2317,0.28535163521688661,0.19085002999928546,0.46636382525747599,0.25494521542812004
2318,0.89107781629125826,0.13612907961696619,0.47652138330993904,0.25614194502345433
2319,0.44954213683974231,0.86805527084277712,0.48236112925849622,0.26649345861261203
2320,0.3954018271459383,0.57469793163834837,0.47579499338831555,0.26148354864018486
2321,0.95112387784995378,0.91189220332176191,0.49246390956917452,0.26958949224325301
2322,0.27408139968618056,0.82319614168632549,0.47648775471391874,0.26420596352246312
2323,0.82467860328572573,0.90290202216120674,0.49049191083583321,0.26905611916098954
2324,0.80959592792080948,0.36910262031751923,0.4800755964975299,0.26002746569761098
2325,0.23665151354715927,0.76927032948898844,0.47434929089117794,0.2630061758835982
2326,0.89892071379750271,0.60169576177567941,0.48601713976599137,0.26437167729581457
2327,0.75341291291719548,0.71540715529582233,0.48598316663542107,0.26580532883449204
2328,0.060684470520692417,0.18644228305987781,0.45888151872856159,0.2529434539676832
2329,0.64577705962335463,0.3650603837572155,0.4773676111382259,0.25943519617847155
2330,0.22763324725526621,0.35168347532119371,0.46728112185509452,0.25684305312803724
2331,0.41911715687114048,0.27691302072460533,0.47118716501647734,0.25702178598863085
2332,0.97621081647834518,0.86152047707777246,0.49221666773796263,0.26912693570702367
2333,0.065682696057518489,0.4035069245524821,0.46225268468801439,0.2558683463071964
2334,0.43162919894043594,0.6888203458395904,0.47872888970425326,0.26352881288192109
2335,0.96407254202653425,0.74749770712783803,0.48990426878790055,0.26719101308136811
2336,0.014328061102831271,0.21623011196422159,0.4573863568731158,0.25276937212790662
2337,0.80514500903558217,0.69010686499673179,0.48635434228603114,0.26558665727429509
2338,0.38745122538193827,0.36022215000329311,0.47187419653579382,0.25812379114662165
2339,0.11867089809851022,0.39133213426856095,0.46415898754668383,0.25633511261091885
2340,0.40492817407358672,0.49439056281506782,0.47463820511514598,0.26030381986359491
2341,0.27907331890357895,0.26404761852481168,0.46738907575064625,0.2559721432959301
2342,0.56550155470882313,0.87917080261894742,0.48530983639132025,0.26747150173374395
2343,0.10355362975097961,0.52505298131947642,0.46560186038963619,0.25798631753360107
2344,0.48928555473118324,0.6416685574202915,0.4792910562121015,0.26317334022248751
2345,0.81981494749874118,0.18623576982257656,0.47660489873163536,0.25688990702540948
2346,0.63756157866354335,0.79779071373121124,0.48539478026499094,0.26662112622926709
2347,0.93616329517614794,0.78080476050629521,0.49018563439112151,0.26768957340811106
2348,0.25708157135077053,0.30812248007355958,0.46747307971697472,0.2564521272776813
2349,0.65465212270406781,0.99816461380586274,0.48830971844287929,0.26905679936277255
2350,0.1737495572508895,0.016551640084374229,0.460334780592422,0.25170667724518592
2351,0.82897224896977428,0.8075435114756343,0.48906853663316913,0.2677357186552688
2352,0.13072880724017741,0.072325781244284015,0.45977570731147155,0.25212180777563509
2353,0.12429677746795352,0.3590914006081759,0.46387910659908921,0.25595550164228204
2354,0.43831467405142033,0.59005197999529779,0.47714850982466378,0.26202069983147619
2355,0.84340990587781417,0.76294910910752367,0.48841516445681954,0.26701492284010425
2356,0.14016336371746149,0.12593992441139418,0.46090483259051285,0.25292939460697206
2357,0.71753806138661458,0.05059877654040465,0.47253852901892873,0.25438762342237925
2358,0.71465245391795185,0.8822089147845168,0.48835302909893874,0.26833889690529095
2359,0.64359092223030756,0.7981685971620609,0.48552351382116987,0.26666140952897399
2360,0.5667515348194051,0.10483519678182202,0.47112450173362835,0.25491307535514063
2361,0.40581946857263101,0.64394765858793401,0.47727494031713985,0.26263612735814235
2362,0.29420157774913824,0.79087599139394016,0.47659317352260239,0.26392659312695305
2363,0.51849674170363003,0.7476401832666365,0.48189042287226208,0.26506943302028629
2364,0.055696102757158222,0.28915348831742305,0.46017015902935776,0.25423151420122453
2365,0.090896352512890022,0.66649823930998098,0.46722637359420027,0.25975632981763641
2366,0.73209090410423239,0.29901419421216707,0.47753699159331842,0.25860841429805687
2367,0.47994762244221062,0.58776573748759697,0.47810322774894148,0.26225308063670877
2368,0.85752004655554193,0.32532775074752285,0.47988080192300492,0.25938816453090613
2369,0.34041501558696624,0.9329363776469487,0.48027964169092147,0.26641564863685957
2370,0.58984864708419193,0.19279309921771054,0.47315418903837103,0.25640771421283864
2371,0.095136157403572008,0.82232954309046036,0.46977219621138111,0.26196143654031062
2372,0.75352594896432712,0.49513275732329354,0.48168773562782119,0.26202221855701374
2373,0.33914165494922782,0.60850137911244528,0.47485226603134612,0.26157253990273016
2374,0.99879148650491845,0.47351996761438209,0.48472580715549318,0.26235385619387475
2375,0.8556574043878471,0.9240060467435397,0.4911886869202165,0.269371183100172
2376,0.46634143928635169,0.01554636299511185,0.46763006610242469,0.25318337435951904
2377,0.42411062477921374,0.22472518066096819,0.47039185420909141,0.25624166778063195
2378,0.24963896418124207,0.29657499629353407,0.46706467106915944,0.25622717116384758
2379,0.17385440817616182,0.23890907199356007,0.46376813056896848,0.25478085031647957
2380,0.42731513735678744,0.019324472228891682,0.46689642239433055,0.25310217653359784
2381,0.39036324496433372,0.629028832461487,0.47660855203306712,0.26228889580437326
2382,0.15911016865338898,0.81177271351962121,0.47221508120377648,0.26269873805969884
2383,0.37938786735635949,0.75548694122125171,0.47850842635436619,0.26416239450112694
2384,0.59332630826771493,0.98236807276332994,0.48699162320864586,0.26864279863811485
2385,0.8757014933959465,0.48005470995845972,0.48323534543970614,0.26215126452243004
2386,0.34392302345234205,0.42916846659550212,0.47193237700320867,0.25888769551585522
2387,0.96292281694450654,0.31829804779159604,0.48109237661823229,0.25948871563382359
2388,0.91462642037690389,0.5530883016780368,0.4852539223441063,0.263557077931313
2389,0.68373152185924124,0.17910033133976394,0.47447771261686578,0.25645855730656869
2390,0.47464481631339295,0.41790375213384395,0.47493784017225699,0.2595230707601191
2391,0.17167078397060978,0.1917475361385732,0.46296510846872674,0.25410634845075664
2392,0.21850903321133228,0.5405338423242676,0.47002488110826568,0.25948197859507899
2393,0.88991926476376837,0.24999909355285344,0.47879693504958398,0.25813740456227768
2394,0.62844944101105216,0.87175657109649618,0.48653414077169921,0.2677479079994366
2395,0.46740322731271156,0.53959483870136327,0.47694772787930756,0.26140970998277407
2396,0.27192464258704568,0.14148992660172519,0.46518896358598288,0.25414074135872966
2397,0.87228583560081907,0.92956043476994388,0.49149114573211533,0.26947828927293704
2398,0.18551787796005373,0.28187980403996776,0.46482317586717176,0.25548516632489221
2399,0.15879178590482335,0.067746865285199603,0.46064039347799512,0.25229273541148528
2400,0.77052933576774096,0.31720797039166793,0.47847786259115249,0.25902632755440064
2401,0.17540100730437552,0.56186102917726388,0.46887912884214411,0.25933928728540623
2402,0.0023594039171119224,0.23249935162443436,0.45708933592118034,0.25281867721995316
2403,0.98042280694983208,0.34209024808021499,0.48179191750248673,0.25994866282066809
2404,0.49923923963004491,0.46615152318113251,0.47634867094638389,0.260423429632201
2405,0.28168235868649794,0.47089740275555525,0.47087391934712264,0.25903554051093552
2406,0.038046156163921117,0.98684530326459785,0.46953250615185221,0.26319248860351618
2407,0.50892616940940494,0.62611773145176697,0.47946074896096841,0.26304593120528008
2408,0.94133988580465089,0.99318381175667758,0.49291919028295444,0.27012580118278984
2409,0.42719191852150257,0.76125107229923605,0.4798949079675684,0.26463632307379786
2410,0.61347669056608578,0.9407995105507202,0.48707078581407459,0.26843511625073707
2411,0.71015564900460892,0.90986135486209541,0.4886140747614785,0.26863088826350506
2412,0.11477085769268451,0.88561753526338149,0.47157709072070353,0.26313030966723333
2413,0.39776233104629211,0.91462824138161969,0.48168271862177248,0.26670621536804828
2414,0.64348115565733754,0.17862208204377675,0.47381562622259649,0.25634039091432798
2415,0.51097862751587531,0.46902004033814887,0.47665604666191713,0.26053216026101356
2416,0.9661494483366726,0.55704588486299622,0.48602960932973155,0.2637748333163315
2417,0.80232496837134237,0.66280860821221732,0.48576937620248478,0.26510064144652329
2418,0.075596090489707418,0.0023946085162577222,0.45679228434437058,0.25069821805007658
2419,0.58298452286479296,0.086756294302979944,0.47107983909930029,0.25466942792038144
2420,0.82456642452528472,0.56132478321819801,0.4841089555517461,0.26341519689664089
2421,0.53461301654226856,0.8848466251714272,0.48470013689656832,0.26734855036155791
2422,0.96930382043319996,0.79583454265104381,0.49096660480616822,0.26807828828856217
2423,0.4646626676092972,0.17111842806973729,0.4703350605646221,0.25559514013622681
2424,0.18921894490722335,0.1662570659396588,0.46313547449954462,0.25389723705688255
2425,0.22471646678069374,0.12558600128743566,0.46358383545682846,0.2535939352144283
2426,0.24300030621428742,0.61207243726801819,0.47199159631260634,0.2607645836689767
2427,0.21277694744506154,0.023036523203400432,0.4616166415319346,0.25206904277986947
2428,0.98940357271918333,0.76182666925889209,0.49054888509533978,0.26753482695942266
2429,0.14069773839298871,0.16981493573588086,0.46158819483671137,0.25353146665451348
2430,0.4988493927075644,0.017993922172242313,0.46830614804246801,0.2533269402371563
2431,0.10242496034827782,0.093582287917134827,0.45910037066870479,0.25215047401239093
2432,0.54317102387367056,0.49668257571303986,0.47784431068778649,0.26114608273631601
2433,0.13854944969679928,0.92112267264729597,0.47310573089994584,0.26396536835617423
2434,0.71051055657354889,0.79557372599852971,0.48676748787570073,0.26697427294614601
2435,0.91378337250353081,0.48631329179011518,0.48388784425723819,0.26236829678914481
2436,0.70677731349513628,0.56013881877689864,0.48216156323818837,0.26295152999876742
2437,0.79296224782824287,0.40437592606489781,0.48052507143108608,0.26058969550713673
2438,0.67980538298151227,0.1001452232962125,0.47291750951345823,0.25513514078507826
2439,0.26175295451927233,0.92832527446126334,0.47774944272241454,0.26557944520976623
2440,0.53695624013455823,0.31762260356222977,0.47444431223793798,0.25822518081946161
2441,0.85431008347488246,0.3765493672232027,0.48086065177727189,0.26027605166995127
2442,0.42349639573727038,0.85473729459430325,0.48144788540159489,0.26607980893571331
2443,0.25940887360776543,0.061275952325423717,0.46354801847384375,0.2529074811118841
2444,0.37957622113371037,0.55169808798247255,0.47498184818972367,0.26101403750003871
2445,0.78887239160250178,0.92721361083762022,0.49015661142357947,0.26914143306129074
2446,0.79136448427130235,0.45529516691564353,0.48150347536220389,0.26146425813029234
2447,0.82377980876642987,0.42098581012311626,0.48131038896079575,0.2609679041635814
2448,0.44782363826999211,0.38584417518713748,0.47376075802681089,0.25887146136396377
2449,0.48600618310210997,0.19849063637909714,0.47126446841107267,0.25611362509680319
2450,0.90315426456435821,0.98745427493379689,0.49235270356053251,0.26997634248773233
2451,0.41008413166905522,0.65289637295742287,0.47754260098267343,0.26280729678232623
2452,0.3312698088226258,0.9858695180679089,0.48054162922772553,0.26682936318140027
2453,0.24593607372884874,0.74359107928961754,0.47424210613460549,0.26272782290357161
2454,0.23546164755687352,0.78327345041894592,0.47453754644510865,0.26319898776409922
2455,0.59403162484419303,0.066156963710079439,0.47089125489459915,0.25436687416852516
2456,0.63870086407797644,0.58921932274996081,0.48147434291211966,0.26313960864276387
2457,0.050854385941138031,0.24032331341725077,0.45926521273548476,0.25353360108905831
2458,0.58064329146953531,0.92380062428443932,0.48621475438994521,0.26808925803313882
2459,0.63492061854122439,0.45679251155589012,0.47890304369890629,0.26091701633418674
2460,0.043490544585918549,0.46912099747924368,0.46227328283813457,0.25644377030041421
2461,0.79825154902666107,0.54506907823315132,0.48337997489249501,0.26304125380291604
2462,0.48266941303188216,0.48061401541890814,0.47624102366891885,0.26056253674002211
2463,0.0022112471078871748,0.85793105529473401,0.46597794907989559,0.26091529968864902
2464,0.19776682901015738,0.88069522593155269,0.47477519641228466,0.26418043201247332
2465,0.29264284120666562,0.82716695875515001,0.47715259964577822,0.26445716491823917
2466,0.89332054700459129,0.96295194943588003,0.49205838653764739,0.26979526075741872
2467,0.61899274674282645,0.76242279922208989,0.48435002193069354,0.26592536661394289
2468,0.061065404601034247,0.95161975757366746,0.47018060149142715,0.26317990827510884
2469,0.55202533760351369,0.63844595195216836,0.4806370015063231,0.26350004874788996
2470,0.25721936235647885,0.35387982704647586,0.46822206353689866,0.25711868934747606
2471,0.0049867743898299524,0.26509765569275479,0.4576622819666965,0.2532683114864569
2472,0.61530550733428691,0.091691413126292171,0.47172230502778695,0.25483764919146257
2473,0.77741597654438821,0.24212088092347842,0.47711087375113043,0.25775807649901455
2474,0.3208750382891507,0.74685512545496457,0.47667123342777507,0.2635165345809472
2475,0.99751273631219528,0.70941030091164869,0.48957939952733776,0.26661375354182493
2476,0.40372630456016634,0.43292201776184375,0.47353696225703013,0.25934403586988913
2477,0.11467544677484549,0.39395128734571627,0.46404779105921118,0.25632609811741208
2478,0.15948431219278136,0.019868259883916474,0.45993418808987507,0.25164518647378592
2479,0.52806004156203712,0.42514205903153635,0.47622151056615369,0.25991423643692624
2480,0.64207201387059176,0.10186102649780224,0.47235259795311579,0.25507294403191272
2481,0.75839663639672805,0.20557341165834805,0.47612171195161934,0.25708927663721437
2482,0.95622463757040688,0.8528417854792788,0.49181218880572347,0.26894606423535389
2483,0.95827643573667165,0.32751636695213382,0.48122464508073981,0.25964437329065798
2484,0.32746908464973096,0.80918374142280081,0.47792836755247092,0.26452618586792664
2485,0.19396649125296392,0.96260063194701218,0.47578963190007323,0.26518502718672488
2486,0.7351477645113017,0.61031820232373435,0.48362302392672235,0.26392391429597273
2487,0.25244956063962309,0.3546882284533116,0.46809196657734747,0.257092149559001
2488,0.7868859069429921,0.047833803040964996,0.47344667816051506,0.2544588646551762
2489,0.33553850302899957,0.71814903696357513,0.47661755666500155,0.26321203429796208
2490,0.11173679700704525,0.14438943369815824,0.46018864121126968,0.25291733891973356
2491,0.88985806560061176,0.64550953256975629,0.486770478134819,0.26511805889758128
2492,0.30752995687267975,0.90135599203457828,0.47884813591349645,0.26570871538096769
2493,0.18787207893171581,0.026859083024517168,0.46092990318616828,0.25195065565667751
2494,0.67001392094168122,0.95667468004511902,0.48831362161204278,0.26885360056725377
2495,0.79075566442477285,0.75642992083203286,0.48742434237224563,0.26667882574040147
2496,0.71612447480539565,0.63327248887893517,0.48373669963723404,0.26423479145678008
2497,0.093378049521695372,0.603515742053499,0.46637724343264503,0.2589281820045552
2498,0.61012957870679674,0.2113125096595497,0.4738569829878444,0.25677583981153324
2499,0.96985375889894787,0.48270258155897028,0.48455160792957758,0.26244948034352161
2500,0.93302695841105887,0.87095857251045528,0.49174018421831323,0.26909880217653603
2501,0.77482139367136404,0.70618565412672474,0.48616884313354813,0.26573966200517696
2502,0.93810934138131563,0.011862311442208012,0.47455967949283429,0.25401512411415011
2503,0.90130377272992623,0.23180095610328719,0.47857420023524183,0.25783875633276526
2504,0.20270770336870339,0.064130622043053157,0.46195935050820292,0.2525737345615835
2505,0.5399945302459761,0.55539313465963347,0.47885339977550262,0.26208153760072272
2506,0.67316447604188001,0.61331112666275589,0.48257839178060186,0.26370436845024436
2507,0.435570164146449,0.26747021253985587,0.4713976294608978,0.25696028772665119
2508,0.9053577260603779,0.23732864448303589,0.478736530419966,0.25794352817540045
2509,0.66577224610565466,0.50368072781850359,0.48035330619430006,0.2618287717929797
2510,0.76463876422914911,0.58170679553296645,0.4835605607729217,0.26355072594372947
2511,0.65447540444302144,0.7412007967024693,0.48465906243341977,0.26576428931261714
2512,0.44412402938335438,0.043469319642672782,0.46766682910902091,0.25353530078513803
2513,0.39293432578336218,0.32806163816914197,0.47145346060955257,0.25766345708009486
2514,0.58122952774151937,0.44808890568542992,0.47771929923789669,0.26053877685738619
2515,0.49733175680747954,0.29098155505064643,0.47315384174351349,0.25762440704207967
2516,0.66735694998168615,0.32685529215995923,0.47701771454229225,0.25887507437270585
2517,0.3991855157554266,0.52055830441060247,0.47494930741188723,0.26067090399132786
2518,0.18941731292166517,0.35511054084886567,0.46610251988856971,0.25655225840770507
2519,0.28631617139849114,0.080804778018721851,0.46459113524516332,0.25334966619337806
2520,0.96736237514078394,0.87322977863963469,0.49225314372013745,0.26924144257415911
2521,0.072876779367576819,0.86760679731123391,0.46948167332595903,0.26224426749279489
2522,0.11373916852379917,0.60217710508656463,0.46718049289810587,0.25917513200144598
2523,0.45299053870307981,0.84253928561463254,0.48200557674776312,0.26612334443880348
2524,0.071646076367225031,0.70987644781552961,0.46705709045053045,0.26007337325656438
2525,0.24980174317610218,0.91957787055718954,0.47722635476448039,0.26533891437589896
2526,0.40238216062550203,0.95655166649556489,0.48228439095109588,0.26718332019278795
2527,0.60557291961222659,0.84842991762132158,0.48567211644023006,0.2672678150677143
2528,0.63866358089802089,0.81937784958517879,0.48582508440067335,0.2669889556299026
2529,0.13417151065076469,0.56768115163795885,0.46744700577043558,0.2589491884202576
2530,0.42014795768012991,0.31551533405756343,0.47188443878378256,0.25762406537108373
2531,0.44046636540055045,0.57725615844199207,0.47697465851259452,0.26183362052565601
2532,0.065436685826641042,0.3832452397126821,0.46194454674558982,0.25559564034574761
2533,0.70207959033133238,0.13284110118391693,0.47388090855902765,0.25573121422551554
2534,0.93130626743558098,0.3810126036430127,0.48197910815345946,0.26054069687397469
2535,0.35908387786854296,0.75845205629045387,0.47798818848141339,0.26403541703654287
2536,0.69320241447348385,0.7917300104999333,0.48636875747030345,0.26682019976078097
2537,0.25740802364636911,0.54231107445025117,0.47130993467978233,0.25987741723774904
2538,0.87637345876091866,0.2565367534539546,0.47875376104950224,0.25822534668829544
2539,0.91213006761182336,0.28148748177298116,0.47971460427610174,0.25873566050092123
2540,0.31249480691606879,0.25254500990522794,0.46811853745699983,0.25602929520636813
2541,0.0669696873972076,0.2368476701087435,0.45986288340288506,0.25367634595406419
2542,0.46037511604133763,0.93766591881726646,0.48359241166873357,0.26744399106154315
2543,0.76215441490799418,0.86417446980768586,0.4889408585646407,0.26832802904759639
2544,0.65151353036022053,0.10133881948291092,0.47249495305721145,0.25508781308780998
2545,0.30501097284083956,0.99185117949993584,0.47979923680886138,0.2666344615325722
2546,0.71480874583726983,0.29999364551600299,0.47728396845401538,0.25857452579483109
2547,0.94741453281504806,0.825018938466895,0.49121979194778242,0.26849873810256303
2548,0.70897526470773164,0.73361364550875741,0.48554474072274323,0.26591099473349322
2549,0.79984327489814033,0.039789767600025519,0.4734600676299901,0.25434108081746326
2550,0.91559511406532268,0.55175844011626907,0.48524034340628497,0.26353629587098898
2551,0.32947355727782707,0.58585697700019224,0.47419251410287971,0.26114989619256346
2552,0.49859088056763873,0.34961937313418606,0.47423435471251135,0.25856185364220013
2553,0.27353408691607184,0.20473568816162879,0.46626313678399556,0.25506884919345807
2554,0.65919157000825512,0.46548201378098458,0.47950862746234291,0.26116178769944998
2555,0.29990377500309839,0.096345566212583805,0.465202945877424,0.2536544058294713
2556,0.65181150261118315,0.79751223637949442,0.48567546701229447,0.2666961830977595
2557,0.21251658856208672,0.79645822437602332,0.47395124589026422,0.26313259859222488
2558,0.56947909432746235,0.51369381647940027,0.47869953694179546,0.26155585532940828
2559,0.25225448111871956,0.58677671555719568,0.47187618911134804,0.26048285484354505
2560,0.61727664185984765,0.44072789497225318,0.47827325644149554,0.26057639462337834
2561,0.37916392036307373,0.12248933873538627,0.46759752699174195,0.25446124991399266
2562,0.16492262861499332,0.050466783838684207,0.46057440390048326,0.25210468974398131
2563,0.65721711998357202,0.74270135920163016,0.48474106955091389,0.26580395418255948
2564,0.7269405496713589,0.98397376046705765,0.48954191761620747,0.26930042007558924
2565,0.42441511256702941,0.67428942161028971,0.47828817320753891,0.26324763712716504
2566,0.37863630824583816,0.22571318804757903,0.46934713417533314,0.25602099304785392
2567,0.39691669459281259,0.40269267585583729,0.4728433097271223,0.25883478546680788
2568,0.9812872739800369,0.11214429159326246,0.47707708670125148,0.25583533343609843
2569,0.25298388261467919,0.72971271600356558,0.47424806514483553,0.26259665941325183
2570,0.56233533397401914,0.60180586851885309,0.48018043606116539,0.26295913179981317
2571,0.56102411963484489,0.0099410821154131551,0.46929431227899326,0.25337683907666597
2572,0.94405681357084548,0.20870332082690438,0.47862684292178609,0.25750328366421188
2573,0.8193063790699584,0.14092044340058929,0.47570344408935755,0.25610752453086
2574,0.095468303313653455,0.28275376243618083,0.4616474169392249,0.25460640364471798
2575,0.07499004333360354,0.039087499677424788,0.45729955176054105,0.25116988502744225
2576,0.46263958383355058,0.38918624408248581,0.47415669845405811,0.25900481914817131
2577,0.30986188545826593,0.77501033323280277,0.47681318891261665,0.2638398044987485
2578,0.31251348346966551,0.58085770653054358,0.47361842698166606,0.26093378929891475
2579,0.15513084058162058,0.86284308419177547,0.47286450803683705,0.26337364401175278
2580,0.70843728595728761,0.06168916479320033,0.47261771563605803,0.25455558870592182
2581,0.86704621048489361,0.047419631189072976,0.47445463303827012,0.25456251293137649
2582,0.20425111604483101,0.32494906472746515,0.4661117085181547,0.25625892546457413
2583,0.20678571853333852,0.96651041179263264,0.47629924262532941,0.26537842647782733
2584,0.4687788576100837,0.8102406499682111,0.48182802129475977,0.26572864709781169
2585,0.31307316584427608,0.10708596760312794,0.4657207227918147,0.25388641848893551
2586,0.17971915557003812,0.14837261302199914,0.4625546390616937,0.25357154125172793
2587,0.11503395723333816,0.48601069240634098,0.46545941506139121,0.25759112117427335
2588,0.57311850503509632,0.83561883139548587,0.48474025954958655,0.26686055409258264
2589,0.93780355976045837,0.09119573475880316,0.47616464621638144,0.25541387940949761
2590,0.58610475036514698,0.95774081647355347,0.48665501723405835,0.2684244100761512
2591,0.67817725305402421,0.73387992914506472,0.48497588602086378,0.26576333268261004
2592,0.13387988602170955,0.24425490635846508,0.46248076093502127,0.25448322207276342
2593,0.44493394596170405,0.5241863911880762,0.47614238994610075,0.26102710948698449
2594,0.70839580779914979,0.0089170532035524955,0.47161098417044572,0.25367524789861567
2595,0.68504399204243682,0.72146161996665181,0.48486776274651694,0.26558764371695182
2596,0.4481139040992479,0.81057371726733396,0.48131074138821911,0.26557758975225576
2597,0.10859642929726979,0.028249431929306595,0.4583552801780113,0.2513394324850019
2598,0.26084874343170089,0.3532327698228066,0.46831979800827511,0.25713812145930853
2599,0.080398426734411624,0.12146544382340509,0.45869860950668256,0.25230261674568621
2600,0.96070128290521684,0.087332739333331119,0.47634298300199907,0.25537128744221937
2601,0.45485151347011565,0.84642662367470334,0.48212271516596872,0.26619970382276198
2602,0.54004193109717458,0.57224779171416307,0.47916336352977962,0.26235533527650939
2603,0.24576030714045047,0.53256893343868439,0.47078243485845744,0.25962728277183128
2604,0.20140328851983652,0.65469368634241409,0.4712756787519643,0.26095227566014989
2605,0.56654874631055863,0.98612779071830459,0.48645558407596839,0.26851868723626654
2606,0.4883657862507389,0.61096647653026737,0.47871607179038705,0.2626760506048314
2607,0.084525814786681447,0.05351584462864558,0.45786177785605042,0.25145086162031666
2608,0.72502713675223063,0.19295524452083046,0.47538169695932808,0.2567956229165852
2609,0.28398770344160734,0.33576259206096876,0.4687081166890531,0.25705971081386675
2610,0.17197950907835038,0.38410252692057983,0.46596718470612658,0.25679388582785367
2611,0.38416205725878244,0.87692338900467148,0.48074352292956285,0.26608253281921634
2612,0.51970738341495171,0.11542922511262586,0.47044610582564739,0.25493003045078882
2613,0.89483986998744081,0.61571052515137714,0.48624163116579466,0.26460687035813113
2614,0.64370921937484527,0.59223305808367444,0.48162664445669728,0.2632136375026442
2615,0.82259233236858853,0.56618861703349976,0.48417530747786353,0.26349323594835333
2616,0.14032993895976106,0.62383048590010737,0.4685516904290517,0.25980777273875616
2617,0.94601791971846261,0.3056829565205495,0.48062821713095538,0.25923105582639777
2618,0.30178865230799423,0.76239330406253003,0.47635163401641623,0.26357175004150157
2619,0.19494659972734518,0.25682081299180864,0.46473647667889079,0.25521477740900927
2620,0.030187408541992772,0.024210252231161578,0.45535292498222596,0.25051627816108463
2621,0.78013018640378728,0.86170683804453585,0.4892133583091659,0.26837567466121365
2622,0.6362926712823217,0.34370222875227918,0.47679696223141305,0.25904590578447706
2623,0.68491253293828347,0.9475741411017603,0.4885189158116458,0.26885527751027283
2624,0.91662591322035303,0.31524919380039212,0.4804555864783025,0.25934189859724499
2625,0.16858829540145817,0.11848774368668674,0.46173475984714663,0.25306783533554605
2626,0.90516818406243116,0.19149588731637923,0.47780876450772203,0.25713607874086353
2627,0.85936449087838418,0.012653780022065622,0.47367045352721004,0.25395099371380564
2628,0.75685772407952467,0.39263967159072638,0.47974169580793863,0.26027784401422904
2629,0.099317459455842624,0.46268406127061462,0.46449178791031043,0.25708305049564806
2630,0.98904728835917788,0.71550999089122058,0.48959124622352257,0.26669717505325774
2631,0.98981310628346397,0.75979375604443489,0.49051268631775086,0.26749947769413707
2632,0.25599845726321219,0.82862314352175459,0.47597894354373815,0.26409370568641993
2633,0.28811773965746401,0.012144888594269288,0.46352106390259712,0.25236577971141255
2634,0.65351655480429771,0.44986690783071104,0.47911042242280366,0.26087790605621586
2635,0.1536527536363923,0.72069913134014929,0.47057313034822779,0.26133623511826437
2636,0.01043327244896209,0.41870223104007309,0.46007623009552712,0.25531488813151787
2637,0.094620168943435418,0.3665804725219845,0.46286520154836325,0.25572500798915937
2638,0.61957461568732985,0.68982378327631166,0.48299679220008324,0.26471988761201881
2639,0.93155166089843267,0.38663316018086624,0.48209667443469834,0.26064121978257199
2640,0.45286623336208287,0.75228348913228849,0.48039293841978015,0.26468785390481342
2641,0.23274490101510892,0.28717532193606021,0.4664033053096191,0.25595856815707152
2642,0.74281137429320954,0.62124466598691652,0.48396647733913989,0.26414276115492785
2643,0.80195389847067422,0.67000894203212813,0.48590556694381215,0.26522434589379595
2644,0.97552696761681001,0.8569085313999909,0.49213997256056741,0.26906407717760955
2645,0.9554808502546861,0.78472371215749304,0.49054367959721157,0.26782965769196304
2646,0.46368880998945095,0.25615323977797527,0.47181852818954728,0.25692033312750512
2647,0.50642270026627234,0.75347294786131247,0.4817154529753645,0.26508347281337763
2648,0.90110322566122047,0.09833847501893761,0.47588234066960544,0.25549401190982551
2649,0.51891058548967128,0.78069522161945937,0.48250259519031602,0.26560775805450965
2650,0.95840693538597554,0.94989790414363384,0.49288273036732144,0.26991369700188195
2651,0.92348700073669909,0.99020548091990646,0.49265544092436503,0.27005519878127854
2652,0.7204160463410314,0.0051510035219253045,0.47171077746755075,0.25363273400716341
2653,0.97155957565162099,0.52872371174482402,0.48551876548405765,0.26328055820726409
2654,0.29720335807645465,0.91944639071576539,0.47878301773434284,0.2658410423586649
2655,0.18841413514268351,0.55902568437635203,0.46929426364793281,0.25943924819723474
2656,0.37015039576435232,0.19033419668670976,0.46853852750875746,0.25543949429933255
2657,0.39498684325210054,0.76524122138215467,0.47910702770666885,0.26444294271336477
2658,0.50382944762230619,0.84526146535059676,0.48331882393247289,0.2665469217080666
2659,0.3417290888385498,0.81571939963133777,0.47846638673053304,0.26475945695074637
2660,0.62452159838235244,0.71329357992106823,0.48353780748730119,0.26513733364323394
2661,0.095881064074358438,0.72326726156960941,0.4682961025516082,0.26060551469675042
2662,0.64393828101957917,0.61504111535070694,0.4820628304815649,0.26359604976839512
2663,0.84261870421007046,0.17003373814955122,0.47658673296592785,0.25665274532753218
2664,0.11730577599609969,0.289892920344125,0.46257293792643095,0.2549372261131963
2665,0.21761294873881853,0.76901170051117662,0.47368681368885734,0.262790874457137
2666,0.5257748646211462,0.80476201163566441,0.48310137326727187,0.2660445728412319
2667,0.82735021814204524,0.69783812135233314,0.4868642891452804,0.26580986088701153
2668,0.41251249525466704,0.55800270378658323,0.47594128580427375,0.26134392009420843
2669,0.69272851693975979,0.16099211644945899,0.47427409914487373,0.25617930956882101
2670,0.54593982764551185,0.52176322261140451,0.47836233637800762,0.26156735512359913
2671,0.3329296575090499,0.89072959624953807,0.47946873152735558,0.26581177326192684
2672,0.52025835171394286,0.5932556755521452,0.47911659802951895,0.26258339066353736
2673,0.46543940040740422,0.12665380091072295,0.46956648147486502,0.25490518730522221
2674,0.70777070049025348,0.76319156545816225,0.48609262628086547,0.26640880626920199
2675,0.29917994105144174,0.6647238003396081,0.47463077236640761,0.26207756467628163
2676,0.60939945774349624,0.65644486704227756,0.48216546333127103,0.26411134245795281
2677,0.98011754504778659,0.52303040882545759,0.48551189786643795,0.26320045855762803
2678,0.13390573208044518,0.44222488316464009,0.46550553095683911,0.25720496919072422
2679,0.33158804613578835,0.39035178367845952,0.47094264766916172,0.25821533759836518
2680,0.37741544820031853,0.022549558141862509,0.46586009762997538,0.25294977192247803
2681,0.064509717527159963,0.69073974041381159,0.46645881970716119,0.25970851574080245
2682,0.5495465134092723,0.5629250664232649,0.47919444858583843,0.26225561876211245
2683,0.56733896060561528,0.2501817184906337,0.47379877101477663,0.25725940397187202
2684,0.27596074353597361,0.5697513351127389,0.47233820254941078,0.26045040429544136
2685,0.18794138092781651,0.59635191154755884,0.46987071377558615,0.25996749416631698
2686,0.98761562824157301,0.78781937332624807,0.4910585440024311,0.26799814658719695
2687,0.30863047861406817,0.032280177208140963,0.4643749526886346,0.25276689687920167
2688,0.21885426203225508,0.48765505105388585,0.46918515337689026,0.25872179812616469
2689,0.76105186596551211,0.98035554065025654,0.49010428141954038,0.26942068233278599
2690,0.60252738208737,0.21123098961628275,0.47372141876143353,0.25674972267159385
2691,0.2949753469320131,0.91226490535753546,0.47861144517742094,0.26572676398073874
2692,0.0089942944535403527,0.35856607291026743,0.45915828535018455,0.25451947896090577
2693,0.47043350184682065,0.74929643322146733,0.48077600434389628,0.26476734610815733
2694,0.23868507950798379,0.11756644862071845,0.4638649145253948,0.25357730015078261
2695,0.58206409279884541,0.10296258435799974,0.47136139135271399,0.25492838394639283
2696,0.38825933814946334,0.70349178239876642,0.47784793899608197,0.26342799522675769
2697,0.28803141465700466,0.58378955482671735,0.47293953045156722,0.26076655841229995
2698,0.20682394468529383,0.5788333847563597,0.47024671951336444,0.25991651665142884
2699,0.96063873759465057,0.5667758624378243,0.48615635864102008,0.26393417507252293
2700,0.7822345886605675,0.80973513798891805,0.48832682460207733,0.26756495118386425
2701,0.03480460603575921,0.26446996927071598,0.45894613793655975,0.25365075716943059
2702,0.60412848275726438,0.57627493510303329,0.48055876975797862,0.26275681366563702
2703,0.6248987950184266,0.52018864871169213,0.47990963830381572,0.26192633582147068
2704,0.62564187635568669,0.70095824904559423,0.48332792876259978,0.26493773053795344
2705,0.17735656997523039,0.89555954681705918,0.47424509718498087,0.26413543220288371
2706,0.64313191155790117,0.23080572327364934,0.47479079949632669,0.25720092514557646
2707,0.33793564382371261,0.64576964782235446,0.47545304708164926,0.26212978247546304
2708,0.31720329111575851,0.46473555034560854,0.4717988048308942,0.25922679250371566
2709,0.89230410777841473,0.016405536493880209,0.47413419154025294,0.25405145809690355
2710,0.71168936120556903,0.77389103714387164,0.48637126039477441,0.26661056423271134
2711,0.33010075294632696,0.85595601354691908,0.47880444750120343,0.26526502336922059
2712,0.93455154355444248,0.068082441674417363,0.47565902672912996,0.25500231942268503
2713,0.5582675660326728,0.45989017788312636,0.47747918512142934,0.26062365114868452
2714,0.11954084191777511,0.83766902659911435,0.47103585071469478,0.26252810069665039
2715,0.7297258903521463,0.2885145424456918,0.47729719398733456,0.25842366176189896
2716,0.96314257574243245,0.69843016017136395,0.48888700766567661,0.26630599520730208
2717,0.99208761576047411,0.85021006404362853,0.49226789245612368,0.2690296654117828
2718,0.12119037659597816,0.3901447902642074,0.46423556095979124,0.25634687570495113
2719,0.82608358281640104,0.64424883226811647,0.48577973711337424,0.26486834996783803
2720,0.68999041103644998,0.023829189723043237,0.47162544753252372,0.25388988085589181
2721,0.61990707819453672,0.43960111170316818,0.47830129755031198,0.26056889275378542
2722,0.18410716630594107,0.63517078192048937,0.47035123547415808,0.26048022226621048
2723,0.79092832720073647,0.07761693562673172,0.47408212004491107,0.25497309683653296
2724,0.11921291716381675,0.33718684638825946,0.46335828536889329,0.25560131381774115
2725,0.6339858179490897,0.82531957166454528,0.48584189124717486,0.26706144394551401
2726,0.9971450231672615,0.0241796371967881,0.47544044263191854,0.25428115516918492
2727,0.064383020865533033,0.8291253923853743,0.46852117285664296,0.26158469508388216
2728,0.20094685791697123,0.96545875274917348,0.4760774049648136,0.2652992142859536
2729,0.5596364508093451,0.13878532273174496,0.47161589451712732,0.25543626590944046
2730,0.52496884596719173,0.27544022224420917,0.4734381994083407,0.25749765367677008
2731,0.10025236170907738,0.9352007747345954,0.47170484585260314,0.2635927379024422
2732,0.38886707370540829,0.6158950567705207,0.47634052553599698,0.26207414628546011
2733,0.96947473447498633,0.84316226664193683,0.49184452120950006,0.26885398030101998
2734,0.36825370952495146,0.49836276679100705,0.47376312263876086,0.26011352248560632
2735,0.70391279171464272,0.087610450634628065,0.47304529174944698,0.25497930544310599
2736,0.10771674398797332,0.27081326309201542,0.46193086808258926,0.25457781042975053
2737,0.3832385470619542,0.96921852091281913,0.48188026984477339,0.26713838440570098
2738,0.77491389868467819,0.03447974259014009,0.47302691205878994,0.254213435481352
2739,0.83135288760740078,0.064954983665875626,0.47436020817844105,0.25481821045821773
2740,0.20253792288425612,0.30657739826178881,0.46576553740420484,0.25598325191919724
2741,0.33532627457677155,0.27321443497169529,0.46906750033244482,0.2564829816547548
2742,0.12756114961995046,0.35272947167005625,0.46390268613363306,0.25590334228544448
2743,0.61194525087104412,0.084086431113479201,0.47152501430801275,0.25470497075959636
2744,0.49418994810112055,0.98291235825362389,0.48481261263084391,0.26805525797030799
2745,0.12497542789370054,0.24663970348663861,0.46219898404744703,0.2544277940246602
2746,0.32019312404614181,0.57137354402459462,0.47368125481957002,0.26085483189987918
2747,0.09007828915877035,0.3861884334419971,0.46298006752169157,0.25593606537985086
2748,0.30849592223771616,0.86687883164988599,0.47832228946658933,0.26521772883382871
2749,0.24993802913072286,0.25548096499674722,0.46640862985383474,0.25563552357002584
2750,0.34016359146375907,0.6827419637643849,0.47614764830149797,0.26271215312188789
2751,0.29924180698603159,0.48364717232732801,0.47160186621763595,0.25936836865343532
2752,0.30780347794740232,0.61527169243533875,0.47405896325454333,0.26141119546930391
2753,0.66963876682122947,0.43145432838279524,0.47904665726353574,0.26063310087497121
2754,0.60640487424990863,0.40978870608826401,0.47749022146202991,0.26002012710781119
2755,0.061535577217501129,0.1279315480899415,0.45806950659764673,0.25218920164716213
2756,0.68858050840153595,0.8812019153969014,0.48785472847168748,0.26819716251632864
2757,0.50549771241160346,0.82610439358145238,0.4830121114186135,0.26625004769367833
2758,0.20892521813741188,0.45840302097144309,0.46838899071499512,0.25820640055365907
2759,0.29327839053444332,0.28624132687329545,0.46815274924796141,0.25639766571276545
2760,0.86720228559434187,0.73812050896546577,0.48829178641930548,0.2666724670901669
2761,0.64711657080553708,0.28929534048674393,0.47596072704223347,0.25818207311110042
2762,0.38428283868347063,0.77553836677930088,0.47899248529919675,0.26451453525789864
2763,0.26168138348677894,0.56437228590083544,0.47180643135360206,0.2602412599966536
2764,0.84438837815894519,0.90770231303487681,0.49085351022067736,0.26917920663119721
2765,0.76803187144201945,0.59985555659971435,0.48397168677944741,0.26387648914541256
2766,0.16039210554187885,0.19967294903314906,0.46271309070854172,0.25411776147528375
2767,0.95981962696794665,0.33500242233726896,0.48139679053538337,0.25978116811714891
2768,0.87711593234293395,0.30444754625441273,0.4797253108087382,0.25906705528483925
2769,0.67333777709816345,0.30072810030871772,0.47662189644441799,0.25845846321393334
2770,0.39095591571117988,0.50969355541231343,0.47455003539228058,0.26044649187648078
2771,0.99275407375687508,0.47985706232198283,0.48478178271953465,0.26245394304883701
2772,0.19792145884725035,0.58209593113622404,0.46999266077887847,0.25987028237606613
2773,0.63564650724715321,0.21933319066603438,0.47444806504019421,0.25698834521138392
2774,0.052472964098548985,0.62231917678391335,0.46491347583866977,0.25860989976406723
2775,0.64964153273903069,0.43584484610498186,0.47877511049608584,0.26062842692957544
2776,0.41144551599147966,0.68695496355668884,0.47817558691403311,0.26334983291337805
2777,0.1929882394449669,0.8166194090953679,0.47356989391570103,0.26319335887497097
2778,0.94271179364601854,0.12490762722968357,0.47690553773692312,0.25601593145918944
2779,0.030795254654262683,0.74557942657963139,0.46573653502413248,0.25992003599437041
2780,0.10765171237053582,0.23858021510316757,0.46144594729610766,0.25414245841451261
2781,0.63886793743417369,0.044562601193937013,0.47122964229284348,0.25412556361863797
2782,0.78007670100844695,0.44734744200160498,0.48117329551629912,0.26129094789995394
2783,0.41322454774888467,0.98892620328426128,0.48284723308699617,0.26752790526884163
2784,0.83388279431978019,0.7423439153508633,0.48785299358691986,0.26661484793051926
2785,0.048424282274290457,0.82658987149613672,0.46775320573984014,0.261294187979346
2786,0.36568413161364155,0.45395194864008809,0.47293265433434378,0.25941641070384502
2787,0.60492963613063333,0.73359959834549815,0.48351974824648508,0.26536662692799257
2788,0.83452778709243292,0.020175747866241728,0.47351592923973596,0.25405150035648533
2789,0.87038601937434878,0.25804615464216329,0.47870590925293888,0.25823962019361801
2790,0.773627311581641,0.15936225287056296,0.47544043461994129,0.25633559819271828
2791,0.67245059257430262,0.34947014510444135,0.47753430835941441,0.25927042266052786
2792,0.057857940106571186,0.55337874005172638,0.46413135596107363,0.25776438627504561
2793,0.82863215068752183,0.31052672252381452,0.47918732988973883,0.25906110602659088
2794,0.17301623523483287,0.011581143170257565,0.46023578753186672,0.25163318892051939
2795,0.11982202291482827,0.233601996708347,0.46181635976302926,0.25419922969261544
2796,0.52598830366433835,0.14401760952366752,0.47108132717029894,0.25540574820483719
2797,0.019679118366364858,0.35188616362981262,0.45954060943369529,0.25458271380415615
2798,0.19879473080114696,0.0075705168487620539,0.46096160171760192,0.25175970409000414
2799,0.26061747190895257,0.60579334944571606,0.47245473990504666,0.26084216504365487
2800,0.68823171589578269,0.14632769452478969,0.47392494575538641,0.25592347923060849
2801,0.95349208520568207,0.51886179357435325,0.4850809083793009,0.26305572677822231
2802,0.14825675183275017,0.095811554865923257,0.46072068690330409,0.25258914809190969
2803,0.23874166430557381,0.5457459372594371,0.47077211899568938,0.25975372474165609
2804,0.049898484771803489,0.62803062944720733,0.46488356392374136,0.25864833186158193
2805,0.34442175213292942,0.28815076426981251,0.46955525468291615,0.25676405411711634
2806,0.74845586811105025,0.72217664097937528,0.48602891118036107,0.26589953194149485
2807,0.92219375646988633,0.58980066927938024,0.48610420531791754,0.2642331237445229
2808,0.42459666157682663,0.4563033656599117,0.47445559319724212,0.25983711704129958
2809,0.71070227115469753,0.49576023850754136,0.4809883639842944,0.2618746988739461
2810,0.14833040233250941,0.12424980721719331,0.46115512677326304,0.25297740554938791
2811,0.4367154650081066,0.86074201116109039,0.48190287751498251,0.2662805782798231
2812,0.84810713531583326,0.468330347331462,0.48260666055417273,0.2618651123580274
2813,0.31527053097625035,0.41385686905911429,0.47089013594569029,0.25845013248919824
2814,0.50412972751568308,0.49445355960604503,0.47696740482662248,0.26090294458919
2815,0.56997275279498438,0.68657646478625245,0.48191017149239357,0.26439086317740373
2816,0.31416790064567468,0.16800435205552494,0.46675786012286907,0.25478970764919495
2817,0.38290350473931761,0.86923392347254569,0.48058041311489763,0.26595696474444813
2818,0.98345437315680329,0.64613705162460688,0.48808879733185284,0.26542793836358219
2819,0.1809871111685061,0.49547662684262034,0.46802879589143015,0.25845683483212101
2820,0.49347041193154878,0.74770626166347653,0.4813046322785236,0.26490268421741064
2821,0.3675786423919839,0.86963219104091405,0.48014872849205276,0.26582550490395895
2822,0.6918783577773604,0.69744730725161497,0.4845345649004254,0.26521418805847052
2823,0.22850550716248108,0.18113818579908694,0.46457933105508115,0.25441007284436457
2824,0.8853253617953859,0.68463915774213391,0.48749199431324719,0.26579490810512779
2825,0.70333031917192279,0.7006321383144124,0.48480615217197598,0.26532285202690437
2826,0.44848280784018574,0.090984948608826374,0.46858713657309869,0.2542846559312168
2827,0.80140649710547873,0.78818411628979956,0.48822884806646566,0.2672774633236803
2828,0.13890505410811166,0.042096110725111796,0.45959750817133405,0.25178317610046713
2829,0.38853054913572271,0.94642208252270943,0.48180582379364612,0.26697596184016187
2830,0.57810174158263261,0.67378128077875599,0.48184490217370318,0.26422694775649486
2831,0.59471983402086193,0.98245108378144219,0.4870209362656891,0.26865093603042756
2832,0.95154967523004164,0.83597397962453546,0.49147209106269396,0.26868506124798097
2833,0.68211635362937817,0.5185992882204592,0.48093010669093977,0.26214732392189177
2834,0.16701984655695271,0.50580527980817713,0.46769819013603608,0.25845525630782751
2835,0.58948605175026458,0.79232801880555925,0.48429185774320266,0.26624871394998062
2836,0.62815930229948136,0.9524905869655661,0.48746944427212224,0.26861086879096258
2837,0.3295008775679511,0.93868734304948021,0.48002305390242089,0.26637796642427969
2838,0.26853381943003041,0.73709610648482349,0.47487755050802066,0.26286502416691915
2839,0.19955065469561378,0.27149104195815749,0.46511529892238257,0.2554609699377402
2840,0.53137103163694266,0.29509442082104509,0.47392286174753945,0.25783949157722724
2841,0.12987685966565041,0.52256758432401118,0.46658826373418238,0.25827134622214848
2842,0.87087804768398636,0.81068372846777792,0.48980035378624498,0.26796546812924454
2843,0.7152259895169526,0.73990173255888514,0.48578019655945048,0.2660482741101271
2844,0.18294374394450569,0.96952666158272194,0.47545796376170696,0.26512124514948332
2845,0.7154498247271287,0.049380927455669736,0.4724849953872563,0.25436334433677943
2846,0.24687093225138962,0.54435671520667384,0.47101025131606683,0.25981005622343978
2847,0.11533420156323118,0.26306858689700019,0.46209631815266888,0.25455278802955322
2848,0.47856047297116605,0.013255843275564257,0.46783085246009987,0.25318839825607975
2849,0.74808580330511321,0.88094653742754603,0.48893627194218153,0.26848166094786824
2850,0.10292498643774307,0.65852505481910206,0.46760347843755112,0.2598107998030843
2851,0.40091494565947217,0.64216548574488841,0.47711564179143934,0.26257196375275099
2852,0.2355992492418387,0.80407477237154967,0.47488234867674106,0.26350642177964878
2853,0.71786403502702012,0.12735639750069241,0.47401353459217971,0.2556749423581875
2854,0.54606946963375669,0.75440686972554549,0.48264052732758023,0.265357044406687
2855,0.53638610791376562,0.09401403325145366,0.47037432372087828,0.25464541642605987
2856,0.80691244479696045,0.064350350124959377,0.47403360839498943,0.25477165490611475
2857,0.51132997214748754,0.17842822794275126,0.47141595190979624,0.25589802236298148
2858,0.35815102287790507,0.85827988418265022,0.47968074261745464,0.26556554081143485
2859,0.12791496251878562,0.99329182285472062,0.47355240160367135,0.2646274821394532
2860,0.83753894460130252,0.29829546461846912,0.47906801207687122,0.2588698064765616
2861,0.64267176223892031,0.93779414622137569,0.4876259286658301,0.26856380397210444
2862,0.8526059906154988,0.86118336398274409,0.49039477925492986,0.26867568354528215
2863,0.72556628870927964,0.08816823347482132,0.47337489851326514,0.25503298144114733
2864,0.2567353269880987,0.42550123773523379,0.4693761669494364,0.2581595275808769
2865,0.37829613711951537,0.23052967059427174,0.46942132713035739,0.25609224174066042
2866,0.41383971280019033,0.82440393673958023,0.4806544115216082,0.26552329817186732
2867,0.19700292560615346,0.9235957578654751,0.47540832152043971,0.26476955623062448
2868,0.20087269746583189,0.11499194949985249,0.46269827773667477,0.25327103163077408
2869,0.11068792348235147,0.28422927576851797,0.46224275237145351,0.25479064559692816
2870,0.093074540708179124,0.16895654049384176,0.45987046995019659,0.25306047215770916
2871,0.42747636025630642,0.016816014405258466,0.46685646566217859,0.2530644788620432
2872,0.55633171743861165,0.33545260449916825,0.47515332387683307,0.25859564855683265
2873,0.77131981009795569,0.59922231824897465,0.4840133335727182,0.26387835170993451
2874,0.24429960402908038,0.33699838790685172,0.46755835019292558,0.25676968906909153
2875,0.46783117552181941,0.96536602200394273,0.48404139819212083,0.26774484294286172
2876,0.013022197984403466,0.40964319828638107,0.46006501827475754,0.25523542324633736
2877,0.73093877096892101,0.46729274572766155,0.48077718119178636,0.26146570770254146
2878,0.21831508634831992,0.53339184242213378,0.46990340175203887,0.25937684223728819
2879,0.82315877522105585,0.99535168594991563,0.49120100535096334,0.26974765040859972
2880,0.38028551598360066,0.30325019764009631,0.47071643061130625,0.25720991257376546
2881,0.8423430218568887,0.49410996879969027,0.48303727981533939,0.26229884822339017
2882,0.85184628187528577,0.94359199714291608,0.4912993794404022,0.26951680694008545
2883,0.92669968632691313,0.85064006652949609,0.49135367419045223,0.26881051108218634
2884,0.45167843989931283,0.13524811187736924,0.46942988729187868,0.25498274586649533
2885,0.96841368030890596,0.86190471058447149,0.49211441385272797,0.26910603242553155
2886,0.90840523820963004,0.81242216887645191,0.49040958094240883,0.26814388434001685
2887,0.65684522444180915,0.45204034107058544,0.47921136626837774,0.26092756842264964
2888,0.98404488015292457,0.50499716805397765,0.48519066210450845,0.26288574190134828
2889,0.86507208807599967,0.23213005228555994,0.47811763418273134,0.25777587920777462
2890,0.71182775375117779,0.87409092268672539,0.48818713922682566,0.26822189497591487
2891,0.30673459494762356,0.47553409109077188,0.47168249355185976,0.25930703743161632
2892,0.25429823659165995,0.55003227540402444,0.47133872638150442,0.25996227179111409
2893,0.92646733172055096,0.01241712664224906,0.47444213598450158,0.25401457405467409
2894,0.40138502195664916,0.059261534004926217,0.46702314056996463,0.253605956222416
2895,0.75310666488049316,0.58659784046428975,0.48346511620998478,0.26358994719686552
2896,0.32886014592541618,0.63624086509464539,0.47502987839229976,0.26190852645526164
2897,0.3265266413179343,0.84221712174318974,0.47846179671948741,0.26502081387699072
2898,0.98226097568095438,0.97586241888253722,0.49337166824838613,0.27014856061024667
2899,0.15427219376995929,0.5348848872974632,0.46769096988453224,0.2587240410249062
2900,0.84090731103784644,0.20208221843318316,0.47720090489792238,0.25720547988224279
2901,0.72727909747202657,0.58471625195447119,0.48299137740286768,0.26345406846489239
2902,0.12851994791304461,0.43055584692853738,0.46512607487540186,0.25698379125936466
2903,0.86645817340103681,0.11340127676819683,0.47576305590585616,0.25570840791189559
2904,0.42622838445851813,0.38572904780717804,0.47325593154027779,0.25874768581175206
2905,0.034753937162330842,0.53820376441598639,0.46289294520651808,0.25723122858639719
2906,0.99114254546846503,0.59404660200466175,0.4871168762523207,0.26451021810803871
2907,0.04129736787088914,0.87501247056728459,0.46813682568159881,0.26182899377653357
2908,0.32538969984046417,0.90452928605122729,0.47944909298176908,0.26592846990247559
2909,0.7875139604156256,0.57165092147105601,0.48373400991540588,0.26346313835839541
2910,0.91333141323124289,0.058519434111367452,0.4752235284999104,0.25481063695485573
2911,0.24362408337568633,0.61979848147047456,0.47213817478053938,0.26088397242532096
2912,0.12649909290083453,0.39756466580248673,0.46454676553577839,0.25650731469394067
2913,0.13634537760695675,0.42222247718892758,0.46528862131901649,0.25695523770565087
2914,0.74575352881675361,0.072882435101398732,0.47336967475025538,0.2548142347647685
2915,0.55590829306716338,0.52405331653965403,0.47861226980596017,0.26165625486795457
2916,0.11995268542460399,0.010459753530996386,0.45848502526180201,0.25120092688844259
2917,0.18015775238625939,0.5515545041186618,0.46888545362663692,0.25924448171676928
2918,0.4192324418050819,0.44483629629038046,0.47412459523063744,0.25962544499880735
2919,0.25828537118722456,0.74335206134741905,0.47464730864405208,0.26285329060747215
2920,0.45512706636780642,0.68677489784498469,0.47928113212143197,0.26366426104713009
2921,0.68552852096444694,0.91024414460664849,0.48816298647143935,0.26851572241778998
2922,0.077301009729073861,0.71436456206928711,0.46736988710938865,0.26021731339375931
2923,0.49293058515287702,0.82953450465522471,0.48277092786165265,0.26621534911861922
2924,0.91083762648497946,0.65303729653569176,0.48722664831047174,0.26532233644512709
2925,0.37307719589375193,0.29051027390436507,0.47032001402548296,0.25697359837785244
2926,0.91893205529748234,0.41461927201038928,0.48250164751182867,0.26110871615272824
2927,0.58269036285855114,0.10283596758752829,0.47137003747553519,0.2549281608992478
2928,0.18344706511971309,0.94842319220524518,0.47523236935484536,0.26490163105654496
2929,0.18006415491519731,0.49825351576291727,0.46804039417894971,0.25848661925635741
2930,0.70682781260585181,0.56900520637213492,0.48233328830558492,0.26310223982599101
2931,0.86430812696301151,0.011984003153804225,0.47371640176382618,0.25394488637683271
2932,0.36038299448221223,0.14685608998824609,0.46756459850444215,0.25473325710112837
2933,0.38005476611979538,0.48927970230804058,0.47391535606029161,0.26005688024238899
2934,0.99143415827999126,0.14762263021996477,0.47791706613998353,0.25648094042504138
2935,0.67711641533161748,0.26903936185879868,0.47608178739391532,0.25794094562926917
2936,0.48841336653960171,0.42304822663840608,0.4753349538552879,0.25967836453966636
2937,0.48130769551495323,0.2563109255034593,0.47219737520301713,0.25700377177787637
2938,0.30578573272660142,0.72357933781476458,0.47582116359784277,0.26302431432474516
2939,0.29137197339335691,0.46752028727767758,0.47110367589271518,0.25906480729030368
2940,0.52342588029679604,0.78994279571099912,0.48277620545094801,0.26578808910989221
2941,0.14130103003055558,0.11887984816693935,0.46083660737368209,0.25284340607195088
2942,0.81420117814204429,0.19362449202948484,0.47667466414482906,0.2570061401158158
2943,0.68122249627442799,0.90801998122743099,0.48805718660913788,0.26847152595770418
2944,0.62265144316068621,0.70052323344791079,0.48325983847571879,0.26491448207017537
2945,0.81768039501818135,0.34930346599874318,0.4798008710605528,0.25970618372170423
2946,0.055550943002954593,0.90146967945852097,0.4691985433582514,0.26242581395071762
2947,0.26344725228754107,0.18657948745546166,0.46568358080643346,0.25473681266224896
2948,0.64152222115189073,0.28457605544110998,0.4757753095490595,0.25808513503161701
2949,0.8118399576645694,0.51600341270944339,0.48301562549768978,0.26258305208358362
2950,0.33167349953652592,0.94373681423288081,0.4801463189979569,0.26645181590027511
2951,0.68695158349775021,0.89631580004488365,0.48802391849113896,0.26837073304172809
2952,0.67951839524962709,0.018547585728962441,0.47136945837343758,0.25378247330424514
2953,0.5882304092662759,0.49856813814154594,0.47879465184559589,0.26139907593836276
2954,0.72109781301257903,0.15565794463605853,0.47460513798435305,0.2561579449175882
2955,0.25509854681721189,0.62078403845961438,0.4725253872453079,0.26101044564245557
2956,0.29905716545040489,0.31379488723074322,0.46876964189474041,0.25684484238826194
2957,0.50915564043101624,0.38309327417375755,0.47506166219755364,0.25914693826981988
2958,0.30874106424452041,0.79137545923470753,0.47705495822129013,0.26407663262763265
2959,0.0062718995270901363,0.88329735726105285,0.46654917811717211,0.26132432718225818
2960,0.22310171771455792,0.033414248038607181,0.46208035543953979,0.25228257695765977
2961,0.7382879192358931,0.62162685783560157,0.48389655381955532,0.26413050731378851
2962,0.98771248442680815,0.62434935312365425,0.4876965630543868,0.26504741971609125
2963,0.7612747458180763,0.9091501528242254,0.48951104997208761,0.2688567296278177
2964,0.43004551542530534,0.53996966362862153,0.47606059471201084,0.26117950873275919
2965,0.93374127263700368,0.080341204379952985,0.47589830073479794,0.25521761145369143
2966,0.85377054868416158,0.56955264002246553,0.48471298340785446,0.26365751991291475
2967,0.23788805026843912,0.65361427397880478,0.47250177871586391,0.26132200598078004
2968,0.59975921484985162,0.62716836907110407,0.48142296389494171,0.26357590883702459
2969,0.94908764899879472,0.46114349864261456,0.48384292455281591,0.26201170515987204
2970,0.46257332074112495,0.62377002203153686,0.47833768603799448,0.26271483507159366
2971,0.60202544647866163,0.66620590714548023,0.48219886543147933,0.26423375404094929
2972,0.8093637840376352,0.16276728256066564,0.47600079611520846,0.25646517586683093
2973,0.33529616737515905,0.26621523035996358,0.46894894291884637,0.25637805193651914
2974,0.35776394680625528,0.087080727710190708,0.46649261899332489,0.25382492894287306
2975,0.45203795409401648,0.98820644127844137,0.4838327575319426,0.26780653142462657
2976,0.15635321637998567,0.28632095388484885,0.46391025138487646,0.25527869445674112
2977,0.22771269368951907,0.14498960646466585,0.46398054453563226,0.25389042872286777
2978,0.031858957978838594,0.67442911230627212,0.46474599790877241,0.25899078588892699
2979,0.33773202592368468,0.17934229455430761,0.46755185219085521,0.25509531051840917
2980,0.18893032645854402,0.63153136274641153,0.47046545177901,0.2604819000478108
2981,0.85648755515004749,0.20655193753218046,0.47749472576141888,0.25731315940223259
2982,0.35272774231621296,0.17276594121238451,0.46781544810332115,0.2550808576781039
2983,0.76537139294176604,0.65724046329582342,0.48505085496397621,0.26485495229637201
2984,0.92168338203785249,0.042339887317374814,0.47499260775601415,0.25453556929144161
2985,0.70754934388952095,0.23167899617528312,0.47585683708765214,0.25740262407115777
2986,0.41354636448406384,0.32775527443940522,0.4719427549663206,0.25777679177813795
2987,0.083426192194398036,0.24506024683484576,0.46062696944718434,0.25397003303414678
2988,0.10918335859797662,0.7982932216410874,0.46999902093407236,0.26183180908954362
2989,0.042408545691927431,0.42446879974944751,0.46157706320846914,0.25584019695419025
2990,0.90667914545951656,0.16111456355833217,0.47721411158832411,0.25660404229575307
2991,0.51754475921388954,0.96448538551811369,0.48520971097057486,0.26806783840663756
2992,0.79374519541634947,0.89202994841608452,0.48986123033271084,0.26881375001063007
2993,0.055955621933855587,0.88498562078279208,0.46897117798528454,0.26220848772891653
2994,0.76976524815364977,0.18796294890794671,0.47594321542937579,0.2568150803236719
2995,0.78312357602418636,0.97650104050865638,0.4904461066469753,0.26948467541877713
2996,0.64724257386584072,0.5284648535532761,0.4804853717899627,0.26216420513273031
2997,0.43493110144335079,0.79791461477255221,0.48074519529005388,0.26527490406858067
2998,0.13274189451661661,0.88309676397246073,0.4722836760163564,0.26335309727335549
2999,0.94267493913510125,0.78490877545514381,0.49036352029825631,0.26778676519884781
3000,0.84746392692149386,0.26368746283248762,0.47851429748319535,0.25828987918043261
3001,0.93539152544605308,0.0031669254000182266,0.47435381298772578,0.25385975704038855
3002,0.64652466600934289,0.61766261711405823,0.48216182333838986,0.26365234855700459
3003,0.061877479942410725,0.61146892508963357,0.46516499657344584,0.25860076657363879
3004,0.6822398279025802,0.52572799513147916,0.48106868472447983,0.26226798351954067
3005,0.8752099100225722,0.62142493266536625,0.48607040479784702,0.26464249124998857
3006,0.5831631556079141,0.46530012491162637,0.47807660904850541,0.26082953758787158
3007,0.9456557900176501,0.27272349827639991,0.47995123722425137,0.25864374757588054
3008,0.65015144706553551,0.065422168344014792,0.4717991879606353,0.25449350742103005
3009,0.044368114661925938,0.26950782178329541,0.4594189464906468,0.25383559199677963
3010,0.01343477671063738,0.84212937160128498,0.4663086265323324,0.26090787636179646
3011,0.056657520302839111,0.41528510771527655,0.4620498248396121,0.25590859915697456
3012,0.45713890784765826,0.70804050232857707,0.47971021204417713,0.26401600193173991
3013,0.093608283478382515,0.34411231091617378,0.46249028510326773,0.25541047006534484
3014,0.35014852753704184,0.57426631296729902,0.47457568636303937,0.2611387303183062
3015,0.50150649681686199,0.05424070663294988,0.46900190406023623,0.25390367855125839
3016,0.80524249085319466,0.081139242628251673,0.47434115202723293,0.25505660369073369
3017,0.58586604506202278,0.78095429385682802,0.4840025044560427,0.26603885389469711
3018,0.97484815251739931,0.088457648423279175,0.47652143320140783,0.25540636424460111
3019,0.2261135461364058,0.55751592995786337,0.47055092513322622,0.25980289660211775
3020,0.52353276849373953,0.033381677847343964,0.46904413064902656,0.25364428861134358
3021,0.40639008686981398,0.36153486617301828,0.47235978014745178,0.25825731634126659
3022,0.79444778986688469,0.15029054715129317,0.47555247642206955,0.2562222107428534
3023,0.72626618036263391,0.90083584101753078,0.48880308895196478,0.26861250424854011
3024,0.20106406577479793,0.70403986810542418,0.47205538485630655,0.2616608077148645
3025,0.48692851245925994,0.18959749760270353,0.47112489859237183,0.25597749185814994
3026,0.64304959025938302,0.89916658589282306,0.48721114208617639,0.268175704895534
3027,0.73480051277125025,0.099227695572341332,0.47372128997707202,0.25523743780799135
3028,0.12466409132423578,0.57450115057841178,0.4671858433176726,0.25892874686713424
3029,0.64218094250938151,0.52022552902108288,0.48023538676218269,0.26200434165607167
3030,0.022851398923539091,0.15461431173376042,0.45688302617210136,0.25209011271841475
3031,0.082780100418988145,0.99953394213336288,0.4717058612953226,0.26403162291285925
3032,0.77235709461219382,0.21817760828718311,0.47656990227385554,0.25733668467694959
3033,0.82084918542391394,0.37121131415559216,0.48028051745019756,0.26009474437824937
3034,0.23728249499757076,0.38691514426626966,0.46814987845029188,0.25743335742369011
3035,0.035272208030929328,0.74201561208415079,0.46589387711091557,0.25994523110986761
3036,0.60927334470689531,0.7250318528530072,0.48344872106809361,0.26524885943423121
3037,0.78748912321234832,0.53236494175830151,0.48296042283833684,0.26278348390926259
3038,0.015192345019232016,0.027294317003467586,0.45478385513743386,0.25038793266139325
3039,0.24699921001483455,0.53568188798403138,0.47087267265394872,0.25968432032792871
3040,0.64868990911805313,0.82410234341573674,0.48611722026609017,0.26712541114201249
3041,0.99822584228053468,0.31959870280391767,0.48153912886816791,0.25957783655265104
3042,0.78446329459777342,0.63817534324770098,0.48499346371400121,0.26460285380730264
3043,0.73773871557061799,0.43010214045931355,0.48016681519839333,0.26085552377801835
3044,0.27271926137920238,0.78886950909277664,0.47587250301368739,0.2636791196127698
3045,0.97644309186969191,0.010770518230402377,0.47494967578011665,0.2540269230577154
3046,0.25510611735928107,0.76148576632250342,0.47484157003805005,0.2630888021786853
3047,0.25306911622037875,0.71893301156159728,0.47407346925703897,0.26243825224084461
3048,0.87135978105413969,0.2735683058188646,0.47902978428084059,0.25851336466533825
3049,0.037471724877448286,0.40490879488998327,0.46108019986910542,0.25551624213401408
3050,0.59552949037164216,0.9331217726454023,0.48662625832854606,0.26826559403132244
3051,0.53211000196462266,0.82872355474311632,0.48368652309611543,0.26647725997940669
3052,0.18196204642840894,0.92539596870379759,0.47487085142464641,0.26460330440250895
3053,0.24214373759707669,0.53770619779092965,0.4707506582832538,0.25966855023407481
3054,0.42556902822206033,0.80720040688113082,0.48066401625351346,0.265347603197788
3055,0.063741739793389582,0.36792198907973944,0.46164990299117892,0.25537085971485596
3056,0.25561448709793622,0.92302269202085452,0.47747077237991004,0.26544633892705216
3057,0.5782451576060732,0.87947715480484778,0.48559440321766223,0.26755601451061317
3058,0.12546163978165714,0.53273346780407016,0.46657547912376174,0.25835977244788166
3059,0.094496253456769042,0.028775896591006316,0.45786303666566303,0.25121944358915399
3060,0.052840064487361817,0.53732672594093023,0.46367762012468067,0.25747947960798745
3061,0.025404274781525602,0.49065381154752108,0.46178460711072689,0.25646924008735905
3062,0.61433580453692704,0.74597818989836373,0.48394558576876801,0.26562535114747776
3063,0.76413971279637194,0.62066819137342977,0.48431463584473033,0.26421971317624121
3064,0.043750590298452879,0.74497830039925172,0.46633000487414067,0.26012067716070925
3065,0.73378045009587656,0.28537118910489367,0.47729931331039122,0.25838180605815103
3066,0.84993076754674546,0.83680420957998136,0.48995627055922764,0.26831055933989317
3067,0.92945649632735872,0.60721159893657317,0.48655905306051428,0.26456580488018883
3068,0.037973353611084164,0.010691774062567857,0.45547370619168759,0.25042826831447379
3069,0.8807103895478533,0.22361870873869633,0.47814896655544525,0.25765699429820238
3070,0.3178567692445009,0.73056451595862171,0.47630458871425729,0.26324169260991492
3071,0.34102793729234254,0.072756415540433952,0.46584901533526207,0.2535284685343242
3072,0.92011074051022301,0.97004376144419668,0.49248888658811013,0.26992744436615762
3073,0.79577218071609979,0.95988730333688443,0.49053872022023315,0.26942410643329279
3074,0.10199670105722035,0.17556714389779374,0.46029858405689,0.25323911583654651
3075,0.049016435111488683,0.029822974001488183,0.45617748685843207,0.25078845010889611
3076,0.012758440976648126,0.65333161663078931,0.46354342265383663,0.25840601523141776
3077,0.69753079227959969,0.61943685103637403,0.48313910695957668,0.26391782519258039
3078,0.26020091631669784,0.70454272822294151,0.4740693532913518,0.26229792056699341
3079,0.30135575045385632,0.51697240324969174,0.4722203486480534,0.25988299938291948
3080,0.75967576689493144,0.82340443402255192,0.48819660773226875,0.2676918488542181
3081,0.73854001928659863,0.35557342089371524,0.47873347846385028,0.25958852544370287
3082,0.084295663868926937,0.0265477965848404,0.45746114893230239,0.25109534908858711
3083,0.21557709625976859,0.55974525748038428,0.47023632536417653,0.25973043039769972
3084,0.51699450131141345,0.41751012000619669,0.4758505029908035,0.25973676347503277
3085,0.97973228089899056,0.55254671226710783,0.48611429900443415,0.26373083822220605
3086,0.34738053585506279,0.2004069022421609,0.46814889628361983,0.25546509140927526
3087,0.25173058318825209,0.7246316097540898,0.47412311048119066,0.26250862749778392
3088,0.09871800425652183,0.90958316627059843,0.4712593338211129,0.26322448575588275
3089,0.9364234764080378,0.8563725344322739,0.49158269852655917,0.26892438620554132
3090,0.24629805494294271,0.56035328975518939,0.47125323641889844,0.26003882885488805
3091,0.70138726573336174,0.70934915309412172,0.48493836383119482,0.26546176271434818
3092,0.36068669122549474,0.18502137796330498,0.46821821318382489,0.25530831098003998
3093,0.75330443210586684,0.1283618707195972,0.47454960585456646,0.25576695268280369
3094,0.78780771874965871,0.077782466432207736,0.47404352059255472,0.25497075396573698
3095,0.44127125289289981,0.24914447912330506,0.47120367489427822,0.25670388817226852
3096,0.30521190907316054,0.27239544112306324,0.46825186814824515,0.25627504257593936
3097,0.18149176618967905,0.70852267943195768,0.47142238175423384,0.26150011758376673
3098,0.30802014066028643,0.53099096219086794,0.47264929384488974,0.26014753360498932
3099,0.72857388277532298,0.088514536458614762,0.47342518967412345,0.25504477775113432
3100,0.41797053931314732,0.73189553660588569,0.4791362772074097,0.26410369128022659
3101,0.4726620223581442,0.55245125234940784,0.47730026654957969,0.26164596244189059
3102,0.36898568427428835,0.098404489561694217,0.46694977491653988,0.25404927182985698
3103,0.71089211982548017,0.2380999842548161,0.47603235593878501,0.25751975407864464
3104,0.12817262758560247,0.28414735803738006,0.46288233053670808,0.25497119322682132
3105,0.97183135828875244,0.37578840277990094,0.48238042184095015,0.26053573402292624
3106,0.73969368774943289,0.25836141284598274,0.47686723754697419,0.2579397041205006
3107,0.75162171406171985,0.25971956746341895,0.47707382280195687,0.25799411808820699
3108,0.17724595479537966,0.054633729231299367,0.4610287632253362,0.2522559491236801
3109,0.74634498755111134,0.43323256394629134,0.48036614021295382,0.26093795817485704
3110,0.66843468254153848,0.417651148515509,0.47876279715700959,0.26039726314099876
3111,0.15453824182137615,0.55498843850431734,0.468014235111049,0.25900940887555551
3112,0.32399498530790444,0.6067626082831179,0.47438942951015084,0.26142099915811545
3113,0.78216541627949343,0.27103792017927625,0.47774589438938098,0.25826523384739847
3114,0.9664211112147314,0.80316331948480801,0.49107327564743064,0.2681978157390143
3115,0.42476727851947071,0.28486474281857954,0.47145618013190527,0.25717441191771545
3116,0.21088790029851953,0.071796954903926236,0.46232470684488508,0.25273863512846101
3117,0.062844266705203336,0.0069791756309918133,0.45638224084954743,0.25063448947151357
3118,0.41091926709035181,0.15347847530773143,0.46885772021029254,0.25508363211594193
3119,0.35302845593119275,0.54260334113190178,0.47411313817496092,0.26067784745268213
3120,0.016272170416696465,0.22151444332624087,0.45754483916700778,0.25286188461768311
3121,0.55283610328080834,0.56350490851557111,0.4792744666026445,0.26228272641081707
3122,0.30194601280164207,0.50343987552729674,0.47201120597434526,0.25968564615278705
3123,0.86618641625243475,0.74731136516068375,0.48846025134809762,0.26683061973406907
3124,0.96052850577310889,0.56465633204645704,0.48611146910731212,0.26389583633572899
3125,0.74368266092123236,0.74100590617585693,0.48631166376056817,0.2662012101799589
3126,0.65081937025944936,0.62509652792081472,0.48238448537006928,0.26379747655036334
3127,0.78864814240596026,0.45006352668543115,0.48135882740457359,0.26136523617451524
3128,0.084975007144676068,0.44184517756755232,0.46360728283679936,0.25662444058242734
3129,0.7802430129633634,0.93976364273141377,0.4901259632296503,0.26921185836701272
3130,0.069454492488282268,0.13015676130150677,0.4584084275740975,0.25230284648303614
3131,0.27846654204441007,0.67264101157336276,0.47412362433943545,0.26200289054552939
3132,0.79237891631502422,0.51643030015354741,0.48272341077443037,0.26252481287899282
3133,0.34854710121181565,0.23283196231286277,0.46872558354930211,0.25595806298026641
3134,0.86840093819712061,0.35598475552784514,0.48064274740552332,0.2599510681113929
3135,0.93495048520056301,0.61599254707597428,0.4868139273657765,0.26473952667046219
3136,0.30401450505325339,0.098128524545405535,0.46533923653704296,0.25370392906996653
3137,0.72524230963612213,0.82937056067556847,0.4876877689756231,0.26762200068342062
3138,0.6714518430510652,0.64144412949777918,0.48308368872320673,0.26417042255660667
3139,0.06195369834288722,0.45455900549121436,0.46284898384647827,0.256500268160478
3140,0.82102804369070803,0.0074213095110491857,0.47309618047636476,0.25381573867088864
3141,0.46084990810636667,0.41068211440228625,0.47449847039802767,0.25933367297609206
3142,0.12620480167354692,0.013860004925832619,0.45874820034306463,0.25129869965877977
3143,0.33576351119311298,0.56402976365535296,0.47400010334565329,0.26086975629382569
3144,0.84407723608018137,0.68775060282180789,0.48692657446007165,0.26569780069240279
3145,0.95008264015390309,0.93184863887921676,0.49262897956744989,0.26975478487947807
3146,0.16184478088110918,0.14416066550501855,0.46190867345102632,0.25336540440528849
3147,0.66759685996699858,0.81976347880406542,0.4864106915986694,0.26715796391494051
3148,0.42968048157485905,0.41072064676702724,0.47377636978325349,0.25915698030450846
3149,0.37964256757887782,0.83722101102174495,0.47993465592724499,0.26543293826671688
3150,0.89264059096864667,0.82028197518220403,0.49032116035593737,0.26821545742134389
3151,0.1573905125151272,0.36587367580718128,0.46517613378683731,0.25639385209669874
3152,0.67874665614956764,0.16731024689365878,0.47417474127590731,0.25624912101188635
3153,0.75442993112624401,0.60255200296192202,0.48379854070027656,0.26386922890921177
3154,0.97450980038914137,0.29330490911781087,0.48071852923990599,0.25906313666505471
3155,0.92457154275291842,0.88130601502474171,0.49175384160123597,0.26919242327191162
3156,0.14499116506051507,0.96333290094080148,0.47392446683748946,0.26456643209237674
3157,0.34651131849127126,0.098911895090050536,0.46642036889991945,0.25394488637754398
3158,0.9143370671058656,0.95380853180914427,0.49229798986341139,0.26980330157319166
3159,0.78379361590865304,0.39070923526961121,0.48011797260367217,0.26032676639846269
3160,0.6878385075908271,0.59660875395861224,0.48252645922357312,0.26348848320054225
3161,0.026145808207464871,0.36578449563117466,0.46002370988343383,0.25485147180467604
3162,0.12069118394599064,0.14269465150058969,0.46048206546629822,0.25297939269649578
3163,0.56793610058961208,0.19302401267021196,0.47276063632354681,0.25633760757190394
3164,0.55368736752955017,0.72783573403827617,0.48232014145767521,0.26497017844727044
3165,0.80423949646112747,0.2888122119564912,0.47841321081117361,0.25862564590879644
3166,0.63970948288830698,0.23502984599025223,0.47481207092872091,0.25726002059512459
3167,0.21982782995490127,0.55914748831066541,0.47036883244983752,0.25976433757921213
3168,0.69493860048142964,0.30758681618628331,0.47710960351484455,0.25864192499923566
3169,0.03623529581889743,0.022869876376132015,0.45557611297160577,0.25056467199674598
3170,0.69137792623863792,0.4881091992929229,0.48050874769224222,0.26167030813544173
3171,0.38755188325430501,0.97409437349728545,0.48204244016518166,0.26721477782673247
3172,0.15977703216095687,0.60814679935424354,0.46903897411043799,0.25981856858615543
3173,0.42110704159253515,0.51835047397558809,0.47546016950116521,0.26078296263037243
3174,0.61911228575595889,0.4921465316583985,0.47927266836754168,0.2614352436337547
3175,0.55270031401071473,0.024335071483103096,0.46940915065585381,0.25358423365645988
3176,0.86176992006405495,0.047538185890868771,0.47439299365846388,0.25455801879827622
3177,0.16770218023542549,0.56961663820425745,0.46872431847750834,0.25936410878137089
3178,0.78352832219387647,0.14619411019553663,0.47532175891053968,0.25613081454228559
3179,0.56215165463915329,0.83985286136515214,0.48457391312053916,0.26685838375862048
3180,0.13261156149228337,0.39554363358429401,0.46474211244516561,0.25654624934151848
3181,0.89886804886307803,0.025528149585647045,0.47439305695424655,0.25421743420825843
3182,0.46049142934276027,0.10155795043815161,0.46902229781538662,0.25449550432933543
3183,0.49663684422558874,0.96815486759716884,0.4847553812903877,0.26796175787321863
3184,0.64545273204214182,0.33529928418424682,0.47679996450574919,0.25893964847224649
3185,0.027647590621502606,0.60619970628620368,0.46355829336726601,0.25802179401641434
3186,0.50907806096953567,0.20918241330761231,0.47192407507739109,0.25637690685433384
3187,0.89548747552557628,0.80378444320877318,0.49004400754182165,0.26794361866266631
3188,0.23824109420572642,0.17074290457629832,0.46470166786363881,0.25433271198492891
3189,0.79717239906111503,0.024050374772388021,0.47311747908055773,0.2540686492184463
3190,0.60240798680271257,0.10929809349250282,0.47183043759170995,0.25508910929357909
3191,0.45597296605579324,0.51822962209469403,0.47629874216459084,0.26100168292605186
3192,0.64672221493202964,0.27437129239748465,0.4756724893495704,0.25793337073538491
3193,0.81334262978107441,0.38259967960623326,0.48039720363846472,0.26027169618628559
3194,0.42577843881609151,0.42624177013390002,0.4739561374929333,0.25937575562208637
3195,0.80836735549258298,0.49693175461570499,0.48258517936130579,0.26224030941976684
3196,0.55700003502106998,0.095614451754663612,0.47078094461580966,0.2547354650923227
3197,0.63813708832381522,0.50018952952480178,0.47978150965848876,0.2616526936818967
3198,0.04354966719154036,0.70782529358874313,0.46577314046218343,0.25961960764443337
3199,0.98593318624108806,0.39950800756121757,0.48304079723983351,0.26099144857691492
3200,0.52904382289763308,0.76831665044851838,0.48251048264139995,0.26547410452227216
3201,0.53203478096913315,0.75721767209757818,0.48237565759872009,0.26531313905325588
3202,0.034576896581996697,0.035383560323307757,0.45568596983437154,0.25070595885622993
3203,0.12744799468385756,0.73205236312312771,0.46972461706569113,0.26115871616807307
3204,0.46991379107785181,0.0096811957692843863,0.46759795087785433,0.25310450143407837
3205,0.5598465236225515,0.19871957776219354,0.47271507017184872,0.25640117688839315
3206,0.70117472894928656,0.063821967116848108,0.47255112401515559,0.2545767497281386
3207,0.10698394868668402,0.80056917933045191,0.46994194491193009,0.26183210382631716
3208,0.73504123237897878,0.7121784172441229,0.48559891367698327,0.26566717431994419
3209,0.24974754046838499,0.55945066141890132,0.47134866162852695,0.26005809110874711
3210,0.1140852924758452,0.67595936570748461,0.46832376188260055,0.2602005597201868
3211,0.67479643874246398,0.072976175893505579,0.47232612836841464,0.25467344761162602
3212,0.033469833933457267,0.82518138258591067,0.46703063007565931,0.26102756544932604
3213,0.4606394002099638,0.87247052821993132,0.48271922907050741,0.26664563547331671
3214,0.3387900827114354,0.28897626021056205,0.46942323407821734,0.25674101518276726
3215,0.30416894142519452,0.0042213080695015382,0.46380231599911154,0.25233511936297748
3216,0.30858232593870494,0.16610138499356109,0.46658007541704904,0.25472817078040477
3217,0.13970316144676181,0.25074583913880638,0.46278502191015819,0.25462861420097904
3218,0.31159911608000984,0.73463089296472028,0.47618441157958691,0.26324542267231721
3219,0.095629491375188808,0.21322172801961425,0.46062067614416308,0.25367695560360204
3220,0.43425873275821797,0.73793177322918779,0.47966521411226726,0.26432246369274431
3221,0.20193717855958968,0.27054450027205751,0.46517668997845518,0.25546788219841887
3222,0.089644100099394566,0.60518862250576499,0.46624839736913931,0.25890105741701464
3223,0.0014217464093468151,0.49160208303156544,0.46069415844640077,0.25612064739359747
3224,0.080418256435648067,0.13595184885613854,0.4589108604842857,0.25249353523850676
3225,0.28369717398626965,0.23194516059305753,0.46699207673736726,0.25553471236823783
3226,0.72127708381443523,0.47262000649544644,0.48071997015123058,0.26152135091153961
3227,0.53744224539409624,0.40182669174781771,0.47599017975882058,0.25958367837691326
3228,0.76185529886552839,0.99848344609685014,0.49022659707487409,0.26953080351869524
3229,0.63270286345436477,0.18077903187650957,0.47367550044702361,0.25634465471817675
3230,0.16090834896861345,0.93339433686834528,0.47417321101791837,0.26443126124956134
3231,0.54994682004455253,0.071454874333657797,0.4702143127021805,0.25432785848372269
3232,0.32590998527448395,0.6200709258609568,0.4746702571909116,0.26163851703705437
3233,0.89787335424487247,0.34904146045019152,0.48089698294123412,0.25989830746365078
3234,0.3234440486655687,0.59762581290487438,0.47421885148520182,0.26127822330675826
3235,0.30836882749722572,0.35100240213045619,0.46964692884221554,0.25746262642451923
3236,0.031418370838800912,0.64247901474524993,0.46425951738620569,0.25856001765829106
3237,0.82333076821443396,0.30571476285128157,0.47901759071975147,0.25896471367021456
3238,0.76846014924322958,0.057101988059317231,0.47337904663763281,0.25458689493607273
3239,0.13593550665260992,0.41158777835356308,0.46511027861836746,0.25680374884114548
3240,0.29794434451904378,0.71150182928665306,0.47537785141054567,0.26276893374490923
3241,0.46072158958966614,0.17383567259766861,0.47029997803795498,0.25562076753084167
3242,0.82026425015811111,0.39791635575991824,0.48080147515533372,0.26055688380154068
3243,0.16156942165925867,0.90521749397000528,0.47378439175888021,0.26406322666613014
3244,0.40645338343734622,0.98419944139084559,0.4826329996516236,0.26744191207205142
3245,0.45106615871827815,0.56062419267460939,0.47693610813212534,0.26164035441648414
3246,0.0039141253344598228,0.27364526081642837,0.45773425475277196,0.25336248282291196
3247,0.95303526962782492,0.042889568788011097,0.47535317851404235,0.2545761889776525
3248,0.5196203014009283,0.72666911625441866,0.48153395973431484,0.26473710576818771
3249,0.040429110469797164,0.30283261796702865,0.45973394181949506,0.25422066318440273
3250,0.95015951304492774,0.47175140801792731,0.4840737070635947,0.26220404459458341
3251,0.10167372360731243,0.90504301958141153,0.47131767352525972,0.26320631257485105
3252,0.6185610008037068,0.58162103484628025,0.48094271052752047,0.2629163393657204
3253,0.70327503926925128,0.19396865280071507,0.47506775200353585,0.25675799077107742
3254,0.58917814808151459,0.80190940303396208,0.48446379688635727,0.26640526098598039
3255,0.71978914105015579,0.79737096652270989,0.48697382095375946,0.26705167716091366
3256,0.11298299820650136,0.31349586601563495,0.46276856457604976,0.25521187245145704
3257,0.26007100336676231,0.82176406399578561,0.47600180570467548,0.26403584913985118
3258,0.43454669064161139,0.59124693305351539,0.47707676579523556,0.26201414672241247
3259,0.0037395334640867076,0.91277750609904762,0.46684809598306864,0.26166763954003314
3260,0.36456120176672707,0.66177202227524257,0.4764766851609511,0.26259352306303863
3261,0.78549256837501902,0.2796606613231008,0.47796331413069826,0.25842155623537399
3262,0.63575144738574751,0.74526437437302673,0.48436591754734437,0.26573205825478796
3263,0.32331204538397729,0.29590338590355825,0.4691318243010717,0.2567446203450266
3264,0.58237905988354477,0.28491843006588752,0.47472018490276757,0.25787977183384503
3265,0.42234075617777417,0.63182934966353932,0.4774870321322971,0.26256650909505352
3266,0.12034972038163105,0.1122652279601549,0.4600147438545551,0.25256685223351127
3267,0.65234475910518086,0.8229414985296899,0.48616855208941057,0.26712657352455443
3268,0.16530895777972182,0.18674381246961422,0.46267794677418467,0.25398226521925465
3269,0.34139058134750233,0.68202930710931542,0.47617076543494335,0.26271175333504349
3270,0.48727341663165719,0.4776869059864548,0.4762916571280848,0.26054178135927947
3271,0.28911321208887969,0.24780551207259999,0.46740312146965257,0.2558039132846745
3272,0.89414099927205826,0.96413826492271626,0.49207832459965301,0.26980573937154562
3273,0.89878423928789564,0.20736811743545114,0.47804997835897023,0.25740441446648543
3274,0.92116820145189993,0.50671178797961913,0.48440197120217526,0.26275107379371876
3275,0.26285313278007089,0.54385903542317693,0.47150548489624916,0.25994969637792698
3276,0.76143074230140784,0.70335591968669331,0.48588591920948548,0.2656330869416455
3277,0.27239012767592213,0.33427323613459015,0.46834912938107287,0.25695067368598534
3278,0.89470070414385994,0.81220832155832323,0.49019845478410873,0.26808730202528974
3279,0.40021428032916739,0.63427506203820228,0.4769594542371291,0.26244395802623111
3280,0.38054017686716979,0.56105736226913294,0.47516922113933185,0.26116527822789498
3281,0.65070200751275997,0.36997399081034821,0.47754727522256873,0.25953508832810424
3282,0.56477529772670243,0.32915391199596922,0.47520182527654103,0.25852892769534142
3283,0.62371269020607001,0.62574594559854602,0.48187335741187776,0.26367512298713608
3284,0.26848720361726591,0.88661196783174534,0.47735490770194816,0.2650915175181161
3285,0.69365752736447606,0.59074670578025978,0.48251850203077234,0.26341478637718607
3286,0.30447008141992848,0.62482245112314128,0.47412030689772799,0.26152561572680982
3287,0.93658900093414132,0.28666828121294968,0.48012465198549908,0.258874791189525
3288,0.80299238709578058,0.8992010739198304,0.49009791023247001,0.2689293159058278
3289,0.61557182695887758,0.62752562757710695,0.4817462193427457,0.2636634970920671
3290,0.35402643887855817,0.98262179984945108,0.48117629392398581,0.26700313276327375
3291,0.31548477072048697,0.19288761686085493,0.46720549489582502,0.25516515318984145
3292,0.15171169819595526,0.7233708370326204,0.47054056832602709,0.26134971651484379
3293,0.4162352948881104,0.16324682049985278,0.46914624760631279,0.25525812270589021
3294,0.6287526504695532,0.89177037870859499,0.48682726199942722,0.26800906739787039
3295,0.9173144003826077,0.17576589237746085,0.47763860585885337,0.25687848972565669
3296,0.41426427578647856,0.44510671008181524,0.47400840169255454,0.25959885238990127
3297,0.83077391441926596,0.57364287834808925,0.48444857980308087,0.26365157052789684
3298,0.25369151697264752,0.48649285167054046,0.47027940129627938,0.25902523971850655
3299,0.89622100062459942,0.76283187699232957,0.48923071576856908,0.26722064898270426
3300,0.47726161319034871,0.60535964417996591,0.47835651893228881,0.26251677022266917
3301,0.7752989589069853,0.94444075512998971,0.4900823468101676,0.26922835426305047
3302,0.1408893923943513,0.4950007444448653,0.46657774356447734,0.25801553974149533
3303,0.8949699234171421,0.13438205126578689,0.47653364713957169,0.25611712157019606
3304,0.28646207513931443,0.66503801055221123,0.47424608596147311,0.26196488777485094
3305,0.71683736911286833,0.3742067250953871,0.47874645323679826,0.2598359856007208
3306,0.71132247750345856,0.10210948787537637,0.47343263088690579,0.25523743512905989
3307,0.10146093526094919,0.968841990323423,0.47218982594008052,0.26400858363024404
3308,0.45211597717554541,0.036412589863303584,0.46770833798626182,0.25345599518960021
3309,0.17811643673713554,0.62969250860869652,0.47004882918784568,0.26033451218781428
3310,0.39399603317362492,0.6655144127135747,0.47734042311134356,0.26288283571070731
3311,0.46536327053775317,0.080961082568427087,0.46875995619147931,0.25419424680552455
3312,0.22622557976372773,0.018619603835430463,0.46193727784910599,0.25209476328887509
3313,0.90451387033791986,0.49939400488169633,0.48402637475722937,0.26257474035411404
3314,0.70639162785633236,0.043796256896166598,0.47224646058270237,0.25425301540434048
3315,0.73446421057203559,0.50425118957367954,0.48155233689958871,0.26210882161244442
3316,0.35912879488450711,0.7609081682964578,0.47803176547608056,0.26407361866104834
3317,0.27889492589955922,0.72434945523223149,0.47499743934646815,0.26277824315612447
3318,0.9862641965162825,0.72543373349466134,0.48975767472938503,0.26686738418387534
3319,0.26980713822984836,0.36169767157115279,0.468723306350257,0.25733232415881585
3320,0.18962015870251928,0.25777929952495032,0.46457945419759578,0.25518255693142294
3321,0.80496278232248741,0.18680381906601834,0.47641393708538732,0.25686990688486544
3322,0.58688341561962154,0.39510777988523477,0.4768461716943731,0.25969658783303673
3323,0.31433598084264669,0.53802984095237916,0.47295027150246782,0.26030477927258611
3324,0.39322821835082722,0.29539055708489614,0.47089639015078788,0.25716447010383198
3325,0.63691736887107842,0.72000724629933255,0.48391189482569369,0.2653159233619552
3326,0.87603215588441818,0.62523744196427289,0.48615916971689982,0.26471257885195443
3327,0.82589129500215652,0.54607849434966926,0.48382625781368926,0.26315371966800255
3328,0.92252106500860542,0.88354308040122276,0.49175102189204573,0.26920982721685988
3329,0.44982839643844641,0.37344137792525578,0.47358724388892581,0.25868807944372635
3330,0.10236573435537284,0.10121647685415811,0.45921098558775092,0.25225139453535494
3331,0.022631735686410685,0.93309183180226252,0.46808897320212967,0.26228249426279165
3332,0.85342885665249779,0.8460493771438139,0.49016844676586252,0.26846456199614943
3333,0.81876233210096838,0.58707800083839112,0.48453075209035013,0.26384399288645705
3334,0.45689491462927545,0.086309865961025939,0.46868018768714675,0.25424511403893679
3335,0.4366598416914349,0.89502041999230864,0.48245071403821121,0.26677388290564502
3336,0.65732183360717023,0.26895717635903277,0.47575037107621243,0.25787777779828869
3337,0.55954846106347389,0.31243975846456595,0.47479358436476199,0.25823656044930032
3338,0.058378718378010674,0.48978525369869313,0.46321638977148322,0.25692213030433558
3339,0.51801636842206356,0.71766829683264954,0.48133312240786447,0.26458104617527484
3340,0.41170580466386164,0.92578437088018983,0.48220102219269911,0.26694898893469243
3341,0.66428600029634544,0.83830668736040825,0.48669083806707181,0.26744609195537
3342,0.97586928211374913,0.94218339577011068,0.49306030105633375,0.26991057703874782
3343,0.043858538257761391,0.40155886713705258,0.4613068112041534,0.25555828871984798
3344,0.15041393500968117,0.55925075864180696,0.46792805537119414,0.25902204490103692
3345,0.72659428065464604,0.20439354443853955,0.47562575430088339,0.25699251020140701
3346,0.20485431931087514,0.47874379042541843,0.4685784742857193,0.25845861918363738
3347,0.44708001943348208,0.95252704139120181,0.48340951222501521,0.26748755613956637
3348,0.84485766043375488,0.76808221429277912,0.48854050571391444,0.26711095540490226
3349,0.38129126971935623,0.95087953028691707,0.48165127433801452,0.26695821996406294
3350,0.020763178460474593,0.4004910834852024,0.460282291911699,0.25522734487587739
3351,0.86454376723814064,0.45388764574368257,0.48255255045504453,0.2616593007814359
3352,0.68938758163036551,0.36065746616875988,0.47803346814055131,0.25951590842534211
3353,0.99863510153152746,0.34128890039391119,0.48199188800015386,0.2599691059187344
3354,0.49963376997533493,0.15497723029890331,0.47076350345261497,0.25548240806067296
3355,0.63249742231868444,0.48305498724182838,0.47935328860430143,0.26134317664681872
3356,0.46566983699257253,0.25064660953540591,0.47176365201245218,0.25684328166743703
3357,0.91133787546585088,0.91898486299108484,0.4919694504456541,0.26952266096011318
3358,0.79152890032680012,0.97179718391030323,0.49055248820922809,0.2694874612631103
3359,0.50238481263328583,0.091000876863126176,0.46967448837320219,0.25448444313427226
3360,0.68205767186632149,0.77571587914481066,0.48584991230730179,0.26649088384013209
3361,0.42867390485791257,0.036116127742652319,0.46721553489102896,0.25336395830946812
3362,0.77204688384147591,0.35999689655237604,0.47933778909035918,0.25976426886816123
3363,0.99256218425236875,0.5112139943898073,0.48542644937918461,0.26301906918302886
3364,0.54718402267365018,0.25994696383971022,0.4735934691304976,0.25733963224827261
3365,0.44194008991807932,0.32158190426925432,0.47249249584590763,0.25783505724287503
3366,0.89501323662194188,0.085233785568841272,0.47554650069812709,0.25525664351514771
3367,0.43820811192853149,0.45790578438666418,0.47480964306480616,0.25994504609925306
3368,0.33077792098297509,0.16045522483423119,0.46705954935083205,0.25477473039664106
3369,0.9334167554537649,0.1622982582992292,0.4775573086838098,0.25666482720734207
3370,0.84654207194078479,0.12062973669330822,0.47565614075924156,0.25580310025466796
3371,0.97162519276893,0.60704343318192988,0.48712809466572371,0.26468898453831152
3372,0.23619323072744303,0.61832048388248084,0.47187041569556409,0.26078850801583059
3373,0.30646140943096251,0.57209833551467171,0.47329382781285345,0.26075110338550878
3374,0.91207769352424661,0.46413696072309979,0.48341507870473188,0.2619700981013019
3375,0.90557198026225671,0.98326775611481865,0.49236304959568417,0.26996018275110079
3376,0.24149051326663468,0.9453096108764294,0.47727822253139579,0.26555370645304427
3377,0.089294045228359764,0.65896130925755714,0.46704535224722754,0.25963099455975014
3378,0.049272328825260052,0.426881032412115,0.46190663881426758,0.25596448754839818
3379,0.10827130503301742,0.68282639229340714,0.46819281157363274,0.26021805056978159
3380,0.40368513187236388,0.74138880658458228,0.47892475464386425,0.26414076621542604
3381,0.31217943695666039,0.23095085855062353,0.46775088797526382,0.25570753241994543
3382,0.4695927003108547,0.46354185715870699,0.47563930798920967,0.26021749146390094
3383,0.78936849356916494,0.17546367087984691,0.47597566851399736,0.25664328538733439
3384,0.54044519540470792,0.52596722791279904,0.4783237199998549,0.26160667860098696
3385,0.64483299445788145,0.1014008187993546,0.47238865758858367,0.25507229612432292
3386,0.46559860575698553,0.95223950788223888,0.48386802732408918,0.26761761998773398
3387,0.93972989924118167,0.60507622884329182,0.48665727845130685,0.26455908692629632
3388,0.13956858260118171,0.89893770262607142,0.47280904083772252,0.26367298640006032
3389,0.91271050268508269,0.64074629408562322,0.4870044175254325,0.26510992730047389
3390,0.57559030026091496,0.080012076347216507,0.47082699324552757,0.25453977186813437
3391,0.73875663947012515,0.58570085311845177,0.48320631408674708,0.26351746578959045
3392,0.56801615438003794,0.0027965360824367962,0.46928558041695129,0.25328056484725903
3393,0.82700513198407144,0.4615485154881957,0.48216330090410076,0.26168356291754069
3394,0.93083497430804429,0.62893090177004929,0.48702017449606372,0.26495770289038917
3395,0.58163171139807679,0.84119348215895018,0.48502864634443893,0.26700503396799441
3396,0.95720407075594416,0.5018454731461709,0.48478112372138471,0.26276071655751393
3397,0.70149656927654291,0.96808943667084679,0.48898176658780967,0.26908402338856063
3398,0.62527453574781544,0.55889749692535262,0.48064530691602381,0.26257108227810477
3399,0.83353939401445676,0.49601785695716971,0.48294546426997775,0.26230485917474722
3400,0.5248150217552553,0.72572894687169465,0.48163550704508989,0.26475526028236018
3401,0.21092474884117257,0.40553855507957054,0.46761010684545024,0.25746785928840921
3402,0.86132331639780901,0.53040211113680846,0.4840401485072568,0.26299405889772132
3403,0.15198554390206701,0.094382554978493141,0.46082274993994188,0.2526008467541892
3404,0.79307766577977457,0.93341112610035348,0.49028295802934063,0.26921201939164946
3405,0.085846795508323706,0.32332673486267455,0.46187847549255334,0.25504199248482629
3406,0.22396930154700531,0.70258235137091252,0.47282972211889929,0.26189200754725284
3407,0.25869289471009976,0.50300655194675781,0.47070516545044344,0.25931166414027207
3408,0.14609677775675664,0.31740710427454905,0.46403056015809918,0.255608572339806
3409,0.093494003427971623,0.63373279536204652,0.46683886492292498,0.25934315824836446
3410,0.97703771434273812,0.82706188494680688,0.49167714805121765,0.26863686422720845
3411,0.33763339359549571,0.74478748587580634,0.47713331085739724,0.26363712290782781
3412,0.22106528090214125,0.16757055032056523,0.46414041580964938,0.25416212560074797
3413,0.20827015539970017,0.47755830927275822,0.46867350783205314,0.25847484009823052
3414,0.10258860931413948,0.79545085405722493,0.46967882864714033,0.26169809069781214
3415,0.58719903076660129,0.65269661369469256,0.48164246465817728,0.2639302041452451
3416,0.6414698695103056,0.36785279281610855,0.4773440234675787,0.25946557772877926
3417,0.21490646193783033,0.22864390463578749,0.46492105933549366,0.25498084915018382
3418,0.29602073832693282,0.84542470266806202,0.47756658653543377,0.26476667348031274
3419,0.44447145256489751,0.35680169048035748,0.47317098227428994,0.25839853324430928
3420,0.20244204305944732,0.89512945576073832,0.47517892103208886,0.2644471779872461
3421,0.47382083607999376,0.60633187684145529,0.47829309631567157,0.2625104157717722
3422,0.67288834151941124,0.56024718937427975,0.48156033135869808,0.26280959139658266
3423,0.19507760848609032,0.29692305900553473,0.46537186508759748,0.25578144098975691
3424,0.33969699730715947,0.058968381203094035,0.46558642193610111,0.25331750795220365
3425,0.74738066366518618,0.73734630603779816,0.48630551457309451,0.26615533975021788
3426,0.87624673512965678,0.18831238295532529,0.47738401534014802,0.25703094552695877
3427,0.007715150761057157,0.59354886419872055,0.46244473259343444,0.25754248719365391
3428,0.51555059987331053,0.83393421671503465,0.48339380109394342,0.26644757351724724
3429,0.47611478432723092,0.63089591227386843,0.47878801205785043,0.26291660190301153
3430,0.78147246802317683,0.67563565531439385,0.48568049397047108,0.26523915686768557
3431,0.8368464521860588,0.052294960885972248,0.47417937576548924,0.25460771526107118
3432,0.79400325078220346,0.69918119071134133,0.48635107247717291,0.265698921237977
3433,0.6484330255042412,0.51315951812627025,0.48021744688592538,0.26191374201987017
3434,0.26302783566300059,0.72885957062084927,0.47456282641774633,0.26268694186090913
3435,0.26640326800543118,0.47456967280890094,0.47047501617789067,0.25896105970264449
3436,0.98674076372523556,0.82333029579884609,0.4917431614334532,0.26860940322764354
3437,0.16653155620872276,0.2117276752452017,0.46310399284536136,0.25433867194320692
3438,0.84414828763507543,0.84799277179884969,0.49005331581019945,0.26845550783209982
3439,0.35981264791070716,0.68560347615206851,0.47675479957216899,0.26292112950743718
3440,0.43782075752973326,0.49355184539210756,0.47542990608084817,0.26050140779062442
3441,0.21215653731295606,0.0019641091519384643,0.46126898212648271,0.25177067920407864
3442,0.635188505620358,0.96352066717614659,0.48769697864196382,0.26873149694755644
3443,0.90713812884251821,0.80456860229995808,0.49023590466196215,0.26800262644854794
3444,0.26796487986418654,0.36149582929370233,0.46866573396322414,0.25731493807105971
3445,0.51063340432225968,0.84345431632845436,0.48344952537549285,0.26656658992416776
3446,0.014190022573189345,0.72189439723432292,0.46460203048375209,0.2593314412007533
3447,0.91658592802273353,0.46578381778950573,0.48350910001313518,0.26201123568854762
3448,0.93318260972473077,0.19319675661496585,0.4781821281690522,0.2572112391323359
3449,0.3378848335318384,0.031711396039451938,0.46508824226461165,0.25290553802850135
3450,0.27482938727306899,0.2271906454830547,0.46666607119830616,0.2554045199722273
3451,0.11823645631879336,0.83797094019042573,0.47098647778046926,0.26251380796071927
3452,0.29943596501151332,0.96459736145896602,0.47938262444148344,0.26635102207085359
3453,0.38652392959775173,0.40327146529842867,0.47259445670165517,0.25877842660468509
3454,0.10224090676013148,0.49890214050476206,0.46515403328088079,0.25761254851124793
3455,0.82551698781788585,0.8613609473027406,0.48996383789117209,0.2685670181138633
3456,0.5845607645752724,0.0040152025077841245,0.46958977810431823,0.25334085528494726
3457,0.34687768515633655,0.014494928589893971,0.46501637354913072,0.25269345306866586
3458,0.83829388358026047,0.0091352355851908214,0.47334448853210642,0.25386604417241826
3459,0.55689108633747098,0.64195927363660887,0.48080611934102735,0.26358515671982641
3460,0.99696651230115674,0.48857698322528742,0.4850142478300013,0.26262133648963898
3461,0.65362204060194784,0.54834442575090803,0.4809805170148379,0.26252491994997368
3462,0.42659718653556195,0.2239726456264616,0.47043482888274668,0.25624226181637416
3463,0.56205434476443339,0.22024327099473451,0.47315039109576623,0.25675613476847209
3464,0.84372976466560501,0.55127891359067294,0.4841984160646447,0.26330394511419292
3465,0.79490659058411839,0.62943558783949127,0.48499103329457433,0.26449215963870704
3466,0.82921593254666082,0.18917859520461644,0.47678935084407104,0.25695916469932367
3467,0.91951562407173926,0.46362525098185287,0.48350450813525697,0.26198057556464055
3468,0.61764203805144646,0.16696027848691447,0.4731614632754223,0.25607342607840244
3469,0.25035747528468494,0.60972561358042299,0.47219153565356708,0.26080190746733795
3470,0.18029026398401476,0.0081001476941513825,0.46040811691541311,0.25163801820540971
3471,0.92760628681109525,0.48138146970280216,0.48397345743946313,0.26231768109444564
3472,0.73010280270419325,0.42281741790323285,0.47990173872456993,0.26070551313869961
3473,0.70873414728537898,0.75014053225027166,0.48585888767814578,0.26619128313412782
3474,0.88011768667056456,0.41005543368436631,0.48188874792060699,0.26093061158211978
3475,0.43924727965820348,0.66591480832068484,0.47851563250396878,0.26322251318309148
3476,0.49658364027309004,0.0068374882765696388,0.46806493016754602,0.25314541142987584
3477,0.6540765407896485,0.56992086869439817,0.48139853999442928,0.26288828595795105
3478,0.6478414603444631,0.24541457544775913,0.47514565974253004,0.25745729445337678
3479,0.029602836206101348,0.16764809323198862,0.45734973061688111,0.25233845499930468
3480,0.072787164466630208,0.34329169347999849,0.46165543169306378,0.25515450732309713
3481,0.29331306405639046,0.89861992295352977,0.47835644780741315,0.26552678717638295
3482,0.40800792652493112,0.25148729212592591,0.47048738229578285,0.25657176130456921
3483,0.71027312191954117,0.12680639998739351,0.47388944123418386,0.25564883989119186
3484,0.53551177113981685,0.48451113388984235,0.47746094894420116,0.26090968975405626
3485,0.94933356434797167,0.0667138490982703,0.47579690476016606,0.2549939106912652
3486,0.66894666547187376,0.63755587983642481,0.48296279940066672,0.26409310374121742
3487,0.7712743125372683,0.037720885689661379,0.47304093705587941,0.25426277360276167
3488,0.8866251594914939,0.0013150485511519948,0.47376637709628033,0.25378290021342892
3489,0.46843358449906813,0.33787464022986824,0.47337289774387054,0.25822698913855691
3490,0.64193852060794598,0.89308898054052843,0.48711015364665355,0.26809783044553426
3491,0.50316462243004934,0.7992217760000494,0.48246858515076735,0.26579953247331051
3492,0.13327893186862347,0.37540515293629145,0.46445847742711499,0.25627598087298825
3493,0.27032237494018629,0.99037047922814969,0.4786936393065595,0.26628433564841092
3494,0.14348186372717611,0.72452374303451506,0.47024032220116829,0.26126171030587514
3495,0.016457394648564515,0.078706397317966914,0.45555133625472455,0.25105013552303079
3496,0.58320811782545645,0.75370799545693445,0.48343864597122005,0.26557319217577913
3497,0.12080461052452447,0.94162590642260624,0.47266570243532219,0.26397763097237154
3498,0.34051886530892228,0.084491384341090464,0.4660327111404568,0.25369993188966067
3499,0.039106762630061714,0.24283589110871545,0.45881685984219384,0.25342388291743956
3500,0.13543502689279852,0.90966629231780538,0.47280648346132942,0.26376503058527878
3501,0.35487730570960557,0.13883017000536202,0.46729543789875966,0.25458411753679211
3502,0.80076183874270657,0.089262851011881139,0.47444120990452093,0.25518841217775418
3503,0.88867403747831708,0.31652872807657112,0.48012049994093786,0.2593047451342323
3504,0.96718295789173581,0.76637251947183405,0.49033412708151203,0.26754111247922652
3505,0.28869945354348747,0.90845587960424612,0.47835577734889378,0.26561255632470054
3506,0.55073527508944975,0.33903054217001194,0.47510890791003868,0.25862962926666122
3507,0.39672681740446714,0.57551406046723719,0.47584356645813469,0.26150568700738258
3508,0.64137490004553699,0.14847919137390564,0.47321492710039986,0.25583781175232856
3509,0.39781112927746731,0.93674007692848105,0.48195296427597711,0.26695342537120309
3510,0.71374555424222486,0.20976654028088088,0.47553264278086999,0.25705043464433525
3511,0.75203357496979883,0.90690057345676478,0.48932587163555757,0.26879247934348199
3512,0.51215118101792179,0.544209071400098,0.47804562399091804,0.2617464219288117
3513,0.97353615495426349,0.9201403514711769,0.49284754384460977,0.26973162270912204
3514,0.33889483288516059,0.18974822915144032,0.46775590110534182,0.25525714583351866
3515,0.8900532002453343,0.076293183671904269,0.47530799970950066,0.25509402983000001
3516,0.094816192701517144,0.36446466592672511,0.462841205501766,0.25569873555603351
3517,0.84034292680915679,0.20727297035699013,0.47729655012091821,0.2572944532792113
3518,0.0061766053531202491,0.36422250523798866,0.45911072210414849,0.254551948590307
3519,0.20288019283540779,0.50401697022741432,0.46891559265828908,0.25880129517322292
3520,0.96481955907862871,0.68510655784542906,0.48863721200235966,0.26607194339076556
3521,0.38715367858781247,0.79658997090406491,0.47943838443308329,0.26486600410714711
3522,0.81903801829024458,0.79680446359961066,0.48869257770077867,0.26750505552967169
3523,0.42144173015729758,0.33171410866103834,0.47219764093721006,0.25788201661025745
3524,0.88791799008013916,0.7280919947395218,0.48840573766559298,0.26657363697710862
3525,0.18858670057348209,0.84802929543821381,0.47391015509925632,0.26359310522750606
3526,0.84840056228261673,0.37450701065565228,0.48073739189510584,0.26022509531287458
3527,0.6451545362711768,0.45171280195590813,0.47899430394985737,0.26087480868002072
3528,0.5624107377891312,0.21723330112922704,0.47310191080473413,0.25670885488096734
3529,0.49095882363546411,0.70797471252450495,0.48052710142642446,0.26424744563397906
3530,0.79593826280169888,0.91057217568381466,0.49010792721542951,0.26901648151647445
3531,0.19461661615456691,0.35733759593438591,0.46630993835169304,0.2566317900715
3532,0.93479967620681281,0.97754192294912645,0.49274002500448544,0.27001802534665142
3533,0.26401406136456645,0.93693070014476554,0.47793442071614783,0.265704276310396
3534,0.52696783059086882,0.084999519940360924,0.4700359844189495,0.25447191600949509
3535,0.60864467163308289,0.14853195353461199,0.47266440369602319,0.25574572746997076
3536,0.97422966247604936,0.62603242641574475,0.4875527047337439,0.26503830245350135
3537,0.33370883407973451,0.52985884705624775,0.47336215578363677,0.2603357757319999
3538,0.83587722701557221,0.094299502099619723,0.47499798439117891,0.25533099501635853
3539,0.3771978719294421,0.38641491878839446,0.47206884516896963,0.25846084972806999
3540,0.042186991412786305,0.75166942261474912,0.46635663866322774,0.26018549928501877
3541,0.70660714580403872,0.77415429773909272,0.4862822550219818,0.26658968822789925
3542,0.44384503898747502,0.74984137468916601,0.48012139622653555,0.26458240183856002
3543,0.10555690986061236,0.011309919506579173,0.45799929078482154,0.25108830424734779
3544,0.38816055482941447,0.8510840812752839,0.4804157142106189,0.26572317173101034
3545,0.86825583297015407,0.47271850279642968,0.48298281793135578,0.26200078749623079
3546,0.04079134756861022,0.69536242265902692,0.46546368681239142,0.25940984058129635
3547,0.38318504032102652,0.78266512575858516,0.47908595048588987,0.26461600791402246
3548,0.63803090184208699,0.29884999973770465,0.47598335634235694,0.25830949555429267
3549,0.61157687991856369,0.86697943687328372,0.48610999811206512,0.2675822812604724
3550,0.69773055962404473,0.61326808379826836,0.48302410559706233,0.26381413106938523
3551,0.93423651869714963,0.04575878625527257,0.47520320853515713,0.25460852133788542
3552,0.70417407833236512,0.11112040261836956,0.47349788109982588,0.25537272055099675
3553,0.13668195836072555,0.67461230164916486,0.46919899804858306,0.2604739578394818
3554,0.30018180581600173,0.67899524115024834,0.47490072589023358,0.26230112715110149
3555,0.22661222822709245,0.67274553214943744,0.47243535129783942,0.26148486707167085
3556,0.70409375795606766,0.90600373955419056,0.48845990581058518,0.26856209826177513
3557,0.057527884844609072,0.63985603735189656,0.46539570315806067,0.25891944058400662
3558,0.15419006564045559,0.13812057218871779,0.46156244106270222,0.2532173553211422
3559,0.47526290667095455,0.59911495998402831,0.47819755183194618,0.26240462053525476
3560,0.89946710062146895,0.14338647192431381,0.47676938876743741,0.25628169685963065
3561,0.24879015872803287,0.97098999781549222,0.47780705884045238,0.26589402691644376
3562,0.14805612739770441,0.73694173975234156,0.47061196734449867,0.26149529059231191
3563,0.49914838933335853,0.22378257502190535,0.47198567566392408,0.25656758646708322
3564,0.27670509615630146,0.61878209877874468,0.47317406641332127,0.2611849427682183
3565,0.55796830618983373,0.36856640037236504,0.47579349907382912,0.25913913774776948
3566,0.57100088403875715,0.68755939961128165,0.48195027914763572,0.26441293046769515
3567,0.68358625806184714,0.59368566673543532,0.48239360047885788,0.26342030556544643
3568,0.72637437088120504,0.97360356269021286,0.48946462311763528,0.26923240926248554
3569,0.49833207009503389,0.9938922171028447,0.48498701557157503,0.26815681587312967
3570,0.66923986044769412,0.92778976399699464,0.48804115478585841,0.26860720396477378
3571,0.80162359883514012,0.80174994480196626,0.48850002644599644,0.26751448377233783
3572,0.92539889173653211,0.00028884534087264915,0.47418540189088981,0.25380067812580798
3573,0.41762299582703272,0.46462965807818107,0.47443218933695636,0.25992337038374147
3574,0.25665969133448091,0.64297185864154016,0.47294034374768301,0.26135271108048452
3575,0.076434233238815805,0.87313782692573738,0.46972436078129148,0.26237611932244387
3576,0.18171033789840293,0.57064736949115757,0.46924249341660079,0.25953296417558697
3577,0.42392289437734287,0.51420282244432014,0.47545661882851109,0.26073651754450711
3578,0.73059951836677506,0.38535514051221548,0.47918429333347817,0.26007001751462938
3579,0.042642843937606083,0.68051003454468451,0.46532982243255588,0.25924016187245885
3580,0.84581802399057193,0.31107762828309787,0.47943637684583645,0.25911180974945502
3581,0.05076060809454648,0.60045531224185833,0.4645155132229622,0.25829230188247282
3582,0.59645972862952623,0.60565715944390974,0.48095453934194088,0.26320339239497187
3583,0.68272739585657849,0.54959168730905505,0.48153403073579354,0.26267240999630825
3584,0.28887232673441759,0.77330058373903154,0.47613048764663152,0.26360954806731779
3585,0.24345521739624676,0.98356302147427344,0.47774616613438614,0.26594838103005292
3586,0.06890818190522259,0.65059882553144133,0.466051901757911,0.25922965166591178
3587,0.49496640671159842,0.82977388006021513,0.48282474273650033,0.26623392779129884
3588,0.59308760933111193,0.22550366639884889,0.47381733562499889,0.25695081137876069
3589,0.45191582589038881,0.54488944707856291,0.47667672376968173,0.26139736117042145
3590,0.47420800143483793,0.65040458716800198,0.47909294087274745,0.2632152595098029
3591,0.29680608807652026,0.84178391059894342,0.47753036569579488,0.2647197621716556
3592,0.04617854291558033,0.7319465024378965,0.46624893756053315,0.25998415073744674
3593,0.91071700865275929,0.74837459880799295,0.48915497765568988,0.26701785992906768
3594,0.47174782746607669,0.24515284802470125,0.47179623729382442,0.25678500102539376
3595,0.67576946595368215,0.62243301009951402,0.4828006483019488,0.26387009637942022
3596,0.16503936807174469,0.48534573887590088,0.46730710501055867,0.25814582458712176
3597,0.62537212813872622,0.26634631273444975,0.4751517597163496,0.25772967573051642
3598,0.6261430200819974,0.029711607552261557,0.47074909284895328,0.25385411231690519
3599,0.44687382062488473,0.92978740582742037,0.48316517333756787,0.26726405993958124
3600,0.14664023152500158,0.44908835647088707,0.46607975057930756,0.2574402055314528
3601,0.58848110316050006,0.53267559190733593,0.47943417299989105,0.26196081103645658
3602,0.091215000110596883,0.49344748607069489,0.46463116453599945,0.25740072924840823
3603,0.73311437382687594,0.296764715974906,0.47750939936925141,0.2585731858153491
3604,0.99095499872587389,0.015662363538111096,0.47520148905715182,0.2541247417748897
3605,0.2150170419959235,0.37702519244203575,0.46728704473888755,0.25709674394225074
3606,0.40884880673511653,0.87842604595426244,0.48145370730827242,0.26631761530604936
3607,0.70943175113698242,0.72622530619007308,0.48541064652505211,0.26578737074339392
3608,0.13166162459099434,0.82203572606852982,0.47128960131846731,0.26247789265313026
3609,0.50791365323072535,0.68384977971148919,0.48048590307123795,0.26397001249013302
3610,0.68906316515890653,0.20793590927162442,0.47511128487962556,0.25695427855547981
3611,0.59114508424395473,0.3863623560110922,0.47676518956743213,0.25957143268126304
3612,0.28833464078622639,0.34299025327853161,0.46895145305693992,0.2571983869467116
3613,0.27767088718978922,0.39722081774721157,0.46953833523222727,0.25791572297213816
3614,0.6512545490438002,0.3388006673461641,0.47696732592278734,0.25901842891645643
3615,0.51530867317005757,0.91827225770734955,0.4846968825757153,0.26762346369833734
3616,0.43515772125778024,0.050221345430996739,0.46759690421648131,0.25360499531817959
3617,0.69673680479101607,0.38790006021688461,0.47867825756366361,0.25999966652248557
3618,0.58839745992679382,0.13122416007925058,0.47199243062254742,0.25540417041376801
3619,0.11607240982310614,0.55575607868878873,0.4665633442042616,0.25856370859956079
3620,0.5562919421422412,0.36333355340469864,0.47566429301643776,0.25904698634228529
3621,0.57353171239282241,0.92596778240833666,0.48608589739507868,0.26806897057368856
3622,0.54056985535471469,0.92020644935934104,0.48529771036155211,0.267808422918213
3623,0.81273222153378888,0.57021258411571618,0.48410288245198735,0.26352891497364006
3624,0.77280317702578616,0.56848097468846248,0.48343486053362006,0.26335382702276827
3625,0.3972841858655331,0.855548294004018,0.48074809256382678,0.2658719460887311
3626,0.49750206522870577,0.53179561176736612,0.47749547218687988,0.26146372203396201
3627,0.76738759888903008,0.45180256125851304,0.48106256250974605,0.26132620007768359
3628,0.90597036981879508,0.072637585778057109,0.4754224751662009,0.25504968513136927
3629,0.39583663964612648,0.20285784476801055,0.46936330127620646,0.25576414341846432
3630,0.5286347118631588,0.85927803012653026,0.48415241667648401,0.26694053676489393
3631,0.90708695522564231,0.61634386601968438,0.48642996317086939,0.26465787826863002
3632,0.50852447052429206,0.28164479696470079,0.47321731370369829,0.25752598428953066
3633,0.80025480579071451,0.35267739433542594,0.47961475058461872,0.25971779857879729
3634,0.041812696660135408,0.37037760451539653,0.46076747825350151,0.25512168264095642
3635,0.53407029129335426,0.083918969286710499,0.47014898116432607,0.25447749964690208
3636,0.011662519880954642,0.39192652642509201,0.4597516431443972,0.254987066702485
3637,0.94395126680132246,0.22069525911022211,0.478869931095255,0.25771603469812099
3638,0.7970549563672743,0.78370001184559668,0.48806732146976506,0.26718021083180382
3639,0.93958047844100512,0.84516177747201882,0.49145347762415198,0.26877899359872687
3640,0.68000112762952925,0.27715563300350915,0.4762837622233802,0.25808545346648676
3641,0.80921680822024356,0.54942529786200034,0.4836368278675589,0.26315509699907319
3642,0.64831672558920694,0.84855957704911711,0.48655601583822994,0.26751986620798385
3643,0.37507741809553702,0.77124458245028504,0.47866151220201841,0.26437022309081804
3644,0.37812593101527309,0.57038287008180055,0.47526666026995101,0.26129130072815882
3645,0.53236828110854839,0.6947926546164207,0.48124034621857747,0.26430058011011198
3646,0.59195786597285194,0.54447604209842393,0.47972322579693255,0.26217203319851579
3647,0.1344670728261699,0.72117242977464346,0.46983485165347438,0.26109842250181231
3648,0.039548362416599411,0.8765565141979722,0.46807673835683955,0.26182017025023807
3649,0.25409725926968968,0.99005959326765747,0.47815909877368823,0.26611473641782207
3650,0.32778788243763851,0.7282883159051301,0.47656218281588131,0.26329739124140089
3651,0.42181407052959546,0.87682022556177108,0.48177788886359008,0.26640182826632169
3652,0.3348398417591234,0.27290744413832441,0.46904966163048978,0.2564753267516347
3653,0.20493045122487238,0.60628502921046468,0.47062201367870787,0.26029230168945044
3654,0.039765368137008046,0.9540680195248803,0.4692141096783356,0.26285214686920727
3655,0.73881608333716864,0.26514468276338882,0.47698521928575183,0.258052474204294
3656,0.30637952718137529,0.18513989964026259,0.46683692268391419,0.25499499230427469
3657,0.73479398276099239,0.63360005354339965,0.48406900319319301,0.26432074342464479
3658,0.77843654070763157,0.83088734626203087,0.48866362279703351,0.26790342505872561
3659,0.040845759227464445,0.22297042143027065,0.45860448522105129,0.25318750829967773
3660,0.97816182202204371,0.68663633604248753,0.48885038352871302,0.26614179442894859
3661,0.60174000530397753,0.75961564322704223,0.48394029434831021,0.26577979335531016
3662,0.98116182395318763,0.86182150457658568,0.49228909454343056,0.26914721732132091
3663,0.77016531720784265,0.82589507175831833,0.48842730238085447,0.26778271747040888
3664,0.93634057206587173,0.11667277346433839,0.47666501280900653,0.25586217373178738
3665,0.33734501123292138,0.34754512231425616,0.47037393930313037,0.25761121031130718
3666,0.27479858223310438,0.24438926750951215,0.46694630126713249,0.2556549639039562
3667,0.42615008338798072,0.5477462215446286,0.47610171622892838,0.2612756420559823
3668,0.306985365550837,0.89703913002059565,0.4787658145755746,0.26564424450474389
3669,0.61171568601020843,0.60664097697167896,0.48127786627529434,0.26329747165373169
3670,0.38046616460423682,0.67848906994258285,0.47720207999887454,0.26297857603972424
3671,0.40992857793784937,0.46558457577800144,0.47425979669237633,0.25988940846906095
3672,0.87881102925735766,0.88312733642297103,0.49110000040063462,0.26904883391096263
3673,0.77947871857633588,0.17839932072075318,0.47589454592334679,0.2566728259105282
3674,0.4112545179594192,0.98783337288714246,0.48278750612476373,0.26750525125734875
3675,0.10560843562589725,0.56831298208370573,0.46634008395776794,0.25860521489033594
3676,0.91409949671350188,0.51979709194960311,0.48457134322468232,0.2629638984741865
3677,0.21950014080210822,0.39531013165946355,0.46772349557096626,0.25739888753209528
3678,0.027928466014435983,0.43222015956669352,0.46105588235824507,0.25574147367395711
3679,0.66689297128106706,0.073691403784381687,0.47221736371619977,0.25466776674860769
3680,0.78284917569420076,0.81845546281629944,0.48850611978335073,0.26771690670467979
3681,0.11339822093398544,0.7560847801851458,0.46952545911851723,0.2613038757388072
3682,0.62593075335983883,0.32617648961293744,0.47628308853938095,0.25871815717517443
3683,0.506562245845527,0.43111411640770969,0.47587463754237574,0.25990181668357759
3684,0.8384456544262241,0.69645778913596879,0.4870120891933552,0.26582892228732774
3685,0.030906419330846983,0.024404407572827771,0.4553845632084223,0.25052657833274294
3686,0.022914659059548283,0.38846378474953819,0.46020590312888915,0.25510138902472596
3687,0.32637939684324668,0.74677868858709706,0.47683459095182751,0.26356585927868575
3688,0.40739447675730339,0.58715442388221861,0.47632161921411109,0.26176246563040423
3689,0.81453146544113986,0.4874580673901015,0.48249114930225429,0.26209563382236745
3690,0.056082658314413864,0.95601767966436457,0.47000872204914934,0.26315148227236429
3691,0.98080383739088428,0.82754599491794356,0.49173780545707213,0.2686571888590164
3692,0.39799777228987077,0.13148608916635859,0.46818601907202895,0.25468758519715246
3693,0.65253472853273864,0.87884641599891478,0.48712351143481036,0.26797679463089424
3694,0.034009000264119828,0.71875409008836144,0.46549401505801691,0.25961462940848229
3695,0.05382067919281544,0.24651846138132971,0.45947555413020519,0.25364992063530817
3696,0.10281653093817877,0.82009869660428958,0.47006550632324556,0.26204315058448319
3697,0.35863338880537776,0.62179427496256545,0.47562485998761611,0.2619322624871584
3698,0.52531145926591705,0.075505946251505515,0.46983407922189752,0.25431612767605422
3699,0.23232305854143342,0.17248066579553997,0.46455491324949705,0.25431478019909448
3700,0.52969499406950782,0.27834785692902514,0.47358526645120097,0.25756401668529288
3701,0.48587052929071944,0.5061922605791711,0.4767726748821437,0.26098800021731372
3702,0.56043097832590572,0.86241983166992442,0.4849302220744825,0.26719934849857818
3703,0.714377914485673,0.94996250679051741,0.48907473843544269,0.26900961093652631
3704,0.52426135883479141,0.1239148118623416,0.47068582726086095,0.25508031991786428
3705,0.015320369029825089,0.71487855234803865,0.46455481860886538,0.25925783519670131
3706,0.50718284992804985,0.49225207411703886,0.47699444765837745,0.26088436418766592
3707,0.47495486995218095,0.57853423193885245,0.47782117417896064,0.26207497214056535
3708,0.30887968808334554,0.61453560255788042,0.4740784628114898,0.26140946218776406
3709,0.3916163269099896,0.20309500277651241,0.46926844502987342,0.25574603530011181
3710,0.81082654360871531,0.25878861627058364,0.47791403796052295,0.25812312681335764
3711,0.04398310802291381,0.63807670751708789,0.46476680465798753,0.25869403507624028
3712,0.26583033097825248,0.39242391907899876,0.4691092188936587,0.25775071343963513
3713,0.81845487082129109,0.39859006438689543,0.48078846044092072,0.26056348096839649
3714,0.55757348954697372,0.037489876348560207,0.46973412845418511,0.25380747921337904
3715,0.34128973594022682,0.73831814783796446,0.47712964404154307,0.26357075844429362
3716,0.38275137898802064,0.078051175617624535,0.4669239564420275,0.25380784466256584
3717,0.37668278861123838,0.20069462037055055,0.46887249749528392,0.25563111166205293
3718,0.36774891808874677,0.58756082348929484,0.47528511198665147,0.26147781632791223
3719,0.43877118510495638,0.32420579764406426,0.47246656345078275,0.25785923800502825
3720,0.36873519272737904,0.24059501906096703,0.46936023791263798,0.25619151649401833
3721,0.99189547509873521,0.61880661755522015,0.48763716000310603,0.26495939909744293
3722,0.032248831706389321,0.82578958157441817,0.46698149451836679,0.26101514128232789
3723,0.16409002678144025,0.89123283407305132,0.47366376856655895,0.26389858696725582
3724,0.83559386134798408,0.1442927466005669,0.47598435477098233,0.25619446961745773
3725,0.88515681364458287,0.56471280555179104,0.48507376463731977,0.26367335230447192
3726,0.6463785076206201,0.58198859863242836,0.48148313537480347,0.26305487459886123
3727,0.32375723659485817,0.68153327001488073,0.47564940068617384,0.26255143248168356
3728,0.57119558878884424,0.19604489479883341,0.47287600214629327,0.25639764586886044
3729,0.023102835760649761,0.022691251224291047,0.45504478022460526,0.25041903658891057
3730,0.8388851660524379,0.9660608801943833,0.49126425847056271,0.26962752474935087
3731,0.52654870360494832,0.80355352329054153,0.48309723956306999,0.26603016163828458
3732,0.014493241800053512,0.83534095637957806,0.46626208154267418,0.26083654392267391
3733,0.58141725346544992,0.50710061871950751,0.47881784990596404,0.26150647386729031
3734,0.066560063084086879,0.77070909815338673,0.46774406730921836,0.26082385946103109
3735,0.030444535446201917,0.055689433306723365,0.45580499080127451,0.25091869940992256
3736,0.77177359717710647,0.20334669994077412,0.47627204328767392,0.25708206453878374
3737,0.096542948452627758,0.45974353211174024,0.46433771356734044,0.25700923634991529
3738,0.21673172563215487,0.029215064734185579,0.46182920582050668,0.25218174415486039
3739,0.044460117470065598,0.085606715982186152,0.45679071218421619,0.25145598579613232
3740,0.75517715081527126,0.062458948758791669,0.47330011809500161,0.25465501528493528
3741,0.26656078816977097,0.68015460481970802,0.47387124121396451,0.26199957692297637
3742,0.61636899171922133,0.56510215327519697,0.48058974402476651,0.26263166246321396
3743,0.69812123648090063,0.44824052035341744,0.47985969596420303,0.2610228349551007
3744,0.20790604642537655,0.82282604746719601,0.47421247670652128,0.26346247472108669
3745,0.20977537408267383,0.59311883465194848,0.47057679691754634,0.26015315370546599
3746,0.62232104997109861,0.71597659144162906,0.4835440329983986,0.26517012245298238
3747,0.64049166437570249,0.068670214001659777,0.47170601155513692,0.25452429726893905
3748,0.79795478502212791,0.18528032429729357,0.47628739936037112,0.2568293476189813
3749,0.60276127244118838,0.19780466633747565,0.47347636664484427,0.25653135602162158
3750,0.28151748373812302,0.5771736441972084,0.47263145249220573,0.26061026391423875
3751,0.32510300468167991,0.99043751772240507,0.48039506905578772,0.26680860321904215
3752,0.91001728529640247,0.52997552167788387,0.48472157063415172,0.26313296773394163
3753,0.33112161758312725,0.034135575207613872,0.46496427107638294,0.25290826322401055
3754,0.22458607546767453,0.33467577985908137,0.46691288027743011,0.256573004034295
3755,0.78578474904807527,0.21499628794364398,0.47669981158209135,0.25731288062645674
3756,0.025544457685563248,0.53830350709607588,0.46247863112605037,0.25709601133923338
3757,0.90780011962697615,0.60914800290471183,0.48629440919372946,0.26453233574099166
3758,0.95675178869076771,0.087256800765509249,0.47629761307139096,0.2553656331003053
3759,0.17633746529201744,0.72031649275735254,0.47142024150163009,0.26160789623312225
3760,0.035337526784988589,0.54327282863269799,0.46299279119456693,0.2573067207570558
3761,0.62543085317666414,0.89563304440426883,0.48681128008288194,0.26803733315078498
3762,0.28136772868639093,0.9427498546759715,0.47857233493364659,0.26595056626975955
3763,0.19564190557805122,0.8152812213851488,0.47364578723538231,0.26320616994119023
3764,0.07509777371558593,0.71200272192064451,0.4672390297903169,0.26015295631540991
3765,0.46573912208847473,0.5486351063868613,0.47707035924781344,0.26154286225210993
3766,0.15884648591581499,0.41269233032175107,0.46595403347488057,0.25706187560320332
3767,0.44911270543435822,0.88529785473354872,0.48262868500441314,0.2667403829842982
3768,0.4091550646853051,0.2718076904916088,0.4708666176145383,0.25689022596812255
3769,0.15847451769049511,0.73935954587525932,0.47105043579367295,0.26166101333542019
3770,0.98034108588203095,0.32179754793705656,0.48137347532250657,0.25958443175378332
3771,0.69417117061136524,0.60269981789273441,0.4827572348277025,0.26361940792968336
3772,0.00091708052085014071,0.4170916750639328,0.45961607740662958,0.25515369723948361
3773,0.39922147670901614,0.48183859225915515,0.47427607182630899,0.26007165112785074
3774,0.27068032173988177,0.56875968130264665,0.47215899348310508,0.26038813756454132
3775,0.29284989912017484,0.36346041151081443,0.46941870243236744,0.25753416298462367
3776,0.46932544222126016,0.26468645687656245,0.47209131493961398,0.25708051265400089
3777,0.52173469106807613,0.4729384257187485,0.47695811702352164,0.26065166183345412
3778,0.22547197259716922,0.93494651158371711,0.47659189748234937,0.26525290458258255
3779,0.47236803541659611,0.41864581600102829,0.47490016640123722,0.25952246824471886
3780,0.0079786035602795891,0.16599835949979025,0.4564077464966308,0.25204985519191125
3781,0.913546926495724,0.072506935630075181,0.47550804798693497,0.25505638355721416
3782,0.72252498352219119,0.19021135438949568,0.47529100312428368,0.2567432197292161
3783,0.25535588901542361,0.78975410455832029,0.47531601197769835,0.26351023838176485
3784,0.47134016909486381,0.014817858112847899,0.46771642055837914,0.25318885704588456
3785,0.33047453828464496,0.26700006784586006,0.4688363397336775,0.25635948229105465
3786,0.58694513508892854,0.09037587758410956,0.47121515523518259,0.25473905074312497
3787,0.58407834738061071,0.47077572801822098,0.47819627634857276,0.26092352528952678
3788,0.96084390647556872,0.30207230088232317,0.48073486510969299,0.2591948840588123
3789,0.056451298612088432,0.081736342804890602,0.4572073667498302,0.2515352065888663
3790,0.30532046201442137,0.23455296231628164,0.46762696480307508,0.25571667482267557
3791,0.26613026587002681,0.61411087688567345,0.47276606471164911,0.26101706457922319
3792,0.0052822737218928524,0.5023621677948511,0.46102813378726176,0.25631939955723976
3793,0.94862600842759714,0.15984161020662868,0.47768475042345759,0.25664290838696069
3794,0.29670154347744537,0.3339102620625985,0.46903751777519542,0.25712546091426708
3795,0.32857673509001034,0.56229344872214138,0.47376748949452363,0.26078594227581092
3796,0.43176471473939021,0.9193229495447246,0.48265125506459899,0.26703432823654921
3797,0.99128062717340659,0.7316273787265295,0.48995316688725926,0.26699548524902078
3798,0.19913714224282886,0.93552101525705078,0.47565046758562274,0.26494502511058338
3799,0.14413200028598075,0.54518642849716126,0.46747540060259091,0.25875260625028607
3800,0.076793424599093857,0.84188788458263741,0.46926857663407773,0.26195311829818274
3801,0.61376477058980383,0.024964487629185898,0.47046016195598378,0.25374843981151884
3802,0.037676005332369825,0.8277689532244229,0.46726790923382988,0.26113273012255983
3803,0.58709513267091251,0.52936602949759692,0.47934494228919139,0.26189962194197824
3804,0.77902348533488119,0.015930148694722448,0.47272110852599647,0.25390474159154208
3805,0.93213347202386942,0.45930554810086038,0.48358405508380514,0.26193626840561179
3806,0.31958387159380364,0.68249393809830072,0.47554239216907029,0.26252909435213617
3807,0.88594867070839978,0.3799293087415514,0.48136139307978298,0.2604147351025336
3808,0.071978165594290489,0.13038921244192173,0.45850868768583525,0.25233250805919077
3809,0.47007144192740091,0.47052352075922538,0.47577493747752081,0.26033077225426021
3810,0.9776274115144159,0.33727618924445707,0.48165933616417322,0.25985687204311864
3811,0.99416273681832257,0.69363767875941706,0.48920954185992332,0.26631812544617323
3812,0.36183690243483291,0.75927486027142732,0.47808082453221101,0.26407190902538641
3813,0.18227758787689965,0.036533430513122585,0.46090694270465293,0.25204381285302446
3814,0.67645737886241408,0.94244363487396621,0.48831535546108101,0.26877167123480894
3815,0.89347305339704042,0.32252268320965816,0.48030414520220588,0.25942083459126958
3816,0.39593487694886281,0.758325843247457,0.47901204838540684,0.26434286768522625
3817,0.40564270593341206,0.010953462053660769,0.46628901889477614,0.25289141754624733
3818,0.85386387606147907,0.7578057254990912,0.48847797046535496,0.26696678789364048
3819,0.80886960437662203,0.92565098050112149,0.49046835825725327,0.26920780073799089
3820,0.27583327735090862,0.34862125011793105,0.46868477949192949,0.25718720850419174
3821,0.13194558493612568,0.69813646261015683,0.46937816839986646,0.26074296767840488
3822,0.79887620379276347,0.37875360629368809,0.48010853034039047,0.26016439037634498
3823,0.26366133139979792,0.12479337569385535,0.46468934605295326,0.25384644710871873
3824,0.02834467584170634,0.56857883054645497,0.46304436973347951,0.25753634078474957
3825,0.7070761911067297,0.29465066023789116,0.47705784879158647,0.2584613310286879
3826,0.14693697369225556,0.39351417495101926,0.46523208690098639,0.25667085285296432
3827,0.21157222155694619,0.23744173891631654,0.46495701048618066,0.25507890416126272
3828,0.25131963509804339,0.59733164675225281,0.47201930037005502,0.2606290340848047
3829,0.9657650511023006,0.55557601040840376,0.48599440476805528,0.26374737819680355
3830,0.14358197799291231,0.44427210893071029,0.46589368932387215,0.25733993001874528
3831,0.69625731926626766,0.18440378016986653,0.4747756501706577,0.25657967595408776
3832,0.90140278048379119,0.12518200359694892,0.47642621133015683,0.25596510897510527
3833,0.57969084715578933,0.19186858206327306,0.47295417206182999,0.25635894861468994
3834,0.97396244938703025,0.9425320809324621,0.49303745665315679,0.26990747558679479
3835,0.14153049435602735,0.91242104782600653,0.47309681165949352,0.26388917405441908
3836,0.27493957909253663,0.12745278171942337,0.4650437792697803,0.25395671814865678
3837,0.87593230436100855,0.12786209565427853,0.47616953248967409,0.25597463522124786
3838,0.0073480489923967978,0.71627555320021929,0.46418982210377668,0.25914214772231203
3839,0.84777673055595948,0.2538775071858545,0.47832303912046426,0.25811974406706717
3840,0.71626065147690243,0.23917043458988194,0.4761366004346928,0.25755235288356809
3841,0.2683224524460151,0.83025987105515087,0.47641612793063037,0.26425060327858946
3842,0.72374284802995392,0.16211569898816525,0.47476890532888455,0.25627278189697994
3843,0.99060162156735321,0.82143839735951041,0.49176145917713571,0.2685916313136712
3844,0.59419384779470286,0.012083383413462436,0.46989935142452405,0.25349388300432824
3845,0.34367867521072037,0.46309328896602386,0.47250245910489969,0.25939963265570054
3846,0.40213233627955197,0.5522762840755866,0.47557748009649359,0.26118317654482848
3847,0.16398340203383704,0.72847213558709489,0.47108796164113681,0.26157456218795649
3848,0.86475497012723934,0.35914008767198541,0.48065628357125462,0.25999747806583384
3849,0.59691861285892078,0.028980272881092971,0.47025560497431756,0.25377324860406641
3850,0.92090229294366444,0.62216232937559246,0.48674345912323996,0.26480556193597232
3851,0.85741155161446669,0.10807817163142609,0.47554401986096689,0.25560230499829834
3852,0.49707739919823363,0.24626224706318464,0.47234625013109022,0.25691460206202327
3853,0.78255847214931862,0.42050900717474293,0.48068447222250915,0.26083634663163519
3854,0.72902902740672004,0.39150084882866359,0.47927799261121745,0.2601693616809071
3855,0.25857189710900419,0.49721382751191273,0.47060642543421505,0.25922557227244819
3856,0.34598819446839629,0.89838702040716312,0.47997728772832216,0.26604132600067304
3857,0.22157064494868975,0.14710664801002712,0.46383120958852342,0.25387595852977196
3858,0.22344740055877482,0.42522292315013477,0.46833026596411764,0.25786458942947033
3859,0.072532171676948212,0.60431637265818428,0.4655167479775672,0.25865489966957678
3860,0.55135898084066581,0.78423852047036635,0.48330782944751033,0.26587822537435779
3861,0.26953423533999593,0.23879136883396423,0.46670547897688047,0.25553636795757378
3862,0.86207542762443201,0.91254942662172256,0.49117725351035157,0.26929234167406241
3863,0.80257071640639344,0.48720890048771398,0.48230447043862035,0.26205273158982234
3864,0.12881943289191694,0.2762165918022278,0.46278529972504484,0.25486945597024052
3865,0.49527369678601391,0.28547940087429019,0.47301213786343238,0.25752783530597256
3866,0.18546956133194034,0.17647928366925336,0.46317537361323652,0.25400949355095104
3867,0.87180956652917663,0.24097298004644691,0.47838236905621045,0.25794373394093362
3868,0.64692628970044896,0.071876984801574145,0.4718689429601145,0.25459210180102371
3869,0.70105849483018978,0.77598323801028313,0.4862140885350611,0.26659287945109317
3870,0.15524450529996539,0.40037102700750116,0.46563500348801207,0.25685267728161337
3871,0.49715878422606041,0.22778730572917266,0.47201682188100214,0.25662259863592018
3872,0.7242330850756844,0.41419497989426601,0.4796391865009374,0.26053894951425866
3873,0.39880757642717801,0.65980689009608473,0.47736836523124493,0.26283072876109792
3874,0.64111261932441266,0.54637888404965629,0.48071000603031455,0.2624358623653501
3875,0.45069565850096993,0.96582719861645017,0.48362185689825571,0.26762791223971122
3876,0.013176462584955152,0.84695823923723079,0.46636604281499033,0.26096731557882558
3877,0.34552742047434443,0.86218893628868976,0.47937521256100474,0.2655079032554809
3878,0.25342866437713385,0.25053757286757461,0.4664312273931131,0.25559013033399147
3879,0.051696325313032143,0.30060014749258995,0.46017185116283227,0.25433277488775285
3880,0.38102137570603517,0.78393195943798644,0.47904774956733509,0.26461737600876317
3881,0.80006529301864793,0.5086478574101464,0.48268930422504985,0.2624160853448595
3882,0.99855527157142066,0.14086580969189527,0.47785579418546509,0.25636847048109002
3883,0.65062939851350388,0.86649716029082202,0.4868990112216921,0.2677982590667693
3884,0.98154139901358872,0.9714889113301528,0.4933353250492421,0.27012022200998553
3885,0.156044074680598,0.26038846386099468,0.4635000124170609,0.25491687587477374
3886,0.36860003592985452,0.84143663471016339,0.47969295379678961,0.26540031356071264
3887,0.10781821408647811,0.53685854754323381,0.46595017063170113,0.25820128388375979
3888,0.87857111119927145,0.59444345456984593,0.48557714797797036,0.26417740998763822
3889,0.58416404971958846,0.98110438705942371,0.48679265921998388,0.26858402733039366
3890,0.1248910140468157,0.65862547161859697,0.46848912630582845,0.26010056551874894
3891,0.10604279102444417,0.95888944557333611,0.47226725301607292,0.26396722390717192
3892,0.6645388484118856,0.41743845396930118,0.47869052499727821,0.26037895363987928
3893,0.88005048528685004,0.020660786883637774,0.47407609754940838,0.25411264923949706
3894,0.5344057051699026,0.72675289344341731,0.48187137134076874,0.26483280246735103
3895,0.29878672728569944,0.35013648471796188,0.4693653462556121,0.25738070973871807
3896,0.89754560377072778,0.58979991034817647,0.48575711872379929,0.26415641009995544
3897,0.38397223519318507,0.99639482804142177,0.48211930658088004,0.267352657299395
3898,0.86863651095811512,0.36945245887044587,0.48091606888268951,0.26018790197883934
3899,0.80551238727994501,0.70545024963350733,0.48666350064767594,0.26585515775841856
3900,0.14751738617530794,0.08654326133519645,0.46055550096687686,0.25245682095434602
3901,0.48561385574197635,0.24163970456604147,0.47202598162079434,0.25679168437751426
3902,0.19555971228530397,0.83770294545177604,0.47400275369737427,0.26352980092678513
3903,0.39363765419867125,0.022339635779114905,0.4662203493273725,0.25301506894952513
3904,0.60819974965333246,0.85377069924919635,0.48582083051226205,0.26736679119713064
3905,0.88632596398544272,0.4111568376382464,0.48199562051704653,0.26096598853300429
3906,0.082138289254705898,0.96960306310273014,0.47135812671130684,0.26372417555751981
3907,0.77180017983556026,0.046059592763695402,0.47320996809676691,0.25440503459071073
3908,0.28595356671997579,0.070668097999703611,0.46441636808360326,0.25320059118798532
3909,0.85017696662606912,0.5441651348369313,0.48415212256006812,0.26320028297842313
3910,0.22007186118258398,0.15776790984669933,0.46395512641999664,0.25401588482272425
3911,0.64474628252916744,0.99973921016504763,0.48812918176976988,0.26901771273769404
3912,0.089144615509465799,0.85840425114088004,0.47006212642669859,0.26236985679539093
3913,0.069798456795339012,0.61199744837571635,0.46551453064520992,0.2587204110722488
3914,0.36428413455762204,0.66208018134917368,0.47647432405404799,0.26259602747220895
3915,0.57972281383295776,0.39226678203478227,0.47665560824139669,0.25961940047172044
3916,0.20079931902178796,0.1326926435830188,0.46297306068214789,0.25351828961512912
3917,0.013784057981462684,0.62860963381953772,0.46323589795294162,0.2580983385261596
3918,0.32605543640240797,0.92005869573544485,0.47968582824833861,0.26613171067930275
3919,0.37009442594897707,0.17010753751349403,0.46819306038579195,0.25513393309763305
3920,0.54743889540386148,0.69068956545850957,0.48149893561280199,0.26432554982411777
3921,0.38135429153548323,0.13985064585484797,0.46794470622908818,0.25473427264351395
3922,0.25908245526611573,0.035875264232570772,0.46313126581132014,0.25254217337487056
3923,0.40977894252279073,0.53641570156324891,0.47549437713306325,0.26098912972973476
3924,0.12097211261451013,0.051518068742996553,0.45913020989176362,0.25175791906519868
3925,0.36501094437163556,0.67541891926004316,0.47672437522617661,0.26280712664207151
3926,0.95172998363267403,0.67496777021923338,0.48824937138296831,0.26584791797967383
3927,0.68346543385543623,0.71312639237366393,0.4846785345834887,0.26543877664176163
3928,0.81828385798739034,0.45509998159141979,0.48190608529491363,0.26154482761806014
3929,0.61694974235765399,0.92987830742002708,0.48703449001193611,0.26835430553387335
3930,0.07511101857462199,0.88200092284489662,0.46979896841402302,0.26247686879337606
3931,0.71508136370476572,0.40756492425227775,0.47936102200436576,0.26039520397290539
3932,0.17443725450992351,0.94266484636157988,0.47481931070449818,0.26472109843480496
3933,0.37249180979352675,0.40985753058480334,0.47235199948261353,0.25878871410618925
3934,0.33394349478691587,0.85298894132409486,0.47887030021633242,0.26525666557489447
3935,0.82852650878621503,0.7515149987566635,0.48794923749354702,0.26675349240153212
3936,0.41237638163316298,0.78676104413265135,0.47995329339278792,0.26492053708118046
3937,0.6897816742024967,0.47596986531174046,0.48024831504395593,0.26145923980796365
3938,0.54025872788626006,0.59909914449526702,0.47966036931787986,0.262792594816873
3939,0.30950255871516419,0.12114267434288049,0.46586089540687059,0.25407261309118817
3940,0.37445545757507209,0.51456575433177643,0.4742056298887955,0.26040611612145859
3941,0.25571243781087694,0.38435622862834717,0.46867352322532269,0.25755051391421063
3942,0.54725162770369795,0.24817098760207884,0.47337986555835715,0.25715044729054604
3943,0.83505445269601197,0.87891129488007869,0.49036593411739693,0.26883072285215953
3944,0.027094946010981225,0.0022489115377073176,0.45492133582307781,0.25020481380112825
3945,0.10387799119550037,0.95118079328342575,0.47207630823174812,0.26384456024695407
3946,0.954615530163201,0.082382997838209848,0.47617454657762204,0.25527692176864752
3947,0.463273225804267,0.10904404558941024,0.46921143556444478,0.25462265217619051
3948,0.96114986452615125,0.69809587684069996,0.48885265056388055,0.26629350339210217
3949,0.69484547657690721,0.6569425979666994,0.48381127049408401,0.2645415170849974
3950,0.079444723685982169,0.12991680333918196,0.45878594928816557,0.25240403422758573
3951,0.40549980295816207,0.033540519954205962,0.46667288118032041,0.25323308307646314
3952,0.47340158357910117,0.075151494010689199,0.46882030855466028,0.25413352227970887
3953,0.96853309698324885,0.017872968005586881,0.47501095035596769,0.25414674342973415
3954,0.55322850454655714,0.54658985395677151,0.47897136342874791,0.26200931561169893
3955,0.80369307014195956,0.21305988245384072,0.47691315608708768,0.25731897195854553
3956,0.38573263838529825,0.17533472663977884,0.46865392155064622,0.25529376874990034
3957,0.73497326250880723,0.66886424032835068,0.4847568087233971,0.26492508999791942
3958,0.034255581607285424,0.91714605048649245,0.46842272670706603,0.26227532820651434
3959,0.40147954565848926,0.97310972413067942,0.48241018109477352,0.26731734120716322
3960,0.47532492855923486,0.57769459098334186,0.47781475285383451,0.26206390598876816
3961,0.8035206470449805,0.71908232022958118,0.48690019327969747,0.26608417882462254
3962,0.30210258741775764,0.10275491777373245,0.4653656027577015,0.25376067455880197
3963,0.013542543497832958,0.31907482310436897,0.45880297491686778,0.25407552065555272
3964,0.087892652669886592,0.74380961100010901,0.46826929285171237,0.26077390994096905
3965,0.78159543522348407,0.31447791674580661,0.47858905423499393,0.25900943751030436
3966,0.81881068827667047,0.75907839500406993,0.48794160208412479,0.26684522584027931
3967,0.69192269656799044,0.49022725581793347,0.48055883552702205,0.26170820324796984
3968,0.81484803695984886,0.2108324719533208,0.47702309678233323,0.25730426702440662
3969,0.18331438078408829,0.18874795186837437,0.46329721560324799,0.25416283677555646
3970,0.97831881230830919,0.12282766908708728,0.47726354036092467,0.25602246153736619
3971,0.78894151512639366,0.099603863688569994,0.47448517448732958,0.25534508840674308
3972,0.91999496188886698,0.20856074968696339,0.47833505353465378,0.25746159348813646
3973,0.6539123069304158,0.58893622746228935,0.4817565036530333,0.26320612329547266
3974,0.71226796839263995,0.77756862776352798,0.48645287171090823,0.26667614342414397
3975,0.23747064278417968,0.73846108540307032,0.47387344302980278,0.26256226253750142
3976,0.84315791268585027,0.16342723521968583,0.47646253841613517,0.25653915797495186
3977,0.24481661153937459,0.009861733588192147,0.46232297805902994,0.25208645551776437
3978,0.032502624524326527,0.94523010802950014,0.4687439848342243,0.26261539757347857
3979,0.32461175081335242,0.92064945860704184,0.47964974883837524,0.2661250272140645
3980,0.31690972603262635,0.94014516455145791,0.47965830623599026,0.26627459497566774
3981,0.58633417224610462,0.91399446377562132,0.4862258017880271,0.26802116000828186
3982,0.34387024961687862,0.37822370380024661,0.47106614793444634,0.25811736177854855
3983,0.93581297783566408,0.73152873901919235,0.4891783362669801,0.26680720486891163
3984,0.79963653981193206,0.14984438124248992,0.47561462778363833,0.25622454198262945
3985,0.91579840531850942,0.6792048853807966,0.4878282145233695,0.26580466362427324
3986,0.47935504014418695,0.41990988037268401,0.47507862594357808,0.25958023651642098
3987,0.59263723959770287,0.17043686184507095,0.47279074449521369,0.256053419297046
3988,0.44219367111100588,0.6116378352108528,0.47762636392814739,0.26238684308890392
3989,0.36363009273392383,0.30644727366318691,0.47035610945519118,0.25715883949235602
3990,0.384653768384771,0.88852462636312712,0.48094290480324309,0.26625376756843788
3991,0.66524619881714464,0.80623415052966452,0.48610682254774579,0.26691686496175687
3992,0.88828608074110238,0.25640879577609016,0.47890503273462115,0.25824682857497411
3993,0.66901862743488749,0.86537569016170457,0.48724371830752294,0.26788262028840365
3994,0.69501315591846369,0.44269878653978234,0.47970034452415117,0.26091774766306502
3995,0.7662220376666985,0.080546467540494632,0.47380350588694786,0.25498074146203131
3996,0.96770219800515334,0.93662146302304472,0.49290764907511547,0.26984522061841859
3997,0.47485918905335717,0.41122108298257226,0.47482318477467594,0.25941845082711901
3998,0.068569636481290219,0.90530547507646264,0.46985470409825164,0.26269152301556625
3999,0.36853652289909078,0.74646006858391922,0.4780490770285909,0.26393151004290649
4000,0.30353788023659728,0.34890584732579305,0.46947779155526825,0.25739685738601237
4001,0.36542610251983859,0.12323280718690949,0.46728591774365491,0.25440449567818108
4002,0.5924123483454693,0.30390706821436764,0.47525808618754339,0.25822749658369287
4003,0.34087352665086512,0.41713526001187279,0.4716461860065978,0.25868425748798557
4004,0.73906197714746236,0.3521715059450013,0.47867571056110364,0.25953222820257932
4005,0.94452253541738029,0.63101654552248077,0.48725234000635642,0.26503779817007195
4006,0.34638918096093696,0.96308324351540076,0.48078150640019124,0.26677215500495843
4007,0.9936807127166889,0.33831682626059045,0.48187208660459668,0.2599062722172078
4008,0.53055101293720075,0.049983682928967758,0.46947211447872367,0.25392807252260391
4009,0.70919126576093261,0.95058282783970938,0.4889866589777998,0.26899091319127805
4010,0.85222142409783563,0.31131169911500767,0.47952860619394133,0.25913088832039655
4011,0.53705509105381788,0.86400249493791492,0.48442686920303035,0.26706887470458779
4012,0.62440177939079011,0.049183682812529154,0.47108276762241441,0.25416749615999024
4013,0.47437148041309557,0.19503470097471728,0.47096181997666525,0.25601034954504598
4014,0.46020072864623507,0.88332903047563749,0.4828817662122844,0.26679837564574627
4015,0.27629617649813881,0.31694993421185064,0.46817791296847544,0.25672635357768592
4016,0.47025313059199836,0.65680747756654168,0.47911323275556811,0.26329110782675103
4017,0.52449370123796402,0.87281910873610757,0.48428024211038884,0.26711318074596091
4018,0.51443021727268357,0.47241720290101369,0.47679210371912417,0.26060494826414066
4019,0.29850087947392601,0.29268535758381481,0.46840425291264803,0.25652904793099435
4020,0.91199470199664356,0.83475443525676385,0.49087560622647863,0.26852282025556201
4021,0.20568050749647665,0.38789442277118796,0.46715781406253937,0.25716769675318824
4022,0.30285046135698213,0.95815192801806848,0.47942395492391093,0.26632355559389265
4023,0.86741570078508234,0.5833326718957047,0.48519064166392567,0.26394485467709466
4024,0.3594780423827586,0.73742095295061594,0.47763728184505005,0.26371512032452699
4025,0.34539084829433125,0.78384044126576047,0.47802840322284162,0.26430431904865559
4026,0.1050147731531295,0.2730150877609267,0.46186290912738975,0.25457879237031478
4027,0.89568408164606672,0.79876032224228843,0.48994677069209108,0.26785606724525163
4028,0.035756819766492115,0.20765867099842292,0.45817454627759074,0.25292769013685723
4029,0.01582400114926277,0.20778511308269809,0.45733221255646095,0.25268086027889392
4030,0.35038325030592971,0.94735869903705316,0.48073694363732716,0.26665791879908224
4031,0.1152493937124149,0.016962377959711013,0.45841982622371064,0.25124745983661101
4032,0.70294369644081456,0.220142621844064,0.4755635843212761,0.2571963333904036
4033,0.15807787910850021,0.62538987750847597,0.46924614410528048,0.26004225670941594
4034,0.45886467671444409,0.18804137350827224,0.47051114112671522,0.25583415868537085
4035,0.12739659309884302,0.71023984634120718,0.46938523941895549,0.2608530714421935
4036,0.77321750043329085,0.83747895787594606,0.4886921810013457,0.26798488805941523
4037,0.74679894636397948,0.36118168051865651,0.47897199369855292,0.25970935348069979
4038,0.30278573634339268,0.67710631450816294,0.47494809346194078,0.26229656603650953
4039,0.57407244991430784,0.56094903412765129,0.4796680233091748,0.26235253624762894
4040,0.11703077844636282,0.39652356534743449,0.46417592590046475,0.25638776600442137
4041,0.034468187397636942,0.51953187847674132,0.46260890232012497,0.25698077041076739
4042,0.72443062612622744,0.35823419582262872,0.4785607472265162,0.25958973530319129
4043,0.99623669164172612,0.44329755655365299,0.48407004714215635,0.26180266387521456
4044,0.36260078437851045,0.17093919257089729,0.46802617650335554,0.25510681155941439
4045,0.82679419637391116,0.37754720938313985,0.48049171944671226,0.26022090534150633
4046,0.55351360398648541,0.92518470758247429,0.48564171865270478,0.26794054892242297
4047,0.079045417990826539,0.38361968799285823,0.46250285985306944,0.25576889789683155
4048,0.41527484246533131,0.28381330211848255,0.47121817594812665,0.25710790084928398
4049,0.43411153623705034,0.53128009049104297,0.4760066271469594,0.26106968720950646
4050,0.017798732042114716,0.29798310438975456,0.45869191173821655,0.25386215278665714
4051,0.77534763022203701,0.017368222378205976,0.47270026443544078,0.25392380975787276
4052,0.81044950335532195,0.71334983947552977,0.48690008092442971,0.26601289284235036
4053,0.69040068503861551,0.78900569968073397,0.48626336504125389,0.2667594379943401
4054,0.12826181300355821,0.88176070042491195,0.47207904077842244,0.26327080932446639
4055,0.94713359752252002,0.97985939997561511,0.4929239680520221,0.27006931353021696
4056,0.90960371310297639,0.71980122946406477,0.48856044615496735,0.26650550006229673
4057,0.45271125199018286,0.54974795053791026,0.47678208298648228,0.26147908929851454
4058,0.89536887738934023,0.86751166991937212,0.49114150687574426,0.26892153791546813
4059,0.67688414434747546,0.10761116208940512,0.47301364347845087,0.25525230660078541
4060,0.078191420131234923,0.3664903256185702,0.46221489385118136,0.25552927238136658
4061,0.27660024656726745,0.3163810861013015,0.46817732358766156,0.25672027966971278
4062,0.10062313249568688,0.11718419623690425,0.45938380295667641,0.25244703693837611
4063,0.17677952281438047,0.25402847648999888,0.46410007013602306,0.25501759106785282
4064,0.22071284426696366,0.27636158125399379,0.46585989872198147,0.25570661261700978
4065,0.15355645695348505,0.16482741126714973,0.461949288928377,0.25357801677275382
4066,0.3182169742481667,0.00567428872283781,0.46417674959215477,0.25242682196298011
4067,0.60339163882649738,0.92205185601877748,0.48667375340036323,0.26820247642176159
4068,0.47927576211254347,0.67768574052903574,0.47970379477651953,0.26368436124082456
4069,0.28749866955232578,0.2251910574721056,0.46698649038134188,0.25546153300355912
4070,0.88371570032961899,0.56494312366746602,0.48505772796056695,0.26367289738784755
4071,0.05052877227176214,0.70493524371070093,0.46604721396462828,0.25968897007782515
4072,0.26496754739353201,0.48029340774266749,0.47052534114720845,0.25903288586521189
4073,0.65417968462790599,0.54072238512419868,0.48084615154392113,0.26239979269798103
4074,0.94642780761156464,0.59885583850926483,0.48662180222287055,0.26446795044732135
4075,0.63468951480778635,0.0094191543693770662,0.47050810940771903,0.25354194172585692
4076,0.65908190278414402,0.015265436432918068,0.47099759136766534,0.25368817981574437
4077,0.099245464762521454,0.42290663357371233,0.46389029616572491,0.25654162829011762
4078,0.85004824975213278,0.23766678974417738,0.47803034221178942,0.25784226196481358
4079,0.11382320620570099,0.63359643754822903,0.46766437111467707,0.25961048594006153
4080,0.10721939945080085,0.098802747108612671,0.45934955427341456,0.25226507864110237
4081,0.14907462750723352,0.73782706215303628,0.4706652597416271,0.26152077092499304
4082,0.6997594458505163,0.74507136836069399,0.48559544593859799,0.26606089802045829
4083,0.95105165435312089,0.66748794714187965,0.48808716447390865,0.26571164671307496
4084,0.76228207668700498,0.83118721121911665,0.4883871382927793,0.26783241934383389
4085,0.70420694070236067,0.93258934033153351,0.48873955480913328,0.26882003137562049
4086,0.70217533220289052,0.65097163666476265,0.48382924285993439,0.26447373564541155
4087,0.048393828589713674,0.68996566753761146,0.46572969838006295,0.25945525341585723
4088,0.13904851277595154,0.44068121334885951,0.46567197099241214,0.25724046134559325
4089,0.2934284827971016,0.5165423852431007,0.47198028665512343,0.25981088236811051
4090,0.81150462363016562,0.60480376905017763,0.48476868713111387,0.26412653001700059
4091,0.71389701774135461,0.26017145016713766,0.47650349242350448,0.25789991478428315
4092,0.23768583892484896,0.49653277361915682,0.46993836071046396,0.25902700142149937
4093,0.80130950422837632,0.052760637842013965,0.47373315736205929,0.25456487019351781
4094,0.13068955370214536,0.11276862215035363,0.46038172209822592,0.25266703813984959
4095,0.10178934910843382,0.21200759554175894,0.46083245395356626,0.25372479490671113
4096,0.48034992329570236,0.36263589607878827,0.47407561849870694,0.2586782068721436
4097,0.42365981588430007,0.0017348430595709944,0.46651576229456237,0.25282024522470131
4098,0.2289214618133032,0.099930733365716881,0.46330073257237148,0.25326005933586615
4099,0.12174881814654219,0.42042064070898344,0.46471724116097946,0.25676832856299847
4100,0.51749316016124802,0.84777104791280578,0.48368964528668162,0.26668369900139455
4101,0.75930794680678526,0.54039319731692081,0.48266537938632892,0.26282001934885418
4102,0.83936548976724734,0.96595003149287084,0.49127092135609596,0.26962853375831669
4103,0.32839889272503792,0.39602629452013643,0.47095185159539393,0.25827808577624334
4104,0.78955894561373874,0.33512109687073388,0.47911188062985982,0.25938590159179731
4105,0.4775039795977879,0.41039883763691182,0.47486730901794333,0.25941959789501928
4106,0.8180223605779815,0.16312410671015967,0.47612445486969712,0.25648780608245286
4107,0.87913912409372863,0.0058508779121679254,0.47376972431988085,0.25385425057258054
4108,0.11692052900419804,0.21318340249479514,0.46140438559617386,0.25389395534275822
4109,0.5929383440229925,0.041983209755492863,0.47042785859750136,0.25397335013132655
4110,0.78911619981777625,0.44495013640940889,0.48126538313457567,0.26127843106209603
4111,0.79866755392345379,0.84733658085857755,0.48929707547880141,0.26825174339010766
4112,0.083808313233673104,0.60053716942294266,0.46593572298884339,0.25875883465322708
4113,0.83675668982366336,0.15079411119112049,0.47612838333280028,0.25630898386990031
4114,0.71098996500853695,0.95848866567037772,0.48908259475866872,0.26905951784065368
4115,0.65761561614278474,0.30221267225601478,0.47638462231043727,0.25843167446933762
4116,0.83427801466413076,0.85727877955652076,0.49004254654131457,0.26854692087407273
4117,0.60057962941894072,0.71127444291884312,0.48301209133923451,0.26497209093438012
4118,0.37478965910359985,0.2562015791907325,0.46977520620529489,0.25646238352875977
4119,0.50056605194004955,0.59181964802356668,0.47864969854150691,0.26244388749687214
4120,0.85242184848521141,0.61354736735591431,0.48557262021003922,0.26442551849614215
4121,0.030832375860435423,0.043855258498887995,0.45565447016514909,0.25077262731600963
4122,0.084387309014669162,0.92211530152304333,0.47081876104002568,0.26317383676236972
4123,0.17984668573242379,0.22810062108262208,0.46379731416472053,0.25468250313590934
4124,0.6584400140931248,0.00036644883776316419,0.47070827031658297,0.25344208082472924
4125,0.60465765656967418,0.076755797710723717,0.4712668642507491,0.25456668313072528
4126,0.7743678848689306,0.96210660066135467,0.49020313347429922,0.26935468874274654
4127,0.86753781581396472,0.71079266529540763,0.48774917067582574,0.26619177218753309
4128,0.1372603474726784,0.54284330017304749,0.46718079483601149,0.25863986809063405
4129,0.012617533669539261,0.29363178722927119,0.4584023030392157,0.25373640306934075
4130,0.61493592873279701,0.057382264157792087,0.47107976391638018,0.25427807902324062
4131,0.60960140089659254,0.79767844173134084,0.48481741817910518,0.26645772488589209
4132,0.53275388731589779,0.30692404186705824,0.47416557479880317,0.258035205632483
4133,0.25897428965541769,0.37406643869696421,0.46860387705444284,0.25742701463917828
4134,0.10041600088396808,0.90815722849712477,0.471311059220829,0.26323053736034396
4135,0.52325728345009259,0.51111389772734839,0.47768567701233933,0.26127474598370187
4136,0.84171058460838399,0.90010393241903508,0.49072984189501917,0.26909337368460806
4137,0.53365692066870407,0.38381283739459471,0.47558402209273754,0.25927553719139074
4138,0.19354365716675531,0.93872652456356453,0.47548670521098507,0.26491515927670578
4139,0.8635999839861761,0.93818676540554735,0.49143323880839013,0.26951642362745121
4140,0.13779953106903706,0.23174648795718095,0.4624287949791665,0.25435017187760922
4141,0.69899875039559567,0.96873485638682033,0.48894112217686359,0.26907711227591441
4142,0.84758170188044901,0.11606540514518275,0.47557873194107947,0.25572566974198963
4143,0.0029588693009573036,0.46338009112373696,0.46036588856619093,0.25578010426515707
4144,0.28266544275098715,0.14709329311813926,0.46557458111070299,0.25429035874433159
4145,0.58183553516139508,0.75672924471889857,0.48346550123407572,0.26561484031175475
4146,0.69088209399044287,0.77718099577602695,0.48604572800205675,0.26656133621857014
4147,0.041748677948035766,0.21566515012689633,0.45853712680349129,0.25310369576560093
4148,0.10030931119205197,0.65504944669884868,0.46744325538301884,0.25972775652546304
4149,0.28330407720733203,0.87305613588736164,0.47762022254267988,0.26505027371026235
4150,0.79644238744686591,0.80274406866397485,0.48843212138100528,0.26750850644420254
4151,0.93572605126254504,0.65908490494344152,0.48770241151495375,0.26551191710328204
4152,0.78703986401535808,0.66260367526299091,0.48551622628385804,0.26503617128522949
4153,0.49089049724958606,0.68836715780230007,0.48017143002197821,0.26393234308015279
4154,0.93968941636880632,0.10935148954506732,0.47655477316506595,0.25573695462022156
4155,0.38237589872617977,0.063357055410777685,0.46666539830138049,0.25358475232756722
4156,0.29247734561677791,0.1142780860851868,0.46530154354072195,0.25387265102012119
4157,0.40076914046575551,0.29195538754436423,0.47101775884539215,0.25715412429880519
4158,0.30624717754129088,0.59495401727071728,0.47367136808476734,0.26109239622105929
4159,0.30921685700613311,0.13789630952259757,0.46613025806581798,0.25431708444942036
4160,0.25914522265283157,0.62646030631695182,0.47274821223901697,0.26113312480383744
4161,0.70488541436673846,0.044392118675389794,0.47223575398899836,0.25426009122126847
4162,0.21801015500653304,0.60828508658948133,0.47110069650846698,0.2604577682145886
4163,0.039827074897906281,0.165082302636432,0.45773532558409308,0.25242678188969286
4164,0.72754707447428957,0.63881228689897107,0.48404430198584952,0.26437885725273674
4165,0.42129450464110124,0.0014389193649054506,0.46646075444724877,0.25280695155154709
4166,0.021299433540657629,0.10508043584782863,0.45612212730656837,0.25144114089866815
4167,0.62249289052352552,0.89612005586930321,0.48675781998126266,0.26802670535031925
4168,0.85974649535409409,0.61708395655249482,0.48575346110661977,0.2645130719637962
4169,0.77631681737705371,0.84150139490325238,0.48881661773266077,0.26806218211867472
4170,0.039901439367199788,0.14354309117734665,0.45743151095241763,0.25215004582896638
4171,0.6061006130243769,0.30922062396752886,0.47560823268460189,0.25836595924619016
4172,0.064499953070085034,0.42158587585749341,0.46246984532606317,0.25609401495597695
4173,0.2962203365129768,0.97301345052666743,0.47936366246870687,0.2663960211940436
4174,0.76179515970089706,0.16149892440458061,0.4753140065627654,0.25634712881555399
4175,0.66776572080586349,0.77966591224871817,0.48564992149965608,0.2664823769284822
4176,0.11815216918507358,0.7601923723595333,0.46978340637739213,0.26142644222162975
4177,0.13282601053909165,0.19652879446713487,0.4617198429357327,0.2538224050269059
4178,0.78719271553753645,0.0046051895597134717,0.47260810385080743,0.25372380304827574
4179,0.26116431676406643,0.48612023660697745,0.47050446401456919,0.25908550252476997
4180,0.40756130790245954,0.20420691126993626,0.46965836881893336,0.25584408340257525
4181,0.072420071291143542,0.89147341156486659,0.46982084367391469,0.26256399193204494
4182,0.42724315236668337,0.37025255229194881,0.47300841078353945,0.25851277101406139
4183,0.24161951600158355,0.66154372186268451,0.47275475097415864,0.26147621443468633
4184,0.82348336691915758,0.89471583015524092,0.49037818369350972,0.26896448437096937
4185,0.1693115240797517,0.35286209814179453,0.46538783037812204,0.2563298778885858
4186,0.066063670416583772,0.5361683776293299,0.46422812181774031,0.2576473007472555
4187,0.097328601858543709,0.26874557721902387,0.46150961295746373,0.25443866523375325
4188,0.31808130486259467,0.28334539220404115,0.46878184805825907,0.25652309028169507
4189,0.9676507896533818,0.13139967551048615,0.47732054837950649,0.25616240530517748
4190,0.88140659025501233,0.64919338662024817,0.48672037117112849,0.26515420452848582
4191,0.61039547569683061,0.66146501718984219,0.48227964952145652,0.26419988129752237
4192,0.43335669363973428,0.22654180862266804,0.47063124936184259,0.25631487399506542
4193,0.44885395435019165,0.12456182857392123,0.46918276566568284,0.25480547109985657
4194,0.872046046841226,0.75075499673826851,0.48861971443842633,0.26691416335404905
4195,0.67537563099836695,0.34499858355295149,0.47749879554844482,0.2592056107690151
4196,0.8421174760920811,0.34777203876533314,0.4801164095791513,0.25974247437182557
4197,0.97773218583801069,0.47409735886350973,0.48447474681001551,0.26231416137995933
4198,0.56637779754576045,0.39525587966850728,0.47645046398454005,0.25960971286124063
4199,0.41637937705625083,0.82300821399415147,0.48069812485253566,0.2655221935167249
4200,0.1916683131930535,0.026332206374930684,0.46103753739964815,0.25197029418722799
4201,0.82541057831082731,0.64893080253353108,0.48586218838415007,0.26494762367897884
4202,0.77155471158066069,0.34421727269914698,0.4790215473077804,0.2594921568668801
4203,0.70050861001712039,0.24329836654121756,0.47596851581037547,0.25757842934697728
4204,0.2415078836012981,0.14000358910980867,0.46430504863590494,0.25391663105424778
4205,0.82073723654689967,0.35894362260304624,0.4800357375226339,0.2598815005395525
4206,0.90259295267044803,0.2292152974814293,0.47853815101204078,0.25779557574932721
4207,0.67804240546681693,0.09557304050723324,0.47280366365531556,0.25505523598442659
4208,0.1559724315769854,0.98693620931302428,0.47460656835875398,0.26494449128070685
4209,0.97657365526111095,0.52643109761782692,0.48553636009183992,0.26325246688248016
4210,0.75292487226532545,0.73552476846679349,0.48636700296089674,0.26614926074961032
4211,0.13156665790710831,0.91162531906544475,0.47267781542678922,0.26373723746100408
4212,0.96830421844738312,0.770932049974415,0.49044319122424312,0.26762702343959216
4213,0.85945015317274964,0.51474673038824703,0.48369929694748143,0.26271319681163424
4214,0.9696067397748237,0.26227453417886282,0.48002374515239765,0.25849950111122522
4215,0.9144142221368966,0.26475328748206378,0.47940445229886947,0.25844438038592932
4216,0.1270656765013817,0.25785400687480581,0.46244383043777221,0.25460135800233535
4217,0.35887690369525227,0.95175767446380344,0.48102934811778003,0.26677654907470655
4218,0.85234300848924327,0.01101984727253439,0.47355329606992957,0.25391482204396465
4219,0.52010276086699447,0.6961523979345221,0.4809885533360761,0.26424608209495937
4220,0.67498960014340703,0.21822113071557833,0.4750810880912173,0.25708680045613563
4221,0.32875670918073741,0.3886408818031778,0.47083707193606888,0.25816970538294215
4222,0.43746016358226769,0.89326532948025272,0.48244559748403537,0.26675667997577074
4223,0.15822906383479712,0.19267650556411828,0.46253298601934101,0.25400212192160176
4224,0.86541034160741848,0.41317383721555817,0.48174837193524067,0.26094685508307958
4225,0.74499533183946043,0.53724288602672754,0.48236838121123421,0.26271232254434235
4226,0.67088295274783161,0.46041531424137067,0.47962027728748047,0.2611236049736082
4227,0.023723615761322436,0.35623671910689447,0.459780883345628,0.25469450373156094
4228,0.42258031144024577,0.021902522992866578,0.46684076022548943,0.25312353903982426
4229,0.6549125818653847,0.47117867573989791,0.4795397631271982,0.2612396122204218
4230,0.090734995280380829,0.67663342102511093,0.46737292596538171,0.25989294030433296
4231,0.99702186231032253,0.18737775109045907,0.47879737812003198,0.25720022525014075
4232,0.51941893310657472,0.46068067020537562,0.4766858457067023,0.26044243318941379
4233,0.99525002517685068,0.36537122311933201,0.48244906555746397,0.26039624441918846
4234,0.23693516758073821,0.97334781853043251,0.47742806693953277,0.26578709343029772
4235,0.48857101443618306,0.81307055578023435,0.48236733740823157,0.26591899373570432
4236,0.5643198177451384,0.92280570138009499,0.48585270551756155,0.26798246506802348
4237,0.81123051774423804,0.87338189811165223,0.48990501091337896,0.2686645218304789
4238,0.65021941652001114,0.81012345359517501,0.48588290182798344,0.26689921574921266
4239,0.33062931782904781,0.48269132830387684,0.4724770743286037,0.25959922947339586
4240,0.8710673213918112,0.53716209249169333,0.484316901537789,0.26314332311247757
4241,0.28961528595233105,0.032867191381065641,0.46389696454726909,0.25267363809990323
4242,0.22268666346607499,0.19989611933104462,0.46470273863631423,0.25463317887091291
4243,0.29765048835299679,0.80075143934671078,0.47686749325062183,0.26410955268356401
4244,0.077921283400396349,0.48248280504600849,0.46392596811242998,0.25708282747113609
4245,0.33463339210971027,0.35499069815181433,0.47042757024983944,0.25770486803366316
4246,0.79025215917333258,0.49863907277655095,0.48233980766673551,0.26220982662914749
4247,0.47895887961677514,0.23697356516561704,0.47180338079557732,0.25668883017939964
4248,0.21990201525256273,0.61822418608275487,0.47132515995508351,0.26062147011371689
4249,0.82830427238488336,0.42279871743746333,0.48141236874391019,0.26101248591977988
4250,0.93129820115159967,0.37335948540250541,0.48182322240342274,0.26040458694636581
4251,0.06044989461783553,0.14665271292295073,0.45829714750883571,0.2524213365788735
4252,0.91115999869537778,0.18165762448053574,0.47768328666016047,0.25697262345698235
4253,0.40667299129808088,0.60081560404117917,0.47654214667469386,0.26197011166787548
4254,0.98958719803275308,0.40169493789364352,0.48313034895076112,0.26103856582265678
4255,0.45496482036182428,0.85627940783196832,0.48229921587798436,0.26635556626881252
4256,0.99999672623291846,0.95140140349277069,0.49344536798334376,0.27004465505174191
4257,0.48971432736899007,0.34037726770833837,0.47387927700787774,0.25837208186185717
4258,0.9708565262621851,0.19334227033591597,0.47862505216563528,0.25727048627600324
4259,0.1250946735208272,0.174600929813541,0.46111668780713222,0.25345164904397982
4260,0.8111207983421046,0.87833605953002125,0.48997265691322139,0.26872686989788486
4261,0.0016840892337611876,0.42565680752064805,0.45977262281461073,0.25527519184059816
4262,0.51240768421330729,0.06440915427495493,0.46939165127048627,0.25409921379057421
4263,0.15959523614215435,0.12565453543659533,0.46155099124905524,0.25309219954307666
4264,0.936853905339737,0.31572181457564003,0.48071964223704017,0.25939160620568569
4265,0.021870925251988228,0.59818579785370973,0.46317550217479919,0.25782675619440876
4266,0.10451821996168001,0.52585578681804479,0.46565235882956685,0.25800934353770194
4267,0.33007031756682553,0.20265607247859008,0.46774720323016222,0.25539783774866837
4268,0.53160445620686525,0.42980420011359965,0.47638031375220458,0.26000677313797338
4269,0.18132427774922691,0.50532595949390668,0.46819604775106716,0.25860009991319877
4270,0.80302507489070996,0.28700571145642317,0.47836026685330579,0.25859149796902786
4271,0.95270158658138238,0.025009974850656001,0.47498594234165947,0.25425977680978895
4272,0.72871842834617706,0.35481234465086597,0.47856312711238558,0.25954515573535464
4273,0.21351105916473317,0.22224599633411271,0.46477646342895229,0.25487902262494699
4274,0.88211291438265471,0.68867947081065506,0.48752539284162688,0.26585486469135189
4275,0.13570527881913588,0.31209105621663619,0.46357894027415242,0.2554305765020497
4276,0.66695240212088691,0.48330915500867416,0.47998658836114499,0.26149191773875047
4277,0.94122312669706298,0.43672192061716925,0.48324231311133198,0.26155627529734249
4278,0.082314902197977061,0.59701437820618741,0.46582040308397082,0.25869064655767571
4279,0.83956989540181826,0.74141411708240634,0.48792513808455035,0.26662152969112834
4280,0.069047218454291584,0.15135641661396951,0.45870029800193135,0.25257611253666251
4281,0.62254514375113656,0.98220618299167839,0.48758278956792334,0.26879697420769605
4282,0.3717364758435055,0.98336709289607827,0.48168188480879087,0.26715758061242467
4283,0.95050389718244555,0.53359781969940534,0.48534290240933681,0.26331147713923031
4284,0.81299987075723479,0.95557437463992978,0.49078395160203525,0.26945992472226871
4285,0.4844392326412606,0.17486541353774956,0.47081153402854253,0.25573568253228679
4286,0.40472564747919093,0.19348618856827962,0.46940785788111983,0.25566581932429122
4287,0.86268333919068108,0.69226033934572484,0.4873036166071843,0.26584698960178815
4288,0.015736845556634946,0.18433543832589641,0.45699883807170538,0.25238087410687948
4289,0.26548603868553183,0.51161876514706528,0.47105641621770677,0.25949833306062153
4290,0.14318251034097046,0.58276578216444463,0.46802275546403344,0.25926710311919743
4291,0.34331381714221787,0.07439566276128172,0.46593199225782778,0.25356428055336222
4292,0.082570245107088713,0.35152558277364593,0.46216764432741481,0.25538133288215159
4293,0.60015803468619711,0.73514517242928279,0.48344968281664397,0.26536511812492558
4294,0.090569328699784818,0.999637341668841,0.4720461913893203,0.26414969744745109
4295,0.65426017855213725,0.037282270081306343,0.47133602976014,0.25404007258778905
4296,0.90339130934957657,0.11418017668711256,0.47622846942539715,0.25577486267563948
4297,0.78401637766343779,0.018325776539614889,0.47283365684960271,0.25395258773552543
4298,0.87021372544103082,0.93130759337196356,0.49147490760183699,0.26948501938529229
4299,0.38700043619653446,0.25493846452512081,0.47004970884958042,0.25651148944287033
4300,0.50598662836080188,0.84598391472148948,0.48338353316499594,0.26657382171763866
4301,0.72298826670727001,0.58724427684670089,0.48296644463160127,0.26347954695447889
4302,0.23568860473759706,0.80661198925272326,0.47492691509040874,0.26354474670054967
4303,0.31564578757759881,0.4168809896468767,0.47095132804928258,0.25849814613809585
4304,0.69585537197362868,0.092834531386627353,0.47302386221495596,0.2550492697772101
4305,0.27643975012587618,0.87551999701583993,0.47743650227812734,0.26501398755879813
4306,0.35971307268078673,0.32512376966289014,0.47057516657146459,0.25741761944195951
4307,0.52585478186322143,0.22595621526049217,0.47255958036506684,0.25671065267802573
4308,0.106498162619269,0.68136443550618131,0.46809800212212388,0.26017396214132676
4309,0.11357364407504211,0.69350164772340794,0.46857200862040849,0.26043700557071703
4310,0.6396523080660147,0.33365468406748261,0.4766671238605128,0.25889160886856655
4311,0.81105444131413251,0.38826392971969914,0.48047579412096619,0.2603634572843645
4312,0.073170369256671988,0.9583254169419525,0.47081955839088468,0.2634559109857183
4313,0.060036524601478597,0.21056575717114612,0.45920517521687931,0.25325180443322609
4314,0.316441368140711,0.66383022091017341,0.47513362619706567,0.26221893834481425
4315,0.24720721698059933,0.88270844674316473,0.47657154512460886,0.26479784391723299
4316,0.19329661588812014,0.12070235152350506,0.46255335518725182,0.25329349835784826
4317,0.33662348054168978,0.21351424786482243,0.46809727213944069,0.25559854925849074
4318,0.63401287227101855,0.97633751806820512,0.4877683629865579,0.26881616403667608
4319,0.05983146456490504,0.19138737825922436,0.45891926514183456,0.25299850025575782
4320,0.17155775109779789,0.68090030096351406,0.47061954467743172,0.26098853360468088
4321,0.7501539235458593,0.22945168438708644,0.47646409860726563,0.25747554919979593
4322,0.61055555565588882,0.78206929852674956,0.48454467318217881,0.26620383370672723
4323,0.19371894918998006,0.43067741521057906,0.46744034054680306,0.257664271387754
4324,0.93567955119976554,0.8183286764990888,0.49092680949228878,0.26834693189970649
4325,0.041915052142564677,0.76534582748046387,0.46654571404360518,0.26036455347285714
4326,0.062229156789800621,0.10568806101732189,0.45777581685726743,0.25190710712531539
4327,0.47860315748829163,0.17820848036705284,0.47075098900358103,0.25576427237622112
4328,0.75171400526181098,0.20184216902310728,0.47595134735072819,0.25701016988578196
4329,0.37403634112348083,0.85130827760604444,0.48001967985097521,0.26560192567600222
4330,0.37682400289791407,0.89983296563188786,0.48089267106373274,0.26633960446134053
4331,0.2510464498316054,0.46071216602030907,0.46977608145747379,0.25862500935319249
4332,0.2046022411236656,0.79104405117590215,0.47358098469144461,0.26296156930218056
4333,0.84520431458688117,0.49879169357904468,0.48317264765228302,0.26238958679329233
4334,0.25688781472967243,0.98765128054354578,0.47823090974289351,0.26612435289412245
4335,0.7903683252243674,0.74483018816617552,0.48718956272233876,0.26647583837477801
4336,0.69476243434030338,0.81383968966723197,0.48682266971975713,0.26720377355309727
4337,0.52206353495189683,0.15204856886341003,0.47115071121604496,0.25551935525661373
4338,0.12410650829743827,0.25031525815919742,0.46222323283963446,0.25446907536041413
4339,0.00052633876191684982,0.58741200904602886,0.46201388163486257,0.2573466341141839
4340,0.77549781591700162,0.72055314847572005,0.48646203956671885,0.26599096959923718
4341,0.35114397195634667,0.45231245659914571,0.47251979247805442,0.25928968224552901
4342,0.42561149281925759,0.035765543344535397,0.46714455329150661,0.25334678100532693
4343,0.19249276009282332,0.58189867000706719,0.46980060959783382,0.25980975929337979
4344,0.56578870521230862,0.68941260699547124,0.48187325946294846,0.26441315092458573
4345,0.021727419794688466,0.01823333707820857,0.45492657621686028,0.25034752226852708
4346,0.080904660787095781,0.067640175343432932,0.45793348422885538,0.25160087854840019
4347,0.34922021927569297,0.95546671082823309,0.48078838535950291,0.26672678775444059
4348,0.044779316667758397,0.5928831904951134,0.46413905989224891,0.25810354129974594
4349,0.0084987580895773147,0.80188913420705366,0.46548181905721764,0.26028873801884328
4350,0.1997962915219483,0.074664379796001601,0.4620355225186405,0.25269981351894655
4351,0.58171686769322262,0.70239413741898027,0.48245270183367556,0.26471852820688113
4352,0.014049198866833468,0.78438802943729091,0.46550052098140343,0.26015413684926614
4353,0.79551261776165338,0.28018497906384293,0.4781183819100317,0.25845548853058103
4354,0.81506379419957531,0.36474269738869047,0.48006881380151045,0.25996686043429318
4355,0.53104520410621769,0.42535886813943508,0.47628762599743923,0.25993237857438672
4356,0.41030677542540944,0.2341071014976944,0.47023944408569696,0.25631670686610558
4357,0.97331489383069569,0.7804399545459193,0.49070813973217897,0.26781558436251324
4358,0.20852980200367749,0.97120568695679543,0.47641022833613322,0.26544397407531034
4359,0.17399322196113645,0.9957243294418906,0.4753771946035652,0.26524933681124496
4360,0.30749197124048366,0.36689932726543628,0.46988782604276313,0.25769275118494112
4361,0.84062843239869689,0.28327884335668058,0.47881169235587423,0.25861572290741669
4362,0.54469554410298593,0.084166061701963196,0.47034925579598241,0.25451469447089498
4363,0.38253919617388166,0.71349710347420769,0.47786623615369994,0.26353737366008567
4364,0.76084132068139732,0.13043135636983208,0.47469687311881786,0.25581727491417994
4365,0.94443407202499219,0.33084950103637534,0.48112229901421871,0.25967610767057642
4366,0.33504628964486766,0.84371608310359303,0.47874528914797909,0.26512536403170689
4367,0.38998728466640459,0.43378826450902275,0.47320935784044166,0.25926973312847318
4368,0.43046952127068072,0.51135204492415076,0.47556647043389527,0.26073404601892031
4369,0.28998852528786523,0.12203714766789928,0.465362317339436,0.25397079474220491
4370,0.99916213322036207,0.77514823551533041,0.49095636882444871,0.26780832265843374
4371,0.87701803610556528,0.91232257125779292,0.49140160593258619,0.26934476436638649
4372,0.3579510870392551,0.29764823345498881,0.47006253678108062,0.25699093914248311
4373,0.58199856419056895,0.069931080820003988,0.47075392973069546,0.25439531980794944
4374,0.8960788092584,0.17442912822073559,0.4773529403809762,0.25682121300092575
4375,0.55889455222423423,0.075961597586551216,0.47045723440542714,0.25442643692639044
4376,0.56377800311945614,0.38025091070694617,0.47612285749387701,0.25935427044294895
4377,0.21564769432604081,0.99774405487765327,0.47691045037635466,0.26575841220826735
4378,0.44226716016664869,0.35396952332534132,0.47307059880165214,0.25834233356127845
4379,0.18706110142794205,0.028642051605589223,0.46093260076537446,0.25196949261110352
4380,0.55602188155875776,0.9489606302012108,0.48593573970760295,0.2681782967268499
4381,0.68715227503824283,0.39235498027467403,0.47860220820984983,0.26004113888551605
4382,0.60838855996293717,0.40083136423687687,0.47736007969060607,0.25988087122088621
4383,0.16354063896095614,0.80595918267985112,0.47229406512006605,0.26267291483852478
4384,0.57862855023044391,0.01971520133368904,0.46977631651758039,0.25357847224239249
4385,0.36678243273025146,0.0018913619236904195,0.46526888656862414,0.25259506359472972
4386,0.57012302865708486,0.58061873780767204,0.47995105369477103,0.26265418833149362
4387,0.62474467088029495,0.46675283561366382,0.47890169307370367,0.26103914525289695
4388,0.10718444320311538,0.54240911300625883,0.46600936594354253,0.258269540046
4389,0.17882208299230554,0.81289192287925405,0.47298403968953151,0.26296522247749798
4390,0.58346055742268221,0.5218186690923875,0.4791320057262396,0.26175788137374872
4391,0.47974419727529166,0.97684929110290253,0.48442414409269774,0.26791583221685383
4392,0.29504466573296817,0.076057032032974536,0.46474347647296393,0.25333091158191517
4393,0.82749093852256195,0.17954196590700888,0.47657553449620249,0.25678919625869207
4394,0.74819965076666561,0.61717194537011677,0.48397874591822104,0.26409508922841779
4395,0.74759772865156415,0.68043692962225755,0.48520098314230675,0.26517864725456664
4396,0.059284545438445642,0.28077341561546781,0.460194537956294,0.2541646459025374
4397,0.41022415979766519,0.82075777373117165,0.48049275563679117,0.26543628479613596
4398,0.37203747419588035,0.66105627670063405,0.47667020038121671,0.2626423678023278
4399,0.76248334873510759,0.22329306717222788,0.47652620601195067,0.25740072752106941
4400,0.60681871204102644,0.74369043620532616,0.48374780850431848,0.26554478721369484
4401,0.90731707492253044,0.33778435690548503,0.4807926000728131,0.25972063184040783
4402,0.12365230087953387,0.22280854215262225,0.46179164276696694,0.25409093981678471
4403,0.9892605877176277,0.13947040479037678,0.47772555649818776,0.2563325125253671
4404,0.12653265086162138,0.52118587750726142,0.4664393915732416,0.25821269842479505
4405,0.90292815846771701,0.33476984194061954,0.48067468556453458,0.25965769727088461
4406,0.22064513928740054,0.98216342945842783,0.47694741013518699,0.26568411074704212
4407,0.88323942111836518,0.69704421404617611,0.4877105546196458,0.26600689232729791
4408,0.14200329972385664,0.8828355928651872,0.47265563697259055,0.2634788812717816
4409,0.37087162152951353,0.26241161484887127,0.46978510340870561,0.25653420593428
4410,0.5709805171975052,0.60866986285258318,0.48048827840131442,0.2631184058104627
4411,0.16084889655880397,0.37315071067508548,0.46541020824759222,0.25653001576285228
4412,0.87672453477700474,0.22243553503822769,0.47807419709523968,0.25762879100222186
4413,0.55264524929873882,0.50315876448996133,0.47816018984387676,0.26129955562128931
4414,0.36177047531105344,0.16674956564371243,0.46793500821793083,0.2550393842517496
4415,0.14517282521234592,0.051136765428038779,0.45994198295776861,0.25195680669681558
4416,0.29206313364960956,0.069006155168160332,0.46455017354809658,0.25321145649318855
4417,0.94173943487153167,0.18039062432852807,0.47802296428420182,0.256997437347113
4418,0.010919616561976727,0.10873552008121042,0.4557360898352138,0.25136290581794968
4419,0.56283499110728741,0.48546150532820032,0.47804312654945058,0.26106222410462332
4420,0.64100766475716375,0.10200743494626369,0.47233807076248274,0.25507266915926358
4421,0.21612813910417028,0.63344882251214008,0.4714429400405285,0.26080302554616752
4422,0.7218353686647373,0.19205729128272506,0.47531605783697906,0.2567726336823245
4423,0.31122052927146437,0.86332865540335191,0.47834764891704473,0.26519131579062183
4424,0.80457345021798976,0.20482993874960811,0.47676335603562969,0.25717921880648154
4425,0.65223126289051725,0.73526458126798977,0.4845024826302039,0.26565273884491908
4426,0.76257964230285735,0.56006820296373916,0.48310347959819927,0.26317050758531857
4427,0.73594619555479146,0.83707406603397105,0.48802453886918135,0.26780079557075714
4428,0.96917901766028958,0.88996642065179765,0.49248343568717512,0.26943481803121783
4429,0.9682956813146012,0.17923261210011551,0.47830675925863481,0.25701521204637218
4430,0.88945248486696515,0.47856037795705492,0.4833974499313563,0.26216385544926557
4431,0.83402479950523711,0.91646713353955422,0.49078228853738415,0.26922417134772048
4432,0.52820411100081399,0.67096747879042529,0.48071139567027199,0.26388831421904124
4433,0.23300433483716335,0.4489339446837432,0.4690179052051196,0.25829341863949279
4434,0.37739537490372316,0.13160929141835076,0.46771140238269965,0.25459023263925779
4435,0.48676817123758376,0.48461577840090031,0.47640492550922403,0.26064932056363516
4436,0.096628854760120161,0.069378915678372149,0.45853490326997293,0.25177494471066431
4437,0.44374735022532991,0.0053823421714943838,0.4669962233583021,0.25294866952709144
4438,0.83344044332044431,0.19542934265144871,0.4769696058187613,0.25707558894257682
4439,0.56056204357604733,0.33674511625358139,0.47525965651860341,0.25863444117161571
4440,0.081998446021915888,0.064690646414004738,0.45793114702722176,0.25157292064292019
4441,0.89674138922727442,0.62156618976803735,0.48638730113402506,0.26471689204248638
4442,0.56770661815352508,0.96203189160759806,0.48630124703263661,0.26835358566461481
4443,0.52774577268952272,0.12674819713573671,0.47080322534480135,0.25513733150257567
4444,0.19644475699422184,0.86057256547055438,0.47440277195757313,0.2638720961879582
4445,0.62119934483714168,0.079672470887319657,0.47159698749360962,0.25465691361129594
4446,0.81234491190613478,0.53813718893373153,0.48346165370749966,0.26296957643756053
4447,0.15231136072537629,0.57445883608484871,0.46823549993948388,0.25925746436489983
4448,0.12405113579662284,0.43230348599898866,0.46498513912674044,0.25695761416019269
4449,0.54857634038744729,0.32369382747096248,0.47478558732516546,0.25837270642203569
4450,0.52918507737977194,0.47677514134944649,0.47718626252428231,0.26075214602023072
4451,0.24634735041126843,0.2994071374214371,0.46701205954705566,0.25624245382298633
4452,0.14847447337358027,0.517663586988661,0.46720966245438311,0.25841741639063348
4453,0.37604890412004899,0.061550330139033035,0.46648965957605748,0.2535289862215433
4454,0.98489057528268309,0.31830987650520404,0.4813557259632209,0.25953031152018524
4455,0.1167263902900857,0.22672045423953097,0.46160066244983677,0.25407500087303303
4456,0.80038439679477602,0.99505827295078197,0.49083888203795462,0.26966172328441818
4457,0.86257467857626036,0.90891415281937227,0.49114685483072701,0.26925895562461394
4458,0.34620355663691882,0.47224369326803134,0.47272655911130268,0.2595567339203077
4459,0.079232275827217383,0.73581323524810138,0.46777614654682476,0.26053827068852947
4460,0.580585498572595,0.76179740214737834,0.48353293417424476,0.26569091753300428
4461,0.30600673531537176,0.024739921538170895,0.46418485884947119,0.25264325625417239
4462,0.65575557167254162,0.24295198843049584,0.47523246765533128,0.25744107189146631
4463,0.97345487581636991,0.82761965923550307,0.49163712337558613,0.26863334391079874
4464,0.49350469154940224,0.88785334223798706,0.48377468359297143,0.26710490902739686
4465,0.21046676053978738,0.91633844304970702,0.47579672181583693,0.26483938519577427
4466,0.47822607016739205,0.065748299389879694,0.46875080041319839,0.25400433259435951
4467,0.44142504934036408,0.36555959476946154,0.47325559689649876,0.25851880184064513
4468,0.7669793132965802,0.49044277308926687,0.48181232974569932,0.26198897927627873
4469,0.72820578962838056,0.38711640918507473,0.4791798733352699,0.26009216197793478
4470,0.56171530238451672,0.61255786255403655,0.48036596301463474,0.26313154409982725
4471,0.083142190163966748,0.18225755549013847,0.45969222433236384,0.25313353396531491
4472,0.87809618450255367,0.76483482830544236,0.48899533110341825,0.26718643855348828
4473,0.68871032588152448,0.41634030167480229,0.47908769092121917,0.26045032361219272
4474,0.90309157825027364,0.39474448697332992,0.48188958911442004,0.26071801874366402
4475,0.24943719232858858,0.36192621802616631,0.46811847627119951,0.2571728245006018
4476,0.96041782811227028,0.3379060597840115,0.48146357942665025,0.25983425266287846
4477,0.23940450367418817,0.22444536582782168,0.46559680867064079,0.25511000911311438
4478,0.97478172556519271,0.27653940749218459,0.48037742936739408,0.2587634995627342
4479,0.2391146114639123,0.69936890457979173,0.47328977805953254,0.26200557011032266
4480,0.41575850128602471,0.44594461846073391,0.47405952161793946,0.25962116674496449
4481,0.090681747931835713,0.041161831161670853,0.45790640802560617,0.25134702815846804
4482,0.82563316098974315,0.41927813684927534,0.48130353720960511,0.26094353329190106
4483,0.24749459269481014,0.93066727332574095,0.47729945127862061,0.26545159792713358
4484,0.75222037259183139,0.53031910763286283,0.48235268647958179,0.26262077154752272
4485,0.74773703865207497,0.2667415082093445,0.47715168917022655,0.25810340907130325
4486,0.43918407408316856,0.95017998674960114,0.48318635680904914,0.26740819223569012
4487,0.14484825570046669,0.78657739066575894,0.47126301883311728,0.2621551599129282
4488,0.45755416236900492,0.73034589030913777,0.48011870828577957,0.26437338278377942
4489,0.77827761000205065,0.24688971384087346,0.47721663672198045,0.25784179957681175
4490,0.20505450353951893,0.37534699766476409,0.46693782421118391,0.25698309940357916
4491,0.5542852245054557,0.047970849390851798,0.46986604249526032,0.25396562546872309
4492,0.47809798669157322,0.84078343751287321,0.48260884843646251,0.26628691946264299
4493,0.19228264659772396,0.17625764211992501,0.46338861659873326,0.25406166492794308
4494,0.67690926909517735,0.20406036605023548,0.47484318356957939,0.25685623407037639
4495,0.54447891284498617,0.53027170899232146,0.47848777713902702,0.26169783500405774
4496,0.23048670828739415,0.014628983125637752,0.46199599116048728,0.25206560797446137
4497,0.50046284734172519,0.79372634562429745,0.48230446087949541,0.26569201118679453
4498,0.88480216429998404,0.61967645872033905,0.48617597417448039,0.26464388113109283
4499,0.72747534784117018,0.67836846981843701,0.48480956985998591,0.26505446746166655
4500,0.049981477432523388,0.60690983037367696,0.46457612134766013,0.25836715412278222
4501,0.022362135636049787,0.41204691422212641,0.46051890311873306,0.25540002003658302
4502,0.2233290710757603,0.10625589648316382,0.46323671910954989,0.25331073164262424
4503,0.55563824331174838,0.54148324689230642,0.4789276627423833,0.26193878654818264
4504,0.85517723917908739,0.29183280160484137,0.47917970776182522,0.25879759499969646
4505,0.16997760787525915,0.41045082931028448,0.46630977962576731,0.25714398579889391
4506,0.085796016432472977,0.45365984684216093,0.46381676612079292,0.25679410018628773
4507,0.65388081547602783,0.32704885680325096,0.47679056149976912,0.25883216418556804
4508,0.87145522831616695,0.88676091964818771,0.49103379581535672,0.26906301885103406
4509,0.11017057062062668,0.25126186869706729,0.46172888682908836,0.25433960055063443
4510,0.15897669959376801,0.033619404229207436,0.46012690149158847,0.25182857995602836
4511,0.037775296999386046,0.76898081927491591,0.46640681526478545,0.26034629776714407
4512,0.5962766198948376,0.56861807309769796,0.48025953770232632,0.26259127447792069
4513,0.20642926269151504,0.82565014014969351,0.47420483233323846,0.26348601727120163
4514,0.61478284888329215,0.59553192142577616,0.48112996675510883,0.26312859141820688
4515,0.52401024345495972,0.12874869246237214,0.47076814418597757,0.25515619649982285
4516,0.90159973258433168,0.029343225119623825,0.47450118361572546,0.25428694673148772
4517,0.67265899052576872,0.77320622767143654,0.48562150221439931,0.26639927192673829
4518,0.59441377598947154,0.35379031928264304,0.47622165329312127,0.25905133253176965
4519,0.94231749031693912,0.18707811483287953,0.47816588609763294,0.25711688367651886
4520,0.22696960731599247,0.05516653055628995,0.46253536644166487,0.25261428210163217
4521,0.46941898794217274,0.31295696151769953,0.47295119537718461,0.25783967603696217
4522,0.90541881708534211,0.25880974684533431,0.47917128945481774,0.25832231895795094
4523,0.27946498147611276,0.18192623545028036,0.46605582912133831,0.2547766159308556
4524,0.96605485423052462,0.54808717981384836,0.48584457730059721,0.26361368657049433
4525,0.26219307747321435,0.80832390694910428,0.47584994390117258,0.26385870964355029
4526,0.56958531907304422,0.75238424226812795,0.48312093044878685,0.26546951995306722
4527,0.18628314836052015,0.94187892334706858,0.47525771533955868,0.26486270932158923
4528,0.15389003164177995,0.38405423898528096,0.46533416840179487,0.25661144469294639
4529,0.16740897738510976,0.048524323945946531,0.46062408432419788,0.25209726343854721
4530,0.48398133227328077,0.23906799882262714,0.471945997805784,0.25674397254011094
4531,0.92918553226544753,0.70991328464358816,0.48864381353304803,0.26639802007201685
4532,0.49258288181464888,0.64345016380889586,0.47939992075325399,0.26322286510578802
4533,0.60601171067043902,0.21835774460515242,0.47391547372574677,0.25687761051479008
4534,0.21412951547127451,0.75020930785966344,0.47326020068618835,0.26247759220471295
4535,0.20759615421496566,0.984086459075322,0.47650352907165994,0.26555169594472805
4536,0.47840695244754899,0.21160511437220267,0.47134043783984675,0.25628764077865895
4537,0.38875446603501917,0.33185141647484856,0.4714167670792393,0.25769692739777494
4538,0.54926637654426747,0.67056720109774037,0.48116864086284528,0.26400812936210816
4539,0.19781991431607168,0.637225133776397,0.4708702562399622,0.26066145308248351
4540,0.5037891490825801,0.55518097914065001,0.47805899403762842,0.26187483826664149
4541,0.80378558190542981,0.52625302048992595,0.4830945308933659,0.26273399184726653
4542,0.22128412346424303,0.67720651851334845,0.47232644658548262,0.2614934010810861
4543,0.173277046318457,0.84939099626721581,0.47335467888526955,0.26341913493493635
4544,0.15185990749296036,0.69392556033072772,0.47008512598904534,0.26093535421833608
4545,0.24605914639033147,0.54985904718596723,0.47107419633229464,0.25988297069383143
4546,0.90446929964482559,0.81632198410789714,0.49042504711374357,0.26819472010469464
4547,0.76505518835625841,0.43387723823053531,0.48067527858471493,0.26101072274118903
4548,0.25197607865767785,0.7625106711822679,0.47475454402645928,0.26307101742094335
4549,0.0041513826787122534,0.18017511105629383,0.45643870039873224,0.25217999423992588
4550,0.97227612495728544,0.42231402670113605,0.48334170125106213,0.26137121880218583
4551,0.74795048426050925,0.12938947184173158,0.47449282473272009,0.25577339010018357
4552,0.22990219279936283,0.7668045502088382,0.47407786742208535,0.2628959119927986
4553,0.60693888235137561,0.84653549014081952,0.48566743157857789,0.26724616556339004
4554,0.87656908909220954,0.87219228362849688,0.49092361860794426,0.26891102455211163
4555,0.81725270101657377,0.19911199584471762,0.47682450933565457,0.25710699063360831
4556,0.12317129341772524,0.64632336421330694,0.46823166093009372,0.25990735153694766
4557,0.65620541867568394,0.090024079704808552,0.47235707756733902,0.25491267698833514
4558,0.7589363878053963,0.99605940050127684,0.49016351697294602,0.26950516403403907
4559,0.53852130604222181,0.25475101346970774,0.47333042149297933,0.25722177996109563
4560,0.088987339638301646,0.86819079194254023,0.47020406766803136,0.26250255313561405
4561,0.71874182673163012,0.31565240799718303,0.47764813616664015,0.25885094450321822
4562,0.12158382679776987,0.77587408536371083,0.47016522661092863,0.2616923597609131
4563,0.13848786390224704,0.75527180110925118,0.47052375233443533,0.26163006648063436
4564,0.44878566685967386,0.75306781311262161,0.48030403958020157,0.26467020940568731
4565,0.41182610197936886,0.017024549727432895,0.46652677769869527,0.25300772880220024
4566,0.48655396797779255,0.43991487300660231,0.47559692395868119,0.25993665756108231
4567,0.44427015883988935,0.35983477123420454,0.47321990024975996,0.25844486314689441
4568,0.86118064297725216,0.38503538889264455,0.48112581214798478,0.26044230501356336
4569,0.49370719611645913,0.07110744669568958,0.46915106795941802,0.25414208462329813
4570,0.5966557391841314,0.92557562266296012,0.48657179302925674,0.26819957430836949
4571,0.37550456061406295,0.92436568444607548,0.48118865540447275,0.26663153655434652
4572,0.67544971017033095,0.79742433899244058,0.48613778592924184,0.26682324805413749
4573,0.018133247749542353,0.66018034504359824,0.46389721164679859,0.25858325093352141
4574,0.33671332161774625,0.10971713849535446,0.46636061958679992,0.25405434283014777
4575,0.61935262100094701,0.10363734516965925,0.47201187385864612,0.25504322050533129
4576,0.5001217708160286,0.31664414810371821,0.47367335763491381,0.25804471751292174
4577,0.21340365990103455,0.67781839178391967,0.4720654198533486,0.26141754821548324
4578,0.22736291651536014,0.66855284267446258,0.47239266006688524,0.26143158698958513
4579,0.81799536966694297,0.46198559831007152,0.48203830088956151,0.2616636594212936
4580,0.16377229197080015,0.73307293562839049,0.47115253881448144,0.26163741820038566
4581,0.18915135306284064,0.042115695499221333,0.46120493224099374,0.25217079977677087
4582,0.74234211858500498,0.0072750766069279056,0.47205798553023881,0.25370356259061072
4583,0.17767593869062839,0.49267395926056201,0.46786887893954282,0.25838264789511795
4584,0.72454144415123156,0.059963280153775125,0.47281894383862444,0.25455760818392215
4585,0.91937674289896387,0.88536861184499005,0.49172738678081757,0.26921890535157394
4586,0.98547694632279459,0.15233892864339288,0.47794830745384193,0.25655793547402256
4587,0.21203280289733087,0.72991420018126951,0.47285866593187365,0.26215890140799852
4588,0.61294537654885783,0.15883092953999295,0.47292965290826239,0.25592655301782546
4589,0.83056224711545512,0.47891086631942315,0.48256100963809684,0.26199708842431407
4590,0.82488173472135107,0.65910346150923294,0.4860559044712901,0.26512333585650244
4591,0.78340020393895682,0.94665291117589223,0.49023507427147656,0.2692785119429626
4592,0.019370403209410143,0.24103009885853391,0.45795403720608807,0.25315159342322469
4593,0.36101916409257107,0.8580520423964948,0.47976056399413863,0.26558840586195126
4594,0.7079904104806134,0.69088370118791942,0.48470309549310669,0.26517893972169054
4595,0.098107102827623027,0.99065376328973798,0.47228322823032237,0.26417939677872554
4596,0.26332475722980458,0.94152465999767887,0.47796864805152989,0.26574933032021225
4597,0.07666930636615725,0.60132187248152924,0.46564753532591857,0.25867175436822476
4598,0.60431657989119414,0.33153461140032159,0.47599139626021836,0.25872535760055038
4599,0.70561951566342029,0.036203513957106047,0.47209049208501336,0.25412496694150644
4600,0.36306092570881598,0.89498651606085478,0.48042624047336274,0.2661517565402966
4601,0.27221924048663348,0.11409828267047416,0.46475246755516847,0.25374649970748708
4602,0.88566926042697169,0.30529999732723229,0.47985503148325692,0.25910067980866891
4603,0.59948359471609591,0.77943849035267498,0.48426358586737311,0.26609519167314249
4604,0.86517818258224299,0.73242343395458309,0.48814643058865675,0.26656420736198877
4605,0.82428476514763904,0.29144848084187835,0.47874821037367432,0.25871965884311254
4606,0.92137205165891212,0.33946530377330492,0.48100737785595754,0.2597809739888523
4607,0.58620786990945928,0.070874609551217882,0.47084398584480147,0.25442206499085845
4608,0.98530049896124994,0.97977108699545501,0.49343465985415025,0.27017982121825607
4609,0.9541816610570415,0.044176694446231707,0.47539191738569603,0.25460003722653329
4610,0.38187620689767648,0.82464955298030984,0.4797792035346477,0.26525711162527255
4611,0.65992795996096687,0.90646284435765123,0.48763160230533603,0.26834658545510826
4612,0.947820505376754,0.31925503683484863,0.48092747068158243,0.25947634165593192
4613,0.28400480993330712,0.49237855847954054,0.47129898071352061,0.25937301694082865
4614,0.93708357291402067,0.61614695847585099,0.48684654973384539,0.26474886967304206
4615,0.49040123375285183,0.86659691507372771,0.48336436794862669,0.26678141799933941
4616,0.16110715350190877,0.6593437845071195,0.46989187478285194,0.26055839445552675
4617,0.1526917239533388,0.54527871348817136,0.46779476988727509,0.25885204975975101
4618,0.52471726322293988,0.5216641213243246,0.47790935013384173,0.26145280896218692
4619,0.61358350635509706,0.41352188666652656,0.47769448515274354,0.26011157331973173
4620,0.67015354980524866,0.0073092307633371096,0.47101666992256092,0.25357896009999203
4621,0.71926072282582765,0.21610872152814409,0.47573941026243755,0.25717151433044189
4622,0.95965853441430959,0.7144604262980051,0.48916679132723162,0.26658253107504543
4623,0.72483700860246314,0.10239515105212341,0.47363742319476326,0.25527052002695394
4624,0.95616265743778794,0.66664898339716028,0.4881405102929473,0.26571288348234123
4625,0.84791235474891724,0.336378723457607,0.47996974345178339,0.25955811662668787
4626,0.88700143006135479,0.091495480732142462,0.47557624953763633,0.25535559881164954
4627,0.84186738544356787,0.48103014465625171,0.48276942941540163,0.26206863882277043
4628,0.69317894562728477,0.26177528235738867,0.4762048123798181,0.25786747440034041
4629,0.7096091478364891,0.25132708283617394,0.4762661865558433,0.25773890152930284
4630,0.81963138438131422,0.11708169088846772,0.47523752093610205,0.2556975478463156
4631,0.52683703425907302,0.4880956949059968,0.47734286569220113,0.26092255938510001
4632,0.27423183887546182,0.23829982941654745,0.46683073384507767,0.25556222773312576
4633,0.63852669896710434,0.60934293716162213,0.48185142489041471,0.26347472508294756
4634,0.89013513177620485,0.55058285134680329,0.48485990047725414,0.26343895505798526
4635,0.52336132167485772,0.51633334235193906,0.47778299302552668,0.26135947207381099
4636,0.70905415743194755,0.95911984153032537,0.489052802170792,0.26905551709476794
4637,0.13221096402617405,0.94652106413504811,0.47320076430576219,0.2641989401495769
4638,0.2576194388229982,0.9470746487658821,0.47784369706591961,0.26574820767440971
4639,0.92782053303791912,0.10511118540373864,0.47633226867243128,0.25564735204145145
4640,0.36726305428348716,0.41452622787948934,0.47229748622032452,0.25882540875381077
4641,0.81360299834049077,0.58291940603120018,0.48436812077901953,0.26375316917307734
4642,0.36680866613065594,0.36036661630327582,0.47135799369082593,0.25799740813086874
4643,0.39187275772833968,0.58516648683325623,0.47588525717916663,0.26162031517052969
4644,0.59011151435551013,0.067324736632022542,0.47084580054639502,0.25437529808209258
4645,0.93992898601932695,0.3001264171697316,0.48043996998303634,0.25912038806342808
4646,0.49110793382494017,0.99479812489670005,0.48482397402462074,0.26811600817358922
4647,0.27873775859336603,0.37092484456422969,0.46913620836843756,0.25753715280315598
4648,0.42046922144532439,0.63332386356428039,0.47746575232777622,0.26257658131546036
4649,0.82776534110101641,0.091767752360098528,0.47484384048207873,0.25527478998845798
4650,0.62968775794651599,0.65492108947708039,0.48254038937349381,0.26419132208399543
4651,0.31863233499162597,0.79621714154252554,0.47744018245408021,0.26424501225957359
4652,0.86792911295857045,0.68396546248554957,0.48721718843632794,0.26572013610412731
4653,0.55913202079351765,0.94203913262161665,0.48593740782273243,0.26813501218911395
4654,0.57215296365561663,0.051320106886082802,0.4702421254504095,0.25406895811827301
4655,0.45640313129673016,0.81265143393977779,0.48155941147706766,0.26567402610886742
4656,0.41336952241052644,0.22690488652369242,0.47018507157349948,0.25622163098867651
4657,0.65925300212799343,0.78308758820757507,0.4855486632741946,0.26649430948387598
4658,0.76069042468707782,0.75499526727158806,0.48688216173863635,0.26651987640578612
4659,0.86126465813269615,0.12619491441078717,0.47595331098066102,0.25592298877681446
4660,0.76964037766315752,0.2489995363652357,0.47713211950104883,0.25785685441762785
4661,0.58479913936556549,0.72832204948175938,0.48300012362183437,0.2651637750045393
4662,0.069614054042671347,0.26126197848763549,0.46032435608861144,0.2540288775550556
4663,0.75039978554471165,0.25430047898726771,0.47695021836904089,0.25789873446413802
4664,0.90982797186191899,0.39616159505682297,0.48200742589052725,0.26075938775029306
4665,0.49726530919879447,0.30291578218821669,0.47336677185171622,0.25781347055645532
4666,0.79413714564965343,0.20465454465245131,0.47661470531224909,0.25715389295634627
4667,0.055404516706673901,0.36414690049927451,0.46124992218187749,0.25521575532535906
4668,0.75672149779620812,0.8387275088609546,0.48842542415763079,0.26792714258071415
4669,0.93280420864814662,0.66865391037397792,0.48785614791079773,0.26567335741091563
4670,0.71170229179213051,0.56306257267816695,0.48230368231942228,0.2630214549980967
4671,0.41606339412721577,0.79911788347299451,0.48026913490510498,0.26514421097120372
4672,0.91328468795636442,0.16289575639375253,0.47732983464818585,0.2566454832901317
4673,0.05060362754893722,0.88380144128947291,0.46870473343184221,0.26210382715326835
4674,0.48053107431848768,0.90979621329576477,0.4837624312634824,0.26728774500729724
4675,0.16845868244679879,0.082039378465397758,0.46117091046708342,0.25256527332154666
4676,0.88037283479465411,0.749412628584879,0.48872035707106137,0.26692252798155019
4677,0.066843663749343252,0.026919325827190185,0.45681896441450931,0.25093178239972702
4678,0.57986175020131059,0.56652869334685385,0.47988971582187623,0.26247381415665078
4679,0.44254054918353214,0.32739555327970304,0.47260852448571267,0.25792891397840495
4680,0.72781676444407783,0.94100687804518968,0.48923920816522232,0.26899921773905261
4681,0.97445403420642251,0.60118021300047408,0.48704516446763574,0.26459165716635147
4682,0.82141464568983069,0.85496719705016588,0.4897986877920279,0.26846147640659368
4683,0.17462397762875773,0.15647489647689508,0.46251591022882038,0.25364220743730714
4684,0.33209814558121142,0.099102966463158387,0.46606890808943491,0.25387255879856652
4685,0.45526097264561111,0.67352784230372642,0.47904820050919283,0.26345504866895575
4686,0.86236782230556719,0.46660726872362429,0.48277668009248603,0.26187647235507394
4687,0.033123558029031851,0.47713428634939486,0.46193442287201353,0.25640347741583713
4688,0.2688142883633613,0.63547284200190346,0.47320368695602649,0.2613587533202682
4689,0.86800306407039751,0.67752169919792793,0.48708906983747069,0.26560678248528746
4690,0.9565134021598497,0.81102374502421593,0.4910867310108587,0.26829847754057107
4691,0.97672786437644388,0.92469619641172474,0.49292998227221957,0.26977853009447134
4692,0.57923726695313826,0.5199423810435343,0.4790124699501912,0.26170639414939101
4693,0.24059928304628703,0.40284649512368492,0.46851079996666867,0.25769246164385728
4694,0.91818379391502825,0.77832870823357958,0.48987174558646795,0.26757890987627986
4695,0.8259471688401071,0.10026932597114938,0.47498820943265957,0.25541840126934384
4696,0.52859855552854718,0.14282594208641677,0.47110970201530561,0.25539599549734954
4697,0.67761180910953556,0.38141110786068022,0.47823085502842422,0.25982351608378418
4698,0.2504468847465352,0.88258910719802375,0.47668061955749524,0.26483267693677914
4699,0.75141932413111212,0.86888549508635193,0.48882386102544634,0.2683423965408453
4700,0.16677042651429075,0.37364879521309635,0.46562409344588146,0.25659593353679006
4701,0.12196470669187839,0.26147419622080637,0.46231431809829382,0.25459914282050855
4702,0.55225980915041872,0.0116108606157708,0.46917083538048876,0.2533803651016337
4703,0.39904545855986656,0.92104999251355191,0.48180016297170775,0.26679213689751563
4704,0.69035652070982612,0.24588367584975204,0.47585585952951243,0.25759292735633321
4705,0.018619198771112136,0.98042237967596157,0.4685189436789563,0.26278755200528836
4706,0.81691815757356823,0.82640036843031417,0.4892316747030534,0.26800301750438676
4707,0.67969147963217702,0.16722689584890615,0.47418813001774029,0.25625018357831358
4708,0.72272990984903884,0.66184808273568052,0.48440587007245417,0.26475114005494976
4709,0.053315165112575051,0.5886783255361836,0.46445436759062986,0.25817193926329124
4710,0.88338490589592844,0.79062357045622789,0.48959473356663763,0.26766339791802385
4711,0.5809351079827525,0.58047925305949755,0.48017066704398009,0.26270845213294441
4712,0.068605701534880797,0.20223543449071005,0.45942295084473239,0.25323922848938241
4713,0.52959579229945086,0.68729439301650275,0.48104106204935598,0.26416172238690072
4714,0.001587208493507933,0.21098004542827842,0.45675494425567104,0.25253584498414056
4715,0.32573532631528795,0.43768105461081724,0.4715811865669447,0.25888470998570912
4716,0.17315791953542503,0.39125526225856738,0.46611963165279185,0.25690597395368625
4717,0.73740011373403258,0.10531391890837113,0.47387604614780904,0.25534521690077999
4718,0.23974277303646088,0.13956886950525224,0.46424693303298292,0.25389820294058757
4719,0.43574323230438172,0.40475818952912229,0.47381434737951172,0.25909917836127572
4720,0.49937996400553969,0.21901957280685894,0.47190501122612366,0.25649318251433867
4721,0.5162292077599675,0.88902479935701706,0.48433416835378906,0.26727958254223144
4722,0.77418754802743206,0.93611796570067529,0.4899940777159551,0.26915780310392301
4723,0.19418208470823012,0.98731971990937606,0.47604894590948488,0.26542229558978858
4724,0.65679360839518486,0.37633430339818591,0.4777745297492591,0.25966344592746488
4725,0.66834932883185105,0.4942620930433157,0.48022018363423002,0.26168139590889211
4726,0.5069260845290614,0.63027540946035887,0.47949085937520258,0.26310066264651938
4727,0.32735027461111316,0.14310954728642247,0.4666830691571609,0.25449811039741288
4728,0.49635637407730104,0.45784397667484594,0.47613556554960607,0.26027518722244708
4729,0.9719215838386096,0.26994571091796971,0.48020838272864391,0.25864060072549588
4730,0.99001717709979287,0.27989177868842385,0.48062448481333425,0.25884967976825418
4731,0.40705211755187487,0.023771885130053853,0.46653924914273426,0.25309123003915701
4732,0.48077420933410758,0.091332478837773678,0.46925428581490952,0.25441276001819829
4733,0.03418907916567987,0.58833347064008712,0.46359697643782494,0.2578853541276479
4734,0.62024371822098046,0.23925245905857301,0.47455513713438968,0.25726690743443237
4735,0.81516834464502763,0.5718298774961964,0.48417271905275594,0.26356564612958805
4736,0.94501112326994774,0.65559278088832518,0.48776063949104664,0.26547927001496641
4737,0.13127812547414797,0.073962284269428358,0.45981898153040174,0.25214859521077609
4738,0.75528388808368474,0.8058937692290522,0.48778053082678469,0.26737170999174587
4739,0.6654448768122937,0.39670711186385016,0.47831224757332158,0.26003555903400272
4740,0.54664369828895432,0.51080537274099191,0.47817592968224532,0.26139308644238662
4741,0.054892737781780311,0.41370168003494617,0.46195240600644144,0.25586452931612524
4742,0.85108454233094821,0.49882103559485408,0.48325909647230109,0.26240814291527276
4743,0.4147512110497919,0.21924958949094872,0.47008386657146028,0.25611089157052763
4744,0.65522809202995846,0.80151657178465974,0.4858193643014197,0.26678239480836957
4745,0.27808813074448846,0.85519858341416122,0.47715180072050256,0.26472711351536354
4746,0.33241479781215316,0.1535964651532355,0.46698638237536949,0.25468215031888891
4747,0.080860113887058105,0.60790164941310654,0.46592275432720182,0.25881869761915749
4748,0.72089744609150797,0.75698245036698641,0.48621342840879256,0.26636717426874157
4749,0.03297938556725858,0.075789390082319733,0.45619060541209855,0.25120297700314348
4750,0.67406411528674659,0.91523297515580204,0.48800191368475621,0.26850981414255015
4751,0.82578414983417614,0.53513061454143607,0.48360710694116288,0.26296239005306166
4752,0.47708290961437161,0.59963431698865022,0.47824953912575274,0.26242437937149837
4753,0.93526863862298204,0.76774852849344033,0.48990719022121981,0.26745285996238094
4754,0.044855155841179661,0.076933333078713625,0.45668312400806149,0.25134886127484807
4755,0.76928365504929097,0.034279097291186923,0.47294728496157429,0.25420132406892143
4756,0.36431483902408512,0.31517590656174582,0.47052233220232315,0.25729536722697516
4757,0.10201879347624492,0.11890682972519426,0.45945990722431829,0.25248343575241122
4758,0.81527933830689869,0.83060491164430272,0.48928277931411046,0.26806519181703459
4759,0.56110356378004655,0.21666555362265791,0.47306705100573709,0.25669496818880594
4760,0.083632574739668064,0.52129083977193802,0.46474005830829257,0.25768101498751944
4761,0.19725395840049023,0.57539028895428634,0.46986248239660733,0.25976701545032005
4762,0.50262019868182251,0.51509417202362096,0.47730750759501039,0.26122528753766339
4763,0.90775958162430914,0.43525586829652313,0.4827718078800371,0.26144678388580195
4764,0.44607288823529379,0.49074855046496962,0.47557694375472259,0.26050813851364185
4765,0.77718582304754524,0.95739446229046443,0.49021533343597823,0.26933283217162723
4766,0.62348964832633502,0.82062248096793189,0.48553732552497347,0.26692165550504526
4767,0.92159357374034601,0.50832508448314617,0.48444050992627952,0.26278094979487809
4768,0.94708244802454722,0.10048506398057798,0.47645858514166012,0.25558899711076294
4769,0.27658549261317822,0.66954123137741117,0.47401305354505913,0.26193878345686922
4770,0.15000605395977618,0.29251195092968413,0.46378533188890203,0.25530322768704056
4771,0.69021914536430273,0.28192290992330532,0.47654189292248889,0.25819653629054617
4772,0.19741914100268623,0.41736723213464721,0.46735329390021679,0.25751045465130101
4773,0.63451524952229821,0.32825557912985098,0.47647479663205095,0.25878369441566318
4774,0.22481033536669565,0.3586120539961965,0.46730371928337733,0.2569184619910152
4775,0.4266842256456963,0.98071448062550048,0.48313461434866761,0.26756905791727736
4776,0.56522514476218499,0.2719912309992244,0.47415954675736077,0.25760438123666329
4777,0.98149188907524809,0.93462384861382897,0.49307671308050333,0.26987131582832952
4778,0.35045095909902596,0.38050416600649478,0.47127838074413508,0.25819616870391121
4779,0.63188492339520019,0.48947529908985604,0.47946287998569947,0.26144722636031326
4780,0.2623895756932092,0.47484369663140974,0.47035700278898002,0.25893056816932919
4781,0.70608228650324756,0.66126777639385548,0.48409788617995875,0.26466643186586719
4782,0.72939132447369637,0.91756689690455107,0.4890434973139669,0.26879726796135944
4783,0.82272255099936153,0.12725809100804616,0.47547892862265151,0.25587810264557775
4784,0.70462709898924225,0.42386708757031011,0.47950121875117341,0.26063458890981417
4785,0.3318044148919988,0.40796704504365339,0.47124594518738622,0.25848181266060832
4786,0.99737059244810378,0.31994920342908012,0.48153637013953021,0.25958259775424164
4787,0.36647008426048561,0.52759508747759976,0.47421848699084379,0.26054838939906444
4788,0.03724083509632619,0.38893849046583057,0.46083944794098092,0.25530390693010452
4789,0.78676549927458406,0.88014814681947473,0.48959236028392727,0.26864536970184866
4790,0.68021240502722802,0.060424357056233571,0.47217163635654391,0.25447715054625597
4791,0.89380685789658454,0.20639745254410663,0.47796832049799809,0.25737865513868213
4792,0.62175034834869436,0.9548745168033872,0.48736203635710912,0.26859654590621967
4793,0.32255374685997379,0.57303635166332834,0.47377727123630942,0.26089933650583425
4794,0.44019297832926974,0.81141903059483744,0.48112143322812323,0.26552960623200755
4795,0.80633109329972652,0.50144326679717055,0.48264329881111068,0.26231194842393696
4796,0.62640186342761162,0.76138945951372161,0.48448171890785235,0.26594984576988578
4797,0.40516032088865761,0.93754357974500169,0.48216086873903125,0.2670213166885676
4798,0.73727896486235556,0.41514476710179588,0.47986910853747933,0.26059901392097723
4799,0.92087734484091643,0.14535838015897898,0.47706582630583505,0.25634764923009434
4800,0.65707135417613904,0.78969396259038482,0.48563126565695164,0.26659363080731308
4801,0.9461832631734084,0.1000988884515944,0.47644056413333874,0.2555811049749156
4802,0.34301790060176285,0.88366201415803525,0.47965857700623576,0.26580575858432909
4803,0.85879589590170657,0.97017185404830386,0.49159549448116985,0.26972479527081172
4804,0.67203716815974335,0.68641965830108387,0.48395310553704368,0.26493142625947769
4805,0.36413254994753519,0.72742869350427064,0.47759666534549339,0.26360076933725451
4806,0.10909436055877013,0.47926510327629512,0.46512619010483475,0.25742756844078113
4807,0.8470831328628935,0.87192487676349706,0.49046159685736429,0.26879256272385771
4808,0.54285386637173361,0.74719679134703487,0.48243608167556096,0.26521908216635315
4809,0.842958100899181,0.79483831186365572,0.48904314533320176,0.2675728320939792
4810,0.20601877595683329,0.91771855476883946,0.47565497039702032,0.26480354486209318
4811,0.3240015151222353,0.90358136667216904,0.47939280673615348,0.26590245051958794
4812,0.44734197169285039,0.55373419994240403,0.47672427061395162,0.26150780852683786
4813,0.11713582895147848,0.17700522308860675,0.46086955739570851,0.25340783865540722
4814,0.66003908854258486,0.088761571301461673,0.472393950869198,0.25490090542705696
4815,0.56138455062323489,0.023649175523954909,0.46954970326473744,0.25359672260799571
4816,0.32030409786860692,0.83901000505863932,0.47821706341514797,0.26491162861988876
4817,0.79544175610843815,0.19939751730508873,0.47652972501929824,0.25706644789279248
4818,0.90051198820614964,0.3795765464751632,0.48154869439761033,0.26044367526629403
4819,0.26523734811792382,0.42853355114412267,0.46968355710759957,0.25827508128263832
4820,0.6939094862916857,0.21432097705685302,0.4753099380461312,0.25707428576232561
4821,0.67657772797740756,0.5124630116462825,0.48071433259591445,0.26202115238103296
4822,0.98464007438536505,0.11559951719805832,0.47718462500762288,0.25590072962963611
4823,0.6329880174757796,0.36074673138713698,0.47705881854444604,0.25931593651373985
4824,0.35536277247626569,0.81700736102174276,0.47888881625733437,0.26490397614490685
4825,0.96692536971214005,0.43699849602755858,0.4835761795486952,0.26162235856818189
4826,0.57135314230293732,0.85467101759534558,0.4850418640585617,0.26715255886577477
4827,0.44332316645021785,0.98940569756823826,0.48362363193892088,0.26775303912628573
4828,0.81868123890681899,0.21685669920056827,0.47719453396191236,0.25741630419277822
4829,0.61388750905211786,0.74409058076966317,0.48390095095006402,0.26559143402611174
4830,0.31088636097036071,0.93712593858422488,0.47943712418211798,0.26618343433930008
4831,0.066759310371580075,0.63295442698706172,0.46569591771308538,0.2589602952368637
4832,0.68652135280099469,0.87431587399529531,0.48771618382769633,0.26809674009454759
4833,0.92897559741189473,0.35870126817025011,0.48149529683288089,0.26013890779486953
4834,0.67220777882324767,0.83317744661072513,0.48675340651715909,0.26740692169808594
4835,0.87116369419371487,0.5815801774077699,0.48521042115269486,0.26392626381818363
4836,0.69293137756161161,0.42932676944726844,0.47940840430205223,0.26068451937442016
4837,0.23162601818806725,0.41564530681838519,0.46843647418721779,0.2577995429253826
4838,0.041324118167755663,0.0085257089271792222,0.45557526077611776,0.25043593343050141
4839,0.15980972733563975,0.64379603418897613,0.46959931791708892,0.26032288226973099
4840,0.86599104240058222,0.10676358329638606,0.47562481227858466,0.25559224039956879
4841,0.16430805589283118,0.19632528074866859,0.46279236045747252,0.25410599675845996
4842,0.69692219124316479,0.50953346368166397,0.4810163079183094,0.26205420167047877
4843,0.11965966188033345,0.16474149378034053,0.46077588632649552,0.25326677236795703
4844,0.26876552531268683,0.9350128501983942,0.4780672687534897,0.26573257838268677
4845,0.96793328460961359,0.027475986556417774,0.47520047134372623,0.25431650798392264
4846,0.51791204834928506,0.78715023083625135,0.48259699089158109,0.26570564247638351
4847,0.33402613819040128,0.27743403278180634,0.46910458601068972,0.25653792533616004
4848,0.32769607150967933,0.71512569177945851,0.47633576277443901,0.26309641528830741
4849,0.86360830004775202,0.86425121640382574,0.49061101499117454,0.2687590404803919
4850,0.070437039844237742,0.56193475465782694,0.46479618295441055,0.25805374192111474
4851,0.56755435754290084,0.74967027830827282,0.48302657209345096,0.26541259085155799
4852,0.43107510722620646,0.77034533950114858,0.48015674987264451,0.26480965519038258
4853,0.60715225142446583,0.62775560838474198,0.48158271821734722,0.26362407772546298
4854,0.2490157959517208,0.79044293930655118,0.47511514391011223,0.26345246380952969
4855,0.28356892301690534,0.12227472582758638,0.46519392442397883,0.25393521533135721
4856,0.37355577587253647,0.36093705579297386,0.47153899748765155,0.25804874480373641
4857,0.27297498558765515,0.27214840394392376,0.46734843716746421,0.25604692464437501
4858,0.74249027138893731,0.29452188118350464,0.47761079683448215,0.258561569105768
4859,0.87168392564052488,0.0024846057303831914,0.4736149435031235,0.25378812231180731
4860,0.49076420006646077,0.70974254915287016,0.4805544180707052,0.26427451993199896
4861,0.10311678876533406,0.10070813954951009,0.45923054415042386,0.2522517670844393
4862,0.9778830434366711,0.88766742610564697,0.49257495862409062,0.26943753254428421
4863,0.90040320340035263,0.83654626539674359,0.49073285906908071,0.26850635300202419
4864,0.26937539165051422,0.81886465054679436,0.47626159930600365,0.26409177814998375
4865,0.39409341693542665,0.73947590646567996,0.47863303280485153,0.2640342490846469
4866,0.85761593263357649,0.33935994252836099,0.48016269746010842,0.2596337707232132
4867,0.11945245289002779,0.94855682325022062,0.47270042371334664,0.26404165316412548
4868,0.088873242950241557,0.11593981805326185,0.45893439704941658,0.25231525502111984
4869,0.3003631041654502,0.071092550975119226,0.46480051055572419,0.25328849900157147
4870,0.18409415659195513,0.56161057113186685,0.46918359819048383,0.2594299594835931
4871,0.97987300176109415,0.13698400376021164,0.47757101394281226,0.25627681828337684
4872,0.5458287262327155,0.051087085797998588,0.46977075898551146,0.25399098261159325
4873,0.70571823282084656,0.14906835056740092,0.4742463966034694,0.25601135686356286
4874,0.0090282017241348524,0.48398370600981871,0.46094079526319365,0.25613858709321635
4875,0.13791610114845679,0.21865800038730959,0.46223381700535399,0.2541723669908062
4876,0.90675006717987128,0.97346695745125189,0.49232047676881541,0.2699056943259277
4877,0.14992017939562211,0.58642648154407506,0.46833290643203579,0.25939776490048999
4878,0.51171806900153172,0.02310765716697788,0.468640267826751,0.25344673691709269
4879,0.4365048895201995,0.43309549080278958,0.47433162127058837,0.25954653991497506
4880,0.69160909151769012,0.81947601578781615,0.48687066390371847,0.26728281293614059
4881,0.87288383335889086,0.47888827485508523,0.48317216430048843,0.26212263618690285
4882,0.84874173966654343,0.36435230702242116,0.48053946486703564,0.26004858362655481
4883,0.094089343416539489,0.030075276523001959,0.45786742054709589,0.25123280799632269
4884,0.83224891318579908,0.87009203595515583,0.49019967461021757,0.26870945722576961
4885,0.76766803866467681,0.79663212996156663,0.48781751462019318,0.2672705472916001
4886,0.96467521988296645,0.62353077411776181,0.48737343102122782,0.26496491397735672
4887,0.64455061439349093,0.61957468952698402,0.48216037823630076,0.26367482803000059
4888,0.47112077367008898,0.93478269015309645,0.48382776500568381,0.26749269783722068
4889,0.63915239384382727,0.4658783619440976,0.47915234420703751,0.26108584218976855
4890,0.31973418654963609,0.2968800651892205,0.46905246132718564,0.25673549272703106
4891,0.5957046090215794,0.94120380111766289,0.48670857279140378,0.26834003850955951
4892,0.5844159072707058,0.89343143924657498,0.48592592774605564,0.267773191912904
4893,0.59368876183842079,0.45421052875438478,0.47807596313265066,0.26069558335151122
4894,0.69727243431509711,0.26080548961408206,0.47625201583905108,0.25786314280218042
4895,0.50632418068108387,0.90756802436894513,0.48435383600548043,0.26744176764786548
4896,0.75619508777208388,0.16816095164046857,0.47536293140690739,0.25644824419594781
4897,0.34270304910055127,0.47428355758198304,0.47266626546843354,0.2595620769698147
4898,0.2404032207692624,0.75956679911451652,0.47431792168887948,0.26290411950475395
4899,0.80107398234704741,0.92717133971039445,0.4903561526582636,0.26919014755106813
4900,0.59756725078733874,0.5204701104723034,0.47938665025768878,0.26180379632244793
4901,0.34792011081728857,0.79524076253044185,0.47829781879010813,0.26450204321370502
4902,0.85615883675954541,0.70755806494144491,0.48750951567056805,0.26609176222100545
4903,0.75560750566861834,0.55856093380429084,0.48295945564187659,0.26311817697976309
4904,0.068342186705081256,0.97966018121271625,0.4708574795101354,0.26361546447498513
4905,0.78730550440669755,0.22588979117010022,0.47693490164957214,0.25750307806250688
4906,0.52215811648654054,0.70169421162732182,0.48113633191227362,0.26434879023429453
4907,0.26290959191106961,0.38244593868915694,0.46885863683111362,0.25758115121209801
4908,0.51588936619417514,0.14124328799798389,0.47083673454231606,0.25532561875259824
4909,0.014990627945715098,0.44603446100124855,0.46067306575703593,0.25573532358241502
4910,0.11003553478583926,0.47949764479572188,0.46516640516737234,0.25744205415654942
4911,0.078990421762980989,0.50385694179279961,0.46428851507625907,0.25738486288039503
4912,0.58030228874488965,0.34648954982481667,0.47581954561638395,0.25887478376140705
4913,0.8061333143552416,0.78757070248125827,0.48829583820192118,0.26728761641080301
4914,0.55496128534855094,0.65707181917227575,0.48104336757369054,0.2638210210075797
4915,0.89426358790969251,0.87671649715496458,0.49124923648326618,0.26903012607734283
4916,0.15674323834510287,0.71457871553670849,0.47059502776039974,0.26128799153688459
4917,0.92275175242017726,0.20660203401228647,0.47832882853499553,0.25743156641078674
4918,0.51725211212515132,0.010001111025537831,0.4685090907525532,0.25325701140563139
4919,0.74561567820707575,0.216990949557547,0.47615491050099462,0.25725273675063742
4920,0.60639887969257544,0.99451013026187429,0.48733892082188296,0.26879065121741985
4921,0.43218932322611803,0.55411728991809073,0.47636279590227082,0.26141538527916736
4922,0.31585184007129868,0.38203382096147398,0.47037271303384365,0.25797875144354981
4923,0.067749775703146595,0.19943171395984247,0.45934856211764646,0.25319283225964012
4924,0.78805124335010768,0.20373444074132716,0.47651118525434072,0.25712488335070671
4925,0.58866995887145168,0.77820760927953525,0.48401131128023489,0.26601037341488853
4926,0.12834105607360835,0.88933321049328673,0.47219998506705907,0.26337854605517919
4927,0.57339776592144043,0.175969604371849,0.4725475685088853,0.25608064659393098
4928,0.65608634396028942,0.23071380406286335,0.47500681738446682,0.25723905540100772
4929,0.50514251444138347,0.55566039795450628,0.47809789480438936,0.26189036984814434
4930,0.58522412291107473,0.82780760188963043,0.4848606956443432,0.26680887103422624
4931,0.77739741631121151,0.042770978550973816,0.47322140952439395,0.25435804531666306
4932,0.30962435831389162,0.88832912695897981,0.47871152626184377,0.2655471787922411
4933,0.70304104326091477,0.3898520521260449,0.4788208374668585,0.26005430700804716
4934,0.41783034620453835,0.48490155028180454,0.4747925252948425,0.26024025218695768
4935,0.19861134671961189,0.62015471362971009,0.47062491168325621,0.26042448513972893
4936,0.01231915975419106,0.25277989215074342,0.45781313576735577,0.25320965757086072
4937,0.7398839167966158,0.77720930131151111,0.48694793260132929,0.26680481398703271
4938,0.49233241750659656,0.37204834369228923,0.4745039397185411,0.25888776060638657
4939,0.45446829043031906,0.75465625160821947,0.48047549999497613,0.26473730573127563
4940,0.62886790307032647,0.96661338685100195,0.48759638922931253,0.26872197422091054
4941,0.46606167037800189,0.30277355332864681,0.47269694905697279,0.25766307489473772
4942,0.98821657809553443,0.66492727329382906,0.48853888608117191,0.26578129494786773
4943,0.97681048488918465,0.77633056092121411,0.49067272825207131,0.26775367504005038
4944,0.13717114011273954,0.70207484507571216,0.46964452405385426,0.26086532333933271
4945,0.1197293664535624,0.81462507160237296,0.4706876783040484,0.2622083746739563
4946,0.089963098702894068,0.75361833853014981,0.46850632289687433,0.26093859419048865
4947,0.54765084795333685,0.15046701473054708,0.47160748489609344,0.25558379494485017
4948,0.6763348475267762,0.074514092172367957,0.47237886439777843,0.25470229080538759
4949,0.53733570516834739,0.88295137094879761,0.48473363806086667,0.26734058132579097
4950,0.89764891101921684,0.36758183347239393,0.48126845268751273,0.2602250443703743
4951,0.91539416661959838,0.55766285393984283,0.48535735985866607,0.26364068514964717
4952,0.082833820352901238,0.55863479895797785,0.46526642571247928,0.25817659161601159
4953,0.96218142577762489,0.96768838815029012,0.49305364406556518,0.27004104392375761
4954,0.8155486031699809,0.44276992656687508,0.48162106350661604,0.26132226539018377
4955,0.65879688657220692,0.77191669306565314,0.48532731905951054,0.26630383141806963
4956,0.30770720929206585,0.052568097744218542,0.46468490423239867,0.25305825134497928
4957,0.40697037150651455,0.4433401377605391,0.4737985482534397,0.25952572709776089
4958,0.54132598181705693,0.2962030560933403,0.47414055760539625,0.25789921278523181
4959,0.10264424165148521,0.48505349839924605,0.4649606780271911,0.25742845819800525
4960,0.79199269470089351,0.50099146255372329,0.48241321695310913,0.26225637351209752
4961,0.94021966575899862,0.61511992488742107,0.48686882529235537,0.26474015010944263
4962,0.11117348418472102,0.044973352946818347,0.45869257590035362,0.25158441342734722
4963,0.15212789082819364,0.32976643093555469,0.46443322381570967,0.2558395979204996
4964,0.62050505870914785,0.57395825363086772,0.48083651389790638,0.26279854131258051
4965,0.5010138466306846,0.13482953896542313,0.47043063510836414,0.2551698703644229
4966,0.91472705835836243,0.27887205029990292,0.47969434307981762,0.25869452840343748
4967,0.11877713481764077,0.14448942971924555,0.46044121074496208,0.25298558595011644
4968,0.050474136578629258,0.79852365022163141,0.46743133439903856,0.26094849746485183
4969,0.78307882854215571,0.61811808212212049,0.48457649609337228,0.26425035296168431
4970,0.94570211078318545,0.9467409705697909,0.49268534470211911,0.26985240717739223
4971,0.35748614803756357,0.399886547102558,0.47179287702576278,0.25853720954354187
4972,0.71637426057407871,0.17238218305896735,0.4748551002566978,0.25642810484289408
4973,0.12614985167706619,0.38062759190766376,0.46427556660073888,0.25627086998786697
4974,0.50288228426376591,0.25982250459146455,0.47270890789586206,0.25715460498537568
4975,0.56980377653926839,0.69172541894557649,0.48200194918920514,0.26447441692529827
4976,0.66308531623185851,0.99330244800163203,0.48843980871487769,0.26906809846087182
4977,0.14555041482256495,0.77363593434331712,0.47108821913622217,0.26198145367620956
4978,0.81201705244706246,0.94566305024473696,0.49069256895070873,0.26938382409751777
4979,0.27749796484374678,0.31468839462465842,0.46817532814033369,0.25670213351208443
4980,0.39651298679268221,0.33103265095165701,0.47159177941222608,0.25772994600607779
4981,0.77653183718869701,0.22636312447154197,0.47678998874165002,0.2574863301939837
4982,0.071223063576954876,0.48052706113775495,0.46361996897598162,0.25696942188748478
4983,0.40386341365874978,0.92748141928502592,0.48201052683625734,0.26690446518224509
4984,0.96280649420145215,0.79456935883333213,0.49084909201825777,0.26803269958497883
4985,0.61238647768419474,0.82669037419775271,0.48541981185415034,0.26695683882303972
4986,0.51850239285969879,0.40692975828897909,0.47569029047174366,0.25957448976556863
4987,0.01426808347577462,0.63507748678518694,0.46335199149803741,0.2581909577183622
4988,0.75953592093115441,0.5977481239509187,0.48378988935641276,0.26380690089056891
4989,0.0088372716909856531,0.56393102764018121,0.46207373491358,0.25717435703133418
4990,0.51682292463484925,0.21383358915668216,0.47216214101908255,0.25648170676468141
4991,0.24849624271740903,0.95156011063338952,0.47758890657502862,0.2656974405310783
4992,0.70432850995148766,0.25263096924539424,0.47620784792472493,0.25774600992989305
4993,0.3165293390022707,0.11722753266311485,0.46597712929724566,0.25405499850140184
4994,0.030027265065989926,0.13746116201278055,0.45694026848578884,0.2519568314910216
4995,0.19116191091436197,0.47046186908181992,0.46798412408804468,0.25820507771036683
4996,0.48504153544331208,0.92242880085887158,0.48402749600939077,0.26746196645947101
4997,0.39489471910934665,0.24178377145190025,0.47001162342357855,0.25635357572967038
4998,0.72326142135014526,0.083224414207309028,0.47324650999351547,0.25494539128566257
4999,0.5905461792430724,0.077481244177010383,0.47104010002899344,0.25454061742437734
5000,0.16192913588198135,0.10912842272127746,0.46137460070522884,0.25288473794126692
5001,0.925560729830328,0.085006159867637335,0.47589922770062898,0.25529032505967048
5002,0.34866395473041339,0.63435095321148405,0.47556230820371725,0.26204426850401713
5003,0.47950860217056474,0.8298948917818606,0.48244794323414908,0.26612284491881788
5004,0.091405996414565024,0.27688929654486716,0.46140484835182294,0.25448299339428188
5005,0.012859394233988132,0.28205050982179819,0.45824948187522568,0.25359128737863368
5006,0.04799185001157457,0.6870798358617467,0.46566896260588642,0.25941039798443843
5007,0.43760102715065008,0.76005075141066913,0.4801430372335061,0.26469699688164794
5008,0.3119102548710187,0.77684291449623422,0.47690695026437135,0.2638871055386518
5009,0.31202072703844169,0.13338941125056009,0.46612856632151706,0.25426712746573121
5010,0.73243970218218168,0.35589267869266916,0.47864320740502447,0.25957510317026422
5011,0.32234550588621064,0.22305510243732715,0.46788776034233048,0.25565423965034406
5012,0.035533549807325475,0.84121707047064564,0.46736463413294005,0.26127725577728506
5013,0.16315301378805888,0.94777334969214866,0.4744505634799438,0.26463478745128444
5014,0.14330289577621735,0.96126736574863325,0.47383218587163584,0.26452060311730224
5015,0.40177533589693487,0.84873600426391926,0.48075297425261815,0.26580385748614666
5016,0.57494274679395607,0.35817467018562604,0.47593291371618807,0.25904302278804975
5017,0.97576533003748633,0.91268776402069496,0.4928082712173143,0.26967351536827316
5018,0.27827363005782246,0.99014105686031995,0.4789477046282884,0.26636247198490909
5019,0.85040437051522322,0.42991022900285897,0.48187211012105635,0.26119924280580242
5020,0.52265097126554472,0.79194435572592781,0.48279476019535728,0.26581536501712194
5021,0.8066678916565958,0.46975307163918623,0.4820218771620855,0.26176319345730026
5022,0.82957524824602302,0.96189106996530904,0.49109188533226217,0.26956655429801851
5023,0.5075651496333653,0.9434465306856088,0.48478938649572395,0.26782480581117113
5024,0.56594700170456202,0.203492071124597,0.47291586576189093,0.25649967935017465
5025,0.91626185726871479,0.6498036026314018,0.48723869057904345,0.26528277848245907
5026,0.20458367222166854,0.95801960911605277,0.47612540697628686,0.26526490979042755
5027,0.64332269676128639,0.80138145423046081,0.48557893250961598,0.26671378191569323
5028,0.59545338011150017,0.14930930126892636,0.47244987219923723,0.25571888429635553
5029,0.068207975098455789,0.94621769387164389,0.47043519959259966,0.26322980344790281
5030,0.13002230092027459,0.5961142336980324,0.46772618416887046,0.25929472510156082
5031,0.40968006651509786,0.61311212463517439,0.47683479041009791,0.26218334130149923
5032,0.15549291515386429,0.70703865818415079,0.47042909777627401,0.261165722745199
5033,0.25819574996036243,0.97422437900089431,0.47815131157315072,0.26602238289268099
5034,0.60651671922215034,0.99192794165929077,0.48732511259209788,0.26877544635767775
5035,0.260177894187544,0.89104963104930945,0.47714841438056804,0.26506508960750186
5036,0.1712974909287994,0.66030753980794687,0.47028455912302775,0.26069224315014855
5037,0.30902157923897028,0.41274891532637414,0.47069663980904403,0.25838705242380366
5038,0.71477548136928815,0.89194218229748079,0.48848462156823619,0.26845703941576743
5039,0.5802170663066093,0.69164548312240515,0.48222128634819816,0.26453292803351547
5040,0.53089423373563915,0.94047432422995336,0.48529588042778521,0.26794774841329816
5041,0.60377920567860133,0.92150353193754575,0.48667582253116132,0.26819915232023001
5042,0.89519741183171286,0.68894359293248275,0.48772502092904318,0.26590624229192766
5043,0.21481153544021073,0.30001110559472582,0.46605218766482448,0.25599495415382628
5044,0.48345244193918774,0.53655859359010361,0.47726371200347922,0.26145789643762279
5045,0.22303182063229615,0.44107519863607597,0.46857184059087331,0.25808923878146539
5046,0.55009753309880616,0.28507677373987395,0.47410903183601399,0.25775604210564518
5047,0.032153826929058417,0.52524985928175738,0.46258830759636838,0.25702231685437155
5048,0.70629427825327729,0.48210030430034972,0.48065005603196059,0.26162630534990228
5049,0.44594446689881151,0.058186895278340672,0.46796121778590494,0.25376875819271633
5050,0.42216612027928935,0.90782899196014044,0.48224936573923372,0.26682226349255361
5051,0.90188934719095704,0.32383148797886679,0.48044012295923083,0.25946229740966897
5052,0.22580750462532742,0.66447873468400209,0.47227391748668257,0.26135584470418777
5053,0.46225347014999718,0.17302267964779167,0.47031797663776037,0.25561462899180448
5054,0.55642246173083554,0.14676102059761761,0.47170247642611812,0.25555380599758021
5055,0.26463804197564023,0.91091542383286872,0.47760229150958322,0.26538915306243904
5056,0.83491020202272348,0.066445829153142399,0.47443474476494724,0.25484898946009171
5057,0.6794197761052404,0.5020144087044639,0.48056517811527832,0.26185694403728199
5058,0.10427054341874319,0.21968981122189435,0.4610388135205748,0.25385345144452842
5059,0.51159819335545187,0.95330189651468544,0.48497626296740981,0.26793843044255455
5060,0.44902674164247003,0.04961520635840716,0.46787545182404067,0.25364823299305234
5061,0.072236924510530667,0.61055293787365084,0.46559724961163379,0.2587351247832913
5062,0.30372818152908004,0.36889958345385965,0.46981606605143517,0.25769508883224584
5063,0.32977772531119409,0.22176334377758902,0.46805958516195922,0.25568051242666961
5064,0.17846078233382434,0.71088763886044037,0.47134884846360542,0.26149825331505944
5065,0.36538910576865308,0.60333657894363868,0.47549278037795972,0.26170199584432846
5066,0.505895294953289,0.036946879083092792,0.46877743788062026,0.25364621993693348
5067,0.62786794910557797,0.34015114080015341,0.47658001475516237,0.25895610309361888
5068,0.95066717847782423,0.84712064387641151,0.49164287882072988,0.26884567342605664
5069,0.39638902041920232,0.71806276732921837,0.47832120925106464,0.26371906878546414
5070,0.18955563788536239,0.79478555095674241,0.47309398444327527,0.26283641863975316
5071,0.20702602800530151,0.34607810684373835,0.46653659201429576,0.2565838940186182
5072,0.034623790581885257,0.99267078559059885,0.46943256819572793,0.26319324752437517
5073,0.93114318516916827,0.058205687319824936,0.47542045065559574,0.25482457949958753
5074,0.56867363782116442,0.36290126140898793,0.47589888400668501,0.25909343650844857
5075,0.71805150232900639,0.32105001469549027,0.47774117468656807,0.25894014557549361
5076,0.87860241656234728,0.61269780111875149,0.48594481578776161,0.26449984384454189
5077,0.76310963619811223,0.20416300708201016,0.47616287766553539,0.25707620073688897
5078,0.489434423113626,0.062238794133404739,0.4689099937010961,0.25398855817163696
5079,0.96181752544053611,0.085433203883061651,0.4763165722339639,0.25533878467336163
5080,0.025120714198041242,0.23377334774344927,0.45809798143071673,0.25313207574955915
5081,0.71190787340648243,0.13027850103272359,0.47398046208254513,0.25571071098067111
5082,0.37215726943583,0.74068055799297294,0.47805056371831089,0.26387271311217825
5083,0.62504558137505084,0.6663055033295765,0.48266334122166754,0.26435715259672404
5084,0.7851912071090541,0.38376159941112858,0.48000260213622448,0.26021123392805512
5085,0.81707307318419919,0.80794556657805816,0.48888061525139248,0.26769101523676903
5086,0.82617327234992999,0.1370262008298305,0.47571722837611086,0.25605252610927226
5087,0.76447992420675004,0.63766505112886662,0.48465286383101452,0.26451390930590779
5088,0.8914113441530499,0.26416905357503562,0.47910135083738692,0.25838939810624084
5089,0.66375266261211374,0.44561343576362122,0.47921235475068019,0.2608474584626756
5090,0.73336045029748931,0.12695246271839133,0.47423436099674726,0.25570168393025988
5091,0.19282976420667255,0.65635067992917029,0.47099972211501667,0.26088136398890027
5092,0.85957960006863576,0.32652415608566954,0.47993274300404054,0.25941394203682216
5093,0.98374247310067298,0.013663543348608073,0.4750854054067199,0.25408381611512854
5094,0.58569560120358366,0.27207605699939885,0.47454427499706792,0.25768307613429342
5095,0.32438028837785826,0.74181415074890245,0.4766906508301374,0.26347213233629907
5096,0.13695036338610808,0.51392743197757518,0.46672272703065432,0.25823383653996917
5097,0.55548632631319339,0.2584238049847889,0.47372529290284282,0.25734751983790949
5098,0.38917830680076737,0.11331337389609544,0.46767287859820311,0.25437038015587132
5099,0.45706765282842099,0.043251919180888221,0.46792901732432218,0.25357949194175144
5100,0.41349257987233579,0.26317693900944433,0.47081782942190381,0.25678037437127027
5101,0.31383271024472781,0.14077902749247151,0.46629782177954721,0.25438639756910625
5102,0.13935873743629781,0.55138338151358768,0.46739206739000083,0.25878351920083908
5103,0.7401379988564295,0.71035494973269531,0.48565326508566087,0.2656590447214911
5104,0.60303432224179854,0.33890583826244114,0.47610511074493184,0.25884137194938989
5105,0.8673909251697246,0.32000820013488412,0.47990784695892819,0.25931804668684311
5106,0.65567086785516004,0.27413710059522417,0.47582042488453186,0.25795855179902766
5107,0.76952746598568056,0.12087153261267813,0.47463316130465899,0.25567188717664546
5108,0.24136935364514356,0.067561031279724557,0.46314453469582656,0.25288378173594711
5109,0.43895964767708212,0.45346677551331233,0.47474908105299324,0.25988001444392428
5110,0.63743032328336269,0.85985109002037208,0.48652796131899156,0.26762941410784402
5111,0.010237313223129605,0.54101196502567039,0.46181146126202127,0.25689785483559707
5112,0.93142322161690094,0.39305973031002794,0.48222585470244056,0.2607552406735888
5113,0.55318400172145343,0.32044705803255785,0.47481659607710025,0.25833969731731954
5114,0.77076622784518412,0.78572755649109605,0.48765802404899838,0.26709652227150654
5115,0.033875388899899557,0.20535559435231845,0.45806335453653746,0.25287507940621029
5116,0.67118114325512435,0.24349737215215575,0.47549876608852049,0.25749687503987134
5117,0.081505645308329266,0.22560060971152274,0.4602663718281943,0.25369037911837328
5118,0.57520309549040394,0.44613027910277014,0.47756429438448,0.26047911081775682
5119,0.90604106931817951,0.20645388895143987,0.47812147020046281,0.25740085448582678
5120,0.49182229877720823,0.061143874478724325,0.4689372324291125,0.25397956851614573
5121,0.696045571369317,0.39695044064853574,0.4788402537596213,0.26014982786051677
5122,0.028800299932912461,0.42017281134334628,0.46092109319901409,0.25559640400079719
5123,0.61281047507157782,0.79807001432027902,0.48489176072292534,0.266483128972825
5124,0.54012974189560625,0.95425586270076457,0.48563190186932981,0.26812593731018436
5125,0.81757636145349821,0.19895643083601028,0.47682583799136757,0.25710496444066977
5126,0.61321000845833917,0.99909178383763653,0.48750475737123783,0.26885425037855187
5127,0.35716415824134601,0.84560561724571748,0.47943358386788726,0.26536100318179018
5128,0.8517491486750427,0.20059169944688912,0.47731400543301655,0.25720041633735963
5129,0.11592893224348082,0.24201323420513657,0.46180145364549674,0.25427380916219766
5130,0.75256433444217552,0.92325885539863961,0.48950699858830582,0.26895411906368222
5131,0.057607354513264729,0.16881606544213137,0.45850484427755633,0.2526787687823866
5132,0.11315128578358563,0.40315085917677496,0.46412920815887426,0.25643445867236608
5133,0.64060901885241039,0.1173488450449775,0.47261887365095606,0.25532371556837402
5134,0.69061314811623886,0.63863795946069302,0.48338280841683312,0.26421198159456333
5135,0.27046660117373106,0.02397794722103281,0.46324775121635015,0.25243826250728252
5136,0.85637493682327914,0.59029608526154198,0.48516677216471382,0.26403058088611542
5137,0.41683184349584629,0.54537910783271071,0.47582845775122862,0.26117640656209962
5138,0.75373519206711792,0.99851194226847739,0.49008994871870021,0.26949803254935994
5139,0.92603780359610688,0.077125083721533885,0.4757452582381177,0.25515210564118895
5140,0.68605296348171552,0.51466381487037294,0.48092440197917663,0.26209709413293347
5141,0.99809380808033754,0.37003968105680546,0.48257934946079711,0.26048596505465282
5142,0.024322982655128,0.18770118028776489,0.45741182476901021,0.25253101367166331
5143,0.82130657787270611,0.82846604887050346,0.48934301161051924,0.26805653772866916
5144,0.56035339742709189,0.75806772002134237,0.48302449878441067,0.26550622005282898
5145,0.98251913835768356,0.14973753369011683,0.4778620803160713,0.25650775879691773
5146,0.37838240843858806,0.041487674752331803,0.46620295847125159,0.25323813166185366
5147,0.61503326968253824,0.029034586595476142,0.47055622949933379,0.25381749407444221
5148,0.25580316205815185,0.65135376942594303,0.47305065060985929,0.26146799074636468
5149,0.079787219236104295,0.13002779524320504,0.45880051317007381,0.25240902399432696
5150,0.89204455686962469,0.90651340017068438,0.49156486405956135,0.26934192139966612
5151,0.77978329644749178,0.73910161337027103,0.48689854843777425,0.26633051902834587
5152,0.30331322957809315,0.86866802145700206,0.47818910577913276,0.26519220828826745
5153,0.61908725917016849,0.61181539216170788,0.48152046819542482,0.26342034017840327
5154,0.98066940569396832,0.42587456198685103,0.48351915455389721,0.26145404553973361
5155,0.18650686806013109,0.24009534248987913,0.46420152228969835,0.25490761288115971
5156,0.10796961999650811,0.86500793630346884,0.47097249386547219,0.26274286248727413
5157,0.062601837926439474,0.45884212059945573,0.46293928225815378,0.25656593588839249
5158,0.021628461661131589,0.46211634492872983,0.46120389803519712,0.25604135558054308
5159,0.87337823251328672,0.6552517236157902,0.48672287256410274,0.26523316371064642
5160,0.77463869683319941,0.43707601334237262,0.48088746020314727,0.26109662156439412
5161,0.92354571181681244,0.0011241724579944276,0.47418168374790531,0.25381373494297371
5162,0.75941276792372814,0.7089479896867299,0.4859605908223818,0.26572062725602608
5163,0.85429114679415952,0.4625586065404001,0.48258030364931814,0.26178210972414306
5164,0.81462151779053971,0.25922748084274355,0.47797575159280242,0.25813942542405632
5165,0.072068313695967667,0.083340013326785992,0.45782992427812841,0.25171800668816574
5166,0.53601198516349546,0.34877626589069843,0.47499313905729612,0.25872221560373887
5167,0.21407891846072163,0.9818519046041998,0.47671329075556129,0.26560676134037786
5168,0.83120160413469424,0.58416281354239918,0.48466439035868231,0.26383687727711497
5169,0.99152831681809628,0.30874469321932413,0.48123681661340334,0.25937057814428305
5170,0.79384966289290471,0.15440095944638599,0.47562485333376581,0.25629147081020959
5171,0.21112484402494738,0.42371499372742838,0.46790695638583507,0.2577299649899375
5172,0.6012795426778379,0.17891191680497723,0.47309991205291763,0.25621857009404725
5173,0.51365421203124573,0.78279097466472314,0.48241802349521812,0.26560619972016264
5174,0.31741920775830512,0.88034051495300381,0.47882581150109416,0.26550925996101055
5175,0.88650928828330955,0.76447315786824332,0.4891167079447632,0.26721262409849578
5176,0.72202533181930206,0.74810918751676803,0.48606229930189848,0.26622101846369256
5177,0.61516765496047454,0.84994213270853514,0.48590100102211614,0.2673494617267802
5178,0.9089154452566407,0.43315471192369009,0.48274472309077326,0.26141250376444747
5179,0.35054234207012924,0.64964109161606765,0.47587696515823225,0.2622933998677045
5180,0.10871700195831946,0.22429532703185687,0.46127163602691945,0.25396105214437442
5181,0.5602610927506001,0.8523210806282121,0.48475399931571672,0.2670441760151222
5182,0.86109552517990828,0.10894725725223543,0.47560741928957545,0.25562293610816816
5183,0.35584300025926202,0.92850892916460293,0.48067773192421509,0.2665059008476568
5184,0.95084928307376115,0.66715589047089452,0.48807758160740422,0.26570504715620957
5185,0.67321979962865586,0.11397173689763294,0.47307685058433629,0.25534916231692756
5186,0.15581571308510611,0.84552480059195079,0.47261864428725642,0.26313616967846332
5187,0.64622898026184417,0.3343107364786207,0.47679487701170653,0.25892599659668725
5188,0.98423102872277379,0.9662852040403872,0.4933385172808627,0.2700963354391
5189,0.038778615896508564,0.65084869870311812,0.4647186470653083,0.25878498741478068
5190,0.67900737650179077,0.33918285369257212,0.47744923659053312,0.25912049831336537
5191,0.81164923136519507,0.10996685592242283,0.47499215385540222,0.25556168077166336
5192,0.40955324997572462,0.63048620736881866,0.47713598657576872,0.26245350916700599
5193,0.41668905147240731,0.50597299441249344,0.47513376491538933,0.26056109238799197
5194,0.64758103755478524,0.54179846499218842,0.48074424782280878,0.26238849305037792
5195,0.086189346880896481,0.065622146984457508,0.45809936689643288,0.25162583907990754
5196,0.078517410682362968,0.41570884416318732,0.46295756328073423,0.25619263504186013
5197,0.20392185834384291,0.28772754405835876,0.46551166776490244,0.25572802050992427
5198,0.39539194370830666,0.66837740207567109,0.47742746922252904,0.26293804075861149
5199,0.083503213539451837,0.26194820214033826,0.4608790406436068,0.25419566732558085
5200,0.17220315381783297,0.60528821576946656,0.46944912579529197,0.25992037180353322
5201,0.63172385555744404,0.5402388003652101,0.48041687214093609,0.26229074927301738
5202,0.85882533208426326,0.049059680662478788,0.47438735493614209,0.25458068004119583
5203,0.23355672276803527,0.27524654159519124,0.46623655863619018,0.25579382127647038
5204,0.42062545246368976,0.77011606721103887,0.47987928742463393,0.26472471609042519
5205,0.99814642084419036,0.078398890912148633,0.47656542871860108,0.2552501824754061
5206,0.21527689138524003,0.71940751212913312,0.47280222693884622,0.26204224506350415
5207,0.28200119887989716,0.48955707171455726,0.47119247625425442,0.25931442705390562
5208,0.95035454353637761,0.12233034430240515,0.4769403492951792,0.25597993107058314
5209,0.43476379956392341,0.27317689292222497,0.47147948483712859,0.25704480251149164
5210,0.45531636458110303,0.69121102017353986,0.4793649162074099,0.26373597503466989
5211,0.40193697432876802,0.11320804075283232,0.46796128637551671,0.25442777139142003
5212,0.66224556066194784,0.085135477778560023,0.47236039929654006,0.25484619696838834
5213,0.60741933224237299,0.13895775050582598,0.4724656988019208,0.25558605826105107
5214,0.89062819905584911,0.0097122331523220064,0.47398074726570311,0.25393309728286317
5215,0.31628750973950376,0.0028751181630068462,0.46408297222548972,0.2523763790166994
5216,0.64774767896864804,0.11986266481574859,0.4727821494010469,0.25538348839999075
5217,0.42358822777200261,0.20255101848071208,0.46999388582910712,0.25589721727817399
5218,0.015566870397899767,0.85614220379387274,0.46661747958015443,0.26113150619668973
5219,0.71102235909205636,0.85055408601608362,0.48780197863632679,0.26788562096666818
5220,0.15251510692277226,0.71823899630013621,0.47049098934455419,0.2612872008130056
5221,0.34744208315248837,0.57336429615282691,0.47448534676863496,0.26110383470020043
5222,0.026235204703256024,0.38271409729920564,0.46027014449812048,0.2550727090530277
5223,0.35840718217018291,0.35651192386752228,0.47107674485256307,0.25788502267103763
5224,0.41565438595603921,0.98016197328522114,0.48284304598022676,0.26748151687854377
5225,0.77066950429355496,0.11372362449826906,0.47450998306832975,0.2555524866431767
5226,0.79040307009710231,0.064818195146287325,0.47382501193909626,0.25475385996391209
5227,0.29550356100356445,0.14162915313594276,0.46583059817461558,0.25429006103811935
5228,0.48686708703882758,0.4207466384335305,0.47525963808079047,0.25963358511043122
5229,0.54206927322574194,0.73293370806801827,0.48215655021766574,0.26498157018861668
5230,0.84490926791074461,0.97904077882129936,0.49144101348248287,0.26973100984850923
5231,0.65838678699348818,0.39996679101296473,0.47825062016601089,0.26006368568935861
5232,0.27147059495773868,0.5458785490926239,0.4718053168439772,0.26005683988254713
5233,0.063435573229391598,0.039860750750440641,0.45687571254936238,0.25106538484234336
5234,0.24417523627016927,0.45042428728063827,0.4693944264020774,0.25841466004843899
5235,0.73046666363546398,0.39441825158541327,0.47935764269779496,0.26022367287189191
5236,0.073985208068729852,0.74216327374203839,0.46764347787452026,0.26054739872513311
5237,0.36113270048942653,0.19977737354746788,0.46847934571640626,0.25553282965179586
5238,0.52197033144891036,0.468513708374172,0.47688264273465097,0.26058166760261503
5239,0.4375055810744059,0.95998677288455658,0.4832355029128268,0.26748204071960197
5240,0.089365968183579392,0.48513757986956046,0.46443189095994297,0.25726470926566358
5241,0.42055843907709933,0.71096462136170602,0.47883516727480119,0.2637948560341814
5242,0.8804144508988947,0.0066739393023657612,0.47380108796271819,0.25386986201306161
5243,0.94096868422775304,0.67241345737482183,0.48804739911632694,0.2657672905180028
5244,0.0055253736776183365,0.8775973798838328,0.46642909688152512,0.26123533215855921
5245,0.3056196749938303,0.13770300329985333,0.4660331106397777,0.2542931073734272
5246,0.16229790655396645,0.64859971145942119,0.46976740320575738,0.26042031571343938
5247,0.9563229445261765,0.64135450734993216,0.48762529140528105,0.26525955185959066
5248,0.90509606798846509,0.016752205040294212,0.47428839135542866,0.25407036750319417
5249,0.89809431501218351,0.082180275152123075,0.47552173200214715,0.25520713559787089
5250,0.75976985997735758,0.98491508220472612,0.49011203398265496,0.26944402941213774
5251,0.98806039134036994,0.50228785077939975,0.48518560942525074,0.26284692786689051
5252,0.092645525245729374,0.64452227882508895,0.46696690171915267,0.25947937933385606
5253,0.54114646702975733,0.72965428432762858,0.48207572170471163,0.26492234678341381
5254,0.9239075342135854,0.26789385093474999,0.47958631689829134,0.25851786312635444
5255,0.88057086945375196,0.45876647907452428,0.48287525635873357,0.2617898898538859
5256,0.11195445621953114,0.92798425702726239,0.47210173935355731,0.26367318174508586
5257,0.81412563526612947,0.31173364027083156,0.47900662975089903,0.2590462523188502
5258,0.74229477544721456,0.81394645127864795,0.48770500087140023,0.26744720812112227
5259,0.63205114386716155,0.25762713232483947,0.47510477664812617,0.25760829547761555
5260,0.56626251826103546,0.00056806831782450903,0.46921479720378501,0.25324052431568439
5261,0.60237918087245201,0.76617407370648583,0.48407634686835399,0.26589226627272272
5262,0.052294795374141542,0.7178405740445829,0.46631787469082719,0.25988968135759138
5263,0.087910430010093854,0.28303631033551652,0.46136142063357422,0.25452634140974523
5264,0.71324887080398625,0.70567113033396889,0.48508347941531582,0.26545531052539345
5265,0.46169413109772139,0.096753084140887957,0.46896261308323045,0.25442556478463368
5266,0.843209326214029,0.89978589496071226,0.49074969648846112,0.2690957983096221
5267,0.35685855762840946,0.89152891473214846,0.48019225022130385,0.2660469679096536
5268,0.2810917259764974,0.67170199606335967,0.47419016943204623,0.26201384011296358
5269,0.97731088220610984,0.54848829052486692,0.48599946711286213,0.2636512905592126
5270,0.78161181195847462,0.99146555392594315,0.49051331411601146,0.26956885424982457
5271,0.7647580917517306,0.86513388519872692,0.4890006951819223,0.26835303367966645
5272,0.7683966825617129,0.9130271271876409,0.48967343794999679,0.26892528272895161
5273,0.4567359362247051,0.073209037707804236,0.46844713057600529,0.25404162775897554
5274,0.12571073665666627,0.68025401622602955,0.46885511870563412,0.26041251743880223
5275,0.17454820495891618,0.93127416849135192,0.47467193440744992,0.26458382050259305
5276,0.94418601537683289,0.65925962253707693,0.48782400762140643,0.2655422804080067
5277,0.44270393796226715,0.87033449325865375,0.48222201742532395,0.26647381566775535
5278,0.1577000086842687,0.45125884160086283,0.46651294084040834,0.25758927855468705
5279,0.46613286689260275,0.24368752793971216,0.47165025792506837,0.25673637032883673
5280,0.16768875032163924,0.38831709127220093,0.4658846073179857,0.25681049325986777
5281,0.54631765138827038,0.1758900292347069,0.47204498586060872,0.255986460381051
5282,0.51163770426484989,0.56623352197523935,0.4784341750103342,0.26209785388034734
5283,0.14899238156665814,0.85324185058124136,0.4724711639125479,0.26315470192476365
5284,0.86017189388152915,0.79354316332385644,0.48929149458821897,0.26762145530568227
5285,0.89961507353050407,0.34137794930870879,0.4807650283489413,0.25976699351873372
5286,0.5950492981763208,0.19236036154084141,0.47323894594068483,0.25641768035670237
5287,0.47054149905735398,0.6999989755442716,0.47989450023505487,0.26398147643994119
5288,0.042533986402081794,0.85522572350677806,0.46790240346628914,0.26158313691132534
5289,0.00201200687676901,0.16188131044750337,0.45609067170248696,0.2519214571279878
5290,0.035146787290566132,0.91003134301715771,0.4683607062536681,0.26219513883653062
5291,0.37790103176260603,0.011795964239269961,0.46568907046363855,0.25279067088918322
5292,0.50183624952082762,0.6122204749911675,0.47904786390647353,0.26277918457303739
5293,0.6840234089091537,0.94450990750120256,0.48847536488945559,0.26882557944029428
5294,0.8212324162662844,0.92259360346867481,0.49063792477688373,0.26922929798919693
5295,0.83200960035655891,0.34481610457062489,0.4799157524169228,0.25966540314777242
5296,0.35854953173123072,0.94092660860341282,0.48090215610402348,0.26666455031438985
5297,0.091052695648570076,0.8413231000694098,0.46988531545204587,0.26216293120882089
5298,0.81630177430493056,0.34734582676574355,0.47974231242821891,0.25966861551135545
5299,0.22138008447947216,0.41780241052979838,0.46814464987540066,0.25773905747520987
5300,0.57479212864945872,0.40934829762197333,0.47687577100831779,0.25987666793164999
5301,0.74196488288737605,0.043363566259376242,0.47274734472335944,0.25430999996348297
5302,0.47019095903864366,0.53545060157269475,0.47693851174331842,0.26136090473310725
5303,0.68836013026622822,0.99798264904058309,0.4889371310887578,0.26921334451338708
5304,0.53896619474246399,0.90396697001158033,0.48506290828964549,0.26761623359994002
5305,0.35219427292750916,0.084511208182282291,0.46631605668038661,0.25375907061878222
5306,0.29745086365022,0.50793121945863828,0.47195501016063829,0.25971589084766128
5307,0.9644783623197698,0.40463029514366061,0.48288140969000087,0.26103669458949613
5308,0.16175043597329641,0.87936804552165571,0.47338474301034467,0.26369773626569215
5309,0.61099330504575045,0.52237992555050872,0.47968415124321107,0.26189862467342606
5310,0.65035585155960873,0.16333629696249263,0.47364178988305722,0.25610739698242235
5311,0.63167702505589696,0.92750307990481373,0.48730693413589649,0.2684114207107689
5312,0.60539138422732941,0.54195762110844958,0.47994164292147568,0.26219578248742731
5313,0.28906658597443025,0.045305681232165079,0.4640851862264343,0.25285074954649306
5314,0.90826288094011831,0.36899964825619247,0.48143676444096761,0.2602748506523121
5315,0.47248002511447995,0.32433822109141625,0.47322050040453373,0.25803400231050172
5316,0.67978253321157545,0.73135579449926746,0.4849580311228458,0.26572876132389439
5317,0.74993525759653423,0.66750323848802362,0.48498919352414832,0.264966569298276
5318,0.92337304219970251,0.66526452138017633,0.48765371641862376,0.26558173702839433
5319,0.54177974402395779,0.10832005130025792,0.47073325024334911,0.25489069890347005
5320,0.2322399746441399,0.076343987424497037,0.46302293779960246,0.25294852254802647
5321,0.68660045828142902,0.16230915661846521,0.47420351195782279,0.25618591927072548
5322,0.46853237031208123,0.55076984963655706,0.47717390036565344,0.26159393589011071
5323,0.23772002839673079,0.86041042114867605,0.47587774915270287,0.26436023097123895
5324,0.33706459937071198,0.43516851181666139,0.47184900069151214,0.25892945578275367
5325,0.41270828752346572,0.91561731763958243,0.48210170247688711,0.26684145660750946
5326,0.27727155766097128,0.41647901037511187,0.46984408976493675,0.25819613688924087
5327,0.44359748866796728,0.42745466163709062,0.47439858556060177,0.25949969668724554
5328,0.8662322334297351,0.89749486200864204,0.49107984507259966,0.26915892685889742
5329,0.96411537150332016,0.0045743912405218001,0.47469281274361086,0.25390769174609484
5330,0.2087402290440048,0.41829371860394021,0.4677423302633742,0.25763019728530101
5331,0.35144191579971229,0.074742998549074402,0.46613393759167082,0.25360983129356396
5332,0.44837351630806227,0.65205829315906161,0.47849637106160009,0.26306739590141909
5333,0.26157628196649019,0.75863069427431329,0.47500763494978931,0.26311390592698219
5334,0.051592885957553521,0.87274228952544508,0.46858622554214507,0.26197039677418399
5335,0.45009040400715311,0.72865844832543514,0.47990227154660342,0.26429269467516914
5336,0.44109116103105483,0.48577643154339167,0.47537061212716786,0.26039957855681489
5337,0.59200167548964977,0.11362792974942132,0.47173103436075292,0.25512972874212408
5338,0.83272347997227913,0.87596920676204604,0.49029015275407023,0.26878629036919321
5339,0.48768785171896456,0.66671594879805351,0.47970539476759838,0.2635642620318745
5340,0.93246231312121963,0.37668225969871277,0.48190575087628629,0.26046628780256448
5341,0.036354897954396441,0.42122487646696394,0.46126758015562397,0.25571489864621205
5342,0.094528218557185031,0.59604220566157018,0.46631153668400127,0.2588412796909173
5343,0.91059455852907856,0.19450533224305838,0.47793602568945465,0.25719804221635129
5344,0.73354169895538368,0.62910156317300858,0.48396003930282461,0.26423847759643215
5345,0.88874644792148616,0.80520573779012783,0.48996911570276552,0.26794187508775114
5346,0.14389819088032235,0.15628819615946848,0.46149227522857017,0.25337575858075712
5347,0.3629202763184789,0.32794356546102793,0.47070490341279858,0.2574803896499499
5348,0.253914523736469,0.79969499167738256,0.47543182722157379,0.26364214492411719
5349,0.86488564271685897,0.44742259326177886,0.48242774284255513,0.26154671793200235
5350,0.68478583497275836,0.87261245203780713,0.48765788475755512,0.26806499715271997
5351,0.86187231154505861,0.72010355486905908,0.48784873125823458,0.26633441663124774
5352,0.54570669541993422,0.97082850645523289,0.48589238897487097,0.26828974068951922
5353,0.90589393648075645,0.39061002153999869,0.48184306634612561,0.26065165027753573
5354,0.39891439425238645,0.60417345072285977,0.47640005847368005,0.26196637960178115
5355,0.22681289214763092,0.39766788843387041,0.46799444690658387,0.25749769715408599
5356,0.0045098585560102954,0.69023114243001915,0.46367722858557564,0.25875274612504751
5357,0.3729346543569933,0.008268920468597207,0.46551683954056633,0.25271671544674362
5358,0.34455666590729961,0.18147506890647347,0.46775926658807138,0.25516583020909123
5359,0.22862412264164306,0.26884077168334047,0.46598346666865675,0.25566287341797123
5360,0.75490882492457756,0.20085097322702641,0.475978961164016,0.25700081203912317
5361,0.073410699956247119,0.84985329841278723,0.46923808008752971,0.26200957804601765
5362,0.90728302771946179,0.0064311906283837745,0.47410588959831174,0.25389199875804713
5363,0.22744008345805342,0.60323981601392163,0.4713354090030426,0.26048064839699137
5364,0.28665511758358919,0.6951226042181603,0.4747541527166077,0.26241650112667009
5365,0.65243618921089219,0.44000403808088739,0.47890407751567654,0.26070893967328723
5366,0.52084080122349552,0.23818810939734106,0.47268163794898621,0.25688571406760341
5367,0.7445366459612851,0.79240217208670216,0.48732646143709502,0.26708801492873963
5368,0.61421785084708835,0.7382756173703704,0.48379855511397535,0.26549658645564905
5369,0.16869693487779006,0.75812607704858526,0.47173405636486443,0.26205523202741893
5370,0.60885513786062362,0.19647497816992693,0.47355867750806058,0.25652912405994011
5371,0.78769678827518375,0.92861434743826987,0.49015014972897875,0.26914879227155164
5372,0.67150179497121132,0.31141825856658401,0.47679439578947913,0.25863107894857801
5373,0.14509472155795666,0.75192946296244623,0.47073107892987642,0.26166894777388572
5374,0.65585705147759299,0.082231105606083293,0.47220505168161453,0.2547834047917138
5375,0.05708400297741173,0.13084413185379234,0.45793711712716356,0.25217875285698255
5376,0.2832780508659431,0.079113333939400038,0.46448280566824052,0.25330737697756434
5377,0.29274054456470766,0.31110401894998502,0.46854874760590365,0.25676027126929968
5378,0.2445126822833554,0.61230316247857419,0.47204459052585773,0.26078281470060471
5379,0.60512228083164676,0.33824809542620787,0.47613135396126799,0.25883866337872302
5380,0.3542218926303205,0.49469551941441609,0.47332608480112098,0.25995646199180694
5381,0.96227054203943119,0.60597213539330985,0.48698127486410175,0.26464241303479263
5382,0.61871892759167824,0.45135358713400786,0.4784995930453726,0.26075825892615029
5383,0.2493529701070511,0.5167846310091555,0.47063859060210961,0.2594295175817613
5384,0.89284354482936912,0.24598943110090915,0.4787534659944046,0.25807256039870663
5385,0.48548403975196419,0.22539288980056302,0.47173337174711355,0.25653503718959425
5386,0.30422908271349736,0.52964200352054325,0.4725163364351625,0.26009614774581441
5387,0.14641612343258459,0.26049822917211568,0.46316893351217314,0.25482717398094912
5388,0.27029825471941155,0.87569775927875892,0.47723635111898682,0.26495030082289744
5389,0.24759784614475214,0.94832821474286033,0.47752108143243865,0.26565310387981145
5390,0.94537606334852753,0.99592267353908392,0.49298939732427416,0.27015270857855617
5391,0.60399427739280509,0.30845165586461082,0.47555548431912792,0.25834549596794149
5392,0.70250602330606204,0.76080984365429039,0.485949188739287,0.26634210153622428
5393,0.23893461932061474,0.2493068285498419,0.46598218092278021,0.25546327807112756
5394,0.43531349227168831,0.19218516193941471,0.47007390217752226,0.25579254666234835
5395,0.87513397393875059,0.42728596845365829,0.4821666448154529,0.26122076428713714
5396,0.70287838072309972,0.5812605276848074,0.48249992125346963,0.26329361484615693
5397,0.11210436204358704,0.39257138605593939,0.46392924486323367,0.25627819573231991
5398,0.17898820364846618,0.8424504319650703,0.47346102611004781,0.26339220079545134
5399,0.79160314732895942,0.32844174300661544,0.47901064322581299,0.25927638795990288
5400,0.55618961086591012,0.27952314279956048,0.47412514126044214,0.25769082222630502
5401,0.98205848932458328,0.47535894969544606,0.48455521481075753,0.26234729478772428
5402,0.97275428438530076,0.55392635809351931,0.48605202285552562,0.26373682985023977
5403,0.90747199094678521,0.87380032670324437,0.49140675946356033,0.26904313918358519
5404,0.3464848290504306,0.55425301280395367,0.47413249306933153,0.2608052795258084
5405,0.83246962959611559,0.65212828536623857,0.4860361686706699,0.26502994608893315
5406,0.71824336199731342,0.89726796944510434,0.48861397992844441,0.26853416438372479
5407,0.43111242331677352,0.22265218723969302,0.47051310555018278,0.25624383135517881
5408,0.15696129496298963,0.58035718787942314,0.46849984756462132,0.2593940608557983
5409,0.69240708380398575,0.89626247517691238,0.48812557990743116,0.26839726765647665
5410,0.74353226162215003,0.61082995973963994,0.48377608801506922,0.26396722267328704
5411,0.40795342085437153,0.68252560185379119,0.47800648355267972,0.26325420705617564
5412,0.31532289197643987,0.73220634158194309,0.47625609014325943,0.26324324423497714
5413,0.94434074995097472,0.18932191242218249,0.47823537661987853,0.25715974772149808
5414,0.867643934779882,0.76566073306660409,0.48885045613781458,0.26715999312146405
5415,0.9088985104457592,0.61687991624417482,0.48646659521316193,0.264673228854927
5416,0.81322510838456219,0.215506663901743,0.4770930812681119,0.25738148774733305
5417,0.95527361817426282,0.67820632044012896,0.48836459030915158,0.26591740945340236
5418,0.37431568882466526,0.15553029406453717,0.46804589578923728,0.25493581945863603
5419,0.63658993511785522,0.045103583523340061,0.47120336999027618,0.25412923617666466
5420,0.64437925180309696,0.35026193316109711,0.47706354379791127,0.25918422401317626
5421,0.23259238965580006,0.51917191610647129,0.47014177759557024,0.25930853758044953
5422,0.92385605639443968,0.4866631096734782,0.48403073075408204,0.26240170627880427
5423,0.79788312737512179,0.98757091059294766,0.49075467793431538,0.26960891934916165
5424,0.50132519643012208,0.72775516015036268,0.48112927377385328,0.26463465775335487
5425,0.51260626284600008,0.60193497824602527,0.47910430988014197,0.26267845564643494
5426,0.50767606657255682,0.57819414269692504,0.47856296356835493,0.26226720884578553
5427,0.20814580586956583,0.45020893505535792,0.46823228228001557,0.2580815307001505
5428,0.8173362441400881,0.001690806068677921,0.4729372183173694,0.25371301491008275
5429,0.39059510551131099,0.4086906403833418,0.47279010908919716,0.25888749007293621
5430,0.39714871844336158,0.41018765296038473,0.47297909709446057,0.25895174702242113
5431,0.73553984730084199,0.38540841208401838,0.47926444358693365,0.26008687515392964
5432,0.45817023702639853,0.19051093171545072,0.4705398954719956,0.25586960891024585
5433,0.51504840290778087,0.39053281290152808,0.47532041166774935,0.25929473022534211
5434,0.54970284438113459,0.85036075746697615,0.48448192292565689,0.26694434883444423
5435,0.1204833946464467,0.70479089380606308,0.4690245530787342,0.26068591474572622
5436,0.60584237094422566,0.13245870875079419,0.47231812326829686,0.25547561905111582
5437,0.08738652554807487,0.97192508911771014,0.47161614241094096,0.26382986779937428
5438,0.91562141160377075,0.69891286961882149,0.48822513872467271,0.26615496122675997
5439,0.71720940505716724,0.33498861275018427,0.47799635317289851,0.2591733336858586
5440,0.71691205388031665,0.91457297460538112,0.48878952126545877,0.26871140817137107
5441,0.16716062058383832,0.64696409668094712,0.46992174128563202,0.26045424981653104
5442,0.63001497719396138,0.56443910564504329,0.48084060235799914,0.26268556823675043
5443,0.12568512293962997,0.79690630700084153,0.47065733730302806,0.26204296628319296
5444,0.65930546450278493,0.35201023768935125,0.47735709024581219,0.25926690740246022
5445,0.3930346621142351,0.68554931445299883,0.47766400412283466,0.26318680688630991
5446,0.72345570584613605,0.92441918360028652,0.48900728679690308,0.26883482030018158
5447,0.92546558735672146,0.19758860747161089,0.47817884262133176,0.25727668289880246
5448,0.98383666192773966,0.01915986507938942,0.47519891256877783,0.25418162882064965
5449,0.093166409526660582,0.31605306943446632,0.46205488955228946,0.25502799291701561
5450,0.49459439452710796,0.45110149032241897,0.47597536611343277,0.26015812083485534
5451,0.30399929837590317,0.90884202160629213,0.47884863516121906,0.26577411230057796
5452,0.086829214456712364,0.91877118197710961,0.47087714156987254,0.26316676885767759
5453,0.22011587111303818,0.78334280733506889,0.474006971363931,0.2630284150967227
5454,0.25127744162158344,0.37930031598183561,0.46845675796535136,0.25744042415473722
5455,0.4863881445886451,0.90461898274837305,0.4838388989445746,0.26726892148113079
5456,0.90909201311146615,0.86311913119511452,0.49128260166625953,0.26891505851187586
5457,0.8796518169271178,0.39320781074486438,0.48154345524539544,0.26063287933051704
5458,0.22874298651173014,0.24985577548384902,0.46568335389844168,0.25539222705325049
5459,0.29237175156831507,0.8863082370604739,0.47813205208661214,0.26534187253378361
5460,0.87275119327913275,0.97116143508484831,0.49181110174780823,0.26977941670381489
5461,0.63635250111847419,0.8025047591153881,0.48545934275830543,0.26669319201445862
5462,0.45466951414387446,0.95049353624006039,0.48358093690918946,0.26752462090026885
5463,0.67893054544330811,0.95108126609596666,0.4884360482072812,0.26885381869471947
5464,0.96250576239762597,0.70724503135090933,0.48905866152107547,0.26646231407100324
5465,0.98639055878514192,0.55710288025824128,0.48629404062628467,0.26383075757563773
5466,0.62697816306123277,0.8979721819468891,0.48687389989730623,0.26807431539898852
5467,0.7877418322983315,0.33001507351439213,0.47898474304908739,0.25929308238111037
5468,0.87437728279045557,0.010133690972428304,0.47379915098618303,0.25392366976673536
5469,0.75104923011717617,0.17154292589690304,0.47535396669136826,0.25649428943188307
5470,0.41504820423136701,0.89534673776807039,0.48188249543133815,0.26660431883599439
5471,0.68168105804215895,0.50107896063447699,0.48058726938162777,0.26185036212442941
5472,0.42604642114333113,0.72139722040261844,0.47916132379782367,0.26400018882853571
5473,0.97613235991947589,0.7893766852591303,0.49093072206589894,0.26798639252113515
5474,0.80942418165771524,0.77906699577855176,0.48818261871991175,0.26715382102716739
5475,0.86052900581572911,0.85949064046078139,0.49049304380986064,0.26868386020271795
5476,0.67484390433166419,0.45645978229191392,0.47961458172665644,0.26107273580689655
5477,0.18068023453351342,0.38239221054645023,0.46623796076416463,0.25685462176174612
5478,0.35579851260656725,0.34365108332288219,0.47079035989261664,0.25767338078885327
5479,0.2878001832307433,0.51494081708268502,0.47178667348553122,0.25973980515664402
5480,0.49261832842695297,0.31537279998079176,0.47349257747578444,0.25798947192502447
5481,0.010521288271213416,0.62934049831583405,0.46309164484047821,0.25805526381885352
5482,0.465862608486868,0.45147866864778335,0.47533899169719274,0.26000547682665687
5483,0.31098920925167622,0.78236315707935722,0.47697197755539245,0.2639618800302137
5484,0.73999152646757427,0.55010418877779743,0.4825351799506391,0.26291328376122763
5485,0.8761073105010786,0.97721993270850516,0.49189843755302709,0.26982759495057324
5486,0.83045718756146969,0.62979491924388564,0.48556061847907617,0.26463189253594499
5487,0.18038440738405334,0.44041974801396722,0.46714012799380106,0.25767094822704956
5488,0.42307416933501374,0.066398934476135762,0.46761995926732469,0.25380488763546993
5489,0.55442957486457889,0.51000267767877083,0.47832299745483037,0.26141995070408663
5490,0.4819551340830629,0.091958487684291323,0.46928899338524432,0.25442685234728646
5491,0.5049713319011615,0.38922342780247565,0.47508371607166155,0.25922425757657158
5492,0.20725443243941993,0.33376007917878453,0.46634824812225617,0.25641056938221174
5493,0.59107943134323004,0.35067583184173567,0.47610116224527727,0.25898693399424388
5494,0.74829591607152257,0.41976053877588132,0.48013512080824389,0.26071421270533701
5495,0.80704350129769886,0.075877128074422956,0.4742615502991589,0.25496931221322466
5496,0.95644887265959988,0.69865013694214861,0.48879885655423555,0.26628808307761775
5497,0.56156550077736611,0.18818584516063566,0.47255429334255328,0.25623750293997111
5498,0.69654061776726739,0.090229738855280447,0.4729846204418674,0.25500732971043899
5499,0.50943173334783654,0.96984318215308019,0.48506810544608819,0.26805862679740228
5500,0.1244535528120934,0.73437583705355647,0.46964046053093017,0.26115136289235558
5501,0.74660345647361837,0.44053287599176405,0.48051233512779457,0.26106358769113053
5502,0.65339885045232948,0.66409857798694871,0.4831739839568206,0.26446405462361844
5503,0.84890389362097485,0.52459454135255656,0.48374226292880546,0.26285309904237886
5504,0.97827935672973987,0.70875303654888411,0.4893062225690834,0.26654073801786354
5505,0.71144452648382872,0.79405743220954905,0.48675560743918267,0.26695314964228106
5506,0.21138494720252929,0.6107345165208331,0.47091500518855023,0.26042441711122405
5507,0.5358407434590976,0.89289162555242663,0.48484266448548757,0.26746027409056089
5508,0.40038597518751634,0.86619923759481177,0.48101750550358258,0.26606286392413786
5509,0.37725094250881813,0.37449888545112919,0.47186524053726603,0.25827904104463706
5510,0.2211418867689674,0.89599075353624069,0.47587112086428562,0.26468699804481211
5511,0.0035320081121404659,0.9280814886337263,0.46705912284633955,0.26186624897289734
5512,0.77810418117264057,0.15922114844581811,0.47550061954172812,0.25634240151435495
5513,0.3840803188152262,0.49381828871235484,0.47409793657831917,0.26015443752531281
5514,0.64383427804134552,0.94500868251348158,0.4877129236279325,0.26863027231792475
5515,0.054294720790546855,0.71351496980133233,0.46634374344183688,0.25986214508345101
5516,0.26444531647417463,0.99114769599629804,0.47850909492517973,0.26623070350653993
5517,0.61022540191753072,0.76718641828108813,0.48425873811379849,0.26595453973837391
5518,0.4010073018149124,0.77440426261870898,0.4794306674827471,0.26463506462446973
5519,0.6863658591908286,0.44145748078547187,0.47952828815018672,0.26086455755847149
5520,0.11497877577018226,0.69715842581236509,0.46868506415840089,0.26050653124819811
5521,0.18315532878701343,0.62025951717739236,0.47008039186438511,0.26025647643038546
5522,0.69236225743688418,0.6517219944879995,0.48366577532547711,0.2644415929719246
5523,0.94004378449259096,0.77670698842561114,0.49015854005729009,0.26763039308332121
5524,0.94039748439363902,0.15526259164517978,0.47749605619451052,0.25655025614440741
5525,0.79473867843806523,0.64752925091985392,0.48534504398124489,0.2648054305313764
5526,0.46508049380393934,0.74603447905600773,0.48058570145341561,0.26467707619796532
5527,0.78173238094990383,0.82450784724679549,0.48860195629156644,0.26781358599227489
5528,0.28948028153477939,0.095313517079094898,0.46491182078247356,0.25357887855563355
5529,0.46688905873961051,0.98627259441764337,0.48418406598526353,0.26789620028878069
5530,0.94193656527347636,0.11256171432865085,0.47664568235946569,0.25579649735777893
5531,0.93747898424774179,0.11588392748701154,0.47666209362110273,0.255849673348297
5532,0.049402575901069209,0.69252138738216595,0.46581293846966337,0.25950499525367798
5533,0.11223023500536802,0.020427077134128196,0.45836652581321669,0.2512674271142778
5534,0.28423799713113113,0.98487110619089802,0.47909239665163461,0.26637872767009485
5535,0.89775853337553568,0.873769114594243,0.49126278115994498,0.26900783783885235
5536,0.55853482434320034,0.46961740096368598,0.47766371767527377,0.2607831978215373
5537,0.52985801737288718,0.0047806637096568013,0.46864659953975069,0.25321075428938827
5538,0.31427975389455681,0.83557421321492875,0.47797320540715493,0.2648004801518043
5539,0.48997736683258558,0.42925394442992987,0.47548081686424781,0.25978538015049274
5540,0.49503168111705459,0.96572185541802313,0.48469713102471168,0.26793179220690794
5541,0.21434378158556067,0.51733081308648687,0.46951307098745082,0.25910602945723926
5542,0.41195365692315394,0.31771877705008961,0.47173034722161333,0.2576129231037565
5543,0.91285734745772795,0.93444037743663644,0.49212731454736125,0.26965578260389467
5544,0.72926311065332272,0.063462818718433844,0.47295391842195017,0.25462517718520378
5545,0.83297964194304086,0.52719376837975573,0.48355765313565313,0.26284750422123654
5546,0.29074856690483869,0.36821216255755868,0.46943756579739232,0.25758867768155619
5547,0.37455255511676661,0.59258152700742939,0.47555503814108069,0.26160659622017518
5548,0.13483999463223154,0.98643701147778196,0.47376508783243348,0.26465887719881814
5549,0.56221612569153079,0.38884670876645255,0.47625033564911712,0.2594870301898542
5550,0.96349570375707705,0.067076377987640448,0.47596045652376862,0.25501479955433987
5551,0.94581008060021565,0.73126586015258221,0.48931548089519722,0.26683714339622194
5552,0.766146783273702,0.6605516143806629,0.48512869073998527,0.26491525473080907
5553,0.08478492386018624,0.67994702669164409,0.46717205010903612,0.25985491778894665
5554,0.39561342071156252,0.42461818269673973,0.47319135267191487,0.25916453623013919
5555,0.21386398801341422,0.66274739141288452,0.4718381228108609,0.26120387855285754
5556,0.79583960008859878,0.45941608451990179,0.48165314302815709,0.26154976325323975
5557,0.98279870131666536,0.41197446188378384,0.48325923383208647,0.26120886632635743
5558,0.083082798924075912,0.038320848665491215,0.457587765536279,0.25123793829881175
5559,0.773455249452626,0.27738127198430013,0.47774261783575689,0.25835195359157742
5560,0.034967294062033763,0.99934368540575969,0.46951784703263238,0.26326348368366359
5561,0.61703696247868933,0.66544304171028779,0.48248764739944816,0.26430097024701688
5562,0.77027190841872939,0.65169107058177478,0.48502426395469306,0.26477940501685132
5563,0.78875981289768826,0.2007483734603622,0.47646263544879802,0.25707524314566871
5564,0.73654406060079347,0.33148823296193736,0.47823520614095338,0.25917283874411684
5565,0.45438955366477607,0.013126252668478992,0.46734783216918113,0.25310504418761909
5566,0.31220628842803422,0.16203090450094315,0.46660762507826448,0.25468993531506823
5567,0.26814253008690431,0.61288812850165408,0.4728091439106053,0.26101785543722666
5568,0.85963263394149259,0.56938084239097086,0.48479631585373112,0.26367380138094126
5569,0.56875311163378639,0.41227757565208012,0.47681125611779723,0.25989744241964591
5570,0.10522075789450901,0.49198861819620948,0.46516715088018257,0.25755467803121967
5571,0.43066167093684199,0.85908341674307598,0.48171411508714962,0.26620578741769169
5572,0.42858081736470344,0.50165613517543539,0.47534971894960593,0.26057029662042192
5573,0.21302349615519636,0.82100574405371451,0.47436651874679442,0.26349630232132415
5574,0.1080931120412075,0.41347400209483459,0.46409165142610381,0.25651718958786168
5575,0.35391235802479787,0.10631108344536043,0.46672406006891443,0.25409292964339009
5576,0.82665870852301593,0.64120477077193794,0.4857282596402045,0.26481730894891048
5577,0.31375076653558065,0.37511207525407669,0.4701987307100951,0.25786029440083835
5578,0.22929711147964699,0.27930925411625068,0.46617169989876051,0.25581815376672801
5579,0.73951963235236473,0.37695432343821739,0.47916377149015693,0.25995560537853585
5580,0.23051868515984389,0.28310509645520943,0.46626994290373841,0.25588234637935181
5581,0.29430988368716787,0.46284727057093994,0.47111169009051224,0.25901904660415964
5582,0.2481568887758418,0.13666020596415038,0.46444284763482735,0.25391433287847165
5583,0.041636867663345768,0.66118508163850054,0.46500015754991425,0.25896663747302856
5584,0.85305850171922948,0.65185593504694994,0.48634817324514734,0.26510079787024965
5585,0.92909756275390976,0.55842959367266154,0.48556145360236624,0.26369465570174433
5586,0.55738012068365939,0.42879809614057884,0.47688909162253823,0.26011401653250749
5587,0.013350209502840882,0.031218075688171667,0.45476181926061582,0.25041611977486833
5588,0.78121806674523975,0.087992565360700256,0.47415373946183637,0.25513359848800377
5589,0.83549800136253471,0.2249323825307307,0.47758249788603219,0.25759107262457254
5590,0.18831880333510925,0.93276554599126105,0.47521245194759137,0.26477716041657412
5591,0.27372565064233495,0.74937394518068767,0.47524860501692184,0.26310020235693221
5592,0.23377099269238535,0.79595367453553489,0.47468668574973943,0.26336664646419472
5593,0.88106511526136888,0.68409207293352814,0.48741744202377069,0.26576997630470628
5594,0.49742924101239772,0.48846398469590352,0.4767115254088749,0.26077016490136162
5595,0.14464071351898602,0.3711439043129911,0.46480491134353458,0.25633679709232038
5596,0.24504266727376964,0.21455885118833978,0.46560450318104785,0.25500981995119959
5597,0.74338649374170929,0.82675207249267268,0.48796910468445126,0.26766889023542911
5598,0.2667657176211593,0.73546082296828974,0.47479328866891279,0.26282284538767753
5599,0.13036936487747591,0.84470738824020375,0.471589526680874,0.26277899395055621
5600,0.52711801496461264,0.4206267673018505,0.47611963373351307,0.25983692132467429
5601,0.99160885238371566,0.49479674555511449,0.48507573785401759,0.26272059826196542
5602,0.9139987657182268,0.64561329873994699,0.48712144902207222,0.26520074725700044
5603,0.64925234302863244,0.61751199020860958,0.48221085405291852,0.2636629081416928
5604,0.59798558587102446,0.32449425557282524,0.47574356648147065,0.25858558538750309
5605,0.90201499783537586,0.90615765517827818,0.49170793348095748,0.26937338238048636
5606,0.16871104485125982,0.68009954731484179,0.47050161086405567,0.26094345149009907
5607,0.84910085545663028,0.62835421220575238,0.4858182537134425,0.2646738334157907
5608,0.12720922873864185,0.25484886001859564,0.46240348192510605,0.25456185239930318
5609,0.64075967116168475,0.22835651484319244,0.47470450024690264,0.25715309618192461
5610,0.34893840488101124,0.50041942402591233,0.47328099065683676,0.2600047696682663
5611,0.53821006355310097,0.52557451687614676,0.47826919868064377,0.26158846009687631
5612,0.67292668867047178,0.82274906628358879,0.48657198118021849,0.26723751423619785
5613,0.18356344493703219,0.57083226819745037,0.46931100786107255,0.25955567374553418
5614,0.61786380321866596,0.53298748684673336,0.4800156711114506,0.2621062930932565
5615,0.092099604738981003,0.71380797123456141,0.46799334639153478,0.26042208777581033
5616,0.44716332392391051,0.86351542080148358,0.4822231219470644,0.26640626539527351
5617,0.95386665582306462,0.64959661276467384,0.48776026560528546,0.2653997631297848
5618,0.68742731772019761,0.082858815648790912,0.47270653207515678,0.25486494448552521
5619,0.53787460822701694,0.54661511144913966,0.4786473469618559,0.26192766711281557
5620,0.13539914842097789,0.91445420507773534,0.47287835584400362,0.26383103610548364
5621,0.48571458988505184,0.45354362248441904,0.47582307398348916,0.26014886146592314
5622,0.28973250985952326,0.29312596375314753,0.46816741846032561,0.25647408630872304
5623,0.56930458607383772,0.86144829867003725,0.48511109448576373,0.26724182609534031
5624,0.19232393513285789,0.32678310163441349,0.465752340329258,0.25617863406936597
5625,0.8017344392261585,0.17295014237653231,0.47609718600112327,0.25662526975922711
5626,0.72818696354768475,0.1258532069246634,0.47413738456186816,0.25567212059618788
5627,0.7708318815098727,0.5552332996737096,0.48314320661331811,0.2631181106931742
5628,0.074279300398158374,0.13416966466986341,0.45865165390524426,0.25240624178281473
5629,0.27450702316783138,0.49673074701632142,0.47108603732992438,0.25935705609363674
5630,0.92072737127110604,0.29914173857715215,0.48018075685698075,0.25906506628671733
5631,0.51736072360890684,0.018829207054933069,0.46866901423387625,0.25339634348967449
5632,0.98752575733884007,0.39005982284593632,0.48286544906402773,0.26082486418951151
5633,0.4915140225803829,0.20887410397400383,0.47156286353145743,0.25630018268235499
5634,0.062142790113145024,0.13532397966048448,0.45819986981138483,0.25229208915483081
5635,0.7416871123532881,0.33353996164357524,0.47835533273813363,0.25922302229196137
5636,0.39815125308354621,0.37847357979522783,0.47245360395235425,0.2584692785532432
5637,0.0011645322077791208,0.90123940522189949,0.46655033931663231,0.26146733791125953
5638,0.022731964727060405,0.77546431361514845,0.46579034289328725,0.26018378278209747
5639,0.26130097452016782,0.34065689888322959,0.46812797590841609,0.25695831988467244
5640,0.92953224872940921,0.76591398551933232,0.48978655987128639,0.26739927121046464
5641,0.66209246295526392,0.85200669727869105,0.4868885988553372,0.2676486997592416
5642,0.023804659331485165,0.72240900055245738,0.4650685237818889,0.25949770001368289
5643,0.64584854943141112,0.1044641207637149,0.47246249485036945,0.25512521484680212
5644,0.74259905307466401,0.80541755738154752,0.48754474272602788,0.26730221192705977
5645,0.049584450874046893,0.32240503227672307,0.46040039787856946,0.25459256351333925
5646,0.036493057986872739,0.2293301773632993,0.45851458694887748,0.25321677456080421
5647,0.74870888326630236,0.24459184682600901,0.47673638113479572,0.2577292830929454
5648,0.17431412680189826,0.94115770071103477,0.47479464713550323,0.26470124532777856
5649,0.5533157910884009,0.74329653166722276,0.48259693116160379,0.26522077330209926
5650,0.47786281453439738,0.38551688673224999,0.47443025548415252,0.25902753083729996
5651,0.017801885559724177,0.85226295293624288,0.46667081312736514,0.26111939746153945
5652,0.062949494449340268,0.21654936263504207,0.459407930175185,0.2533635296138339
5653,0.5101161961277132,0.63393721330069241,0.47962969100426872,0.26317917196720436
5654,0.9422163035615464,0.57973048298478824,0.48617415339867687,0.26411334085526539
5655,0.5081058695892221,0.68950162268531279,0.48059296441220078,0.26406238167917256
5656,0.64364618243615845,0.78059444923623245,0.48519194607299138,0.26636702892161584
5657,0.27513126184399006,0.038947712103498636,0.46361403142573654,0.25268012598621481
5658,0.34967124503642555,0.90364661370917465,0.48016345782031439,0.26614550717309449
5659,0.95743557838128179,0.90212548158542483,0.49245360127052296,0.26951887046151513
5660,0.5705068028071546,0.17034430892950622,0.47239171938513291,0.25598018040747522
5661,0.2189800746622379,0.13809323036373825,0.4636109099055683,0.25372955349404802
5662,0.23013918655173621,0.66698885291010379,0.47246085287152351,0.26143778551854524
5663,0.042753152050205974,0.18451034764331997,0.45813237507745558,0.25271210967932778
5664,0.03738705341111636,0.094995884658361326,0.45664032361132789,0.25149794813505333
5665,0.051495564463490157,0.68914919008173747,0.46585724272718998,0.2594916718931492
5666,0.74989619004748531,0.50819226242114091,0.48188326704720669,0.26223295212866526
5667,0.28301990245877534,0.23422590479472422,0.46701064676227821,0.25556345283280446
5668,0.61772768461284,0.53435170098604867,0.48003866752134017,0.26212827221362872
5669,0.89374933800835865,0.71368799251980386,0.48820271860961906,0.26633980584044875
5670,0.54327072383855701,0.61040083490655528,0.47993275245069172,0.26299334088713017
5671,0.79770759757839849,0.86297576654296138,0.4895299063269673,0.26847057256374518
5672,0.14190744515835541,0.45681536314865812,0.46602584408922937,0.25749587276103059
5673,0.76850358662150109,0.0192114655583282,0.47264455212659684,0.25394491969488614
5674,0.62436743215956969,0.15144492479768815,0.47298655274303331,0.25583897252068544
5675,0.75156259373667422,0.092174583859241099,0.47382434592134426,0.2551509278429071
5676,0.80751788640863964,0.98092193155320129,0.49086925944403448,0.26960627192580594
5677,0.4628771840783884,0.85916408128415944,0.4825520031723548,0.26646214710713972
5678,0.47797911738998961,0.048670557356381323,0.46844423093806442,0.25373740142535117
5679,0.26700296932292406,0.56697355865429855,0.47201541141683212,0.26032833503541591
5680,0.64279407743728956,0.53242006748361748,0.48047747234257404,0.26221050680201996
5681,0.85395468395998475,0.28557126714509218,0.47903819237372663,0.25868557928839592
5682,0.36808514725767311,0.39789029050694086,0.47203344139615511,0.2585771443779562
5683,0.9168293335842318,0.59206358091271261,0.48607534883756454,0.26425693212824264
5684,0.69947939155589556,0.28942501247216712,0.47683548557683714,0.25835054358220466
5685,0.40743553763973761,0.64721281407006315,0.47737417675822019,0.26269900309664973
5686,0.3252186829986633,0.53282839968282503,0.47317346873133309,0.26031389939294119
5687,0.11363977889363888,0.9249808281033649,0.47212940284619753,0.2636582867025381
5688,0.65743626442704117,0.50398661232878217,0.48020828827926038,0.26179890241824944
5689,0.64039168669687363,0.59466297528400325,0.48160951795343754,0.26323852387911983
5690,0.198193119015696,0.91176688838155251,0.47527969472111975,0.2646274788936141
5691,0.13317931602358588,0.62493593354354382,0.46829343906631044,0.25973536034340045
5692,0.90943089559070078,0.76112992445380656,0.48939392869585474,0.26724004336457285
5693,0.87890337687126596,0.8780280130352941,0.49103528652329553,0.26898904079932578
5694,0.74086851444920754,0.29752993448750348,0.47764418498186101,0.2586081590201379
5695,0.007695343357126694,0.44703344789900584,0.46035337978631452,0.25564043793712887
5696,0.92859164413708506,0.48071323349772721,0.48397298886387435,0.26230838440083742
5697,0.070632461656129464,0.88702330529800388,0.46967307439156442,0.2624744685665128
5698,0.39156429188718322,0.81403464726913954,0.47986460496915417,0.26517502901656337
5699,0.59284767141212946,0.3550158278807416,0.47621501725445303,0.25906509324369525
5700,0.40313709583018209,0.3173157885754132,0.47151369537504684,0.25755717254626626
5701,0.87294451696589825,0.30435218930990671,0.47966811480222715,0.25905618525632929
5702,0.31910945132785712,0.24924178040794798,0.46823969464302545,0.25602284883550441
5703,0.54367509627084953,0.15336102692711867,0.4715857288754583,0.2556165115399851
5704,0.16291001574344702,0.54736345191121805,0.46820133247852763,0.25899631049810495
5705,0.67527178809317989,0.95134405811767797,0.4883697516615127,0.26883831957564391
5706,0.21583172544987175,0.9362812761938083,0.47626715976986961,0.26515618482448844
5707,0.15050081721284658,0.58905825186494043,0.46839562970155851,0.2594415302918936
5708,0.63998576868878443,0.84784717508965401,0.48637572162847575,0.26746172623137426
5709,0.30919284487146653,0.2803205867910874,0.46849179299575316,0.25641908462512086
5710,0.95764134510235166,0.76941658542015368,0.49026183548503438,0.26756252755972948
5711,0.7053327104611905,0.28288099772840508,0.47680401568900999,0.25825789657657716
5712,0.9737898235977045,0.81533617211187959,0.49141499803250382,0.26843366616359748
5713,0.88380682602551541,0.72596256585087404,0.48830093936820745,0.26652064413345478
5714,0.9583599664962269,0.42730334362162975,0.48326917857450286,0.26142872567552949
5715,0.86425661125538178,0.53135528775543206,0.48410185783051451,0.26301996219264917
5716,0.13618998069217197,0.030545343879528813,0.45933337528185619,0.25160514616873147
5717,0.34812528140590293,0.84756411766355166,0.47920150060009403,0.26530757369623409
5718,0.1724852966375067,0.4689589869033895,0.46731391842997771,0.25799336304565906
5719,0.33940114405128408,0.68296806764294171,0.4761295479268905,0.2627090790660207
5720,0.46384512112367671,0.82047818217173918,0.48188763459412648,0.26585512932395761
5721,0.38493657473578352,0.78556966658135652,0.47918508918742386,0.26467591162888116
5722,0.69847669458839812,0.12219739569922676,0.47362299240487499,0.25554503679986884
5723,0.20341430030871416,0.042999975681945218,0.46165094012447028,0.25228403090386398
5724,0.076552411157370076,0.82356686228577747,0.4689815035092722,0.26169837175165667
5725,0.18248079402017173,0.098620851327280989,0.46187194805580389,0.25290343593065778
5726,0.38378708716543625,0.074828928429202649,0.46689281718949716,0.25376398161641972
5727,0.29036801923416788,0.1721714488644735,0.46619417851979594,0.25470462175582814
5728,0.63774330918331401,0.99619758648927104,0.48797185623960126,0.268961833790682
5729,0.61334261915817634,0.96388776776607854,0.48726430196038995,0.26861999253290814
5730,0.6920968496695511,0.89872979400827324,0.4881502839838926,0.2684236190045905
5731,0.84441346306822962,0.50338064709439645,0.48325264211929264,0.26246746554087924
5732,0.50254041110329573,0.57474917560255856,0.47838529708757194,0.26218163194691152
5733,0.25618558818442982,0.64800228573995411,0.47300784539764551,0.26142229504271847
5734,0.77048066271260618,0.67144183389345413,0.4854147469429354,0.26512116095849592
5735,0.79957648410211557,0.2867462618215359,0.47830582199360405,0.25857853048091095
5736,0.88575736974576724,0.39628325648427709,0.48168824444785785,0.2607023943740791
5737,0.95995765712956205,0.39433768895854016,0.48261394317292916,0.26084242389781093
5738,0.36580771153423702,0.1847454981715535,0.46833832278392229,0.25533187023505571
5739,0.88973275595376045,0.37498542594428874,0.4813125367387282,0.26033680503162543
5740,0.84857190389659953,0.040214561307395341,0.47408598808134378,0.2544146357050458
5741,0.73283967397351513,0.28767754034566462,0.4773293603373171,0.25841827725887895
5742,0.099573155490902732,0.33209133879122094,0.46254073468083268,0.25531615889696935
5743,0.48520834933436713,0.13366522061132127,0.47009442170710225,0.25509200061796011
5744,0.88081983883419313,0.57013877095355425,0.48512066714929197,0.26375551704606065
5745,0.80443757821241157,0.17634896906864597,0.4762010419957724,0.25668907580647926
5746,0.47573503753076074,0.96065763891785172,0.48419382807907557,0.2677616838417865
5747,0.39234965396308108,0.73457125297329628,0.47850020309830515,0.26394384828647011
5748,0.77998503871838332,0.055270719415054195,0.47349942011470703,0.2545745848931989
5749,0.54640993028812812,0.78845183298456256,0.48327427405238854,0.26591527651470376
5750,0.2131846902183839,0.85934813560316115,0.47499318598345547,0.26405772037128072
5751,0.071115279124432704,0.75914893077282464,0.46777251225950622,0.26073580520724121
5752,0.80828434785638237,0.7529090137003106,0.48764681201734622,0.26669311504402687
5753,0.0056894902702071702,0.58556672449283065,0.46223425887961972,0.25740601011079223
5754,0.33989414946724433,0.52335695756209311,0.47342378130571283,0.26028503325860713
5755,0.94355026866745906,0.91679612718151193,0.49240572544830119,0.26960922079808253
5756,0.32788239733324154,0.44621951920156139,0.47178454478429027,0.25902901210592344
5757,0.75872174661195613,0.26391786361160924,0.47726167393618835,0.25808402688421611
5758,0.61886695923717927,0.29558843581267868,0.47558396020009563,0.25818847573555959
5759,0.90974473110913534,0.23492211296943716,0.47874257281762372,0.25790907562812243
5760,0.65559798876842257,0.74513709136486284,0.48475576508504892,0.26583637253241504
5761,0.95077106614600648,0.36721278432476107,0.48194398762838753,0.26033771514620702
5762,0.77670589413916469,0.56982601965175705,0.48352445244686942,0.26339161411632295
5763,0.31767081421675397,0.14389425404701614,0.46644859433621888,0.2544545293984154
5764,0.042329389643634203,0.40059301319374935,0.46122723458029646,0.2555251358756192
5765,0.033511830011417623,0.02456595793660963,0.4554913004610267,0.25055690575326894
5766,0.84158896603541222,0.17712308807404478,0.47671406676517558,0.25677379939052164
5767,0.50398946505385689,0.43861922739486914,0.47595484580808389,0.26000851568649735
5768,0.29706281879170571,0.24018303864073243,0.46749612410480001,0.25574541244657284
5769,0.078488283540529669,0.11906359366491671,0.45859154326449497,0.25225147959319777
5770,0.1540139860955882,0.10199031253907598,0.46100559361466192,0.25272157849726296
5771,0.94765294409549106,0.98066961054118584,0.49293597227338337,0.27007568107696334
5772,0.60541979867959161,0.98814542373128944,0.48727903765257591,0.26874635373419808
5773,0.54470334090486872,0.98464445773506304,0.48597259396205505,0.26838186852080931
5774,0.92367947333910283,0.18714333211953055,0.47794557827334588,0.25708926045752273
5775,0.26751779294611189,0.377443507282401,0.4689138641417121,0.25754486204016436
5776,0.99290579535308066,0.91498712399253856,0.49305969894153068,0.26974609991962484
5777,0.5998557133624679,0.30743243572966894,0.47546074579102576,0.25831329023303973
5778,0.40468959490660344,0.35118117402176141,0.47213880795003321,0.25808765419268248
5779,0.52938997791724973,0.99162484321877131,0.4856809738985387,0.26833616225243556
5780,0.98859027960587997,0.92031935838501666,0.49305010785155279,0.26977803087590574
5781,0.84939547655148206,0.34230712373665301,0.48010853267340176,0.25966523752601645
5782,0.89278214966700187,0.43109550633671462,0.48248550303832738,0.261334495641392
5783,0.58270674673329337,0.062112424341600858,0.47062276199874581,0.25427123638521487
5784,0.49221270051869798,0.99883132037132749,0.4848769996391542,0.26814942807651299
5785,0.51203275220618816,0.0034338728898786943,0.46829495044715569,0.25313845418119951
5786,0.8372106787012541,0.5074593610747834,0.48322772337012471,0.26251625978530824
5787,0.01945647644518176,0.47465310780269793,0.46128552781330895,0.25617300153992811
5788,0.49554207335073736,0.78408074150596518,0.48201200175229725,0.26550220389779994
5789,0.75122482709289773,0.72942224461796001,0.48621839514156967,0.26603659382768791
5790,0.10072177455696511,0.32813802261817038,0.46252551882977538,0.25527566136013063
5791,0.66036191990183435,0.91517556595184146,0.48773852642456889,0.26843958570500231
5792,0.17118892713064562,0.22216219975721324,0.46342006663904545,0.25452439910771096
5793,0.14027403731584784,0.5983717964724522,0.46815457729205706,0.25945075517827787
5794,0.2817943018236081,0.44933091935626002,0.47052029130738454,0.25871750690448475
5795,0.97386315662342826,0.07160279065171489,0.4761658429393244,0.25510551601127218
5796,0.16790453942845346,0.66135159354846695,0.47017598407802952,0.26066733580539353
5797,0.30970656652810286,0.17059064857830528,0.46668393215494303,0.25480105906629086
5798,0.28348329205588674,0.64444280046640201,0.47381065510271025,0.26162971051452888
5799,0.019817851269792301,0.15731525692980503,0.45679305663611608,0.25208751455422046
5800,0.56707830807875148,0.95521953073135812,0.48622919402392356,0.26829460031663488
5801,0.67045655040581476,0.28584669357788517,0.47629090749256536,0.25820077799679075
5802,0.37883405894042227,0.97050959943259374,0.48177025859714045,0.26711312780554514
5803,0.34376215159358692,0.93639543979455486,0.48042017645772966,0.26648457354102012
5804,0.50487891127549811,0.56088044416863714,0.47818657396184117,0.26197266188715262
5805,0.22172019383149455,0.40386961820336292,0.46793187882514659,0.25754172667507669
5806,0.14305642393653981,0.76513073646934937,0.47085743668683921,0.26182879219825983
5807,0.03051305553541752,0.45546392291864612,0.46150544281681971,0.25608205666934863
5808,0.18282803309966114,0.46009831592462724,0.46753443268155742,0.25797411388873681
5809,0.28438141098463676,0.79907789044376698,0.47641864395434891,0.26395118946056495
5810,0.90279248566053583,0.80734556673396152,0.49022544534808588,0.26803435945675663
5811,0.41305431913043145,0.96437195582062707,0.48264040131798192,0.26733448737113547
5812,0.011133903822943103,0.03402140784392832,0.45470826342477449,0.25042571884142417
5813,0.79244686180712887,0.14245696185467532,0.47537153184084602,0.25608420128694581
5814,0.11207846630926943,0.036650382296449971,0.45860108818693596,0.25148172324770568
5815,0.11416048188809073,0.31369236830611485,0.46281541199574011,0.25522719000751043
5816,0.95449720612209055,0.84396801338534577,0.49164714066377418,0.26881418331040985
5817,0.67704452274726945,0.22910044975493801,0.47532111995484722,0.25727406058516722
5818,0.16040827583129286,0.61650425208235393,0.46919337651601983,0.25994398990428236
5819,0.82007294691134014,0.60653148649969379,0.48493703428058832,0.26418786254231141
5820,0.87798945320373167,0.55672656834287337,0.48480996168910057,0.26350983245419568
5821,0.81785116166680827,0.39545430462228837,0.48071751667928569,0.26050733543889237
5822,0.27313509710006184,0.29862325588221433,0.46778639728713156,0.25643475783167474
5823,0.016932303588942162,0.054362234142667151,0.45523205835388375,0.25074852448560181
5824,0.35959823509588607,0.96234020740400306,0.48115519406171509,0.26688102725760265
5825,0.45308617049892203,0.7210179706057418,0.47984106676598154,0.26419314087270973
5826,0.00046032973650144413,0.81275165021339202,0.46523869357426517,0.2602889990778986
5827,0.10081992713111686,0.8196461012269719,0.46997388923987765,0.26200778744248282
5828,0.04405678014588775,0.8113503407650744,0.46732457972983449,0.26101745208247301
5829,0.94295496700591186,0.75248795145315828,0.48970731645797455,0.26720726875861234
5830,0.67447508500282416,0.29724707792353583,0.47657467215147603,0.25840395508074465
5831,0.99644173070077091,0.13755026971934131,0.47776452221499832,0.25630662271966359
5832,0.4906246512195212,0.31452625319975197,0.47343517838865834,0.25796665797934254
5833,0.54531114801483926,0.49280515426952626,0.47781784439937397,0.26109413717925467
5834,0.10627333470369922,0.83670912868402669,0.47046624976157836,0.26232415128651787
5835,0.59456514547421835,0.79672704632448743,0.48448230626982774,0.26635221775692275
5836,0.099498191696673177,0.83201717898742067,0.47010668194639038,0.26215986286756415
5837,0.53576503766850803,0.92483676111587565,0.48524241108368388,0.2678267621298025
5838,0.6145100412689033,0.12917131003771209,0.47240502807562873,0.25544675600929673
5839,0.980292473125842,0.10086502262748545,0.47683494892805867,0.25563313615963668
5840,0.0047509913879563107,0.46127636726946808,0.4604194409795756,0.25578014158194873
5841,0.20963587100509321,0.056804122376570017,0.46205243497722864,0.25251996158441242
5842,0.88675707399869574,0.045889466628932861,0.47465968066332986,0.25455944998762348
5843,0.094719618597801314,0.85885163293167721,0.47031106252018945,0.26246038037805935
5844,0.096443466211657503,0.18028046747863993,0.46016318699891112,0.25324572934994566
5845,0.19652424140706426,0.40445309964449849,0.46711870461898142,0.25731825724843754
5846,0.76324880150941898,0.40365463712654309,0.48005632918532026,0.26048650946764662
5847,0.60363117235334363,0.52194524968568001,0.47953296744522633,0.26185689019571784
5848,0.85982147485244786,0.0065121794615290137,0.47355396474471978,0.25384524722429574
5849,0.93013965290748746,0.8494585351082613,0.49138507165408191,0.26880620076863854
5850,0.1808801745855366,0.64877940762477238,0.47045120661802964,0.26063828493623425
5851,0.66277362475959822,0.16649986298320582,0.47390365592297451,0.25619347364320055
5852,0.79877473689761247,0.73629066196460047,0.48716150832070199,0.26636354140845508
5853,0.18981595556730171,0.88776459659259999,0.47459258428158202,0.26418305366450567
5854,0.29066410255929226,0.26161852276563879,0.46767369452429614,0.25601733416812167
5855,0.12239848740816815,0.22080720885155025,0.46171648609472704,0.25405142979724837
5856,0.42426792158965254,0.74549781407202831,0.47954055046455019,0.26436581723858865
5857,0.21846002322767163,0.64863880264518092,0.47176778970942357,0.26104802154856832
5858,0.74584829239958195,0.93226285918172214,0.48947562975708203,0.26900424719964461
5859,0.53924243502198954,0.45723207403143168,0.47704002548725838,0.26048741294682876
5860,0.94799605179018109,0.22192398737279001,0.47894305317250052,0.25774444509544642
5861,0.94141092816101157,0.31971812101214897,0.48085770473618189,0.25947182405290398
5862,0.21285677719932283,0.32329475203299668,0.46636099312567192,0.25631020783066089
5863,0.51715598125135298,0.54965607001833849,0.47825463550635516,0.261862364800174
5864,0.5508135308293044,0.47565567174981116,0.47761688630884774,0.26084344783683483
5865,0.9579255163185183,0.086968506574945065,0.47630477796734888,0.25536180538883141
5866,0.82968046739288837,0.61153678867915884,0.48518549458562232,0.26430991038916579
5867,0.23156508690941846,0.54895621764817049,0.47059124298912325,0.25973167344469178
5868,0.26561523403086468,0.95079941443469151,0.47815251747682214,0.26587334427317588
5869,0.61520492256236037,0.32556562178368914,0.47607869538054343,0.25866846887684247
5870,0.20552882617061261,0.027995348916004879,0.46148006125169178,0.25208947472858684
5871,0.21101282119263198,0.47029156167051989,0.46864822521611921,0.25839695947379521
5872,0.47566114748847904,0.16683275719381638,0.47048833123173656,0.25557389939058567
5873,0.076340225026186093,0.21346984770969724,0.4598886201401452,0.25347299903020554
5874,0.20741604515741346,0.070339671744720542,0.46219802670741683,0.25269382058535922
5875,0.25807462399037323,0.30377131629962245,0.46743163823195066,0.25639655031972597
5876,0.88620601674265931,0.52200868937299827,0.48422807436017529,0.26292200443729946
5877,0.24327704753793078,0.94028788604947044,0.47727722689709651,0.26551645739403212
5878,0.27756236842173387,0.76190919429993953,0.47558026935749459,0.26332591527198218
5879,0.40347293232249798,0.30778591347596379,0.47135646530692815,0.25741248050755872
5880,0.17587170550791781,0.031154511871293655,0.46062495568110501,0.25192271710559605
5881,0.69546750248820755,0.42766528261833592,0.47941965878622511,0.26066575455418789
5882,0.37945231418568875,0.55698882148087725,0.47507010040498349,0.26109464879291039
5883,0.225017994355422,0.79291605721263914,0.47433388238541396,0.26322392506089198
5884,0.74768829966551864,0.25453369407333665,0.47691400461904576,0.25789568000739371
5885,0.99288557173324521,0.67419376101362294,0.48879185019191856,0.26596282424775619
5886,0.39007544482079104,0.79278582031872358,0.4794529267824934,0.26483140320981557
5887,0.8229846320330515,0.59743714664137226,0.48480177032560923,0.26403970119533393
5888,0.22559577847636539,0.86007773192814796,0.47544765749572399,0.2642151572735521
5889,0.33215582064514748,0.79513177851127692,0.47782986351831841,0.26435580426565708
5890,0.4060697607392329,0.36322422912622571,0.47238142836522806,0.25828150493064012
5891,0.26384784548013707,0.92586403577978493,0.47778627633907844,0.26557192805662133
5892,0.28040411528245318,0.25213458158822033,0.46723121010570196,0.255807280189363
5893,0.27280928126763321,0.37730271540681137,0.46906775549831298,0.25758464422096455
5894,0.10018351506580367,0.043657183239108416,0.45828471074312049,0.25146786485431605
5895,0.98572655688734956,0.29972657673131908,0.4809829491880096,0.25919827025291625
5896,0.87405364272765584,0.89373200847328416,0.49115508039903039,0.26914766969258341
5897,0.29961693327351241,0.58624217754820129,0.4733284593704814,0.26090454812579877
5898,0.5510025594595005,0.2393974017015309,0.4732916821230711,0.25702371435696508
5899,0.69575398366207963,0.4829993307822501,0.48048651209131654,0.26160107337541233
5900,0.02137995498281671,0.40098755120855062,0.46031687344807681,0.25524248230793933
5901,0.99485499895591056,0.38967833995210244,0.4829461192531494,0.26083321714333152
5902,0.13080664729595884,0.88966551282663131,0.472306623208605,0.26341833092094818
5903,0.36838762055543484,0.47376787534997566,0.47334381832318018,0.2597380397683301
5904,0.18045311014709298,0.3167780369884684,0.46520171879528122,0.25592938699351364
5905,0.047288978470477742,0.71304325807631252,0.46602039008508345,0.25974779104322798
5906,0.1040899320497294,0.22808572937849675,0.4611573006160446,0.25396435149534108
5907,0.55064022767954746,0.59294544859357412,0.47976981256024082,0.26275040610087502
5908,0.78244084158310434,0.033920385678752794,0.47311646872471624,0.25421536082969853
5909,0.73753157200991415,0.43505580567800212,0.48025961864274447,0.26093928510368208
5910,0.36884791364503328,0.7620057519089547,0.47832652558073702,0.26417425091420643
5911,0.057213369841466195,0.64889425749342189,0.46551575125790667,0.25903632523000975
5912,0.72196601177213016,0.2423423685273505,0.47628605067082291,0.25762122502701784
5913,0.50723685324467949,0.095142589991388388,0.46984250128009369,0.25456643684790564
5914,0.21927857782720822,0.14951087499646237,0.46380051459578536,0.25389317646815723
5915,0.5848817474645911,0.67583234423504912,0.48202501559416872,0.2642987454279625
5916,0.87996333786720649,0.67221713521421189,0.48716213883829684,0.26555611291942399
5917,0.98886654803768037,0.22439052792381264,0.47946817052917934,0.25785222779020256
5918,0.25526833044545494,0.09858518832881237,0.46403264628603158,0.25341589670426928
5919,0.59006797572014624,0.71863796356274978,0.48293074293764687,0.26503434205363968
5920,0.66018040916750909,0.61112692609039365,0.48229558358938684,0.26360751324921877
5921,0.46154483307279881,0.91425821816375252,0.48334912196394691,0.26720171612499233
5922,0.37130985634896208,0.30868969186731848,0.47058717665088534,0.25723939335355434
5923,0.78427696043384498,0.46934517367718509,0.48167057558694987,0.26168393082308694
5924,0.13888886622003047,0.23965165961500026,0.4625873576346296,0.2544687925220393
5925,0.69462844944976965,0.013494371340319049,0.4714978781276325,0.25372696718136106
5926,0.73235400284772045,0.66005872262626653,0.4845401810750346,0.26476293057243461
5927,0.52388481255659136,0.25175258858330785,0.47298753422143142,0.25711458961113093
5928,0.3615206079027965,0.99765255942494846,0.48150588080478141,0.26717811351916176
5929,0.80189933706134331,0.62306128517884063,0.48497750274617946,0.26440822478548698
5930,0.60355658135366397,0.40073873278786198,0.47726770067603691,0.25985930474720809
5931,0.23366066209512065,0.73766679686823633,0.47373127880064242,0.26250966318645841
5932,0.42312651520451766,0.28829501982651418,0.47147830665556334,0.25721886069323396
5933,0.082620435112051208,0.077908776168629984,0.45814662859677668,0.25175243069325021
5934,0.944670582827984,0.93142825084786163,0.49255051838622294,0.26973438693251423
5935,0.15703219363827958,0.36407552530098475,0.4651356943772551,0.25636521161356463
5936,0.43122787125735779,0.013956804568355437,0.46688575293409329,0.25303476599181141
5937,0.49124330944676187,0.22208878119782313,0.47179345419230972,0.25650755428729888
5938,0.20889403336808318,0.13824407894125909,0.46330835488954009,0.25365720510804501
5939,0.89583211756943493,0.51668830019208845,0.48425584376958969,0.26285624756545789
5940,0.61674020318886036,0.379736146768753,0.47712034830927613,0.25956697708347687
5941,0.13042957874067362,0.61642902259154952,0.46805536774700512,0.25958264851972879
5942,0.035097242209396792,0.3088067563939258,0.45959384708502754,0.25423003995242077
5943,0.57734638637403257,0.62264613999516005,0.48087976141715533,0.26338217064701486
5944,0.05950989936826518,0.96466695143877301,0.4702768755490121,0.26330884193468151
5945,0.54706643277119149,0.13967432612328559,0.47140037620773823,0.25540905014648047
5946,0.92224826678471872,0.35672871282465057,0.48136915252110907,0.26008907055483188
5947,0.82817544697121492,0.54923183300540557,0.48392360617736579,0.26321642573119641
5948,0.065056585492321753,0.36704814240325945,0.46169101537033957,0.25537566438772891
5949,0.56836175551015189,0.386048999422614,0.47631964249969594,0.25946864965819821
5950,0.2063611433722661,0.78130254025371981,0.47348702058170256,0.26284067690572083
5951,0.35828011913661612,0.59678710157548776,0.4751856536228754,0.26154635271840854
5952,0.018912287705659402,0.97995223575375279,0.46852772814789989,0.26278752785908727
5953,0.89983725010041382,0.55266660832011849,0.48503904953125815,0.2635053633340666
5954,0.28288541045429888,0.76420619787919564,0.47578858323429279,0.26341362797694534
5955,0.77161976734547644,0.32033353554444621,0.47855531659363537,0.25908287547552461
5956,0.89188316434688175,0.85301935130996875,0.49087437189483579,0.26871522518402485
5957,0.42468297766958135,0.65832932497836882,0.47801358356712176,0.26299898980331404
5958,0.30476278901706683,0.67404355145000161,0.47495642392567483,0.26226847354610983
5959,0.70039874403778235,0.7512299822583679,0.48572575002399709,0.26616873457110091
5960,0.12435874801756583,0.99109608233239277,0.47338558363809924,0.26455802667495537
5961,0.053711725020210731,0.49707528300940762,0.46312391460168945,0.25695551544697132
5962,0.47988775812069656,0.088908675621973826,0.46919362439877366,0.25437166364674729
5963,0.76309896666783605,0.83627843344762232,0.48849468563906306,0.26791898307929818
5964,0.09014143575633643,0.80017250778638993,0.46922044508437905,0.26158184685856384
5965,0.58073646215490293,0.67908804477868834,0.48199883176809888,0.26432912423065591
5966,0.038989314255386126,0.25100117022771157,0.45892897062917998,0.25352837130061662
5967,0.57716335797026996,0.62781067093632881,0.48097181710573161,0.26346602408199798
5968,0.71356502278443656,0.68326185115106641,0.48465658824489544,0.26507494490654365
5969,0.86038170078831033,0.6000621786671575,0.48542200429513066,0.26421582280212308
5970,0.19307469832036878,0.86522950019590794,0.47435277777662466,0.26389777869692166
5971,0.82692262147582374,0.63032668836578964,0.48551623110167808,0.26462822576056583
5972,0.031606091702857525,0.43130967302004575,0.46120522607698194,0.25578119955236334
5973,0.74076607187109766,0.73285692291796445,0.48610172660071344,0.26604790323478655
5974,0.17013842936715812,0.5879408533399576,0.46910087201568873,0.25965094174311792
5975,0.31886322747670348,0.6199064662813093,0.47446261801516088,0.26157628605492955
5976,0.94053159401352748,0.25350353580081136,0.47949732380079307,0.25829291309379915
5977,0.29814492999858921,0.23612816076722229,0.46745865263659953,0.25569291337781874
5978,0.46705418329729004,0.95597654853641301,0.48393862497272228,0.26766053322427441
5979,0.73583108694400867,0.94907158843915684,0.48944668259801349,0.26909776795772788
5980,0.57344790794086875,0.69988201294102481,0.48223081266381695,0.2646295255077597
5981,0.86411381646461094,0.8185979332016432,0.48984681454012974,0.26807269839152947
5982,0.98524166843882999,0.91370549690368363,0.49294532625195453,0.26971152190659248
5983,0.52872946697179002,0.88260588109510718,0.48452996450266989,0.26727808396787717
5984,0.51397813960713101,0.49750789327375822,0.4772377327892387,0.26100563757191403
5985,0.47123711586041611,0.865613749367802,0.48287230780662149,0.2666236509094696
5986,0.78909381806965684,0.1545425487320288,0.47556210289736789,0.25628454381894739
5987,0.95931691174305744,0.39810854696939935,0.48268318011162803,0.26090847333652045
5988,0.68864159241173184,0.25324820171495671,0.47596879711639928,0.25771129391065811
5989,0.57606381446492161,0.67336876125117995,0.48179434957735778,0.26420866326416076
5990,0.6694664051259519,0.7196920306439395,0.48453920399638112,0.26547971609169063
5991,0.91545135396822597,0.17068572360425024,0.47751340373586726,0.2567860445730874
5992,0.40395893536621008,0.015004858453094495,0.46632177996081364,0.25294608503539645
5993,0.80869981549520753,0.89520976224836191,0.490145116226124,0.2689103151312362
5994,0.17755802456067177,0.26424457035850502,0.46428496965800531,0.25516722403676828
5995,0.054084052912646438,0.52297303097614789,0.46352044707650675,0.25730556051679859
5996,0.20232803916275735,0.57665658469930059,0.47005779719128027,0.25983843150129893
5997,0.53525580487962576,0.10688366182610626,0.47058590935346739,0.25484657192845878
5998,0.10363456782005961,0.48931137966805838,0.4650641275152374,0.25749870491818538
5999,0.87354544540852075,0.51041469074595958,0.48381506349255843,0.26267972876662909
6000,0.80843694399305388,0.57999506753230246,0.48422955635682119,0.2636838062249055
6001,0.88955967115071843,0.87999317717523085,0.49122152717546141,0.2690516945739897
6002,0.86902734788287206,0.80494400188751758,0.48965836920436312,0.2678582384218447
6003,0.29779049573334632,0.52837825129601401,0.47230646254984582,0.26002381441746641
6004,0.65279559985870728,0.58255118038420339,0.48161438264679796,0.26309399488085528
6005,0.40570597931480734,0.52972368238678902,0.4752745947123283,0.26085747304459933
6006,0.93820091024491703,0.026141864891618027,0.47484994079004661,0.25426672648026882
6007,0.65512959419331751,0.68308892108994768,0.4835678742543163,0.26479145999582343
6008,0.011579705434583594,0.59274707676608818,0.46261604303531789,0.25759368598821902
6009,0.055085824334004434,0.24265465031504865,0.45947097956446903,0.25361435772095714
6010,0.46772917596882907,0.99099791900491108,0.48423951305649943,0.26793552641783358
6011,0.55724553479993488,0.26485119060619039,0.47387662008217851,0.25745806446312391
6012,0.67101929932521898,0.95940497229689503,0.48835431416761327,0.26887916026228603
6013,0.6313479350149982,0.12800216872481396,0.47266569942504655,0.25547408837196278
6014,0.54528276931046271,0.3011659839185537,0.47430899970286677,0.2579955937893379
6015,0.25002073670228708,0.55508701191061416,0.47128596043290932,0.25999667352266997
6016,0.25330283468345882,0.25203054661197821,0.46645171111743883,0.25561077759590189
6017,0.26121540218844314,0.35035397986889583,0.46828370618265069,0.25709903604275719
6018,0.75754896984923403,0.045609934769768733,0.47300694571285518,0.25437421789763165
6019,0.57894211715500576,0.46030404225325916,0.47790069732393642,0.26072816051863118
6020,0.46309981393445049,0.50701617103660246,0.47626578488189203,0.26086760097298589
6021,0.7112661168341875,0.26615249622625997,0.47657704077119828,0.25799330406148102
6022,0.85585082817055513,0.30974473448825302,0.47954664949347886,0.25911193544110878
6023,0.029352285470336213,0.11061671756928554,0.45653347268468103,0.25160589310709092
6024,0.20017252818577691,0.39374985875928542,0.46706992023482391,0.25720024328866847
6025,0.89131851540930807,0.39080973412521419,0.48165289429780417,0.2606197166455036
6026,0.39121017952637049,0.061833583678689324,0.46683975585580417,0.25360094919929571
6027,0.15653385655080201,0.05363067134387093,0.46035219461582699,0.25208213852906269
6028,0.0044853022158960814,0.3592426209992613,0.45896358346695154,0.25446383769987441
6029,0.33563636256806784,0.21524391990889563,0.46810106532686163,0.25561850536906228
6030,0.90357301275191138,0.86225868522628446,0.49118852299764226,0.26888377471429742
6031,0.74188502217045749,0.73171802593016766,0.48609932877981332,0.26603350302017681
6032,0.30008979250992418,0.63560337604087547,0.47416986960595581,0.26164865499185408
6033,0.20332432619851315,0.45753769659112442,0.46818907520132519,0.25814021562930611
6034,0.6858711980337161,0.74420412038184014,0.48531897884595504,0.26597686420811828
6035,0.74600033619041783,0.55299752566075189,0.48269179737447249,0.26298599214348134
6036,0.34544591790960405,0.33997342280774612,0.47045909241283218,0.25755078211351751
6037,0.37759054875288856,0.24150641851221447,0.4695920635956084,0.25625499931968387
6038,0.37258932049690052,0.48194192919534401,0.47359447679174776,0.25989248724077263
6039,0.93982453220750917,0.82097747773508312,0.49103629191882475,0.2684057057879326
6040,0.32451041558213767,0.89935732079647723,0.47934417993426492,0.26584937042638834
6041,0.74906233758217422,0.81000537296334518,0.48774985471546856,0.26741249663017769
6042,0.25937346552734963,0.14068881422417473,0.464826061475756,0.25404730893365285
6043,0.33257147122003372,0.69376895849652365,0.47611561439179939,0.26281459494369191
6044,0.59769448445072626,0.75402507669046759,0.48375107399057304,0.26566364705759304
6045,0.046848580478958325,0.87709440121446969,0.46842929181102844,0.26195042002730767
6046,0.49578328338497085,0.85719336813705749,0.48333480244612903,0.26667679444512354
6047,0.20925391119023554,0.90446612507960533,0.47557430858639882,0.26466296830851638
6048,0.6988972148392234,0.69588498629723916,0.48463372739506555,0.26522119150264817
6049,0.82217738985646283,0.82479955479475908,0.48928856652181846,0.26799940344165712
6050,0.8459449519117247,0.30553325741674053,0.47932760682302322,0.25901546949509996
6051,0.49687130211460173,0.7039877664171742,0.48059434820525815,0.26422264074726198
6052,0.47690570025780477,0.72769903130737368,0.48054603397790313,0.2644677625813206
6053,0.027567479285888843,0.64586595612865638,0.46413100724935857,0.25854465489586553
6054,0.060223510019376411,0.42886074607878694,0.46239850956716783,0.25613541709358556
6055,0.64870468929446079,0.7212718371037744,0.48416802855257846,0.26539936088719668
6056,0.064884113223932213,0.47803588211623721,0.46331824098130209,0.25685248535880711
6057,0.81607421137936187,0.26526086483880645,0.47811526082415284,0.25824705170612389
6058,0.65132918910464499,0.71741862156057035,0.48414617735898974,0.26534839690191014
6059,0.053121478308446241,0.41958011840231485,0.46196357353656553,0.25591907091747002
6060,0.30436251608129822,0.00016309584361733867,0.46374079360081755,0.25227710755205518
6061,0.97110640768784806,0.040005005959456323,0.47549024217495039,0.2545415285924601
6062,0.20698447916920998,0.4155464779284434,0.46764091393312773,0.25757457257704258
6063,0.50276502609917662,0.51076991219361079,0.47723249321782973,0.26115680759611321
6064,0.87366824007601251,0.86740521849273944,0.49081101998049803,0.26883838025986312
6065,0.86166757945202987,0.40371946319931884,0.48150677695396776,0.260771078900567
6066,0.44395536540156466,0.2983562881833059,0.47212903978739179,0.25748331895898391
6067,0.36229150742370403,0.30103231484418502,0.47023000122144826,0.25706864496174797
6068,0.71516612510193378,0.15384798762368737,0.47448118615834706,0.25611373617757011
6069,0.92564640672950782,0.67988849272279772,0.4879831297487599,0.26585013050793466
6070,0.68681992166017891,0.72634635471807563,0.48499464764252842,0.26567915782668339
6071,0.76604777166520943,0.4377651871048962,0.48076688174624344,0.26108069727024896
6072,0.0097428613699390553,0.48525130314956189,0.46099195108853835,0.25616583928677
6073,0.018325177786045241,0.89055082228296678,0.46725502834342991,0.2616381731507495
6074,0.21125836353920169,0.66531622835252202,0.47178959037629603,0.26121305188069649
6075,0.096229254318343019,0.52802763613794235,0.46535366610052858,0.25793465340975064
6076,0.1983670283022686,0.056451769784849608,0.46170838600935166,0.25243583815541798
6077,0.15660013952952578,0.58112377668792625,0.46849848980765885,0.25940070573738028
6078,0.59605886358023852,0.39277918966318248,0.47697780858854788,0.25969723245355431
6079,0.35473055434048878,0.55478040543113605,0.47436807728093455,0.26087662552730206
6080,0.059751427793002229,0.62627457598288316,0.46529194151467862,0.25876926639771169
6081,0.90320858698660744,0.39975809947560775,0.48199255502347116,0.2608069784319948
6082,0.2454405809688964,0.32465280579529937,0.46739314924113917,0.25660027935777352
6083,0.36934842537102525,0.18108434069150828,0.46836178099684622,0.25529559133671792
6084,0.15285115161811702,0.5642555105739856,0.46809642701078169,0.25912032778010141
6085,0.73434440086336117,0.50736605843285798,0.48161079493244124,0.26216153932562231
6086,0.85314308583758547,0.15262734744405607,0.4763768005188182,0.25636911721335692
6087,0.28116549055153739,0.99229427121077907,0.47905853853368319,0.26640873394399406
6088,0.22468982924429001,0.59081110564818373,0.47104247979639957,0.26027222594102573
6089,0.73132967701981544,0.75997059616270712,0.48645991653206894,0.26646841355138701
6090,0.76019242852126478,0.38759688569315476,0.4796952413961077,0.26020187159585134
6091,0.6649883832008695,0.43959616099441196,0.47911978897494917,0.26075154652477656
6092,0.49874426185350168,0.08773004616660765,0.46954528624099684,0.25442037252235822
6093,0.98361935150680369,0.91731244745502483,0.49295780599124001,0.26973854405462072
6094,0.64955702037030139,0.64099174897345945,0.48266196559976399,0.26405770427690917
6095,0.84289529947071573,0.24189881792612142,0.47801906423989082,0.25790105815765896
6096,0.38501958081553456,0.7465816323056701,0.47850922333318247,0.26407089637912073
6097,0.57993572950811367,0.039314728297025432,0.47015728840434812,0.25389682930634083
6098,0.64418818536178446,0.65343746616238496,0.48279472727632095,0.26423964428279195
6099,0.29258507888523166,0.60995487898654532,0.47351391866216219,0.26119754639187176
6100,0.57912336266407516,0.97744255580260653,0.48666156325101678,0.2685313623128871
6101,0.81664573943690633,0.44691634818891762,0.48171952149151487,0.26139761457825045
6102,0.48169246996660953,0.1890717072401778,0.47100785951399421,0.25594757926660061
6103,0.23439722276037794,0.3041714365845663,0.46672688153229092,0.25621604018567984
6104,0.9779059406751418,0.32235913856852572,0.48135597751458237,0.25958992612656484
6105,0.11833669150102651,0.0026987428127438762,0.45831473089683722,0.25108395148311707
6106,0.62122925849797905,0.90998708288766217,0.48690406514117546,0.26817693544077714
6107,0.37338042044324105,0.78592524394042562,0.47886816967840934,0.26458302344022749
6108,0.68644471880918134,0.77308457509846196,0.48588309776217098,0.26646904125265486
6109,0.66169589477119739,0.21585916323451093,0.47481903523944186,0.25700920667598837
6110,0.82176393610193632,0.25939141366364205,0.47807822142534451,0.25815850030723797
6111,0.88932252243856214,0.73876609192314791,0.48864183308278364,0.2667679555026678
6112,0.58001080785301751,0.95349291810201253,0.4864898961757822,0.26835510031902271
6113,0.17024134636634264,0.98201373113141177,0.47510637301405728,0.26508132642965276
6114,0.32617465191729134,0.63682144123989859,0.4749619132245847,0.26189453002550367
6115,0.026851475068053698,0.66512848910387845,0.46437795698160156,0.25878821868337537
6116,0.45414932472588265,0.45743307808629474,0.47517537544142679,0.26003203623718946
6117,0.6164600832605619,0.60892713701362955,0.4814144954080874,0.26335922944698992
6118,0.6353310501247994,0.14656267192469677,0.47307893422176883,0.25578967281308018
6119,0.59777536561681188,0.48481829232225426,0.47872563046638428,0.26121754762471028
6120,0.60621415538495649,0.14883766118594213,0.47262819059482741,0.25574352601321532
6121,0.28829725551021984,0.16455733840874165,0.46601320804867458,0.2545803223961472
6122,0.68813868186637994,0.51012327594155216,0.48087413035876364,0.26202895032781282
6123,0.33654828188758112,0.86273305779387011,0.47911531558006293,0.26543076480749545
6124,0.68481347649864632,0.4682193938939716,0.48001354918312977,0.26130931116905759
6125,0.81092965306293929,0.0038547008293331603,0.47289878191753582,0.25374206998740806
6126,0.85192344518270113,0.30180525579155659,0.47933478458407147,0.25896428213738709
6127,0.081789255278033671,0.48876617395748617,0.4641782947403737,0.25721738413397616
6128,0.67053989016468407,0.16013417122553802,0.47390809102134257,0.25610845054511816
6129,0.58101982746113801,0.11238920736467699,0.47151619566129777,0.25507752882306384
6130,0.2066420923986356,0.77655961019276887,0.47342058791387032,0.2627750627029074
6131,0.99607886936819423,0.8039289846685832,0.49150218327338441,0.26831478321732366
6132,0.46376972047562015,0.60381691490974043,0.47800979301141028,0.26240589034093248
6133,0.16058402957924411,0.38496214636535153,0.46558439312577121,0.25669224454723916
6134,0.44365439963618991,0.40658970843894643,0.47403121507469864,0.2591730999221315
6135,0.48216995181635725,0.57581307937713577,0.47793992434856314,0.26207614339144036
6136,0.82886582390730046,0.97437063604461738,0.49116410556089735,0.26964474240750702
6137,0.33601176053195964,0.82192129222195365,0.47840216471665403,0.26480112215227591
6138,0.93228978348256786,0.29515255407103108,0.48024419181929823,0.25901718016710684
6139,0.69682705611087159,0.73259574092120172,0.48530121015370448,0.26583453156112741
6140,0.75865486311655261,0.35787666565018006,0.47909161228953723,0.25968858858499982
6141,0.91616323615357975,0.80886380624481247,0.49045651104316135,0.26811254162336162
6142,0.7682639442006941,0.63220429464302719,0.48460907692391336,0.26443509453835562
6143,0.18456598079669057,0.37172990146299129,0.46620177956127867,0.25674141926180305
6144,0.71951025795772439,0.44407834996274903,0.48013899278434219,0.26103004239813093
6145,0.19363120645460441,0.50479618760353184,0.46861342030063913,0.25871934038775762
6146,0.87537859532359297,0.96842750593844107,0.49183186662283385,0.2697707024501233
6147,0.43771103917317233,0.56811496850800469,0.47674547923055066,0.26167161711992099
6148,0.12328664998515743,0.98149540724660045,0.47324584790496982,0.26445346335997416
6149,0.12182325291392627,0.14733435252368218,0.46059156625814734,0.25305251784167554
6150,0.038307664590037892,0.54363840855528833,0.46313080714540411,0.25735503448235597
6151,0.76982088398941562,0.93102912700459128,0.48987404758964054,0.26909587609627339
6152,0.13558236538517521,0.31231948722394881,0.46357801297868023,0.25543246105821998
6153,0.17091284519376931,0.68231924907307839,0.47061815502679316,0.26100112876899795
6154,0.55862386688500409,0.053239237174147275,0.47003899232560098,0.25406209860043272
6155,0.64022847550407747,0.50634256704155123,0.47993662019100142,0.26176431407927697
6156,0.8381279605022981,0.0095932513375650164,0.4733514925650929,0.25387373232100319
6157,0.83187620406352225,0.71754501649708258,0.48732789219915629,0.26617253718495365
6158,0.89050561551084984,0.4481739571484854,0.48279902263590896,0.26163007287305629
6159,0.52752169108480451,0.68264873058457165,0.48090961521629505,0.26407356308744534
6160,0.62048882735940869,0.34570694119354012,0.47655133661994259,0.25902018377962804
6161,0.26800965387102915,0.74863107715795052,0.47505179729772523,0.26303130814543141
6162,0.06327349499688717,0.70550591155212605,0.466624465368559,0.25988987159837101
6163,0.54687803560203174,0.47287587000393544,0.47748473961850657,0.26077878066610422
6164,0.99190412991583576,0.28213922577163902,0.48069268805897702,0.25889323487948696
6165,0.41433939254771684,0.96932179219963732,0.4827192809940013,0.26738672344907377
6166,0.081394190685648932,0.52677347609197023,0.46472991455301199,0.2577259511512851
6167,0.45086858860518553,0.87498040244310393,0.48250992279084598,0.26660659019423627
6168,0.58923686107503026,0.22110797604025575,0.4736664980895785,0.25686606148491559
6169,0.10945879261222435,0.96038355564515809,0.47243023304581677,0.26403406106788496
6170,0.33081576533251211,0.88110169762904988,0.47924948223250741,0.26565176783463151
6171,0.49593528198447312,0.39280468819962122,0.4749547831904613,0.25923606242285402
6172,0.9258180842973176,0.23513982596813005,0.47894500765703063,0.25794147753170094
6173,0.57592286604590492,0.4265845087680617,0.47721676615871272,0.2601631007388166
6174,0.46814582445783309,0.83007964935781209,0.48216786195242201,0.26604088926743397
6175,0.10651801933114186,0.4856381570825703,0.46512197892898444,0.25748364393242246
6176,0.26206024070360001,0.32160367369489978,0.46783956386779624,0.25668657722589994
6177,0.34587521415521627,0.22663725001417334,0.46855344818353967,0.25584943256911802
6178,0.53342608022611815,0.85976717732617403,0.4842722746722829,0.26698091930536005
6179,0.0929923410271178,0.24833732375792461,0.46104177746504271,0.25411826286602429
6180,0.25770427641965216,0.62877115256116967,0.47274019580826543,0.26115334416365976
6181,0.67062922473392694,0.30717161296467532,0.47669899897131862,0.25855729226186658
6182,0.99464146526065889,0.70104091736193519,0.4893684956883983,0.26645343137578514
6183,0.74886910394997108,0.50089655477864437,0.48172433909516588,0.26210426115557317
6184,0.29759623970430116,0.72589618246149035,0.47560869269553063,0.26298206524210915
6185,0.6575923029437778,0.90479105910699587,0.48756572485663646,0.26831567911129672
6186,0.20903576175345809,0.81348048026304465,0.47410212353567288,0.26333980748822561
6187,0.32138949940117312,0.6365638330211747,0.47481814927505794,0.26184971420116854
6188,0.8730246970895561,0.18949325593711111,0.47736677429720964,0.25704591215666173
6189,0.62307849868723419,0.52651518332628777,0.47999397505507335,0.26202304303808827
6190,0.96005879010868966,0.16714085126403952,0.47796526365460063,0.2567884339647753
6191,0.96149679489509432,0.3191405369264656,0.48109234377299753,0.25950102543006531
6192,0.58553588331922657,0.17311150148647139,0.47271379929903473,0.25607415389311999
6193,0.69007441507886402,0.18852341473527487,0.47475726134635265,0.2566324993986005
6194,0.28524658955443882,0.58767658459822414,0.4729197213947266,0.26079975586038018
6195,0.4999009866765351,0.91666872727466986,0.48431635992445415,0.26750275305629334
6196,0.62206696881327084,0.47434585224887127,0.4789941703387271,0.26115338444581399
6197,0.96309028298471833,0.12403429143548711,0.47711888676010605,0.25602584109100762
6198,0.61812796623912869,0.98251269478859615,0.48749674445811303,0.26877605030938689
6199,0.59650061773207275,0.3623851453718846,0.47642060606126196,0.25920057334756541
6200,0.77878257748148172,0.34004327393245187,0.47904844234307242,0.25944088412377364
6201,0.49335793149002133,0.21257304662150564,0.47166673777303397,0.25636624334381464
6202,0.87904855751680444,0.87668391743722607,0.49102001699541553,0.26897369261168363
6203,0.46868286124094155,0.44848984904797984,0.4753498677152368,0.25997415654090567
6204,0.46660401064063189,0.94884396992122066,0.48386097393143812,0.26759489464689806
6205,0.095364743815793199,0.81600710025924494,0.46968564496356879,0.26187742325177954
6206,0.51571707916028109,0.4333443571320153,0.47611069394554434,0.25998437900229132
6207,0.67425985050419113,0.99928361222167739,0.48868481777679457,0.26915590402333772
6208,0.27551051741872218,0.92690541714472929,0.47818470777410915,0.26570857419369143
6209,0.56486324399589805,0.21199998523349642,0.47305173675203355,0.25663319230331411
6210,0.37044016149140663,0.25551665725192291,0.46965673929190083,0.2564272058466972
6211,0.90858617701196354,0.82597530460836144,0.49066753474428215,0.26837037957637333
6212,0.27330907048363007,0.46774490610734792,0.47057152465620911,0.25891914345728356
6213,0.40837144994585545,0.86492848203518657,0.48121515319270181,0.26611136403604363
6214,0.7789998730167863,0.060265138725319412,0.47358341639225066,0.25465793056878855
6215,0.90426327038969612,0.1946469719998655,0.47786122923161212,0.25719001950132592
6216,0.49396258324064551,0.089000950595119518,0.46947435207659505,0.25442358595870229
6217,0.29365962122461065,0.71913997933730722,0.47537355600550574,0.26284310644625336
6218,0.51912048868687122,0.98560252020735062,0.48540850896060234,0.26823334030645013
6219,0.96172074394399532,0.7255636463574483,0.48942263945404335,0.26678886245278993
6220,0.78977516765013578,0.3356344447072479,0.47912515991057769,0.25939532849907898
6221,0.72231969731071732,0.44998840513172328,0.480299770448045,0.26114044288652338
6222,0.28053920706271895,0.63389358375925808,0.47354397908428902,0.2614452117851187
6223,0.62103804699849574,0.66084267761959936,0.48248096016952319,0.26424538568249273
6224,0.61822489904289846,0.41104970754169629,0.47773448693470444,0.26008990286549499
6225,0.86490851688188264,0.88877850321646545,0.49095766103684524,0.26906046912538883
6226,0.58242810513615839,0.80125883787298813,0.48430625878132794,0.26635308147022824
6227,0.89792053789250792,0.19572580616007326,0.47780462051222999,0.257198293951096
6228,0.93551897305377063,0.47342298284821449,0.48391630451831613,0.26219655788020635
6229,0.21577996019934073,0.2082315878624213,0.46462431051238423,0.25469821697130363
6230,0.4053316356426454,0.45537067521970026,0.47396777519554112,0.25970166290196028
6231,0.246546569894359,0.49315226876334056,0.47016446597068751,0.25905863925022105
6232,0.41610759601664032,0.34652797108226224,0.47233067722517852,0.25808150537505842
6233,0.41640831793131072,0.39712100132039052,0.47322139797499013,0.25886712266965139
6234,0.5454473857589881,0.6668290650468669,0.48101660489679088,0.26392463364934665
6235,0.74646800930261381,0.78873693008882695,0.48728964349918841,0.26703429419943481
6236,0.36054213374884569,0.99209107767097893,0.48143715680417787,0.2671304490831603
6237,0.2122801859475556,0.91286314855614914,0.47581197342042464,0.26481549570173901
6238,0.41702782058928861,0.028516061770136002,0.46683621307007339,0.25320278504646221
6239,0.79052357215093227,0.96797301423799953,0.49051075814035511,0.2694589203771991
6240,0.5592509394072811,0.39896505968329732,0.47637775560348999,0.25963808478863731
6241,0.34324715790482008,0.65711227667900973,0.47579824417152916,0.26234713509834556
6242,0.39804251534038926,0.87341796896160817,0.48107360019844803,0.26615117133828176
6243,0.25351032876673851,0.29244232852623103,0.46711272591449848,0.256197198108989
6244,0.94958554303277054,0.093328987502690877,0.47634118435110762,0.2554652044479927
6245,0.33993144356539706,0.84708559154976404,0.4789494848850937,0.265223295307491
6246,0.11761551652733471,0.23639614426930203,0.46177840885074956,0.25421487859905934
6247,0.86690239008866488,0.68183471177216859,0.4871588957483049,0.26567881380304409
6248,0.0080043728623655618,0.63856068433170443,0.4631039906901297,0.25813490462410577
6249,0.66382279264380928,0.056653118831652687,0.47184868566672888,0.25437969292776957
6250,0.0027416695032152346,0.26023156435854033,0.45749400111569,0.25317584812252492
6251,0.73296197939690899,0.57009615958483195,0.48280492881999809,0.26322741124475058
6252,0.068191909590584687,0.40891392782303743,0.46243570809100082,0.25597223385929546
6253,0.77099546858399415,0.84239610817859656,0.4887400286812178,0.26805149813126528
6254,0.0099279250481515199,0.73373764286522059,0.4645670521411327,0.2594154710028066
6255,0.76723207902569557,0.38994168532920304,0.47984997761435932,0.26026367306412468
6256,0.35492819820517907,0.20447671015172966,0.4684058334875264,0.25556891438234219
6257,0.11684759509550641,0.33859123764421095,0.46329153084306479,0.2555949138230626
6258,0.92936870247718184,0.16602537807238987,0.47758517919854626,0.25672480128722336
6259,0.86712299162555728,0.47722219578010266,0.48305712903761422,0.26207670392718257
6260,0.78102552469723163,0.152118618092977,0.47540274244864045,0.25622704513792577
6261,0.68629926384052964,0.16972997558022618,0.47433996893316233,0.25630892693534596
6262,0.43346492904172046,0.077522083210793791,0.46803531270089155,0.25401738511387645
6263,0.10595739433421987,0.63702703568550056,0.46739968912033719,0.2595549787587636
6264,0.91906641241979092,0.67931220569364958,0.48787735005372673,0.26581766763256615
6265,0.54934658609196774,0.73717582898131817,0.48239640479824286,0.26509612336520189
6266,0.091670179368893157,0.7463557226387203,0.46846884557951024,0.26086334242400327
6267,0.061268473931995686,0.75282673275145939,0.4672408442819575,0.2605000592119972
6268,0.29860093927952697,0.27922452108649304,0.46818404411825565,0.25633105338363982
6269,0.93093757999391535,0.30461895949047763,0.48041993691429469,0.25918256042686999
6270,0.84620382794506155,0.36800424687647026,0.48057688635076157,0.2601058541329529
6271,0.5475829531081835,0.36461436782366369,0.4755148073269746,0.25902929599952801
6272,0.087181799145613331,0.92997174518589165,0.47105791975700934,0.26332266834596502
6273,0.98358704246034612,0.9759644972836018,0.49338977485378049,0.27015295596549799
6274,0.99765925708116265,0.3247064393284847,0.48163797222887911,0.25966874243198534
6275,0.9551873707104358,0.76052330857819184,0.49004542069561496,0.26739427649470571
6276,0.70443228129638591,0.9468740677533789,0.48887066125530682,0.26894062953775932
6277,0.97011885858593749,0.44457010092522248,0.48377184880290097,0.26176564228443933
6278,0.77114363127792018,0.25727286877647276,0.477315690750309,0.25800201823915836
6279,0.53474775230028904,0.8438161033071927,0.4840223851263592,0.26673972231186993
6280,0.47651759760918799,0.10540227643245599,0.46941769653499088,0.25461671828658289
6281,0.068777056046284271,0.32983774573329139,0.46129597771361741,0.25492727301992818
6282,0.37776296600998616,0.12198943063501502,0.46755625502448706,0.25444688453308006
6283,0.018734150691481773,0.7574704656887451,0.46533651561465927,0.25987781248918623
6284,0.38696310628495412,0.076698068718856677,0.46699712432784257,0.25380655453555395
6285,0.93917706725591565,0.90576347273067814,0.49223762567248835,0.26949536563137377
6286,0.40068084400774678,0.37961511888072125,0.47253533092545208,0.25850217727923724
6287,0.578384136765555,0.67478651458249672,0.48186950714142923,0.2642450757129487
6288,0.20023939966900509,0.85565623899389764,0.4744632970795013,0.26384739451872735
6289,0.11616131005840144,0.51381234132108511,0.46592666327037119,0.25798687398165132
6290,0.51939080760715295,0.63559705003140266,0.47986872728579716,0.26326225129093023
6291,0.058872575872961901,0.036357933400233744,0.45665133393008722,0.25097391603728531
6292,0.30160280845364329,0.86252548647717342,0.47803145225424437,0.26508185188156608
6293,0.87246061903367522,0.1150012783554499,0.47586940838920716,0.25574519735809637
6294,0.14174812315398597,0.71110166018094179,0.46996359387652098,0.26105060402218111
6295,0.43082088458823276,0.3434999337212532,0.472622629864273,0.2581166877153554
6296,0.15339019919798011,0.84269280321412954,0.47247894544689989,0.26306368447144279
6297,0.99058785671502125,0.76577367983137956,0.49064628051298614,0.26761009246834749
6298,0.0072221524443128148,0.51967602820174075,0.46136560083894607,0.25657379322175211
6299,0.72152613092047402,0.42265971566342053,0.4797584554104859,0.26067342559740714
6300,0.01804144702673657,0.040992380076937847,0.45509196536342295,0.2505927715774609
6301,0.54264255665912065,0.64339066814760448,0.48052482998685897,0.26352646031738586
6302,0.15782797402573051,0.56171442884657297,0.46824031174504283,0.25914140938050828
6303,0.57411352284423778,0.20178947176913498,0.47303506293056863,0.25650060621089349
6304,0.3456903252343298,0.60278848220614023,0.47493918905613913,0.26153847962459065
6305,0.70062799508919704,0.62478665338902506,0.48329754341539904,0.26402230570311225
6306,0.48555159676569748,0.83288883947584558,0.48265098019084574,0.26621546241184207
6307,0.067846918261435352,0.12179986886671977,0.4582254738096222,0.25217658110075003
6308,0.9740103655458312,0.47961520080416231,0.48454109162587844,0.26240427521272003
6309,0.31594337330533889,0.98797231622867987,0.48010108226000675,0.26670667460715569
6310,0.81035856211149371,0.37722712499330524,0.48024735025542886,0.26017028334231423
6311,0.38206412883818847,0.94000314114020445,0.48155637078383973,0.26685675094180805
6312,0.5425252143174526,0.45828355541854404,0.47712729432324802,0.26052071566455481
6313,0.20213981718228899,0.25679856048343941,0.46496615565404437,0.25527526670302614
6314,0.69359726178677517,0.47398993241131543,0.48027637686120955,0.26144057827806516
6315,0.43903500093758341,0.75144708392590986,0.48002720715487396,0.26457181843969901
6316,0.6215185719816364,0.9544986537801684,0.48735410569279647,0.26859222274834088
6317,0.782782850687753,0.8648342548850807,0.48930619112038742,0.26843030236635218
6318,0.65100642056191571,0.93209403431039539,0.4877328815079458,0.26855465764415654
6319,0.57489254514166399,0.7654862336845254,0.48347879512657893,0.26571727447438592
6320,0.92753503661650472,0.046573568946227897,0.47514435460977089,0.25461603520502651
6321,0.60280826877712967,0.73647091944786958,0.48352954804426762,0.26540220052136448
6322,0.020941007286135575,0.55990650457538438,0.46257972184487978,0.25730976295760277
6323,0.05233830904074712,0.50122143245713091,0.46312563895827957,0.25699173098954869
6324,0.94659786467564988,0.11944738926851424,0.47683890156010594,0.25592416419066139
6325,0.73408809720088042,0.87079490487213485,0.4885437120111813,0.26828618051298408
6326,0.32416222653259757,0.62409904403983385,0.47468786787639933,0.26168474221625637
6327,0.86296957242585481,0.92960898187869467,0.49135131486153555,0.26944571707982357
6328,0.65813080896210163,0.35576237165230562,0.47740787674942914,0.25932528611785183
6329,0.16623495287570406,0.34590955402279511,0.46517378466335235,0.256202792429648
6330,0.60192984877248523,0.60240156621156493,0.48100363063489909,0.26317767946320558
6331,0.13178941418010509,0.89407390551940769,0.47241560288498674,0.26349445375730418
6332,0.70479433463263552,0.19374954454127002,0.47508713480245712,0.25675822069146925
6333,0.41965236949705287,0.8087301995953895,0.48053411045371242,0.26532425115468694
6334,0.52946508945628301,0.21474983546006263,0.47242740512046016,0.25654583812658449
6335,0.88410725687817904,0.98808699597200622,0.4920810619766805,0.26991818924410049
6336,0.45479276792349999,0.48791264083228308,0.47573187923400195,0.26051613984150074
6337,0.16288942453820493,0.6477388110011234,0.46977585126479993,0.26041509951356329
6338,0.53795443129680354,0.78543265433994824,0.48302738910254578,0.26581101654842554
6339,0.45723087139638374,0.43881040541286348,0.47491576630897142,0.25975649499657572
6340,0.96030742771908417,0.16039841891595863,0.47783034187355972,0.25666884399493489
6341,0.24115378675278043,0.046190381884889213,0.46279825175345124,0.25257899033918324
6342,0.91428392764985333,0.41402145560142822,0.48242825961760749,0.26108674071395443
6343,0.91834087560310729,0.45072483063688273,0.48322687556047539,0.26174834408242204
6344,0.15474283272238681,0.34393357798830843,0.46474369815989508,0.25606218787200713
6345,0.55659719621910475,0.69291950564574223,0.48173981848692166,0.26441660373497911
6346,0.73462524346489233,0.96778572711533628,0.48956782666984694,0.2692285029262661
6347,0.71408320158155414,0.1528976429340779,0.47444661467609878,0.25609524554393137
6348,0.27469003435132328,0.71478998458028076,0.47470481096687556,0.26259431613101475
6349,0.35003796795363307,0.82127229079928954,0.47880655890714935,0.2649211425924497
6350,0.57664352561683629,0.12718083797382423,0.47171028552110716,0.25530311909212555
6351,0.30259139951298714,0.97912456143075843,0.47961683602423166,0.2665093238922957
6352,0.051840739264700099,0.13512943580924766,0.45779136132981213,0.25217655660090332
6353,0.77296185403455753,0.58386545242256249,0.48373911315582163,0.26361976846200952
6354,0.58741087887912291,0.68455659684847336,0.48224017282244735,0.26445673142391279
6355,0.63251150835495218,0.21469092932759085,0.4743075340700374,0.25690214336914824
6356,0.12685475273201011,0.54724563684914029,0.46685183683019771,0.25857748778558798
6357,0.75559098415478365,0.65272455313095135,0.48479741343260996,0.26473646892371688
6358,0.080164607229607651,0.34111058572501646,0.46191797063727535,0.25521351515739743
6359,0.18530698172325502,0.87635949201643237,0.47424054704580143,0.26396096974824707
6360,0.58884352833257292,0.37151322761772898,0.4764456889344319,0.25931872625233937
6361,0.40527243213985348,0.31680388316734465,0.47155582214533392,0.25756137149712732
6362,0.82093500839598721,0.3030779109253432,0.4789316684283364,0.25891317004264341
6363,0.43500801806108791,0.37597791087754306,0.47329056359184085,0.25864578850567499
6364,0.24252817047428107,0.96245831809252269,0.47750645248382434,0.26574355047501741
6365,0.80678173538175191,0.50570543864391515,0.48273447383065571,0.262387414176949
6366,0.18485037078234601,0.59579262283773859,0.46975244030548818,0.25992577245882609
6367,0.78588292812256844,0.53062534508685355,0.48290082770498266,0.26274775841279752
6368,0.63705730795325943,0.82329591234965482,0.48586642053010648,0.26704534011177383
6369,0.48481117507416055,0.4585713183466229,0.47589324678107731,0.26022387037539646
6370,0.5718695775475936,0.55238486409253673,0.47946427379060896,0.26220091734928586
6371,0.98430771038647513,0.74918745748096849,0.49021922800585588,0.26728964365422581
6372,0.003182695842476096,0.60395619069166717,0.46237738913360332,0.25760483977170945
6373,0.9386347512585228,0.032626311595726293,0.47498614168677739,0.25438140161957784
6374,0.069177975501085162,0.95203550922250146,0.47055747998770808,0.26331711543018121
6375,0.73640554148968085,0.089750009041687007,0.47356187876652972,0.25508095100268224
6376,0.29593198614256688,0.68194324388523819,0.47482037107413166,0.26230617901063297
6377,0.86955770520396769,0.27771110501670043,0.47908906893088793,0.25858209322867165
6378,0.6823514230899862,0.58598295766907982,0.48222378417466732,0.26328481207878945
6379,0.23180993866930949,0.26259394365794725,0.46598053641885451,0.25559861926081301
6380,0.19612305546809219,0.67368680070150888,0.47139371402906749,0.2611675134049764
6381,0.18215770667946199,0.42641932749958944,0.46698062246690858,0.25749065887466127
6382,0.76771175968047467,0.54709191027554915,0.48293315855784974,0.26296633860168783
6383,0.33265726316523503,0.27818442159552359,0.46908140413154575,0.25654046740567493
6384,0.59278524993961912,0.44010912334682656,0.47779601778595743,0.2604599538436641
6385,0.50290205537244914,0.10112244037260534,0.46986530252678466,0.25464557837467344
6386,0.32366704237785893,0.80990713088182975,0.4778255884774395,0.26450113049489354
6387,0.90108858001687331,0.3289320486657904,0.48053279398700438,0.25955058202717385
6388,0.69863536594646281,0.15702064480906119,0.47428979343097616,0.25612747359943866
6389,0.41290343812435171,0.96274109621114334,0.48262154789179162,0.26731933682683051
6390,0.081643837778305181,0.58936767148975056,0.46567761915716599,0.25857766611975302
6391,0.79222834235030459,0.22738633806166472,0.47703408193196278,0.25753994451297313
6392,0.60664014704861913,0.11051959214011441,0.47192526247477662,0.25512078290191958
6393,0.45868194342668867,0.1726690553869703,0.47023624141117581,0.25559385618306518
6394,0.41417097762861521,0.74899666917308927,0.47933715422130274,0.26434249020325523
6395,0.51251127899774584,0.1332961282766075,0.4706283896206564,0.25518760584457484
6396,0.0043580486965947782,0.68161517303540609,0.46354616790762077,0.25863746226992446
6397,0.78136202813639533,0.32126548465333182,0.47871869552350282,0.25912540215531188
6398,0.19048412318840857,0.32549547375360272,0.46567149537714042,0.25614379940553311
6399,0.28444963130742545,0.87010153942386392,0.47760810948648358,0.26501800721698943
6400,0.57782325409244517,0.1629898057579878,0.4723891249209291,0.25588533619647802
6401,0.42077990661166842,0.06795842488227645,0.46759741627791973,0.25381935296876429
6402,0.55811278173482282,0.52824027128982121,0.47873505512969211,0.26173580709332356
6403,0.79736257611430483,0.39408190959106432,0.48038819245131953,0.26042486691583455
6404,0.29654986893852475,0.99354098576983674,0.47955152544536317,0.26656714671797932
6405,0.73545799152312108,0.34720202502595493,0.47852261722354728,0.25943668734093139
6406,0.61543794173394573,0.94929621417153398,0.48718602883026846,0.26851679421450841
6407,0.88786196201770806,0.48429926854538502,0.48349108281478775,0.26226074428905416
6408,0.29541906574434834,0.54276230953425408,0.47247662444413618,0.26021857603096904
6409,0.54962835873587756,0.3333831121777534,0.47498365109840485,0.2585336372801661
6410,0.56667895097703436,0.77878292678660954,0.48354634932057466,0.26588542708497426
6411,0.92595675795335564,0.6609009158966016,0.48760173317894112,0.26551245390302758
6412,0.89368587829730251,0.054113664758799133,0.47490617521875161,0.25471102793805517
6413,0.30154229678345146,0.99996995496231833,0.47975601865146178,0.26666236088136253
6414,0.68513565781704389,0.5971943134780392,0.48248884831572592,0.26348643069356759
6415,0.90436165211783959,0.5292534499811824,0.48462864083952395,0.26310371683148004
6416,0.45963754013202851,0.47505587954829681,0.47561595366370563,0.26034198584298907
6417,0.71816930651754385,0.77883307851498251,0.48658589734249869,0.26672700514885705
6418,0.83304730317281794,0.33168454211110948,0.47966937194414816,0.2594396368312053
6419,0.51671291241458384,0.23207639959825901,0.47248903550845822,0.25677157815412194
6420,0.15438607064125828,0.72267282674490707,0.47063214772597961,0.2613733391945518
6421,0.69124112274841176,0.19114008657977685,0.47482551838575732,0.25667930169389558
6422,0.22424572315315017,0.75393947423816432,0.47367328860768881,0.26264503993119909
6423,0.42247787894726502,0.2444366944840993,0.47069831832334302,0.25653772154728266
6424,0.14440994385682279,0.31045420351416103,0.46386417999023416,0.2554957887683208
6425,0.1276767086580978,0.17737233268568525,0.46124950588124575,0.25351360840627513
6426,0.6238188938542153,0.47733877443022793,0.47908335313973183,0.26121062692215824
6427,0.42674572234769587,0.99150091557920683,0.48321723687633378,0.26764717272686672
6428,0.80151231497683328,0.76699808493476596,0.48781272264670833,0.2669093163152666
6429,0.47145007574878406,0.53743051085177573,0.47700316491470918,0.26139995905944746
6430,0.34221652591811724,0.56369513071669497,0.47417508362738064,0.26091566897885338
6431,0.76919514562803082,0.67692919969422516,0.48550063660661058,0.26521050100954618
6432,0.089496931328217039,0.29219504393400858,0.46155852236183731,0.25466666449900927
6433,0.14615181155564497,0.68471393751659204,0.46972252981965712,0.26073460012872673
6434,0.30893749893876959,0.57116873894875175,0.47335085644393166,0.26075804164378213
6435,0.20918870279964757,0.25394943224611927,0.46514389889728425,0.25529347954779491
6436,0.73830924567714107,0.58880836031887451,0.48325911829419549,0.26356884012901355
6437,0.81995885591068074,0.23839105097864521,0.47763779326799449,0.25779118998495631
6438,0.87371197373265175,0.66729122358850435,0.48696968387965789,0.2654468478485858
6439,0.96458215400200575,0.87539008347723868,0.49224319998959065,0.26925820464539324
6440,0.12929542391413124,0.79332875360545008,0.4707481583912787,0.26204215368034223
6441,0.49566508483862276,0.46055985198986021,0.47616933667826727,0.26031480557946229
6442,0.64769887309443441,0.780743612725183,0.4852756373561265,0.26639187969261813
6443,0.18828616795431588,0.25505037671766478,0.46449337227586757,0.25513270300462526
6444,0.87544277833778184,0.057791364104242536,0.47476277709193559,0.25475314619412509
6445,0.8464562188054785,0.61015085466291064,0.48541456544556583,0.264345096746046
6446,0.70199858791910819,0.58304903357821758,0.4825188100055125,0.26332021451586962
6447,0.98846266997609056,0.043135807918605863,0.47573882144584312,0.25461216926434288
6448,0.10950029611872741,0.6274129475987168,0.46739629180414138,0.25946887174794997
6449,0.59935711535642622,0.73021663450690688,0.48334088348031345,0.2652789110474954
6450,0.53832606599143473,0.50356654424167946,0.47786875357369685,0.26123258798103705
6451,0.80461993284855282,0.59381775333142139,0.48444290116157834,0.26391024466749247
6452,0.0069861562071018854,0.098787900051416369,0.45543018995774132,0.25118960717141586
6453,0.24560172780236464,0.40926431666096907,0.46876990598735646,0.25782843907907466
6454,0.86525741017187252,0.64689098081052077,0.48643342699995062,0.26505706843069127
6455,0.25467158885515528,0.50642310751761554,0.47063604668562181,0.25932590525874505
6456,0.59787480135386573,0.98500901100459748,0.48710354810148909,0.26868516384169122
6457,0.36013276722679149,0.46842960115537285,0.47303452840950166,0.25959857529674074
6458,0.032022802480857357,0.28741249714778966,0.45915630670412394,0.25391263444611811
6459,0.53648906969941457,0.20815631847487528,0.47244409091513878,0.25646726455146934
6460,0.068821379424456972,0.20011282186150783,0.45940048777812614,0.25321371285549993
6461,0.53770104778426475,0.50026422234213686,0.47779514934835099,0.26117587129332004
6462,0.25975499846750172,0.67120188272326486,0.47350495012378918,0.26180007685462042
6463,0.73930688589547067,0.91192629461722685,0.48915987416619083,0.26878754434378016
6464,0.18646010337156477,0.43340080612598686,0.46723762771909005,0.25763200773634026
6465,0.28227974714603044,0.021388261821807829,0.46351882036456971,0.25246737717445467
6466,0.5127468496224028,0.30966744417356096,0.47380958645711058,0.25799123801310442
6467,0.36076992551229198,0.39043377825928621,0.47171689552996565,0.25841545765756735
6468,0.62978672896673671,0.54041816884822913,0.48038347783813923,0.26228484401118196
6469,0.78503388642108773,0.20714208519629904,0.47653532302990276,0.25717663607221503
6470,0.66973321681934184,0.93578830621399689,0.4881288392387706,0.26868270104405945
6471,0.19148018994844751,0.046235718145628928,0.46134003503270821,0.25224463177880047
6472,0.58763692426324121,0.91997186472810577,0.48632166047670822,0.26809161881393173
6473,0.70242425038659717,0.66432794646379767,0.48409082137999715,0.2647017164351177
6474,0.47093612764900322,0.62989370623108698,0.47864720094642665,0.26286700106729904
6475,0.34510560356463538,0.55637904017023976,0.47413061031858378,0.26082694663661027
6476,0.62060987814286495,0.88559965901236293,0.48657750084291435,0.26788725897996746
6477,0.38940306724539264,0.51594888653181259,0.47461865844687501,0.26053236775036004
6478,0.60572291602921902,0.29410752303256887,0.47531980089068038,0.25811670470279757
6479,0.30665031525496161,0.10603644760878525,0.46553779044185151,0.25383470830197324
6480,0.96369043864362169,0.40904233919732508,0.48296204189362196,0.26111395970511075
6481,0.11138493626617128,0.6680288971846341,0.46809310768442536,0.26005493302711685
6482,0.04010574828562094,0.86031631756218852,0.46786312048202522,0.26161095411065788
6483,0.34806576105462156,0.61696085730424388,0.47524798314904931,0.26177380935629124
6484,0.84279297426989064,0.0070576020982232876,0.47335861851932404,0.25383551692334139
6485,0.19530466819700087,0.62990345164065953,0.47066484720744023,0.26052870161861308
6486,0.085404615944565748,0.64011848306405594,0.46659797070130909,0.25931983375383366
6487,0.12970269595215797,0.039570173771737611,0.45925031340197942,0.25167253936167133
6488,0.15133507993804526,0.1362729217055603,0.4614388637729171,0.25316752811219234
6489,0.22511066923997133,0.27424318045299734,0.46596203507790745,0.25571200900470725
6490,0.076157581407402183,0.70635107445196488,0.46720005269632586,0.26009145707828391
6491,0.11070532967277105,0.79434348630165919,0.47000180430130006,0.2617984452631883
6492,0.30614854229801569,0.55217422632580859,0.47295022524034896,0.26044962000395516
6493,0.90062275341945941,0.08386373812024249,0.47558548752239893,0.25523979961757171
6494,0.48613936531563523,0.20100629395417638,0.47131205166297507,0.25615377525926281
6495,0.067585143309447454,0.28232618144870503,0.46055168299940008,0.25428367498746585
6496,0.18603225992586231,0.11804686732137344,0.46228476975757193,0.2532004754699555
6497,0.87237702331164624,0.48902986680419419,0.48336875195047746,0.26229969695594707
6498,0.56813833797328417,0.03457014059344074,0.46986648618306159,0.25378948097812093
6499,0.29222443302614848,0.10649475382772508,0.46516739804770291,0.2537577493325528
6500,0.26668009883397026,0.34338619410238463,0.46833138133168739,0.25704009026285046
6501,0.66449036129225281,0.44684574544097999,0.47924886317568111,0.26087098894032529
6502,0.19178387150944909,0.097685388052591596,0.46214805228804196,0.25296137132930047
6503,0.99227515931763921,0.63787138534205734,0.48803515786954604,0.26530481916735044
6504,0.60115448546932315,0.89695444131834667,0.48632707543158915,0.26791442351693712
6505,0.12221842912427383,0.81738256587336078,0.47083261502672563,0.26228178804636343
6506,0.5138679775895667,0.33280791886738736,0.47425093140619023,0.25836576063244071
6507,0.71310237557812373,0.17107513318130513,0.47478030415159311,0.25639823278804408
6508,0.37657917793790113,0.14749507767256584,0.46796270867470913,0.25482598334985768
6509,0.43071967175375908,0.033860181300889233,0.46721966899631523,0.25333727894523017
6510,0.56270295572782636,0.48860681004141227,0.47809846080938528,0.26111284827639153
6511,0.12633036883495516,0.30135924114562807,0.46307675740054116,0.2551873720769664
6512,0.8795028328374378,0.93996999019974614,0.49168669436592322,0.26958659205689045
6513,0.48332529756337173,0.38076639076840368,0.47446505516262677,0.25898052744334171
6514,0.57703478468625113,0.62921441821445478,0.48099519786239209,0.26348838720449208
6515,0.54096248063574315,0.0055500932240043765,0.46886055658912568,0.25325359632254318
6516,0.59038530552763258,0.90106027741850125,0.48615382872316515,0.26790033758322435
6517,0.92489391247761676,0.50881582218079136,0.48449509931502405,0.26279879344284257
6518,0.99374552616215084,0.55969907072008351,0.48644193788187379,0.26389718007037116
6519,0.5456302446710295,0.57172052735862089,0.47927304283454519,0.26237745209046442
6520,0.6270199102904298,0.23101141338221498,0.47451885797871601,0.25715346305159126
6521,0.21686079300552374,0.51752600429073214,0.46959980997230727,0.25913348413629689
6522,0.8159390886892216,0.28002661765186349,0.47840529587101416,0.25850208491204613
6523,0.33613854149194666,0.17786505644036224,0.46748678825777923,0.25506419647126566
6524,0.35417271304215542,0.8966172416960938,0.48019191659829014,0.26609297729534021
6525,0.2259899789908319,0.36178439825443787,0.46739176305770419,0.2569741886148873
6526,0.48463673718463401,0.79266415540663304,0.48190333154314741,0.26556296500740967
6527,0.94324140534534817,0.37589659331854203,0.48202674705109749,0.2604762616669386
6528,0.90027669763675655,0.78528124398185173,0.48974465700115355,0.26763465453949997
6529,0.24311072601644557,0.28178595599293477,0.46663035137246489,0.255962844350199
6530,0.75981227083661362,0.20937906702525216,0.47621638648599651,0.25715736835177172
6531,0.95372601314041527,0.84328555082577517,0.49162538892224505,0.26880181014135962
6532,0.49845924464390845,0.0083067435495904653,0.4681266533026589,0.25317414467464217
6533,0.60855871203053979,0.071292492869577839,0.47123134633901104,0.25448811813937611
6534,0.92021235511569544,0.5689310642733123,0.48565280137425398,0.26385551790340983
6535,0.92636178358980692,0.23134143108600985,0.47887454391723627,0.25787519783573581
6536,0.52390809836817209,0.72854807654767062,0.48166631486653827,0.2647951669502257
6537,0.57857977758889323,0.12023703200394521,0.47161721429244918,0.25519693498566803
6538,0.64088723548426063,0.43741606052060378,0.47864657704283514,0.26061941488508189
6539,0.42839478981042051,0.31415453061041193,0.47205207270134975,0.25764761036418443
6540,0.1859861229905975,0.17747900703208289,0.46320746086938575,0.25402766480447359
6541,0.24585223638551543,0.49775255853104172,0.47021755706760993,0.25911950470412887
6542,0.54844559339937982,0.39747227980195315,0.47613401493726876,0.25956461270517439
6543,0.077881757833191664,0.92684329596263126,0.47059837302159435,0.263134692798003
6544,0.040229927691898773,0.709081575750385,0.46563959301608615,0.25958435586705841
6545,0.85573455363888062,0.67255565525823047,0.48680297346208617,0.26547446718373119
6546,0.77691935115956001,0.44392349786512786,0.48105714913224512,0.26122180495254294
6547,0.28038134998533643,0.96647688701798906,0.47879924083374814,0.26618031467868264
6548,0.94153585666724249,0.26490952702701326,0.47974190419573637,0.25849735225314219
6549,0.6735748158806586,0.50279590756701076,0.48047624626974106,0.26184620222278843
6550,0.54031188185246426,0.26807333597113614,0.47360795951562251,0.25744285151527052
6551,0.88175992867165476,0.38942927819864126,0.48149607575667835,0.26057166920784314
6552,0.96804425830178664,0.55203489522148164,0.48595164121073758,0.2636900146903452
6553,0.98833090723083594,0.19558654747832332,0.47886932823546652,0.25733542391023895
6554,0.57161036138393684,0.082959237663738902,0.47081091838599581,0.25457577878746429
6555,0.87847288195736484,0.86850766615777975,0.4909002307869067,0.2688709011884165
6556,0.64918641544691058,0.848302206374833,0.48656904599598277,0.26752081818745865
6557,0.36404401818563931,0.26556902000721311,0.46966971364176435,0.25654235442864498
6558,0.028919523214071527,0.58844725485815441,0.46335886334165066,0.25780702223491059
6559,0.28653693347751397,0.68087216149376484,0.47451261123700178,0.26220226170661615
6560,0.28616392827468229,0.86937461274861128,0.4776516120359916,0.26502515297695672
6561,0.98619541812128164,0.58734670893246077,0.48691455529142574,0.26437558718669663
6562,0.69517001836815617,0.21635508888984334,0.47536872541942943,0.25711178096515497
6563,0.50848786390199097,0.33032604294744089,0.47409452292235404,0.25830133041058351
6564,0.046607614827330696,0.67913027082333577,0.46548922036204049,0.25928268614227695
6565,0.16947368749160088,0.52660766909249368,0.46811231010039228,0.25877541718861857
6566,0.78413736422165536,0.84083619187163428,0.48893957957453643,0.26808767568921116
6567,0.46718363721953937,0.64532944095154532,0.47883397624916096,0.26308796767364911
6568,0.17266639583409998,0.40304816317314984,0.46628721130061207,0.25706686943912938
6569,0.25875452050502645,0.29354989461427328,0.46728539840277039,0.25625326182112346
6570,0.77109897094265323,0.358815565237531,0.47930027922291019,0.25974124409364491
6571,0.58466465579102511,0.17258946575556183,0.47268859356874665,0.25606287746901152
6572,0.96814834459427523,0.89429083979377766,0.49251651008356295,0.269475077330805
6573,0.01008841863385169,0.88468845419454156,0.46676068186389563,0.26141215545748719
6574,0.36790691789953273,0.61720194923122185,0.47580029898864079,0.26193457579131446
6575,0.31475745948721889,0.063999674606800547,0.46505199706539208,0.25326322455701533
6576,0.093235805304965474,0.64274150937501118,0.4669644649199492,0.25946302815712285
6577,0.17068966108799216,0.51555900834972279,0.46798214967674695,0.25863240596564974
6578,0.0083156100941938343,0.67303845087768277,0.46361438153078466,0.25859132978006061
6579,0.93008372116930549,0.17507083807279125,0.47777720243996047,0.25688577538305285
6580,0.86381040055864722,0.39705705959646731,0.48140308132418103,0.26065987172114047
6581,0.0019693980531417764,0.92127327621924926,0.46688094354454707,0.26174698487952164
6582,0.5649712877814077,0.57340071387254865,0.47971072560448741,0.26250883951363596
6583,0.56066575718499956,0.80431122390459064,0.48388562561642562,0.26626661957881814
6584,0.51486180634625489,0.9351666031264817,0.48487431997801067,0.26779395392326499
6585,0.8696745977459126,0.29747191895319847,0.47948667558721147,0.25892839328651035
6586,0.43720087550395403,0.53629388308693893,0.47617029169743141,0.26116827432428491
6587,0.99384480538571951,0.67739632042410081,0.48887059587722309,0.26602361603951485
6588,0.47100202353693316,0.05614971423571697,0.46843708892664976,0.25382930839252066
6589,0.18236421938148561,0.95021005275939829,0.47521360824569447,0.26490821195769942
6590,0.72214795815622213,0.69480983963898624,0.48503339187021199,0.26531123948233104
6591,0.83964986649976348,0.75043315253643095,0.4881059931798144,0.26678002529269129
6592,0.028060831485653762,0.10854206821488915,0.4564510558485716,0.25156442681721852
6593,0.72466106199558122,0.39906935753728029,0.47935370795589793,0.26028349678578599
6594,0.750764910417411,0.97899402679217751,0.48992121758574947,0.26936977614832425
6595,0.056181606031057894,0.58687245581728642,0.46455307312692606,0.25818899279763441
6596,0.36518829838962996,0.53934249119282462,0.47438620396240205,0.26071894368307097
6597,0.70374196747789386,0.88453706181509195,0.488183793295902,0.26831424049750813
6598,0.47325569164223269,0.91849769421253591,0.48369407606909598,0.26733633090851727
6599,0.42407168400055967,0.16386944978091633,0.46933183875250251,0.25530400160518024
6600,0.99422306883487621,0.14724603083535331,0.47793990659881225,0.25647757801033899
6601,0.18692929229902802,0.22703222046269803,0.4640109878570346,0.2547282156203694
6602,0.4536073907216196,0.97879652896389602,0.48380166393170637,0.26775037441123539
6603,0.62676462422312473,0.23606451306618983,0.47460903164849139,0.25723578518789175
6604,0.29089500923593298,0.83461522241564234,0.47722173989797767,0.26455144054611324
6605,0.57436700179543121,0.63488193090868883,0.48104473422556177,0.26356688778822723
6606,0.60292668562148466,0.13237506879452851,0.47226641671759911,0.25546580372610245
6607,0.62824217708410002,0.34678212447582046,0.47671124218718675,0.25906709131278555
6608,0.28700928642713702,0.81556972428326258,0.47677849752680312,0.26422542356816381
6609,0.45329140462892831,0.01543810857104836,0.46736595917532753,0.25313684485943005
6610,0.2037545541561791,0.55356048905079946,0.46973709338097186,0.25952119292941944
6611,0.081190184780734129,0.41887284760359905,0.46311255465154322,0.25626824139301091
6612,0.58602695226803192,0.8067997996253311,0.48448708051480777,0.26646676278938647
6613,0.54673209963355918,0.48400920030769196,0.47768598869310974,0.26095864147178333
6614,0.96663592086046701,0.092307909001351801,0.47651012095113388,0.2554660709020799
6615,0.4526546660659253,0.13644024667093763,0.46947144363974919,0.25500529254567805
6616,0.51657495354617722,0.29220470130861503,0.47357228977502358,0.25772951547050749
6617,0.46244430590405833,0.11561889397780178,0.46931006877993159,0.25472161177294034
6618,0.54186072878859715,0.65435249922209182,0.48070901294784618,0.26370028005462781
6619,0.048738948665920177,0.68787668512737155,0.46571442654237133,0.25943252238690689
6620,0.7201276948717773,0.18245835544044384,0.47510557100639983,0.25660674908639181
6621,0.17862754397072131,0.35947807032502027,0.46580893067855428,0.25651229864551639
6622,0.44976727871004263,0.021853090796072502,0.46740617934149942,0.25322321052362945
6623,0.23026823867553614,0.573716953730525,0.47095028878300849,0.26007922190438498
6624,0.30091979632520816,0.24074455148867566,0.46761047420810392,0.25577920833139767
6625,0.73177130595004425,0.53599615325318883,0.48212321588581586,0.26264043098159617
6626,0.080575077725166921,0.41254224600469463,0.4629936501850821,0.25617558759329068
6627,0.70924023783294254,0.91553598621083665,0.48866082395828059,0.26868501893539859
6628,0.11643230555866613,0.16542603420041271,0.46067099659062255,0.25324507023844667
6629,0.091115313063364012,0.20024750396545279,0.46025899134581194,0.25345651744730013
6630,0.80435643084518382,0.96427524042731394,0.49070944814724593,0.26948811732523775
6631,0.44938431090001252,0.34276839124414837,0.47303485239015569,0.25820529536391373
6632,0.65043950965203112,0.2570622809598106,0.47540931678168258,0.25765847510055945
6633,0.32586274885957828,0.8112686220584554,0.47791527543043022,0.2645427384490604
6634,0.19335912085763413,0.51803225537111286,0.46881444646339443,0.2589055348826822
6635,0.092366311371105264,0.053989457662671339,0.45815499122987902,0.25153168122190889
6636,0.6663569723795052,0.49257202066608008,0.4801523047430663,0.26164484689780693
6637,0.44852415406518847,0.97032265817442676,0.48360493479540068,0.26764786752064285
6638,0.7098052153336466,0.20940422810158926,0.47546477244699259,0.25703410839796687
6639,0.15291882225623121,0.41919810029120419,0.46584385449902266,0.25709090285329256
6640,0.24094952009260889,0.81914056676056934,0.47531268896070056,0.26378791524194822
6641,0.97537252836570842,0.79012708597568559,0.49093546132841309,0.26799725173126376
6642,0.52064898719080965,0.80292376393663001,0.48294848474249624,0.26597996250552314
6643,0.71367097334434515,0.028016492688015569,0.47205116243671785,0.25400307670000583
6644,0.85720901787843329,0.5148346639230964,0.48366852272217964,0.26270784030456629
6645,0.35669291564073646,0.3873015656163567,0.47155742482678598,0.25834084660615453
6646,0.85819539817840562,0.43942389452537756,0.48217297906239809,0.261387665164794
6647,0.7832394216663553,0.96074255144008203,0.49034001374274061,0.26938069422711475
6648,0.20658612866975601,0.026792693152918948,0.46149270043733737,0.25207989886321758
6649,0.21711096227861709,0.85752399981446803,0.47510447917273707,0.26407782728694229
6650,0.45630563755497572,0.12774788684373489,0.46939557595656412,0.25488542139103265
6651,0.074350492349464919,0.5941663670259878,0.46544244708712934,0.25854284554437718
6652,0.36357266488667811,0.96855684332387759,0.48132555081724099,0.26696897533378466
6653,0.97596427596545554,0.29085792558490065,0.4806854874698952,0.25902191766736987
6654,0.015680703322903722,0.15321911858973328,0.45655993499263176,0.2519844598959497
6655,0.29617128944926663,0.63696793171047472,0.4740743197405422,0.26163395771044723
6656,0.92682777051787135,0.3803151851048111,0.48190736878479623,0.26051812020829224
6657,0.49807135648980039,0.033288505198981147,0.46856311991319333,0.25356397889124083
6658,0.59461558842390083,0.02543469992122846,0.47015180332325468,0.25371034348783367
6659,0.7258319741167244,0.51307976913248421,0.48157914584216577,0.2622268958409385
6660,0.36984579972891374,0.90151516027200274,0.48071830426673845,0.26630010808564647
6661,0.16786281927219826,0.43259947917194808,0.4665821540033106,0.25743366805287671
6662,0.59348276354732232,0.72087477801473576,0.48304394335332468,0.2650908311131282
6663,0.31147944454801035,0.3817206457999186,0.47024635210927129,0.25794242790689065
6664,0.90196256428711352,0.32131788116925164,0.48039027752488006,0.25941808791572291
6665,0.25212665753021141,0.61622816824718618,0.47235512462210894,0.26091464486538685
6666,0.3753791729111341,0.61670242709523304,0.47599422064908958,0.26198455499835321
6667,0.45459369709464953,0.11433272914554692,0.46912411911295265,0.25467036972185314
6668,0.54804623148570542,0.50465710170314415,0.47809229508621609,0.26130046334891499
6669,0.30044067685498155,0.26865687200346727,0.46805955536431609,0.25618764574958647
6670,0.28859730398954125,0.35073341602509611,0.46908693752672848,0.25731452803753263
6671,0.092753782468184373,0.13306723730604864,0.45932965068390275,0.25258065718325801
6672,0.2228852060107398,0.56231357519462477,0.47052163928386093,0.259840610265405
6673,0.93717780893781455,0.70433802150319103,0.48864436859435989,0.26632571229935303
6674,0.6636450032349327,0.25342487023387805,0.47556233450051683,0.25763933155271579
6675,0.68579327493583553,0.70140501040051462,0.48449753141733504,0.26525181372854045
6676,0.30149422691838118,0.36987755707256731,0.46976966136291221,0.2576932260546721
6677,0.26761076416455909,0.91142122055030206,0.47770892933399489,0.26542828502445914
6678,0.16969734104167439,0.8927836937192013,0.47390625338225012,0.26399518066989303
6679,0.066611538665939593,0.20140846548933772,0.45933260809100995,0.2532060971660357
6680,0.99430464812816366,0.64153566879235446,0.48813736502699595,0.26537695404418621
6681,0.021184440721163992,0.95305651513641942,0.4682985588297171,0.26251365393816528
6682,0.017199050207773688,0.16662257204336348,0.45681261408056939,0.2521736887983696
6683,0.25082043993192493,0.16003893564495958,0.46489487981371774,0.25426773660484031
6684,0.88473455088696218,0.25293617264492207,0.47878955969871029,0.258178858458113
6685,0.76992590982440168,0.95562271739033755,0.49008136582685607,0.26929092508676172
6686,0.71562034035752298,0.85748460609327304,0.48800104303725172,0.26801063194658487
6687,0.60000493747337025,0.48739457877845271,0.47881700615523082,0.2612702250481343
6688,0.75730742282063013,0.14555968934587438,0.4749402527198831,0.25606686898499081
6689,0.052066267924255227,0.34175838737400482,0.46078480431857766,0.2548782451828317
6690,0.40202906576147074,0.16159690330215964,0.46879597502820086,0.25516543697694022
6691,0.99774963052590615,0.35241858802271309,0.4822113086126682,0.26016786398084629
6692,0.52410703222210286,0.86168949551481056,0.484088214703219,0.26694651555198712
6693,0.22246751517268132,0.22467629850030646,0.4650903326149381,0.2549839790233534
6694,0.62906921597450272,0.31314283038786378,0.4760943706759157,0.25851430222961946
6695,0.005191406492667739,0.85784016048904743,0.46612646589979795,0.2609682389925988
6696,0.24519033472581067,0.55085728869646566,0.47106270566197112,0.25988940458280935
6697,0.17533232222333317,0.33815655167662773,0.46536369684214751,0.25618153870456212
6698,0.85657125370415166,0.53671836215500957,0.4840972854673693,0.26309006589450917
6699,0.56326619570882763,0.93042662919849395,0.48591153757507671,0.26805182499109348
6700,0.22321037328528473,0.26714394197076324,0.46579008775195546,0.25559528407762677
6701,0.48519659200714671,0.59723116031928225,0.47839526951883593,0.26243674087244667
6702,0.8389523687728565,0.5914498136135401,0.4849276226023318,0.26399125656360906
6703,0.18722215380383422,0.5065004450469861,0.46841972763734552,0.25867799522408791
6704,0.79835701002905846,0.051676197863428391,0.47367323201344852,0.25454189411771266
6705,0.94923189992002444,0.66377675486587695,0.48798618061529042,0.26563931653149614
6706,0.5375674068680848,0.67290612222509227,0.48095499987939166,0.26397655243567703
6707,0.46492180916682124,0.32343857669777937,0.47303898066546202,0.25798216580110728
6708,0.38482263876224171,0.26076316436523339,0.47009731840475361,0.2565882032447922
6709,0.10472432339790975,0.86066355762950841,0.47076796985366104,0.26263459851141091
6710,0.54242890542071542,0.50257679201263239,0.47793682299772294,0.2612378228275048
6711,0.90915402316256655,0.69773381793786537,0.48810729230396527,0.26611143713391955
6712,0.40656743890735092,0.0036093272796017123,0.46618329027207367,0.25278384063629694
6713,0.81565809164199754,0.38655486236979486,0.48050926604896982,0.26034674729197355
6714,0.096997324298054452,0.16379063373893732,0.45993978582207579,0.25303159024324268
6715,0.0033337106531835161,0.092972748090967075,0.45519314411114875,0.2510717824940803
6716,0.63761481383572105,0.72566212150118081,0.48403261370652684,0.26541422987258673
6717,0.25488001136983512,0.035978091601829514,0.46301767729118282,0.25251844055477091
6718,0.99444452059747424,0.54794605762428839,0.48620831303913009,0.26368681566533364
6719,0.60384499039318185,0.25461359601503936,0.47455091764298546,0.25746317901568239
6720,0.038254218169546224,0.24723144895959415,0.45884424523579442,0.25347036962570557
6721,0.50351631218109982,0.74532258688964659,0.48149926399019871,0.26493244138704347
6722,0.72844989669738569,0.45482921829092088,0.4804946880871353,0.26124457598292539
6723,0.48437028749239397,0.59439007223233353,0.47832499359919323,0.26238623385134668
6724,0.67885758063319379,0.61921571757128702,0.48279593812584443,0.26382999376414373
6725,0.60075822443057547,0.84331680384789365,0.48547936302277384,0.2671579010866183
6726,0.26037501653310613,0.68062428521410334,0.47368033550722977,0.2619455922279777
6727,0.76076607715183642,0.92087504694679523,0.48962381022913076,0.26896722388573618
6728,0.6493099035213119,0.4471810106696445,0.47898377805053827,0.26081614097922318
6729,0.091564888748934023,0.39800055300971726,0.46321511344016769,0.25611307073606226
6730,0.24869126599229641,0.80935202173033027,0.47541525719402328,0.26372858387180426
6731,0.4561282382216188,0.30806607120643603,0.47257219250299359,0.25769676308731615
6732,0.51834683272013204,0.531197805599391,0.47794492200954058,0.26157162817570995
6733,0.79100654935106873,0.16056375037672699,0.47570646381028364,0.25639142094187156
6734,0.88761170192878935,0.7396924872268108,0.48863468818604189,0.26677794960049916
6735,0.34671906124349916,0.21289887399539584,0.46834297265765645,0.25564844067060138
6736,0.82763289212087399,0.9461854241128197,0.49094478596852792,0.26944750901658354
6737,0.8410678392727976,0.19953195704253157,0.47715235975754688,0.25716153720312568
6738,0.41075787693526361,0.095777600842819097,0.46785829416374547,0.25420158618671512
6739,0.030219633401825558,0.042602763983129989,0.45561213293232383,0.25074995204807105
6740,0.44675071210832107,0.46792494733295176,0.475188588738785,0.26015343488805293
6741,0.54652463345316937,0.70383804295040897,0.4817206645527371,0.26453453256856985
6742,0.043205492388608401,0.78834542288192311,0.46694498588732114,0.26069420362714069
6743,0.95880744220792558,0.48359023547786056,0.4844279849391841,0.26243776010156755
6744,0.047768855919467751,0.094847315041592814,0.45705371279232543,0.25161111194694252
6745,0.591310535933252,0.43815123108621923,0.47773110899609678,0.26042127650192703
6746,0.40551687169907386,0.37186344949909256,0.47251829475497992,0.25841157461759862
6747,0.80327480312363475,0.10779369586637477,0.47483819146412976,0.25551008002821712
6748,0.20351548744655448,0.73326807554877604,0.4726120392977271,0.26211134701935418
6749,0.8726965101652896,0.9158375520963572,0.49137030240294016,0.26936073372301672
6750,0.5142256907685776,0.10668499671645695,0.47018394367239535,0.25477274033177627
6751,0.50783511259238001,0.67678078005010034,0.48035573867030734,0.26385554038057496
6752,0.20004014083686053,0.39939772798247869,0.46715518663142808,0.25727940112353831
6753,0.91514128411094431,0.964826627605327,0.49238457047639811,0.26987858942046916
6754,0.27162200957635652,0.47682868143260715,0.47067044909453287,0.259038809864855
6755,0.42776095798403257,0.11288983269660967,0.46852706829538865,0.25453686737843112
6756,0.84535272761959357,0.039464304265927057,0.474031404769932,0.25439757854739592
6757,0.72899318426715909,0.74304818520859117,0.48608994238525399,0.2661676362298705
6758,0.93760447123813218,0.22186531584280311,0.47881790135336622,0.25772636211354122
6759,0.96789946715628039,0.898446400319587,0.49255793417466265,0.26951568997370434
6760,0.75534584442271158,0.75138487877616433,0.48671857070967506,0.26643326823212665
6761,0.20546119354275288,0.92423189521807947,0.47572860898015012,0.26488219202512531
6762,0.97943935023605599,0.82965070503152671,0.49175528162274662,0.26868490620598423
6763,0.18880928646734682,0.46639896944166398,0.46783940655684719,0.25812374068088467
6764,0.74275084932321922,0.98978210757308405,0.48985194323767334,0.26940262631277645
6765,0.6200222648125957,0.84164643529379979,0.48585473396523016,0.26724691317222782
6766,0.19855189394723857,0.80862586946113735,0.47364511487770605,0.26314481321544775
6767,0.85866441027953988,0.2086381058101193,0.47756472381327592,0.25735364256794535
6768,0.074489579776220491,0.053860744895727841,0.45749448814173632,0.25135757056647778
6769,0.69109379110477176,0.35971768304827856,0.47804399112589185,0.25950587301085015
6770,0.26197077937588331,0.69409592623213545,0.4739541842748321,0.26216090425012395
6771,0.65646800310980769,0.9396879227080267,0.4879105902796434,0.26864978267502765
6772,0.84951879456116586,0.025193289219506552,0.47379986694224685,0.25415631552559886
6773,0.37277055283788363,0.55789531168964468,0.47490847576722706,0.26105961642290143
6774,0.36444898052603236,0.65623260368105252,0.47637812698082899,0.26250742811221289
6775,0.95132261570802656,0.34846595552092191,0.48156760793671538,0.26000431058336898
6776,0.66933387543415879,0.10401015447593527,0.47282765546890948,0.25517486759871888
6777,0.15488764852002496,0.55347959032797955,0.46800356919484071,0.25899217799761781
6778,0.76654605186282432,0.059567434643965682,0.47340075910534196,0.25462550401544798
6779,0.48662193084944744,0.12751645641516662,0.47001358829340828,0.25500095690186247
6780,0.38624657630369769,0.18392893478287151,0.46881320653705894,0.25542686818426136
6781,0.61752138074644614,0.97476644070214824,0.48743031185174907,0.26872049759220495
6782,0.60527256076264901,0.9965305540261209,0.48732872094172019,0.26879704262669807
6783,0.47945432247024733,0.050757466727041178,0.46851028870044142,0.25377499957242017
6784,0.74715775219382485,0.46086910435104511,0.48091706196968281,0.26141317548468507
6785,0.97129690313321781,0.0904572106306092,0.47652351858790454,0.2554381852411296
6786,0.85445324800048261,0.96047271463224904,0.49146462801861834,0.26964640509436416
6787,0.75809148975874996,0.23040309937222631,0.47660010273272857,0.25751126237525701
6788,0.81536487946681446,0.021223406322055962,0.47329587702398535,0.25404501596888723
6789,0.26823312977944735,0.67483290034969112,0.47383654749391912,0.26193694222310848
6790,0.79658951496997621,0.90936661540033537,0.49010612415544463,0.26900753593166066
6791,0.6662177121710382,0.25824463249483381,0.47569647136089227,0.25772745965024046
6792,0.17052762536649826,0.096959229219483675,0.46146635902402744,0.25278688319985931
6793,0.42327494789775227,0.85533971350261717,0.48145240860930555,0.26608733087110831
6794,0.73256195160412463,0.62289985704097195,0.48382275953183229,0.26412828010210182
6795,0.39254705996265404,0.84273759036095575,0.48039270345748519,0.26563106472028503
6796,0.67860043117994207,0.041316115171241112,0.47178581772388462,0.25415734373403159
6797,0.046585912265826486,0.40409118362752489,0.46146015541643842,0.25562796002122307
6798,0.060805760067317166,0.19415456879547566,0.45899799648125844,0.25304571065353498
6799,0.91783320812407188,0.1882920685817604,0.47789837344288366,0.25710025571961337
6800,0.90934948764900914,0.1856984988755663,0.47774288394535863,0.25704087745757781
6801,0.34198020658927275,0.40199736850020712,0.47141908740510097,0.25846335429247397
6802,0.41055371424780462,0.45814156122069105,0.47414520399435511,0.25977788184156503
6803,0.21393963025346166,0.90587629262077396,0.47576574331665067,0.2647393307607771
6804,0.314682103312586,0.86678481466775992,0.4785141149250432,0.26527845057506994
6805,0.84789117051555074,0.30533220314712961,0.47935021801654215,0.25901649640969115
6806,0.76787701038768286,0.62423750860950677,0.48444662539095901,0.26429617375325015
6807,0.42800762558552674,0.52852812487554046,0.47580897311463455,0.26098704091961056
6808,0.73788196676386286,0.97784838464885249,0.48969265987150074,0.26930855509485285
6809,0.96750047136732609,0.3059288890697644,0.48089401014841199,0.25927622846807563
6810,0.16484615767445648,0.78747449525779822,0.47205200184071816,0.26242583839748851
6811,0.74062665849189513,0.038075483008602168,0.47262679873338959,0.25421871322312772
6812,0.18432922333128518,0.65231189301494741,0.47063160227105655,0.26072793561167762
6813,0.7690951055050711,0.87921445582137681,0.48927821200788657,0.26855552142056038
6814,0.43683989899092124,0.34073085095576244,0.4727129709993832,0.25810639221019044
6815,0.73415932293640229,0.2747928089958499,0.47710053438670469,0.25820346460995547
6816,0.45622100817592581,0.81752974049850602,0.48164188266635566,0.26575028570531328
6817,0.035459654652245813,0.81072912999138946,0.46691232376905029,0.26086728684499444
6818,0.086409043968713378,0.45864708384341796,0.46391601155661777,0.25686911888322422
6819,0.68067411581174242,0.91814485832263015,0.48815942194409861,0.26857264206996628
6820,0.51903878922375157,0.84927450897517853,0.48375310703718849,0.26671852082535458
6821,0.31001157242987537,0.67976042532607683,0.47521072994091945,0.26240211890236559
6822,0.5859279922377435,0.14756870391221019,0.47225002793696769,0.25566139931127319
6823,0.65829589022650614,0.061940375505469276,0.47186203144530658,0.25445465959702179
6824,0.17149039246387549,0.73116836895282622,0.47141223196297832,0.26170462885496032
6825,0.51413126932681774,0.9033998067455018,0.48448375248556819,0.26744574251865932
6826,0.6831780587917311,0.50850725265435182,0.48075580772451215,0.26198158909342345
6827,0.61403500477789197,0.60962961967763263,0.48137982569767884,0.26335871177588205
6828,0.2797870717065758,0.93166934386907385,0.47838505390882868,0.26580919194287367
6829,0.29566808904592184,0.14303281184654917,0.46585803703779588,0.25431158074983717
6830,0.72575420900519239,0.66232416198333954,0.48446840704780497,0.26477266433821728
6831,0.68894106671962663,0.64785717747324378,0.48352915282840403,0.26436036523458728
6832,0.11588419419057901,0.65774419628587788,0.46811688633974818,0.2599717047696965
6833,0.79454864829267613,0.65734569939357457,0.48553547345359932,0.26497501972726717
6834,0.87000064799197718,0.34540273496479501,0.48045220174754211,0.25976931209139925
6835,0.18664338449732168,0.20579805376926671,0.46367011268554914,0.25442865735078513
6836,0.84693435037845044,0.28734723092155762,0.47897863404883534,0.25870082721507937
6837,0.98507976201759895,0.58501046370960552,0.48685192653934622,0.26433036374997948
6838,0.99555330552413368,0.17205056544305991,0.47846529698015272,0.25692351964233001
6839,0.26074189866221276,0.05675352004597662,0.46351195531017314,0.25285084503150912
6840,0.0098482341847964568,0.12823376940771705,0.45596185312104032,0.25159589207952737
6841,0.76261863802814633,0.69003268081824065,0.48564573881648504,0.26540859884082524
6842,0.44082866060162196,0.74089277842621082,0.47988570142809345,0.26441834720083834
6843,0.58492924427987314,0.047201911320292854,0.47038746248607899,0.25403687202475889
6844,0.051362673917075156,0.82379578597474623,0.46784754339965007,0.26130418872081373
6845,0.85023469685922615,0.41656889157973931,0.48160316021679833,0.26096533341900879
6846,0.85705032418154892,0.033702385109278837,0.47406053713364771,0.25431253794697822
6847,0.13013149555855197,0.00096055252676596867,0.45868814845589251,0.25115837982981754
6848,0.81282410546912587,0.96943502107922686,0.49087898225652787,0.269553548112694
6849,0.46279912732521777,0.51617368114989948,0.47642211537981638,0.26101069511177072
6850,0.45336010800426596,0.35965944090929119,0.4734234908259935,0.25849102814895325
6851,0.0053047065486782228,0.068274001388798938,0.45493605781291085,0.25078617329421959
6852,0.38663130888108865,0.89588173500898993,0.48111121773959398,0.26637275061364796
6853,0.22722434594085208,0.62513387083340199,0.4716832541294344,0.26079720034779968
6854,0.58935377872643302,0.08475372485999251,0.47115339348851004,0.25465490920289746
6855,0.29143507542629959,0.8419469944365906,0.47736193036738012,0.26466732701920848
6856,0.67431903354205425,0.0033170374729554171,0.47100415655881211,0.25352101905004781
6857,0.21658051240214846,0.91350358110732643,0.47597605621423955,0.26487543595218127
6858,0.98797386305768753,0.20354347135879799,0.47902901842605511,0.25747741432862015
6859,0.76209025204243375,0.24559828014714877,0.47695485129439663,0.25778010623187236
6860,0.070308735186664861,0.60030211226049579,0.46536204911529316,0.25856959700613041
6861,0.70040861572538271,0.96022836816658974,0.48890509270578325,0.26902430025945101
6862,0.84056536196981324,0.16263815683884314,0.47641306242897674,0.25652084657951502
6863,0.94422308016453171,0.17561272197217914,0.47795480621173714,0.25691638434839176
6864,0.22095991857048358,0.81791716972525474,0.47459806037952013,0.26354351337478721
6865,0.045851234187290542,0.77245926295731926,0.46683255428981674,0.26052327212040366
6866,0.52071314814252556,0.32309725835119607,0.4742158042320731,0.25824156550639377
6867,0.75690921708283709,0.61425968435230904,0.48406862090399444,0.26408039821023188
6868,0.95211418158333982,0.7157654280626099,0.48908808519698105,0.26658075238232931
6869,0.55233858611475439,0.46738503394742731,0.47749621993114111,0.26071665252824788
6870,0.82160332106432177,0.14234751549019711,0.47576205446256675,0.25613622718311391
6871,0.30234741755098804,0.99085099880647609,0.47970958116539147,0.26660193205848265
6872,0.96722559787331852,0.33745381050737344,0.48153731409071937,0.25983969952469083
6873,0.34873293055241228,0.48829323889246445,0.47306855969473249,0.25981892215091928
6874,0.92371109358343539,0.1781913754537818,0.47776452225231891,0.25693119765603473
6875,0.51639077511666109,0.18530673148907956,0.47163946668373635,0.25602656890447245
6876,0.91525735429673227,0.48919783872383416,0.48396633115303506,0.2624235369344361
6877,0.34704006202366439,0.66787129285970015,0.4760901061684864,0.26254318100912977
6878,0.58770504142163549,0.15225970453902848,0.47236794578490987,0.25574293591365499
6879,0.0882133032370708,0.18617124969222351,0.45994192992953475,0.25323887398295397
6880,0.91096952461801706,0.59859665593785472,0.48612552157817324,0.2643548738769772
6881,0.45769735832229491,0.95726675251201965,0.48371936295069118,0.26760543455071001
6882,0.68928500026216499,0.25797864416722444,0.47606947619666479,0.25779240916575447
6883,0.12598533373841783,0.63308951108633771,0.46813875569767077,0.2597590316424544
6884,0.036979544254846411,0.59391896328671134,0.46380458453317569,0.25800129055436932
6885,0.74204584931317952,0.4402728645989788,0.48043392445690741,0.26104368401060363
6886,0.10302517795582536,0.097735008969123016,0.45918331177590888,0.25221135672172518
6887,0.86972488647199941,0.15845588657913032,0.4767039435977623,0.25649844196482396
6888,0.38110379206497452,0.26586900290661725,0.47009483260335394,0.25664510057530526
6889,0.73539456651963997,0.082689909091067978,0.47341144615929059,0.25496010035651184
6890,0.11787301928662929,0.44234295831419296,0.46490399214452327,0.25702497958168141
6891,0.60974001931626121,0.80163734215240701,0.48489453072999805,0.26652435744592018
6892,0.93060310168688898,0.16746331483578544,0.47762896387288983,0.25675204378589833
6893,0.60897247538609667,0.89999468240415448,0.4865305372630841,0.26799636437954644
6894,0.19933000244362048,0.012756806250859518,0.4610581065484427,0.25183530205656635
6895,0.4875278016053024,0.63096905074269749,0.47905716925583319,0.26299085918064485
6896,0.4708076079119346,0.035490951266989583,0.46806948197011289,0.25350776796920771
6897,0.58784511636520032,0.64479517299408329,0.48150865836250978,0.26380347035921126
6898,0.57622427864623027,0.41582621194567765,0.47702360801699756,0.25998877036978713
6899,0.34843421379964568,0.64405939142297719,0.47572200683847604,0.26219075050222673
6900,0.78084679951641012,0.91158880477637294,0.48986824503080312,0.2689639847237813
6901,0.75063543670360233,0.62566064077621564,0.48418543505599843,0.26425079642692745
6902,0.28253712850684537,0.83431974759103034,0.47694804636876637,0.26446079335835299
6903,0.41738384493306513,0.73899628847531273,0.47924588211862712,0.26421060834051191
6904,0.43200925576103616,0.69424848820379703,0.47883456537161051,0.26361707882337959
6905,0.97852711801052794,0.46988815381947208,0.4843981747114619,0.26224039230149199
6906,0.81918895907761768,0.91367398542299638,0.49051747743077889,0.26913950270470044
6907,0.38689959134910024,0.32118688918339328,0.47118742871236458,0.25752273534116138
6908,0.94216237967876959,0.43416351068703229,0.48320224255184885,0.2615129054451425
6909,0.048862125612690578,0.03303291018774035,0.45621705676564578,0.25082801659108622
6910,0.38784560897463238,0.68129022262535288,0.47745046951057402,0.26308013136117481
6911,0.84507986742694641,0.83424628004090629,0.48983290697284049,0.26824970098838524
6912,0.9638956942614052,0.49012382810668792,0.48462752940282566,0.26256774063515625
6913,0.8121475701097749,0.88790568435114114,0.49011226607002362,0.26884298830881348
6914,0.83334413605661839,0.82994387466501218,0.48956679062369868,0.26813208393604437
6915,0.93448245860665335,0.81478389387469519,0.49084106159791108,0.26828220884401693
6916,0.82048451997494554,0.10951634639076656,0.4750995249287322,0.25556874971100874
6917,0.91601333564413945,0.8864892296497362,0.49169201174022359,0.26921947061303536
6918,0.89826582010131106,0.72685506297169489,0.48853555075981897,0.26658983641717371
6919,0.85123759295732027,0.82926621249004973,0.48984202605432309,0.26819601096923212
6920,0.31679531552904522,0.57633787019931482,0.47366684062254144,0.26090155340203924
6921,0.54829750801014021,0.85702563572680823,0.4845661164391466,0.26703864041754766
6922,0.81950314396618629,0.83449099010155769,0.48942162188284294,0.26814492533731649
6923,0.58373639781385422,0.87957987208463029,0.48571447431354298,0.26759089517226686
6924,0.49693788406803507,0.057204418284946587,0.4689666014189805,0.25393506782941594
6925,0.63379346956385996,0.0032074286220711659,0.4703783337104866,0.25343869446337364
6926,0.32911350039978277,0.37760949881371342,0.47066080356710283,0.25800659184747449
6927,0.26317440668978959,0.34245530574369482,0.46821278737022232,0.25699920329070397
6928,0.55487696226738636,0.98725615167164948,0.48621235860138362,0.26845895067299852
6929,0.31870193182985534,0.40547524674105229,0.47084475264382369,0.25834994532810834
6930,0.63028622416675795,0.30500240903497905,0.47596307758093309,0.2583841860640303
6931,0.37029369488715896,0.92892541951577878,0.48109705587006291,0.26663766779716058
6932,0.097435901376127731,0.59990056224580623,0.46648885959776604,0.2589324925286951
6933,0.57227739071784312,0.64466240440098344,0.48118228136669422,0.26371590097218661
6934,0.21971995672873454,0.62728482618589199,0.47146544218967135,0.26075111744793983
6935,0.70930762891412014,0.058732997542771045,0.47257407112853589,0.25450791573581999
6936,0.43525136467475678,0.82826085169006847,0.48129136602427613,0.26575721338755293
6937,0.11519469029844041,0.5714839968207176,0.46676910112408554,0.25876978629198183
6938,0.20138798645591599,0.97796957265821993,0.47622217615274748,0.26542453222954276
6939,0.88680421926561981,0.95744397755818211,0.49192588908863311,0.26973732964008257
6940,0.91676951220623459,0.27728479441219239,0.47968781882269945,0.2586704350234228
6941,0.60566920350702713,0.21020983803371202,0.47375800092672515,0.25674332914588216
6942,0.50738380214421785,0.79363861685270687,0.48246751857111225,0.26573867659310574
6943,0.42265462931251391,0.61211402361505896,0.47714781699237152,0.26225977943727785
6944,0.56128095124770194,0.42893581491383959,0.47696989974164727,0.26013443118536006
6945,0.75787672005529749,0.85368296348823935,0.48870051384552654,0.26815979195298484
6946,0.90650323345587835,0.97889993916839591,0.49235003494397966,0.26993733845203322
6947,0.75904003638246798,0.67573867438117752,0.48530546022300453,0.26514707078919142
6948,0.37260460003671475,0.54069785147196392,0.47460741177381222,0.26079413686852498
6949,0.089757525811216335,0.16943807590043872,0.45975357273058448,0.25303277388501189
6950,0.25288716593704885,0.96634212748870496,0.47789693193075816,0.26589354040148938
6951,0.77709991217750363,0.56315575447579613,0.48339988389747957,0.2632779451877672
6952,0.41285236811904474,0.57253814281668747,0.4762046315384752,0.26157287586154765
6953,0.95600764578738029,0.21518208705271827,0.47889992098850087,0.25763732008019685
6954,0.39419151954640402,0.018408237142080907,0.466165589074023,0.25295804645285558
6955,0.5445010057402192,0.88822011617174135,0.48497324306657869,0.26745683256655078
6956,0.75653976852867055,0.31436199634546647,0.47821114579834706,0.25893890006569809
6957,0.22215852399527794,0.98002974506913465,0.47698040447205808,0.26568240677088822
6958,0.46823072649763198,0.47476381051578792,0.4758086112259628,0.26038733399057523
6959,0.1139636195551022,0.97946382035898283,0.47283702136800926,0.26430067032460525
6960,0.56921823663891991,0.24314594546655427,0.47370469506810942,0.25715249904930204
6961,0.3232927335972316,0.92049014822313335,0.47960753825664371,0.26611051476994507
6962,0.070925978354981642,0.44549947081891589,0.46308879285779558,0.25649604179645519
6963,0.025974678652628792,0.75503346536095484,0.46564698907401503,0.25996651013183825
6964,0.35346048038013977,0.48777745734337952,0.47318734904140863,0.25984557673278902
6965,0.78052058393260237,0.90631303641184935,0.48980614984269844,0.26891024705586214
6966,0.34317869439303178,0.19694761339315447,0.46798505991963735,0.25538928555116119
6967,0.85089394838061416,0.22829160417792155,0.47785471583921463,0.2576807687946196
6968,0.93505728611190575,0.99872262988955485,0.49286269999487869,0.27013669738424817
6969,0.29528873129944549,0.341564619757107,0.4691247378890756,0.2572283941779071
6970,0.3217538651399664,0.2716078324279399,0.46868358052376857,0.25637241611852274
6971,0.02155747853111243,0.53057873471454953,0.46218525579610575,0.25693483458408933
6972,0.47675817696008599,0.79144576410303125,0.48168842519602523,0.26548665710077285
6973,0.87818077351326362,0.25308575763435803,0.47870795685001083,0.25816849342100351
6974,0.21377205587095816,0.56045960942512607,0.47018717159373968,0.25972256006403599
6975,0.10123120169880567,0.87579586632013096,0.47085054973587842,0.26279304357844563
6976,0.59491862203472989,0.39293169396187877,0.47695902652430971,0.25969495409630794
6977,0.72076270655471597,0.071358019638422421,0.4729826943354063,0.25474144843375485
6978,0.86631544595892784,0.10581055315480335,0.47560982181162165,0.25557613976993915
6979,0.89178013226737973,0.87985038255621917,0.4912529351479607,0.26905815192160554
6980,0.43029682444861395,0.031863709396438213,0.46717618327332755,0.25330512091374785
6981,0.6563376165323076,0.7909760249721236,0.48564113312283824,0.26661119070817968
6982,0.35083921859011752,0.43983777301168303,0.47229896538124094,0.25909813057421782
6983,0.26772933036660546,0.16908776391566499,0.46552042266493365,0.25451268746152284
6984,0.059034685983194508,0.68923646883795742,0.46619483110810184,0.2596066691486355
6985,0.88097767158254281,0.68110911686784825,0.48735613145439433,0.26571692195779378
6986,0.23795772057395662,0.8409418267362635,0.47556705398834526,0.26407584912705745
6987,0.11447500328930328,0.30129678868086779,0.46264024345940946,0.25506221365262521
6988,0.013912453870975878,0.1949369056132273,0.4570692175316956,0.25249271743650586
6989,0.94180339635893473,0.40130597959096781,0.48252704453887585,0.26092601308630109
6990,0.0012543668789672666,0.22457285100949231,0.45692964331269614,0.25270342413915647
6991,0.96331585355055294,0.45693839628190036,0.48393952010486935,0.26197127848262625
6992,0.045288828556158116,0.64255426475597788,0.46489132721545356,0.25877351177731939
6993,0.75323926728597146,0.12909520782114706,0.47456288349262676,0.25577924681470515
6994,0.056569552278553606,0.68580964805056577,0.46603450222306048,0.25952350040808109
6995,0.61180303313484186,0.50284761595920424,0.47933379500507711,0.2615793335773805
6996,0.63893421775420434,0.12310222679827129,0.47269920600947957,0.25541388673914239
6997,0.31901882349610095,0.99378494941104434,0.4802394804222318,0.26677854265831225
6998,0.24852566175038229,0.49153139103845467,0.47020026506511725,0.25905280609194709
6999,0.78836304178935246,0.055865335613547361,0.47362303048146653,0.25459798704043857
7000,0.33714395229691874,0.76867163134393057,0.47752664548568602,0.26399755367728567
7001,0.4278632084744633,0.85443880203437295,0.4815591244786569,0.26611087562219526
7002,0.96425837532953595,0.33442143591850765,0.48143904826556805,0.25977958772582904
7003,0.3921447580949054,0.37509371136821579,0.47224724604048796,0.2583806916733542
7004,0.20415882653795417,0.55795231734417616,0.4698211701271599,0.25958847659288459
7005,0.81343332286482906,0.81547222108108686,0.48896650608433795,0.26780426328496815
7006,1.3691994477994741e-06,0.27918859896085924,0.4576362447164507,0.2533790208258882
7007,0.50303028375761349,0.22995605157708052,0.47217540558869076,0.25668156099066725
7008,0.25643894659964134,0.4108548765763757,0.4691279118778926,0.25794310190223158
7009,0.928666837457649,0.55988967987593508,0.48558527918590816,0.26371943189050295
7010,0.77687203836658736,0.5425701068730443,0.48299215194516015,0.2629218737309415
7011,0.13457237481762421,0.69149948497194569,0.46937856766578318,0.26068377769910683
7012,0.086201715886581223,0.75880735072927785,0.46842384978105217,0.26095516807354341
7013,0.34495681699354902,0.72929226605246078,0.47708166884464986,0.2634649047785611
7014,0.68363892949492444,0.46399688188921429,0.47991231411266383,0.26123365112174785
7015,0.63147647150718844,0.60870858275141804,0.48170359023632203,0.26342988273397966
7016,0.68750282330260382,0.21733770588174231,0.47526564678295119,0.2571071853483029
7017,0.2575707008831552,0.42176171903548532,0.46934050680854744,0.25811190777896548
7018,0.12076980203097919,0.82795626524899857,0.47093651016788823,0.26240951208266322
7019,0.56516594840384793,0.37605600717960624,0.476072844766529,0.25929217118955966
7020,0.29373951463514242,0.75855900836355294,0.47603667799319821,0.26343601032305003
7021,0.70504780423372293,0.69215652228215485,0.48467423118724451,0.26518684068953824
7022,0.31841121123834748,0.45240583057753975,0.47162538711306784,0.25905104367150894
7023,0.68117734637338434,0.78340839854568478,0.48598023417526709,0.26661648965904983
7024,0.95925676000852844,0.19993525876771892,0.47862625181676594,0.25737089657638235
7025,0.305170197008166,0.24756756597076313,0.46783870943610978,0.2559078364010095
7026,0.57301406087783402,0.29170935612485049,0.47466980477962256,0.25795424448146176
7027,0.2491378899706877,0.099859482727444271,0.4638805963977547,0.25339443849481991
7028,0.069944386254146229,0.18841959852656584,0.45927407200799131,0.25307236873021727
7029,0.54420573736875089,0.56726095486950368,0.47916083800785386,0.26229718525183404
7030,0.66764710839617769,0.76073617455713682,0.4852868303493959,0.2661624775590723
7031,0.09373016677472043,0.97229829887544039,0.47189710692916165,0.26393028729650547
7032,0.81979022846202143,0.1357440180883161,0.47560772427645109,0.25601920542698875
7033,0.90219322883527497,0.081497649922838908,0.47555643162498512,0.25520032225943573
7034,0.35519457796021597,0.25095728413610485,0.46919988129258006,0.25626975843042671
7035,0.59827420783491114,0.94553835876494419,0.48680212143333551,0.26839212727986822
7036,0.35831592807146956,0.93732004061461194,0.48085557409510432,0.26662560885323355
7037,0.91268418824685515,0.95183408582712303,0.49226018082362982,0.26978425762667407
7038,0.077271355253516236,0.52136182435950029,0.46447844049660947,0.25759852852400517
7039,0.49219536723719215,0.28220604373739333,0.47288906682727111,0.25746202826900916
7040,0.49821045856411805,0.63731571651695995,0.47941913283074911,0.26315989062722234
7041,0.70992896367829539,0.40727557380745422,0.47927030243226126,0.2603725552267559
7042,0.5639662530317554,0.78172382075603819,0.48354116710052003,0.26591679689508768
7043,0.46418995026677151,0.94976073082665691,0.48381017273113552,0.26758595041617228
7044,0.73150647474174624,0.59234287745632463,0.48321174085964447,0.26360160733855331
7045,0.32285655348863224,0.55819348941469804,0.47353503338325292,0.26067774042786879
7046,0.88753176707151582,0.013562620076036548,0.47402183697405659,0.25399702013844655
7047,0.61082519792650125,0.50931882754721447,0.47943621316376844,0.26168184825221963
7048,0.87213992698328802,0.30737734391080451,0.4797181078414417,0.25910743528775299
7049,0.82722682608164622,0.70596925668161137,0.48702383624213408,0.26595155468553644
7050,0.93907605739085709,0.052180277825135277,0.47538747458034425,0.25472662482047553
7051,0.2858931412202888,0.5251649235712248,0.47189967167844882,0.25987555211327462
7052,0.33927722573358332,0.076409250698250261,0.46586732786713297,0.25357376043435254
7053,0.86213535900599103,0.041507448425551416,0.47427745538387167,0.25445392721515958
7054,0.52168151715750577,0.3366814330232446,0.47448186586843394,0.25846341539550682
7055,0.36654131581793775,0.18407132618367905,0.46834466779492689,0.25532564965373311
7056,0.90492065350749762,0.68173922092200967,0.48772201363296569,0.26581239984947835
7057,0.90956383541425467,0.9284583530322299,0.49202907414711855,0.26959676623209816
7058,0.36785745472729908,0.56057537002059399,0.47482319766718439,0.26106431819264708
7059,0.83944664648118195,0.041867042260000015,0.47400568008729443,0.25443139653908631
7060,0.29190332114560297,0.92707949053564809,0.47871554774719138,0.26587955134234509
7061,0.82234313995059349,0.27512863589833725,0.47839784164160903,0.25843231007178247
7062,0.33808380281639983,0.29154539421194936,0.46944816152645918,0.25677506816115797
7063,0.61460891477958068,0.4749374281015597,0.4788643208387337,0.261130433251686
7064,0.58515002460150289,0.11143868023961549,0.47157124625516694,0.25507434327197875
7065,0.0091173900412279182,0.068777130426012439,0.45510476509054465,0.25083816805498815
7066,0.65866975735094169,0.90661266229454207,0.48760894337873023,0.26834167072604609
7067,0.40087618741412884,0.037984454127389475,0.46664752488736477,0.25328143789817115
7068,0.91964839101476836,0.68216652493920416,0.48794360843714546,0.26587049646767225
7069,0.38519040982302982,0.41297894982305594,0.4727286119775202,0.25891894752231476
7070,0.84043224130681482,0.10246235081261257,0.47521779316615542,0.25547905098374335
7071,0.77916511027304225,0.047181230531621259,0.47333092404689087,0.25443574936017049
7072,0.10924442917279667,0.13933530420417664,0.46002384546387431,0.25282570405347721
7073,0.059355242531409023,0.93378486329367161,0.4698545445687044,0.26292564814152691
7074,0.86396116272091161,0.098001948486606122,0.47542491404684689,0.25543694498202379
7075,0.97285954814600994,0.98347962629770636,0.49329126322859018,0.27016512159277006
7076,0.34299728426107906,0.69418472600629322,0.47642463892568315,0.26291110713420052
7077,0.91792543772914215,0.57746837363614467,0.48579442249489108,0.26400057729118326
7078,0.30318891919871094,0.94864238712884252,0.47933218489725954,0.26623192369899601
7079,0.41895391831091838,0.57751017066050558,0.47644588519393694,0.2616925998528446
7080,0.83565271280476594,0.17762583382813027,0.47664591451172983,0.25677148340188688
7081,0.81240355044362367,0.56348713637454206,0.48396458525408348,0.26341073604561993
7082,0.94737344990189887,0.19488452261359199,0.47838435432379733,0.25726309319037766
7083,0.60982944153411078,0.95826362962684364,0.48714891546174249,0.26855904299809447
7084,0.38360060451807221,0.40500012089366794,0.47255078220305546,0.25878633088435676
7085,0.46676235361039875,0.93454978835234659,0.48371817306545628,0.26745956060268949
7086,0.16129477589969757,0.66658880479325311,0.47001273953233458,0.2606632853627131
7087,0.11142068424365716,0.27157943269995743,0.46207994459496504,0.25462721979360126
7088,0.08141372325272532,0.30706796982773815,0.46146386596417832,0.25477345752646113
7089,0.99175557274549508,0.036033020077541007,0.47562769253962256,0.25448830833153507
7090,0.98102600594997647,0.83509226461759545,0.4918711327732212,0.26877382233873304
7091,0.63905163612432081,0.38977320361052409,0.47771430252575769,0.25982034351186228
7092,0.50749937100840037,0.77616453044557709,0.48215286068193564,0.26545717077011993
7093,0.63070807570932674,0.12376897725629388,0.47257601174955943,0.25540295189316714
7094,0.67746683977356881,0.3519262876973604,0.47766618918529724,0.25932877724058845
7095,0.36375084822900827,0.46312022573928119,0.47303913686090493,0.25954297022816719
7096,0.56187242767551226,0.19822575576895615,0.47274375405142155,0.25640037641109453
7097,0.74420514132221005,0.48837850771563829,0.48140444478998906,0.26187323183198519
7098,0.42930431792516027,0.94572670190593933,0.48288620310837321,0.26729124688810468
7099,0.29351186641432581,0.75354283767155139,0.47594546759751338,0.26335840387593573
7100,0.21869019835825312,0.63926419887911756,0.47162411035435203,0.26091430308362579
7101,0.64567220029550376,0.33296969154627298,0.47675983093242313,0.25890175308663632
7102,0.9320721554123913,0.99136556433142398,0.49278137791411841,0.27008786733512385
7103,0.27532533526777986,0.6129523125106352,0.47303452348060038,0.26108560027351879
7104,0.22950430596311344,0.77472967030118456,0.47419332089521554,0.26300769118806799
7105,0.35235708419169531,0.5194240433448809,0.47369842501056642,0.26031943029130805
7106,0.14765052132009296,0.6130712497348082,0.46866271671520848,0.25974518102235622
7107,0.80313420016962345,0.45095965166968527,0.48159707589803968,0.26142631985467485
7108,0.66080222365799135,0.5336445597509738,0.4808333144613523,0.26231017733949991
7109,0.41215572898060782,0.54915224889795067,0.47577723027801977,0.26120357121034471
7110,0.48952102013729748,0.10412719289449741,0.46965569217470099,0.25464493015910294
7111,0.68888834610633787,0.51743653015050806,0.48102746547754915,0.26215542256186919
7112,0.47361672485492895,0.21401175291343827,0.47128282057648546,0.25630465529676716
7113,0.53159729863522809,0.62707732040634145,0.47998406739391819,0.2631968774917835
7114,0.4762837333785952,0.3977506275032065,0.47461407414228235,0.25921285529973453
7115,0.22793174586553361,0.21371042872575344,0.46508140721198399,0.2548698385856577
7116,0.27076747439530446,0.45260649271277942,0.47024565972923327,0.25867484429091325
7117,0.80387983141102604,0.97619000495799124,0.4907808776796595,0.26956305825245241
7118,0.059913444901199549,0.58424920888360365,0.46467650607264221,0.25820704324517374
7119,0.53386878100339097,0.72492988301404981,0.4818258898282754,0.26479977033283714
7120,0.98686410411492687,0.35127172668563433,0.4820581370384765,0.26012611600369595
7121,0.14677936765641209,0.34923939230147516,0.46454420901214888,0.25605555308785649
7122,0.46199311130655701,0.64063194404594836,0.4786249900118979,0.2629787340754603
7123,0.99944330729829389,0.77042526368304398,0.49086290228968088,0.26772380465780521
7124,0.5608248603926157,0.37227295282647249,0.47591794124232895,0.25921177317054017
7125,0.084100766857073184,0.7443649340755889,0.46811515099282236,0.26072646338451555
7126,0.25028271634363342,0.12331100924011554,0.46428918825527343,0.25373746275595099
7127,0.84258999299086867,0.80036024703661679,0.48914717363491844,0.26766821305671651
7128,0.34938972510722238,0.28780772147936512,0.46967719420396481,0.25678977673826708
7129,0.40246573654453971,0.66166437273590128,0.47749717852788698,0.26288728009000079
7130,0.20537747309216065,0.3994237306828029,0.46733136526478558,0.2573293965289053
7131,0.90929236052794149,0.054578801674989519,0.47509751122933286,0.25473700637484481
7132,0.9817986164816539,0.85832341886836805,0.49224677050528554,0.26910332973932416
7133,0.14526386092415777,0.67867498917417834,0.46959420683168646,0.26063853350753829
7134,0.28236532557572941,0.96393893680478226,0.47883812706841555,0.26617720093175884
7135,0.12555242684482365,0.79167184434473759,0.47057090016511233,0.26196779992194968
7136,0.12949331125627506,0.044481006467889536,0.45931665779973752,0.25173672306238504
7137,0.96596765932521089,0.91408925695187648,0.49268890923530689,0.26965586531173302
7138,0.63790368228288141,0.52617956087674245,0.48026803197987611,0.26208460328302069
7139,0.44800360855098115,0.98842759969810723,0.48373380191595655,0.26777952535874416
7140,0.59049994157644692,0.38262800372616623,0.47668354359121579,0.25950756500735528
7141,0.31119446616569768,0.87152126713403277,0.47848520547945739,0.26531522859226597
7142,0.6161016580229276,0.70580309036496325,0.48322708522248153,0.26496697723596502
7143,0.57157195478704526,0.77788519568253545,0.48363665230225761,0.26590097703471138
7144,0.84425078192952796,0.43873040127657592,0.48196019231920806,0.26133612044104548
7145,0.68618133184361507,0.40592627027955608,0.47884530451470075,0.26026592376804342
7146,0.04645929377706489,0.66366287467355145,0.46525463352621377,0.25907339661756568
7147,0.33313441217284417,0.22041033880201868,0.468123534819892,0.25568061517276047
7148,0.31990767845000373,0.71831731598494808,0.47615863189465496,0.26307476748896047
7149,0.055263394877652174,0.11926643841144396,0.4576991155880033,0.25200858617315802
7150,0.60108977852227408,0.093765759378031374,0.47152077710395557,0.25483321683153048
7151,0.21779265812338564,0.76889432543193692,0.47369121266327968,0.26279119476827889
7152,0.3592496991825872,0.01224470088564558,0.46526909560909085,0.25271622648657921
7153,0.85840488962644013,0.7953110223413794,0.4892989117349113,0.26764533989103961
7154,0.63486812055745401,0.83379216889875241,0.48601754081112758,0.26720643106181413
7155,0.96190542780380939,0.76026178812194856,0.49013495672169904,0.26741296950087545
7156,0.6607176913233358,0.36861860171220034,0.47769657791535131,0.2595490088399876
7157,0.81262296670899958,0.44293368854311993,0.48158076701356822,0.26131626754757381
7158,0.52438187663907887,0.15547927541636164,0.4712572876762573,0.25558225498435105
7159,0.56162222904983206,0.42940576625460525,0.47698538589387374,0.26014365932802985
7160,0.89074328083262089,0.9153602180585847,0.49163451137320358,0.26941999831805674
7161,0.84661586144733014,0.71709101476283987,0.48755147429731621,0.26622258277714095
7162,0.16381771900349995,0.45328292672083487,0.46676255932521132,0.25768221301602251
7163,0.25888916511636928,0.14157937164831674,0.46482679568725954,0.25405691669875902
7164,0.010186769849446137,0.30036043172500793,0.45838951660335392,0.25378948126722883
7165,0.80261901957619708,0.27550932293458613,0.47812792956182221,0.25839225670296972
7166,0.258484586594312,0.51353038343506641,0.47087131506171681,0.25946432212727749
7167,0.0075521896277670753,0.33400994424881647,0.45874638445846772,0.25418400105128497
7168,0.092506143154564777,0.25041169998218538,0.46105405411398054,0.25414074157161065
7169,0.92983048708237481,0.13296938457213112,0.47692016199365406,0.25614150580648526
7170,0.33749672996063018,0.31158882262419207,0.46977088221603386,0.25707203182965005
7171,0.97717944858378036,0.30194649333545237,0.48092773084619866,0.25922272763310034
7172,0.83194683009953008,0.70318660516078824,0.48704351944319818,0.2659214793254292
7173,0.25716186238935917,0.73142238758589384,0.47441364515363577,0.26266502756338622
7174,0.31364937705293999,0.53755114151336025,0.47292242121067973,0.26029199477076903
7175,0.062058599319250791,0.72172602463789515,0.46681241211829827,0.26009105818611805
7176,0.55836113574231272,0.44176326843990249,0.47714740380014253,0.26032932778598017
7177,0.29511174743041629,0.97825480773920437,0.47937706117782719,0.26643046842515455
7178,0.10541421467257897,0.079700179209641647,0.45900244248976058,0.25199393409029447
7179,0.11636013326008106,0.6604532226750045,0.46817752416649899,0.26001548750589987
7180,0.42228066083224258,0.36042471947866728,0.47271943590894655,0.25833191764551622
7181,0.31688087953414074,0.29710078139553081,0.46897944237881112,0.25671974681359927
7182,0.48888985133297974,0.73560038128664018,0.48097665227236996,0.26467688036948483
7183,0.95189188758669196,0.19473281118428568,0.47843419014631372,0.25726725278131579
7184,0.43259560018040943,0.66429336948614803,0.4783196396569338,0.26314962445867957
7185,0.89663276007435055,0.4359995159768616,0.48263682296363575,0.26143118867712622
7186,0.38595662077575693,0.66457244252905956,0.47710894980373664,0.26280615514618516
7187,0.11289573607541388,0.094679850761394485,0.45949018459805041,0.25226276911649625
7188,0.36395317520269893,0.1909750319180428,0.46839898407612884,0.25541571085973847
7189,0.57263961680597852,0.28972593817171877,0.47462618153586844,0.25792058466375267
7190,0.64644853683369008,0.15907103499778316,0.47349738620549053,0.256026259667609
7191,0.53809516798557022,0.2123273262648494,0.47255080858028925,0.25654010117781678
7192,0.5727098094388493,0.02346406452819938,0.46974317293011258,0.25362349776387849
7193,0.91109112981237705,0.96822851790726427,0.49234980836040909,0.2698877372817195
7194,0.10885489318013425,0.27398903973192212,0.46202085534747656,0.25463274993973911
7195,0.48640780723876087,0.12608905484824209,0.46998391332303702,0.25497775919820859
7196,0.17352065072926925,0.85190892768533666,0.47340398201031142,0.26345839804820625
7197,0.6366794692233787,0.37019555723256203,0.47730278426526823,0.25948644175258495
7198,0.52704396627476668,0.4363506620244938,0.47640440294305192,0.2600896848011483
7199,0.3002255120737129,0.04055629288525088,0.46429665972681672,0.25284293478831349
7200,0.067261991980054878,0.3202230329834973,0.46109373051511859,0.25478147901725817
7201,0.73034640537096429,0.23386114582418233,0.47625114499409166,0.25750002757140222
7202,0.74853775352909002,0.22969412948599785,0.47644474318368119,0.25747565678321405
7203,0.27814727629133268,0.58391724211339602,0.47264018959962145,0.26068023753482844
7204,0.70358038329306294,0.85606116754967965,0.48775430066180531,0.26792933102752586
7205,0.63032856848660168,0.27497045049850133,0.47540018152663355,0.25788861864618673
7206,0.85252729230950353,0.79056075529268721,0.48911084130364152,0.26753751513707391
7207,0.11800062323753956,0.13854059432655341,0.46032470578637019,0.25289825567171709
7208,0.28006953950723401,0.073703037412825509,0.46430920193895825,0.253210232828815
7209,0.0095774443702423013,0.21146309767166388,0.45711290597716464,0.25264709242694755
7210,0.083345280660979917,0.87226429910551528,0.47001803308261614,0.26247191553692889
7211,0.31579992108809529,0.53200669745440832,0.47289097336225755,0.26022609815292408
7212,0.44463467442317633,0.0092899961538030779,0.46708235647233393,0.25301179850285405
7213,0.620348709074792,0.80956257488316619,0.48526424594851569,0.26671874810185919
7214,0.023652307660563383,0.82896800459277586,0.46661564919217102,0.2609111505316713
7215,0.84760716523708546,0.99480695701815425,0.49157442913761523,0.26983139734506023
7216,0.64882428414140603,0.74227890479244529,0.48456871836910798,0.26575244353403782
7217,0.097052918524981949,0.41729786636071514,0.46372008593434177,0.25643946690034525
7218,0.35351174834509153,0.10881589030252072,0.46675655260521892,0.25412830009692611
7219,0.27954077793398174,0.66964816541053596,0.47410750541067376,0.26196850799269827
7220,0.64803812613774792,0.76466195813660742,0.4849775581715941,0.26612383408583229
7221,0.9807877387899091,0.094417445387423499,0.47670816963992801,0.25551874607769842
7222,0.14687854258861627,0.98431574839298852,0.47422390324334174,0.26480061615118367
7223,0.26269082418164469,0.89184481881571709,0.47724539800162719,0.26510404446831465
7224,0.5880090301329387,0.43261227873511382,0.47756426031377852,0.26031578375043701
7225,0.81614017173174069,0.5189982485843706,0.48314054303254778,0.26264938648900493
7226,0.76687095312903408,0.72311546393722537,0.48636543118714892,0.26599763206798943
7227,0.74055141410065117,0.98275237380001923,0.4897705420213026,0.26935077528385321
7228,0.98563287290135637,0.66356187433992753,0.48847635493244229,0.26574881600790001
7229,0.31343719797591912,0.65819853990088451,0.47494937828766426,0.26210734237382771
7230,0.45587008168260801,0.76320303078504514,0.48066319936526919,0.26488344475918402
7231,0.32998616735049291,0.12816934278729605,0.46650061552522359,0.25429149894524977
7232,0.16520388413172915,0.87615981796678388,0.47346850700766896,0.26369764490779235
7233,0.1683660478975042,0.3306636649584514,0.4650097490837215,0.25601034513146514
7234,0.9658086938920547,0.33059447384617524,0.48137942639147041,0.25971418289820242
7235,0.66438376501755558,0.82742940710507107,0.48649200063976256,0.26726840413528125
7236,0.39246744142830142,0.76496342663472749,0.47903345627276733,0.26441796585393645
7237,0.91924937478151403,0.93916851385677003,0.49225722261866667,0.26971337672999662
7238,0.32841465862911429,0.39162954090804558,0.47087816058609372,0.25821216758741156
7239,0.33816142110793151,0.83263208913718123,0.47864942041351,0.26498521320749796
7240,0.30324283589679984,0.90238180118323075,0.47872869012400221,0.2656794555620316
7241,0.87198303143027001,0.44477184021548605,0.48247414698319635,0.26151980833624194
7242,0.21914720690251563,0.25757230209942211,0.46551197962289942,0.25542606361056464
7243,0.37382338674851928,0.40293673743415859,0.47226714300642947,0.25869166447002057
7244,0.073875584046996665,0.5731692428392009,0.46510895897543664,0.25825243182644314
7245,0.72493985410680761,0.52437291004912689,0.48178275072604815,0.26241585832137682
7246,0.049758409147465141,0.88101022226255155,0.46862372791092555,0.26205195246497942
7247,0.78826388614122989,0.15179297559688568,0.47549680870585287,0.2562358583759306
7248,0.92052169606004619,0.91104376420591726,0.49202547676805319,0.269482527129488
7249,0.35151691440680299,0.29396172794023295,0.46983597839470537,0.25689566893291249
7250,0.13465859451302095,0.61101822241657644,0.46813535076451468,0.25955930978441077
7251,0.91414006941405823,0.34456271759067897,0.4810180310806903,0.25985556253992992
7252,0.5333962604535627,0.7812737181513919,0.48284722126275831,0.2657134011633463
7253,0.43266254854163855,0.45017795558156215,0.47454146466886871,0.259790701831694
7254,0.74391260220451516,0.48621851673716449,0.48135764210571585,0.26183524567744354
7255,0.039613140305934942,0.74845207985726891,0.46619021117641679,0.26010117168084818
7256,0.50007312071836785,0.94297296109484752,0.48460966832805402,0.2677712887563839
7257,0.93027394229761562,0.78628098391651879,0.49021097292029964,0.26776577355674291
7258,0.89434855118483547,0.21704330519611248,0.47818947558183428,0.25756662268541014
7259,0.73566386240919823,0.94302485653577606,0.48939435425551808,0.26905013623443413
7260,0.70497809068510553,0.56777086988893577,0.48227711439887216,0.26307358418630805
7261,0.28690688497301886,0.73392915790373225,0.47541017469223401,0.26299985083934313
7262,0.40729528418689731,0.95414916568087649,0.48239204307211536,0.26719991207344845
7263,0.841478622461448,0.90567397889263235,0.49078683825418268,0.26914846537665665
7264,0.090493114429165161,0.16251679384919115,0.4596791815135286,0.25294847176508994
7265,0.89248936946849577,0.14942539662463825,0.47680584416498151,0.25637700367550148
7266,0.88260585894257537,0.61933765283493569,0.48613706077742647,0.26463054866567781
7267,0.63642684683081463,0.76828667065036715,0.48481441034435585,0.26612091358496121
7268,0.40686687426910506,0.46524182800062702,0.47417800434708662,0.25986446614564707
7269,0.93729768334637631,0.19042317912682194,0.47817465733198727,0.25716851183129236
7270,0.94255266300487561,0.014194850214000326,0.47465566660242337,0.25406006403462966
7271,0.70867346516827823,0.26296777568740071,0.47647491692325133,0.25793227429758003
7272,0.89469701568827742,0.44977614730532517,0.48288872102326674,0.26166959017181685
7273,0.37313210665421798,0.7100095791604254,0.47754693705064249,0.26340682147807198
7274,0.83917884325635395,0.77020950713636116,0.48849215482116076,0.26712494341966292
7275,0.40859368386821593,0.65428606298059455,0.47752823571604469,0.26281797309957472
7276,0.80048369433473565,0.6312690015862813,0.48511692112672972,0.26454541542361298
7277,0.91828440449301851,0.67016836758296705,0.48768064796713634,0.26565214248457419
7278,0.92771140186568968,0.92337419558587719,0.49224405671824384,0.26961498244705595
7279,0.31319089013227497,0.68686950595587271,0.47542596402476461,0.26253810243350367
7280,0.4707946684692404,0.62819154525675114,0.47861333132875128,0.26283897988533161
7281,0.65379630229234464,0.96867045703466281,0.48809757741165377,0.26886258179217176
7282,0.82649063894018771,0.87455392374143703,0.49016991939307003,0.2687427838111156
7283,0.77728682439938424,0.79077438670677369,0.48786961465173356,0.26721378660998324
7284,0.59314645170151492,0.056550290719408078,0.47069935606302915,0.25420922395845585
7285,0.24240507373186992,0.69192468178161659,0.47327769803325864,0.26193039989019606
7286,0.8024004883039394,0.16638886916214835,0.47597733882308441,0.25651388862048058
7287,0.56720681458286715,0.92908435883460339,0.48598280901000535,0.26806223331635287
7288,0.86078342786204309,0.24730439070031282,0.47836479253019709,0.25803224267687325
7289,0.36632670420565411,0.424804871747538,0.47244947225907519,0.25897593006933545
7290,0.21243871346082308,0.57486641555727702,0.47037387321532487,0.25991705545293065
7291,0.4004234417843982,0.70284775891861651,0.47816328222543719,0.2635136032456098
7292,0.64668926014868777,0.78791280191388213,0.48539136048378534,0.26650662620173216
7293,0.031358750868134666,0.77292135543563634,0.46616351398541678,0.2602938094993143
7294,0.56562452555823839,0.48712511869921588,0.47813041192081279,0.2611029934025984
7295,0.88444578023465592,0.89218703989222414,0.49129372296874868,0.2691691098106237
7296,0.37393562448370504,0.52399038962278288,0.4743544889204504,0.26054713837326027
7297,0.81497414818952096,0.66821956947991856,0.486079594341573,0.26524435249340717
7298,0.46888584516033299,0.10160083560893546,0.46919545051533629,0.25452852293076583
7299,0.3780064549805946,0.81093530727940388,0.47943211811590769,0.26501059113816322
7300,0.36218304790974365,0.95703246878691728,0.48117625130024427,0.26685416407834051
7301,0.3714063595798216,0.18350934269741409,0.46845263688586847,0.2553431228637455
7302,0.2114171594114625,0.69595714340055137,0.47228911504863563,0.26165903712510186
7303,0.58435690543433882,0.54672321474059726,0.4796127923634686,0.26217129523879878
7304,0.043318734957475687,0.14583740463956493,0.45760283787185074,0.25221889181141333
7305,0.063938830872753163,0.45557058364505648,0.46294711733371918,0.25653988693520557
7306,0.37193919571401785,0.28364356855839723,0.4701743484111478,0.25686259461985611
7307,0.56740254192737627,0.06171499283598969,0.470348661046044,0.25422261540469876
7308,0.34280349737867943,0.1481931624239427,0.46715615659982024,0.25465933635456717
7309,0.40813694785527188,0.31199035734281644,0.47154036907366675,0.25750330984672387
7310,0.98399588089814649,0.78318328541548687,0.49091320008314254,0.26790200893631722
7311,0.0054259737047483219,0.49364698336810109,0.46091084872512811,0.25620880216938124
7312,0.64617562659172112,0.92375259368129781,0.48755580969431039,0.26845257433185554
7313,0.67078431222242074,0.92232506485715271,0.48801589960005942,0.26856402356895454
7314,0.88614912790887757,0.71672710058972011,0.48815033901269184,0.26636585511548017
7315,0.3118868460533093,0.5157290059242049,0.47250471224150636,0.25995005577658203
7316,0.93899902559138138,0.44212162579613512,0.48332363365064185,0.26164715567501395
7317,0.0050486286106635817,0.73630604072540307,0.46436588841919962,0.25936576032963754
7318,0.69989725464127273,0.10815700844459934,0.47337683078390724,0.25531375662145644
7319,0.61256220823148033,0.4617431534717209,0.47857825528160985,0.26090335990280439
7320,0.040337363250169442,0.99751992845257054,0.46975409973868798,0.26333650669922454
7321,0.9847318940322497,0.13095171635883163,0.47750080766718339,0.25617493020544196
7322,0.91384759496353807,0.66847217229391676,0.48758260758159189,0.26560701016306559
7323,0.41263822512183107,0.43023632282727631,0.47370880888098349,0.25935796465076949
7324,0.79278458396302309,0.78105371835079274,0.48794317421161082,0.26711526638085148
7325,0.16345005567668705,0.23673538668212715,0.46338697930875306,0.25465764715353301
7326,0.033003614560107239,0.61385558302392018,0.4639149461949964,0.2582052441502129
7327,0.30245734142874137,0.90196984184539186,0.47869766668833724,0.26566587240808853
7328,0.83867722149210755,0.3024543122510775,0.47916642976751167,0.25894482386402295
7329,0.017635739066067618,0.46014299671932823,0.46099495385867317,0.25595735492416904
7330,0.63301556584256469,0.33260098476737038,0.47652993746633171,0.25885016439720848
7331,0.22293818813253893,0.64043967221336218,0.47178716507209528,0.26097577013560519
7332,0.076079280013672548,0.72387706506889082,0.46745995247855543,0.26032911537682629
7333,0.75192940822966625,0.34621744353311368,0.47876067371272452,0.2594694329582975
7334,0.010387418368516957,0.18388394110527589,0.45676195670447794,0.25230722913236536
7335,0.34901667359402638,0.34183830792430092,0.47058386701153426,0.25760218808606122
7336,0.80095620866591344,0.54859866877530006,0.48349196128822658,0.26311195464893655
7337,0.17108466841612244,0.18201272712367353,0.46279534924402937,0.25396638748457478
7338,0.76661970953202119,0.4645341136197676,0.48129958511204174,0.26154239947275149
7339,0.34405899553262864,0.7380903915316217,0.47720624370787024,0.26359168794655502
7340,0.775691219363839,0.6943622534224414,0.48595158833930607,0.26553896772287916
7341,0.28938969693748512,0.63498714929189304,0.47383469187645044,0.2615428600745211
7342,0.0026747096230625178,0.43499040228318192,0.45995055222051984,0.25541007425844126
7343,0.34168521069545532,0.86598101668051675,0.47932534726919757,0.2655296646341177
7344,0.60324699326461417,0.75457056755552776,0.48387735878840799,0.26570485123862897
7345,0.34438954049892495,0.5445625192121486,0.4739092577179676,0.2606416504330254
7346,0.35552822549304697,0.11180557436341187,0.46685557415778667,0.25418323130448617
7347,0.50214419132453625,0.56123868502209662,0.47813182966978895,0.26196247692520813
7348,0.0094088941214722586,0.89853789716103349,0.4669277617088064,0.26158342124866718
7349,0.84161915998257464,0.47773428862603617,0.48270007267039511,0.26201025946327788
7350,0.27368081866548166,0.82886501389228517,0.47656898519898427,0.26428648532384608
7351,0.23265919577431635,0.1199033364527044,0.46372713023008322,0.25356911227929624
7352,0.12860683200248751,0.046437031795887741,0.45931580521794219,0.25175547603634024
7353,0.80656497938790128,0.50565743761096382,0.48273020439923009,0.26238586413836362
7354,0.62607009477206743,0.68311327497932361,0.483000288044305,0.26464255414578863
7355,0.66815983927593336,0.38164761019718135,0.47807298598866721,0.25979359503975946
7356,0.5441389127143077,0.63463330727537404,0.48039653744720262,0.26339260433729123
7357,0.30544082419014301,0.14326584040111628,0.46612021603480802,0.25437369933543241
7358,0.10749475273474818,0.030718455722497311,0.45835306093123479,0.25136242520411467
7359,0.1756415835922002,0.45410749710410603,0.4671910959105619,0.25781629607704709
7360,0.96656192278427777,0.43727013286860894,0.48357717358709879,0.26162638195362825
7361,0.49781801038532286,0.10316489854782121,0.46980235617580479,0.25465972495444317
7362,0.16162398448783208,0.020703784048545639,0.46001529646811418,0.25167288132722893
7363,0.75002152544449785,0.88371256597478642,0.48900850533074047,0.26852515912130775
7364,0.6076215632872074,0.41437791175992467,0.47759883438158168,0.26010080769203747
7365,0.26248260709698079,0.15486346764293268,0.46514262874406725,0.25427220795884414
7366,0.78940043481496391,0.32633241298772631,0.47893681416254502,0.25923416483099782
7367,0.97722920085828524,0.22073393515486969,0.47925999787304646,0.25776918595530091
7368,0.57656869894588603,0.54698874096946093,0.47946016671739716,0.26213646807140029
7369,0.51353941803678183,0.82431667692813793,0.48317108395836661,0.26627769264686818
7370,0.36024236250565156,0.90378745335711874,0.48047439280839871,0.26624379426147959
7371,0.36946354304811685,0.80719833138921537,0.47912543654623441,0.26487820677020041
7372,0.69782784400539244,0.11838593153291149,0.47354045612378448,0.25547991066518499
7373,0.93872599762162434,0.84107453754973838,0.49137512540379269,0.2687168974702237
7374,0.74432525927050741,0.092286522689776038,0.47372397206713035,0.25513904364522244
7375,0.5867208442215458,0.30897922132740496,0.47524630634286397,0.25828849554814537
7376,0.22709570688620445,0.62040560794147903,0.47160226186702547,0.26072703082755627
7377,0.91766145099637808,0.3409575195802958,0.48099019180496771,0.25979940172377641
7378,0.10638451794217109,0.54150934062100708,0.46596393974975586,0.25824718155831466
7379,0.8473918146288838,0.11046321782422019,0.4754650594965994,0.25562831775048822
7380,0.38477368384065341,0.98884479892252708,0.48208586073122972,0.26730590810431254
7381,0.59560812568747212,0.52768461533394884,0.47948263619098092,0.26191327758730087
7382,0.12805625630208525,0.13999350826580778,0.46069992772997248,0.25301116972228066
7383,0.19637267004045428,0.082454503063706219,0.46205244033570031,0.25278344931166286
7384,0.55044420524620219,0.61128047230233207,0.48010301142446082,0.26304809277718905
7385,0.84361595918921517,0.25947387865200872,0.47837850973337326,0.25820822129825294
7386,0.61269078919774622,0.28560852952756688,0.47528700638171134,0.25800239381078099
7387,0.93401184966919248,0.079958092361979649,0.47589361132741992,0.25521116197929272
7388,0.2052047492555692,0.27025861052869588,0.46527619302127204,0.25549142436054528
7389,0.71678304950537863,0.83175375573110077,0.48757540020865142,0.26761808262481868
7390,0.77355219914846829,0.47323691065515161,0.48157937495232478,0.26171538323547733
7391,0.76678288316734833,0.010246439359115903,0.47244772808645791,0.25379065308214582
7392,0.05698396464433754,0.62138225277810133,0.46509829716789691,0.25866332812485232
7393,0.81573528894787894,0.49688712410310981,0.48269616819804578,0.26226343763512849
7394,0.93923139742600037,0.60552180738426986,0.48665952411717567,0.26456553994470294
7395,0.013223258862120566,0.73107749483905504,0.46468826663431617,0.25943623763952828
7396,0.69801696953879444,0.55733606880999875,0.48195401971494484,0.2628676606276083
7397,0.23320269754278708,0.30365601462941855,0.46668201963944617,0.25619896829653827
7398,0.53886756307781913,0.54337976186500159,0.47860925531295467,0.26188057916134538
7399,0.075872055859153631,0.18184563840326157,0.45940788414560957,0.25305037846574824
7400,0.46763519133928932,0.68639988557113107,0.47958030169744925,0.26374480236949638
7401,0.47478398476281436,0.52771552249131493,0.4769062469022316,0.26126565622090903
7402,0.80482195161428538,0.51185014376455218,0.48282587339233285,0.26248754703516347
7403,0.18529334482202542,0.20781684555428803,0.46365812495414666,0.25444557620065594
7404,0.99534095589733917,0.13978166734987171,0.47779847149063687,0.25634528320355382
7405,0.27414818121682621,0.86797591351756131,0.47723531315316819,0.26487640649948857
7406,0.59141910481980309,0.15681074192671804,0.47251754159309389,0.25582830505931281
7407,0.68729453864487589,0.95920597030228238,0.48865643910373241,0.26895538779122213
7408,0.24715657462769888,0.1860044311317266,0.46520685154572272,0.25461491508005896
7409,0.64289428714778041,0.98450721833856081,0.4879979824129132,0.26891532775684795
7410,0.016855316018161832,0.4515345364489709,0.46083636280769608,0.25583402365893021
7411,0.35765005529817429,0.67689512297584453,0.47654438996915949,0.2627695279402783
7412,0.51044946664419266,0.57157425205792534,0.47850473482841793,0.26217691838307422
7413,0.15301843448566504,0.49452097863672539,0.46701672947798623,0.25814424873314334
7414,0.74216472383834198,0.68447111063956978,0.48518537782245397,0.26522412660591227
7415,0.28375672152157638,0.80696660809157184,0.47653041949225938,0.26406312288949252
7416,0.29935475748811152,0.89754900032199225,0.47853280176660273,0.26557405904771758
7417,0.33491287587519042,0.76104001888380157,0.47733055664079022,0.26386077608366598
7418,0.77601623783746043,0.78535646562880135,0.4877415022335444,0.26711420809126724
7419,0.33510708194078181,0.88695765736821341,0.47947403248745224,0.26577817278447863
7420,0.98731152137141909,0.7416047481469461,0.49010446045152628,0.26716272221374215
7421,0.15106891445309156,0.9842513846883435,0.47438815487698804,0.26485529491971088
7422,0.34475914182354461,0.64282503294987836,0.4755970562432506,0.26214164544073626
7423,0.24765098828630289,0.04011624382756418,0.46288364178703489,0.25253327870395337
7424,0.37897374679177304,0.070001764879946138,0.46670038286490861,0.25366936931920392
7425,0.63088745288917569,0.22882799556254177,0.474544653366889,0.25712986758567108
7426,0.39752917176772612,0.79899753128922313,0.47976616254109011,0.26499054505724001
7427,0.99937935781482379,0.51781773650638063,0.48564846653690946,0.26315526217259944
7428,0.94103506589607577,0.70293490350918153,0.48867040102422776,0.26631364108073802
7429,0.41801165315135153,0.98440133372173888,0.48293891141012402,0.267531942479458
7430,0.39946275296789829,0.89739404197660055,0.48148885209797931,0.26650199731318547
7431,0.98877788592589788,0.90760892881880284,0.492933439293188,0.2696671179591828
7432,0.50034632136771695,0.77932981089771491,0.48204079461202454,0.26545909605557483
7433,0.89154145515981365,0.4465587513378938,0.48278062688267714,0.26160432037163622
7434,0.16465331492015395,0.089355968037934511,0.46116044859652677,0.2526354911273318
7435,0.69851080212019157,0.13796309725585162,0.4739242015382108,0.25580852505885499
7436,0.54512663411133688,0.53983770343790538,0.47867698751059229,0.26185660683348333
7437,0.021480639506282751,0.50137512087380753,0.46176133879058756,0.25655165411834024
7438,0.45249616138838467,0.27469003329725239,0.47190199055585152,0.25715670887405562
7439,0.44567052572927207,0.85333296596378794,0.48200769009177846,0.26623653166333056
7440,0.16149847817466362,0.95269155357702406,0.47444619695294171,0.26466825629556756
7441,0.86223249172155059,0.017712191245669966,0.47380542675969506,0.25404177837183223
7442,0.019018819543335123,0.60377174533201616,0.46312358859920549,0.25785558335665409
7443,0.51475457773866373,0.18056386583381101,0.47152188422641333,0.25594500664492775
7444,0.23216507489037469,0.74786785678711021,0.47384671682913088,0.26264306834069029
7445,0.19761452688575956,0.54349394493558212,0.46936608297095661,0.25931352919251716
7446,0.17955819726829653,0.51291226541948276,0.46825396983238543,0.2586892441325605
7447,0.20045476526009154,0.48041542221222777,0.4684573892659008,0.25843936659324679
7448,0.34668160572048512,0.57434320252576143,0.47448096409209772,0.2611127913541631
7449,0.96355322024842027,0.65511401146637505,0.48800548609379468,0.26552895584875885
7450,0.86243126912469747,0.71849825170330006,0.48782520450300454,0.26630826935178792
7451,0.95254694870294776,0.48084454088540518,0.48429069209246739,0.26237274084065881
7452,0.24791445359290812,0.97287605578253289,0.47779559783112791,0.265901512841067
7453,0.87832540850493834,0.13492185637726217,0.47634046561397703,0.25610150566235135
7454,0.074169854498875795,0.60232822654185592,0.46555669806509775,0.25865078874458308
7455,0.61070534459705239,0.34288406004289868,0.47632038155205325,0.25893636586091762
7456,0.40423868835236643,0.24966118327634176,0.47036769489661628,0.25652387136757782
7457,0.27960274667904017,0.039671426788310052,0.4637445963559329,0.25271607363569154
7458,0.98722323271319046,0.052310762650833932,0.47591388831807441,0.25477458597650232
7459,0.22933265278296314,0.026649262259795799,0.46215287906613201,0.25222763273730819
7460,0.2317250142148114,0.24066588885296372,0.46562673268906019,0.25528398558294951
7461,0.43385842564675259,0.33073496506669325,0.47246874253649329,0.25793463954839163
7462,0.82971872884506592,0.44198656571850881,0.48181437143953421,0.26135082437722773
7463,0.057358204090816434,0.19191710682822161,0.45882849405318421,0.25297736343962146
7464,0.079623039961198822,0.1368321938846144,0.45889363764505103,0.25249690666920704
7465,0.45944089507038011,0.22789378881497543,0.47122696267277941,0.25645860762429262
7466,0.41555668590184069,0.021677559608721642,0.46668694902367058,0.25309298980241163
7467,0.96028512558733348,0.30687492749701489,0.48082645716105049,0.2592796026300076
7468,0.78470959480471214,0.65997857565622542,0.48542625945431767,0.26498130771314382
7469,0.39446707679860993,0.18215007188160673,0.46897516550353857,0.25544153136117959
7470,0.32240645192774248,0.38459307812409244,0.47059585263575326,0.25806399095415039
7471,0.75922433572296288,0.80412699782653951,0.48781577653354108,0.26736007454855915
7472,0.70882262880486668,0.85244571492021204,0.48779357183636735,0.26790348277816933
7473,0.29539457427106097,0.29309430736178765,0.46832490925358694,0.25651344715318941
7474,0.60595394950300685,0.43646858014004536,0.47798011754512038,0.26045765829542705
7475,0.3695435337677016,0.44418852998145159,0.47286573654047381,0.25929368048797197
7476,0.71714382778502772,0.51720583493892336,0.48151192062185061,0.26226373074382753
7477,0.12200699896017324,0.46480735935546696,0.46540382692794813,0.25738147499625197
7478,0.49679506431525811,0.95583603248487936,0.48465369236946215,0.26786311728901185
7479,0.82687128618938155,0.58536573656402768,0.48462194138483644,0.2638427639541655
7480,0.88222390695082731,0.54478253759519435,0.48463032287969648,0.2633121737536373
7481,0.096080815776286188,0.1558830446348875,0.45978903722576586,0.25291707065790953
7482,0.82986953709992817,0.21717153490699129,0.47735272620018643,0.25744498804679916
7483,0.45852981190331049,0.28640725143776508,0.47224187569221621,0.25736948203858778
7484,0.022073069714626765,0.85175011860405792,0.46687199036267152,0.26118734487483564
7485,0.013817588212026751,0.42979422454937594,0.46038807173077151,0.2555076836582964
7486,0.87177868482026977,0.64658526908388603,0.48652494715362898,0.26507462467307547
7487,0.92232823770471151,0.0071045609262655497,0.47428876809564441,0.25391758878021842
7488,0.060396829774638172,0.68347763343976109,0.46616952077675322,0.25954932284975551
7489,0.63920735273190077,0.24692438069357306,0.47502707496379154,0.25745489016110046
7490,0.70075652295917967,0.32525374473104024,0.47754305127096108,0.25895743072481586
7491,0.76794370451505534,0.70480095353614303,0.48602524887035925,0.26568621390956898
7492,0.11851659820076312,0.91691554561847588,0.47221567588619212,0.26362149540871527
7493,0.25698466217521349,0.88392517286607764,0.47692472638423439,0.26492536012212475
7494,0.70341054925612412,0.74586455160294429,0.48567834247510733,0.26609238163158694
7495,0.80417134014816261,0.47786807617180749,0.48214436495520085,0.26189596398284609
7496,0.41519513177807676,0.44784822131424445,0.47407908457313419,0.25964723810707602
7497,0.5558301730623586,0.31015009977041047,0.47467947172334779,0.25818424644195354
7498,0.88554360621693784,0.11960437834699407,0.47612218223218489,0.25584469941461163
7499,0.75462624587091853,0.72252483317413141,0.48614303420385868,0.26593321329526026
7500,0.058670314235461415,0.90946094736916716,0.46946266683112459,0.26258623648346846
7501,0.61848055697997339,0.51020222246831981,0.47959965471551352,0.26173151752167811
7502,0.81770481253016047,0.17360832125867018,0.47632711047178172,0.25666795180238033
7503,0.83597534246003491,0.89644655730332024,0.49059706272525305,0.26903214120023367
7504,0.91630985926479336,0.39107104850275209,0.48198934699299556,0.26068462721344626
7505,0.18265790553184924,0.086444333767483478,0.46168917569784734,0.25273618321383651
7506,0.2365230393098551,0.11350950722702546,0.46373767944779198,0.25350481656865032
7507,0.38333543503381079,0.0020711232903995553,0.46564649449005935,0.25266758521758287
7508,0.19025835811231517,0.086638133871566977,0.46192912171352524,0.25279632017224396
7509,0.79690145290059744,0.31252942712897203,0.47877488936478108,0.25901616214870382
7510,0.13119577177074973,0.94769673567042934,0.47317449395429778,0.26419865886958943
7511,0.59726958128354746,0.92782049947766365,0.48660885934678255,0.26822550512365123
7512,0.83773637259699174,0.088646274407778405,0.47490979119516363,0.25523620710652895
7513,0.83259415943116188,0.18361780335017247,0.47672419448893338,0.25686944655012572
7514,0.021081527413742151,0.070224786471726836,0.45562526586020408,0.25099681108903815
7515,0.83088031516276539,0.97570098767873137,0.49120425385285987,0.26966061395934465
7516,0.51283098151375306,0.020809605795668908,0.46862004806753566,0.25341396178135472
7517,0.022197199089999776,0.2787203827054589,0.45861024578663845,0.25367263636664994
7518,0.1527074205988436,0.18007019619235071,0.46215378264659829,0.25377973287351896
7519,0.49903183011595392,0.64235949670834236,0.47952930716807257,0.26324604974469157
7520,0.33832432552917163,0.37240766428763744,0.47082029070908726,0.25799196042676731
7521,0.045170319447352086,0.28153100382111734,0.45962557069266707,0.25400236692062511
7522,0.39266444768552899,0.44301937890521947,0.47343669120418291,0.25942925337698008
7523,0.52546099477516262,0.54780080361765582,0.47840196544023489,0.26187883818252883
7524,0.64425559272171229,0.71974661807579687,0.48405186598362165,0.2653504276969888
7525,0.25017121701658473,0.87115121785131056,0.4764830370888759,0.26466022024166208
7526,0.74520205297692454,0.6515640460550437,0.48459748640724487,0.26467272784835072
7527,0.038556129995046651,0.9600096623088118,0.46923472958033813,0.26290338780676986
7528,0.3123734525585431,0.77804044249564175,0.47694137110340468,0.26390965834362484
7529,0.59025005633208205,0.29855078528317391,0.47511872507384673,0.25813181521426393
7530,0.097885845171555408,0.81716361399340676,0.46981105253935718,0.26193047769730704
7531,0.26895703981121771,0.10551918483978372,0.46452400890276918,0.25360227359865539
7532,0.6315672927036533,0.29967841236289827,0.47588568319402519,0.25830075122917218
7533,0.66613812629085734,0.75708832227539968,0.48518811365411718,0.26609305058435517
7534,0.95780508807942977,0.47130190002637684,0.48416333443986331,0.26221512850648043
7535,0.00011807454220252112,0.92874359804618878,0.46689429926732573,0.26181095133700966
7536,0.28498067765928575,0.33983266344649021,0.46880363978655115,0.25712698693104469
7537,0.75570833526075587,0.13867855184167857,0.47478390875058823,0.25594678737455856
7538,0.58541646112460877,0.054086114088061736,0.47052212274105104,0.25414911761597986
7539,0.56898144678940299,0.32853203225895994,0.47527143502121294,0.25853615189494816
7540,0.7579889449518058,0.75279447886744755,0.48679218107003341,0.26646962803089796
7541,0.65976828965937029,0.16168344827058029,0.47376408022131405,0.25610562353976551
7542,0.9496623333257973,0.70538094410073249,0.48884168220217711,0.26638635661535459
7543,0.69668006590622245,0.25417821825117576,0.47611574262540202,0.25775018887274431
7544,0.83179338404805181,0.96190033523911855,0.49112646515253761,0.26957470520504029
7545,0.71309186873495356,0.52141037207880292,0.4815239331037256,0.26231937312365983
7546,0.50661363930929226,0.79577062512406849,0.48248798210727578,0.26576779364401859
7547,0.045962550392479172,0.062392390613292811,0.4565203392534003,0.25117410213155322
7548,0.34915412251885286,0.57821892236365247,0.47461576607982003,0.26119125519050213
7549,0.70589509449974874,0.80680562401459321,0.48689768538035888,0.26714206846557842
7550,0.78524162383339136,0.29047081495214955,0.47817172897809118,0.25860659416615067
7551,0.035832840455917177,0.68499376536995416,0.46508393338366494,0.25919384657277877
7552,0.79186934304592438,0.47994934436635817,0.48199679793076972,0.26189204311404668
7553,0.66140820511995113,0.13195860302123474,0.47322968826918604,0.25561798606663488
7554,0.54784624171314067,0.069785405313211965,0.47014599445539307,0.25429493806748255
7555,0.99980811376926726,0.068430436392955013,0.4763778920160634,0.25507352978361442
7556,0.0405170250899042,0.86373915573948767,0.46793316773207,0.26166396149990129
7557,0.39955947768840705,0.085882803914451508,0.46743876485116498,0.25400187399866542
7558,0.76371018406878,0.93359627471991125,0.48979418186351753,0.26909224337782034
7559,0.19693518597715304,0.88947698146213083,0.4748856409233071,0.26429753360805586
7560,0.44547175069291844,0.49177331985681089,0.47558085271487904,0.26052058367218067
7561,0.017947112144401763,0.88471229452496636,0.46715116769087833,0.26155367685975167
7562,0.135606941396615,0.79500052805292654,0.47102779817276547,0.26215105869495758
7563,0.51498248886609221,0.43910652548371587,0.47619958359568543,0.26007309100792286
7564,0.0070303910570568406,0.33847070521650607,0.45878582332531287,0.25423382750656215
7565,0.4944597374527599,0.50977856084062956,0.47703007263144842,0.26109421269660615
7566,0.7251776644486585,0.97958809993454488,0.48948268232554604,0.26926522773034789
7567,0.98971577002644773,0.89248344245319033,0.49278824699838131,0.26952389165382257
7568,0.03868713536217111,0.35459282948818294,0.4604058844452541,0.2548738525280716
7569,0.5625584480799618,0.18279598663788058,0.47247403598638299,0.25615409958085689
7570,0.72435143551161751,0.46400881280967737,0.48060461726185999,0.26138610641746113
7571,0.92143897002259045,0.77116829886302585,0.48977467730979879,0.26746336252894298
7572,0.40357209015508416,0.3909572991884197,0.47280302455141926,0.25869464581396245
7573,0.40897368285212438,0.47188380817588188,0.47434618916253313,0.2599810397548894
7574,0.72360601427856597,0.5332688116382458,0.48193235168539944,0.26256221728551105
7575,0.63019265251847678,0.7858361955970643,0.48501957781033833,0.26637943961078625
7576,0.37068554473522819,0.31933839173408923,0.47075380825767665,0.25739751276188949
7577,0.50428072163896864,0.027684642040415205,0.4685817380427526,0.25349574439762063
7578,0.49946166107385653,0.00041111666193464772,0.46800543392619903,0.25305368880648643
7579,0.9721584215025767,0.97802965822390986,0.49325089335665895,0.27013241792534542
7580,0.64537904729753504,0.69490314169783385,0.4836032757724299,0.26494003376996428
7581,0.26353166311677778,0.45082974260166525,0.4699977645650445,0.25858786408236972
7582,0.49169972121658506,0.64949980519897077,0.47948862111009621,0.26331423723090891
7583,0.19072285814626375,0.84416130102294273,0.4739276380713599,0.26356373759124546
7584,0.14561760587267344,0.51703171096505829,0.46709418403946085,0.25837626573982536
7585,0.70648081294283038,0.81327562855448343,0.4870332283295547,0.26725527945850758
7586,0.4639455686076428,0.46702740273658422,0.4755723122351288,0.26024024029296366
7587,0.50967584053926407,0.32213120353453562,0.47397127405201911,0.25817612005958446
7588,0.1184742036548094,0.256943659150356,0.46211899322350575,0.25450204493310097
7589,0.96098135183114797,0.70836346257523408,0.48906043149772321,0.26647739439332463
7590,0.43632328840232221,0.94954550979010532,0.48310647534608075,0.26738068603385656
7591,0.041155752604606098,0.62795358481401342,0.4644908640265184,0.258516394467807
7592,0.86818694898585103,0.59620922383413422,0.48546039528792667,0.26417422913645833
7593,0.080073397821432454,0.84305558950250281,0.46943135886450033,0.26201976879865663
7594,0.48708464454974748,0.1739784367889981,0.47084977522671517,0.25573243677002261
7595,0.73699153432125453,0.11934334380534711,0.47414058038800566,0.25558098633527165
7596,0.3161778851827956,0.58960803480170432,0.47387274154648157,0.26109637855467066
7597,0.88422857741561034,0.25869826288536424,0.47889889002396363,0.25827899733624987
7598,0.17834485146667575,0.18088886001437204,0.46301457846093202,0.25401200515074263
7599,0.42370600463618757,0.54903412788618589,0.47606387930874722,0.26127954682660853
7600,0.084608718848845466,0.23405502107007198,0.46051026874599105,0.25383664658260091
7601,0.30938542898752497,0.67311249399565865,0.47507989387783545,0.26229621259412772
7602,0.60946066912169339,0.50901714886153349,0.47940424330782599,0.26167056886265899
7603,0.68283871986529565,0.70073650734020632,0.48442958422628346,0.26522610153652099
7604,0.072331720654142562,0.080497142433316918,0.45779874148676042,0.25168356357393074
7605,0.052640026888542343,0.7127251688120072,0.46625765029813099,0.25982614837343021
7606,0.98810869387270661,0.42902986304656376,0.48367589570460096,0.26152741191002382
7607,0.4910910102954717,0.88076653689806117,0.48360889168340615,0.26699091232364247
7608,0.69610386643990652,0.34855827612084106,0.47791347027064923,0.25933480285587468
7609,0.80814168361091288,0.60152621356841418,0.48465088371914422,0.26405716605127588
7610,0.33173552268684142,0.35403844068861801,0.47033406924137344,0.25767088651535408
7611,0.41108598880810898,0.093273864619026439,0.46782240051911783,0.25416483663405337
7612,0.054629953035933432,0.26433653755482522,0.45976652604247126,0.25389294477806534
7613,0.71237658358145273,0.92674988383796308,0.48883151968633171,0.26880549168890983
7614,0.66346254433559948,0.87139201687515022,0.48722860372014209,0.26793669164465761
7615,0.47162290168959881,0.73401562351410976,0.4805309919145922,0.26453179506603441
7616,0.33381834625251361,0.46027741703864888,0.47218567673933326,0.25928479940374644
7617,0.82322195829829437,0.83514323868887741,0.48949438090529246,0.26817128640416671
7618,0.39862026263856098,0.7160169940357447,0.47834532507679922,0.26370479744979797
7619,0.90089524418351941,0.069468214580498178,0.47529924967907272,0.25498807182918681
7620,0.044133820244681557,0.62252587240353463,0.46454520201482619,0.2584888954023159
7621,0.31731843206797494,0.7289336589507176,0.47626080732908432,0.26321203993837705
7622,0.46657618699531306,0.57090066632822867,0.47748797362842915,0.26190130145396456
7623,0.77612139028658855,0.57525489193949619,0.48362154362560522,0.26348313238249038
7624,0.56696500462634725,0.40245113053160025,0.47659470309389207,0.25972941611192019
7625,0.96164535140789809,0.05755934607734671,0.47574610864204953,0.2548441899684909
7626,0.83117544172088387,0.86773798115876277,0.49014918548027492,0.26867502538452487
7627,0.012593662691803183,0.18869322344829562,0.45692471498660886,0.2523964761933431
7628,0.10487699473575922,0.29000635074587777,0.46211207823320927,0.25480653387502694
7629,0.56458932678328133,0.58353221515420595,0.47989000847830537,0.26267248190626108
7630,0.62942245195369473,0.060759760157146958,0.47137973279453749,0.25436842889443689
7631,0.73919533123547454,0.79984360025996581,0.48737518451206452,0.26718991685559651
7632,0.99479896065931539,0.91654626164404918,0.49309908912911998,0.26976517226986962
7633,0.89325406391465811,0.88710125909644411,0.49136529924441358,0.26914596737257884
7634,0.26419395181707805,0.76332856859512399,0.47517104857168568,0.26321074927797422
7635,0.66559669350400807,0.64362012575402627,0.48301570780490488,0.26417927567651373
7636,0.87459593197241192,0.56585280005909744,0.48494442125568538,0.2636600712604778
7637,0.9756836052300758,0.66901794731878916,0.48845503040934263,0.26581666201798376
7638,0.39462799794123277,0.28356717174305818,0.47072596778846859,0.2569912929701772
7639,0.67121061844454377,0.43365177638797325,0.479116042771844,0.26067595173296915
7640,0.21787034863386071,0.80099330080124787,0.47421434514314836,0.26326055814717736
7641,0.99684450538271341,0.76790873534040294,0.49077569601838883,0.26766961619382224
7642,0.89818851252057352,0.0008047745897551068,0.47388932734022515,0.25378515894253595
7643,0.27691469339568869,0.92188080212223578,0.47816285350662807,0.26566154483106441
7644,0.28756587049685189,0.90406391792498764,0.47825339754356438,0.26554117560038859
7645,0.28688359797055601,0.63444532126061393,0.47374884398298484,0.26151187227665085
7646,0.17331231866189048,0.70718823260389041,0.47110029378213297,0.26138422618760615
7647,0.65454078557923212,0.52915950611325679,0.48063331711176016,0.26220782628239336
7648,0.60099192048039984,0.83549071299222999,0.48534174300335564,0.26703253988486431
7649,0.95223674721374418,0.36492206734170907,0.48191544504996808,0.26029995146011653
7650,0.30705630785630783,0.3630994047813933,0.46981229985725143,0.2576330811150761
7651,0.68545451958276093,0.56486223806556091,0.48187524483825184,0.2629417549377569
7652,0.079840756854077335,0.72526733526141618,0.46764360221770218,0.26040311616775952
7653,0.086395411971828442,0.19770287050789923,0.46004293146599196,0.25337281667087225
7654,0.11309453113666969,0.33110374351855137,0.46303818875186792,0.25545227171283452
7655,0.96556678352117309,0.21599785799664678,0.47902816844634993,0.25766673716620397
7656,0.5543132338183816,0.23031747850613901,0.47318882954851016,0.25689001821995933
7657,0.0059013093734043651,0.30051642061903838,0.45820046190714553,0.25373247750435124
7658,0.056226607872091702,0.39171611810744505,0.46168688804531077,0.25559077221678866
7659,0.88738630095993876,0.61349551611662612,0.48608905895409804,0.26454313512540689
7660,0.61146087236021418,0.54203239081789512,0.48006150173939466,0.26222599518383305
7661,0.13920772404292367,0.9436144269965473,0.47344722259000721,0.26426177441805032
7662,0.39688249552076454,0.39861307157763515,0.47277169567346838,0.25877171538329324
7663,0.21460508393762867,0.47031483262608526,0.46876708096272696,0.25843159046192971
7664,0.43271436692766152,0.79495109875669012,0.48063494223709147,0.26521077015072314
7665,0.13146417252613465,0.43471206479688412,0.46529951631662197,0.2570739779845681
7666,0.39194303406105613,0.26341898328744573,0.47031418888587451,0.25666818752114956
7667,0.5842017152379384,0.56545253232201798,0.47995783110828799,0.26247829577800136
7668,0.71965901552560974,0.78225477969789647,0.48667933115292128,0.26679280763867241
7669,0.13620308221277083,0.84610845298954529,0.47184793509544409,0.26287950978441393
7670,0.29113712403747488,0.84466118418652336,0.4773979027575298,0.26470512193323253
7671,0.12167587189645274,0.78955283922703245,0.47038024971915782,0.26188484044372318
7672,0.97462736180584186,0.93840277797103633,0.4930145036756991,0.2698790518416605
7673,0.3483895237372141,0.20271801447552865,0.46821315233771588,0.25550547181678035
7674,0.44867917060652984,0.24025634860774736,0.47121102353510508,0.25660126004941081
7675,0.092113255035609479,0.7321221320708865,0.46827167697429267,0.26067395784214709
7676,0.7786054906673614,0.80899939313646174,0.48824972911955555,0.26753538016998107
7677,0.14574760177159915,0.066878841239062597,0.46019894155147106,0.25217497059964356
7678,0.92174003309841512,0.11978880593919894,0.47655859471309026,0.25589819830492966
7679,0.88880290223580094,0.36731424850983313,0.48114547757540771,0.26019937363335499
7680,0.59531994327121651,0.80333417712753874,0.4846217031171085,0.26646619262219917
7681,0.32353362063282404,0.40828740107024786,0.47102530355899208,0.25842722279533104
7682,0.8467570027620881,0.73952641886196802,0.48800124180773374,0.26661714023070116
7683,0.11897879989783978,0.53787088095069635,0.46640353138590585,0.25835258731421945
7684,0.66747481666317909,0.87775061132240806,0.48740062085690777,0.26804270086050758
7685,0.21067431506403955,0.32956231608613162,0.46639116752828147,0.25638066928614517
7686,0.32098659342209579,0.62677935267897555,0.47464082388491657,0.2616982801753131
7687,0.84351892806886464,0.71775004342334581,0.48751604347189686,0.26622206344997484
7688,0.44158765049778165,0.59545747631842971,0.47732461027928086,0.26212773222369762
7689,0.090200261786568453,0.58454473458743883,0.46596019712180525,0.25862690312717995
7690,0.16726995271187042,0.58327487520425347,0.46892333947612047,0.25955256964437873
7691,0.77558563195691688,0.9273164833982126,0.4899367204948098,0.26908781909620316
7692,0.56412974679841432,0.62366931492310251,0.48062219634057668,0.26332664817380141
7693,0.62331123995055682,0.33626727188074729,0.47642535797440477,0.25887504096291242
7694,0.59157139333934761,0.68224852245141521,0.48228364291351639,0.26444183361028206
7695,0.40253459836369149,0.38959786782820011,0.47275404598501036,0.25866736657925576
7696,0.093879507474706053,0.030900332628458274,0.45787194004693726,0.25124173568179686
7697,0.41905981556448391,0.87764506996819991,0.48171722067669387,0.266391056233442
7698,0.73028032630911333,0.18468566165390657,0.47530144230506122,0.2566687869898901
7699,0.0038895884058321828,0.43048319868237012,0.4599429956376625,0.25537023012666454
7700,0.66980212182615662,0.019506156324350741,0.47124100165972888,0.25377939016455592
7701,0.41370400915114441,0.42830124169300543,0.47370095404676354,0.25933450543736258
7702,0.23846221444831464,0.89090952841661641,0.47640128424100353,0.26481706736790867
7703,0.91643380375051642,0.7731801706400816,0.48974158653990696,0.26748064332907834
7704,0.087769149954605385,0.32726085084426454,0.46201203993440187,0.25511687834928937
7705,0.85995221076334127,0.20895644892688142,0.47758783670609656,0.25736163591023037
7706,0.63331907135833765,0.14391121345468563,0.47299586007612576,0.25574055597925455
7707,0.92704335064735499,0.37945905829170951,0.48189273470224431,0.26050340006034967
7708,0.66159636777687125,0.011120550068665762,0.47095831592214032,0.25362504268512209
7709,0.92418802834941305,0.8042039164515794,0.49048296081381754,0.26806128534283602
7710,0.73165267715809168,0.5795319976507104,0.4829657197270798,0.26338334352544529
7711,0.2408633106321213,0.099555907839105937,0.46364020867607897,0.25333553163335798
7712,0.044658783809433229,0.29021658922793575,0.45972952634866887,0.25410939077604505
7713,0.41487577835562411,0.83578801725342633,0.4808826056880986,0.26571069217779508
7714,0.48713454717571153,0.84746887896034173,0.48295206376626593,0.26646071547295463
7715,0.029444888270494997,0.82731156106978887,0.46686999356580228,0.26098804296530886
7716,0.82752435433572391,0.12099408170970856,0.47541807593012508,0.25577825775793628
7717,0.10325390825726791,0.51538657322776271,0.4654435807482829,0.25785035254175076
7718,0.0092427404907648447,0.016679408944805619,0.4543896527634641,0.25018675104828847
7719,0.76156220251010964,0.95634117324628176,0.48994617027148224,0.26926177922304184
7720,0.95955377324969737,0.23547066768204095,0.47935636502096851,0.25800436985673064
7721,0.43996474882481851,0.26262135884686139,0.47141119392224851,0.25690692453776742
7722,0.40626918467417128,0.37837829544908602,0.47264984886641936,0.25851664078686826
7723,0.60791378305352994,0.064750592674675866,0.47109951582914128,0.25438019578817822
7724,0.63115480545236491,0.89295206213818168,0.48689167955127161,0.26803677743043863
7725,0.13425133735329145,0.33554048029776895,0.46388457181105974,0.25573778533944297
7726,0.66099071233120055,0.042560279319190888,0.47153968934893198,0.25414129318437439
7727,0.13804750773702981,0.81188718373753366,0.47138847642219306,0.26242189917247383
7728,0.50099434781101304,0.48125195806521226,0.47665987484681099,0.2606744193291583
7729,0.3506120544944541,0.39468418672167466,0.47152387648001587,0.25841194641131243
7730,0.80202303101619477,0.31969526830386608,0.47899024897295395,0.25915303392100048
7731,0.52045432350257181,0.89676094533904693,0.48454194735788975,0.26740703366002205
7732,0.72393336668462727,0.27040363245856719,0.47685741716261493,0.2581007776803258
7733,0.43019973579318033,0.90347204555665384,0.48240193354155153,0.26683204002034128
7734,0.34184375250205634,0.0087395836275187336,0.46480074400407428,0.25258500771554976
7735,0.032429156934458296,0.18583669779169143,0.45772544960028705,0.25260614538195963
7736,0.86993638060240774,0.45603198393638017,0.48267157713318176,0.26171214503887863
7737,0.20783716468358179,0.27124338825921296,0.46537519710363168,0.25552746137842691
7738,0.32757385786449306,0.87101766089532762,0.47898306410556624,0.26546973014061331
7739,0.63827760780815734,0.50039967654937656,0.47978809076075407,0.26165680511440154
7740,0.62369056030119541,0.56821947161484276,0.48079024323169323,0.26271848816389803
7741,0.28731883586292389,0.92887328985881767,0.47859210749516606,0.26585398829991208
7742,0.023449939777224791,0.75776545938228956,0.46556668126092232,0.25996081108554742
7743,0.17200564323224826,0.24634089746355314,0.4638221208064312,0.25486792174999423
7744,0.8154324558732915,0.30941441238253609,0.4789793292219155,0.25900937088243609
7745,0.016512468370993155,0.035110921215906275,0.45494698609616135,0.25050126303764481
7746,0.35670398877045373,0.91800463254499487,0.4805684011646289,0.26639076157218089
7747,0.96860077222493712,0.049765905259072318,0.4756626178340051,0.25471253182458869
7748,0.018416753001150209,0.40670762348066786,0.46026621648489774,0.25527474266001388
7749,0.81836277125101775,0.53878866841049167,0.48356683050724397,0.26300130445300929
7750,0.40296298902126731,0.89046051848317742,0.48148211139997155,0.2664385359726486
7751,0.56074268768980406,0.24397501261119034,0.47356059361492864,0.25713436657026684
7752,0.070092542785580747,0.534117213837069,0.46436805100280837,0.25767446742276451
7753,0.96329287454193691,0.079371332572295797,0.47620913187271091,0.25523276589413202
7754,0.48172668152264086,0.32766152271615573,0.47348013580583365,0.25813186991321579
7755,0.73112736414746626,0.33277292376571571,0.47817494925064435,0.25917841089593935
7756,0.49272444478414257,0.75822023446290987,0.4814768739364691,0.26506658817917045
7757,0.55946687596993283,0.90267816645797583,0.48550490620724596,0.26773123139198624
7758,0.94361887599033067,0.7769590279308265,0.49021527540565268,0.26764783223680383
7759,0.52794472761777,0.68102255596929462,0.48088938193544578,0.26404979553311969
7760,0.79395057530436897,0.75056570992629279,0.4873624952209466,0.26659090518670331
7761,0.083968644301395404,0.51327895956741409,0.46463393123917784,0.25757690864021299
7762,0.73700605958771193,0.46329270232232522,0.48079921117015006,0.26141909086643578
7763,0.47663528544205475,0.36763366642113543,0.47408367249302946,0.25873831534584429
7764,0.79929559711517073,0.7811682140310644,0.48805508721334923,0.2671460972249689
7765,0.097990574254828974,0.12502560931540793,0.45940365231609759,0.25252567784171265
7766,0.77260578607880748,0.63951318326498152,0.48482440484451184,0.26457868312661226
7767,0.25154059834786457,0.63170408229745234,0.47259016339245408,0.26113665192942886
7768,0.64909340400028737,0.41238214365030873,0.47832117653180778,0.26023521378164377
7769,0.53223823949786597,0.0043038131893728864,0.46868117101523032,0.25320985830881648
7770,0.31949236993741942,0.04461156427044189,0.46485073605499388,0.25300365747432652
7771,0.47457231309203202,0.58663584293721938,0.47795752138083414,0.26220155295044217
7772,0.38286220187341097,0.60548885016063003,0.47600049994915727,0.26186820535600303
7773,0.67829472043017158,0.48586312638038071,0.48023666194846149,0.26158060389057586
7774,0.46970665477929868,0.71280596894157355,0.48010384602594258,0.26417995596543203
7775,0.62318021155245362,0.9281705693266471,0.48714347275206632,0.26837224269211224
7776,0.071498351983621256,0.31269103240921398,0.46115349974601078,0.25473221813913022
7777,0.65692287554758366,0.66290306979607561,0.4832186062330443,0.26446138550651571
7778,0.0063627197159337812,0.42704117538678699,0.46000825005747376,0.25536264315226997
7779,0.55468325226075255,0.20032687725614526,0.47264782541091044,0.25640863908709505
7780,0.48041428177388157,0.80328205442681211,0.48199127383866158,0.2657028130944088
7781,0.75052305456126345,0.13910474136093398,0.47471784798947797,0.25594323342611003
7782,0.36572982882052896,0.081980968884134198,0.46659528750254836,0.2537872813566755
7783,0.61942952571272625,0.39144011673753848,0.47738911021457781,0.25977088076706012
7784,0.32969550996910546,0.34465590606346963,0.47012136690701056,0.25751629107778329
7785,0.49762065891731766,0.47748897624280073,0.47651770173799607,0.26059581127405257
7786,0.024850138775759846,0.72982135855307573,0.46522598042413821,0.25961315712960398
7787,0.089061319768975952,0.73677646544167075,0.46821263928050849,0.26069421103230844
7788,0.14094103615452769,0.56661476695040469,0.46768762448158741,0.25901475800478407
7789,0.36280785086551914,0.096467461790086237,0.46677097377362176,0.25399010285039503
7790,0.44115603747571591,0.030208079869823996,0.46737445985621784,0.25332044397820369
7791,0.99408770635317789,0.99919487120317074,0.49365449531055988,0.27030891606471819
7792,0.28382437626133905,0.21036118037594717,0.46664158871251993,0.25522008273236574
7793,0.54147292478537423,0.64412316033685346,0.48051277189086594,0.26353155169721121
7794,0.91725958244329087,0.67326261523201825,0.4877287221316105,0.26570380250675524
7795,0.1681164103717194,0.97375114594245094,0.47494192571816213,0.26497644062500952
7796,0.23209271264428971,0.81198715953939837,0.47489058658823191,0.26358347468942878
7797,0.50409721160872145,0.96259275135836797,0.48488314675061611,0.26796621726533765
7798,0.065275149552023501,0.19407382687249922,0.45917341723632732,0.25309486960460459
7799,0.72765277184991861,0.65563281231744919,0.48437211669419084,0.26466669872626447
7800,0.61733535177047605,0.027079889335611371,0.47055758569337175,0.25379108492833602
7801,0.50558031147437876,0.4435779692618293,0.47607884890497765,0.26009613878306465
7802,0.18730447933956751,0.90090782705772443,0.47470645926759547,0.26433931096090768
7803,0.98282296409340342,0.43168901764795886,0.48366550698724675,0.26156343062797893
7804,0.74138913662660644,0.56457269777382024,0.48283995151510267,0.26316631032352794
7805,0.14255981628374431,0.8568602042186656,0.47227153153425488,0.26311868770864288
7806,0.34343076205487599,0.21572964132680791,0.46830768122344063,0.25567171495443636
7807,0.93841247404901074,0.97265698723070093,0.49276016556217228,0.26999983830988206
7808,0.74867038508361439,0.83092533812111946,0.48814072174999862,0.26776278301213041
7809,0.27187420235899046,0.031468285354657566,0.46340621172112234,0.25255387437717569
7810,0.16613469696239336,0.87741381584316269,0.47352449449291256,0.26372788029151079
7811,0.25067581839103953,0.41965319016115976,0.46909523939140074,0.25802285729604679
7812,0.51889345759366412,0.15424219705046854,0.47112888841969075,0.25554267904982575
7813,0.26092613067958736,0.33043367362030551,0.46795010623505423,0.25680642266012965
7814,0.71885210153035584,0.36453846392215927,0.47859263729522106,0.2596787740541876
7815,0.43798286377695622,0.39879792769112393,0.47376173086191936,0.25901890182770365
7816,0.82362784902987773,0.24955535878658994,0.47790920509129053,0.25799239950363673
7817,0.70735826937895041,0.56143515671252975,0.48219668085578415,0.26297593161725641
7818,0.55995362363789469,0.94285766245083658,0.48596317473404549,0.26814728817662925
7819,0.42581577981935115,0.805799043601926,0.48064577897780159,0.26532748288764074
7820,0.40336854600085648,0.85991517724796429,0.48099162669206613,0.26599161491145368
7821,0.057983601165527948,0.18691421319061194,0.45878111982046499,0.25291913775045849
7822,0.42895377657084027,0.89710409326663942,0.48227906211013072,0.26674044078662307
7823,0.92747427151635053,0.50607001891179237,0.48447401040069571,0.26275697901881417
7824,0.091774552483821756,0.12956790128197754,0.45924195649195193,0.25252450092395617
7825,0.77750885576271689,0.93794436316009389,0.49006544321364087,0.26918643972721945
7826,0.16252908784988104,0.4450584625125979,0.46658850137574809,0.25755330164121432
7827,0.90469720297056488,0.58632507906901887,0.48578842421662427,0.26411727691743803
7828,0.29005610265050785,0.078585539421101566,0.46465384655498615,0.25333913888786463
7829,0.4820767815218191,0.53221010591412199,0.4771541575460192,0.261380467842311
7830,0.90120349952274703,0.90863988841726684,0.49172224837979023,0.26939480965326862
7831,0.1713584900332964,0.20135449660784799,0.46310347947228603,0.25423694326072982
7832,0.17364576284441866,0.63451067440971975,0.46996291100322007,0.26035225077752688
7833,0.67383230504338865,0.56216292866630246,0.48161403916264434,0.26284595366088476
7834,0.18994680229552324,0.9885838997823303,0.47590549939670285,0.26538261465474322
7835,0.21335081542908449,0.90112003369360461,0.47567159815243215,0.26466625845646596
7836,0.35185671273082264,0.10342433095761808,0.46662583677189046,0.25403940225052069
7837,0.46448130448352315,0.051913640074327125,0.46823131232210025,0.25374026291331642
7838,0.047806518438237258,0.30428068407265241,0.4600638624709979,0.25433265118186316
7839,0.020139817846741064,0.33129657640409427,0.45926781015778195,0.2543230407254809
7840,0.045629800897010138,0.27091690453012707,0.45949162084560075,0.25386953445177973
7841,0.98995055787408492,0.91060873400055575,0.49297815820233681,0.26969779137234207
7842,0.32861666365083075,0.21787107376981296,0.46796435705923944,0.25561552640255764
7843,0.16416911255632294,0.95233812383700867,0.47454545728969699,0.26469920498329652
7844,0.39421188912269428,0.48685230498757448,0.47423653877417266,0.26011580049108907
7845,0.91225789979252736,0.59479323307889276,0.48606658188208279,0.26429129493994713
7846,0.60023307295386918,0.022996631845191587,0.47020073248877847,0.25368457945515027
7847,0.46809187097289834,0.66028116395188263,0.4791235306134477,0.26333197825092697
7848,0.80872240588116706,0.16933318063017214,0.47612138103665197,0.25657688691484803
7849,0.22162113928449109,0.14547649302744542,0.46380689317971913,0.25385324805210147
7850,0.089874360376305418,0.62550106267126981,0.46656435033334837,0.25918150713972621
7851,0.81222380922922166,0.38112153181877223,0.48035162370816997,0.2602429549227338
7852,0.27395843561809746,0.34569181294719459,0.46858213839499457,0.25712991416887232
7853,0.38849512615768472,0.84763490748066694,0.48036498600346128,0.26567233900153214
7854,0.39841624792133229,0.38804731913701401,0.47262618506941378,0.25861836429954255
7855,0.31024502231237716,0.53586829486979404,0.47279571798950459,0.26023891734151189
7856,0.68767726238333848,0.20245359636860669,0.47498479322231207,0.25685888996953821
7857,0.45013610113103641,0.83640473324250197,0.481822790351981,0.26600354899033113
7858,0.28085881308616373,0.62416780915186976,0.47339216445278243,0.26130335652023695
7859,0.7081663167350577,0.78946050706597748,0.48660607597639283,0.26685822669529086
7860,0.17578803234907101,0.30046754618220728,0.46479069168133419,0.2556577720093805
7861,0.54349289218365449,0.60588945716778975,0.47985471545123126,0.26292122402147605
7862,0.69252424871748086,0.869713442563673,0.48776152450399485,0.26806592167334242
7863,0.48272811364125229,0.58432466664497051,0.47810588462245218,0.26221538456148269
7864,0.99239888756180883,0.91340200280692663,0.49303768826609007,0.26973032383653661
7865,0.68437163164314119,0.85778506444621594,0.48741869087008644,0.26785511641981408
7866,0.97804848727249782,0.98864962748518448,0.49338870746406321,0.27020838443386447
7867,0.45770470127403967,0.20606855113621569,0.47080433629626672,0.25611009503961291
7868,0.13833943804501322,0.038409620970569089,0.45952321972888904,0.25172878617175065
7869,0.44824263957972876,0.99541579076229836,0.48379055005659477,0.26783003560529056
7870,0.82303614741564968,0.1479316048743087,0.47589130492198928,0.25623508999988659
7871,0.90869217262320456,0.43217103652436056,0.48272181009041037,0.26139450417323473
7872,0.54623046408303777,0.22871518369765256,0.47300541215871517,0.25683378155470388
7873,0.10152735910819612,0.69236304077446698,0.46806122163559566,0.26025816459032891
7874,0.39179751449549804,0.19258134059481091,0.46909206541488213,0.25558685529191955
7875,0.56888251997426853,0.84444631261395997,0.48480728410412705,0.2669762877248954
7876,0.60824433838486447,0.28069108738357901,0.47511541634221627,0.25790583227123276
7877,0.69739688164357794,0.078814990565029441,0.47278021851371715,0.25481889382155731
7878,0.48820532364359825,0.37419753555351637,0.4744534247566225,0.25890116771429417
7879,0.95426217863516649,0.91476357171406275,0.49253487505899218,0.26962520169304793
7880,0.08248069716574391,0.72078337097024781,0.46768960101341561,0.26038017283859249
7881,0.12138756296114299,0.84422385587369797,0.47121354531702381,0.26264606309186966
7882,0.55120089592639121,0.78510923352913231,0.48332033059620644,0.26589145823095162
7883,0.18871399617317366,0.25152906559213295,0.464452101755157,0.25508696099772948
7884,0.26516648459850112,0.93888021356464602,0.4779975080833187,0.26573937012624887
7885,0.69648460327723294,0.69971417289100357,0.48466303573108943,0.26527470383649387
7886,0.21946749375724467,0.69441867465946128,0.47254291137950882,0.26172445734527572
7887,0.055380650133884053,0.56794391167283764,0.46423885558538069,0.25792423103753553
7888,0.71117491668813171,0.36220865425408122,0.47842306702242837,0.25961445833264635
7889,0.32900799278629711,0.4820074324916932,0.47242046097646656,0.25957662676367177
7890,0.47553940464094052,0.37359479093541165,0.47416604792472905,0.25882690279512521
7891,0.8903738798318781,0.28342324263470947,0.47947580535632411,0.25872590991870908
7892,0.95350239745714938,0.53016612484207148,0.48531235361117669,0.26325819702743541
7893,0.62292472554432465,0.89251210832250083,0.4867185899079276,0.26798544279112674
7894,0.79622384629576703,0.21446435818049361,0.47683657709223559,0.25732689896161071
7895,0.81442335995213366,0.2589173118444742,0.47796685901759506,0.25813361204187069
7896,0.54234101832326265,0.0079606753952451981,0.46892868484849554,0.25329559176506111
7897,0.94805434526869803,0.60715403794205058,0.48681342580272174,0.26462137986342948
7898,0.93889365001794656,0.22680861190009163,0.47893397458079734,0.25781619736082317
7899,0.61866720507323048,0.12269345741315046,0.47235481822341857,0.25535256642336801
7900,0.03266719472334953,0.53157371936453279,0.46270308780362568,0.25711315722540301
7901,0.15855285264913693,0.42861361426309452,0.46619112865415685,0.25728141267178511
7902,0.93938208493151476,0.16705406937397785,0.47772398907661445,0.25675764617572377
7903,0.47275402964571256,0.57651670233717889,0.47773355886705166,0.2620291671125009
7904,0.83521942368153257,0.88415674794459487,0.49043600588177488,0.26889279039845093
7905,0.61682615858520151,0.79839624533340103,0.4849813726748835,0.26651207636598317
7906,0.93323398005444325,0.87781002484847559,0.49183321160315607,0.26918132315702109
7907,0.51038605128311321,0.085575419528188659,0.46973192670069458,0.25442630259519572
7908,0.54087747410828024,0.065549723868712315,0.4699424659497155,0.25420648439297688
7909,0.72006234529271029,0.69968473237574802,0.48509041056415542,0.26538487822082318
7910,0.43719535542234084,0.31353982850004686,0.47224311340967107,0.25768480497623369
7911,0.75778241872974905,0.38677938313026683,0.47964181621065893,0.26018043065234053
7912,0.26713326933808856,0.72441012268649652,0.47462214360216148,0.26266231678836532
7913,0.88196838411957723,0.37298064987120449,0.48116788582144787,0.2602826752919265
7914,0.46013133795427857,0.80615507950942267,0.4815377368362958,0.26559877167085016
7915,0.13244218444837025,0.5078802196069272,0.466459704066367,0.25809767290663871
7916,0.04698090559077682,0.17770946174165,0.45820695038368803,0.25267335204717933
7917,0.96538124049425822,0.82803766175900828,0.491531312392891,0.26861191966861503
7918,0.32727150354724149,0.021141898693621625,0.46465474971837734,0.25269813006072289
7919,0.02667475163495401,0.6842041650636006,0.4646473633863748,0.25903800164901308
7920,0.53960896076146758,0.22642105113390137,0.47283620122191233,0.25677167908552667
7921,0.84565240164502753,0.68733507825295681,0.48694277769969901,0.26569648458338258
7922,0.17341160501862177,0.20214443788210629,0.46318323835958447,0.25426560250784391
7923,0.36612239547601205,0.83882394226792967,0.47957649753575454,0.26533764420006295
7924,0.47506922417680036,0.51934298680521318,0.47676279880882638,0.26113430797459175
7925,0.39332625718273923,0.56114397850247333,0.47550524832272356,0.26125871965015868
7926,0.21591869397516131,0.71650279869305666,0.47277757782457291,0.26200707884511942
7927,0.02733220885785995,0.87468162357507973,0.46746315857014231,0.26158506898906031
7928,0.57382681209327424,0.47904632678277559,0.47814614437447228,0.26101064182922096
7929,0.21643665645063156,0.47525239265678682,0.46890650344356533,0.25852005889784968
7930,0.24644799189834157,0.65794750276251002,0.47285473467023231,0.26147217144477763
7931,0.59392989159441789,0.20507116589086363,0.47345423011985538,0.25662090900898205
7932,0.92061180285202582,0.74442530394572537,0.48922036239197969,0.26698352095009453
7933,0.023903144059854095,0.40640369726970099,0.4605066019342709,0.25534835069164463
7934,0.14920126020900207,0.69316312934517632,0.46997151837470363,0.2608916314544939
7935,0.20201954893182267,0.097378245216433429,0.46245788196318882,0.25303316234212309
7936,0.20955939883348765,0.29637093735696979,0.465828205860432,0.25589873078161335
7937,0.38457069228907348,0.079850875269772956,0.46699625508570536,0.25384328633371284
7938,0.59082833971317161,0.63648519944857118,0.4814151279227607,0.26368250448198954
7939,0.23497070886440344,0.51687630826240638,0.47018139178448698,0.25929760141637281
7940,0.9047123883299647,0.54095018131985562,0.48487026692870944,0.26331220224380275
7941,0.44614997604571982,0.56379204870389088,0.47687403690630742,0.26165869332029523
7942,0.76132560148212369,0.79446161142104532,0.48766407807371775,0.26720334998873252
7943,0.66653420401177133,0.77924107862833192,0.48561786834643189,0.26646864282214822
7944,0.62282191978947965,0.56928637000696036,0.48079353589776325,0.26273206725056725
7945,0.92199996505653259,0.05263991982765729,0.47520420202687297,0.25471688855305452
7946,0.21173048550934764,0.93416604806849501,0.47609105519685146,0.26508114100546998
7947,0.54487667563102449,0.073511454074422375,0.47015953590231463,0.25434539268837719
7948,0.36311069793862993,0.089459461780765567,0.46665979755714093,0.25388664165362534
7949,0.67732347018542938,0.47609641495541438,0.48003299458035209,0.26141247240943621
7950,0.43647564526140925,0.31424801901296018,0.47223914300731773,0.25769203606543251
7951,0.72594036610316259,0.11481687944048317,0.47389220493655415,0.2554816391470931
7952,0.1230954388744547,0.28757606465626745,0.46275006957643139,0.25496592856459949
7953,0.292112587551761,0.5400344824526343,0.47233286133610064,0.26014981219811534
7954,0.57576723793084961,0.15946407825275091,0.47228731181771288,0.25582169710926894
7955,0.16560724840193289,0.62823872885793686,0.46956967801319682,0.26017051870303487
7956,0.41860395104292553,0.88899117621764312,0.48188405443231036,0.26654849586765744
7957,0.062791255346464472,0.16139202156529064,0.45860201361438574,0.25263941248721083
7958,0.61661297127451986,0.66254645696774828,0.48242474485828252,0.26425060254397492
7959,0.096756120383355307,0.3015375825694413,0.46197646120845837,0.25487302488649666
7960,0.06494129392049508,0.16799109219879613,0.45878182658783534,0.25274935982490487
7961,0.32702700575016208,0.34500709670073121,0.47005565335998767,0.25750339433529795
7962,0.19152864117437277,0.15107341072490674,0.46297160119508557,0.2537036075186076
7963,0.26535138362302679,0.26929809065932647,0.46708279089164267,0.25594996804724734
7964,0.066286233272089157,0.3047280608222005,0.46082735763344085,0.25456457015520806
7965,0.26600305021082749,0.77466616289560919,0.47541795119281882,0.26339805193840465
7966,0.26220164168890331,0.34147955866385021,0.46816807793996879,0.25697736528095827
7967,0.11796692303348101,0.097182636377622852,0.45970603163088164,0.25234268523187325
7968,0.72962135640132475,0.18961323603087804,0.47538655544900194,0.25675040389779968
7969,0.46830761744979543,0.69159054452191338,0.47968960055852733,0.26383210029179111
7970,0.098313373249198768,0.24943560767624295,0.4612593934655026,0.25419014302837561
7971,0.32926373720847768,0.3375372577092261,0.46998998225111693,0.2574066908961839
7972,0.83730711688454029,0.51062558226994015,0.48329223528851201,0.26257190308310885
7973,0.22184514318286674,0.079593257669650488,0.46277171564387126,0.25292416217958225
7974,0.20327358240574833,0.1683171187507338,0.46360838870574778,0.2540372441215038
7975,0.22977772672973806,0.23345798439857318,0.46545255978123873,0.25516588863385498
7976,0.74920369151103083,0.77436504453805977,0.48705848060427659,0.26680018487539353
7977,0.19452054476354971,0.65039272701632,0.47096450093078063,0.26081453239708663
7978,0.0013915005290997214,0.57197393724444556,0.46183535133228421,0.25716029261432549
7979,0.532899686229101,0.45286743627780818,0.47682812900120286,0.26038522739250097
7980,0.48736884840972489,0.23579384002197767,0.47195816377028171,0.25670715979659009
7981,0.47836070849330864,0.41629342607242287,0.47499180440730715,0.25951757521115731
7982,0.8219843797618408,0.31816356687260561,0.47924532067442699,0.25917726159267829
7983,0.49029971362230135,0.26565470377624734,0.47255303854405595,0.25719163360270109
7984,0.99888909857174146,0.55322909065572312,0.48637389469978726,0.26379384608222239
7985,0.088043413548509128,0.4185711421093089,0.46338280694884426,0.25634823008377855
7986,0.64985528432900319,0.10841718091297663,0.47260127313154671,0.25520030496660534
7987,0.83481616272892567,0.89356016038308161,0.49054519819447578,0.26899682508913969
7988,0.41674580759928798,0.90223687582659773,0.48202890565159912,0.26670943571055733
7989,0.24880431649322857,0.40024580520450836,0.46872191540891395,0.25772447127980708
7990,0.6723081414000015,0.33139433212297736,0.47718792252708014,0.25896761251539341
7991,0.64556110844096404,0.67391536929094009,0.48320918293475856,0.26458939080588145
7992,0.63051299661643578,0.42670521820957075,0.47825518529042993,0.2603993110357663
7993,0.75540940304169202,0.42392172978407472,0.48032900759757308,0.26080866986838841
7994,0.87646485825312559,0.78605854933039521,0.489396243061339,0.26755518296891823
7995,0.54330126204608242,0.80969620693494804,0.4835944274762759,0.26624197459190735
7996,0.99514472584865299,0.40717090921053894,0.48331075169037052,0.26114898729338076
7997,0.73344572229649641,0.38212011390627593,0.47916724641964548,0.26002419324928522
7998,0.82404309376649332,0.040622264261718374,0.47378754934663642,0.25438940286476946
7999,0.95509369905182395,0.018936589070281479,0.47488838591217619,0.25415448448521477
8000,0.69906722874281702,0.73417713905145654,0.48537313899267426,0.26587238237256022
8001,0.66068520296044886,0.49371866447605428,0.48007206074040953,0.26164059805079221
8002,0.097213188404229017,0.26797687258593506,0.46149379383500932,0.25442709520898232
8003,0.99662348110697929,0.37777822289114121,0.48272163108805893,0.2606224483487205
8004,0.21602118946401169,0.17224117385469145,0.46406171449279077,0.25419039647520764
8005,0.87057305493495662,0.059899117901793218,0.47474607955859988,0.25478367920777478
8006,0.50689590703662257,0.34106721933701778,0.47425514583296002,0.25846518108645239
8007,0.51826299349105687,0.97457224040637958,0.48530675802551865,0.26814913801468082
8008,0.024595424943824766,0.23159884582454107,0.45804473766215192,0.25309746565586611
8009,0.48494664222017164,0.96147781237022723,0.48442205705158586,0.26783066604533162
8010,0.59093453831247755,0.92940836721669184,0.48649313684815154,0.26820498980252971
8011,0.67302781702104264,0.28958704159167831,0.47640487062533676,0.2582713813869606
8012,0.37150733563696264,0.51629323388031911,0.47415769918954526,0.2604115704033792
8013,0.096841315571882303,0.35636845826989738,0.462798747007719,0.25561283654900135
8014,0.12890208210389831,0.42116970596754694,0.46499677561843161,0.25685869902927333
8015,0.39072134458651997,0.70813395489814002,0.47799534739637783,0.2635196667158875
8016,0.68254533027916908,0.95196197740650979,0.48851044066486049,0.26887776227685367
8017,0.75184404733887644,0.56708043160209209,0.48306339545900601,0.26324998783335019
8018,0.9707864864637028,0.017658833736658563,0.47503054789802884,0.25414475175518381
8019,0.029199657449999358,0.85897410083218706,0.46732283857522233,0.26140724497626555
8020,0.045441519321536179,0.55064993630688408,0.46354943894138245,0.25755143825252913
8021,0.33840864664233528,0.77790217588570676,0.47772159820412202,0.26415012945105731
8022,0.60311542437382748,0.62635755679680738,0.48147549064694956,0.26358000174795482
8023,0.70002591437803352,0.90022197304697471,0.4883163982215859,0.26847957841405218
8024,0.90242859658339303,0.59132216689294437,0.48585738182692245,0.26419883494435853
8025,0.082213908238185113,0.2430151938358904,0.46055000701381066,0.25392944301670767
8026,0.37623020572609972,0.065869820303760929,0.46656709033523364,0.25359470704313125
8027,0.54555468172385591,0.8644131749027526,0.48462796328734814,0.26713157342921018
8028,0.010646256126428489,0.71010280903984102,0.46426075707987136,0.25911674661663586
8029,0.68733664345300061,0.34804644676403845,0.47775802888097907,0.259297100255997
8030,0.053977533430873879,0.37529071707151601,0.46135293440506747,0.25534466906872116
8031,0.78095843938639153,0.20953409395610217,0.47652427511989537,0.25720851093718056
8032,0.94999305559477076,0.85040087746352655,0.49168525123167084,0.26888984057496534
8033,0.7566183503368753,0.97703027196443881,0.49000779734342087,0.26938147805515406
8034,0.067081532424257614,0.13311284256492509,0.45835973807693742,0.25231629529675959
8035,0.68051696799247297,0.29529436763512207,0.47663783879342919,0.25839050660806023
8036,0.68303781305636513,0.54301309650068874,0.48141366992324947,0.26256276487817481
8037,0.058469960151484701,0.83925366755478326,0.46840401139592852,0.2616282226253982
8038,0.038800938317796685,0.85580683060408336,0.46773474939156029,0.26152830368984381
8039,0.95292158852935549,0.62224570234400456,0.48718810923900879,0.26490645925475231
8040,0.56847841659135889,0.063097371619928164,0.47039282849604031,0.25424781874989866
8041,0.012234728585311678,0.23596202456933679,0.45757280034199693,0.25299383775452117
8042,0.89021796035080913,0.013059654219646473,0.47404299697367358,0.25399100856774565
8043,0.57511332772861934,0.18296248256420949,0.4727072301097125,0.25619942576885485
8044,0.33134468089729785,0.99242821050410868,0.48059579888634596,0.26687957859887845
8045,0.74976231861015552,0.35707372123358078,0.47893831744903442,0.2596482541472625
8046,0.45786651312893956,0.5778860001212569,0.47740610431248304,0.26195680405702626
8047,0.80122154683008562,0.48371990506806178,0.48221492787751047,0.26198786973841465
8048,0.77003294638973896,0.95799138165105835,0.49010063195937975,0.26930812890277861
8049,0.97507240075691382,0.76435120979653448,0.4904029076328299,0.26753187363253461
8050,0.85730783895504437,0.66945475293447965,0.48676497921758988,0.2654256979506327
8051,0.97921814138564522,0.31218706263188506,0.48116245799062557,0.25940999981350227
8052,0.05296068318464095,0.91782956542010663,0.46932193318008614,0.26260486658560023
8053,0.40308993861371423,0.35605137607689252,0.4721847663347839,0.2581533509794175
8054,0.24921291375557195,0.32946414849512512,0.46758489050910335,0.25670009430544555
8055,0.34610441807479364,0.47823876868948573,0.47282597217723565,0.25964698096022765
8056,0.15837144111107337,0.42255198356894547,0.46609043302333947,0.25719476243126616
8057,0.89319138664776687,0.87146049461954977,0.49116457947012232,0.26896380470025316
8058,0.14279459195201052,0.88051193065262634,0.47265113330346026,0.26345690714386605
8059,0.64000254556353908,0.8181440819242155,0.48582895131341974,0.2669759554234859
8060,0.86573871679307202,0.47630717435010012,0.48301910135133624,0.26205660907696654
8061,0.20401568538659487,0.23882747909963364,0.46474196827426495,0.25503692071720618
8062,0.99562604437690461,0.04593954532343196,0.47587160566249759,0.25466818201217539
8063,0.67092504036935285,0.70022361305510861,0.4841955342180479,0.26515873279576008
8064,0.91023414113878975,0.07346058716947447,0.47548879164279001,0.25506920722890314
8065,0.88020452218792644,0.068129447229334616,0.47502663193574118,0.25493912396123919
8066,0.55933099895335037,0.3727852021529689,0.47589792215571269,0.25921353682436898
8067,0.44894575970357986,0.377193222340371,0.47363346163807474,0.2587420634448484
8068,0.60845365875355206,0.41815597657690523,0.47768509054849795,0.26016655293503499
8069,0.39358429353485119,0.054928277195652485,0.46677519188811961,0.25350692463995406
8070,0.33695992868923352,0.11070943925176981,0.46638331299126407,0.25407037613675071
8071,0.16598963765873342,0.0035021051498944872,0.45989192907421184,0.25147105466926456
8072,0.72642272490834592,0.65579692558146785,0.48435371935128069,0.26466410968387172
8073,0.20579528208401754,0.83075912126066398,0.47426436433153035,0.26355276053145721
8074,0.18150695780540121,0.78704155029280809,0.4726726653339457,0.26262696341406966
8075,0.33271589175575644,0.85811712766702997,0.47892065046910476,0.26532328781140024
8076,0.94669775952507051,0.45658513344273671,0.48371880857851729,0.26192431550918588
8077,0.90792072289405623,0.35938087122550932,0.48123756049722632,0.26010389009597285
8078,0.017276025657646823,0.32871925535249757,0.45910497550693058,0.25425075501809563
8079,0.52304185537340819,0.39486539225409512,0.47556614525131247,0.25940294160276212
8080,0.56715770194703952,0.61915591599821351,0.48060245164554172,0.26326942871759762
8081,0.87499506747900746,0.039113294209924064,0.47438452716971852,0.25442778115279407
8082,0.88845913307428137,0.55666774981132472,0.48495879370155714,0.26354141340215814
8083,0.369983038797637,0.77743673851828798,0.47862538410408695,0.26442246224232663
8084,0.70556663407013986,0.35007673722399635,0.47809815768538128,0.25939131124693032
8085,0.14374946312721587,0.29922365412119545,0.46366864092358551,0.25533441237524784
8086,0.080265965430147496,0.048370232919335836,0.45762987503215685,0.25134235921924009
8087,0.59325238469172037,0.27388234794215532,0.47471669327771959,0.25774029455831371
8088,0.51601892189848009,0.052864533721411137,0.46925321544744936,0.25392871313528842
8089,0.44069009547269672,0.12888952521508329,0.46908465340393707,0.25483825726726217
8090,0.29483983915153661,0.072058593297761403,0.46467271047719189,0.25327156787634486
8091,0.49434407963393023,0.70738609295032218,0.48059639713103847,0.26426053817085032
8092,0.74268209546419095,0.98080972149564183,0.48979466440946984,0.26934751423437009
8093,0.83538640012951804,0.58052175696311747,0.48465570878088421,0.26378770264786905
8094,0.35208788121255352,0.656712819582841,0.4760416549957886,0.26241432084570543
8095,0.66314819923710311,0.21759927852092079,0.47487586255474334,0.25704233819431233
8096,0.10963070008478826,0.62114651959206679,0.46730590332315081,0.25938410835787212
8097,0.33234824918223316,0.13119808692716761,0.46661053076220088,0.25434938610782415
8098,0.7438164426708711,0.97466489774865328,0.48977410892492357,0.26931331749569815
8099,0.23197128193395913,0.87058141745218309,0.47584354763149989,0.26444384227547901
8100,0.29403539603106915,0.3893885931094061,0.46988258655754944,0.2579268028544433
8101,0.27601458912453386,0.28081237538288112,0.46757708285958888,0.25619541909918081
8102,0.63211408601057484,0.75622580942666395,0.48449988394933075,0.26589536758987736
8103,0.61969846615559654,0.032365264720038978,0.47069401439668873,0.25388251326941746
8104,0.13254271185918479,0.18722204874331366,0.46156907884366949,0.25369314252554281
8105,0.19714314285659931,0.075673781817650887,0.4619704084173733,0.2526946351540032
8106,0.42750421697447316,0.76677306203107587,0.48000061708924058,0.26472573465485461
8107,0.44306841557907173,0.2497231220583315,0.47125374479788223,0.25672162920741215
8108,0.047459836162265859,0.51816440609717973,0.46316232638170746,0.25714873752849465
8109,0.4801390094942064,0.37792551992313239,0.4743444965013619,0.2589191481572109
8110,0.60152022959691243,0.60075762695079904,0.48096469326714275,0.26314841477660045
8111,0.90034512416835644,0.21953452375862981,0.47831474954327152,0.25762114630617428
8112,0.8582611410690123,0.34447109818599425,0.48027375364125641,0.2597247405594641
8113,0.36841708275395213,0.27249216534014559,0.46989650742543004,0.25667278760629791
8114,0.31407842043986312,0.93945326347333613,0.47956318753720251,0.26623978690117911
8115,0.46101436239910548,0.55456024423452321,0.47706493661826394,0.26160740336897731
8116,0.43446060283674159,0.80367883933213313,0.48083507333138481,0.26536232484073186
8117,0.17280657399914925,0.84058201890765927,0.47319680942246195,0.26328673175650413
8118,0.39984562399467688,0.17176987017184731,0.46892107317496351,0.25531000583749469
8119,0.66326902222478534,0.20835930428624852,0.47470303411954151,0.25688924171111482
8120,0.98317513653064392,0.37056804950108058,0.48241121293375477,0.26046548252695195
8121,0.28311563449112004,0.91961938737585447,0.47833333410836865,0.26569803173835871
8122,0.42382610642019425,0.89005634176753234,0.48203909166348741,0.26660507274364342
8123,0.24018807646442439,0.17670880541539519,0.46485428210381219,0.25443195382242778
8124,0.77937733705976286,0.88547630714570413,0.48953698236110504,0.26867646339001461
8125,0.9104000375083765,0.22892324297983435,0.47862940409896876,0.25780444428823418
8126,0.07547170179897221,0.73063852883576186,0.46753515866706424,0.26041234033486826
8127,0.28189834221588683,0.22050786771447164,0.46675450247639055,0.25535535919924995
8128,0.78794996626429492,0.42612800222338415,0.48087725703598422,0.26094991260590666
8129,0.060739569678914272,0.45927907347833974,0.46286739981423497,0.25654712694033455
8130,0.060930046656343627,0.02210736819136655,0.45652607754290736,0.25081073876722437
8131,0.27175228661153233,0.36923891001335579,0.46890423582759877,0.2574580576004904
8132,0.81002105576141048,0.032007976732135283,0.47343930278141305,0.25422246374485541
8133,0.38767130475131567,0.95275662515513837,0.48184614772814516,0.26702849127740569
8134,0.81683867196048388,0.47156876975077905,0.48221098175656618,0.2618266931621494
8135,0.17498387582019206,0.35229598097713899,0.46557284027536766,0.25637658580893452
8136,0.72735962150610289,0.28094401626869808,0.47711414093251997,0.25828873904115052
8137,0.97025234069422595,0.18999086178826402,0.4785494666061037,0.25720982629380884
8138,0.98052332702873979,0.95493300773639933,0.4932142345442051,0.27001261887170919
8139,0.7312789733315237,0.17909227357899071,0.47520853528477736,0.25657671627898132
8140,0.69404797932250661,0.83217094327359231,0.48715610448569852,0.26750744775462282
8141,0.85628200504655261,0.66571740244968103,0.48667455184705372,0.26535620749503752
8142,0.25953925208199069,0.14590106184523319,0.46491488628081418,0.25412344701649009
8143,0.51086781998152153,0.13834694354807725,0.47068704015297763,0.25526157186588533
8144,0.4362234336966998,0.11693364910428646,0.46878019922271885,0.25463498734339196
8145,0.30583251393997346,0.14364202665711054,0.46613670010114361,0.25438154716646416
8146,0.2821878571212641,0.39662578201164722,0.46966058232488417,0.25794247402344578
8147,0.15793052410726668,0.89484461310877239,0.47347927194468115,0.26386755191968869
8148,0.92126186915222785,0.34582578953952764,0.48113510828354927,0.25989351954085094
8149,0.2901515725025558,0.14891718413314084,0.4658069330194603,0.25436368085479499
8150,0.5231298500659759,0.77702782075545984,0.48253356156171101,0.26557650440634006
8151,0.92872010998310295,0.13354027877365007,0.47691876401149008,0.25615008104177572
8152,0.32509533533888169,0.17028058896329021,0.4670784850090971,0.25488776703137711
8153,0.76931931690397903,0.97150893648500791,0.49018487129975846,0.26939784526246241
8154,0.26422598276407228,0.22848570980866209,0.46638613275033503,0.25534911709390262
8155,0.052196081509918446,0.049233007610880307,0.45657735779348457,0.25107100027369339
8156,0.42522205088307385,0.37890133447867119,0.47311244538407138,0.25863571011148828
8157,0.91979868957762378,0.90907509061862946,0.49199620742283201,0.26946244484332077
8158,0.19068745461275102,0.17667098637408343,0.46334454999976182,0.25405458782357115
8159,0.48064617864388276,0.28808280088190225,0.4727500981633882,0.25750166195149793
8160,0.77968472154225466,0.14642209075550783,0.47527280584111692,0.25612710978098319
8161,0.82491572700693516,0.14514243382260902,0.47586105803170436,0.25619034505021998
8162,0.49510989707520936,0.023572400618845132,0.46833377295735523,0.25340246991359017
8163,0.97912957467170203,0.96169742177260342,0.49324214070281264,0.27005341016909701
8164,0.13737872404864757,0.68617085330736594,0.46940558678544875,0.26064482865181576
8165,0.065834104763565118,0.10753708169687307,0.45794172978724484,0.25196923667728233
8166,0.19211135468323484,0.40584035158705667,0.46699320583834059,0.25729600641971434
8167,0.90373449533769168,0.35342856697473907,0.48106245647240864,0.25998912495794357
8168,0.55419992014680763,0.41802763428905748,0.47662710602575581,0.25992432929816661
8169,0.64406639814517697,0.31405960339711747,0.47637504751065324,0.25858234149310427
8170,0.43282597926453453,0.96283870932409787,0.48314173021897328,0.26747180695789646
8171,0.024000820723024664,0.27604302371632078,0.45865016271187264,0.25366174585636503
8172,0.35250366448262943,0.63714719500407813,0.47571788562287143,0.26211823910539372
8173,0.048134204492962455,0.11190822677750839,0.45731167604974188,0.25183515570870746
8174,0.29468146320035449,0.50487542081425196,0.47182272722604784,0.25964749904197509
8175,0.51868112209631367,0.18255261902044295,0.47163479081067494,0.25599154040491279
8176,0.54073838326242996,0.71710536586522367,0.48183623831189737,0.26471533141948217
8177,0.54391862893422371,0.59045370549644582,0.47958047108760349,0.26267260180990487
8178,0.49815265338044851,0.60170097792086896,0.47877359736989045,0.26258786618381647
8179,0.50322580748713808,0.15435081467068523,0.47082365351539607,0.25548617410389346
8180,0.45739084763658466,0.50770554086811615,0.47614476868311462,0.26084412198367335
8181,0.9401151367795072,0.51262756147388144,0.48477666324396623,0.26290829522452042
8182,0.13202290775525616,0.44136965254029492,0.46542238053883456,0.25717216034461476
8183,0.008717545992566739,0.15394091080165237,0.4562715268342053,0.25190667560519259
8184,0.67028076855669494,0.73604297968003674,0.48486666859326844,0.26575964595319013
8185,0.33224152002056362,0.59334537154802824,0.47439852344895078,0.26128601147005415
8186,0.68090668062804038,0.84069473577033493,0.48705861391898653,0.26757498074201369
8187,0.34208955287848369,0.72916877780027001,0.47699648800390559,0.26343791830174673
8188,0.88601875628632265,0.34810799942229642,0.48072143976603621,0.25985455583999706
8189,0.73633465828386835,0.93587579234755836,0.48934278933450531,0.26899348591805106
8190,0.30553127170529915,0.31499845862471265,0.46896873315522219,0.25690805777606363
8191,0.83574991062657211,0.23335438037031564,0.4777530976593814,0.2577376988294342
8192,0.77838509539078227,0.13217399447056233,0.47497664096016129,0.25588146927772343
8193,0.77771523316487445,0.71266252566074251,0.48634469522226165,0.26586404400813096
8194,0.43184671001463432,0.84863893318938788,0.48156269960717324,0.26605207596084224
8195,0.33147771980535473,0.23255959253738401,0.4682845415246823,0.25585174931707388
8196,0.6792560760893277,0.34718731924389723,0.47760605315321414,0.25925546607497785
8197,0.24104529601609104,0.54624851693954557,0.47085454037366653,0.25978291480758742
8198,0.74029107967080787,0.71422719869249274,0.48573122435720062,0.26572615046659032
8199,0.79087660985986008,0.24768887595058187,0.47741343696626226,0.25788551237183494
8200,0.79637821108753559,0.94949483290315839,0.49047139771180925,0.26935249552334994
8201,0.075315400116879039,0.27079137401500486,0.46068942769016663,0.25422062427609482
8202,0.33972673323991476,0.048999089623859619,0.46542083899922243,0.25317008950628006
8203,0.3363369692916866,0.51199996210824461,0.47313223124779713,0.26008568814559341
8204,0.7974342521317187,0.43933255323773485,0.48128140338451836,0.26120736203125988
8205,0.020275715586158916,0.063148637577740016,0.45549309834836899,0.25089801617699647
8206,0.42792182584638944,0.099094798583991367,0.46829104487842776,0.25432577240854137
8207,0.14858963293164271,0.062914660444029144,0.46023300258940825,0.25214449439680253
8208,0.45038474585596705,0.82637229870607842,0.48165042928140345,0.26584604999054695
8209,0.10664328169127693,0.72340315063734306,0.46874628882508224,0.2607572729483239
8210,0.35460252766619671,0.98870215671235928,0.48124135251070688,0.2670543550305608
8211,0.6928715833870811,0.7960670479976456,0.48644570278021021,0.26689210385993811
8212,0.35965905025707329,0.11385425789869624,0.46698945237369371,0.25423480779998475
8213,0.66101078245366229,0.73776075844516742,0.48472082014802287,0.26574068840398674
8214,0.91157826609575432,0.7841961387598072,0.48989236496810518,0.26765854657180871
8215,0.55245514727461853,0.0049899866829277014,0.46905438830584428,0.25327548267422056
8216,0.50871187471974411,0.18752707104490837,0.47152756692238035,0.25603209948455141
8217,0.76404910047083396,0.43629011900309711,0.48070666063870815,0.26104886023819229
8218,0.17428356545170537,0.54350047406217783,0.46854978013410559,0.25906666962850688
8219,0.49532483180476122,0.63215309714517787,0.47925928820402741,0.26305896403569201
8220,0.76003916124481474,0.099776738087960989,0.47409072266423541,0.25529561498678482
8221,0.10104396143882768,0.063270141760248227,0.45860389899898779,0.25173534888330185
8222,0.44232719876266785,0.38089251054577766,0.47354681345705985,0.25876346254603605
8223,0.045558072880224794,0.42146566767167537,0.46166889546642403,0.2558431948927738
8224,0.45180088425761789,0.30386114829097643,0.47240168290168677,0.25760913609659997
8225,0.019148255566263109,0.9231561247163802,0.46777206879095967,0.26208767323533805
8226,0.95573382732566681,0.44766691194406016,0.48365275564999649,0.26178693848431478
8227,0.57777842447065053,0.5015051648150548,0.47864126601048301,0.26139715696899163
8228,0.57614803777750356,0.21017378525194944,0.47322655823681548,0.25664339037133843
8229,0.52277494096745514,0.82681347083932499,0.48343413225803156,0.26638227131331949
8230,0.39111912271036997,0.86386917777823979,0.48071984807109891,0.26594693433634009
8231,0.96131837159270661,0.58878168515675933,0.48661629554435143,0.26433102893718785
8232,0.26723720053228317,0.96997321858581864,0.47840791989696879,0.26607823503904654
8233,0.77986707830544333,0.93982468723385837,0.49012023246524494,0.26921081363546878
8234,0.13686165310746293,0.075314720742648944,0.46002873044321457,0.25221470120207529
8235,0.91598937241957756,0.2414948965933989,0.47895302156228559,0.2580363746250261
8236,0.63787709512162261,0.89818624443361772,0.48709632817338533,0.26813692798728728
8237,0.18201709758312209,0.078454839331971019,0.46154560484074009,0.25262076601563821
8238,0.42999995688834458,0.11034636484017829,0.46853140081248695,0.25450732770462803
8239,0.85050509608093416,0.83412872179009723,0.48991751715898801,0.26827038548379123
8240,0.45931745497394588,0.68504169618155575,0.47935321177130352,0.26366591715577969
8241,0.17913437136338325,0.19221457308671672,0.46321600275790281,0.25417619432285543
8242,0.20591232462703482,0.70962139483602948,0.47231642510810024,0.26179601236714239
8243,0.92185673913630894,0.90790088675279412,0.49201403307950081,0.26945849892283086
8244,0.79320806979982883,0.64318005380901744,0.48523448243918521,0.26472397635188638
8245,0.75850763157253398,0.31885440061384579,0.47832859380980186,0.25902114075764815
8246,0.92462539692112489,0.40767047194169137,0.48243501476641287,0.26099904171304605
8247,0.64975480858035162,0.71408188903996495,0.48405218032268721,0.26528421836818966
8248,0.94307176975508922,0.91131646992511817,0.49234647761142297,0.26955860426238965
8249,0.13763308606139618,0.88515590846283598,0.47251510967245902,0.26345088524004689
8250,0.99326766155838275,0.59341042296047097,0.48713128546953782,0.26450462607328784
8251,0.21519105382967973,0.56604979109734999,0.47032484592881102,0.25981764882882863
8252,0.07375197472901783,0.11617708414002556,0.45836998799000106,0.25216478646959412
8253,0.046093976069253403,0.86714150591477523,0.46824618909125315,0.26180333079265344
8254,0.89088411139879609,0.33658491976716326,0.48055369597870973,0.25966280351656673
8255,0.11159361014716561,0.10573904477657052,0.45960837424673051,0.252398537641434
8256,0.69823780059361606,0.73004715673112086,0.48527838145983487,0.26579816598732625
8257,0.19318020657099552,0.20701011767381572,0.46389827070835443,0.25449983072249177
8258,0.28142903474177006,0.44534371870843464,0.47044354085096113,0.25865560458143994
8259,0.38355551010175842,0.051478376324905553,0.46649028334613007,0.25341114494676109
8260,0.37908787912571568,0.13229320519341856,0.46776276062318684,0.25460889736911951
8261,0.83835210843259711,0.55315191260162977,0.48415525196735321,0.26331894986692106
8262,0.7560673297159024,0.084891831979679408,0.47374668209018295,0.25503608719184928
8263,0.7478292045355891,0.370701009280968,0.47917321782071987,0.25987491599998525
8264,0.41449078649427978,0.81991921942689228,0.48059304142307474,0.2654581975653581
8265,0.098962682839960334,0.99414607570731328,0.47235375734549545,0.26422382562160751
8266,0.44244682635260979,0.31181708247583595,0.47233203970263182,0.25768542547459966
8267,0.87763469053340382,0.49583585942272329,0.48357998560631327,0.26243491727274371
8268,0.60998823349849551,0.87253974262761191,0.48616414035684336,0.26765139116618486
8269,0.95028083459216872,0.54317962693279842,0.48553586374417379,0.26348238525443279
8270,0.49307203066119698,0.83046491473446371,0.48279119001912157,0.26623135254523783
8271,0.78559351173798797,0.1327146322112647,0.47508678603526661,0.25590451715974999
8272,0.25457644151340936,0.45593454588184834,0.46980726340359452,0.25858593297749038
8273,0.010709680061053951,0.4570392002912122,0.46063439512374615,0.25581475950977522
8274,0.82788057828700412,0.27610143913555657,0.47849390382440549,0.25846194869688233
8275,0.49486370689185571,0.26978536281719573,0.47272215507279708,0.25727735747061997
8276,0.55191405245553471,0.17406143277076772,0.47211668041246502,0.25597676660686391
8277,0.37783598408176333,0.82945395774972863,0.47974869985181029,0.26529648794532257
8278,0.074624548239458813,0.34985707699615742,0.46182605551099631,0.25526413221184929
8279,0.24734024736167631,0.65757941822145372,0.47287791645980065,0.26147571201124031
8280,0.92286831409939341,0.61008968351407677,0.48652581426567854,0.26459666692607769
8281,0.53005457255014921,0.78365535666960062,0.48281426412081124,0.26573011937126528
8282,0.89933975253690734,0.54821552469363666,0.48494207007393209,0.2634249802115779
8283,0.94529801391541257,0.99807749150575842,0.49299999560990998,0.27016407119694219
8284,0.47719500367742734,0.7650071884924895,0.4812237837952742,0.26506660013065908
8285,0.34690954760065074,0.63014415571031857,0.47544098715116262,0.26196571303322319
8286,0.96275564856961138,0.34559282924962464,0.48164968682682868,0.25997637810031976
8287,0.8738110411275295,0.42501047680423365,0.48210260013574596,0.26117720537202493
8288,0.61484959235769931,0.822258218553511,0.48538827916178101,0.26689779177957301
8289,0.74548514397636756,0.78858228039884715,0.48726910792913392,0.26702693149312151
8290,0.67626869822443703,0.76407385849734999,0.48551654650901299,0.26626387204328061
8291,0.054534230340400246,0.59862495526421122,0.46465454079867369,0.25832266251015967
8292,0.026320267740159761,0.15761626281208593,0.45707083837970808,0.25217044385129134
8293,0.34153428564284699,0.52867944405359457,0.4735597183835431,0.26037836974840417
8294,0.99744904648639499,0.065296402048913293,0.47628858777365951,0.25501539195148992
8295,0.051015181673888584,0.53446391944865457,0.46355623564881676,0.25741561935727741
8296,0.012404111979913434,0.57792643944068123,0.46244203550318086,0.25741309083404268
8297,0.90640689005671315,0.43537649150843499,0.48275610883341846,0.26144545452474882
8298,0.7260222768496607,0.31168154900808587,0.47768677477268395,0.25880546956235695
8299,0.52741825802925746,0.34746127151983097,0.47479484421654178,0.2586623261996408
8300,0.058544395178498236,0.12646282593117794,0.45793140934905741,0.25213771992976719
8301,0.71848650249746859,0.42105038109855963,0.47967734785741861,0.26063559387105478
8302,0.41834228093487907,0.30636153275034156,0.47168255392832459,0.25747264138796178
8303,0.53765864250891615,0.4831096400632407,0.47748039123180525,0.26089802837978077
8304,0.24469058335731969,0.15853015592276351,0.46469399046969323,0.25420363247425443
8305,0.19010963410554688,0.96499633254854711,0.47567416796818723,0.26516284523689143
8306,0.32718697782194939,0.63521999738168666,0.47496411563346475,0.26187886084321327
8307,0.80212891075009252,0.32699104776157767,0.479135626940286,0.25927926113696054
8308,0.74295811330782013,0.83716344011680932,0.48815305828556599,0.26783685058484885
8309,0.15496728727916489,0.43196569320581618,0.46611523970174262,0.25729061654395563
8310,0.60955219017491913,0.15826027498912298,0.47286065923314946,0.25590713253507058
8311,0.85155725147175843,0.81233112909953342,0.48952717344523261,0.2679142318830241
8312,0.23536217341272858,0.10799301479352871,0.46361618967664975,0.25341847715113597
8313,0.86773099082343985,0.33225069386943945,0.48015780525724189,0.25953335284975071
8314,0.92655342850632738,0.31285127935566709,0.48053241622924175,0.25931982617233096
8315,0.0066062230310752054,0.98109071509918444,0.46792698684987361,0.26257711039562964
8316,0.30819326369784544,0.13904402283144882,0.46612253423975264,0.25432794994236835
8317,0.65795804215172538,0.71883730922326217,0.48430180822031549,0.26540653570015732
8318,0.79431392205798768,0.31805712887101106,0.47884604198959391,0.2591046812149907
8319,0.83983359868865226,0.090663278152409474,0.47497639293825727,0.25527420426276215
8320,0.16641198912960245,0.26826224376891045,0.46397447125107422,0.25512225159771112
8321,0.058094035680999516,0.063649907441309189,0.45701197113446146,0.25131850080294488
8322,0.76599379541008972,0.71067112720092995,0.48610693707474645,0.26577906547821645
8323,0.66188063022830756,0.068362452210125046,0.47203886779842114,0.25456855386898064
8324,0.34763457071030279,0.61279576381804657,0.47516467428828379,0.26170675574781044
8325,0.40273718344467929,0.13924236080109842,0.46842717147300744,0.25482791943515637
8326,0.32628272426767513,0.39333408692198574,0.47084883123203009,0.25822262548883268
8327,0.89699112363326128,0.64629389131428905,0.48689032020539175,0.26515614691873068
8328,0.57085894439198315,0.10438459279680393,0.47118956335855872,0.25491820556544148
8329,0.95808359424773382,0.90033382522949257,0.49244336008259543,0.26950321289024987
8330,0.052532551089080518,0.33343932105308632,0.46068326207803301,0.25477466096703311
8331,0.25141009792309488,0.19718581504373581,0.4655103296581608,0.25480589551007066
8332,0.33342669666184815,0.55403607825251533,0.47376458261366289,0.26069969563096124
8333,0.57395236645346748,0.86398027791512433,0.48525551742471879,0.26730899726824914
8334,0.72952213751658568,0.68337620983725644,0.48494273743618488,0.26514924826900266
8335,0.88722337262443041,0.76640725426819412,0.48916649377124827,0.2672496282020117
8336,0.75728638837750772,0.34253889427656542,0.47877154485154466,0.25942233419611316
8337,0.65961678013083302,0.23231416580280057,0.47509581481261282,0.25727624631415258
8338,0.83288457586456799,0.66322382008327407,0.48626339823555081,0.26522565624915534
8339,0.94687837726256119,0.70300568296987342,0.48875415047907295,0.26633450073146903
8340,0.54217296980585672,0.25715705136928013,0.47344539980814881,0.25727494460963313
8341,0.19102174566552277,0.23787512977881126,0.46431275604319833,0.25491498128649537
8342,0.14361897240442922,0.073396873126493303,0.46022663945047493,0.25224571036895088
8343,0.27012187715886393,0.50432202600125453,0.47107817736101743,0.25943131719676438
8344,0.83165717583185761,0.98705541552602094,0.49128509766250761,0.26973091176688785
8345,0.79509477547114948,0.75710283423060321,0.4875104137198969,0.26670941345981763
8346,0.76525817075873492,0.443887490021938,0.48087422058587187,0.26118323309688907
8347,0.44729531307333387,0.83630713822831171,0.48174775624099753,0.265979791579946
8348,0.31264508553460474,0.53071497637279108,0.47277846311052418,0.26018113147399374
8349,0.55743268909842014,0.4411725918217213,0.47711779972749607,0.26031533313088073
8350,0.90233326164047467,0.76556859870081539,0.4893777497891052,0.26729236030769632
8351,0.095748470382567036,0.12466937623581617,0.4593162737685999,0.25249893516874722
8352,0.88259531854722884,0.76788353541485266,0.48912555662545865,0.2672578613246277
8353,0.15037286948623368,0.76453356026076946,0.47113387954591174,0.26191518461113333
8354,0.47591289654044672,0.28447456856955544,0.4725846068339371,0.2574225670816957
8355,0.37874238027125834,0.56209139263260877,0.4751395941852819,0.26116808134862113
8356,0.32219276608192599,0.94397014469093421,0.47986411906742976,0.26636615711598161
8357,0.29454064055847706,0.5242676931753173,0.47214196960165611,0.25993530822923772
8358,0.71769366954019065,0.045434934874472678,0.47244201202419644,0.2543015142104964
8359,0.53866926993835962,0.690491741643392,0.4813018916681695,0.26426929339455624
8360,0.097166347037104431,0.31007371987226656,0.46211950355441045,0.25499244454532338
8361,0.44169996537944539,0.060605311369907579,0.46791484401907402,0.25378976332077124
8362,0.054421763070311865,0.36957707352727887,0.46128816282383955,0.25527492090793474
8363,0.7451403115603491,0.59068252373881402,0.4834111313413571,0.26362840163187545
8364,0.99920849698655079,0.18094217885151739,0.47868892432049387,0.25708769975982548
8365,0.58753598216857061,0.67341749107645588,0.48203532045164127,0.26427370354704005
8366,0.76277227639312628,0.36568604335355342,0.47930735461420809,0.25983448888397931
8367,0.87428223611769507,0.083402605392260007,0.47526031289434978,0.2551973939579677
8368,0.76458085294923517,0.26687989076745,0.47740647307073597,0.25814963929770124
8369,0.80724886679638874,0.11631997358562658,0.47505866068843727,0.2556632039543757
8370,0.088590186991041986,0.12188739912173478,0.45901112759951423,0.25239103267705254
8371,0.48228262602252653,0.52566326972796817,0.47704124348185262,0.2612773912771908
8372,0.088670479793369311,0.67944973887408855,0.4673287289569597,0.25990271144654398
8373,0.52379827234841658,0.69604494602124911,0.48107040527196232,0.26426757985728527
8374,0.82472177331909768,0.48140625932320258,0.48252391753292301,0.26202248720973581
8375,0.46622760146592046,0.97071997374455676,0.48404689354430047,0.26777610075618374
8376,0.74345495253930571,0.74316963566342609,0.48634973169683354,0.26623730940508938
8377,0.46406190804274522,0.27227979131633184,0.47211237790407468,0.25717482430948502
8378,0.87341298786570554,0.088309724539273882,0.47534775121752632,0.25528164885783294
8379,0.22253276984231779,0.38477351685048783,0.46765136383778444,0.25727446188120739
8380,0.45832901002167498,0.48479769153158414,0.47575897171281006,0.26048805288294563
8381,0.22037163103482454,0.70359801582359938,0.4727226992527937,0.26186792341521969
8382,0.57940045187502398,0.43792405493933473,0.47749498812194807,0.26036414590549217
8383,0.32442756298003955,0.96408485147553735,0.48014189110396638,0.26658260016223195
8384,0.98307100232223754,0.59974724450543293,0.4871291013075148,0.26459041287735613
8385,0.11551476079140557,0.87390089868729703,0.47142755972275685,0.26297725931507043
8386,0.77407425684420161,0.11528798833860783,0.47458768897887038,0.2555855256159385
8387,0.31551649018001043,0.5627236415427993,0.47340026453544126,0.2606859113322576
8388,0.60161196039692733,0.61864207895294532,0.48130093130742013,0.2634445755025015
8389,0.76635846724571899,0.59805345384870889,0.48390881820729098,0.26383891057354525
8390,0.29899039045177633,0.62591191737713525,0.47397428328286134,0.26149348241356052
8391,0.53506909223491095,0.18639449462381891,0.47202193862411557,0.25611399341699159
8392,0.063853335322078791,0.97539262152787998,0.47060450232840706,0.26349811432936199
8393,0.4463104293648969,0.85262406878065089,0.48201190659138859,0.26623051663171149
8394,0.84823884035506059,0.32930858104041549,0.47983320196697254,0.25943553478225756
8395,0.26370246779498413,0.50824198673021748,0.47094596727158777,0.25943291445456884
8396,0.1989532953418908,0.65584396363320996,0.47120808683153176,0.2609419450987443
8397,0.3973074413547642,0.022482680240494667,0.46630389174306519,0.25303231480109029
8398,0.97301690396805074,0.48091902925564212,0.48455526580653763,0.26242526052731502
8399,0.10378481555931503,0.825415871502168,0.47018790619752709,0.26213102753257894
8400,0.66873078371189776,0.61563463774217531,0.48254073141578163,0.26372306534912615
8401,0.15927379350104601,0.4629599143939675,0.4667514964018844,0.25776992229525675
8402,0.28460094165512129,0.58222665186320666,0.4728093982786461,0.2607128697327652
8403,0.91165905837778705,0.85218387037202492,0.4911570719822595,0.26877741610737726
8404,0.75265099193550422,0.88446254823921489,0.48906503999540657,0.26854663675143581
8405,0.2783462581948028,0.91412426066716435,0.47810166514934493,0.26557837602092826
8406,0.99571073878669414,0.29126162833088309,0.48092494005979158,0.25906365410060117
8407,0.14149226072459717,0.11684367433906301,0.46081226441202733,0.25281739882063442
8408,0.65050038165122981,0.025900427291879899,0.47106412653294749,0.25384515561513815
8409,0.93468602394167111,0.24718775222842815,0.47929785153340843,0.25817050388302504
8410,0.59188512955395267,0.17180449621920707,0.47280269358291238,0.25607325677598713
8411,0.79266050989121439,0.68813864592538454,0.48611139047293106,0.26550174890141054
8412,0.65094676480648339,0.26942680071309444,0.47565128274056223,0.25786513513982995
8413,0.34269623684418621,0.94631782472332715,0.48050089099408644,0.26657843972671613
8414,0.16214706934286516,0.3911294703453197,0.46573508332245261,0.25679421721641543
8415,0.4835798620634596,0.92541822320575595,0.48402667720777015,0.26748356908817189
8416,0.20308341902795946,0.061325558431155516,0.46192689432742834,0.25253725838860502
8417,0.57037803218947958,0.038723658629052811,0.46998123419747106,0.25386204651476596
8418,0.68847640662995402,0.911149088661524,0.48822828528046419,0.26853953573294342
8419,0.58872784958312985,0.65023890345067481,0.48162825085131333,0.26389800794046914
8420,0.18109283015133115,0.77842252495865116,0.47251998840966458,0.26249807605110093
8421,0.58738507229568204,0.4720200028543477,0.47828439471102885,0.2609592647565625
8422,0.24552232421276859,0.48698842396173864,0.4700317579071554,0.25895944363428752
8423,0.061371220276120589,0.059472956909926149,0.45707825058449458,0.25129832677135039
8424,0.56309939869454828,0.79869592679123169,0.48383583630925364,0.26618996327918415
8425,0.23110412934288616,0.43785507940287938,0.46877844301539989,0.25811597012625709
8426,0.042808747478935406,0.015384781621803996,0.45573035105781412,0.25053894509437302
8427,0.47377436991477151,0.49114131266345507,0.47622813161261246,0.26067893352041283
8428,0.83324026537368778,0.95894233624764025,0.49112773409553079,0.26955957140875442
8429,0.32156891919471092,0.4616835068775923,0.47186995384301234,0.25921426309157924
8430,0.97996833542423567,0.29494090591053246,0.48081669921790138,0.25910219363926157
8431,0.57206598279530885,0.56269722782223253,0.4796592682397765,0.26237081413447622
8432,0.18428507129227512,0.096887586054776334,0.46190182299712312,0.25289329833634033
8433,0.26789671460645043,0.38180978804399496,0.46899668055652138,0.25761182986822789
8434,0.19594595302437667,0.96471949385049516,0.47588622765196126,0.26523114903824618
8435,0.80223871351558484,0.49719220092281469,0.48249656704028338,0.26222472251632761
8436,0.50435101353718204,0.25576895608947381,0.47266611140154641,0.2570965949340932
8437,0.26698408128492301,0.28253507112363591,0.46734587178145859,0.2561546333865149
8438,0.85539387452687377,0.45223049636163054,0.48238946081649192,0.2616042587204026
8439,0.18908162787164329,0.39836257442416395,0.4667733116708378,0.25716101561250804
8440,0.39147513929103733,0.66937224299822706,0.47734041588646092,0.26292337062737625
8441,0.28679494444163284,0.93236708905232368,0.47862028970083459,0.26588980075437818
8442,0.033633434557181319,0.37622463281628449,0.46050000035610522,0.25508906099386969
8443,0.45026534757841147,0.069217590375139845,0.46824359247562725,0.25395535386812429
8444,0.56440225651954534,0.6553900458612828,0.48121439250829429,0.26384756894685285
8445,0.89444278983249104,0.9440802819117089,0.49193822956939154,0.26966782081838614
8446,0.61222356007777856,0.93645243141819956,0.48700286667016068,0.26838870416234367
8447,0.61565961793073221,0.22034648645332783,0.4741221096972193,0.25694168398459355
8448,0.94540976699307799,0.64711392585862193,0.48759311947059153,0.26532873157871972
8449,0.028613090582925362,0.37817971898351099,0.46030943454064838,0.25504635854015428
8450,0.3947587371708709,0.088004521339910574,0.46736706460232047,0.25401264907404075
8451,0.22567413981425344,0.14964429827233544,0.46399395327041981,0.2539417791652448
8452,0.26927055729985006,0.1968264656368294,0.46601450333800393,0.25492498120128915
8453,0.5488915867061005,0.031919979216123467,0.46947877757231554,0.25369452650411034
8454,0.99584003225070195,0.37688615661965452,0.48269383923120479,0.26060479963197097
8455,0.79344463097119,0.48650888348988958,0.48215036604483968,0.26201067998029531
8456,0.71992229345816883,0.16558346290852641,0.4747781711458583,0.25632220454465771
8457,0.85203076207026618,0.99520536652704472,0.49164361404555146,0.26984887856457596
8458,0.95438074623955182,0.42814099946202483,0.48323580404206562,0.26143441211407809
8459,0.43977583283778515,0.44862551962953295,0.47468288862628155,0.25980903542940065
8460,0.14703107114093147,0.96898350053721816,0.47406843666483334,0.2646522133176803
8461,0.88968106718395146,0.32560728346436518,0.48031662015240156,0.25946677561025522
8462,0.93798829341336387,0.35479231716325738,0.48152997994594077,0.26008894291121393
8463,0.95368551728766182,0.42478318439772123,0.48315824366727389,0.2613727393377358
8464,0.086507503982295758,0.59218571639739681,0.46592256054532738,0.25868166242303758
8465,0.20987285195112929,0.17493355120773194,0.46391627744160546,0.25418149917965371
8466,0.85540309652156432,0.27336675160614543,0.47881396315244762,0.25847579007274518
8467,0.04500473487727577,0.25249662584633331,0.45920041950681417,0.25362174630645357
8468,0.93393153849934463,0.60842128692282138,0.4866456298929403,0.26460116655212756
8469,0.16808665532885353,0.79398288873719292,0.47227833305383071,0.26255968250912559
8470,0.33850963379553289,0.275758046867291,0.46919308451307545,0.25654105392098464
8471,0.89633955776615781,0.82168984087739372,0.49040444680189466,0.26825374429909316
8472,0.95149623233020542,0.14569126805908744,0.47742939713157223,0.25639573194573639
8473,0.23701551960856887,0.7333434196012677,0.47377441867602021,0.26248222636924817
8474,0.27864698993115455,0.75657041637859079,0.47552608472199148,0.26325703863324168
8475,0.18566565704107052,0.54765870173015863,0.46901769304970214,0.25924790521048852
8476,0.52663687261253367,0.21893341159870616,0.47244783639034482,0.25660163557500149
8477,0.38267513795710406,0.28615227236041102,0.47048131793223708,0.25696308581063837
8478,0.67561993176360846,0.51408679885560415,0.48072825941817993,0.26204450992279393
8479,0.16019913099867991,0.42691630058161684,0.46622319786513122,0.25727482171828459
8480,0.42844116302019686,0.35172015361363301,0.47271146438459599,0.25823135013125353
8481,0.11489284982177196,0.0062187538819736803,0.45824861577258569,0.25110158608643957
8482,0.2291441988469218,0.77226597803042962,0.4741407513271968,0.2629675825998955
8483,0.42878295776663583,0.21889283451231897,0.47039529822096471,0.25617444132981371
8484,0.63266984493978096,0.42242386869710175,0.4782140701592848,0.26033705818375508
8485,0.73796039735941443,0.69505317335937877,0.48531769868014762,0.26538691971276518
8486,0.45870032776937586,0.23142592438383727,0.47127339558356218,0.25651038402254411
8487,0.0431453215654823,0.55606335748668068,0.46352717912168495,0.25759011595734127
8488,0.67753191487014985,0.95688807980691792,0.48845649520662193,0.26889142974603075
8489,0.58011838372173963,0.75173721157858386,0.48333594843089067,0.26552228423663327
8490,0.26991964466118956,0.30342593426970998,0.46777217753201383,0.25648106359983674
8491,0.97966567674461991,0.092656641765369571,0.47665988676999255,0.25548618921763644
8492,0.21872811838226627,0.30796863951691195,0.46630218298399867,0.25614140642887828
8493,0.50829845505420812,0.24847312257232843,0.47261524241269709,0.25699752249089386
8494,0.4739848123129341,0.13426070608260343,0.4698767972849015,0.25505768490230718
8495,0.1191214356738492,0.67180683040703881,0.46846248151554232,0.26020918891552125
8496,0.3005893349101651,0.44552965385542487,0.47100463988392754,0.2588111068067272
8497,0.95902907147099037,0.35135424786206565,0.48172195906733989,0.2600717901448053
8498,0.31074655374569121,0.72304466516653787,0.47596297732870585,0.26306236901984281
8499,0.13500262725296197,0.70150284535483221,0.46955064139332653,0.26082949436072367
8500,0.35997550282563318,0.47952648650236662,0.47322042157098027,0.25976670455208811
8501,0.35627026592235778,0.69763911527682798,0.47686210074262125,0.26307650374723407
8502,0.16200378284059699,0.13075710360953818,0.461708361353944,0.25318241898319016
8503,0.19002304619158386,0.8978932581100264,0.47476124176591361,0.26433103213870079
8504,0.85694503148983936,0.17651124190174744,0.4769015245080046,0.25679100425562834
8505,0.64603106129287047,0.57234062651764839,0.48129382634721091,0.26289195517735342
8506,0.19847355311032153,0.14808895591580076,0.46314212103422936,0.25371613621865241
8507,0.86063254511678822,0.26538557121300838,0.47872421813139127,0.25834765030341755
8508,0.85499285687323434,0.70643448240720907,0.48746902218618926,0.26606755722890535
8509,0.18479120445508745,0.23539807786784367,0.46407237479969482,0.25482709517594859
8510,0.10493886141496478,0.21226312005600195,0.46095281357180556,0.2537606028515641
8511,0.50615022889251116,0.069693072343885429,0.46936669428650712,0.25416190129983929
8512,0.33023584416449303,0.82834385091544827,0.47833809745902156,0.26484468722685101
8513,0.85489089565112952,0.78771914130580856,0.4890916189038948,0.26749725412647618
8514,0.50835182140773394,0.086266971058479983,0.46970523160522171,0.25443033271561916
8515,0.86538227359465092,0.97299236522925792,0.49171327612360227,0.26976586310516593
8516,0.90220076600549515,0.40147869978438833,0.48201393889450256,0.26083493773150479
8517,0.65178250127305515,0.42634241612291662,0.47863353101500922,0.26047842641414803
8518,0.77855282791102076,0.86994997405606556,0.4893109929957441,0.26848069107942241
8519,0.16547108001633315,0.93367917787620103,0.47435537585307019,0.26449566319408524
8520,0.91230932731180214,0.48882555253905013,0.48391879354732731,0.2624088775444105
8521,0.065551043355243754,0.14457259806956865,0.45846633492214051,0.25244966300618893
8522,0.78614347071734958,0.35611892213084506,0.47947383109171915,0.25973797151889999
8523,0.88747797345673907,0.49101191694267332,0.4836210727754095,0.26237820387536581
8524,0.71414608547339453,0.21044759870102864,0.47555189821995675,0.25706293305528799
8525,0.099669033263821635,0.36311857473956194,0.46300914667936871,0.25573647643019642
8526,0.74894880537824937,0.62545931925630438,0.48415293259440012,0.26424040132472859
8527,0.16454517492578599,0.13069429453111953,0.46179069620255786,0.25320271354966295
8528,0.55306548850013648,0.59302131879279629,0.47982272374127771,0.26276499271211212
8529,0.25434352899586088,0.57848269177955813,0.47180672644993293,0.26038070570499244
8530,0.6785920154994004,0.4686560850721202,0.47991318097980418,0.26129236789252219
8531,0.16323469513364836,0.67658786796528148,0.47024249705832427,0.26082828893856957
8532,0.0060350835552788343,0.25586490203453,0.45757942159006743,0.25316497856146664
8533,0.3897008697808837,0.14257556486582618,0.46818559413056482,0.25481640292849622
8534,0.69632928725018872,0.13398047104637373,0.47381483613699649,0.25573685727452494
8535,0.77519297095722284,0.67159548973786887,0.48549663914823887,0.26514337884405431
8536,0.58393844610642409,0.54217081436471781,0.47951975831301946,0.26209442276310357
8537,0.87568004066507565,0.78911689367681981,0.48944545124665401,0.26760610399998191
8538,0.14972606782001677,0.60280926468156981,0.46858095053615484,0.25962564613343719
8539,0.23294179030366943,0.94710544010809394,0.47700477255658924,0.26547759490910439
8540,0.23390685833831087,0.28597638863158648,0.46641949783664194,0.25595063509087534
8541,0.37644239297054011,0.61392782860690498,0.47597487026349433,0.26194990445769051
8542,0.30206794219607258,0.10224902010963997,0.46535638227687126,0.25375307851798085
8543,0.33101442620049931,0.3859809540903778,0.4708533762018704,0.25814561824731314
8544,0.50222196008631725,0.12928997431193712,0.47035540969990097,0.25508698156172505
8545,0.3712143606865197,0.18763524608324517,0.46851825909951755,0.25540441769035821
8546,0.011293621775542852,0.7068451935251826,0.46424500121474677,0.25908477418462428
8547,0.84884105896380502,0.58807039349541312,0.48500955406556312,0.26396598599988286
8548,0.27009137306084158,0.44587703577991344,0.47011457806236595,0.25857019047101376
8549,0.091806710143841341,0.42192803482149033,0.46358257094678923,0.25643919950465421
8550,0.63526404238709944,0.96733376164723894,0.48772835538891213,0.26876037764931765
8551,0.74328465359242413,0.75941010133587994,0.48666257200569235,0.2665153763728868
8552,0.21369426554540405,0.092400200152688197,0.46273207153080714,0.25304756834841396
8553,0.38581003146144799,0.57046347019005339,0.47547096776278119,0.2613488004618813
8554,0.55452683914949885,0.060054318300343586,0.47008977708073019,0.25415928333299476
8555,0.31501424172093395,0.85574599137426122,0.47833749645642343,0.26511405136069255
8556,0.005814732218428981,0.40344156537574022,0.45964875249220305,0.25505065157723583
8557,0.89975075764051882,0.026011286516545808,0.47441294738158879,0.25422679132139303
8558,0.39374657885405467,0.86238784832345561,0.48076780457375073,0.26594702018361094
8559,0.51123741820330026,0.57602894331776777,0.47860315092015387,0.26225318957801447
8560,0.28518348593508125,0.53638232385994633,0.47206478767770654,0.26003614589032353
8561,0.3448882201322937,0.45333020445051375,0.47236911080031557,0.25926043745685923
8562,0.19189755950769177,0.70009668786661938,0.47166516321676127,0.26149981655596705
8563,0.15314083805707052,0.11672325500081061,0.46120113216281194,0.25291560544689229
8564,0.42644709547212117,0.97863115978400461,0.48311147895511469,0.26755112527274139
8565,0.85415370975193805,0.31487249169828141,0.47962603059362491,0.25919756636967523
8566,0.59888288533129963,0.83277818234496515,0.4852469639854875,0.26697537668672211
8567,0.82623089518881176,0.74056627857406865,0.48769485251729072,0.26655253990698563
8568,0.21737815410649639,0.22129404135927327,0.46488064398382867,0.25489606814027538
8569,0.79618326446070575,0.95282354772699773,0.49049311859102168,0.26937558019221536
8570,0.28552478387282465,0.83948246486744615,0.47713082732999701,0.26456929040577259
8571,0.62755651625707987,0.6983662115185173,0.4833173141311552,0.26490470705150138
8572,0.87695754509716062,0.66607920253457276,0.48699387930115989,0.26543698959827194
8573,0.47641201801706345,0.309968338454084,0.47304967468265596,0.25782671022243608
8574,0.97411281187095455,0.45766420844636158,0.4840911863126644,0.26201015724115262
8575,0.046754595323803369,0.85012846140506448,0.46802472483489832,0.26158455322192181
8576,0.49138577839188513,0.83141327226326101,0.48276723827642343,0.26623437709652797
8577,0.80782338996756597,0.21535257822979476,0.47701555424829878,0.25736731978114957
8578,0.23624050087587678,0.12484341571111,0.46391013056484948,0.2536641270066749
8579,0.87770200229947226,0.70367631846774603,0.48776069147501805,0.26610393147521932
8580,0.50566940625308787,0.26009446077017345,0.47277085039611305,0.25717094761797354
8581,0.7836304454990547,0.53553955093709515,0.48296180531162064,0.26282471766804838
8582,0.25230196661773374,0.35535607862459728,0.46809837473544491,0.25710066331440384
8583,0.7157382390368846,0.047655562814173755,0.47245619397843441,0.25433503040575162
8584,0.46591507115935676,0.97548240192442903,0.48407873407741142,0.26781138694303952
8585,0.063507073588238566,0.55726209536961979,0.46443169521976851,0.25789528744348045
8586,0.34754831523603064,0.008494804589881097,0.46493205870584348,0.25260770392043169
8587,0.67194643138289689,0.32576302425038306,0.47707468387403978,0.25887225638188521
8588,0.68047090812599054,0.059762020904559184,0.47216303484855499,0.2544667168058079
8589,0.02673063355785562,0.097832489298854491,0.45624552263549867,0.25141255397555801
8590,0.86319892949598154,0.51100799925451867,0.48367858863621294,0.26265896795626498
8591,0.79975591619272024,0.0442773295775638,0.47354675170229016,0.25441759959024973
8592,0.15645112635780825,0.83895080277215461,0.47253995569962304,0.26305097529416299
8593,0.88908985660908513,0.71494708986891209,0.48815856862436141,0.26634512940232735
8594,0.69305737582872395,0.79343625478966862,0.48639874899018903,0.26684841161778011
8595,0.76567030436048522,0.49489254397751065,0.48187851736174914,0.26206093118553003
8596,0.99027378417194134,0.32922334242473589,0.48164426462688414,0.25973634947621832
8597,0.047686319506831935,0.14200515724004947,0.45772399505483818,0.25221903399194212
8598,0.65770061217643094,0.95395785298455749,0.48805796797734702,0.26877268630967538
8599,0.45045062232328348,0.64925973787574331,0.47849770701553423,0.26303740298234368
8600,0.92625761296321873,0.17340126725296723,0.47769783141779742,0.25685048156182722
8601,0.19341612545239042,0.019038084585417527,0.46097762589869179,0.25188158013552847
8602,0.20762111939283787,0.51094126686063834,0.46918590528566767,0.25894777537294172
8603,0.32075261380298764,0.028433403276547326,0.46461483723331382,0.25277276956870193
8604,0.45744768358342119,0.02732149728588993,0.46765787888809768,0.25333474258344918
8605,0.67361656413505566,0.054898858127242427,0.47196653105237774,0.25437174653952049
8606,0.094113292613218075,0.77454413133763012,0.4690009751822477,0.26128676866111289
8607,0.24431475652501686,0.5952311548245024,0.47175916141290331,0.26053066177065032
8608,0.76480385935913076,0.662416575244267,0.48514258959922824,0.2649418236185348
8609,0.032707307005126494,0.34913478521326324,0.46007036422178849,0.25472344674451464
8610,0.44322272904106652,0.3934493454186595,0.47378913899827318,0.25896492328513049
8611,0.98269178292808357,0.063703744580445351,0.47609920076252138,0.25497343419672552
8612,0.39741061348129297,0.85075528071614681,0.48066779195991044,0.26579811480247201
8613,0.80734329248088177,0.52949418186458053,0.48321356185320447,0.26280235793510165
8614,0.47225195376101181,0.0030246164356241933,0.46752706775896924,0.25300903512877704
8615,0.011879827995586675,0.59427217443851987,0.46265209115421557,0.25761838507389129
8616,0.46791537909997866,0.034617510232853234,0.46799640646014662,0.2534842214025792
8617,0.099073749847186268,0.15911567768867829,0.4599472163136385,0.25299016252800244
8618,0.17825392399906415,0.81908683790549408,0.47306130196603041,0.26304712203675934
8619,0.54732800399638948,0.96367075201120456,0.48587183594396088,0.26824584366736437
8620,0.46984878648546291,0.94800567451379036,0.48393263206874565,0.26761025087737195
8621,0.22368469536056509,0.34835771245883079,0.46710385331607335,0.25676160067855813
8622,0.84718516207585348,0.050697821907338222,0.47427666948312741,0.25459398789492249
8623,0.14391202266284964,0.81375778861454462,0.47165113358925154,0.26252705367177759
8624,0.89119448607041263,0.79931689855115251,0.48988943655569678,0.26784826735908779
8625,0.62358249324861681,0.83482130041077041,0.48580417879623145,0.26715730107391422
8626,0.35196743657499319,0.30541550449427451,0.47004186060654091,0.25707122872732008
8627,0.87552559915242023,0.25852468557817632,0.47878261572179365,0.25825846356653243
8628,0.78497932690199235,0.90165252850378175,0.48982773178028371,0.26888020339736368
8629,0.16976070259361295,0.25168740217242158,0.46383014687486868,0.25492220000506222
8630,0.80996120649791559,0.4022631711123395,0.48073658451725454,0.26060295638604752
8631,0.24178165782619035,0.73669574016871631,0.47398984761717361,0.26258226139908997
8632,0.022472265710786452,0.035093141030624976,0.45519197589491833,0.25056854087320868
8633,0.16364387396435487,0.59198288017926981,0.46892779397476947,0.2596346534017358
8634,0.22430182944616536,0.66618235341581755,0.47225053093601904,0.26136483829668461
8635,0.67557792376918946,0.68035622221719239,0.48390387097493881,0.26484639982799107
8636,0.0034690881368354895,0.49396407900721534,0.46082379924973854,0.25618279266599492
8637,0.1391082340695779,0.34385738796583609,0.46418708456611912,0.25590255458296046
8638,0.82383430066868901,0.52105515338337283,0.48329802614211081,0.26271053978354275
8639,0.17256268794419011,0.26338953618841482,0.46410546744291564,0.25511044134781541
8640,0.81815618344767727,0.0078117553330142985,0.47306775350628116,0.25381885922169112
8641,0.76024636765165488,0.10378237185691251,0.47417131804404877,0.25536392515253242
8642,0.58818630941748862,0.4531183294904535,0.47794874918727831,0.26065282912335641
8643,0.88270240245762988,0.18378049170105953,0.47737453656107215,0.25696283451029883
8644,0.18818729445437202,0.57244779709208526,0.46949949936596314,0.25962851031822415
8645,0.82051297342398899,0.98379678247548874,0.49109188564920836,0.26967133071642513
8646,0.41496627821520671,0.35778153855645795,0.47249992154791942,0.25824914919709652
8647,0.82289674891870246,0.36694404717938739,0.48022536357370699,0.26002616147792873
8648,0.13346680389830146,0.87719634476985098,0.47222137559764177,0.26328006559534295
8649,0.5200278300467529,0.73753305617909648,0.48174141555254246,0.2649157203189052
8650,0.44179711426569851,0.91981513945710613,0.48291738734295458,0.26711732413746631
8651,0.39760692522312746,0.2379568057314842,0.47000968909983032,0.25630950768260147
8652,0.93416932944079167,0.50454457504890171,0.4845326399329789,0.26274797838822439
8653,0.55976449792893845,0.63939054578848886,0.48082006419764811,0.2635594486232346
8654,0.21007165990279755,0.25234540863350269,0.46514620690257291,0.25527799144777247
8655,0.52280906227728119,0.58145022812840763,0.4789576647339453,0.26240744299377172
8656,0.31791344349716094,0.50693951554320527,0.47252919694330819,0.25986611073528404
8657,0.24708030482582982,0.076881797065783769,0.46345476407866243,0.25305317158443869
8658,0.99330207804423998,0.65127814433489695,0.48832504701928525,0.26555003502852476
8659,0.79360250565266477,0.67743671176665232,0.48591600142570884,0.26531987570292004
8660,0.10273207172463882,0.80772165971343646,0.4698725567119969,0.26187025802134045
8661,0.20388737459635595,0.44579635554036362,0.4680207033640062,0.2579777421994276
8662,0.069885967637726573,0.83452861916682453,0.46884978369226965,0.26174489294986963
8663,0.75094698459383802,0.94815796220054627,0.48970081955657346,0.26915573029696466
8664,0.4409578845788143,0.61895744903424055,0.4777256961197564,0.26249385035506578
8665,0.50346505643018757,0.84819321275806292,0.48336230004260633,0.26659088849816387
8666,0.98003350574468506,0.11820268310190878,0.47718758473866829,0.25594196531304364
8667,0.36255716868055754,0.69858571074948417,0.47705522881304491,0.26314347639062369
8668,0.13701557867479278,0.11795849943192444,0.46067689536305301,0.25279334360864542
8669,0.78645440438926462,0.68528133986900797,0.48595270394483719,0.26542670661310086
8670,0.10574775558215334,0.30218317753764573,0.46232731841883939,0.25498042880452498
8671,0.56403551334958757,0.40520079649571561,0.47658750625311902,0.25976100734674773
8672,0.41943993636319649,0.66198760824002101,0.47794387930658261,0.26301827532904248
8673,0.95286458495688864,0.036865040676470381,0.47522877545245862,0.25446949123667029
8674,0.097629197681706872,0.90410467840720665,0.47112826306158262,0.26313177549713002
8675,0.4348222402360174,0.51903725825197766,0.47580772977615227,0.26088223189016707
8676,0.039462500501715111,0.027100888560281602,0.45576380770246727,0.25065305009992606
8677,0.23104915176279611,0.017455713025003209,0.46205662196641717,0.25210897254673609
8678,0.61598818638565711,0.12047870928124758,0.47226848349418282,0.2553090003302394
8679,0.35338850713100983,0.010537337224034127,0.46510365845868507,0.25266454315065634
8680,0.32488157809466361,0.73079457965473416,0.47651850171770382,0.26330924464865252
8681,0.45605628335004439,0.93703479493145136,0.48347813556499475,0.26740670881922041
8682,0.56829920732899342,0.74905979374538878,0.48303144782570501,0.26540708748406988
8683,0.51004868601512865,0.72165719675224971,0.48122206987196825,0.26459386945679242
8684,0.19386332484112356,0.79281835714093185,0.47322040958243289,0.26285990079096011
8685,0.27081415232188305,0.052453197761916093,0.46371653412871389,0.25284934471141796
8686,0.76295335428755495,0.53946657772475148,0.48270667464552103,0.26281757911468334
8687,0.87073861990183365,0.71188315938363089,0.48781988940202581,0.2662230162593186
8688,0.84070472804604801,0.15861996038764484,0.4763351229044212,0.25645147071190599
8689,0.37922470608357112,0.8050553199811723,0.47936431590138856,0.26492987283101749
8690,0.11028717825034401,0.72400857871634661,0.46890553129323032,0.26081566537438799
8691,0.44510378784750354,0.14296528880264378,0.46942533371154227,0.25507460951669447
8692,0.77791000126692234,0.049839501125819516,0.47336581045382425,0.25447894533785487
8693,0.53192092123542678,0.053498835419083485,0.46956065730535501,0.25398794038348982
8694,0.46906461269551658,0.70223247630413388,0.47989868699102195,0.26400691506457236
8695,0.2086931327534956,0.31276090516437544,0.46606084682181692,0.25612435015182233
8696,0.32476235776386458,0.59118036764111603,0.47414773961849327,0.261191714298254
8697,0.96886575626361893,0.077846512320905462,0.47623910253499696,0.25521146638068293
8698,0.76572358447426236,0.26987046731821029,0.47748173818199047,0.25820365877562729
8699,0.22577200455089333,0.84911804661018553,0.47527532094122421,0.26405637666308163
8700,0.097546576049539729,0.058675730832631237,0.45841081562653763,0.25164205007100265
8701,0.87501362235926794,0.98920902708974912,0.49195387433633192,0.26989425582715382
8702,0.20363678702121835,0.2657703855135129,0.4651554222771625,0.25541470047484999
8703,0.76879492983032249,0.520751298616,0.48243479276279455,0.26251680686687329
8704,0.88916465431071123,0.88951113014112937,0.49133285086123929,0.26915733500408834
8705,0.31069487460645617,0.64322877210722074,0.47461544177085779,0.26185737048602253
8706,0.81643988857957306,0.39203342840295519,0.48062916249158516,0.26044399095384901
8707,0.72888935299405133,0.88987417984135686,0.48871366857399834,0.26850011888249586
8708,0.30082781235893491,0.32596443797488467,0.46902087255230523,0.25703743318430999
8709,0.50992033018433724,0.066550590770307463,0.46938263687588133,0.25412485563619552
8710,0.57425420070785338,0.65765792497404629,0.48146477409686778,0.26394030507339589
8711,0.1360800014684326,0.93723727506912546,0.47323502788457594,0.26414009644444558
8712,0.60426048817940758,0.052993143755395433,0.47082112602719939,0.25418014907551845
8713,0.51951423044645928,0.74796066509351367,0.48191974075105204,0.26508130364004218
8714,0.023340831317857375,0.46500590310659029,0.46132253520477512,0.25610392058640125
8715,0.12397840095817809,0.14574170480141183,0.46064357524247906,0.25305115235775499
8716,0.26867583399518624,0.30910631463908361,0.46782900002334166,0.2565546780435719
8717,0.87481865030600459,0.097934761921514291,0.47555727641006196,0.25545123678825865
8718,0.201690129116911,0.51251528979173167,0.46901098280653991,0.25891117982581285
8719,0.91587238296208673,0.074466308870248035,0.47557450827486136,0.25509352343583969
8720,0.15814902685865528,0.53915308228001235,0.46789951940680696,0.25882752725399055
8721,0.10588513556855032,0.64081912009449449,0.46745454199119457,0.25960628756756604
8722,0.76885388054664949,0.12277786902548979,0.47466084166127065,0.25570301025474518
8723,0.2147767601083615,0.77201358949333665,0.47363572486420197,0.26280244032397632
8724,0.18320045446563746,0.89111188939722485,0.47439676563299954,0.26414699231134509
8725,0.19965260592197301,0.95629023574477767,0.47592668166698937,0.26518781533241703
8726,0.9326390720297234,0.261092349854263,0.47955569359907435,0.2584134657500991
8727,0.46129370301145833,0.53142227035221878,0.47665884250153967,0.26124284577109752
8728,0.21012441243097418,0.69571891443658385,0.47224020220950647,0.26164135179672343
8729,0.62656461563691268,0.62182384123780066,0.48185534250759093,0.26362411530351737
8730,0.70717400795508878,0.32998311443451095,0.47773818750186708,0.25905739364127789
8731,0.80545531335707055,0.76416202033775626,0.48782232922076207,0.26687700731002473
8732,0.024453823848755565,0.24254681689335267,0.45819395325899287,0.25323638751653699
8733,0.46693542290410261,0.51983143015423561,0.47658367775604821,0.26109353989890943
8734,0.051794538026547529,0.22604153436437482,0.45909734959367177,0.25335833395515395
8735,0.22372604840815766,0.32075906568089269,0.46666309521140165,0.25636628550157958
8736,0.99244858220434984,0.35546569986442339,0.48221126716942336,0.2602124454871908
8737,0.73190274135799849,0.35362743176900552,0.47859082908815459,0.25953494640902358
8738,0.23247013948495734,0.23392759803211086,0.46554134272560116,0.25519330915075872
8739,0.49585570848105709,0.29232116307053946,0.47314705947901875,0.25763894261126025
8740,0.68135518275924256,0.79940130581461122,0.4862895490281765,0.266888128728203
8741,0.017442431644827595,0.53893695441497258,0.46211644137162078,0.2569817717284858
8742,0.33363975030552828,0.51842051393616706,0.47316617507411934,0.26016213405888716
8743,0.53078407521605264,0.91089685783399044,0.48496601563907388,0.26764466934423847
8744,0.97318874983369608,0.93852833241048506,0.49299620082612333,0.26987570448163012
8745,0.87047346748673593,0.82156978648895163,0.49000296802379983,0.26814847908689676
8746,0.33594577649090207,0.68602722788195825,0.47608186520863699,0.26272600361570864
8747,0.51338900187400871,0.56287922465145823,0.47841204594612369,0.26205393337642469
8748,0.12330101328614401,0.29640722298623295,0.46289127061445501,0.25508841404683263
8749,0.050972260958759584,0.34782326368541688,0.46082731458895626,0.2549441660649005
8750,0.13966337969506859,0.46383138501310028,0.46605128994824335,0.25756846524882143
8751,0.041418673072650562,0.96728396607354517,0.4694630981588071,0.26303703472531559
8752,0.24202689035747901,0.37064840698865015,0.46803352049992764,0.25723804999470673
8753,0.71250906717163742,0.74112927320661259,0.48575432677665048,0.26605610834770232
8754,0.84830857661067283,0.28373222196785503,0.47892521945472533,0.25864092321540449
8755,0.75588741796022518,0.83823510895898801,0.4884020595368791,0.2679155075027026
8756,0.11058703835682246,0.91019390123536581,0.47177859368536468,0.26341189561645889
8757,0.14241407149595908,0.379094691439264,0.46484708525838769,0.25642360910376866
8758,0.14119331772431035,0.018001393050246409,0.45931119526676406,0.25147671428436935
8759,0.18185831359160368,0.4149916943233577,0.46679050697479318,0.25732617288595167
8760,0.21632354959551015,0.20166611601462356,0.46453691806271602,0.25460937498334046
8761,0.77625438702112293,0.15801543054954381,0.47545112685502594,0.25631803477728854
8762,0.11184809273740975,0.33320011518908432,0.46302305460342824,0.2554671720421961
8763,0.13527119982772273,0.082510165613621941,0.46008319666051944,0.25229833092660181
8764,0.5356232465090347,0.56153020411437615,0.47887220321715296,0.26215712962762433
8765,0.10897571670442122,0.50663200539835962,0.4655367673484419,0.25780099516392163
8766,0.25604565782478311,0.98998469003582146,0.47822301008304441,0.26613447251678762
8767,0.83379725338410349,0.40944752039619492,0.48122640403623518,0.26079546968097445
8768,0.72711578321090209,0.97279413746254284,0.48947229254501984,0.26923043549381492
8769,0.42700720513333806,0.33600888286581032,0.47240270002549745,0.25797932589277889
8770,0.077432441341725652,0.95120688947195886,0.47091908760842172,0.26343906700668956
8771,0.00035600267996778717,0.32142693089531971,0.45824391516076396,0.25392154779058518
8772,0.50337828387898631,0.85969363775466334,0.48356129201648917,0.26676977107950534
8773,0.8592335346520763,0.26374227427555014,0.47867279392604956,0.25831599705825836
8774,0.2712350840841769,0.26838499746246963,0.46723712946629098,0.25597946690073692
8775,0.66724736710008004,0.75765740935545189,0.48522041972217234,0.26610846328372417
8776,0.85553373827604817,0.71137006575429118,0.48757606640808665,0.26615644139160499
8777,0.18493935894664609,0.5514764444237924,0.46905272859637243,0.25929458574517666
8778,0.12458697878314415,0.94410776866684909,0.4728561717015537,0.26406246745788903
8779,0.5324201550906873,0.59053562477437083,0.47933365832473851,0.26260927176068266
8780,0.22806161516375142,0.4243987272112747,0.46846452282452333,0.25789425174837699
8781,0.71642515463960599,0.76065374194694457,0.48620281277395705,0.26640812068716702
8782,0.11239501906997756,0.36242700797599975,0.46348465905234698,0.25587069281605601
8783,0.24272272519165417,0.93199201909339757,0.47715336269098546,0.26541410021103656
8784,0.39285218150346773,0.069810513808054392,0.46701294786036007,0.25372874497060022
8785,0.30650717184088427,0.58959575566331623,0.47358903773131883,0.26101415826713487
8786,0.77442354951963066,0.26721964776859386,0.47755814723625278,0.25818042461126273
8787,0.58974763422961118,0.046738684213173114,0.47046116912188379,0.25404194088854032
8788,0.86680743862880627,0.4153560772877769,0.48181157588162599,0.26098888241260365
8789,0.54695107956615985,0.10732180027650903,0.47081058834783429,0.25489137038794651
8790,0.86662949129064804,0.71168160910418954,0.48775309857547255,0.26620403128761133
8791,0.47769993557486451,0.79789747238113784,0.48182762402477247,0.26559680603411479
8792,0.31776527914617914,0.089578788513981267,0.46555083930226765,0.25365501797651147
8793,0.68198995802401341,0.47540996263996937,0.48010180638041489,0.26141935662023724
8794,0.37765992194622522,0.4793998140952434,0.47368269319123457,0.25988859612741499
8795,0.9488754954888835,0.24678307026188123,0.47946072132159945,0.25818794805651896
8796,0.90628236321065336,0.27405988940527898,0.47949042429086314,0.25859299584203355
8797,0.51318316110792805,0.69907562069928975,0.48088374059205213,0.2642494068950435
8798,0.99618336454177048,0.67430484661433143,0.48883788444743193,0.26597484122831122
8799,0.49368244529837979,0.29777990696312628,0.47319944441903061,0.25771552602210823
8800,0.57076185476215324,0.53880531936519549,0.479190234675272,0.26197298356176674
8801,0.086717705233080783,0.20745616129002303,0.4601988452199382,0.25350580915468868
8802,0.43461473567105136,0.91218388313282051,0.48263602742396811,0.26697457697839394
8803,0.30263098363218599,0.78141047148496146,0.47669779489604264,0.26386678216360254
8804,0.94205087038282076,0.77157043333960473,0.49008295668118956,0.26754569867086503
8805,0.3751500165196951,0.64997998361549114,0.4765636218611019,0.2624960828433362
8806,0.83991560742667648,0.30788768040005815,0.47929162597416503,0.25904230233022996
8807,0.050397090603585819,0.9217173167559668,0.46925960895661395,0.26261443051669114
8808,0.3403161381447804,0.57266133537219133,0.47427475679985481,0.26103698048299812
8809,0.95487669985954426,0.36388436365429078,0.4819270789753306,0.26028701983742791
8810,0.58644104151598875,0.85734914996685696,0.48541704866129021,0.26728824985722555
8811,0.1508176786348806,0.6040663632524782,0.46864150705344149,0.25965620877719292
8812,0.39828837462583327,0.16780771020915128,0.46881701472666343,0.255241963671062
8813,0.8486113755480037,0.37198451008506817,0.48068998911176575,0.26018157216246007
8814,0.38671937549746366,0.96907225888181714,0.4819745382442866,0.26716553442939961
8815,0.93198452835920043,0.50925458064292328,0.48459937375692674,0.26282603802072341
8816,0.92963220944671199,0.14197352249136894,0.47710042443230533,0.25630023715937716
8817,0.88644364048490543,0.074212089090200606,0.47522318360560195,0.255053114534671
8818,0.11326652522858932,0.80306841902829473,0.47024235463047354,0.26195611680533681
8819,0.98443185304299696,0.2372525670535979,0.47968218414115044,0.25807591519115158
8820,0.62736038184281218,0.52797224688661515,0.48010291556592688,0.26206682429501188
8821,0.99798462093729756,0.82725586962274977,0.49196822422332165,0.26871016754119093
8822,0.72613395329263297,0.11640239091682016,0.47392551605773042,0.25550871413167803
8823,0.025611354635760655,0.58349709152138096,0.46313551763787664,0.25769123210485417
8824,0.7724283518188052,0.11158793695586501,0.47449282994533343,0.2555194631541296
8825,0.42094782768547306,0.8913128360661563,0.4819810487216612,0.26659860920013079
8826,0.50065424081856624,0.41321584882024909,0.47542424926906379,0.25958546998475768
8827,0.86551587220161463,0.0048968947900575582,0.47358986420353633,0.25382344050169275
8828,0.55714750059192308,0.63285297181663336,0.48064363601053584,0.26343781617872647
8829,0.15221439608406509,0.95573123420980999,0.47411957123410692,0.26457934089886725
8830,0.35248766168298901,0.88155905571951299,0.47990560386818309,0.26586400598442306
8831,0.75117111387281921,0.435607734912762,0.48048951281524283,0.2609946983496973
8832,0.42005189110847424,0.97164387974814748,0.48288818512296117,0.2674485794565219
8833,0.35738190967886474,0.31754988226840503,0.47038668159599889,0.25728838989523789
8834,0.8439434935149388,0.44370561067817038,0.48205503010978673,0.26142220798836718
8835,0.77425251448793564,0.87626338059353881,0.48932569770749351,0.26854138742072331
8836,0.83476820634152971,0.92619917235948379,0.49088536930894688,0.26931255210216515
8837,0.81193895928085558,0.42608797327423237,0.4812371649685267,0.26102187532763477
8838,0.22904619770903373,0.68627507306888003,0.47273760205198673,0.26170807059249046
8839,0.51299537152618868,0.87609716022900541,0.48406250122097932,0.26708105168772256
8840,0.30306318351611267,0.13653751828245586,0.46594681920038961,0.25426088850864531
8841,0.73664487989667105,0.07823733933478362,0.47334362243940764,0.2548875214423536
8842,0.23966530079325896,0.72098538268829004,0.47366165302963575,0.26232883741730922
8843,0.7253319155340433,0.5461625491402694,0.48221128859685758,0.26278868922244136
8844,0.65899777906754753,0.38628521541337252,0.47800178175419777,0.25983757949000508
8845,0.65324404646795009,0.80657309011433975,0.48587591891993909,0.26685642874408033
8846,0.14320231493051397,0.46999101426507117,0.46627693152010891,0.25769340117520939
8847,0.41729908527053194,0.58075367435343794,0.47646118059106768,0.26173187717856428
8848,0.61624924037536843,0.53975194885273237,0.48011153571843546,0.26221085314380593
8849,0.030606609761842995,0.98056781702631857,0.46910503034095052,0.26299913628755806
8850,0.87786397324757415,0.48783756359390684,0.48342232744990782,0.26229461098731022
8851,0.0030754439743817786,0.60028792185782232,0.4623198454794995,0.25755536863147782
8852,0.84221080216263655,0.34701107535468184,0.4801025508740891,0.25972944239239659
8853,0.070212705758016095,0.17616457852519815,0.45910609930321011,0.25291423958031645
8854,0.32987138719862563,0.76655019309894423,0.47727488340214697,0.26389882115677782
8855,0.48116712797976802,0.26096548625020077,0.47227740634821425,0.25707648305111191
8856,0.17597438473779475,0.20318743135378464,0.46328340221140751,0.25430207685114098
8857,0.29971115877238336,0.75030360991455392,0.47608401763098757,0.26336958110671954
8858,0.033212141973327378,0.97188122599687199,0.4691270424682234,0.26294836656277826
8859,0.96105643438444244,0.16437615353019211,0.47792018131865371,0.25674062209367526
8860,0.88116146342857982,0.067462949366460093,0.47502479030964195,0.254928720614093
8861,0.63542505579997099,0.67962602236612002,0.48311942140019826,0.26463310948123336
8862,0.80852425172234654,0.78455342950775531,0.48827607919371341,0.26724551886907694
8863,0.42956544738655211,0.69691649943758971,0.47881937560672627,0.2636411580825026
8864,0.81313622111865558,0.28120913352769566,0.47838926308290919,0.25851587344602461
8865,0.66284766801152151,0.22486790612455226,0.47500845031025241,0.25716219789756106
8866,0.078862413235229911,0.15976860859108857,0.45919982819902655,0.25279117906739484
8867,0.10112232555228985,0.52150371478031166,0.46545129247630762,0.25790736656800556
8868,0.1462325418840279,0.70129445840861881,0.46998440632674854,0.26096920859972617
8869,0.78298929804762596,0.74809214037152705,0.48712937468782752,0.26650025303727426
8870,0.95245334411124938,0.17427281031020686,0.47802327560402857,0.25690451771858491
8871,0.8533458899641061,0.70186937445980735,0.48735229187240281,0.26598100922367074
8872,0.39274559720713881,0.12100096042949009,0.46788621013601001,0.25450364981924894
8873,0.42495018332438778,0.01637643493463984,0.46679559266385801,0.25304826786776791
8874,0.58131285984461434,0.55020487198814516,0.47961605232742227,0.26221319991522851
8875,0.62715229985000331,0.099432137116661767,0.47206310932304135,0.25499500993570134
8876,0.63610228597739482,0.94543505282179685,0.4875648775402453,0.2685939311952904
8877,0.4455937636923627,0.22149989911603044,0.47081349690821822,0.25629489507027176
8878,0.52672717242845102,0.49126921523626665,0.47739837708903338,0.26097317150230681
8879,0.11123692274811911,0.87065285943275084,0.47119749789654775,0.26286949104414609
8880,0.015065142880135681,0.4335971386543126,0.46049892089440841,0.25557511886193285
8881,0.039222937975975217,0.056058850562700539,0.45616316770296178,0.25102011299907501
8882,0.84337022462432509,0.76768638437382186,0.48850891781323219,0.26709791640585379
8883,0.79060690509547715,0.230066374647629,0.47706371173018614,0.25758227276736034
8884,0.11931933991202387,0.62589388714687666,0.4677652312580669,0.25957447826297314
8885,0.89915500073955623,0.96758723944321978,0.49217416163564243,0.26984474136656256
8886,0.90076743597852771,0.75533819536160451,0.48914778100589967,0.26710476386940496
8887,0.058112571215874056,0.60922076641904432,0.46496773163912708,0.25851642269062269
8888,0.93160336295786561,0.65840238684638164,0.48763063258915368,0.26548633910043851
8889,0.51230382894921345,0.54740848983480828,0.47810708073213537,0.26179875490719501
8890,0.81628021861579036,0.98656289419993992,0.4910417808877085,0.26967195624134671
8891,0.80335179008882263,0.74579422991868338,0.48742482249556457,0.26654827258623209
8892,0.10138321284468985,0.97739926569095115,0.47228356857797704,0.26409741356829303
8893,0.47155825221234704,0.12384901487141615,0.46964293345110003,0.25488560243359715
8894,0.16632648111240705,0.48753406754148898,0.46738723796058074,0.25819035965928938
8895,0.17967552944322815,0.58854492917869938,0.46945341848282701,0.25976560122469339
8896,0.14409283426912736,0.99726117381501256,0.47423740633436656,0.26487977506367166
8897,0.78631459714284868,0.53968153037541788,0.48308582366973907,0.2629058396682985
8898,0.53915031748601472,0.088800147806887983,0.47033122747156464,0.25457121564259622
8899,0.17270334825209577,0.88086558995289965,0.47383287653916689,0.26386354693073999
8900,0.77379180802371128,0.7970605591371307,0.48793239569611896,0.26730643994992259
8901,0.14774774315800751,0.13501905625622021,0.46129931411236097,0.25311935199505459
8902,0.87939553013715199,0.96119346244652992,0.49184254602900868,0.26973712993567578
8903,0.9931820079386352,0.49842500802656869,0.48517032164767249,0.26278988162827421
8904,0.97874454347178108,0.17887653806583259,0.47841799627682507,0.257023312064803
8905,0.95550351842493986,0.6077495910305879,0.48692660245759439,0.2646543086029759
8906,0.051916864333779088,0.48340062517236221,0.46284619464562632,0.25674908644216432
8907,0.23061398304622854,0.96311848550523871,0.47710441293339867,0.26561832053145251
8908,0.070570971684821418,0.34301241525738735,0.46156202995039686,0.25512400561343279
8909,0.086037410082423604,0.22745752426869004,0.46046776290590496,0.25376444216706912
8910,0.77649791725453698,0.33455859423984075,0.47890678685505134,0.25934034072404233
8911,0.73805372711134842,0.87020573269095047,0.48860607863801897,0.26829718547231984
8912,0.024977878976298964,0.97710726779311674,0.4687912615273187,0.26286336661757953
8913,0.61803467396664202,0.63592527025343148,0.4819528356747097,0.26381558910699154
8914,0.27266681205210042,0.13384508955714991,0.46508525672430362,0.2540348565033077
8915,0.52810985468126603,0.78732412679522534,0.48283663562655976,0.26577686253133359
8916,0.4845848739617854,0.60499484810695281,0.47852084570332898,0.262556982146673
8917,0.17685023667494534,0.26966886479594976,0.46434600620352812,0.25523669430351564
8918,0.71047626018646404,0.99552530534131223,0.48932175030460456,0.2692979988817879
8919,0.29574181123079035,0.42163559576458065,0.47046734201127072,0.25841809523361381
8920,0.54878024648643342,0.2961367746241973,0.47428559690174554,0.25792899898259397
8921,0.73628307146759475,0.015187094844772946,0.47212603160334526,0.25382682058910427
8922,0.91889596026706277,0.71614264381899273,0.48862189533957456,0.26647331337058211
8923,0.72701848897446175,0.52067826473297318,0.48174627775475903,0.26236089572205479
8924,0.31331667072322456,0.93836164433575475,0.47952675765528502,0.26622047788549336
8925,0.0659713004578487,0.98660109066137813,0.47082580621154163,0.26364813991648645
8926,0.70172576084722527,0.027524471791868566,0.471868374212709,0.25397318324206236
8927,0.69834469235920116,0.6268109924595221,0.48329549850357123,0.26404648399297559
8928,0.33457335555489409,0.72909433559264292,0.47677588396763992,0.26337037721633044
8929,0.56588426945585535,0.12433843487160048,0.47146541600413122,0.2552239788913882
8930,0.2440172631828231,0.060564872347645002,0.46310792274053536,0.25280129923123767
8931,0.48789842533919725,0.46888486181605843,0.47614734389000052,0.26040506001185532
8932,0.17946944318887548,0.046330918873485644,0.46097055823224298,0.25215818464913831
8933,0.17703207155630227,0.89655521083174983,0.474248268120459,0.26414530930242336
8934,0.14297505138871494,0.27974347540455635,0.46334303197400084,0.25505861298796073
8935,0.5951784466445097,0.68375744124270288,0.4823864125426886,0.2644867409206777
8936,0.20804810691025341,0.54291532464205527,0.46971243167404425,0.25941182293148923
8937,0.35694360935223524,0.06351694579204778,0.46607648901874132,0.25346924647057012
8938,0.98326393318368366,0.73722804921568608,0.48995919965825863,0.26707041272244175
8939,0.49895975643537238,0.10451259772841587,0.46984879008031583,0.25468498888087526
8940,0.6656860565032694,0.0059805276566301472,0.47092404305155799,0.25354846729989233
8941,0.064285225131723578,0.89228476581528093,0.46946360970432516,0.26244409657784251
8942,0.084038023549213553,0.98531602590264522,0.47161752150712483,0.26391646050035361
8943,0.068425910521287006,0.43716592707041424,0.46286227688450826,0.25635241939269321
8944,0.019917720944050234,0.1108177557241288,0.45614479652381651,0.2514975742649786
8945,0.24125889512969881,0.82268271029199236,0.47538137016455517,0.26384361281515056
8946,0.187561225452472,0.078910448864090724,0.46172559768691995,0.25266886820442097
8947,0.92929399971297244,0.84955060141774597,0.49137424372124622,0.26880446547832959
8948,0.025084971556405072,0.94792949896809886,0.46841976777848499,0.26251856184291877
8949,0.70312706246842871,0.90683105066827274,0.48845145456001837,0.26856603728303513
8950,0.69537880962359488,0.93805037165569383,0.4886275916068516,0.26882517261118177
8951,0.6578524258323829,0.36138962604958796,0.47750970960057881,0.25941810355184569
8952,0.44072651695880344,0.84688446605053036,0.48176507629576304,0.26609566627018738
8953,0.81890339136131818,0.21764578548701249,0.47721316541639935,0.25743040148870311
8954,0.330982818752795,0.2957324626760674,0.46933244030351673,0.25679220336072722
8955,0.99267078565048295,0.17148821660402466,0.47842182312324633,0.25690971262889101
8956,0.43154892596908612,0.70673597918500886,0.47904368852706691,0.26381040992561994
8957,0.96923439852212334,0.45624481337232281,0.48400042798399434,0.26197305212474042
8958,0.70454667509623103,0.15669702346724226,0.47437439245448798,0.25613636815175667
8959,0.71859809684249343,0.5094588178851992,0.48138693848733122,0.26213762670663554
8960,0.18393367091702531,0.54997094737737207,0.46899354567548457,0.25926241403308964
8961,0.78627758093728917,0.59826905738540237,0.48423796978077349,0.26391916411626187
8962,0.17802653681567174,0.10529309026604751,0.46183420907180023,0.25296111495605889
8963,0.44430535939483673,0.84886560901732877,0.48189362437740535,0.26615555140091851
8964,0.58667784645395582,0.83751499039985944,0.48507121703875467,0.2669769966041276
8965,0.59958977723814322,0.17874956068816827,0.47306721259425855,0.25621060625662612
8966,0.28624106126694243,0.025245952012983616,0.4636850833745389,0.25254487980945922
8967,0.66605354271141115,0.31304903982066318,0.4767334336791445,0.25864029666325156
8968,0.43033473267253725,0.74410431058417303,0.47967337999205567,0.2643901874020726
8969,0.71039399261182412,0.86309132439108804,0.48799487808172815,0.26806554821789386
8970,0.75048542528530826,0.55099767523236809,0.48272728242717777,0.26296887532480478
8971,0.35759617980542829,0.18177576051143698,0.46808751394084597,0.25524266599151479
8972,0.67917761923080544,0.38560677404321031,0.47833763739039248,0.25989946770227723
8973,0.67849709831468064,0.6390608122863225,0.48316880866963574,0.26416325532048773
8974,0.036874432106211316,0.17601413447236411,0.45776987613050063,0.25253292639201896
8975,0.96156115777686935,0.82691833219149857,0.49145667069840471,0.26858019308112185
8976,0.43706299657243075,0.10860716129968642,0.46865308445256582,0.25451022657621497
8977,0.03701876001023921,0.32054417096307736,0.45984429710535007,0.2544076988560483
8978,0.32553220339742256,0.43830115270934766,0.47158603138269511,0.25889253147756769
8979,0.38832604446603219,0.79034804276704085,0.47936213056223237,0.26477875933148759
8980,0.2145066898927675,0.2194256943634362,0.46476253998701966,0.25484692585010882
8981,0.33896389415784511,0.88817530115830012,0.47961003280192188,0.26583286977038573
8982,0.5678088571914589,0.78257974329300928,0.48364139542165091,0.26595484553614868
8983,0.9983054394966574,0.21267977002313129,0.4793333701851708,0.25765598583534843
8984,0.20940814519446577,0.64640829444789571,0.47142112687394022,0.2609193802301481
8985,0.032887398873490743,0.83402051391749421,0.46713287385217489,0.26113611634541439
8986,0.2673819768448244,0.9148162867643056,0.47775086081857498,0.26547075623604688
8987,0.44993934385938339,0.11470061922037277,0.46903289443497281,0.25465726036246372
8988,0.95877029316317064,0.56504874468873023,0.4860961882829265,0.26389794136692596
8989,0.76034825466097111,0.10268927522216691,0.47415154310572144,0.25534558171853433
8990,0.3843679079872207,0.16125771234804998,0.46838099453973842,0.25507336715844248
8991,0.72269145583173955,0.84353260781659045,0.48789627279034453,0.26783614993184512
8992,0.11083835903956789,0.10425035757505102,0.45955940459899924,0.25237160425410293
8993,0.52991964743380671,0.6397509993017535,0.48017884820577211,0.26339247518504061
8994,0.31980683014047101,0.36905955235034926,0.47026384953246025,0.25781310856834244
8995,0.80399840781678222,0.43893969892292517,0.48137268829998314,0.26122075437148945
8996,0.93074403421367757,0.49182520260337043,0.48422786684336749,0.26251203769465115
8997,0.13983877182576107,0.36847080288325668,0.46459085759874563,0.25624975361279828
8998,0.18274614164648811,0.26595686991520928,0.4644829400883923,0.25523725544630527
8999,0.13674342665491859,0.25744517313811233,0.46278275169912142,0.25469159627882565
9000,0.21072836519711419,0.87727335980163201,0.47519470197578556,0.26428981867501733
9001,0.048205541503627318,0.36211265426370087,0.46091879741204556,0.25509663274118277
9002,0.28507710105985173,0.34355889986584665,0.46886788489142778,0.25718256518483551
9003,0.56501651331140901,0.3973818575225887,0.47646282067054935,0.25963823797569585
9004,0.29098055941188944,0.37569905055394631,0.46956822102801671,0.25770108773060069
9005,0.30109628102631542,0.5846193494775449,0.47334528882401794,0.26089302141540111
9006,0.68678991305337989,0.45738794694411339,0.47984054211208993,0.26113447058871592
9007,0.35590700460091468,0.99824951485936775,0.48135143115598805,0.26713520537190127
9008,0.38530564276579538,0.8500595310553094,0.48031765729075337,0.26568225207735674
9009,0.78463156281596758,0.2362674481195747,0.47710014289488573,0.25767486125827066
9010,0.24526914248712128,0.25001607155503008,0.46618235191475949,0.25552160560530113
9011,0.11567688108045841,0.51448738354990498,0.46591812255573389,0.2579903114138743
9012,0.21752878204189474,0.99124195218257383,0.47692185737813553,0.26572773822172407
9013,0.070708265639992898,0.53661489573431909,0.46443110263350623,0.25771640155878339
9014,0.68399429966491887,0.2947483985879808,0.47668482529290807,0.25839229745166137
9015,0.59587388390592533,0.306624054475443,0.47537246706812869,0.25828503893273291
9016,0.23124008834912677,0.99059909208241159,0.47739217828421032,0.26587459539419389
9017,0.01218701228905702,0.035229924625845163,0.45476895220142294,0.25045306213048846
9018,0.70824314168720748,0.15153852966615233,0.47433208460637988,0.25605872224800191
9019,0.17933655180848437,0.78440765146290647,0.47254991180361972,0.26256252617894998
9020,0.8701345286462806,0.025798765904235188,0.47406098762251281,0.25419091644316011
9021,0.59179023215217752,0.75560879470844522,0.48365632448524909,0.26565533232212796
9022,0.27934543260309147,0.67854867782454242,0.47424944163119781,0.26209932179350492
9023,0.088123247280472425,0.3666184053888894,0.46261128073600599,0.25564948255703712
9024,0.11723104388696376,0.69669116392302088,0.46876894448223921,0.26053005705056898
9025,0.60223626724103241,0.72478071140703981,0.48329897115645959,0.26520517723026388
9026,0.44747703079535861,0.1157793643510784,0.46899984110243914,0.25466390687663937
9027,0.98092688266584882,0.97389903103787234,0.49334203416473804,0.27013297458614099
9028,0.68324261978260481,0.65480510889211441,0.48355765043105248,0.26445137396556889
9029,0.6695765152810258,0.57911133425993622,0.48185981315497023,0.26311236818060024
9030,0.049609247906750538,0.21801668637188851,0.45889284370307037,0.25322791337598366
9031,0.66888380742481679,0.89944390285004638,0.48771884015825234,0.26831440584706101
9032,0.83978980465651254,0.2290998751232517,0.47772290342390855,0.25767223722231208
9033,0.96249099072887334,0.41774977561043342,0.48312553423448962,0.26126719774797269
9034,0.94592744433105702,0.21334414073204391,0.4787435834666407,0.25758866965117461
9035,0.27346494892615597,0.34057039853011956,0.46848370605783196,0.25705108912414087
9036,0.6511622413240955,0.1653110606025788,0.47369217928511936,0.25614223084325421
9037,0.27892482033608251,0.65199340507042369,0.47379469818128128,0.2616996703622439
9038,0.35283474888602506,0.67628678817554611,0.47639842256971277,0.26272030935420038
9039,0.21627807862953052,0.03473684585046722,0.46190258402489803,0.25225610111860308
9040,0.82938646888850487,0.38344750927946297,0.48064609389965424,0.26033055403345762
9041,0.46311021521893564,0.99294205406609692,0.48414052822216436,0.26791703432186226
9042,0.62808522873552286,0.9749691771135317,0.48764194209885714,0.26877658046172997
9043,0.31293694356429624,0.16088894066273934,0.46660776596303793,0.25467744817424237
9044,0.74653769710735651,0.5728544160362683,0.48308745089579891,0.26332835397344395
9045,0.86780756403846904,0.32418445169505428,0.47999715171051466,0.25939217715840246
9046,0.99350303875223045,0.34084138609321091,0.48192207318787467,0.25995135490022803
9047,0.88238761718369796,0.93599118819207661,0.49169609758588961,0.26956499829347447
9048,0.38939289886687184,0.47792184497007406,0.47395892225961767,0.25994564295730538
9049,0.89042427733697704,0.16102247934698827,0.47701356269680778,0.25657698808970258
9050,0.70761770442695127,0.17458070877582069,0.47476366340750425,0.25644368749525798
9051,0.32004180044907843,0.73508146575187572,0.47644667153121933,0.26333021887677882
9052,0.079321884944976787,0.81350052061813183,0.46895167502158341,0.26160277451845815
9053,0.93830085714393063,0.14691740402869183,0.47730200257324445,0.2563996108750094
9054,0.64126358826862417,0.63613266112351552,0.48241073713455668,0.26393568709695159
9055,0.55169496458595391,0.62056554419152676,0.4803006786649629,0.26320650035450566
9056,0.55372157575868775,0.65377675114512679,0.48095593026965261,0.26376004327556729
9057,0.32561287686674623,0.63238146268591522,0.47487032504072613,0.26182247528612057
9058,0.83803845516050945,0.45661043023940873,0.48222680088731867,0.26163045296710385
9059,0.23923770838462516,0.032968303663993719,0.46253409573764748,0.25237953512308375
9060,0.79521699385066746,0.21078298800742487,0.47675015770473278,0.25726146212816853
9061,0.40453753651989394,0.68961266146810962,0.47804077690484087,0.26333887761401237
9062,0.13756284337303368,0.24700708978489277,0.46265274060258005,0.25455668144065974
9063,0.82189470904619677,0.80066318168739103,0.48881610738132741,0.26758488932833918
9064,0.00071493284170283009,0.32372158481002555,0.45829242569498457,0.25395590298417847
9065,0.39620108285701133,0.25371400369902841,0.47024830198690654,0.256543014102808
9066,0.13308872814805944,0.98134861209398372,0.47364398394185409,0.26458775896636211
9067,0.61219822262827084,0.11765262961440022,0.47215190832561238,0.25525239663382449
9068,0.73521719719056278,0.59371443331009943,0.48330179687758845,0.26364021842707952
9069,0.41087578865344404,0.86581881295308705,0.48129887495231433,0.2661462668173325
9070,0.52619986738342561,0.28991328161709246,0.4737252735510854,0.25773444552686825
9071,0.50470349786662272,0.84453876725555166,0.48332695457402564,0.2665416879108683
9072,0.36341865791581801,0.30402363614124478,0.47030943888573395,0.25712082184988544
9073,0.56683835946371552,0.02565203859381145,0.46968134871600697,0.2536432151014148
9074,0.72403257470022664,0.64706917979867429,0.48414272929815894,0.26450460232867179
9075,0.50701477129397676,0.97446347271978162,0.48504780712021234,0.26807713146635831
9076,0.88367420786678563,0.070101979226956615,0.475107724614246,0.25497790099287332
9077,0.2509867751698126,0.16851486126006349,0.46503608764273602,0.2543906162464416
9078,0.40870921152749801,0.23716851067872488,0.47025552727464193,0.25635550037794752
9079,0.91257022224817197,0.69621917218588059,0.48812631914275195,0.266096409755612
9080,0.099912408217263882,0.4964856127464562,0.46502510281986997,0.2575507782070669
9081,0.89618859172085064,0.31790096725024053,0.48024633019468826,0.25934531576788666
9082,0.38240644667466406,0.91760749415889153,0.48129667283064287,0.26661227227574413
9083,0.40713505889532392,0.20612775004495634,0.4696817854982232,0.25587138138993071
9084,0.029020907906175127,0.99495798346410735,0.46918752793113661,0.26311969098848592
9085,0.13187445749858162,0.92479073415106405,0.47288695555432236,0.263920147080417
9086,0.93947604441685839,0.2851724815269816,0.48012966626557768,0.25885367664998404
9087,0.69093569193604643,0.46137956614136932,0.47998863544588988,0.26121758346546037
9088,0.019206109357310926,0.88748021596312765,0.46725361101782165,0.26161296235524845
9089,0.45955955893724459,0.85540902246233308,0.4824015365315375,0.26637761759300665
9090,0.33540622657689967,0.16499291416947964,0.46725260760864623,0.25486842162360912
9091,0.53014767315260836,0.57685603806223962,0.47903415369838598,0.26237485647619657
9092,0.16692947222673102,0.026425635014835282,0.46027120125100768,0.25179116211553676
9093,0.067616637819923928,0.83957772729279245,0.46882370473925405,0.26177816263640291
9094,0.080683331652812204,0.13462434215439717,0.45890148277878329,0.25247878324858819
9095,0.64174241456341696,0.10478380054574227,0.4724019906327846,0.25512013597973771
9096,0.17870187782522989,0.95320664634491559,0.47511214184276829,0.26489575451895125
9097,0.60266724030541952,0.15166839416633593,0.47261927005679433,0.25577905441408311
9098,0.32422702691444427,0.95867058786792914,0.48008273329518869,0.26653107003837717
9099,0.1337974024886382,0.16199205682029716,0.46123132000776329,0.25336195083767177
9100,0.64597026472986907,0.039968091229267887,0.4712563781104821,0.25406615389530074
9101,0.62516190489475842,0.91833995310555916,0.48707828055516622,0.26828564363626267
9102,0.73398270296201806,0.63678267035918545,0.48411676271936072,0.26437174702837224
9103,0.47912278358434562,0.82219135281284106,0.48229976930264712,0.26599649017614907
9104,0.65218711274160301,0.13259966340166282,0.47309338882738733,0.25560491293627158
9105,0.5211781155172619,0.73980203868449901,0.48180922485713346,0.26495996784095099
9106,0.24075031290579357,0.90707146503267577,0.47673351029565186,0.26507168613941634
9107,0.97849063431018735,0.77951034916312212,0.49076134177374164,0.26781678492893518
9108,0.7803022900558193,0.25515032718925507,0.47740764772754818,0.25798822450481779
9109,0.84926530640848219,0.39586436092754596,0.48117593017632782,0.26060061774942461
9110,0.52721648862865989,0.21426551547750133,0.47237470208357962,0.25652939311920608
9111,0.20585325559551129,0.46715235635415886,0.46842676908595471,0.25830226993700112
9112,0.6526989988966031,0.53506139814347264,0.48071138627054599,0.26229852549728866
9113,0.94344829543434316,0.23222232697788861,0.47909882504785672,0.25791992711946954
9114,0.32272230634588056,0.9816076849753852,0.48025118487754331,0.26671785784710444
9115,0.60442496726618855,0.85343779426804978,0.48573567959467995,0.26733920006643391
9116,0.53458629530066393,0.9661214574015351,0.48560950736538011,0.26818770628331479
9117,0.26907011934664332,0.9543615428754012,0.47830597047264622,0.26594649266080533
9118,0.074567856540030328,0.39419921398150037,0.46247882340865537,0.25585554472988675
9119,0.78844240328985038,0.1799815243593301,0.47605126401937903,0.25671874439869191
9120,0.76114396923411409,0.1200980634902022,0.47450053737309306,0.25564245793439533
9121,0.72664913922994168,0.92276839910311403,0.48904755639830649,0.26883388670162917
9122,0.56912329638964732,0.87292027156093388,0.4852928872152158,0.26740728643009554
9123,0.93178423921548537,0.13182237394441618,0.47691967835625187,0.25612387945444409
9124,0.53359273948158381,0.97830509594510084,0.48568098116514102,0.26827115576001931
9125,0.35441701894776195,0.60309904789348379,0.47518742992528928,0.26161264467376649
9126,0.94989010226527471,0.013700088560895529,0.47472558857565428,0.25405758708343368
9127,0.53488263986703244,0.58017537356190152,0.4791975050837427,0.26245524435728135
9128,0.40984186624932339,0.10250148983184482,0.46795386598279892,0.25430010158942845
9129,0.27564032330060145,0.56944517957364438,0.47232328778811822,0.26044299177678559
9130,0.40125835345677335,0.30959769265354847,0.47133495665292552,0.25742786260249778
9131,0.49319019884803567,0.87041971543385888,0.48349460927186516,0.26685749993288405
9132,0.19516896758006189,0.23438764430795567,0.46439111472923794,0.25490090787533171
9133,0.77664478859476516,0.70424311143317031,0.48616146522260506,0.26571385316269752
9134,0.78069922410974979,0.18594672627992695,0.476059289592351,0.25680444332426139
9135,0.1290116076562903,0.77009924565580445,0.47037650159486727,0.2617124365001004
9136,0.98554651304030561,0.92197939790397654,0.49302417239944241,0.26978264817156894
9137,0.66992343736492332,0.55820308826611142,0.48146741363472495,0.26276225511072798
9138,0.19820716700284977,0.61489756729585354,0.47052673278145812,0.26034453142442854
9139,0.38893121275784215,0.41427914696995866,0.4728451527385677,0.25896285157406329
9140,0.45697078643954592,0.3361665807753918,0.47308850374504796,0.25814151376449196
9141,0.40057844132852044,0.73093133686367651,0.47865852786922525,0.26395285661860679
9142,0.13026712464751908,0.55899113217206908,0.46716357860624813,0.25878149070607076
9143,0.12696041743726239,0.62091433733118462,0.46798936721660378,0.25960188024319103
9144,0.69144983418298656,0.14273704608964036,0.47390652344627276,0.2558714129299931
9145,0.65544035649631405,0.90484652329544779,0.4875243940698506,0.26830499095290244
9146,0.55118404854409164,0.066288746572600213,0.47014291072951842,0.25424906745499404
9147,0.42925901506919184,0.77853220533003342,0.48025426271055749,0.26492471422335451
9148,0.40158812920277709,0.072404014473257131,0.46725295087016727,0.25380619214089478
9149,0.54224417253962021,0.44310974136610748,0.47684364257903722,0.26027374623281235
9150,0.49470350722431905,0.90429342448845274,0.48403518438382764,0.26732333413469078
9151,0.42082208322737136,0.99282956400137634,0.48307391906056651,0.26761250890218868
9152,0.70525156591184213,0.95615182916388153,0.48896040374758376,0.26901558095504768
9153,0.13212900044802808,0.94933086903431685,0.47323384865825752,0.26423121453329967
9154,0.81853112795104976,0.77641646777262219,0.48828046773749295,0.26714680309691324
9155,0.80962758831958059,0.79001983147746657,0.4884024409296977,0.26734561355763609
9156,0.39705382659769384,0.053104812165151817,0.46682151102879194,0.25349423713900493
9157,0.71213379742020044,0.94033057901511208,0.48895302318506245,0.2689223894460559
9158,0.77218256395695495,0.97850756345136325,0.49027847056876817,0.26945397787294573
9159,0.6003649648393854,0.30260618325489341,0.47538032431931848,0.25823616630118135
9160,0.89748717271023204,0.00065476954827317971,0.47387829461488412,0.25378187873135166
9161,0.25659077544786268,0.40817627408503321,0.46908878984522817,0.25790526046637841
9162,0.44005149870152821,0.81800264219794194,0.48123464648070163,0.26563275897575106
9163,0.89291208111370213,0.9226285148933181,0.49173532911230938,0.26949189688455633
9164,0.74536916844066003,0.44878845496961151,0.48065310962376884,0.26120048618931763
9165,0.75990395465063632,0.42027139889941317,0.48032858966183778,0.26076070779578558
9166,0.9482816712945118,0.22133305295844333,0.47893438684442258,0.25773440466881431
9167,0.58721408630759697,0.28875108088679846,0.4748809307961056,0.25796046713461529
9168,0.4158072013819008,0.71722450953117811,0.47882148935609908,0.26385697443476375
9169,0.92525221699309768,0.49137754337628142,0.48414531127091437,0.26248935161618775
9170,0.13050394773617155,0.42082805318908068,0.46505115844296263,0.25687174619856656
9171,0.84905103543327431,0.90517813773754752,0.49089949705380714,0.26917227122758941
9172,0.62743027886302449,0.63007050742885329,0.48202765041377271,0.26376577001494478
9173,0.37589318339895689,0.99623328428001845,0.48189639317284405,0.26728646764025099
9174,0.15611546603696189,0.92224066222073742,0.47382670774645003,0.2642228864048719
9175,0.6739265550915734,0.1344633415339864,0.47347579574989013,0.25569087077018887
9176,0.9249016998371925,0.96683523129335369,0.49253600805328096,0.26992273052640309
9177,0.323049717841635,0.48707983907136371,0.47233960281837906,0.25960747859914007
9178,0.59061057126336969,0.31023177843346494,0.47534197821755431,0.25832393445676982
9179,0.56339886881114221,0.74729398061713448,0.48289209568384561,0.2653482600213487
9180,0.17658625977205811,0.93653984807851964,0.47482010994503826,0.26467444346115282
9181,0.29445923280225839,0.42338411253885133,0.47045951175653711,0.25843408433293641
9182,0.17171249671051048,0.37618071169437611,0.4658342004501928,0.25668007391282982
9183,0.91241307240644243,0.001293352596240584,0.47406055850244444,0.25380683787087854
9184,0.59165886177992211,0.43392575898260111,0.47765924286173034,0.26035347848405571
9185,0.44790648150203055,0.72425851630057447,0.47976911969817793,0.26420708688498601
9186,0.87588344078873048,0.16872702525538627,0.47698704564612415,0.25668801497507698
9187,0.72947090631463807,0.45216423968627356,0.48045986754379194,0.26120282022605207
9188,0.88920296187637138,0.054743519764707892,0.47486592800283028,0.25471675052243659
9189,0.91493212497484644,0.011206332409603056,0.47428847830649917,0.253982738516912
9190,0.91456836693406807,0.3628555819969741,0.48139441374385927,0.2601805006753044
9191,0.54906970017148415,0.92362117688840961,0.48552673806215002,0.26789770299742982
9192,0.48248572960001185,0.92458970682657105,0.48399056694686687,0.26746707993190982
9193,0.004290408228884917,0.65789985486503,0.4632027356214431,0.25832635355307548
9194,0.50469971210093945,0.98367308021789657,0.48506375048635253,0.26812888330507145
9195,0.92822820836027387,0.89967961140436825,0.49201767509171995,0.26939906166634492
9196,0.73718651666514345,0.70372236530132359,0.48547252549896341,0.26553201659557835
9197,0.12526777950312243,0.15303965436838335,0.46079850814451595,0.25316171597021558
9198,0.11258868527103914,0.69246924572460122,0.46851619997101263,0.26040950657116785
9199,0.87463399753078119,0.300887206616404,0.4796209880109395,0.25899914838432764
9200,0.13829441369062989,0.81959503450250482,0.47151855885212324,0.26253397006712875
9201,0.83395318942271413,0.98125869441175606,0.49128601961282337,0.26970514560073378
9202,0.53492646060594129,0.78350438988435789,0.48292303778591289,0.26575976405220403
9203,0.37186218732664128,0.34793029571826339,0.4712731534108201,0.25783990200820739
9204,0.058268964020477147,0.62321230768266833,0.46518170926196456,0.25870658897294052
9205,0.84389488844453597,0.78896863416651031,0.48894128189272046,0.26747370652645153
9206,0.46206678169901716,0.78299698870725698,0.48117224385265411,0.26524419908468128
9207,0.14949690465218154,0.6713511379898176,0.46964195359955063,0.26058767036228281
9208,0.79214266067881833,0.46607202840707035,0.4817276632915522,0.26165301224072612
9209,0.88244462727872897,0.9615666171398829,0.49188999065411826,0.26974986763282793
9210,0.95267061735646563,0.71534045534533219,0.48908720677345618,0.26657499872330903
9211,0.49056777933820855,0.36059439400912963,0.47426029706295142,0.2586970507848052
9212,0.4633520514209406,0.86832309693199361,0.48271922518865112,0.26660468794481806
9213,0.013658445780735929,0.43445855616516199,0.46044733104426261,0.25556577453031687
9214,0.23679739552572138,0.63947278500596305,0.47223502706147807,0.26110391135621802
9215,0.63356665280960733,0.36007801065655659,0.47705659762765285,0.25930703796510218
9216,0.70368438634722263,0.56713182220928138,0.48224211652866394,0.26305734404974257
9217,0.42762324931608747,0.49985340316767107,0.47529467963219235,0.26053601944783583
9218,0.55141146361710269,0.57675113358719976,0.47948819160321754,0.26249081424132886
9219,0.27430976131377977,0.030153788298449946,0.46344999406672066,0.25254890613663294
9220,0.45377704257433071,0.47813153368196221,0.4755343310197494,0.26035590249068397
9221,0.98666290487422381,0.77622741298280884,0.49080721334382738,0.26778560313643468
9222,0.47288352950297996,0.34169567841243698,0.47353860108841034,0.25830966834625813
9223,0.6817565862120013,0.62278797198637625,0.48291741109512604,0.26390353801138577
9224,0.4579639035633416,0.79385316404540796,0.48126319715761995,0.26538658470715626
9225,0.39087104814945489,0.19674679230026668,0.4691418712864977,0.25564551956700049
9226,0.68382551000468672,0.89766180376793492,0.48798161411702551,0.26837027697851673
9227,0.056724710380949547,0.32350566734230379,0.46071208295343835,0.25469617720120852
9228,0.66802420890618819,0.58408935619202684,0.48192622456688122,0.26318913545993039
9229,0.46239275368679084,0.19610948340260656,0.47072857053471939,0.25597545050759168
9230,0.87477250918295468,0.08785980252976297,0.4753553464691776,0.2552756742134577
9231,0.51454255530015802,0.21876349154330094,0.47220567847518025,0.25655100678962628
9232,0.47873254205569393,0.3819130744858063,0.47438495316054086,0.25897501057677091
9233,0.45918503813269779,0.76871216000056597,0.48084470410743074,0.26499546887383368
9234,0.7616286675549695,0.18045891670723213,0.4756802503565028,0.25666926801338419
9235,0.70169767654259918,0.65964266004621752,0.48398750570969301,0.26461881067208809
9236,0.0064052045615972022,0.60296773980202856,0.46251730173652833,0.25764421050078995
9237,0.17627295426916098,0.36188831916478231,0.46576673072899655,0.25652364136291833
9238,0.63502459994676752,0.24474268038385782,0.47491431137169782,0.25740543949676148
9239,0.020845980685378893,0.15031119721316502,0.45673802585728512,0.25201086472498652
9240,0.26553850815136687,0.42138513295055602,0.46957534629477959,0.2581727381888676
9241,0.88354226534244373,0.8990433236258919,0.49135932248742248,0.26923851807222726
9242,0.69371841416690727,0.22763399424290984,0.47556113964596081,0.25729673641072326
9243,0.71553225417562061,0.16950554652457359,0.47478711547086655,0.25637771448065938
9244,0.025818904317019043,0.11818105476325146,0.45649406196700559,0.25166105948841988
9245,0.027122394174325749,0.17333198126995703,0.4573265073515892,0.25238130189104574
9246,0.74445223303107788,0.18984950831251918,0.47561195454719007,0.25678964448514502
9247,0.02065342031404143,0.93173345486597403,0.46797178293788594,0.26222910616417705
9248,0.18386075602347265,0.09305202851531795,0.46182912875237481,0.25283688706655277
9249,0.82879535870462429,0.22857328753533074,0.47756416289671455,0.25764022387957564
9250,0.031047528163192329,0.10727814314233838,0.45655599008077008,0.25158287518608452
9251,0.87730168184010549,0.32229299165442354,0.48008623106764275,0.25938071697584264
9252,0.7326616510422318,0.65245652351848549,0.48439803329938558,0.26463421452339159
9253,0.42815056415816072,0.30604692952054319,0.47190447875200275,0.25752051116812913
9254,0.68798973099855942,0.81825912787913113,0.48677801217206784,0.26724291780945508
9255,0.85096842139704387,0.37981317866313041,0.48087926201026243,0.26032449024096227
9256,0.46116167994068236,0.62853225186608042,0.47838879494857284,0.26278110490215373
9257,0.7202450161477435,0.83667213423206699,0.48772944888779129,0.26771552442889301
9258,0.74552732271055,0.72815885036495753,0.48609414469792722,0.26598904464539158
9259,0.053419820083363448,0.077001369381661064,0.45702138972208184,0.25144185567203547
9260,0.91186421895656977,0.51219575643645365,0.48438656931214924,0.26282255675060068
9261,0.79906860066271623,0.44795087335746503,0.48147615922768616,0.26136155574036324
9262,0.45905427121132381,0.5068982994252933,0.4761693398596662,0.2608414233013483
9263,0.2889096480036038,0.45164838948777181,0.47076792549057211,0.25880941313720407
9264,0.22041343806890074,0.056911998490535194,0.46237217252513196,0.25259510490547565
9265,0.34970869024432033,0.69268932309135556,0.47659106274392615,0.26294536064480467
9266,0.52927249081897321,0.059174753625725864,0.4696139554194218,0.25406981293720271
9267,0.57192880135601165,0.059340726985002409,0.47038474953188508,0.25419713644237929
9268,0.90095465270840802,0.81503368077002236,0.49034732613120935,0.26815934235959865
9269,0.88164869708906635,0.56576400221105438,0.48504454171068095,0.26368088629859443
9270,0.76433579220235126,0.032415759392024485,0.47284420768767932,0.25416202562915752
9271,0.1251197816672153,0.4136571332231746,0.46474077415596554,0.25671322042798989
9272,0.53875889434019342,0.28115195066599408,0.47381568612009628,0.25764661179966947
9273,0.38556576265034964,0.02273830101460917,0.46604718903189918,0.25298737042897568
9274,0.14239372060467723,0.12366262166615342,0.46094607235987339,0.25291796967369007
9275,0.64701596586493548,0.25287125316892056,0.47527219720826114,0.25757816075931339
9276,0.18611249042215061,0.72390053994638148,0.47183584862277184,0.26177497147282963
9277,0.385246364101267,0.014786877332732548,0.46590498078045001,0.25286648536019746
9278,0.92477070130951478,0.069149468545976561,0.47556945096186476,0.25501027464803844
9279,0.47194550621398962,0.99690469748607136,0.48438155925251819,0.26800281971293216
9280,0.8080685884900275,0.39593387667177016,0.48058353966597595,0.26048785070887115
9281,0.41759160413391661,0.49796907040724764,0.47501574110918454,0.26044226046465457
9282,0.82825163717326944,0.14629382039423799,0.47592779489248521,0.25621615733997838
9283,0.41468192154035205,0.61023201539340666,0.47691236874484338,0.26217409264786895
9284,0.246777489092981,0.70627948173395128,0.47365791216016634,0.26218675738113401
9285,0.3400370957333711,0.77892249296769733,0.47778704712974762,0.26418054008018899
9286,0.17647961011208829,0.70824560418232585,0.47123401971090517,0.26143700089934302
9287,0.85360786374671149,0.59842622435755333,0.485288073861598,0.26416402341434508
9288,0.41158937566551612,0.40800889635506321,0.47329519791322716,0.25900697231748238
9289,0.61746026925774067,0.99678817096488781,0.48757552552280503,0.26886230664487532
9290,0.61165413713789318,0.4039997248649248,0.47748030308350825,0.25994654720274829
9291,0.045721579472103625,0.77250610528608088,0.4668272734359768,0.26052182605143309
9292,0.87662394140019317,0.4620959565454279,0.48288718893332705,0.26183757622591997
9293,0.78594856380805145,0.0067696899004629817,0.47263400357854707,0.25375889454466183
9294,0.98585653861620226,0.49241506009799196,0.4849543416973669,0.26266360617442314
9295,0.94112862552342713,0.32629875363154576,0.48098839198300547,0.25958836911077382
9296,0.24493965366365156,0.50752305872129511,0.47034793509700462,0.2592538127169362
9297,0.025260831448913085,0.56527764084764065,0.4628557063578273,0.25744616116854691
9298,0.85891154733834552,0.95366425810555233,0.49148280367390351,0.26961469187959297
9299,0.69267706247334138,0.75216746434272508,0.48559963892135005,0.26614610461568727
9300,0.84684486027535744,0.19768634965630483,0.47719185537934916,0.25714058570035153
9301,0.32697715031775881,0.19247853353790706,0.46749737913913725,0.25522817364865408
9302,0.54914497237129833,0.55369128076493512,0.47901621447536397,0.26210322106956024
9303,0.40006716148314303,0.93908057728110583,0.48204042925363433,0.26699599795145396
9304,0.911409517252876,0.97561879508198479,0.49240000614686191,0.26993345609796499
9305,0.12277570366758156,0.52542823523901172,0.46636013517203417,0.25822659942292669
9306,0.84000571550837488,0.27641226444536593,0.47866657772000754,0.25849488189056724
9307,0.95122528582779931,0.72538886689945359,0.48927209009427691,0.26675032614087441
9308,0.69700502094678818,0.40950974180424821,0.47909731940020145,0.2603650044457721
9309,0.98412641449893135,0.70135598193538606,0.48923358731162431,0.26642603412520205
9310,0.39579946157467788,0.010357762671227101,0.46606379868780617,0.25284315265911383
9311,0.66332847155152119,0.1970266792585724,0.4744896598240132,0.25670128590760527
9312,0.00066323594687273731,0.25185293890734906,0.45728395671598265,0.25304112644443777
9313,0.19030149661522591,0.0029044680083985443,0.46063391208719617,0.25163687143610719
9314,0.44965322268769381,0.67885179112715421,0.47900467035934335,0.26350033630776859
9315,0.38631772630998168,0.99345443707286618,0.48216190670888681,0.26735086426088489
9316,0.0663823389429017,0.13407829963098047,0.45834666248262607,0.2523214441840656
9317,0.1267284843396512,0.93242300921574939,0.47278435176711864,0.2639464796432428
9318,0.39227292189194124,0.90875830876732955,0.48145245118887575,0.26658806288552278
9319,0.12774842816720483,0.49009717058920071,0.46600888489982129,0.25779692796224435
9320,0.002506635117426049,0.49400837469658587,0.46077927984872041,0.25616850357981596
9321,0.095992685222590815,0.63745282788797053,0.46699843587436546,0.25942788521703863
9322,0.78996009002275536,0.59878768466148757,0.48430746869976432,0.26394204134348831
9323,0.69910395526975633,0.11915723656251795,0.47357456032499873,0.25549568671712974
9324,0.080794922968267943,0.042495732146839146,0.45756416429485175,0.25127063626384166
9325,0.58117281748052929,0.67386836425639929,0.48191096238907077,0.26424564351912644
9326,0.53416353007556172,0.19819847120827763,0.47221856024529729,0.25629927017864967
9327,0.92206623525187614,0.045066482966055629,0.47505200597221997,0.25458386993736065
9328,0.39872736125424274,0.93386229274052901,0.48194560151042926,0.26693108396122173
9329,0.41361903324889721,0.55596700713242175,0.47593350976694015,0.26131975621602405
9330,0.69158638594475341,0.89061483669107555,0.48803930365273962,0.2683284383571477
9331,0.20189291846564739,0.0086434033218189144,0.46107063869301423,0.25179557868828456
9332,0.16006076831620886,0.3201447809612728,0.46456091676084948,0.25578378012994712
9333,0.5283467148613068,0.24773499120228226,0.47300318764388583,0.25706854755132907
9334,0.87153331020321934,0.81294016411799241,0.48985504211592007,0.26800733934395227
9335,0.96391238125179668,0.95963930385293206,0.49302441053744012,0.26999506677181284
9336,0.15128158981160961,0.014529810848634224,0.45958895671485867,0.25150943196086911
9337,0.86278006484064973,0.45472330079333628,0.48254435361326581,0.26166899148585882
9338,0.31718729498082543,0.8834064382897574,0.47886840523580232,0.26555175081705745
9339,0.30347828111263225,0.48222521522579481,0.47170078654332681,0.25938114769325971
9340,0.87258425437492559,0.54404212678548647,0.48447699888210372,0.26326925008514823
9341,0.71744608945430954,0.45911499618767992,0.48039504595865895,0.26127793270522348
9342,0.072618039049289651,0.73497438161637396,0.46747579435463005,0.26042914503772779
9343,0.86983460819503522,0.91853915629395055,0.49135279311346242,0.26937443440672348
9344,0.22449248156807153,0.75106101246929025,0.47363504567381581,0.26260569247468041
9345,0.32208607311384985,0.068577410061995039,0.46531196196012292,0.25336925122061299
9346,0.20732248618892629,0.70513247027719628,0.47229376865001388,0.26174674310410545
9347,0.77259197615062591,0.38315031921371123,0.47979936623437675,0.26016333709404033
9348,0.52517258846332548,0.59263706622427559,0.47921361854239886,0.26260183304559304
9349,0.062558655469084623,0.32457518376087535,0.46096663570346252,0.25478203961993184
9350,0.26279641609404936,0.29936966208704979,0.46749863764149063,0.25636846655824175
9351,0.95751277203973151,0.86665909279464981,0.49202930055454408,0.26912989926042646
9352,0.60043570190753093,0.1699462634671596,0.47291897672834504,0.25606987694420152
9353,0.88319177634351664,0.0015129424917395228,0.47373044459230057,0.25378294476370267
9354,0.31700699567022966,0.86546215936964155,0.47856395133712654,0.26528152018243922
9355,0.41951838024054888,0.47651783179197232,0.47468691355609755,0.26012041960307242
9356,0.36087549758559329,0.23585990854684497,0.4690855343897064,0.25607519133938655
9357,0.79801313722055645,0.97131622275508711,0.49065435961892467,0.26950941648961441
9358,0.41228051081035522,0.27282953618754402,0.47095737975475416,0.25692262933785137
9359,0.21162033340643394,0.35740653685090362,0.4668648404314848,0.25678611199724727
9360,0.58962149373173012,0.97350170632126976,0.48685251924365291,0.26856230516132495
9361,0.095075713492033545,0.2045553661950282,0.46047151504507877,0.25355543413797454
9362,0.32056000194136286,0.11515513823513175,0.46604563032787649,0.25404700160406685
9363,0.57758420334098626,0.36625682872860926,0.47613310954283983,0.25918583785504568
9364,0.9670628244094901,0.83966172068292511,0.49175499628919184,0.26879578584576153
9365,0.8693398269239464,0.14028251784140011,0.47633583524623235,0.25618096899126197
9366,0.8995955204152154,0.61853137044300099,0.48636706338541513,0.26467242571167665
9367,0.48288383860961764,0.46568656956729249,0.47597790913491,0.26032634653256165
9368,0.22945854948760244,0.94319831594560533,0.47683529676764586,0.26539376094499262
9369,0.93234777396208379,0.1841029881445109,0.47798746936598802,0.2570489885879525
9370,0.054969008965569083,0.53468878727470304,0.46373104285822259,0.2574741658491671
9371,0.68245704588295197,0.71249302777465207,0.48464749685312752,0.26542308702249151
9372,0.96900266776267685,0.64266489371700453,0.48782405276450774,0.26532189460389477
9373,0.95737525896752484,0.12857415910478451,0.47714722199638793,0.25609946301710956
9374,0.53903644595762024,0.42594868611925052,0.47646365337760033,0.25998072728578853
9375,0.0046729675981099722,0.6305218363688212,0.4628289204204305,0.25797531267061719
9376,0.087655806534050501,0.89010650839857985,0.47047891157243216,0.2627846788180388
9377,0.97696158152994472,0.81866083489448072,0.49152129504782804,0.26849951417297169
9378,0.20175783936065855,0.99218163994407527,0.47636869064826443,0.26555402455592292
9379,0.11045721702858573,0.40878323757400503,0.46411153935058275,0.25648051512492681
9380,0.37484178863685813,0.40705125595844588,0.47236389213213037,0.25876119437321538
9381,0.48420183440366527,0.65402476925899977,0.47939468130195817,0.26333842603948709
9382,0.34021545033712175,0.093849120659835181,0.46618172832749294,0.25383723004165348
9383,0.38217149552643537,0.83133521700458368,0.47990372638211942,0.26536359349650385
9384,0.85666626834577186,0.33768547200189203,0.48011621969004192,0.25960219684728447
9385,0.34071885554838227,0.057404702878568789,0.46558512371794958,0.25329942202045169
9386,0.026459900042403024,0.63199003406789855,0.46387801543642415,0.25834387273855575
9387,0.93294088792201368,0.47912794542593184,0.48399847726089207,0.26229156127072978
9388,0.28560233628567078,0.16571262971075484,0.46595893386228199,0.25458008373441932
9389,0.44135409965241562,0.66927576821913248,0.47862795071062902,0.26329046361425812
9390,0.69114831011801725,0.32869921921388012,0.47745136645588554,0.25898464253640618
9391,0.94846678461931877,0.24485857529964997,0.47941655761331525,0.25815301648390149
9392,0.84308143161971827,0.1059704314093222,0.47532110215393897,0.25554383663758756
9393,0.27990620181955167,0.7359867745286901,0.47522333803276945,0.26296200330609415
9394,0.37465420527303361,0.028891127772408074,0.46590454965004208,0.2530328180694944
9395,0.16029963636127068,0.20967898789482425,0.46286392506775098,0.25425507451692769
9396,0.83014851066725104,0.24410619727504673,0.47789050999782096,0.2579122521867892
9397,0.8731170610422152,0.92630060502785494,0.49147525563554006,0.2694544882868869
9398,0.063669989935692867,0.091865027942380412,0.45763233009340631,0.25174251116034435
9399,0.83007523255118876,0.49738981611343336,0.48292130085423468,0.2623179206941666
9400,0.4599790140010766,0.53691975757899935,0.47672595018499525,0.26132174410716369
9401,0.087247536339296494,0.76910910464384363,0.46862477935258506,0.26111192352366636
9402,0.73062934605811025,0.88583536816878483,0.48869267969218272,0.26846076085716575
9403,0.14432860833766173,0.079204155123943937,0.46033811747698455,0.25233042877897599
9404,0.57769288130236085,0.58104708195963184,0.48011488619736692,0.26270092364665143
9405,0.61301737935763079,0.60952832552060721,0.48135779851374744,0.26335190677454634
9406,0.07622057165150764,0.49567163701873507,0.46405217081708039,0.25723837848696612
9407,0.37374552844549763,0.94386033742557052,0.48136651866540053,0.26682590891615227
9408,0.66584127100253254,0.23941511570598231,0.475333343927689,0.25741294102383933
9409,0.68335693133427999,0.096095789467648143,0.47289545954003132,0.2550759425309278
9410,0.26055699823164613,0.64304298019254347,0.47306648962346493,0.26139164577836899
9411,0.73003147588354766,0.93566102871833146,0.4892300059356724,0.26896369423083122
9412,0.38563168337050596,0.74883495432265335,0.47856523268372175,0.26411092516250373
9413,0.039361154450068721,0.34400068644563436,0.46028187921058722,0.25474425430884401
9414,0.60672140007136621,0.22616940469477559,0.47407326816640522,0.25700768673447161
9415,0.77274669300654208,0.59488768680557835,0.48395173271346059,0.26380909114317563
9416,0.23038743649175158,0.33383374571002788,0.46708017327265905,0.25660963116185509
9417,0.00024191939126467333,0.27781835976022995,0.45762791933316804,0.2533649484062202
9418,0.1750993317346205,0.94586078578116151,0.4748855915321164,0.26476722832670979
9419,0.48184446775758411,0.027861226715624798,0.46815281513884199,0.2534264141983541
9420,0.51667219757015126,0.13542095166622894,0.4707472160821734,0.25523616587893
9421,0.39014247637923111,0.37376944668939105,0.47217482724304283,0.25834807942661669
9422,0.1340368339765235,0.55040235404405979,0.4671752349939795,0.25870708009919818
9423,0.98230014172150992,0.81049243639226765,0.49143986163691844,0.26838036433620976
9424,0.5395513232400525,0.57357062125402736,0.47917709098364525,0.26237409764536146
9425,0.45558724199506689,0.41674145800106926,0.47448610730666113,0.25939979753946618
9426,0.044250791267643218,0.65593619743151366,0.46504134636467997,0.25893651369015902
9427,0.80011290076401786,0.32282649572069061,0.47902429814197189,0.25920210198525079
9428,0.86672559598513188,0.77059647165843059,0.48893504685852363,0.26724341772997068
9429,0.30495641313273225,0.047008307312137912,0.46452347220629592,0.25296235307685666
9430,0.54375676847362198,0.61982181847324824,0.48011623265233944,0.26314936205883588
9431,0.0074677829600754203,0.49325823918959361,0.46100050230998141,0.25623503325693259
9432,0.30719737087847898,0.11774953555053798,0.46574509200928527,0.25400955630159527
9433,0.15625879059442085,0.41596706500713487,0.46591300681980741,0.25708077497686799
9434,0.62631439940376443,0.4057662553990376,0.47778440199214467,0.26003536932057569
9435,0.8143774463009904,0.069578616436745511,0.47423347934545884,0.25487265248975061
9436,0.66355942445060945,0.90047725822970981,0.48762883625952225,0.26829850574375569
9437,0.993418687908596,0.78695681394581918,0.49112083722495564,0.26800245176799864
9438,0.55094461492121927,0.30024661677047843,0.47440299286877324,0.25800418556970756
9439,0.17783762252976887,0.90272655409054137,0.47437561983630372,0.2642431205142276
9440,0.39939813946316721,0.97500290068561457,0.48236997885612554,0.26731577834887532
9441,0.72245990156471962,0.60834852147473728,0.48336573575649244,0.26383719219050861
9442,0.94892374815811642,0.036735398154275026,0.47518298566323514,0.2544635556603238
9443,0.73210924801720545,0.26758551598082997,0.47692960136682871,0.25807567374303447
9444,0.40769746262448608,0.77236919732278919,0.47957527400045602,0.26465735996300799
9445,0.63289129735372263,0.4006497972000041,0.4778080839776972,0.25997678918505951
9446,0.66780252583249244,0.15081214565919945,0.47368797734756807,0.25594664485839252
9447,0.98516980521598607,0.031508811115857682,0.47546582232390616,0.25440238969340401
9448,0.1825845693994663,0.5653812323305174,0.4691900513739819,0.25946742337616346
9449,0.38808261314645642,0.35766366169791436,0.47184565706699505,0.2580884142442324
9450,0.37599127090153051,0.57647562137123898,0.47531520006112532,0.26136934409981938
9451,0.88586177888369422,0.80823179618400753,0.48998459722116128,0.26798316767222674
9452,0.32101054309253813,0.43209283362413992,0.47135619201111179,0.25876582176782692
9453,0.52765419283063386,0.52700861254936315,0.47807002881434352,0.26155501487387728
9454,0.33032331219414485,0.40127619734773184,0.47109273789738604,0.2583706431195808
9455,0.96504483265642782,0.71928293804283028,0.48934026943202696,0.26668705337601084
9456,0.12103508273117478,0.19905287759777857,0.46134013570316401,0.2537434456586028
9457,0.19739808150002502,0.046891958380897998,0.46153031710783043,0.25229598609839876
9458,0.67777637275987079,0.82037718525718661,0.48662131725700375,0.26722389977086103
9459,0.74943320187724904,0.62657486478852809,0.48418288830622197,0.26426154722758377
9460,0.43694392371628199,0.012835806894709822,0.46698540141521327,0.2530385720324495
9461,0.68529174102834656,0.34474191543004706,0.4776607123041951,0.25923477888847801
9462,0.16072196471084607,0.14112677569886437,0.46182511083502409,0.25331419474837469
9463,0.23930248542913471,0.049482979014876763,0.46279828730331113,0.25261394526108838
9464,0.85212065053196862,0.91579225053201674,0.49105702950055558,0.26928580568281674
9465,0.44053125074425481,0.65978819093772911,0.47843910011115282,0.26313490288336511
9466,0.94332095249894776,0.53843788865768583,0.48534618695990966,0.26337824311323743
9467,0.86562206687574506,0.49203848136198947,0.48333298349137233,0.26233278526922604
9468,0.39041348302677509,0.56334321832003775,0.47546777166457765,0.26127195226145034
9469,0.66291550940590682,0.70698492553447145,0.48417175664915602,0.26523246297511638
9470,0.17997348141880939,0.77489800781727536,0.47242228603956576,0.26243381368517549
9471,0.79759677730920964,0.2262964202976902,0.47708836631795393,0.25753328948216953
9472,0.18461945472030203,0.58367433258109958,0.46955197106653274,0.25975027446288518
9473,0.63442496578636354,0.38680587407752176,0.4775751502285896,0.25975323768166225
9474,0.65473491580007837,0.28846963684322546,0.47607552191567037,0.25819363024079361
9475,0.24190433270038339,0.14778457371300321,0.46444106449413747,0.25403052824351618
9476,0.12781101468497655,0.96569148396401439,0.4732572180224604,0.26435496990822305
9477,0.31277880323004215,0.090574297741742346,0.46544040067270037,0.25364231936503057
9478,0.21939943158057287,0.17974880269231508,0.46428319071819868,0.25432224919195989
9479,0.69229540467100459,0.34638121491853385,0.47780871073431624,0.25928560712725712
9480,0.95866040854131573,0.96175533457213325,0.49296779669113805,0.26999333698426414
9481,0.15507472528720975,0.2615258149551577,0.4634842510323956,0.25492350583369877
9482,0.97003480194510205,0.52096437061651379,0.48533967414075324,0.26313713266594191
9483,0.83410312045301549,0.020021468290977645,0.47350761043363732,0.25404831947538992
9484,0.38619868053580869,0.055028630062018059,0.46661060435022073,0.25347626205894302
9485,0.58501022297128813,0.96744826893318681,0.48670946722648595,0.26849193654305187
9486,0.51342134787464755,0.15415182170021582,0.47102071672290291,0.25552115013182097
9487,0.6070926285246504,0.57707252505576478,0.48063233463349053,0.26278468943170263
9488,0.54619387595903823,0.4955778905724525,0.47788708499729465,0.26114361647454515
9489,0.044568888779066042,0.014937807443120983,0.45579299393172529,0.25055161843773643
9490,0.72795873337452066,0.68932745000169382,0.48503047372638758,0.26524398049542552
9491,0.72804435715215521,0.63607482979284835,0.48399991835200673,0.2643342329185373
9492,0.12011459383774782,0.92521663405724108,0.4724053465747815,0.26375639623793978
9493,0.68963928746703307,0.893911603304965,0.48804464398190411,0.26835692066292749
9494,0.59351858773272259,0.57737412789190423,0.48036765198446574,0.26272178622556186
9495,0.73949141585136535,0.54815184160837671,0.48248885333699137,0.2628779543046722
9496,0.26184292302607792,0.57960875422396929,0.47206228527976946,0.26046737473534998
9497,0.98690636743997462,0.16428599998384016,0.47820969309850558,0.25677335438041887
9498,0.48801159879806222,0.45039944493666995,0.47581755753288207,0.26011136264641876
9499,0.4522144966489054,0.72378762252154993,0.47986867384757431,0.26423081136744447
9500,0.23838404306854355,0.4020742939544027,0.46842934029009825,0.25766221114197213
9501,0.38148682354508201,0.72518013279802407,0.47804027199201521,0.26370992559898832
9502,0.36707168498752873,0.27792706706443571,0.46995581471272979,0.25674725826459971
9503,0.43293501592209793,0.28460445930982242,0.47163834792301385,0.25721284209350526
9504,0.099170894111541577,0.46143122748279713,0.46446712548258878,0.25706422279632396
9505,0.64019402926919278,0.10651281459339662,0.47240919204565746,0.25514460943774481
9506,0.53436870803827186,0.10941899893045194,0.47061515164837348,0.25488400838977138
9507,0.074865483283728829,0.52894892541180605,0.46449135360844063,0.2576689414175678
9508,0.79917542816033826,0.4855320687129745,0.48221934459890659,0.26201259817113093
9509,0.27132356604697416,0.30901362414582401,0.46790426912458544,0.25657316343665437
9510,0.37709291463847039,0.079018461400421805,0.46681014458869119,0.25379636424255342
9511,0.060532861521292947,0.018145972711395009,0.45645432372528705,0.25075565056605359
9512,0.87947258379795823,0.89808565779846394,0.49128792332407217,0.269214264141306
9513,0.64329054770929506,0.0061524567338521602,0.47058240966807363,0.25350656369133451
9514,0.087574635178537572,0.21118385905682807,0.46028638351363577,0.25356452190131984
9515,0.9080719511114177,0.56246946001379983,0.48535288709055013,0.26370415140015752
9516,0.99037190116912832,0.04161883391410811,0.47572779422835232,0.2545867370037192
9517,0.078707535181951255,0.75425093586206204,0.46803112961333054,0.26078248265797033
9518,0.033377208744909147,0.15877089322052199,0.4573804886938056,0.25226960423560946
9519,0.08377366998413345,0.051752476895123259,0.45780844786495106,0.25142050582004188
9520,0.70658046445524092,0.91596467650326674,0.48861696348544659,0.2686767354400198
9521,0.23956626951607179,0.73886446936213179,0.47395079887020941,0.26259059085715064
9522,0.54126590957365694,0.81086349126925927,0.48356951894335776,0.26624757662793286
9523,0.77882388687919601,0.71851264455303321,0.4864781954647151,0.26597001493216654
9524,0.29733349077437304,0.28040563035045057,0.46816864015862275,0.2563397684625226
9525,0.7833558414537809,0.27764105992120458,0.47789263503098078,0.25838151710370061
9526,0.40323306031563549,0.74663189569005051,0.47900446096648042,0.26421909080624872
9527,0.52848515886355896,0.6728573594551418,0.48075222461557487,0.26392068002729974
9528,0.087039226577163217,0.29780547049072337,0.46154654217277646,0.25471404413481197
9529,0.63236726761424222,0.7697390569466982,0.48476000540970732,0.26612263492840088
9530,0.31134552567485957,0.99446683685212633,0.48001304162030278,0.26671307839667413
9531,0.20998286484995626,0.74151877263764621,0.47297391443229869,0.26230442427198425
9532,0.73085835410669675,0.15363550210957183,0.47471162126434219,0.25614614811704228
9533,0.6091121945547987,0.81773480940457677,0.48518307264334803,0.26678824189382327
9534,0.015911758152663241,0.093987759897334031,0.45574157096136081,0.25123675038523208
9535,0.24299544063491049,0.56640213271562245,0.47124586806896418,0.26009595675995312
9536,0.31660651547786545,0.2326420815025107,0.4678965877123254,0.25576064949069743
9537,0.87328366747844277,0.87238881669800039,0.49087606153082886,0.26890096505852268
9538,0.55785055187820698,0.38817278318899917,0.47615148229068532,0.25945661622263544
9539,0.88349886595244753,0.80486268304531705,0.48988162857580853,0.26791505720546027
9540,0.68940796526010384,0.72226632469274343,0.48496483532508528,0.26562282651865077
9541,0.95595993016877923,0.76373431269217984,0.49012194293422073,0.26745461345947447
9542,0.97296040733974665,0.61794522759354442,0.48736970497512855,0.2648890177350795
9543,0.19276271676399048,0.37142896654548824,0.46647113315011007,0.25681426444048189
9544,0.57449404968776507,0.15098096072823974,0.47210861855496994,0.25568057872614647
9545,0.098452597524144231,0.62462861585723006,0.46690517171525531,0.2592849554033283
9546,0.57530283832364948,0.54546011732598998,0.47940607954601072,0.2621049982671031
9547,0.59808570696593966,0.20599746700929247,0.47354549442578758,0.25664973739798269
9548,0.79535905356515435,0.67702547265401813,0.48593665303218569,0.26531983828836297
9549,0.70265863517428517,0.60344808482694212,0.4829231258345647,0.26366912208741183
9550,0.2240723709012731,0.80228723259879042,0.47445330283698323,0.26335041647240248
9551,0.88801359460403906,0.91888911600088474,0.49162769629442249,0.26944181923813904
9552,0.64055831306095945,0.055425674428220377,0.4714595142392502,0.25430734918007425
9553,0.83094446275999079,0.12134192333499669,0.4754694683046265,0.2557899712495379
9554,0.27989883370375029,0.24747288581227186,0.46714057462667191,0.25573561152241542
9555,0.0040211663518450224,0.34212417488902575,0.45870125125474071,0.25423799200175379
9556,0.79311077051948531,0.91903885253967021,0.49014866651433481,0.26908593210869364
9557,0.55251907134406497,0.85668201330086446,0.48465589090807099,0.26706130088532781
9558,0.27099218720429347,0.4695739361543092,0.4705318734299489,0.25892657244089384
9559,0.31635591695936166,0.82387009274287859,0.47783905830868428,0.26464306984584512
9560,0.32822186064171838,0.83156851228402229,0.47833208186865445,0.26487468427387367
9561,0.82263295000594805,0.80537360211216147,0.48892160919035993,0.26767043384205469
9562,0.23889271834419343,0.53709716554292242,0.47063628652721223,0.25962903030760004
9563,0.12661493820267497,0.85147267528894599,0.47154107659925726,0.26282157172523657
9564,0.060179224309360145,0.76344084786638855,0.46735029464853856,0.26062703545026578
9565,0.35378142099367688,0.41139545232626845,0.47189204315130551,0.25868685794717911
9566,0.72091907953486078,0.80282817944906426,0.4871000815206365,0.26715058631359029
9567,0.93857816632156021,0.60809526750481457,0.48670302026472462,0.26460955264572023
9568,0.16663820878783009,0.43000261955492897,0.46649858895779561,0.2573846219177392
9569,0.63681969855538345,0.74957710505576114,0.48446876419701201,0.26581002420509697
9570,0.85038172575960636,0.95477992551670188,0.49136135492644611,0.26959227787589785
9571,0.58158776081580432,0.58448017627844817,0.48025831784365058,0.26277757482896091
9572,0.38906894539593484,0.95783688814706414,0.48193547669236475,0.26708748762331447
9573,0.35608541076547701,0.821392871098232,0.47898530347690427,0.26497805327047541
9574,0.44314088679120178,0.43288743861269907,0.47448393716682868,0.25958220414065558
9575,0.30949663158239565,0.34021605800163235,0.46949812554347481,0.25731025195868251
9576,0.72989229555897184,0.84439208800111665,0.48804295215864135,0.2678852550625081
9577,0.085559032663621484,0.4510466476230533,0.46376817890178318,0.25675586369111353
9578,0.50804561018595706,0.87483188902520348,0.48392429803998205,0.26702794062713364
9579,0.89720475929173404,0.22520135866807542,0.47838969832309758,0.25771517731346877
9580,0.62191502722849834,0.96674488361811961,0.48745896797623006,0.26868664655697078
9581,0.14287156957400729,0.37867147526094924,0.46485708090510663,0.25642254788961716
9582,0.34149469570721269,0.67113834517615611,0.47598775612906458,0.26254643154600577
9583,0.82509411143403277,0.15247719464077381,0.47600837762448317,0.25631724167359149
9584,0.80972589246871651,0.81111581684489509,0.48882004828564873,0.26771309339072402
9585,0.84979544388918438,0.4084443809472374,0.48143465190805351,0.2608220198521492
9586,0.24788069181527245,0.25426317557963779,0.46632821192980084,0.25560249613104485
9587,0.074759179334004874,0.93605627467251618,0.47059044795158755,0.26320575620519776
9588,0.80273221696965635,0.1205575940307579,0.47508149898728402,0.25572795839674212
9589,0.59631726360133619,0.39500502978655277,0.47702413358156986,0.25973483979795042
9590,0.1061210540156695,0.70529648221678798,0.46844802266165747,0.26049960611544737
9591,0.47206112983388598,0.9678649288507063,0.48416537273190807,0.26779388960774869
9592,0.1944418777645682,0.32837502062051793,0.46584696698245343,0.25622023977085029
9593,0.72146676822366429,0.57897762242032924,0.48278021415109151,0.2633323788116364
9594,0.90870628012166133,0.19887327345168451,0.47800115998858705,0.25727185596054303
9595,0.9788580609537777,0.31649713170697213,0.48124680318472585,0.25948660904605209
9596,0.67216668062350948,0.72418029905658921,0.48467633373528468,0.26556910271101469
9597,0.14127972777370598,0.39366767669374819,0.46503014073305909,0.25661331315523928
9598,0.71443447285437722,0.72698835275828599,0.48551647625740163,0.26582427368628903
9599,0.23318043778786671,0.17518737614018609,0.46462351058228935,0.25435960510206945
9600,0.9036862821744639,0.050119756018172486,0.47494284022775579,0.25465262945623529
9601,0.45349319257942261,0.39822866232675735,0.47410982542960239,0.25909712242698169
9602,0.18589082932650344,0.97931882881113563,0.47566735123525111,0.26525051827594875
9603,0.62582331391199264,0.80110332346499202,0.48521797886639972,0.26660944578992246
9604,0.27522216173134512,0.97676678847091969,0.47873211852865216,0.2662207751673637
9605,0.68590099728779175,0.99395274222657315,0.48886878553393148,0.26917910596484473
9606,0.80565506529411079,0.32901564430686414,0.47922659994375233,0.25932345839119925
9607,0.89193290361593247,0.78286424195397419,0.48956945540955127,0.26755948165975557
9608,0.74745006947078518,0.41695848114708206,0.48006712816701652,0.26066355804770697
9609,0.23090652340353701,0.72725387170988842,0.47346777489555786,0.26232736484090652
9610,0.69995552734247179,0.33689308211655594,0.47775320867737953,0.2591509128463993
9611,0.85402153592520635,0.39969350404505383,0.48131930466450323,0.26068027547461514
9612,0.26621221223903119,0.60766330564060489,0.47266219019819938,0.26092245904050237
9613,0.93691875534813163,0.044838621747551953,0.47521455358142201,0.25459499297330529
9614,0.56295202273839395,0.81677353384938334,0.48416674033303253,0.26648583498458978
9615,0.094945187522389465,0.75585628381356362,0.46875208463754453,0.26104114390480471
9616,0.43942339629692723,0.8078231338335784,0.48103764055496928,0.26546667041648636
9617,0.49140347791066163,0.98984795387968194,0.48479746487771436,0.26808550259406316
9618,0.74156078705630502,0.60062686428824674,0.48354409751983468,0.26378435496313907
9619,0.85112335920884519,0.83320566312613664,0.48991082832422433,0.26825825588584146
9620,0.75278007385045065,0.30611772262564629,0.47799343259839006,0.25878772806489903
9621,0.42028417318019784,0.1889195162706892,0.46968258359087184,0.25567153663756104
9622,0.33750969340360026,0.63968059381620268,0.47533709797071766,0.26203352453987727
9623,0.35700876706250712,0.79992968233950679,0.47864266621379409,0.26465579548536289
9624,0.43322201632797952,0.72873311540900032,0.47947574837335877,0.26416957977774719
9625,0.48124151962868639,0.83013519854132323,0.48249512945470213,0.26613951236438399
9626,0.29826624163003873,0.55689895538567802,0.4727972522544357,0.260453910602094
9627,0.32067267436386321,0.83242535364498615,0.47811662396544519,0.26481503141840856
9628,0.72354081690447636,0.077251344311970754,0.473136003286517,0.25484570561889336
9629,0.88495649190027037,0.038170619693270423,0.4744839404070943,0.25442286079038512
9630,0.14074094532682796,0.13630655347990106,0.46108147861213211,0.25307544773189089
9631,0.72282004750127671,0.64675796694903409,0.48411540221213839,0.26449398836294019
9632,0.8608386234899168,0.23524959563644371,0.47812461509664089,0.25782195352309967
9633,0.10687294562690659,0.1547442827812047,0.46016730916019633,0.25300894421386438
9634,0.57297152648927885,0.26186998198289657,0.47411934240459497,0.25746983490529929
9635,0.95693874210048246,0.41394042265104369,0.48297752749076167,0.26118634357549309
9636,0.37492518376555528,0.016197541195189114,0.46569606100450073,0.2528438835971758
9637,0.011378457692696247,0.8690684404799599,0.46659815089105816,0.26122835093294516
9638,0.49603985076731771,0.33192989627983188,0.47386222723107629,0.25826842802158784
9639,0.7539374943294912,0.66790953293909561,0.48506561519279312,0.26499063711499166
9640,0.17690653949648841,0.69726649108942373,0.47107560797934672,0.26128512371656415
9641,0.1454676142070559,0.84039930823029718,0.47212988106927423,0.262925049508274
9642,0.75843944652437933,0.093493031648721081,0.47394650036162606,0.25518612566675902
9643,0.43149559776551322,0.57542242870813931,0.47672179701253881,0.26174506730082187
9644,0.16138808895287804,0.17725401683336822,0.46240168220557037,0.25381725749341455
9645,0.34097817476991332,0.15533836137830512,0.46723062796060322,0.25475580745800458
9646,0.59520162166388479,0.57101290737412647,0.4802827393749477,0.26262538750291464
9647,0.98497719960465335,0.46420632230764025,0.48436207932951475,0.26215351263136277
9648,0.73078242331567456,0.20587046302113449,0.47571757294425016,0.25702786842803982
9649,0.042201374633528757,0.33537307211366718,0.46027799904443367,0.25466834765357016
9650,0.56604469194997808,0.87817910907828489,0.4853065004951419,0.26746114297727708
9651,0.10435840541281505,0.92346422814436957,0.47171187651343927,0.26349997417242133
9652,0.93730459365575813,0.72797868563750523,0.48912743452987612,0.26674891398977268
9653,0.06618174525784562,0.58816058733329413,0.46500472119419628,0.2583480581642888
9654,0.19129438302732304,0.11744656620955794,0.46244027464387755,0.25323277294546109
9655,0.42039337811862348,0.67459245440430238,0.47819028741842312,0.26322289024097673
9656,0.53547276587371018,0.86207572639543806,0.48435878600860788,0.26702985757755893
9657,0.43222879145630871,0.050323311023938007,0.46753687655812015,0.2535952142322937
9658,0.93758503958579398,0.4001500667303684,0.48244948057531073,0.26089569144198627
9659,0.036791520708601456,0.99949179753999928,0.46960629164247186,0.26329581836278076
9660,0.69925317740115578,0.98281875513073758,0.48904167038356344,0.26917111864485965
9661,0.26505143620638411,0.85487426703238156,0.47671606354461887,0.26458251585965725
9662,0.29693556357930651,0.94432500087494264,0.47908720114014952,0.26612495583266571
9663,0.47635876241974767,0.20510565124031854,0.47118213957561306,0.25617679226068474
9664,0.91706882822833724,0.26609111337031938,0.47946471525839346,0.25847306572413981
9665,0.13091719740865521,0.2605321418922511,0.46262250910911096,0.25467632936482432
9666,0.1647894858213258,0.38120638430282711,0.46567298844987159,0.25668199931509839
9667,0.80532821353800832,0.89166476936818806,0.49004834778181044,0.26885826943107072
9668,0.78564395669043308,0.5390916402204079,0.48306359251052167,0.2628932585659377
9669,0.24335102098420031,0.2531985980963451,0.46617665802692465,0.25555290439948386
9670,0.073374202044971762,0.27032955186510227,0.46060608299698685,0.25419221599624098
9671,0.39203051970278613,0.43733408820211189,0.47332219194964636,0.25933754624794642
9672,0.36328880272636888,0.087596278635377528,0.46663255010951565,0.2538596115325546
9673,0.011069462749140804,0.58490696306730383,0.46247946409316831,0.25748317949174609
9674,0.25992501453439476,0.75328633385401922,0.47486515117464662,0.26301751324832479
9675,0.22147226286850638,0.32586902012614305,0.46667427392480526,0.25642048477315255
9676,0.2144377240906819,0.86438265802861425,0.47511984767397586,0.26414624521691799
9677,0.65310887497001091,0.63130310487140673,0.48254575600765415,0.26391252627340184
9678,0.42886961955007863,0.9725176136868191,0.4831237558853384,0.26752150835347793
9679,0.036045113300008237,0.81156928768438519,0.46695232295578593,0.26088828468504927
9680,0.032353213044570291,0.78803060700221683,0.46643205520051068,0.26051199903197769
9681,0.25633263266206491,0.049560505361843393,0.46327526532611257,0.25272113925341488
9682,0.23502052675237647,0.29582204905141846,0.46661166950681326,0.25610100897954369
9683,0.87974218668950488,0.38704320482906185,0.48142068330955029,0.26052463262373887
9684,0.23348200097345981,0.29844190208382204,0.46660678564560937,0.25612629700966127
9685,0.13364527145469329,0.32649860730400543,0.46372461059590442,0.25560729011883826
9686,0.88404957459719158,0.36605908979378876,0.4810565656731367,0.26016588851574257
9687,0.59901337703358148,0.32276141780043255,0.47573033565233291,0.25856115524310236
9688,0.59076989606580466,0.72736691920046004,0.4831082012674312,0.26518257907035714
9689,0.25987096266703452,0.16517272002553801,0.4652356589420118,0.25440336383295692
9690,0.70745583441402993,0.46182455025321112,0.4802793551817649,0.26128721557218143
9691,0.95238106254365995,0.37281883558809059,0.48207874083923408,0.26044126053254557
9692,0.92799111183871286,0.084305292133206963,0.4759129462787417,0.25528084310744042
9693,0.78657822657780496,0.26769208104900316,0.47774425970481343,0.25821872284778469
9694,0.34994014007617957,0.77528292065012505,0.47801427950810926,0.26421381323149901
9695,0.69380270035491565,0.34889467782584255,0.47788182943260965,0.25933286898864788
9696,0.53093287254016619,0.51038204984896585,0.47783671256486165,0.26130397331664906
9697,0.61399635792075424,0.13554179167320254,0.47251469250945832,0.25554928657599602
9698,0.17074684307376156,0.52381319938517412,0.46811388315035024,0.25874969402405379
9699,0.48473001802623039,0.19328656877587783,0.47114548227963043,0.25602644479703107
9700,0.6934730626715464,0.048074531213182496,0.47213714984151095,0.25429923873979071
9701,0.1511173395110178,0.50765135539759654,0.46715135422192255,0.25830697433893124
9702,0.51564064853222813,0.15599171983188717,0.47109711567995355,0.25555850451681206
9703,0.90168261031707519,0.035597544791444669,0.47462776474977159,0.25439637921612207
9704,0.56613832303738454,0.41897501151225297,0.47688310011504526,0.25999467861322645
9705,0.74175858819036511,0.7636143395941356,0.48671720026717541,0.26658038092357528
9706,0.19584929916929689,0.26389979521363277,0.46487685557237329,0.25532223035846036
9707,0.27215388768619159,0.1487835767138633,0.46531379449363269,0.25424780819864784
9708,0.71910333192328701,0.49613130556592955,0.48113793005874544,0.26191295694614447
9709,0.57840663849463458,0.12898741414229153,0.47177481124174009,0.25533768820354663
9710,0.33284512215697909,0.29385762023754652,0.46934994881144859,0.25677618226214233
9711,0.15146754014823818,0.90736999301075705,0.47341830967633752,0.26395633971307486
9712,0.74839776083204201,0.49952964234413816,0.48169001694325864,0.26207915102861401
9713,0.51923016130459732,0.60687316971592375,0.47934186483515845,0.26279726854227431
9714,0.33355110183224318,0.92761886129578353,0.48001122799050971,0.26629324392404913
9715,0.43376779239721364,0.70744150473420742,0.47911281528435817,0.2638378871653923
9716,0.64683152325426929,0.38159133614030433,0.4776986138922828,0.25971399001272971
9717,0.63106131884044736,0.43092289005239726,0.47834464536732585,0.26047150839200872
9718,0.92808045197963951,0.47628721631596566,0.48387611646366996,0.26222822813811969
9719,0.71651965497542403,0.12299987555657282,0.47390998190283934,0.25559885448493985
9720,0.79128180603749354,0.12866083740311443,0.47508541659355619,0.2558459174210419
9721,0.30682505999860588,0.80852766940122234,0.47728506566989937,0.26431746521990185
9722,0.14967364338472253,0.73273693331117973,0.47060874148029735,0.26145642928223156
9723,0.95041499617242953,0.32062119647882648,0.48098729569884796,0.25950582076762613
9724,0.029274747962492985,0.82080993556125326,0.46676651083417614,0.26089829130200215
9725,0.675835550058412,0.77085111066492973,0.48563770268461093,0.2663761522666262
9726,0.57175280539182716,0.094768806137575309,0.4710294752084358,0.25476613690225497
9727,0.11438714590951568,0.87357482772198281,0.47137518749639717,0.26295629579627861
9728,0.66468322916593181,0.84284388922512299,0.48678045339390075,0.26752100545535856
9729,0.28984483946544348,0.071981959023547828,0.46454049570593658,0.25324202806725793
9730,0.90754881364224715,0.39927505231954857,0.48204036813615758,0.26080900979417149
9731,0.8559027649997617,0.25566012283976891,0.47846708910885788,0.258167946976254
9732,0.36049412840326556,0.83350778438333661,0.47932204909931064,0.26520474472595995
9733,0.974381203518773,0.80743706253607528,0.49126990648911179,0.26830038679091006
9734,0.16338707122259077,0.33809597969040045,0.46495414499294885,0.25606604491989143
9735,0.94851074583797013,0.99561615824810001,0.49303051828389188,0.27016039607443931
9736,0.53846914726031248,0.35755429216910856,0.47520281779251666,0.25887459598821261
9737,0.7493333430343192,0.74373941393372367,0.48646428600638647,0.26627417400581832
9738,0.75285911933827454,0.10784843656335726,0.47414598821667747,0.25541862576110286
9739,0.1260924816455343,0.33311143359780543,0.46355030163002642,0.25561900660104908
9740,0.91919896987449612,0.90208011846774028,0.49191407075735649,0.26939235732411237
9741,0.36247641427229393,0.97482258726389848,0.48135049280863484,0.26701242726011382
9742,0.66488147838356682,0.61906078040198187,0.48253443509157251,0.26376279964051291
9743,0.2358972240605508,0.91389562561650528,0.47666506052115809,0.26510697488999169
9744,0.087445131418446551,0.47127435406489532,0.46414668298391232,0.25705281956117532
9745,0.45573129665065792,0.455725365699234,0.47518171944524662,0.26001434267708234
9746,0.90007105480375471,0.05786582767242799,0.47505640214381684,0.25478405457929271
9747,0.9591823774905992,0.64026748552148927,0.48764199388355817,0.26524884440264695
9748,0.53043251860841412,0.31094472660027678,0.47419214219937528,0.25808970710577234
9749,0.25320805357523501,0.44253791721101154,0.46954630038749806,0.25837835852237617
9750,0.68086492091288098,0.33016999984773576,0.47730852565188042,0.25897567442190372
9751,0.024605294611665888,0.68437199589408704,0.4645528416816434,0.25900697566034175
9752,0.59233272205205867,0.20322785364562879,0.47339155134413485,0.25658560604587038
9753,0.3101813636064879,0.49524555310279833,0.47211176774953573,0.25962931948506668
9754,0.065757963132939773,0.051287012255482843,0.45712812481984888,0.25123689265445276
9755,0.32812769179631723,0.24578071202571738,0.46841905758265473,0.25602818875253835
9756,0.12215878715083237,0.24495951585056028,0.46207204767227805,0.25437674413213274
9757,0.55014443625997522,0.066928818811743993,0.47013576904897053,0.25425620894568274
9758,0.12001058226592141,0.4077793170714169,0.46445933892228491,0.25657535207862009
9759,0.43318404880958844,0.67219627269544868,0.47847429502075217,0.26327827580083685
9760,0.47304939256316286,0.20808007578876569,0.47116561523215572,0.25620916955015977
9761,0.40502847594328928,0.61376640249196213,0.4767262882951005,0.2621599914901338
9762,0.72039553425646163,0.57402389037507828,0.48266590819595867,0.26324358965974287
9763,0.048998491418745835,0.25598131514386041,0.45941523647510346,0.25371574084900678
9764,0.75410432756630474,0.23704760613428663,0.47667031688184336,0.25761455396719374
9765,0.44184113863293317,0.67537454645066752,0.47874834981722553,0.26339022130654877
9766,0.62994467334664661,0.59783421533553627,0.48146887350313322,0.26324124780839325
9767,0.66719794913529185,0.14176255701774501,0.47350724155863633,0.2557950495233291
9768,0.98961444582255798,0.83496811541366633,0.49198737255449798,0.26880095482779609
9769,0.24061866241354729,0.61363502997568575,0.47193935468815934,0.26076398653089883
9770,0.89578584525944904,0.60144167196274512,0.48596711304562235,0.26435710320260181
9771,0.49194626743575792,0.16022004275278887,0.47070309167639601,0.25553529981353534
9772,0.27795460491537816,0.42958330047515925,0.47008045685729899,0.25839477891918139
9773,0.5996862820420531,0.23562554168322822,0.47412357228172824,0.25713847258951705
9774,0.13947706665984588,0.32967279146792133,0.4639830637080975,0.25571088532694364
9775,0.40786703112270917,0.026291584069945383,0.46660016957905442,0.25313270055118681
9776,0.79930972850968829,0.2734413461012184,0.47804005391007043,0.25834862778622775
9777,0.39451677487528652,0.047343420951918236,0.46666651098856043,0.25339628705999306
9778,0.56149258114941181,0.61437850418033779,0.48039488622044801,0.26316008762004039
9779,0.97109170804995815,0.75269357386903146,0.49010859246359451,0.26730838319798217
9780,0.72170721210959599,0.04872536791964667,0.47256282066955113,0.25436398982160552
9781,0.66257465538879634,0.8954771407656722,0.48754834451830781,0.26823719077505354
9782,0.93629657677289801,0.64488927422292763,0.48742125257205332,0.2652600506442428
9783,0.36380915042593842,0.15517894630833762,0.46778830503687063,0.25487619835994696
9784,0.76747446161695998,0.76228107155490443,0.48714217602554671,0.26667643179304795
9785,0.34712501910849242,0.61449221050482017,0.47517940532037295,0.26172854244899235
9786,0.93662685953757041,0.95853436483187837,0.49264347642514406,0.26990491209917877
9787,0.41454831019927518,0.044703900498140138,0.46706149266323438,0.25343934339869983
9788,0.57547089955235131,0.83124570262905917,0.48471153532856909,0.26680401559896566
9789,0.85850335117395737,0.26203293295222102,0.47862893587305383,0.25828461426739413
9790,0.57024328983098971,0.020295699712319766,0.46964279163255634,0.25356633924068911
9791,0.21537203129188856,0.39687302139481767,0.46761577643750046,0.25738422393619526
9792,0.85712090537889174,0.33860952564055335,0.48014091783945506,0.25961945213715421
9793,0.97175017209571091,0.51580845188481039,0.48525591755930958,0.26304895187699079
9794,0.50924018340342447,0.040302224685123657,0.4689006761831076,0.25370949350581667
9795,0.62680419273086596,0.048865207646915224,0.47111586609965123,0.25416798790801037
9796,0.70092706738269195,0.35442265632128112,0.47810549737086849,0.25944946384090412
9797,0.031247866384906231,0.87082378171101449,0.46759552154716094,0.26160120930836667
9798,0.67255318337710346,0.82528301592672948,0.48661219693108243,0.26727760331864403
9799,0.55776930748202147,0.062784197192627483,0.47019735621967573,0.25421229422440678
9800,0.7330438314422616,0.61135230472307889,0.48360696898463468,0.26393285705832698
9801,0.62466222269547877,0.88579739310882288,0.48666360972750422,0.267913051817537
9802,0.74102164361219625,0.66761152136222235,0.48483763945371855,0.26493001001675981
9803,0.76047971547160997,0.019434871615713927,0.47254061212783371,0.25393653959545387
9804,0.44201322778424945,0.37644694115662714,0.47346114170734321,0.25869220607711235
9805,0.63389585272622062,0.035655914008629046,0.47098414696994639,0.25396865995726231
9806,0.75475938245699514,0.98477994043367223,0.49002654494383868,0.26942271491989012
9807,0.86284771008213279,0.29032718873723645,0.47925257689565126,0.25878832081603809
9808,0.5483397085349192,0.36772684958236063,0.47558691846419721,0.2590829778599299
9809,0.014594767581170891,0.97773886019022904,0.46828682426291829,0.26268514333262788
9810,0.71775738799743116,0.056382516710541682,0.47265235095281738,0.25448483106321429
9811,0.71603337808026712,0.73656831342250806,0.48573051482540291,0.26599528912357578
9812,0.83464126592219112,0.24378920076818905,0.47794528993151836,0.2579164113279464
9813,0.29951525313406019,0.47144124216433853,0.47140605200808833,0.25918862387564745
9814,0.35892189187657786,0.21982647374236261,0.46876490967210971,0.25582238090528597
9815,0.26635717037300349,0.3693197722300538,0.46874636939183778,0.2574167416821167
9816,0.91802046511661028,0.12976929648070362,0.4767166887653938,0.25606896100375898
9817,0.57320196346769814,0.82559189279513667,0.48455676246447232,0.26669642443161462
9818,0.12254994661583334,0.7863889350302401,0.47036702728707647,0.2618526315200907
9819,0.66393582189559242,0.81433585988000268,0.48623528013351774,0.26704627698718175
9820,0.94281588154759965,0.52379828275557383,0.48504057873656359,0.26311519342688439
9821,0.74030049732065528,0.078152985042461667,0.4733941044313445,0.25489300129676196
9822,0.54276273992290958,0.89312713120012777,0.48500359759890382,0.26750865367298904
9823,0.94245181064644135,0.72193837230507052,0.48907771106081183,0.26665858090978017
9824,0.63194714209124214,0.27866070309517671,0.47549771148293024,0.2579550079166299
9825,0.53126429956456411,0.0021715754050412217,0.46862522483344859,0.25317344012915699
9826,0.56541736710580304,0.68909827677871804,0.48185948362489117,0.2644058347026253
9827,0.80081255468976453,0.17793444149763091,0.47618248967673449,0.25670903337429818
9828,0.7450864962238003,0.047794086522061845,0.47287637864716942,0.25438999982683591
9829,0.63220324648573289,0.37394759034590097,0.47729308403623044,0.25953158874587723
9830,0.37980177617428129,0.52443093456764478,0.47451623746637628,0.26059578813908635
9831,0.71000282892271649,0.26134422725940826,0.47646473947339979,0.25790870443859149
9832,0.27852377442478904,0.78465319517768228,0.47598997289892758,0.2636756119769097
9833,0.21797759435683256,0.61545688996127579,0.47121536817893661,0.26056141617514506
9834,0.29781209474235076,0.41179996512593936,0.47036303109635075,0.25828800570505445
9835,0.063146296125708615,0.7798264391438221,0.46772797370878116,0.26089514336428693
9836,0.52145903646374359,0.57983101716170782,0.47889847969105442,0.26237355087636816
9837,0.62913854444305184,0.67871105340343207,0.48297818818335109,0.2645852194002174
9838,0.80118852764273762,0.87189480741427983,0.48971842812571603,0.26860321029181078
9839,0.40119371801827802,0.792290256848454,0.47974876939817368,0.26491608913707226
9840,0.97324042197467064,0.38740647315989485,0.48263640209011544,0.26074705103290646
9841,0.94072179361017194,0.9854851061733324,0.49286829838235713,0.27008185620463426
9842,0.24262317177489168,0.47002871601412771,0.46966442442197992,0.25868622000172803
9843,0.73455473035488983,0.14486568178419257,0.47459709996326044,0.25600641220689047
9844,0.79339651503710773,0.18314995437733597,0.47618237913820149,0.25678335475255748
9845,0.51994364274326943,0.78726029378256057,0.4826463474893613,0.26572114185656748
9846,0.99964534884110334,0.76708421719596953,0.4907968136727352,0.26766402128720607
9847,0.72862828681316461,0.95763175733383976,0.48938912320586508,0.2691315405632051
9848,0.1033691998760798,0.59656980711371876,0.46667933300730891,0.25896445884756231
9849,0.51764025082635934,0.46623649187992561,0.47674879639166384,0.26052250119160009
9850,0.19994979542597432,0.91721070386240022,0.4754252417056915,0.26472249046059232
9851,0.44752848430025627,0.21644818760015769,0.47076701438170526,0.25622537324837802
9852,0.86348852942170351,0.76856336948991522,0.48884386915643585,0.26719467440563316
9853,0.685657957253058,0.29169615572605984,0.4766539467173096,0.25834635265331057
9854,0.18510509380315199,0.64743655277028456,0.4705819565180776,0.2606669210240008
9855,0.20127177763400833,0.93749817546556002,0.47575538967393999,0.26499542719371344
9856,0.78070702761412836,0.51283231301709309,0.48246924330386465,0.2624223380304464
9857,0.16734317928525852,0.94460669092732719,0.47457218874192525,0.26465235373978763
9858,0.53719674569760678,0.49817073325215611,0.47774622115165105,0.26113936636249141
9859,0.25447512142217021,0.045549670038453768,0.46315976354393151,0.25265254711327423
9860,0.33689328481183622,0.062063047314190774,0.46556974602516099,0.25334928989254124
9861,0.43848049628195584,0.97763463523812832,0.4834117178706156,0.26763236065654239
9862,0.62985148118367651,0.60475152415080224,0.48159750215195735,0.26335601391615998
9863,0.85528262829660673,0.082709582250111283,0.47501272074154577,0.25515910171712969
9864,0.71537664372342413,0.93406009439098425,0.48895466748402888,0.2688839644994756
9865,0.2983880320045515,0.95008978531492183,0.47919803233779018,0.26619956781115861
9866,0.86884014953306177,0.02580067557968432,0.47404555851247004,0.25418947709700268
9867,0.22883996925259709,0.037040435996127781,0.46230288633333383,0.25237091945034223
9868,0.36913430245307977,0.76752799774484015,0.47843006962286228,0.26426202089978623
9869,0.57881255708074897,0.97609541578070502,0.48664559839407129,0.26852051906483082
9870,0.69452168294953887,0.91033552492895398,0.48833181348513954,0.26856069390180198
9871,0.94065729722006952,0.94720032980385005,0.49261903149694225,0.26984004049279725
9872,0.68980436481804364,0.97062893050260612,0.48878685234325264,0.26904790304762038
9873,0.79895938683551504,0.81037005029829456,0.48862472247891486,0.2676522636375786
9874,0.88505873748335284,0.12703632969475584,0.47626530332038036,0.25597389948996335
9875,0.012974023577303161,0.42036677943853429,0.46021547029261334,0.25537339492173727
9876,0.72317212080805338,0.27591649975430921,0.4769518637290619,0.25819186422694046
9877,0.069270487319969112,0.41931082467859376,0.46263347754459089,0.25612468489876011
9878,0.67832270788123139,0.80641219655518648,0.48636508023920472,0.26699060353976861
9879,0.50085063684709608,0.11302562343877508,0.47003782329127675,0.25482573228757527
9880,0.56907417859229037,0.91325175631885647,0.48584598747027946,0.26790989180272795
9881,0.41132841121471719,0.021437227797985545,0.4665918224903513,0.25307277283004675
9882,0.43193873022514162,0.80943094062829624,0.48087101775525015,0.2654333543721118
9883,0.22643131638133202,0.12942700434065194,0.46369548714868258,0.25366053046156201
9884,0.055774900754645931,0.44167687719444515,0.46239926362403067,0.25624712315739268
9885,0.4924594688518788,0.24089900860121707,0.47215494034509869,0.25680983300950444
9886,0.71942398848078448,0.84495856891471199,0.48786087689960983,0.26784182569294473
9887,0.48747408273936021,0.42774251635627591,0.47539861842742831,0.25974802500604444
9888,0.71455894003828291,0.78156864385913372,0.48657231542587226,0.26675577817770174
9889,0.69964498135946929,0.42579074420080287,0.47945437776316935,0.26064924034143344
9890,0.52568033765550937,0.50118445107458387,0.47755675866982689,0.26112757630783912
9891,0.36620340387352046,0.24882387948835968,0.46943807112303404,0.2563015862415704
9892,0.35169300628338246,0.024855343038949651,0.46530350159975437,0.25286931021026909
9893,0.48415022303179139,0.47584783065974484,0.4761887070704745,0.26049503845377586
9894,0.63609089185813206,0.070498782727995424,0.47166932180525889,0.25454375927493578
9895,0.59861479784959226,0.64601763313069238,0.48175199556147597,0.26388148928245364
9896,0.59710796502378083,0.88239073024810066,0.48604035671929074,0.26770790078235357
9897,0.83233646361640423,0.34318334507328691,0.47988791177367868,0.25963783638717935
9898,0.45175631411945216,0.012531621075526345,0.46728408239526964,0.253086708283773
9899,0.26258588201495586,0.40271045476823347,0.46918056004723108,0.25787490401861118
9900,0.67594353828789899,0.21398927387156294,0.47501617304976579,0.25701898461031697
9901,0.87924175379936365,0.22341941123158904,0.47812618702015264,0.25765075045796382
9902,0.40920999511430273,0.45495583822984481,0.47405644778810635,0.25971993444936758
9903,0.97754534778810342,0.575117330321821,0.48655010759792988,0.26413124678565325
9904,0.58533207767928253,0.023316246218734887,0.46995636324711426,0.25365322092871856
9905,0.57675553076512875,0.055307412175403442,0.47039509004959029,0.25414555097506281
9906,0.52973988959273566,0.70764298031128714,0.48141648227843969,0.2644929347596226
9907,0.44581088403348118,0.71990834813587135,0.47963904263648049,0.26412295423209264
9908,0.46137273228646958,0.46749111822434936,0.4755213597218666,0.26023267133884082
9909,0.56855031386892074,0.12127792826184305,0.47145741925003493,0.25518304105232659
9910,0.66055402249590267,0.49495929366511993,0.48009327433135418,0.26166083170268073
9911,0.3011892075282871,0.16924282718981851,0.46643643847858374,0.25472929962351976
9912,0.064042027697234882,0.6382895932945073,0.4656574364737941,0.25899319471064242
9913,0.69434133149293487,0.65357103735300481,0.48373733221272286,0.2644820412712785
9914,0.47295014094406512,0.28930396636148215,0.47260692632092399,0.2574845665268643
9915,0.96625558018825253,0.88505236008724897,0.49238459281630526,0.26937171106547902
9916,0.1627508606165764,0.75098431997966253,0.47139627854803168,0.26187962118901587
9917,0.16886920563603053,0.85166293503461643,0.47322197561494783,0.2633948622499856
9918,0.47607943077854581,0.75737222790549286,0.48105927858259112,0.26493651854299316
9919,0.20152442717881641,0.03769938737008488,0.46151168388753394,0.25219707440048522
9920,0.02413850031552138,0.32194000108203619,0.45930955137982216,0.25425609733621984
9921,0.72303775671353809,0.75932721931153213,0.4862976555548375,0.26641758345006816
9922,0.79283244459530111,0.62737390408563665,0.48491690790904307,0.26444840197649622
9923,0.6292945325216861,0.61471095429701961,0.48177448168312126,0.26351918859302698
9924,0.36520327168238587,0.62340512688133176,0.47583333436861558,0.26200881229676509
9925,0.91366568488077038,0.073080290397547654,0.47552098795403863,0.25506658938395776
9926,0.63833176800621438,0.58484373063828099,0.48138459799794547,0.26306483453015311
9927,0.45974238131766909,0.86896398137490027,0.48263825042276709,0.26658660700137921
9928,0.1920736665947945,0.33968107380099827,0.4659473718224505,0.25635863088376903
9929,0.096166949214611677,0.93684759280163565,0.47155086234338633,0.2635517019589847
9930,0.68155479139931263,0.77391443879491417,0.48580583963241974,0.26645777847756313
9931,0.62323183133447313,0.41611891787232602,0.47792219406907049,0.26019421239083901
9932,0.96378567362491752,0.33242832119670934,0.48139243934038034,0.259743011679469
9933,0.44403305041374408,0.89236878131082054,0.48260309848230781,0.26679617659042104
9934,0.56644594163316075,0.9032032264464418,0.48566528820943683,0.2677808501213062
9935,0.19625463778228733,0.53602322804454017,0.4692002819570999,0.25919252174039731
9936,0.48085107688732681,0.19839789642201505,0.47115636797854976,0.25609056889817816
9937,0.4290513168257778,0.8466299854432815,0.48145308844138812,0.26599766028355282
9938,0.68464911279085794,0.072126662842405487,0.47246073438499814,0.25468067466203537
9939,0.41772498609438774,0.1527970541624469,0.46899849485191825,0.25510477047263913
9940,0.3181549350254354,0.55106295303729136,0.47327979297255707,0.26053198519924015
9941,0.23083254332212966,0.83932532923318215,0.47529312993158862,0.26397094416269179
9942,0.38340171823626151,0.98915402507226691,0.48205074870686143,0.26729717278272075
9943,0.050051949656044606,0.40859293314347744,0.46167314170012141,0.25573326937643015
9944,0.69423834787915695,0.40103225814731563,0.47888812027686434,0.26021227270852509
9945,0.51144386478572856,0.23329949975534109,0.47240554765126996,0.25676949133721244
9946,0.17049936421461173,0.96515105183935967,0.47493859147947826,0.26491921909644461
9947,0.80592768332533316,0.69799309125413422,0.48652290563704687,0.26572705983676609
9948,0.07996888240621193,0.19000192745287203,0.45968465707235906,0.25320216138096102
9949,0.85325745654230711,0.70270658610396786,0.48736765444901581,0.26599539325209709
9950,0.54294529925986434,0.6720567303916789,0.48105786140971984,0.26399494460837991
9951,0.77312476461451729,0.63892176059557826,0.48482141255413108,0.26457056126850442
9952,0.14711981802076335,0.69039878895337459,0.46984845954226218,0.26082674768104497
9953,0.62627949642246827,0.23957959303477547,0.47466641986358576,0.25729205273303474
9954,0.60458150063221117,0.45778220153691951,0.47835219322251865,0.26080289707311483
9955,0.18869902303061681,0.5979098841328756,0.46992222523304611,0.25999801665603989
9956,0.40612024272851416,0.97102099394280239,0.48251659951816911,0.26733710775483194
9957,0.0048537765659508294,0.86980410086509075,0.46628255111066502,0.26112011185246486
9958,0.077627587520552335,0.26813396772512932,0.46074120201475033,0.25421173723135526
9959,0.23634029463435291,0.77868953439154431,0.47449267263325345,0.26314125615570821
9960,0.43364936841306045,0.49297326801972235,0.47531942887992257,0.26046635850441147
9961,0.55398054128651275,0.49627246435926065,0.47806109866143792,0.26119431043933239
9962,0.31605793826234296,0.68359908839896089,0.47545633070675725,0.26251440243166807
9963,0.75306000826730157,0.36514050132367998,0.47914661358561444,0.2597959654523041
9964,0.19483304585063599,0.69737963243530832,0.47172688129795026,0.2614941929575138
9965,0.049357869028218558,0.46652885734798621,0.46248921947113442,0.25649025738749409
9966,0.20225056104738035,0.52286335490226055,0.46919520334267162,0.25906517345727109
9967,0.75811594337715071,0.26357790407986614,0.47724602295670859,0.25807666678715457
9968,0.65144807774099756,0.69469826354692921,0.48371731008535107,0.26496770359645028
9969,0.14100316207661528,0.40519287143120308,0.46519736915121834,0.25676992889274664
9970,0.64795699911901028,0.5227734342621756,0.48039079143838737,0.26207226756238539
9971,0.44657261167428225,0.74178896747223333,0.48004737947061166,0.26447507509403589
9972,0.97045893450890441,0.25912070885178401,0.47996908445577641,0.25844457259479597
9973,0.92290860575017297,0.0187177358548739,0.47452958100165038,0.25412193656598603
9974,0.43988707314386266,0.27002897233291295,0.47153954521452252,0.25702169866813962
9975,0.25739461222380633,0.92628718219849981,0.47757576498717952,0.26550686408890861
9976,0.52090704230101548,0.22257686480210398,0.47240085829717321,0.25663713750990591
9977,0.61313968168540156,0.82408114652248343,0.48538667295618582,0.26691792791343827
9978,0.61362764874758435,0.013324552218208555,0.47024260687998132,0.25355921238937984
9979,0.56538279406995284,0.63203580432693707,0.48080332451757019,0.26347057389384809
9980,0.94727508612178501,0.32746213669391583,0.48108833996307399,0.2596215026277135
9981,0.6127724901005277,0.80818261249967616,0.48508070305087009,0.26665116334184197
9982,0.79350579338480021,0.87420406045493448,0.4896227388727743,0.26859956769783022
9983,0.95166999069409208,0.51524155989530263,0.48498288708171827,0.26298605079458104
9984,0.31105168415891238,0.90929903799438616,0.4790754933821188,0.26585011938514308
9985,0.33867380868777403,0.25522184061069275,0.46885134044529442,0.25623443067467139
9986,0.22834857135884232,0.80601574672973952,0.47466319109536431,0.26345355314173996
9987,0.3623237241326715,0.095421270217851267,0.46674180967411177,0.25397206056570837
9988,0.94165369919697994,0.05909328810205916,0.47555651741776556,0.25485126728698265
9989,0.98718835737338528,0.6327244014480734,0.48786215026733076,0.26519702243088827
9990,0.13655947681335964,0.58234601245151141,0.467764779672937,0.259182234960874
9991,0.47511503961087437,0.99709694427457884,0.48445916398474986,0.2680253600549371
9992,0.98740877889742851,0.60424330417920147,0.48727842311906971,0.26468376832908291
9993,0.21051070676572856,0.55388943899591692,0.46997166891704711,0.25959479561098586
9994,0.28878098818719156,0.69052477869078288,0.47474345712591137,0.26236785406683011
9995,0.89705126885921926,0.55647344948077804,0.48507673966062925,0.26356435604638562
9996,0.073533553739276253,0.1145799618668505,0.45833847971544833,0.25214159956695653
9997,0.17550883389279481,0.15995763469705127,0.46259842748691243,0.25369779768277823
9998,0.62418108299399022,0.1038231726805796,0.47209573130564775,0.25505904923086892
9999,0.68447486568569438,0.44286621237712681,0.47952261377318656,0.2608811501388601
10000,0.66518322817831066,0.22168206232128432,0.4749866078316915,0.25711611578395099
