dropout rate	base enrollment rate	new fee waiver rate	fee waiver adjustment rate	strength of perceived benefit	initial fee waivered population
0.19175453	1	0.010985241	0.022613633	1.0607105	492728.96
0.18855992	0.56452415	0.017283989	0.084074779	4.3475361	907182.35
0.18111856	0.73465196	0.017971091	0.0014012703	4.9450131	434310.45
0.16350941	1	0.017994647	1e-05	0.001	427292.12
0.16112947	0.69770709	0.012229621	0.0060841834	5	484983.84
0.17274069	0.84703856	0.02509772	0.0037036885	5	417495.37
0.17819658	0.68918181	0.015321621	0.043663802	4.4933977	533319.28
0.16697759	1	0.020816507	0.017285158	0.001	461881.46
0.18640456	1	0.020348511	0.054101119	1.0132133	490355.78
0.1864492	0.73557447	0.018280357	0.0049486822	2.9700772	449623.31
0.20005846	0.74705516	0.018889116	1e-05	3.1015101	400615.56
0.1675415	0.82637938	0.021487156	0.074308592	3.8372408	636808.43
0.21145304	1	0.016243744	0.02118512	1.92149	432794.24
0.19733759	0.45717417	0.020667201	0.0047533024	5	392857.98
0.17765887	1	0.014170345	0.00069229973	0.83533582	405757.52
0.17354276	0.39828026	0.012387553	1e-05	5	409664.9
0.16098754	0.74335594	0.018921778	0.0036937343	1.037127	441068.07
0.16557077	1	0.016187742	1e-05	4.2881999	440249.26
0.17634471	0.89929123	0.020652971	1e-05	2.3787213	438515.48
0.19945692	1	0.017126842	0.0010052139	4.4473539	385903.62
0.2046536	1	0.01496397	0.007437263	2.455391	430839.75
0.1551594	0.85280996	0.014279459	1e-05	0.35866645	476755.19
0.18706341	0.99220384	0.023098386	0.0083274256	2.4327415	388077.46
0.17066633	0.49249225	0.021448451	0.029129956	3.7970908	505931.95
0.18908104	0.84194607	0.017103487	0.067728005	0.60346576	655335.33
0.19532291	0.44539403	0.019327994	0.022809876	4.3030758	537149.58
0.17089213	0.95173696	0.019880077	0.008814408	4.1837852	460167.9
0.2043399	0.98226449	0.01692839	0.0084379202	0.73398496	447218.8
0.1665037	0.64087668	0.017463491	0.0099324423	4.2161064	466928.27
0.1833902	0.97357657	0.018966353	0.011539924	4.4607514	435304.57
0.16589563	0.58908951	0.017595976	1e-05	5	431013.68
0.18899977	0.9492807	0.019200786	0.055714666	2.3442189	659757.97
0.18774236	1	0.012020101	0.0051402419	1.321003	464470.65
0.18678241	1	0.020460647	0.035240087	4.7896424	535490.73
0.19307786	0.99626548	0.015538493	0.0037547685	1.4269136	465317.55
0.19866587	1	0.011687541	0.020915051	0.001	478388.48
0.19910347	0.45195698	0.015720504	0.023067324	5	516826.1
0.21192579	1	0.015597251	0.0073949666	4.260698	468535.48
0.17101736	0.4601016	0.019194692	0.021383541	5	457727.79
0.18341119	0.95572798	0.015409987	0.0066969891	0.001	453729.68
0.2133608	0.64534369	0.0148928	0.0027890024	5	443916.61
0.19424861	0.65286411	0.018088266	1e-05	5	389191.11
0.18243403	0.49556766	0.016869408	0.018274464	5	502339.87
0.19955354	0.9307062	0.010993425	0.004202416	0.89333702	425313.91
0.17330962	0.67120271	0.013665919	0.0065425024	3.2831997	477456.84
0.18867824	1	0.013753954	0.0030563552	0.08421944	459982.92
0.17819697	0.8577879	0.019896957	0.009822913	5	473000.33
0.19356955	1	0.017686695	0.0041363476	4.7788326	449378.25
0.19642604	0.61258794	0.010710872	0.017972226	2.7429734	453160.13
0.16319283	0.55395964	0.020342835	1e-05	3.6876522	400540.86
0.2042691	1	0.016690264	0.039217231	0.19598821	524095.08
0.16967273	1	0.017962616	0.044602362	0.0010151584	554955.61
0.20587589	0.59054321	0.011160625	0.0010653223	2.0799214	448847.63
0.19416781	0.86522643	0.015396793	0.00611743	1.0049747	459497.52
0.20595977	0.83514111	0.014945924	0.029480207	2.434426	493754.82
0.18861622	0.54334707	0.018184217	0.00020068878	4.2868949	411010.34
0.18218082	0.91778889	0.015349832	0.013575936	5	477436.54
0.21556642	0.70271592	0.01488311	0.014369296	1.8725051	503604.55
0.16761114	0.71405218	0.023737241	0.0011809512	3.6161154	416939.61
0.18796189	0.87292813	0.014372654	0.0073483239	0.001	466032.72
0.19651595	1	0.017331606	0.0012985033	3.8972105	429428.76
0.1703548	0.98044848	0.019952543	0.0096391695	2.6033501	436995.73
0.16281468	0.92851739	0.019620279	0.00075335967	3.2882952	441873.89
0.17691198	1	0.011626073	0.090799242	1.0812299	766505.97
0.20822152	0.73453567	0.010873918	0.0080780521	5	513689.27
0.16919152	1	0.018411216	0.0061347851	5	441743.07
0.17605525	0.56367407	0.017392921	0.027696058	3.5812445	464102.31
0.23498999	0.89455202	0.013278168	0.0061494941	1.1836256	444323.42
0.18202505	0.85819053	0.013627682	1e-05	1.0897266	431094.71
0.18373366	0.94544599	0.020661072	0.016176262	4.4237228	487302.37
0.20347728	0.60287121	0.014062739	1e-05	5	404356.59
0.17153329	0.5559738	0.011256727	0.022946905	3.3346346	544562
0.18667179	0.94365513	0.016493177	0.020580587	1.165869	527719.68
0.18948435	0.76873222	0.017183384	0.013651993	4.8011035	434697.42
0.17547857	0.6940972	0.018204768	0.0092242657	5	468725.07
0.16956649	0.69811042	0.015496263	1e-05	3.5027367	462861.82
0.14661077	0.96003716	0.022089636	0.019640247	0.001	456058.8
0.17397704	1	0.022534562	0.033351282	0.001	453365.11
0.19362773	0.66018907	0.012287019	0.0099115971	2.0121687	483675.9
0.19534741	0.77930822	0.014954302	0.039706423	2.533624	570206.33
0.18030032	0.6502819	0.014784947	0.0088092709	5	472217.15
0.18204094	1	0.020180198	0.04425856	0.001	530712.99
0.20740336	0.54747841	0.014128643	0.029473296	4.0004033	484814.62
0.19938865	1	0.020557322	0.015796	0.001	476614.14
0.18651793	0.67377665	0.016228786	0.015973022	4.1778586	474991.56
0.17439795	0.77953788	0.012612291	0.038716414	5	557753.48
0.19180489	1	0.018256735	0.0079513154	0.001	454775.04
0.17459595	0.92737845	0.013181218	0.0044870027	0.001	457785.39
0.19594266	0.50664906	0.015692782	0.031918451	4.6627153	436344.17
0.17365816	0.54683142	0.018457777	0.087294599	3.9214029	791062.51
0.20586509	0.7363405	0.013557421	0.016806395	1.2083769	503507.86
0.21174043	0.78603722	0.017890966	0.00061709195	2.6915949	427733.74
0.13169713	0.66966358	0.023781654	0.017952075	0.66622127	438138.36
0.18368828	0.84622343	0.016600252	0.032535841	4.577786	494210.56
0.18182065	0.57139957	0.025928855	0.025122384	3.0566209	483506.53
0.15526867	0.85993777	0.019266851	0.091234621	1.26763	794114.77
0.17961444	0.53460983	0.01672283	0.025841092	3.4433416	476286.67
0.1914146	0.75165942	0.013086536	0.0077334422	1.8032262	432682.84
0.19930175	0.97532873	0.014854185	0.016534518	1.8281315	496085.75
0.17181794	1	0.010791483	0.029315063	0.001	545056.03
0.19651991	1	0.016135192	1e-05	4.5482349	435089.72
0.1843632	0.92478625	0.012593225	0.006888924	0.001	462905.61
0.14457053	0.42894294	0.023196419	0.0047315853	5	411783.27
0.14304249	0.77457799	0.021884715	0.022745872	2.5359622	493148.82
0.19087449	0.9355309	0.018545949	0.0061579098	0.77061734	379894.04
0.1593223	0.8410213	0.01515544	1e-05	0.36906291	387193.64
0.18216445	0.6412658	0.015108402	0.0082608324	5	430948.76
0.18005182	0.5547901	0.015491926	0.0018395951	2.2916894	458862.06
0.17583873	0.98277918	0.0088979918	0.022170345	3.5917537	546244.34
0.16855337	1	0.010644773	0.013879582	1.7668022	517002
0.18210446	1	0.012746981	1e-05	1.3252675	455906.95
0.16548238	0.84537999	0.017228696	0.011247128	5	371509.3
0.21633659	0.46725394	0.022201928	1e-05	3.4577201	406793.14
0.1950344	0.64961171	0.016493479	0.0020731773	4.677979	402847.68
0.20001121	0.97371894	0.016057091	0.0025734725	5	438809.06
0.18583529	0.50215804	0.014937452	0.0069999489	3.6616861	483870.55
0.15373967	0.92070598	0.023139991	0.0060760047	0.001	438775.23
0.16275526	1	0.016863727	0.01088373	0.001	404838.75
0.18621607	0.68267909	0.015653343	0.011630304	2.1099275	472009.07
0.17598197	0.81113807	0.020743437	1e-05	1.8263287	393111.66
0.16530739	1	0.017936108	0.024676706	3.9030013	528300.79
0.18010187	0.47163335	0.021712082	0.0026705815	4.6573653	395155.2
0.1994562	0.97799854	0.01679985	0.0077437964	2.4274402	405515.43
0.17205929	0.67988846	0.019969699	0.0058910265	2.859242	434537.14
0.19004854	0.71988495	0.015559821	0.035934341	5	531721.99
0.18175878	0.92545365	0.014557755	0.022386219	1.6118794	447224.57
0.19552149	0.8556034	0.019886312	0.019164366	5	509421.22
0.18702202	0.74459984	0.014953331	0.010833535	1.1531083	452235.21
0.18060686	0.60684633	0.013421958	0.00273517	5	427542.68
0.17783787	0.95134118	0.014151721	0.0063602464	3.9940012	484371.48
0.16245486	0.58310405	0.015320466	0.02500534	4.9864422	508754.49
0.17720997	0.6868331	0.020220177	0.00023396209	5	410971.46
0.18093642	0.56656736	0.017658438	0.023095535	5	525016.24
0.1745697	0.52426444	0.015580016	0.014152897	4.5725271	486528
0.16009243	0.74782365	0.016752121	0.0060143947	3.8567659	449494.2
0.22046886	0.84257778	0.019057833	0.025134564	1.126386	459577
0.13719234	1	0.02803782	0.001685233	0.85535969	404954.29
0.17118453	0.41188009	0.015381399	0.018342031	5	493724.04
0.2122049	1	0.0091459151	0.0062050174	0.001	461958.43
0.19460389	0.64754781	0.018031491	0.010281275	4.9538264	466651.57
0.16497376	0.83908601	0.022041447	0.0040591429	5	420970.4
0.14412013	0.81636275	0.016052696	0.0074396245	2.3537366	419215.97
0.18093885	0.91869951	0.01297684	0.035142837	0.49514403	544656.33
0.18211763	0.78723642	0.012307761	0.010313663	3.7640376	468173.43
0.19446357	0.67364555	0.015939921	0.039686778	2.2930537	542316.26
0.17993761	0.61578021	0.014651266	0.027572327	1.9524422	538145.2
0.16840371	1	0.016657096	0.0019613217	1.0434029	392604.04
0.18676351	0.86299748	0.018876813	0.0172522	4.0652702	456461.54
0.20863311	0.7619589	0.016129621	0.020180836	1.9784644	502495.7
0.17329071	1	0.02263353	0.040156332	4.2424183	530871.05
0.18068929	0.83726453	0.017649325	1e-05	3.7705979	426264.31
0.2120875	0.86927745	0.014696622	0.060702431	1.1071768	562006.71
0.16435106	0.5947576	0.019687667	0.0060240702	3.1180657	370700.41
0.19524275	0.69610022	0.016820758	0.026199595	3.5390958	512433.36
0.19302364	0.8040634	0.017032459	0.0083701709	3.5603083	452717.55
0.18824361	1	0.013452524	0.0091231175	1.6502838	442891.87
0.19483507	0.96983676	0.012028469	0.048988733	0.001	540915.28
0.1743206	0.84404802	0.022279921	1e-05	5	341474.02
0.1721621	0.64632297	0.014074067	0.0070734127	4.5813795	449402.98
0.157469	0.77836803	0.022515233	1e-05	4.9570253	419616.88
0.20914151	0.55362911	0.013275935	0.0082749527	5	460739.44
0.19360878	0.97513233	0.01797848	0.018400156	1.4899266	442067.22
0.1950323	0.97217209	0.0136892	0.0084031311	0.001	400807.5
0.17448372	0.89103696	0.015287885	0.0091935901	1.0261348	443515.29
0.15931677	0.56784129	0.019495689	0.01044579	4.8911843	454543.07
0.17440203	0.41553721	0.01514022	0.00063239198	5	453772.34
0.18165374	1	0.019411791	0.043275897	1.7584773	577089.78
0.20173445	1	0.022681562	1e-05	0.001	396503.07
0.17043789	1	0.016934523	0.013238264	0.050374714	475466.99
0.1689948	1	0.017303556	0.00079421001	0.2077109	432801.81
0.15436031	1	0.017828757	0.035739915	0.001	571453.32
0.1879712	0.6865853	0.015351101	0.0099590226	5	459171.68
0.19929626	1	0.014291767	0.0092486225	0.001	450445.98
0.16089645	1	0.01252951	0.00084492655	1.4979939	450121.85
0.19393206	1	0.021031187	0.024577806	2.2282977	454325.28
0.16761593	0.73336004	0.019590864	1e-05	3.2156632	458053.46
0.17730052	0.80816825	0.02695996	0.019782252	2.1888596	457963.51
0.19353846	0.86586902	0.02148628	0.034342961	2.3402461	527948.41
0.15230272	0.6734468	0.02050711	1e-05	5	427379.45
0.14623475	0.63926907	0.016720813	0.092378102	5	850412.79
0.17470656	1	0.016957889	1e-05	0.001	415465.88
0.18249728	0.50741365	0.018331032	0.0050473726	5	434543.24
0.19484413	0.54115147	0.015721724	0.015353903	4.2874745	405005.77
0.17998593	1	0.012975253	1e-05	1.7831202	500442.86
0.17601793	1	0.020177105	0.0919639	0.001	855246.96
0.14893138	1	0.014299856	0.032787122	0.55505729	522255.72
0.16493113	0.63678002	0.018497952	0.0081253513	4.9333782	461757.65
0.1869273	1	0.016669737	0.072090111	2.0225904	704896.28
0.17121446	0.4740331	0.021168871	0.080590741	5	759969.58
0.16127622	0.61289734	0.016917831	0.0048342414	3.5095488	469268.07
0.16984703	1	0.012536335	0.0046263614	0.1138367	480121.85
0.20684797	0.87623325	0.013030051	1e-05	2.8438539	437676.79
0.19162062	0.77501956	0.011891353	0.00045469862	2.586656	449144.08
0.18768971	0.75066045	0.01287204	0.0029382692	4.0968654	487833.37
0.1938528	1	0.011387136	0.03808927	1.8013389	574145.04
0.20666891	0.7241033	0.013637131	0.037523177	3.777311	540888.05
0.17283553	0.80687196	0.017448865	0.0044793886	2.9925475	458680.24
0.17321869	0.6382493	0.015564208	0.014675765	1.2134757	430076.8
0.20470178	1	0.019490221	0.076071039	2.7705855	664865.01
0.19017576	0.99614658	0.014414835	0.0034671811	2.2942842	456489.18
0.17129394	0.7351103	0.018953879	0.0053433467	4.2177987	436015.77
0.18940675	0.92000133	0.013881571	0.020690743	2.9766203	505915.6
0.1782154	1	0.014451249	0.050470588	1.0389611	680762.48
0.15274364	0.82548069	0.021136875	0.0012322884	5	402676.78
0.18238715	0.60872437	0.016830424	0.044623761	5	602845.89
0.17359005	0.90320854	0.012860326	0.0096406269	0.20683638	446964.24
0.18400128	0.83294973	0.020787607	0.029114922	2.8078867	522594.96
0.17795165	1	0.014235013	0.067774866	0.001	641730.25
0.16835629	1	0.015308843	0.0028232722	0.001	445313.19
0.17778655	1	0.020657519	0.0064996562	3.2405114	435160.1
0.1963609	0.61010148	0.017656538	1e-05	5	382780.28
0.19254562	0.6772313	0.017521936	0.0096661052	2.8859867	462608.04
0.1928051	0.71698382	0.013163812	0.048081506	1.8054092	582004.56
0.15034882	0.89412543	0.020074511	0.015073154	0.043643612	476111.09
0.17103134	1	0.011741901	1e-05	0.001	417252.18
0.17651428	0.56457991	0.014900804	0.01990532	4.8623866	558433.48
0.18038259	0.60937503	0.024291513	0.02440737	5	495714.7
0.16922814	0.56357955	0.01661829	1e-05	3.4046033	431718.22
0.18704516	0.71535927	0.016664598	0.04081566	3.7112601	496791.93
0.15991588	0.36351779	0.016553208	0.047593513	4.6383585	531381.19
0.14422299	0.70610983	0.018882644	1e-05	2.0946322	412675.69
0.17482027	0.87866548	0.015364272	0.018524335	1.017472	544218.84
0.15605894	1	0.019793135	0.049278693	3.0717012	610834.89
0.18370126	0.58797365	0.017786919	0.0058141945	3.3939736	430618.7
0.17108347	0.79188923	0.02187028	0.0091439631	5	434972.29
0.15266558	0.58058443	0.020039635	0.033238489	1.723904	504769.68
0.14997458	0.7351966	0.014929444	1e-05	0.31896534	429215.84
0.17083286	0.81699917	0.018361572	1e-05	5	399225.03
0.18011348	0.96571517	0.01910255	0.036807215	4.6578921	554892.17
0.17293924	0.88090869	0.018664458	0.013040535	0.53246147	462894.18
0.17657974	0.78481303	0.02217712	0.029940167	3.4602619	419425.78
0.17344549	0.97324328	0.017192874	0.016495655	0.001	437246.29
0.17311149	1	0.017589483	0.0066123165	0.001	492496.45
0.17395323	0.68851588	0.015836516	0.007769804	1.8738903	468689.06
0.16641365	0.99963874	0.018954354	0.080166305	1.4547975	698508.82
0.2060464	1	0.012351636	0.0047372319	2.1183175	462064.73
0.18283399	1	0.01544259	0.0062124698	1.2074517	429613.57
0.18780784	0.71900628	0.018098687	0.02708025	3.5678501	506546.79
0.19743471	0.4532863	0.017408803	0.012798534	3.6432705	450791.63
0.16978428	0.89589632	0.014179668	0.044823506	1.9096707	558211.08
0.17704626	1	0.020497712	0.0083661803	5	471946.94
0.19929001	0.94906642	0.016269426	0.04500972	4.8723798	577135.98
0.19125705	0.90083501	0.0118424	0.00052873331	1.6990407	435839.93
0.18081133	1	0.016452845	0.027124051	0.001	574792.63
0.17454541	0.91801067	0.01692816	0.0044792773	3.1933055	409693.5
0.19902266	0.72165672	0.015273889	3.8485027e-05	4.3361433	452821.79
0.21892356	0.79071365	0.014920439	0.01588203	1.1266307	538763.36
0.19296577	1	0.015575654	1e-05	0.001	404934.58
0.18019085	0.99722468	0.018059491	0.0055493907	3.0550333	455419.37
0.19284663	1	0.022367422	1e-05	4.4149248	433915.81
0.18825575	0.81852789	0.015168192	0.0049249316	1.9554045	452632.93
0.17608217	0.80339203	0.016410186	0.0043216909	3.9830064	447641.47
0.15731776	1	0.020141087	0.046976128	1.1963997	593674.08
0.15989995	0.92786857	0.016722442	0.0055433236	1.1364439	473808.68
0.1882092	0.52839727	0.020308432	0.0095920203	4.7860576	443221.73
0.18103853	0.51966711	0.012224847	0.021529408	5	472196.72
0.17212646	0.93387383	0.022346922	1e-05	3.9469509	431901.91
0.17262918	0.39021284	0.021693209	1e-05	5	401925.84
0.14640537	0.8616074	0.020608006	0.01793969	0.001	510011.14
0.19520817	0.59731838	0.020146246	4.064786e-05	4.9896352	404138.41
0.19187302	0.51834776	0.017749651	0.00073454163	4.9988584	441838.68
0.19187772	0.61808663	0.0197677	0.0090369179	5	390255.52
0.18667187	0.87355325	0.012827463	1.4515156e-05	3.3748047	410333.55
0.1643203	0.86803443	0.018078586	1e-05	3.3294058	396605.13
0.19762251	0.97552397	0.018196576	0.023216795	2.2646189	469068.73
0.18089045	0.74705764	0.019374479	1e-05	3.2621008	411168.49
0.19056117	0.83592514	0.018315674	1e-05	5	363866.95
0.18326417	0.45040844	0.019964922	0.0011171164	5	418937.91
0.18789906	0.89132575	0.013598471	0.00833193	3.6838848	483626.72
0.18482132	0.65645299	0.012249571	1e-05	5	462288.6
0.17771793	0.96486507	0.016538042	0.00099486532	0.89323406	471355.59
0.17207046	0.99778627	0.0098797669	0.01503427	1.1557423	527567.87
0.16182488	0.68154112	0.020089316	1e-05	4.8875225	392238.19
0.16677449	1	0.017707942	0.0086306077	0.58351044	454745.03
0.18019435	1	0.015038382	0.007516078	3.3058598	472899.55
0.16719259	0.96912836	0.019604988	1e-05	3.5056477	412990.04
0.16865186	0.7990927	0.017654978	0.00020974132	0.84946565	487899.35
0.17022371	1	0.016977093	0.0026713253	0.001	470615.17
0.18050538	0.76222049	0.014200601	0.047589495	5	646434.31
0.16196433	0.60656733	0.015932461	0.0012569226	3.2998726	443873.04
0.21098797	0.70747017	0.011748895	0.010845715	1.8832921	493033.24
0.20014268	1	0.013796465	0.03742439	0.001	566173.38
0.17858976	0.66743929	0.015609026	0.01931754	4.8316822	458785.93
0.22659164	0.854257	0.010412894	0.022860736	3.3916167	551129.62
0.21376934	1	0.016573431	0.00028610705	3.3049074	428639.21
0.20437935	1	0.010621102	0.048183695	1.0167794	621733.41
0.17946732	0.64239597	0.017116351	1e-05	5	409078.18
0.1771852	0.94088246	0.015016311	0.00034776748	0.001	452660.35
0.17142969	0.86494853	0.021581307	0.036778499	3.2010164	555790.73
0.16129193	0.59191445	0.011442325	0.016366381	1.9800652	508557.9
0.18434923	1	0.019370715	1e-05	1.7353541	432422.99
0.19657151	0.68797055	0.016178029	0.016661139	3.517249	490989.67
0.19833837	0.94630415	0.011083387	0.021951128	0.94291858	536302.41
0.17680769	0.86623079	0.01215602	0.023360944	1.3305129	539986.4
0.15633254	0.89808864	0.016961762	0.017678042	0.97579763	468902.35
0.17045722	0.89527533	0.019360094	0.0021448024	0.001	447420.41
0.19045586	0.90948934	0.017263125	1e-05	0.55457176	419599.77
0.15059512	0.53172494	0.013416183	0.00085530044	4.267376	388331.02
0.15643965	0.9687688	0.022893107	0.038207059	0.001	525197.74
0.21203118	0.98214096	0.01527777	0.016152251	0.001	506826.71
0.18648242	0.73778451	0.020639885	0.007264139	2.8480268	451628.41
0.15807486	0.6596296	0.021831941	1e-05	2.0372864	408175.16
0.20349038	0.79249137	0.015128789	0.011010299	3.6973147	414652.14
0.20278752	0.8140091	0.018948703	0.0069145947	0.85143106	440212.46
0.18920978	0.44174043	0.020098569	0.025475038	3.5151287	459419.28
0.17923759	0.82007523	0.023681823	0.00080058736	5	403747.65
0.18357827	0.97021553	0.019432529	0.0070506175	2.8435617	422355.54
0.17980278	0.54620369	0.01475245	0.011647683	5	416759.6
0.14913143	0.9976869	0.020014238	0.023716042	0.97265403	525150.48
0.14711598	1	0.018012495	0.00025151878	0.86666568	443778.04
0.1983001	0.92015809	0.011202414	0.018565757	0.018994458	474692.87
0.19556038	0.51782498	0.012753156	0.0041662153	5	469987.49
0.18755776	0.78949843	0.017541739	0.016982076	2.4289541	455063.12
0.2174996	0.75465748	0.018947764	0.017712558	5	485447.1
0.17408471	0.42166972	0.016366953	0.028276089	5	495443.04
0.19678121	1	0.018302319	0.024002927	3.083316	490635.44
0.19193046	1	0.016126011	1e-05	0.94448455	347051.88
0.20499297	1	0.018290638	0.0039771992	0.067233427	447929.81
0.15816412	0.42320385	0.022465894	0.019656631	5	486987.5
0.20905027	0.69864917	0.020252757	1e-05	1.9603966	392021.55
0.15358055	0.74708046	0.023039275	0.025211383	4.8866593	467107.58
0.18466504	0.78487481	0.016042183	0.0016646491	1.9960979	411270.43
0.17102838	0.66286548	0.01312733	1e-05	1.8707162	450098.25
0.19881718	0.5620433	0.016126937	1e-05	2.4452328	387114.05
0.17204395	0.48843339	0.020507719	0.012145423	5	474758.68
0.15360496	0.95273017	0.017774206	0.070738507	2.6578856	747741.34
0.19498687	0.92498496	0.017287758	1e-05	1.6167611	422547.59
0.20750655	0.61939423	0.017701802	0.030110039	4.1462428	485344.79
0.15775895	0.5082544	0.021096622	0.052731329	3.5667901	584390.61
0.16108809	0.85712951	0.013217196	0.015295874	0.46958388	505405.05
0.1588534	1	0.022559512	1e-05	1.2936825	391596.23
0.15345771	0.7567716	0.017465741	0.0017144397	1.3370844	442149.2
0.1780045	0.93531057	0.017419311	0.020629537	0.07356827	505179.81
0.16096704	0.76816534	0.019136799	1e-05	1.4593346	431010.06
0.19648622	0.93820718	0.010767611	0.029760868	5	544290.4
0.19279909	0.51616352	0.018351829	0.0049712517	4.1300474	392286.68
0.1853196	0.46998399	0.015891045	1e-05	5	417500.38
0.19446614	0.66610708	0.014548671	0.0072740199	4.0486968	451347.44
0.18931568	0.82151877	0.027952661	0.0032744064	0.63105714	356465.89
0.1933408	0.95289723	0.023487691	0.019261665	5	513562.54
0.16339034	0.73703983	0.012838449	0.043511037	3.088763	553959.93
0.17652365	0.84047346	0.020184718	0.017957822	2.1031961	487289.02
0.17512798	1	0.020991632	0.015065361	0.001	410227
0.18237296	1	0.013373057	1e-05	3.7870765	380184.74
0.16478248	0.7832087	0.018566747	1e-05	2.9477779	435311.13
0.20619089	0.89183003	0.016650959	0.0018569215	2.793884	426390.38
0.19615001	0.8953574	0.02417076	0.04635448	3.1144201	543786.07
0.19194665	0.399091	0.011031495	1e-05	3.9898982	438893
0.18680813	0.78927674	0.014010572	0.0010183953	2.5215309	408402.54
0.19092481	0.65359934	0.017559463	0.039927547	3.5202324	546163.73
0.18144127	0.88396782	0.016414713	0.00037700227	1.6322591	447506.79
0.18953034	1	0.01763373	1e-05	0.48294364	401060.91
0.19801144	0.87332593	0.015758239	1e-05	1.2748935	454112.33
0.17263541	1	0.019171905	0.0059858893	0.001	438381.04
0.1869373	1	0.014847804	1e-05	3.3391889	409411.07
0.20344254	0.65325796	0.01486146	0.025349166	4.618702	510824.47
0.18478243	0.72240128	0.018489068	0.0033255033	3.199285	442828.39
0.21699833	0.49880076	0.011299245	1e-05	5	439035.4
0.14636167	0.59030235	0.016745015	0.0082032889	2.2377047	470654.37
0.20757805	1	0.015340654	2.5232171e-05	0.090096664	452144.26
0.18525303	0.505256	0.018644526	0.020591211	4.7517961	481625.84
0.19285611	0.58426614	0.018459653	0.017901894	2.6582287	461652.68
0.18345147	0.97115343	0.017907786	0.0042829699	1.1097438	428157.32
0.16825974	1	0.019075529	0.0022972533	0.018427289	432133.07
0.15639742	0.81606334	0.023176314	0.0043227398	5	427331.87
0.15838887	0.89784206	0.019329381	0.012359693	3.6713467	414701
0.20119165	1	0.013984778	0.00020020287	5	361950.15
0.19538443	0.8117233	0.014110411	1e-05	0.97717054	376274.93
0.16248673	0.54919465	0.018858842	1e-05	5	397658.82
0.18641732	0.35231363	0.014651601	0.032429415	5	562331.61
0.16473782	1	0.015426974	0.015137362	4.9062621	516376.84
0.15783946	0.86799557	0.015495021	0.0028046142	0.72759519	452498.09
0.16836188	0.43099546	0.020525374	1e-05	5	421812.94
0.1679259	0.70444931	0.016187844	0.011339116	4.3296995	470865.61
0.20768451	0.66608557	0.014128585	0.034155528	2.5465257	553794.42
0.17718338	0.93832541	0.012057167	0.0041894822	0.77994564	471630.16
0.1842202	0.65860004	0.01871806	0.0087519977	2.5701213	452920.01
0.18497533	0.74391798	0.018302246	0.0065309781	1.4792834	448594.36
0.20375459	0.71927235	0.014288997	1e-05	2.8482649	437749.4
0.19652188	0.99378926	0.013317768	0.046382173	0.001	527510.18
0.16160437	1	0.015324213	0.013965414	0.001	482843.98
0.18274438	1	0.014723888	0.0067398769	0.001	492860.25
0.17394224	0.99935815	0.022191557	0.012666674	2.4810363	469924.54
0.2105431	0.79897927	0.016731757	1e-05	4.1125729	410317.75
0.20293564	0.93096668	0.011887882	0.022519348	2.6531722	521151.55
0.17708925	1	0.015876196	1e-05	0.001	455890.86
0.17537679	0.74036921	0.013645509	0.0075509617	5	422160.97
0.18128427	0.79977966	0.014018023	1e-05	5	455242.19
0.17291364	1	0.019223639	0.0079579301	0.001	458739.72
0.16476622	0.93186358	0.011547975	0.02101609	4.0044372	519170.87
0.17798315	0.65287211	0.010455789	1e-05	0.64070429	406388.31
0.1485044	0.66889851	0.020974534	0.019235513	1.8602666	465712.46
0.18419705	1	0.011626482	0.020572701	0.001	473699.67
0.17128486	0.7486342	0.021453139	1e-05	0.65029186	409814.69
0.15803408	0.64220109	0.018847872	1e-05	1.6532731	426565.45
0.17649406	0.73672493	0.015918292	0.023354196	3.1496665	491687.03
0.18511469	0.67484176	0.022917145	0.01705693	3.3031127	453896.99
0.17902949	0.93874761	0.014754757	0.069500787	0.87642025	696535.89
0.17160088	0.95798707	0.013330384	0.013615469	0.061822941	488016.64
0.21399934	0.93694591	0.019476083	0.005579124	0.001	466016.81
0.2124326	1	0.014228237	0.0043894464	0.11429007	462536.12
0.16365175	1	0.014283525	1e-05	4.7850668	437242.15
0.1606002	0.73903168	0.015221392	0.021057354	4.3396338	502938.36
0.20052664	1	0.016615678	1e-05	0.001	450215.37
0.17461051	0.9169826	0.017162259	1e-05	0.43133397	444351.66
0.17945124	0.92186333	0.019971737	0.02747226	1.5619034	487417.89
0.15343506	0.85567336	0.016887377	0.040840572	3.6429655	605164.31
0.19797552	0.90394828	0.012292803	0.034309531	0.49937394	630766.1
0.18352416	0.73311156	0.015899114	0.0052121465	5	463049.11
0.19199352	1	0.013694058	0.0058066283	0.34442636	484995.85
0.20632368	0.8952636	0.01138064	0.017651084	0.77146718	504188.48
0.16346674	1	0.017575015	0.013518537	2.0878077	541075.93
0.19951093	0.39509223	0.016865914	1e-05	4.8961181	410013.54
0.19144351	1	0.013948591	0.015108633	1.9215405	528641.77
0.19510438	0.73041204	0.01254587	0.02618116	3.9752124	538228.5
0.19418085	0.42420808	0.01506966	0.0085225119	4.7095321	456045.8
0.16834626	1	0.014207245	1e-05	0.10454022	432719.12
0.16449009	1	0.023970607	0.013360467	0.096383998	448253.73
0.18994251	0.69455086	0.019859984	1e-05	2.5562273	413260.98
0.19249209	0.69119177	0.014777241	0.02135523	3.8844802	493462.38
0.17911825	0.82494605	0.020439273	1e-05	1.7714216	440100.34
0.19623373	1	0.025922251	0.0132927	0.45467714	385819.79
0.18370354	0.9765508	0.016928658	0.049774484	4.3098879	573299.05
0.18338376	1	0.017779987	0.010507589	3.734859	483545.17
0.19603975	0.44132081	0.014969896	0.0080337462	4.8558396	480547.71
0.20092541	0.48705977	0.016639525	1e-05	3.4747278	426319.11
0.15756319	0.40878835	0.019486713	1e-05	4.1949956	418665.47
0.19200436	0.8858438	0.013241686	1e-05	0.54256167	423052.64
0.19407916	0.80323245	0.01342927	0.0079131817	1.4730591	470701.72
0.18416118	1	0.014261414	0.01211072	0.001	430841.97
0.17426356	0.96352489	0.016794418	1e-05	2.679543	419859.98
0.18733923	0.99417637	0.01382155	0.045541979	0.001	547831.17
0.16944417	1	0.013136049	0.042845494	1.3237023	636798.97
0.17006421	0.78356481	0.010906296	0.022332767	3.2550848	525392.26
0.17185141	0.92454585	0.019789562	0.0012024087	3.8289882	417919.94
0.1942431	0.9250765	0.014763231	2.2487423e-05	0.95211622	461919.55
0.18834888	1	0.009065362	0.058914688	0.001	629403.6
0.19825341	0.86629005	0.017410705	0.014573255	2.8204213	494405.95
0.1823574	0.85284098	0.012970909	0.037406903	3.9825009	552067.14
0.18183371	0.87837527	0.015083976	0.015656178	1.0002747	449261.27
0.15617389	0.68449918	0.02297656	0.00022073491	1.9032931	432771.04
0.18493381	1	0.016600326	0.013986662	0.001	476924.72
0.15042519	0.84826551	0.021881596	0.014703782	0.68373845	460765.31
0.18289092	0.66131087	0.017192884	1e-05	2.2835227	424502.04
0.21534873	0.98752213	0.010521855	0.022004871	0.96299615	528704.69
0.18558868	0.76929937	0.016567564	1e-05	3.8465077	421094.66
0.19432136	1	0.012982808	0.0034760073	0.93561388	491643.64
0.17264278	0.82391762	0.019433615	0.028406101	2.8531322	471514.88
0.16612812	0.95172031	0.017724127	0.04081451	0.001	527548.58
0.16446151	0.94728083	0.02612233	0.026778954	3.8015566	517078.75
0.19860231	0.74689881	0.015714914	0.0062822456	2.1752748	447774.18
0.19372456	0.74244587	0.011412016	1e-05	3.1462057	449974.96
0.19515246	0.75372532	0.020023138	0.0093946422	2.5392885	440140.92
0.19607884	1	0.014058386	0.013556382	0.001	518550.44
0.20649497	1	0.013743656	0.014605311	4.6006947	489556.16
0.1953058	0.79259335	0.011698287	0.012667852	0.001	498930.74
0.17977447	0.72126073	0.013915622	0.037074959	4.3628236	565064.1
0.18383946	1	0.02044236	1e-05	0.59525184	324773.01
0.18006567	0.92487483	0.015352278	0.031802501	5	528164.43
0.20118922	0.77579418	0.011139697	0.014283168	5	477431.4
0.17035065	0.33866864	0.014989267	0.012704294	5	436421.04
0.17093108	0.86849966	0.022301448	0.0067996253	1.9896316	408877.07
0.18981175	0.82194725	0.013978709	0.00034681345	3.126386	415861.83
0.21439479	0.86645353	0.012590132	1e-05	2.3840264	459015.07
0.18778785	0.71387394	0.015831289	0.01282665	1.492836	514921.76
0.17127241	1	0.017988882	1e-05	3.5405395	387458.33
0.19746128	0.75661821	0.013434726	0.11177294	0.4071235	819060.28
0.16154213	0.91883283	0.016285136	0.00089305391	2.5112228	416933.24
0.1717445	1	0.017919441	0.042117732	0.001	567780.3
0.18319805	0.73486765	0.014320429	0.021786125	2.7577008	419966.4
0.15611843	0.55907106	0.020726568	0.015083775	2.2728897	464907.39
0.19328331	0.9985022	0.01877507	0.01186921	3.7736493	495088.45
0.16768188	0.97238704	0.018308532	0.009598296	0.001	450192.68
0.15051101	1	0.0090404768	0.003881864	4.0223257	495500.2
0.18943816	0.47088335	0.016868625	1e-05	2.7496481	434149.84
0.14608891	0.451076	0.016185207	0.015826104	5	501974.47
0.18374218	0.38400866	0.018738255	1e-05	5	419284.55
0.21440455	0.72142364	0.013496934	0.014668094	4.2962971	494558.48
0.19006731	0.66977452	0.016122426	0.019270853	2.2429888	503904.61
0.20230737	0.77690535	0.013609122	0.0024219315	4.0215487	436848
0.19290227	0.55807291	0.018875497	1e-05	3.9860106	411114.62
0.17427942	0.82839012	0.017429579	0.0022822182	1.9428852	432231.85
0.17052407	0.71468089	0.014418516	0.031412677	2.2022911	520030.11
0.19948245	0.61968693	0.022853694	0.013184832	5	412439.26
0.20090155	0.6171815	0.014295894	0.0032006913	3.773514	415006.22
0.17207592	0.74451381	0.016483925	0.038346136	2.3273383	570397.17
0.15079628	0.46837302	0.016146668	0.070412058	3.8796995	669466.44
0.16414937	0.687893	0.017539165	0.001718689	3.7454279	440273.23
0.1677802	0.54912113	0.018080824	1e-05	3.9719152	405543.3
0.15812538	0.64493634	0.022536057	0.033012341	3.5674537	574505.4
0.17890531	1	0.013743011	0.014870382	4.8804145	498982.19
0.17213505	0.7554146	0.014142768	0.015496537	5	532702.85
0.2215311	0.8835518	0.014340361	0.036241463	0.89361085	586234.19
0.19721057	1	0.014646676	0.03977543	0.001	512119.44
0.17252377	1	0.015549304	0.038623786	2.7092021	504632.94
0.2012425	0.86043769	0.011861042	0.0091236784	2.9184133	500039.19
0.16686574	0.66341751	0.018652718	0.029053338	2.3164509	509566.89
0.22299403	0.65885596	0.017137329	0.0082102266	2.998608	465057.81
0.159985	1	0.012875418	0.027528549	0.001	534933.56
0.19558811	0.66790345	0.016380414	0.0012221559	4.9882373	449511.31
0.19036609	1	0.019982592	1e-05	1.5693396	448217.16
0.17751896	0.83913124	0.013714198	0.060936812	3.3489557	599014.86
0.18463283	0.52782689	0.015095839	0.038700517	3.6282963	560175.62
0.15667092	0.48250895	0.015912503	0.00011092951	3.4525109	438427.77
0.20634108	0.91863854	0.020212234	0.0035781897	3.4700484	367522.83
0.20297605	0.54533392	0.015645106	1e-05	3.8915296	406005.34
0.17543421	1	0.014279478	0.0053204693	0.001	439147.6
0.1848294	1	0.017643221	1e-05	1.1881666	397968.04
0.19436587	0.86188132	0.016653868	1e-05	4.7836749	379938.45
0.18435073	0.95062486	0.021285341	0.020247629	2.0155327	455539.03
0.1909944	0.8323472	0.013617532	0.063374138	2.1760206	667526.4
0.1690169	1	0.022491609	0.0077886667	0.001	441260.4
0.20034864	0.71721751	0.014623772	1e-05	4.9462987	398257.48
0.18577026	0.82693245	0.015633343	0.026354054	1.3516421	512015.04
0.19346333	0.74023004	0.013252596	0.00031799566	1.1473725	453612.19
0.16860088	0.92185551	0.022936169	0.003210239	1.5592666	414679.21
0.17775049	1	0.019358217	0.0033806026	5	433767.02
0.18011368	0.97536346	0.018617308	0.0098359149	0.13316736	426885.89
0.19732084	0.5283464	0.016601191	0.02543447	4.3728371	543163.52
0.1696949	1	0.021911393	0.023763398	2.3547114	494057.87
0.18733923	0.99417637	0.01382155	0.045541979	0.001	547831.17
0.20769947	1	0.012914222	1e-05	3.7042705	447816.16
0.17273552	0.98214753	0.017925487	0.0086377965	3.5146085	460070.03
0.15789417	0.70821077	0.019684603	1e-05	2.8156942	379330.83
0.19067061	1	0.023692121	1e-05	0.001	400202.56
0.16565518	0.75609856	0.021677889	0.025924825	5	518586.29
0.17228752	1	0.014439443	0.036603008	0.90942096	572589.8
0.14322501	0.71811966	0.0243106	1e-05	5	405032.82
0.17508845	0.94045136	0.015297492	0.0014018342	2.730059	409814.34
0.17997678	0.84259756	0.015170942	1e-05	0.94334118	448842.29
0.17730514	0.8135887	0.01629908	0.011826015	0.81825367	455067.52
0.18296499	0.68506083	0.016747208	1e-05	3.5579642	441528.01
0.15951008	0.65608645	0.019521579	1e-05	5	429339.94
0.18369874	0.82439702	0.0098333536	0.027209069	5	576614.05
0.14662628	0.86776705	0.01681037	0.044353171	0.001	571818.9
0.17074487	0.94382618	0.020168706	0.00033879541	1.0496531	420986.51
0.18577025	0.63614218	0.018148549	1e-05	2.4476472	408950.3
0.18259063	0.87499913	0.014275536	0.0097630772	1.973386	446361.14
0.18514756	0.60488578	0.019939653	0.021850427	2.4606046	477646.28
0.18282047	0.72726236	0.015678977	0.0087337411	0.70415131	437305.97
0.17412872	0.93947429	0.021246204	0.0025644816	2.7642419	423710.52
0.17409021	0.51063543	0.019899464	0.0081645471	5	455571.53
0.1780537	0.52377293	0.023371839	1e-05	3.3664401	347159.4
0.19743342	0.95387684	0.022740123	0.007644306	0.001	439550.41
0.16686068	1	0.017700151	1e-05	0.92496683	437931.5
0.20852951	1	0.013841976	0.0032396528	0.001	459439.07
0.15252037	0.79429102	0.017551689	1e-05	0.70433532	431054.08
0.19610783	0.80552768	0.016265001	0.023533771	3.9777931	518357.49
0.17348568	1	0.014707952	0.026325006	0.001	540264.45
0.18172576	0.99674381	0.017312159	0.020438768	3.9048727	467580.76
0.17402488	0.48447311	0.020895642	0.030728553	5	544802.51
0.17669664	0.67631916	0.01543433	0.0027461611	3.2830728	427376.09
0.21874628	1	0.013953524	1e-05	0.19062801	452958.89
0.15852582	0.97669276	0.019947945	0.0041563067	0.59259403	449781.99
0.20029782	0.37458363	0.017544073	1e-05	5	386603.18
0.18957016	0.77638755	0.016986037	1e-05	1.3425212	431106.31
0.18696667	0.9671287	0.01184932	0.021288997	0.86509397	535266.46
0.17616557	0.80709675	0.015054419	0.031805468	5	561360.11
0.17726322	0.9848666	0.015054227	0.021925075	5	537735.4
0.21807497	0.94021112	0.015898612	0.004233532	3.4009563	321016.38
0.18560805	1	0.020166234	0.014853905	0.001	467669.46
0.18519558	1	0.017134823	1e-05	0.001	409337.65
0.18352606	0.67896406	0.018617458	0.013295067	2.9023756	441051.4
0.16030751	0.87368016	0.014081712	0.0068297793	4.2881123	456571.01
0.18131009	0.74916495	0.01748396	1e-05	1.2810161	432613.53
0.19180964	0.92178699	0.0087077232	0.001603218	0.001	406111.73
0.18304759	0.84436304	0.019348623	0.01156338	3.1527518	460140.96
0.16877641	0.57215469	0.011684092	0.010665384	4.8790548	494544.97
0.19549642	0.81417344	0.017236717	1e-05	2.3631249	422778.65
0.18857417	0.81359978	0.016816946	0.0029788915	2.7782772	420509.52
0.23842585	1	0.016251089	0.023905792	3.8112929	520193.15
0.20337294	0.92026408	0.011156198	0.0043342884	0.90757333	463633.79
0.19647631	0.96057927	0.015087885	0.016397501	3.3793467	453492.15
0.17418692	0.83107122	0.014079828	1e-05	1.2500844	451157.86
0.15722918	1	0.023929778	0.0083242014	0.001	507383.2
0.17874245	0.55167657	0.013733383	0.0037871279	5	471443.51
0.16216386	0.97730377	0.020469474	0.023570012	3.2365362	468933.32
0.17759646	0.74970536	0.015836246	0.052010863	3.5561993	547914.3
0.1702649	0.8401824	0.015889605	1e-05	5	413324.05
0.17428726	1	0.010281744	0.0074085718	0.001	479095.47
0.18305626	0.49649148	0.02103088	1e-05	5	452117.94
0.16866958	0.89669015	0.015168863	0.024406453	0.001	490432.78
0.17422304	0.76765639	0.019627387	9.3191468e-05	5	420768.3
0.18224144	0.39201016	0.015544078	0.0091760664	5	439351.53
0.1800389	0.90699582	0.01624152	0.017391273	1.2418521	489765.72
0.19395401	0.89305379	0.0096903804	0.07173709	0.001	686641.94
0.18515291	0.62911619	0.017640358	0.0034648438	4.148007	405144.38
0.17761837	0.54545613	0.012539153	0.059607379	4.1148702	655265.65
0.19994637	0.9019488	0.0091576937	1e-05	2.7686184	476666.34
0.19003718	0.419271	0.015924291	0.037350679	5	610039.08
0.18793051	0.94271054	0.013860824	0.0008812376	5	453159.85
0.18351064	0.63818682	0.011194565	0.0075757197	3.5956191	447796.68
0.18561999	0.70805284	0.017008462	0.0055152316	1.5560451	430824.01
0.20413695	1	0.018664182	1e-05	0.001	411825.56
0.18295476	0.62377819	0.017707062	0.0013747531	2.6979596	437259.4
0.21142963	0.6389242	0.013233636	1e-05	1.6700827	445079.39
0.18078318	1	0.018563937	0.025950628	2.17375	517925.28
0.17747895	0.71925896	0.018912993	0.0081988826	0.85117072	424481.81
0.18914199	0.95923489	0.011218181	0.0044032784	2.0155444	456754.58
0.20377626	0.82988135	0.012897841	1e-05	1.8607081	431935.44
0.19403518	0.4749328	0.02026973	1e-05	5	384041.22
0.18192714	0.98581821	0.016290024	0.015266211	3.4741313	446984.55
0.18345041	0.80445972	0.017955013	1e-05	3.9720072	390761.49
0.17911633	0.51745754	0.014356044	0.0028323616	3.6954621	443507.96
0.15779943	0.67661661	0.021228281	0.01625626	1.4741457	460843.41
0.17735323	0.53842525	0.018964734	0.0051586808	4.3038542	423075.26
0.19326293	0.67403886	0.013292636	0.0014885133	3.2076403	432220.64
0.20155139	0.61497514	0.013202976	0.0067218747	2.3754245	412568.44
0.18139636	0.74465726	0.017546134	0.016496177	5	495750.56
0.17175969	0.66960896	0.016382148	0.029200275	4.6086738	520725.22
0.21915418	0.97248581	0.020976278	0.011011273	0.001	455648.44
0.20866993	1	0.015913581	0.015397451	0.001	508028.2
0.18513665	0.54719384	0.017522561	0.053108441	5	665998.8
0.19901177	0.8530673	0.01982882	1e-05	2.2420959	389765.04
0.18931843	0.53798517	0.013575333	0.0039133674	2.2516253	460446.74
0.17948778	0.83927454	0.016268848	0.017829386	3.5022928	471439.26
0.20692186	1	0.013447588	0.0031457877	3.1429908	454795.69
0.20642524	0.76806442	0.01709267	0.037741931	3.201918	551913.78
0.21631866	0.56596846	0.017881114	1e-05	5	418358.96
0.19103758	0.39194645	0.015363228	0.034344094	5	595267.89
0.18931843	0.53798517	0.013575333	0.0039133674	2.2516253	460446.74
0.17838577	0.45914094	0.01645307	1e-05	5	432131.13
0.18331007	0.35762099	0.016656784	0.012820907	4.7606323	445645.28
0.17598694	0.75760981	0.019403843	1e-05	4.8469901	432303.68
0.17962167	0.7178991	0.021208027	1e-05	2.1736595	413307.93
0.18981167	0.91120802	0.020111952	1e-05	1.5681345	349590.17
0.18693811	0.7865924	0.018740839	1e-05	1.9990564	387844.01
0.17681949	0.4771707	0.018712571	0.00024825016	5	430868.54
0.19321128	0.87216736	0.01972114	0.0041735793	1.5279175	402181.89
0.18096732	0.70300763	0.016904595	0.0036623054	2.9506035	422255.88
0.18805371	1	0.015074264	0.00032028184	2.4373566	420299.84
0.16268851	0.63282624	0.011925413	0.025157706	5	480269.05
0.17558009	1	0.015727359	0.0052922298	1.9739542	431873.5
0.20646231	0.63378681	0.017999064	1e-05	5	390753.55
0.18653487	0.47873992	0.013868861	0.050171412	5	626278.43
0.18996082	0.70173363	0.016728591	1e-05	3.0966239	330518.9
0.13498015	0.86662411	0.022478773	5.6679144e-05	0.24532818	413982.91
0.18043057	0.49419087	0.01439781	0.0076247217	5	464835.99
0.15535232	1	0.015410053	0.0032869044	5	451856.65
0.16489191	0.5403272	0.015488208	0.0079614874	5	436634.06
0.19149811	0.53684921	0.015286963	0.10865216	3.3189617	753219.52
0.18113039	0.41236602	0.0081913748	0.0052624287	5	460298
0.17847762	0.92282715	0.021126556	0.036063398	1.8640941	541365.75
0.17258163	0.51942713	0.014149414	0.028433492	4.9879307	473483.25
0.20413995	1	0.017898844	0.0082381544	0.001	431343.49
0.18117993	1	0.013720498	0.0022593828	0.001	460488.06
0.17237285	0.61343767	0.02101945	0.00079392714	4.6623627	409201.18
0.17934016	0.72501753	0.020846968	0.014355049	3.1242129	460753.27
0.17113013	0.74832845	0.014923404	1e-05	4.679918	474264.78
0.19046436	0.65880756	0.022663616	1e-05	4.1470132	391130.01
0.20872143	0.70465006	0.016548208	0.015150077	2.8633204	443537.46
0.18399103	1	0.017112437	0.03469575	0.40195195	543830.37
0.1811693	0.79599542	0.01833324	0.020149485	3.4769508	431771.17
0.19391971	1	0.017305253	0.0038560026	3.391826	435571.21
0.21289156	1	0.014211658	0.018862211	0.001	509621.36
0.17782645	0.68495905	0.015380093	0.04393163	2.8043647	600967.49
0.14855471	1	0.018829519	0.029981772	0.001	520145.35
0.19495506	0.75518545	0.0098770649	1e-05	5	464692.11
0.15626435	1	0.020559565	0.0050383669	1.1309587	421293.8
0.18985633	0.57276964	0.015397221	0.037160067	5	512608.36
0.21145304	1	0.016243744	0.02118512	1.92149	432794.24
0.19253721	0.48481213	0.013825894	0.0030784404	3.2391628	438748.78
0.18522288	1	0.017964455	0.013321464	0.001	435943.14
0.18723058	0.68641254	0.011770954	0.0020084471	5	456293.98
0.19719591	0.98027628	0.011813427	0.002967256	0.001	451124.63
0.18426376	0.73560565	0.013961062	0.0024960955	3.8159258	464563.75
0.19008393	0.59553426	0.019097873	1e-05	2.5849459	430022.93
0.19924165	0.87639654	0.017779947	0.032225817	4.7348734	507975.05
0.20740427	1	0.016136563	0.0077337327	5	451156.43
0.18968506	1	0.013593189	0.00982807	1.5913921	483427.98
0.19522269	0.51120864	0.017120065	0.05574109	4.3485529	586612.03
0.21140147	0.85257437	0.012519768	1e-05	3.2593676	394954.57
0.21866348	1	0.015411232	0.0033404638	0.001	396087.47
0.19982251	0.44809633	0.015162525	0.023616926	5	491196.66
0.1699303	0.48686626	0.013699986	0.026143369	5	521700.89
0.18828439	1	0.023760467	1e-05	0.001	401650.82
0.17426454	0.55528998	0.012980824	0.031405395	3.046484	542674.18
0.17275827	0.74867743	0.022484346	0.0032937314	1.6187936	414226.84
0.20260083	0.60159539	0.013883437	0.048978555	3.0545199	604026.47
0.17037336	1	0.017747375	0.020740215	1.6459839	458497.99
0.21748478	1	0.016993151	0.014470262	0.001	425138.45
0.16681255	0.84516939	0.01212366	1e-05	2.0127366	444053.47
0.17411793	0.62684111	0.014721235	0.023063971	3.7082695	521401.68
0.18704048	0.74727719	0.013091313	1e-05	2.5166124	447897.34
0.17500293	0.41885896	0.020530524	0.0085878591	3.7706572	402775.81
0.17912541	1	0.030873597	0.033809321	0.001	530595.95
0.15656045	0.96799897	0.025723958	0.0050460774	0.10008104	408716.14
0.17304629	0.75906643	0.021191984	0.0044103954	2.4825526	434755.09
0.18272009	0.63373304	0.018028719	1e-05	4.9352552	416695.02
0.18631386	1	0.015159407	1e-05	1.7818892	413161.12
0.22334227	0.97898398	0.016247334	0.0066194363	0.83493359	473097.05
0.15998536	0.54077838	0.019493098	0.0053446397	1.7037158	422519.42
0.18282047	0.72726236	0.015678977	0.0087337411	0.70415131	437305.97
0.18001723	0.79505944	0.0125643	0.03029287	2.7748005	555380.55
0.18453047	0.78747784	0.016216435	0.008482846	3.0939048	423544.63
0.20662532	0.6713345	0.013806155	0.015024153	2.4290799	453958.21
0.19285611	0.58426614	0.018459653	0.017901894	2.6582287	461652.68
0.18833604	0.74443325	0.014556252	0.038631908	4.4692063	562837.8
0.18435961	0.5717942	0.016268753	1e-05	3.5126185	411850.6
0.18541908	1	0.021397748	1e-05	1.8343006	425334.62
0.18362213	0.93027881	0.017951901	1e-05	2.1076995	346320.04
0.17998413	0.545192	0.024089686	1e-05	3.3034642	356069.92
0.19539313	1	0.021948848	0.018198476	0.001	460284.57
0.20648253	0.6278745	0.016103438	0.0074031526	3.7098194	454916.91
0.1702455	1	0.011361795	0.031609209	3.4784433	556980.65
0.18098284	0.88670668	0.015966705	0.027163752	1.8610122	522743.53
0.17392766	1	0.019540499	0.010566077	0.001	435536.32
0.19220512	0.9126497	0.013630459	0.011902741	4.8825508	525766.26
0.16890588	0.87948619	0.018625046	0.015057621	2.1942232	484781.63
0.18315175	0.966397	0.01436997	0.021191313	2.7316631	510915.13
0.17315533	1	0.021313176	0.0096852502	3.8188734	444383.35
0.16473484	0.70909426	0.019527481	1e-05	2.4522564	432121.23
0.17925612	1	0.016458269	0.0077340994	0.001	471728.22
0.22238908	0.71055726	0.011380081	0.0067245419	4.4515292	483083.56
0.1625751	0.39890325	0.016007226	1e-05	5	440138.67
0.18840149	0.50034037	0.014643571	0.013741243	4.9945646	525207.03
0.19913374	0.65423379	0.016442889	0.01176295	3.1973339	426768.53
0.18062887	1	0.016440204	0.035570354	0.001	583999.85
0.12800775	1	0.016151266	0.026365057	1.3278306	528350.65
0.20515426	1	0.018138972	0.0043135014	0.001	431884.46
0.18321058	0.52239521	0.010606767	0.037756192	3.1948825	626607.95
0.17895879	0.68829918	0.018627001	1e-05	2.6191785	441147.51
0.19632811	0.96561334	0.019597993	0.0022147905	0.65280702	440010.12
0.20173077	0.81382001	0.013160713	0.02631391	3.9537696	537884.5
0.15941208	0.46929267	0.014526041	0.027101902	3.8079536	535940.17
0.17641556	0.52345349	0.010812496	0.020949149	3.4870176	571445.52
0.17460049	0.83712964	0.015537743	0.0013612403	5	451012.65
0.18961516	1	0.016751655	0.0046770661	0.001	410941.63
0.19761929	0.83403231	0.018224708	1e-05	1.9818531	413570.76
0.19572233	0.91514177	0.023697841	1e-05	3.2360246	408803.99
0.17229905	0.38203082	0.017233019	0.02498536	5	496935.64
0.18444142	0.70222278	0.017599935	0.0071867372	4.7740057	396363.07
0.18541333	1	0.0098232564	0.026565831	1.5241071	583402.59
0.21291031	0.67281951	0.015564202	1e-05	2.9518565	387848.55
0.18891909	0.77022249	0.014831538	0.0065544783	1.3868165	437575.93
0.17098488	0.86532401	0.020861779	1e-05	1.8455308	420768.46
0.15146227	0.70271628	0.015038171	1e-05	4.9201645	425949.24
0.20073885	0.40110691	0.011919155	0.038504043	3.8748446	562584.91
0.17057974	0.70094765	0.020528611	0.014616104	4.4961939	490031.68
0.1772056	0.92644434	0.011545951	0.0045992939	5	443260.19
0.15653732	1	0.014640815	1e-05	0.001	437776.89
0.17736178	0.77893222	0.020910083	0.0085469963	2.6764233	402903.21
0.19179475	0.63708029	0.020337628	0.00045174181	2.6699146	417147.49
0.17060967	0.78027075	0.01777506	1e-05	1.551016	462741.9
0.19149189	0.77718713	0.016695393	0.018266818	2.4770855	501414.33
0.16672118	0.64168655	0.019869724	1e-05	2.2397158	417117.53
0.16226684	0.82963836	0.017513164	0.0053750008	3.8889131	445341.72
0.18540599	0.66425283	0.023498501	0.015949721	3.1178812	467218.24
0.20369012	0.96321155	0.014876876	0.024577467	1.4774587	495091.61
0.20876427	0.92602131	0.014682942	0.036024867	1.5717468	623163.64
0.21765966	1	0.019347907	0.013075647	3.1442906	463624.8
0.15843009	0.41354476	0.011922804	0.014183138	4.5717835	476048.52
0.17808394	0.94206867	0.017419079	0.0010778504	0.001	383458.67
0.17876246	0.60886927	0.020767251	1e-05	3.3377299	429159.9
0.16751552	0.73398858	0.014827407	0.011625294	4.0511375	455184.8
0.17204332	0.78035741	0.015412787	0.027286838	1.3687614	472984.11
0.16623726	1	0.018960029	0.020852563	1.6395176	487800.54
0.18725048	0.96425856	0.011979506	0.055307807	0.97732757	654378.05
0.17277768	1	0.015932252	0.019397261	3.7879896	473148.32
0.19018261	0.83917727	0.014945643	0.024428647	2.1200398	534380.56
0.19791291	0.99922278	0.013455664	0.009181978	1.5618885	456579.98
0.17403876	0.76200433	0.018593317	0.013462467	0.56223167	485827.81
0.16532435	0.57279297	0.014809215	1e-05	3.1074947	431313.28
0.13602905	0.72104122	0.028179383	0.00054767337	3.6931799	389607.11
0.19059617	0.85068302	0.018592077	0.010613307	2.3388936	420461.49
0.15413954	0.46753	0.013965511	0.0073682975	2.4746539	508546.43
0.15941579	0.92349767	0.016776397	1e-05	0.001	464676.21
0.22099464	0.41493791	0.020532134	0.038773092	5	545103.2
0.17666858	0.59973339	0.016322282	0.013049945	3.1529601	519680.77
0.1710399	0.90036757	0.015997369	0.0073476003	0.001	417381.15
0.18807062	0.72995344	0.016012043	0.03002697	1.6934573	449439.47
0.18479088	0.73458566	0.012406035	1e-05	1.7546919	421737.33
0.15415989	0.95572113	0.020582098	1e-05	1.4717293	420895.46
0.19013663	0.84986941	0.017379297	1e-05	3.1465924	422951.24
0.18103425	0.60766706	0.022968586	0.022507749	1.4878938	455870.4
0.16301832	0.76503938	0.02212227	0.019659977	3.5014659	479987.14
0.2016275	1	0.017135115	1e-05	0.001	413206.26
0.1731503	0.91787239	0.0136201	1e-05	0.001	429097.8
0.19458897	1	0.015618958	0.018845293	4.4252455	490319.01
0.18296214	0.5802236	0.015399894	0.0014358477	3.191349	443154.4
0.13775686	1	0.02114771	1e-05	0.001	400631.1
0.18800274	0.86072764	0.017968337	0.0024735917	0.88568948	406495.86
0.19036856	1	0.01525298	0.035048097	0.001	549850.01
0.18972384	0.36622259	0.015720764	0.046790776	5	555692.73
0.16522073	1	0.022015299	0.0010489926	3.1590483	394873.81
0.15798241	0.75005193	0.018750084	0.031261318	2.6278504	594114.34
0.20138737	0.71031959	0.013055995	4.1017601e-05	2.1879624	444223.21
0.1632457	1	0.020663925	0.012049663	0.22768953	457411.89
0.18848398	0.81034719	0.015874039	0.012464629	5	511462.92
0.20023126	0.60166419	0.012160105	0.049007407	4.978579	514124.56
0.17755297	0.64527853	0.029173349	0.026453767	4.0005735	418251.53
0.18227591	0.71744076	0.020179023	0.0027532653	3.3477701	420818.77
0.18550468	0.49655605	0.012047346	0.018840155	4.3057695	527291.38
0.18428187	0.70775534	0.020126944	0.00079663248	1.3639909	424431.35
0.17691883	0.70941076	0.017809461	0.054551496	1.3371492	599985.26
0.15239449	0.60972194	0.015241777	0.029465121	5	553064.4
0.1756456	0.74713868	0.014303734	1e-05	5	442223.83
0.17820448	0.98648342	0.014857877	1e-05	3.3401508	418694.39
0.19873637	0.88116571	0.018537879	1e-05	5	424745.5
0.16724773	0.90596725	0.024561476	0.00020492982	5	393290.77
0.16556074	1	0.025668602	1e-05	5	387333.41
0.15522361	0.82315347	0.015318923	1e-05	3.2190862	434331.06
0.17081638	0.87190145	0.019791475	1e-05	0.18603685	384143.79
0.16186735	0.49345812	0.012199772	0.00087360582	5	446498.64
0.22238199	0.70403271	0.008372806	0.0093765877	5	491998.73
0.1883682	1	0.0092456195	0.0052840565	0.94476723	508663.43
0.16121205	0.97487346	0.021779409	0.046119435	0.98155957	542316.48
0.18741386	0.6464843	0.016291835	0.012237036	4.1029386	479250.87
0.15159835	0.62268789	0.020235616	0.022208345	0.99297476	457426.5
0.16824115	0.67288224	0.016231764	0.03346155	5	504143.65
0.1970436	1	0.014509608	0.069111625	0.001	732079.31
0.18608689	0.62542941	0.018943726	0.012944085	1.4864382	458464.46
0.16077538	1	0.023112432	0.00054734844	3.1724405	416021.45
0.19518011	0.75466472	0.017310708	1e-05	4.3706931	428710.14
0.18025397	0.7517362	0.018499344	1e-05	2.993067	401814.57
0.20392116	0.6767857	0.011145675	0.014114836	5	479142.04
0.18893717	0.96947649	0.0087826386	1e-05	1.6798124	410816.53
0.18354244	0.40548232	0.019118257	1e-05	5	433622.72
0.18550468	0.49655605	0.012047346	0.018840155	4.3057695	527291.38
0.1804448	1	0.015666669	1e-05	0.001	410171.09
0.21776908	0.89401621	0.019226278	1e-05	1.9901897	391950.69
0.15597521	1	0.018857595	0.0647833	0.001	678524.49
0.17115272	0.70589477	0.012642721	0.027085181	5	549482.2
0.17406715	0.90131883	0.0190725	1e-05	0.95117126	428901.4
0.18358856	0.81575765	0.018339736	1e-05	1.6682088	470021.3
0.14838521	0.68838487	0.017738693	0.011833074	5	491213.51
0.18296654	0.882312	0.014841619	0.017963516	0.97382638	517901.22
0.17040975	0.44433468	0.016902958	0.0018236837	5	399474.52
0.20395597	0.49430573	0.014897748	0.007033162	3.9366382	448015.4
0.15651965	0.83998885	0.02072552	0.017186523	2.8667292	476458.7
0.17758395	0.64072855	0.017077973	0.0096204502	2.0681347	473421.35
0.17009775	0.84649637	0.015375708	0.0080312445	5	450182.98
0.20102652	0.69945387	0.013369409	0.028018594	2.8163132	551417.55
0.17469252	1	0.014987074	1e-05	2.4253548	425311.01
0.15717416	0.71150291	0.022642957	0.019440555	3.0215776	485131.26
0.1914743	0.60940056	0.016024631	0.013903186	2.7666277	499660.92
0.17645974	0.97618196	0.017221396	0.014684289	0.001	477870.65
0.16676995	0.77779853	0.017674333	0.013131964	1.6457156	491398.44
0.17636983	1	0.017222613	1e-05	1.735997	434323.8
0.15389952	0.88770558	0.017159632	1e-05	2.9539571	418537.46
0.21671909	0.68945574	0.012291434	0.014725124	1.6683485	421354.4
0.20955957	0.50321505	0.017454443	1e-05	3.8087996	410038.14
0.15309004	1	0.018999897	0.016448703	2.9690851	470359.6
0.18616005	0.86411255	0.014314733	0.008071943	1.1225876	473605.4
0.2087593	0.43771502	0.015967265	1e-05	4.3404866	423801.31
0.18814812	0.76410629	0.01523203	0.080024075	4.5167931	721547.56
0.20034314	0.7389491	0.017075293	0.035170088	2.4866268	569422.49
0.17804188	0.87461794	0.019484335	0.013405368	3.2364215	442925.14
0.18799346	0.5994304	0.018026786	1e-05	2.9319231	440391.68
0.18251187	1	0.012446199	0.027155361	1.227579	510127.07
0.17998523	0.67310327	0.016730926	0.033950484	2.7924634	568999.41
0.18666909	1	0.01228416	0.027207639	0.001	542438.79
0.16710212	0.6632521	0.01565039	0.0049190868	5	426148.31
0.18191348	1	0.017923921	0.016848728	1.2555629	478476.07
0.19742007	0.71562644	0.017813965	0.012912679	2.3203008	469172.33
0.19549429	0.79537843	0.018918571	0.010997228	3.7017413	459433.42
0.16987337	0.99127164	0.02092738	1e-05	3.3364833	387768.56
0.18500235	0.71644833	0.014553349	0.0044298085	2.4877013	437087.38
0.20079019	1	0.013575297	0.01828677	1.6634188	524547.76
0.16992486	0.96066456	0.020506473	0.011464198	1.1211702	450354.37
0.16467207	1	0.018010887	0.025347196	0.47908821	526945.35
0.19862815	0.80482937	0.01453904	0.0072404937	4.1411966	442704.44
0.15612087	0.57680818	0.020563802	0.002423572	3.2460859	408668.88
0.18049315	1	0.016336176	0.00022357662	0.001	432711.9
0.18976991	0.98172564	0.016819149	0.0022545377	0.001	421662.12
0.2041752	0.92752347	0.014463762	0.0018650359	3.3363856	433938.14
0.18048495	0.88820251	0.011927876	1e-05	0.062002555	454019.55
0.15114908	0.96674527	0.021990248	0.0028197609	0.13212618	429446.82
0.19307498	0.97689185	0.014458486	1e-05	2.6366543	384822.08
0.1779323	1	0.014750203	0.0070657236	0.001	462542.25
0.14280669	0.63548087	0.019641542	0.02506884	3.2467858	489789.63
0.1976377	0.65217617	0.01429433	0.034457069	3.1741444	545085.65
0.2055809	0.82161966	0.011794309	0.019488979	4.2344123	520374.52
0.17394809	1	0.019238084	1e-05	0.001	421543.17
0.19015057	0.93676396	0.015579909	0.00065823848	1.8797326	423292.45
0.2004244	0.70995101	0.016957542	0.01348322	5	439683.78
0.19268423	0.57236223	0.01721038	0.013933399	5	456668.7
0.184946	0.79697866	0.014663238	1e-05	4.0794744	391524.25
0.18897337	0.49186886	0.015085302	0.049829917	5	606137.08
0.19708403	0.60702445	0.011170045	1e-05	4.9429274	453596.41
0.18898505	0.56605713	0.015956396	0.007247496	5	426744.99
0.18528013	1	0.014137063	1e-05	0.001	456963.47
0.18554479	0.93806047	0.019361153	0.010116773	5	470878.68
0.19166992	1	0.0169286	1e-05	0.001	419525.79
0.17596435	0.64328226	0.022325707	1e-05	4.0681086	385742.56
0.18052805	0.82594557	0.015799911	0.0018911861	4.4072037	452408.04
0.17905426	0.72967802	0.020144726	6.3455021e-05	3.6776647	423396.1
0.19653817	1	0.018039348	0.06270747	0.13988034	629799.18
0.18780682	1	0.01758702	0.015677155	0.71801437	475386.28
0.20812566	1	0.018300935	1e-05	0.001	369870.76
0.20332924	0.85361086	0.021314886	0.0068207852	5	448427.44
0.16908095	0.6094061	0.025525096	1e-05	5	407337.48
0.20114527	0.95603697	0.016548543	1e-05	3.5887766	422618.93
0.18358028	0.50885239	0.016770217	0.006709485	5	447680.65
0.17942291	0.78940931	0.020566288	1e-05	1.6852753	421771.4
0.15418824	0.95091792	0.018244089	1e-05	4.1362109	458127.73
0.1826833	0.86363383	0.013846361	0.009818187	5	499927.76
0.1892442	1	0.015609282	0.012381621	0.001	465648.23
0.195519	0.90338972	0.018221581	0.020369082	3.0846996	512250.16
0.18561999	0.70805284	0.017008462	0.0055152316	1.5560451	430824.01
0.17643474	0.88250827	0.016071962	0.022353142	3.5926099	528740.51
0.17463741	1	0.018379526	0.0099912082	0.001	508594.48
0.17390499	0.58458246	0.0177356	0.0028311511	2.7493254	449143.82
0.14406125	0.62516818	0.015430424	0.059486092	3.1422952	724757.39
0.1785498	0.77664768	0.014544957	0.0045220144	4.5112726	428485.43
0.18822408	0.7325895	0.022453435	1e-05	3.4443563	404454.93
0.17576339	0.58567949	0.014494204	0.0029878099	2.8713787	467330.32
0.19110287	0.92520718	0.013141573	0.0067492312	1.4032634	499933.1
0.19930232	0.83002582	0.017107303	0.027342736	1.0862639	519425.63
0.20024727	0.38974795	0.01626418	0.0067288651	5	448593.04
0.18051944	0.82240594	0.012064447	1e-05	2.1851613	419973.87
0.20328175	0.81022534	0.013886915	0.016128512	5	463595.05
0.18443153	1	0.021667352	1e-05	0.001	384429.52
0.16898043	0.97356016	0.021479042	0.0033054266	5	436565.17
0.17537245	1	0.016472998	0.0046012681	0.038222298	464869.62
0.19792537	1	0.016182552	0.022343792	2.9241266	514565.03
0.17680769	0.86623079	0.01215602	1e-05	1.3305129	476082.96
0.19248144	0.35034295	0.013203258	0.00055111111	5	465710.54
0.21645212	0.71859526	0.014311318	1e-05	0.96494464	410547.17
0.16166138	0.72418204	0.020478578	0.027448245	2.1413856	503813.15
0.15497402	0.74708594	0.015811328	0.013738864	0.97473952	518690.61
0.15501516	0.72826628	0.019256607	0.026004293	1.0363296	518990.73
0.18268233	0.97263552	0.014702095	0.010302748	0.001	499887.84
0.17697161	0.76223144	0.01621642	1e-05	1.0295303	446884.01
0.16788712	1	0.010668257	0.044644284	0.001	680618.32
0.15341335	0.92021652	0.01195204	0.0043699417	0.001	476770.86
0.17167533	0.9160811	0.016916154	0.069173102	1.3901528	600645.25
0.17450794	0.80942155	0.017063902	0.022735821	2.8695607	504556.33
0.15347766	1	0.01685512	0.0030105544	0.80292175	453716.81
0.17516275	0.9275395	0.016338507	0.057976999	0.089047505	641520.36
0.20167926	1	0.020591968	1e-05	0.001	398901.11
0.18757672	0.85487395	0.014355401	0.010082598	3.126089	465090.26
0.17013273	0.39727395	0.017851234	0.021619987	5	515766.08
0.15729494	0.45612272	0.020719723	0.01281085	5	437602.18
0.17558966	0.56992599	0.012849327	0.061726654	2.1989595	716447.99
0.14658775	1	0.018985542	0.043318335	0.001	618650.48
0.16730189	1	0.015056834	1e-05	1.29535	418005.81
0.16749071	0.58023257	0.021940947	0.010994233	5	451029.12
0.16909241	1	0.021461583	0.018793527	0.34331021	475932.08
0.16824583	0.46624452	0.01929946	0.019579962	5	517331.17
0.16819286	1	0.019042802	0.016083536	0.001	511824.24
0.14974514	0.76939858	0.018428091	0.048773957	2.7861001	571679.57
0.18952438	0.89992625	0.018804672	0.0027156662	0.95802519	419174.21
0.17538354	1	0.020144141	0.052172627	4.2100407	638275.44
0.18875104	0.51715458	0.011445514	1e-05	2.8621047	448176.21
0.19872109	0.7088882	0.014952762	0.012980038	3.6834273	452850.43
0.19598952	0.71415472	0.015278506	0.019055121	3.5337441	502436.73
0.20167876	0.54568925	0.01869425	1e-05	5	444052.93
0.1953211	1	0.021317326	1e-05	0.93085257	421901.79
0.18849127	0.68540452	0.019729	0.0014946705	5	421666.87
0.17753614	1	0.017141278	0.079999613	1.2581132	642130.53
0.17000058	0.503678	0.015674356	1e-05	3.5870453	405790.2
0.17110024	0.4745429	0.017173719	0.0085983247	5	467487.91
0.18984845	0.72812387	0.0131744	0.036323387	5	613928.54
0.1580113	0.92018696	0.019946112	0.010037647	1.9774591	451152.91
0.19380888	0.88023547	0.011232224	0.011050961	3.0103469	468977.49
0.17088999	0.7925133	0.020842468	0.018277355	0.93616439	462021.62
0.17578045	0.87950444	0.014920308	0.031141191	2.8157148	548009.73
0.177508	0.62024307	0.015219724	1e-05	1.9634937	455945.79
0.20575242	1	0.01216132	0.0093995529	2.2178165	456961.14
0.19422906	0.92842875	0.018453452	0.081342369	1.2834457	798597.53
0.20828143	1	0.013482749	1e-05	1.3290405	437438.44
0.18088469	0.73391727	0.0194554	0.03146043	1.8973012	525627.71
0.19649187	0.3884114	0.019271049	0.024338516	5	426624.19
0.17705522	0.40051174	0.014822065	0.033316452	5	563672.64
0.19552149	1	0.019886312	0.018882319	5	492713.14
0.15354663	0.60274955	0.013776169	0.0073378775	5	479633.38
0.18953369	1	0.017421921	0.0026965429	0.001	390257.44
0.19838744	1	0.013727435	0.013855637	4.6972004	450187.06
0.18465483	1	0.010946775	1e-05	0.001	447159.89
0.17438358	0.80939797	0.020049717	1e-05	0.66662689	413388.89
0.18835595	0.8519389	0.016311705	1e-05	0.29556229	383059.4
0.18968921	0.82270779	0.014174203	0.012690758	3.3981508	470289.19
0.18477937	0.48203247	0.01863623	0.012309774	2.9489519	435956.12
0.21061789	0.98390791	0.011829236	0.049440023	0.001	568936.06
0.19388232	1	0.013590032	0.030556818	1.9736494	549038.72
0.19709131	1	0.01378776	1e-05	0.001	412190.1
0.19974071	0.981752	0.017985648	0.043150883	3.3231658	624904.4
0.14400024	0.44491273	0.022571591	0.010728746	3.2752184	437361.58
0.16781639	0.97784516	0.016030574	0.040653554	3.572669	555596.38
0.18644131	0.86087061	0.021721352	0.0041817783	0.51488009	373952.51
0.16184632	0.80567361	0.016397232	0.025206681	2.4004936	486832.94
0.18049567	0.845732	0.023173119	1e-05	2.3213331	417679.3
0.19494444	0.67556332	0.016841214	0.034757786	4.3327744	485152.5
0.18627337	0.62524013	0.01648371	0.00014993652	2.3336504	433255.23
0.17623635	1	0.015118048	0.018832024	3.6534523	451676.74
0.18836594	0.50537967	0.014195517	0.032458598	3.5429192	585252.04
0.1855356	1	0.012587317	0.077304444	0.001	728023.59
0.18324324	0.9886722	0.016355702	1e-05	0.60674828	457783.45
0.16311212	0.67778201	0.021554143	0.0029897837	1.5822251	440651.06
0.20217667	1	0.01667724	0.001029622	1.7420905	447683.68
0.17136257	0.79484387	0.021030561	1e-05	1.842812	420472.28
0.19266326	0.95168809	0.014643977	1e-05	2.1612825	448282.28
0.16393434	0.76574792	0.024274157	1e-05	5	401528.54
0.19986889	0.99532529	0.017138471	0.013100931	1.012403	417200.94
0.1737734	0.87160317	0.020236829	0.0036365131	4.2828466	429690.83
0.2081238	0.8657075	0.019292997	0.001626801	2.4957717	402240.51
0.16787339	0.90939881	0.02079274	0.030101076	0.36084087	525356.35
0.15305204	0.65763857	0.018942905	0.0058372025	4.0338442	441712.85
0.19203421	0.79312003	0.014076197	0.012724191	4.4615202	513947.7
0.20286012	0.86607661	0.018836275	0.0036103644	3.0372114	408393.75
0.1541376	0.92135617	0.017669002	0.010852753	0.066383358	463764.4
0.17216885	0.64776128	0.017926259	1e-05	2.5302513	380317.68
0.18488	1	0.019030255	0.00048596428	3.6107261	435339.04
0.17345811	0.83852965	0.013384131	0.0029482432	2.8695278	493350.31
0.16977984	0.63471692	0.023589515	0.024747357	3.8400207	474806.28
0.17805619	0.87965165	0.0163538	0.026100404	4.1557728	522570.1
0.1677433	0.96323811	0.015871211	0.0049022095	0.001	460112.66
0.18459892	0.53409387	0.012693758	0.064931815	3.8156143	584657.34
0.18443564	0.830845	0.015564197	0.034071849	3.5071487	511755.16
0.16698991	0.46141406	0.013610974	1e-05	4.1816384	373361.75
0.17893622	0.47259153	0.020753124	0.0070794405	5	410786.91
0.17735141	0.56670368	0.015147761	1e-05	5	433315.59
0.20217336	0.96105108	0.019059476	0.0018865003	1.3856508	415716.25
0.16167546	1	0.014453488	0.031771375	0.52278858	573158.43
0.19957548	1	0.01642556	1e-05	1.9491382	404674.11
0.18529069	0.64474235	0.015773327	1e-05	5	414898.62
0.18540791	0.82552486	0.013221558	0.0358649	1.3594297	574448.41
0.17658924	0.55680933	0.022957968	0.038513181	2.9253159	527086.22
0.18813997	0.9428845	0.016411415	0.044186118	2.5300271	639544.82
0.18978219	1	0.019308193	0.024848886	0.38026881	516227.62
0.19643191	0.49549624	0.012902459	0.0011053154	4.3729768	453805.46
0.21414528	1	0.015486482	0.011093702	0.001	467066.28
0.16940228	0.96062582	0.019412265	0.0017366999	4.5822642	421845.87
0.16621616	0.7386959	0.014438763	0.036755477	3.1055079	539585.22
0.17715136	0.43834822	0.012810189	0.025368867	5	467452
0.18757945	0.52948043	0.015187097	0.010719351	3.51403	409973.56
0.17050069	0.93772869	0.011093144	0.011468376	0.001	484351.97
0.18323509	0.40653954	0.014119518	1e-05	4.104139	421763.32
0.19063309	0.43722556	0.018539198	0.016040361	4.9960387	449978
0.17321945	0.94789395	0.014573117	0.0024505887	5	473226.19
0.16935699	1	0.022889269	0.0022041625	1.2182677	400946.12
0.19773375	1	0.016257159	0.0049730259	0.1768274	449012.08
0.16897008	0.96880705	0.025568617	0.0092420777	5	451302.93
0.16178665	0.85689388	0.01737137	0.012411969	3.1303123	469740.46
0.18401796	0.54745213	0.015866405	0.027814901	4.5765741	530800.59
0.19865825	1	0.01727551	0.0018312255	2.0353645	421261.39
0.19696894	1	0.0098083261	1e-05	0.001	456447.49
0.1760381	0.84292213	0.020641151	0.00070424838	0.17913001	390172.26
0.18166106	0.9163256	0.015735214	1e-05	0.001	417243.08
0.16589212	1	0.015657134	0.031123181	0.001	564749.87
0.1576835	0.82755272	0.020137763	0.0029162532	4.7874212	421394.21
0.18467314	0.55711031	0.011590548	0.022131278	2.5743985	465555.48
0.18147689	0.64215075	0.016919674	0.029748504	3.2088116	549375.12
0.20381319	0.42739821	0.016273739	0.004399409	5	459454.27
0.21103114	0.89541867	0.017060965	1e-05	1.1399807	448387.16
0.18139451	0.83037805	0.016425855	0.015608562	3.5523022	475371.57
0.21341877	1	0.017480619	0.023786908	5	476272.03
0.18974162	0.67362747	0.011507944	0.018125301	5	529416.79
0.18730232	0.55706231	0.020281757	0.020041343	4.2096826	485314.55
0.152124	1	0.019853167	0.020996791	1.8436886	487190.71
0.15301324	1	0.016300399	1e-05	1.3344425	424462.65
0.19185451	0.41954711	0.015907888	0.008785045	5	454366.1
0.1669537	1	0.015122958	1e-05	4.1611739	386725.01
0.15651687	0.75796977	0.017079102	0.01215944	1.7980325	456109.99
0.19513694	0.8304741	0.010202844	0.027823122	4.8810659	562698.21
0.19769627	0.83209105	0.016261105	0.0039106591	2.8148848	421613.42
0.18126972	1	0.022240831	0.021164811	1.8889084	495949.45
0.16765066	0.84694255	0.022792496	0.012253651	2.8218993	466625.51
0.1825695	0.88730416	0.016943126	0.008250403	0.91910888	452104.14
0.15827452	0.97975729	0.020472642	0.0040558871	0.74810315	437240.98
0.14491468	1	0.017573255	0.0075807945	0.34424321	461282.25
0.18783031	0.59187656	0.012884914	0.018012281	3.6241304	512139.82
0.15513322	0.92742309	0.015148485	1e-05	0.26235926	418829.93
0.18238637	0.34094489	0.012133999	1e-05	5	441537.74
0.17128304	0.96958267	0.018308364	1e-05	0.001	444385.64
0.17520442	1	0.014308572	0.032710369	5	584523.96
0.1628507	0.6027727	0.019384808	0.0058210054	2.0572222	456207.07
0.17559031	0.73731508	0.014116448	0.0091098927	3.6226747	440018.47
0.20139976	0.91256485	0.014123937	0.0016852389	0.5859083	449644.15
0.20495228	0.61514025	0.013993332	1e-05	5	449062.52
0.18525321	0.83067207	0.017099485	0.018886044	2.8006256	468341.68
0.17811451	0.61669172	0.016038618	0.04661681	4.1344337	603426.19
0.17819935	1	0.01053916	0.0010381363	1.012477	470261.42
0.1730546	1	0.018552008	0.063347852	1.4663867	606258.6
0.17405134	0.71408755	0.01747638	0.010253982	3.1807476	440421.27
0.1653209	0.98512189	0.024204947	0.0068075989	0.49787395	429983.34
0.16500015	0.86336468	0.022991894	1e-05	2.4091783	393932.75
0.19161275	1	0.01615475	0.024521697	5	540409.8
0.17708792	0.87644298	0.022094997	0.00094360386	2.8781343	402135.97
0.17538091	0.53598962	0.024318291	0.0051640442	3.8520642	401030.65
0.18762407	0.84158477	0.030516945	0.033275219	3.2700409	484796.07
0.19129747	1	0.016814614	1e-05	1.089692	434066.76
0.18118279	0.49164408	0.016765035	0.026662055	3.9526318	464069.64
0.16421142	0.7048387	0.019098397	0.0075896599	1.9839542	482780.73
0.19226683	0.50086941	0.014850701	0.010142078	3.367996	441378.37
0.18545854	0.42710392	0.014596858	0.013969189	5	499920.66
0.20074947	0.67117527	0.011697829	1e-05	2.6461015	399111.69
0.19832623	0.96695999	0.010980117	1e-05	3.9506821	461933.63
0.17012063	0.70590544	0.018214155	0.016495512	5	516633.67
0.20119817	0.79622788	0.011746305	1e-05	1.4910498	431371.57
0.1743766	0.72490236	0.011713841	0.043296357	2.6074888	559246.74
0.17346431	0.58319558	0.020060935	0.0011347536	1.4994664	392703.03
0.19064131	0.70012088	0.012844063	0.011226969	3.0996608	483070.21
0.19828453	0.68085974	0.011443064	0.020523819	2.8228301	523778.09
0.18361103	0.97185755	0.019595808	0.0013948636	2.800338	401249.43
0.19502073	0.66378164	0.018307578	0.14842333	3.1342464	1e+06
0.17452913	0.91876172	0.025248729	1e-05	3.8506469	396510.89
0.18679586	0.92028367	0.017105168	0.022941264	0.74072742	541140.27
0.20239538	0.99956864	0.020745675	1e-05	0.001	441124.65
0.1471173	0.79845285	0.026982099	0.0088065436	2.2632163	430419.32
0.20300392	0.67122406	0.024956376	1e-05	5	376738.7
0.16869908	0.73286415	0.016950706	0.056172381	3.9279981	670864.69
0.22244058	1	0.011012925	0.042539641	0.25638218	559836.61
0.17383944	0.42441437	0.018400869	0.015303968	3.7938458	477964.56
0.15483438	0.63834427	0.016059802	1e-05	2.7319638	409929.74
0.19035628	0.61178943	0.01465543	0.0045542579	3.9312403	421668.79
0.22318479	1	0.014632571	0.014465319	3.2600751	496250.48
0.19392585	0.83005572	0.019463614	0.038342487	3.6693449	527895.86
0.15218881	0.49716923	0.019584282	0.033417786	5	583908.27
0.19547977	0.99979153	0.012449547	0.0068192488	5	495696.98
0.18981542	0.50310092	0.01332883	0.0091272429	5	506176.79
0.19906372	0.68640055	0.017566415	0.013087321	2.6801096	471407.7
0.16087775	0.83706971	0.01778362	1e-05	0.001	358454.63
0.17456729	0.97531816	0.01631167	0.0077488726	5	462409.96
0.1670051	0.39392748	0.016045674	0.011472398	5	418341.98
0.20127287	0.50999501	0.017396006	1e-05	5	420298.56
0.1642486	0.37746681	0.019217079	0.012167097	5	416479.27
0.18376438	1	0.019032822	0.01170716	0.001	493545.08
0.15649252	0.97012515	0.016643452	1e-05	1.0112513	387868.63
0.19978914	1	0.012680655	0.033193872	0.82548309	485801.96
0.17789413	1	0.014872564	0.0014340961	0.001	450512.96
0.15253571	0.43057099	0.015140591	0.057852486	5	610699.1
0.14651168	1	0.01888605	0.0021867269	0.69603459	455663.61
0.22413858	0.47649484	0.010536004	0.00079480376	5	438474.15
0.18451599	0.5398908	0.02272923	0.006973876	3.0414735	439812.26
0.19866008	0.78561454	0.011488083	0.027276678	5	488494.65
0.20755835	1	0.013672422	1e-05	0.001	440145.74
0.20618072	0.97944475	0.017067153	0.0088551409	1.815639	462329.15
0.17906589	0.70522519	0.014229636	0.039146172	2.8240681	565462.94
0.1848294	1	0.017643221	1e-05	1.1881666	397968.04
0.18025784	0.86204061	0.020575752	0.0091843801	3.1812665	450691.6
0.24095536	0.71214795	0.014876442	0.013963921	2.1046748	488749.83
0.17723243	0.86363583	0.017832919	0.034693114	0.001	516660.72
0.16799674	0.4347374	0.019159678	0.0074959202	5	465865.29
0.17799909	0.69375633	0.026436595	1e-05	1.4687023	408375.36
0.17830358	0.63891593	0.021879752	0.00057694974	4.9190491	437296.93
0.16685188	0.50390983	0.016587625	0.011862512	4.4317957	423224.91
0.19465162	0.67825969	0.013810157	0.0075220437	2.6002852	478026.76
0.17249838	0.96608018	0.015499404	0.032490649	0.001	552995.95
0.19323163	0.67944384	0.01005153	0.13480801	3.2427679	1e+06
0.2074399	0.8584897	0.014585416	0.025247958	4.985628	534879.29
0.18974545	0.47194725	0.016384446	0.01866938	2.790291	499541.7
0.19407995	0.93726381	0.016323953	0.017792426	1.8926607	443074.72
0.17017888	1	0.016474522	0.11109095	0.001	766229.35
0.14978477	0.77535646	0.016277523	0.01363284	1.9014945	489323.82
0.19460525	0.48620022	0.012055236	1e-05	5	428938.96
0.18772231	0.56159991	0.014863997	0.015665181	5	497340.95
0.18001268	0.95319104	0.013056202	0.01385084	5	516372.9
0.19881388	0.70994777	0.013502687	0.021828994	3.7984724	480941.15
0.15268355	0.73410982	0.017354392	0.018912602	0.74547403	491649.57
0.16073297	1	0.019241183	0.024080142	0.001	500372.37
0.16647251	1	0.018724395	1e-05	4.0307295	431334.6
0.19331226	0.92094548	0.01378738	1e-05	0.049550888	430116.29
0.2060251	0.57988399	0.018391322	0.028018289	4.3741923	480827.18
0.20336046	1	0.010684295	0.0055138504	1.8322062	472394.3
0.19431127	0.58342654	0.014951144	0.022925377	3.3161442	522137.73
0.21282741	0.81172768	0.016347455	0.053421826	2.0054363	606710.54
0.19421616	0.78033838	0.019348665	1e-05	5	422791.37
0.1826702	0.59006516	0.017610493	0.012339016	3.5099997	441255.67
0.17724745	0.76914858	0.017448518	1e-05	2.8987364	414384.3
0.17372665	0.92620417	0.019916605	0.0081768318	1.2534156	407136.94
0.16708075	1	0.02173024	1e-05	5	416868.08
0.16485248	0.55832519	0.017019754	0.050911827	2.4308254	630663.46
0.16006674	0.8016346	0.016958201	0.030547212	1.6784719	544234.6
0.19099736	1	0.019653844	0.029649674	0.001	510128.48
0.18777781	0.64738303	0.01267331	1e-05	4.3718998	434275.87
0.18602476	0.55456392	0.0126905	1e-05	4.0928001	473327.43
0.18661053	1	0.015310939	0.0062614379	3.7497176	442520.71
0.19973354	1	0.014906909	0.038967857	1.1450465	494259.33
0.1952313	0.60851534	0.019576366	0.044159407	4.2718334	475817.77
0.17601621	0.60852361	0.020752116	0.0027203632	4.6168268	418681.53
0.14597801	1	0.017073007	1e-05	2.9884534	388497.25
0.1898424	1	0.01271917	0.10704869	0.001	809033.29
0.18237333	0.97605792	0.018431502	0.0091358753	3.4334637	465299.12
0.17763635	1	0.020884335	1e-05	0.001	406249.68
0.16485248	0.55832519	0.017019754	0.050911827	2.4308254	630663.46
0.14596413	0.50687998	0.017523608	0.014695606	2.4921598	501594.63
0.19739642	1	0.022400654	0.042614371	0.001	566200.28
0.18025344	0.91465708	0.017032708	0.027953287	0.09793312	476185.64
0.18081114	0.652365	0.022856323	0.0010656035	3.2416725	423584.52
0.20330755	0.84263976	0.013195393	1e-05	5	455240.29
0.19320879	1	0.013728254	0.039966798	1.1451004	590343.22
0.20188328	0.9999199	0.015321173	0.0058973185	0.52443745	444855.35
0.16178224	0.92545925	0.013058096	0.0092140793	2.9606705	474277.22
0.17463668	0.66897939	0.013704548	1e-05	2.6431271	424947.62
0.18304644	0.53704683	0.018175128	1e-05	4.661722	440337.32
0.18749967	0.69064796	0.014845081	0.057985541	5	705230.41
0.1766796	1	0.015330363	0.010795745	1.1736875	508645.37
0.20530349	1	0.019281349	1e-05	0.001	427050.2
0.17126234	0.34838189	0.018516605	0.021871284	5	467898.24
0.16979631	0.67484939	0.016598643	0.021051876	2.9905065	498393.83
0.17227619	0.47849287	0.015872746	0.05906403	5	581087.05
0.17663285	0.62753029	0.016418614	1e-05	2.6378005	425496.78
0.17005064	0.66294831	0.015670055	0.019301149	1.9594061	448777.67
0.17398886	1	0.023194096	0.013680654	3.7849064	390928.96
0.20750733	0.8828551	0.01428811	0.0015291727	3.0345555	421439.09
0.19007784	1	0.016716509	0.027002593	0.001	493273.24
0.19871071	0.92732026	0.011366759	0.034202123	3.9765083	580485.79
0.18935652	0.40902428	0.015982329	0.00068114043	5	423913.17
0.21875486	1	0.013359177	0.029125685	0.001	561218.23
0.1652636	1	0.021294524	0.0095839302	4.1203952	463445.75
0.21439479	0.86645353	0.012590132	1e-05	2.3840264	459015.07
0.20066328	0.68782745	0.016167574	0.0097337396	5	479051.14
0.14910641	0.84293757	0.020662503	1e-05	3.0690779	448889.98
0.17470799	0.86409129	0.019252031	1e-05	3.0191502	453228.91
0.16830881	0.9713483	0.013470479	0.0016547158	1.1574763	454226.04
0.15668906	0.74372946	0.017922817	1e-05	0.71531248	427405.67
0.18205681	0.81272701	0.016931639	0.0056185611	5	451854.95
0.18653818	0.83705962	0.010184687	1e-05	5	413208.33
0.19383783	0.88948642	0.016982961	0.0091980257	4.7630863	462829.3
0.20820682	0.71011072	0.011690004	0.0063072555	1.7659444	477237.69
0.17418587	0.67954886	0.014773602	0.00093333413	5	455588.59
0.18126149	0.76315603	0.0219215	0.0097219809	3.4286684	450612.61
0.15990512	0.46116654	0.016105687	0.014496118	2.7624094	457613.26
0.19938421	0.87843737	0.012563728	0.029151959	2.1829278	590276.24
0.20480621	0.67249398	0.015553175	0.015794721	3.0546475	446984.72
0.15830366	0.58291023	0.013288291	0.069036694	3.9658497	784857.63
0.15143925	1	0.021329665	0.0074456503	0.18823784	448986.88
0.18041075	0.92149604	0.017929455	0.0028595539	2.7125166	417490.58
0.18361103	0.97185755	0.019595808	0.0013948636	2.800338	401249.43
0.19140908	0.72229616	0.017379379	0.0057661279	1.7589468	400511.42
0.18063582	1	0.023866366	0.00080203622	0.001	389007.28
0.17205777	0.89101034	0.020115255	0.0015521764	0.001	377937.93
0.17746048	0.4300338	0.018640344	0.013719672	5	453099.37
0.18744533	0.59657719	0.012592225	0.0044353007	1.6580624	450502.26
0.19669616	0.8121257	0.017414451	1e-05	3.3543695	406001.13
0.18621001	1	0.021429165	0.023106263	2.6977131	503626.85
0.17499575	1	0.016218508	0.016012575	0.001	461073
0.1697164	1	0.01505925	0.032435885	0.46218152	513508.43
0.16507429	0.81269266	0.018305967	0.0028351589	3.4211978	445012.02
0.19148263	0.83306916	0.022259495	0.012244007	1.3562732	458558.34
0.15146313	1	0.020735201	0.0030612538	2.8514895	415976.2
0.19303048	0.70361298	0.011343541	0.025763814	4.9679516	542506.28
0.19621952	0.6657122	0.012806805	1e-05	2.4208666	430990.8
0.20414713	0.68694544	0.0116023	0.0010990477	3.377822	458761.97
0.20714118	0.71232203	0.017936567	0.02688973	3.012182	513579.74
0.19565955	0.78879123	0.011866497	0.018099519	3.3531748	516744.68
0.17898173	0.50096725	0.016021778	0.022805632	5	492944.12
0.20714095	0.43650922	0.015858924	0.057921512	4.4424549	684433.29
0.20968987	0.52013115	0.018097242	0.023472728	3.3181522	519442.11
0.20056117	1	0.019755715	0.0046152228	2.5614675	435579.43
0.16564004	0.89354955	0.017957	0.0086839074	1.1314327	456077.81
0.18515025	1	0.01672512	1e-05	0.15253607	422360.58
0.17772202	0.71003113	0.018670043	1e-05	2.6564323	419885.27
0.20262303	0.4936103	0.010033058	0.072867946	3.0236068	694739.89
0.18043021	0.7799963	0.015354857	0.039748061	4.5024266	595431.57
0.18190743	0.78319757	0.018458115	0.0028126588	3.9549418	434471.88
0.18745426	1	0.010486265	0.017849181	2.123325	523398.48
0.17330934	0.71748446	0.020782281	0.079870019	4.1046359	763212.77
0.22885252	1	0.016462429	0.0086293602	0.001	436186.24
0.17758591	0.87620146	0.019955858	1e-05	1.5155851	415829.19
0.20207086	0.84905829	0.014112143	0.054972602	2.4314733	651067.39
0.19478755	0.86561352	0.011974466	1e-05	0.4158331	411369.08
0.19902422	0.79191353	0.016567885	0.038428408	3.4425851	539291.65
0.17039585	0.54319896	0.020681164	1e-05	4.7471838	400449.73
0.17264485	0.83734208	0.017636044	1e-05	3.1057574	437623.1
0.20070087	0.54122703	0.010200281	1e-05	4.093554	436920.76
0.17486027	1	0.030869271	0.026070556	0.001	445911.08
0.17731268	0.74259752	0.014730984	0.10956965	1.8279626	873581.73
0.19522498	1	0.017619847	0.024971697	4.2623936	474262.31
0.17212542	1	0.013388625	0.046452747	0.001	653254.85
0.18631604	1	0.018324074	0.0097777971	0.097013045	448539.23
0.18252139	0.77366887	0.021095054	1e-05	4.2246101	397399.76
0.13305062	1	0.018919081	1e-05	5	419311.15
0.17912227	0.53653617	0.014840573	0.018583357	3.9725209	493867.17
0.19566266	1	0.011199022	1e-05	0.001	478595.61
0.1945362	1	0.015889683	0.016684846	0.74495085	446252.53
0.18448135	0.53968103	0.017893143	1e-05	3.8872672	431700.84
0.16895588	0.60468364	0.018098447	0.011934003	3.8873953	471604.1
0.19196784	0.96729884	0.016360907	1e-05	1.6531272	421126.25
0.18999536	0.92495825	0.01296816	0.03544105	3.0301339	452340.23
0.16194541	0.59164253	0.025080295	0.0049560599	1.8244624	417056.92
0.17428643	1	0.014281215	0.011914082	0.73590585	446001.03
0.19875974	0.85959369	0.013087847	0.050071082	0.88134732	621722
0.18128904	1	0.014509589	0.0065377512	2.0567253	424017.86
0.16486851	1	0.012092057	0.037602021	3.7272645	567338.28
0.17771416	0.62675338	0.019028536	0.071563043	5	740261.56
0.18743025	0.51533655	0.011915007	0.012339375	3.2210663	471105
0.18460109	0.67121008	0.020255576	0.030169293	5	508270.22
0.20021388	0.69091367	0.015533958	0.046019937	5	575852.5
0.17653013	0.65243442	0.016670421	0.0083524448	4.0472969	456263.19
0.16381761	0.96708437	0.020057008	0.027280443	2.9145712	474303.76
0.20097525	0.89592744	0.014179615	1e-05	4.0827242	456294.13
0.19589399	0.88618267	0.016392932	0.017526154	0.29071381	432547.96
0.1745335	0.71419285	0.013175847	0.012744008	5	466602.54
0.18003041	1	0.018735594	1e-05	0.001	419852.22
0.18945536	0.74258368	0.01220342	0.00035804168	4.0381852	384337.96
0.19471933	0.50862515	0.013828367	0.011412106	3.8550186	496271.09
0.17692561	0.37874314	0.016178094	0.0030470035	5	414415.84
0.19916378	0.92708087	0.0085086944	0.0094880687	0.001	497842.25
0.15587269	0.6131093	0.020628089	0.05359852	3.9934946	581689.15
0.16921336	0.98562055	0.016143171	0.012775785	1.4740606	503922.98
0.18212816	0.81638406	0.015329648	0.021196945	5	506863.75
0.21014103	0.99741865	0.017882288	0.03688478	2.7190871	537165.83
0.18315146	1	0.014811173	0.0096714065	1.0479043	479960.37
0.1698988	0.98139059	0.017303707	0.0016430515	0.18426101	381861.66
0.18014451	0.86337393	0.013834962	0.024346824	5	532615.22
0.18889486	0.95647559	0.015630579	1e-05	4.8848197	456665.45
0.17429055	1	0.01775938	0.040662682	3.9403524	568040.45
0.19268726	0.93940752	0.0090986703	0.0050548215	0.001	506784.78
0.2025385	1	0.017020672	1e-05	5	459101.91
0.1685735	0.62820976	0.022665512	0.012587751	3.5164617	438884.5
0.22063049	0.71282373	0.014328536	0.012229309	3.4672042	445438.91
0.17723706	0.9453832	0.018439792	0.0017572459	2.157055	393166.56
0.16827605	0.93241543	0.02018326	0.021124677	0.001	481508.76
0.14878115	1	0.018825538	1e-05	1.3951278	398066.07
0.15948204	0.91402854	0.021673955	0.0078858443	0.98261564	460088.46
0.21974347	0.93495771	0.015327351	0.0054826052	2.7770033	461369.72
0.16110423	0.84710087	0.01914271	0.0083584686	1.315307	447589.53
0.17512909	0.3964395	0.011890791	0.031050149	4.3342185	508979.68
0.17964743	0.9531615	0.012618084	6.2704038e-05	3.2246732	376723.24
0.17247997	1	0.021027323	1e-05	5	404709.06
0.17056232	1	0.017021297	0.003552178	0.001	459445.81
0.20176661	0.52849707	0.01017599	0.0012626449	4.2592189	449238.86
0.19786638	1	0.019550288	0.0082408097	1.1998806	431410.51
0.22735584	0.88177763	0.012305404	0.011884784	0.94667553	436329.64
0.15134359	0.90535252	0.020402513	0.027539102	0.001	484973.76
0.18306184	1	0.02229428	0.012497033	3.8472168	435700.66
0.17665465	0.92930962	0.018200454	0.017997411	3.8696474	472101.08
0.17747082	0.70484233	0.016558662	0.0011639846	4.9998171	448863.26
0.20074304	1	0.017183049	0.017804454	3.0323522	500652.38
0.19094568	0.80429666	0.019453454	0.018941783	1.4741845	441760.83
0.18080142	0.60035426	0.017067542	0.11466796	1.9842788	948989.79
0.20278168	0.60656511	0.015027879	0.002061514	3.4695311	446034.75
0.18468338	0.90646203	0.019363275	0.032076059	0.9193924	525384.17
0.18197446	1	0.014106824	0.039934831	0.001	480949.15
0.18404135	0.66382356	0.019253018	0.0052903713	1.4022565	386303.72
0.19161413	0.95789575	0.021223715	0.0037949126	5	438927.02
0.16577647	0.59367864	0.01683733	1e-05	3.5111678	453463.44
0.15044675	1	0.01841771	0.016960687	5	453223.81
0.16810337	0.62114522	0.024559765	0.002121245	3.8514139	379566.39
0.2199387	0.72252023	0.013650163	0.012228007	3.0684273	490572.79
0.16691351	0.59201193	0.011318371	0.024805405	2.4416106	576407.76
0.18541076	1	0.016274202	0.0056581381	0.001	478828.49
0.18132667	0.64271879	0.013456778	0.013928544	4.7549124	466280.5
0.16895604	0.47990492	0.015375021	0.0011530711	2.4303661	427689.28
0.18632183	0.79611134	0.017983816	0.0088560921	2.7817744	464737.3
0.19485914	0.47711	0.015968453	1e-05	3.4603385	448173.28
0.17553134	0.72752638	0.017371975	0.029584137	2.4149537	534050.38
0.17680249	0.98999712	0.018504627	0.03579747	1.8277983	568702.21
0.19611927	0.60061005	0.016118766	0.0147085	2.1833063	476351.07
0.19345461	0.42957415	0.017952914	0.020574766	5	476209.73
0.18706341	0.99220384	0.023098386	0.0083274256	2.4327415	388077.46
0.20200946	0.91258872	0.017623304	0.036730261	2.4699565	524524.97
0.20570655	0.93774935	0.0093408916	1e-05	2.5509101	396563.94
0.18236734	0.86212116	0.01760043	0.0009250544	5	398402.45
0.17188095	0.98414344	0.013994933	0.0018309936	0.22465654	450472.85
0.15414326	1	0.014157026	0.030567772	0.001	521814.16
0.20196176	0.62281571	0.012849857	0.0040153932	1.6827488	425488.12
0.1743368	0.65594532	0.016715569	0.0048022294	2.8507405	468244.91
0.13533676	0.88635511	0.025249393	1e-05	2.5504223	421373.62
0.16519683	0.68224517	0.01973557	1e-05	2.7267642	415032.98
0.16579771	0.48428348	0.019937739	0.026312748	4.0644095	543038.94
0.1616573	1	0.012858583	0.0039986291	0.001	426268.66
0.18170712	0.9923133	0.017418411	1e-05	0.001	398156.54
0.19090646	0.56851111	0.019091778	0.029304429	2.7542419	557289.92
0.18273922	0.96979369	0.018421765	1e-05	0.001	415067.6
0.1816257	0.73297322	0.020900596	0.035845209	2.0028774	569910.92
0.17506323	1	0.013861472	1e-05	0.001	403858.34
0.17634586	1	0.018377174	1e-05	2.1687464	397216.78
0.22164042	1	0.010747122	0.0925494	0.36720572	651028.59
0.19533474	0.94653101	0.021378498	0.00094375041	3.4700484	426537.57
0.19504047	1	0.016988637	0.023506626	0.87378155	518544.29
0.20681967	0.88407418	0.015570638	1e-05	3.1162858	436059.89
0.184055	1	0.019665323	0.020670897	4.3870502	492013.62
0.1433381	0.56494662	0.026422318	0.02114445	5	484327.28
0.18024348	0.73964342	0.017615022	0.012229239	4.1117973	458359.79
0.19671266	0.82372725	0.013843783	0.034100827	1.9665375	527330.29
0.17602347	0.76352721	0.016007088	1e-05	2.3257284	425075.32
0.19409296	0.7312231	0.017373108	0.0040706058	3.7864006	413829.81
0.173288	0.80367714	0.018008265	0.047559802	1.3620769	562637.75
0.17026855	0.50606537	0.017913234	0.0080824928	3.9821888	437069.97
0.19117502	1	0.01730696	1e-05	0.61435004	414012.4
0.18410818	0.94382397	0.013166016	1e-05	5	446294.17
0.1553992	0.92443044	0.014190171	0.037667131	1.3431238	607632.2
0.19690343	0.68222705	0.014733952	1e-05	5	435623.05
0.16973107	0.71070154	0.013367735	0.079360898	4.8700827	820602.45
0.21135122	0.97621892	0.013973466	1e-05	0.001	485054.56
0.15274276	1	0.018221147	0.03088317	2.2551994	503727.26
0.20443959	0.74359173	0.011759049	1e-05	5	461841.1
0.15899563	0.89867496	0.021963343	2.0664048e-05	4.9274787	442778.12
0.18725632	1	0.018879161	0.0043097956	0.001	415124.23
0.18003054	0.88911832	0.014739393	0.015510287	0.88225973	465794.57
0.15342702	0.52716564	0.018485078	0.0036739492	5	420210.23
0.15427026	1	0.019226095	1e-05	0.001	410645.72
0.15861204	0.85774025	0.015642981	0.0051128992	0.22303515	471270.94
0.20464364	0.4460266	0.016214584	1e-05	5	489943.67
0.17517059	0.73905029	0.015847786	0.016028416	2.4777876	468446
0.18031195	0.74137127	0.0090413063	0.0025028311	0.68760049	467930.59
0.21128598	0.4775833	0.015090268	1e-05	5	430475.47
0.19544704	0.98063338	0.016320512	0.0019171633	0.001	430442.07
0.18435386	0.69586835	0.01610969	0.0084056021	2.6036238	465509.01
0.19443779	0.37309716	0.015299763	0.013073689	5	488157.84
0.16480265	0.75453573	0.019424336	0.018573841	1.2675784	504725.04
0.19684628	1	0.010722292	0.038000305	0.97156438	612068.89
0.19868716	0.86484706	0.015542582	1e-05	2.9189985	419086.46
0.16511164	0.91467918	0.023604426	1e-05	3.4617275	417285.5
0.17779034	1	0.011533411	1e-05	3.2689144	462823.94
0.14024989	0.42134713	0.017299362	0.017471787	2.4847614	459312.01
0.17463946	0.47489313	0.019954706	0.019976335	5	474860.62
0.15912841	1	0.019673575	1e-05	0.001	408164.9
0.16813418	0.80012376	0.022223307	0.03166938	2.2515766	541901.08
0.14676111	0.73726872	0.021745859	0.019642295	5	573763.12
0.16198042	0.8127078	0.018664089	1e-05	5	446815.02
0.22363553	0.7393016	0.015513642	0.0073468376	4.4439151	441216.11
0.20775505	0.79438631	0.011125522	0.021933793	0.001	448373.9
0.14802882	0.71522515	0.02514215	1e-05	3.6619392	410294.65
0.17772142	0.9094843	0.016836259	0.0098701408	1.298527	470774.84
0.1574464	0.4637126	0.01777777	0.0049586827	4.7161577	432197.99
0.19730262	0.86404732	0.014868676	1e-05	0.7577375	423834.23
0.19540514	1	0.018488664	1e-05	2.2711856	429114.05
0.17868127	0.7255057	0.016022953	0.0029510445	2.2815606	438495.56
0.19775589	0.83269587	0.019513985	0.0083068469	1.2429794	477068.6
0.15390044	0.37609263	0.014865907	0.0019903661	5	389835.24
0.17926057	0.7774106	0.017396633	0.022372088	3.8024794	520135.57
0.15410564	1	0.021292255	1e-05	0.001	425464.34
0.14840232	0.94601983	0.020746193	0.0079290815	0.001	437110.12
0.19170374	0.59358689	0.017732392	0.0547224	3.9007659	625228.47
0.19946246	0.4906003	0.019892745	0.0069675744	4.9146462	419533.67
0.17882543	0.67961256	0.014106744	1e-05	3.2997246	423691.47
0.1777567	1	0.017204259	1e-05	5	393716.19
0.19065374	0.70913204	0.018950727	1e-05	2.5164365	413297.88
0.19853245	0.9315807	0.019651107	0.0090268014	5	434055.05
0.18016194	1	0.013638433	0.01370042	2.4352255	491011.52
0.16542363	0.95212305	0.011858333	0.0060669114	0.001	496575.64
0.16511164	1	0.023604426	1e-05	3.4617395	417285.5
0.19853481	0.50085044	0.016321345	0.019715169	5	553077.1
0.21699466	0.4820992	0.016227437	0.045206081	5	584374.02
0.18453606	0.90048949	0.016099067	0.0079524689	0.31150915	475411.33
0.19967874	0.55669506	0.013088755	0.027919539	2.7858619	530238.96
0.19934737	0.90659589	0.014736529	0.028500845	0.40144984	495441.71
0.17229968	1	0.017304237	1e-05	0.92997194	416726.92
0.16908493	1	0.016382821	0.013522262	0.001	486836.74
0.16809287	0.73027761	0.021035723	0.016980183	5	482674.54
0.19830663	0.52284857	0.014766175	0.0084415735	5	492712.53
0.16749808	0.97752496	0.018796014	0.017919892	4.980823	496957.02
0.16936832	0.5568339	0.021665943	0.011020162	3.2229676	438761.7
0.21764164	0.46583208	0.0089005789	0.083264148	4.7674023	812720.25
0.20755598	0.74943528	0.016499399	1e-05	4.2367723	463077.66
0.18237968	1	0.014333144	0.063194517	2.654175	596611.34
0.1696737	0.82508067	0.022205947	0.02431349	1.7603487	499359.64
0.20271446	0.74297931	0.010624867	0.044652876	4.1414458	486819.39
0.2131559	0.58915309	0.014766919	1e-05	3.0706799	464792.21
0.17705555	0.7168713	0.02283725	0.0058471867	3.4316352	337479.27
0.1759928	1	0.020282585	0.013676024	3.1036827	453756.86
0.19617811	0.66709915	0.016411358	0.0027945225	2.2444876	439789.82
0.16312285	0.65813294	0.020420922	0.0025860047	3.8529698	414825.57
0.16742102	0.51557857	0.015986861	0.0056206638	4.7098238	438211.8
0.17636183	0.63986501	0.019622324	0.021492013	1.8469062	474270.7
0.19429346	0.57655088	0.01410408	0.039358711	2.7257677	541167.28
0.18411618	0.77766047	0.019724325	0.016235715	4.7440498	470649.4
0.17638727	1	0.014543096	0.16609775	0.10417067	1e+06
0.20437109	0.8280203	0.018489436	0.023680368	5	488967.75
0.18342933	1	0.016342412	0.018845752	1.0247861	479956.8
0.15803086	1	0.015838353	0.003736326	2.1206304	434838.5
0.15204211	0.73840502	0.014854542	0.01844606	3.6983649	475094.63
0.16066903	1	0.013074872	0.032725271	0.001	532494.73
0.16802487	0.80584558	0.017376086	0.013270777	3.2917966	469483.52
0.19711732	1	0.013968394	1e-05	4.2780532	430635.63
0.17859461	1	0.014964093	1e-05	1.2658907	410929
0.20869331	1	0.012623905	0.011631801	5	490881.76
0.16941452	1	0.0171925	0.060018152	0.001	666888.3
0.20990038	1	0.013575682	0.012375912	0.085912906	499465.44
0.14979376	0.44680177	0.022774778	0.022095685	5	528786.24
0.15580402	0.95231346	0.020208296	0.0072692842	5	442535.63
0.17541582	0.62079036	0.016188234	0.058170493	5	612903.47
0.19678121	1	0.018302319	0.024002927	3.083316	490635.44
0.18459139	1	0.019090932	0.026317411	2.5316155	438555.39
0.20062753	0.67301802	0.015461367	0.054429049	3.1073101	561777.97
0.17641587	0.71282028	0.015042797	0.0050035644	1.2678021	433484.31
0.16460526	0.54276911	0.015272365	0.035396406	5	566382.53
0.1954191	0.76888294	0.014695397	0.046601397	3.1456959	638635.82
0.19845494	0.52136448	0.012893094	0.0019663654	3.0707494	581501.31
0.18988798	0.91442928	0.015084614	0.028765435	1.3468168	540112.85
0.18839585	0.74266698	0.011709321	1e-05	3.1381278	425287.39
0.15600644	0.61521126	0.018480634	0.0098294789	1.5810577	459308.71
0.17387741	0.85510032	0.021518517	0.0042395409	3.5249494	434205.32
0.13735158	0.98806476	0.017936857	0.02869248	1.1451904	543676.7
0.15882987	1	0.015525407	1e-05	0.48065916	454172.26
0.21014472	0.79902859	0.012798179	0.010969429	1.7319198	532994.72
0.17083188	0.79922548	0.018656114	0.053999456	1.6785882	590384.29
0.16769033	0.639008	0.019640476	0.016509133	1.4154444	465172.11
0.18062392	0.51661523	0.017424803	0.019350382	3.7838285	463691.89
0.17551502	1	0.017311134	1e-05	5	432773.84
0.17046793	1	0.020711616	0.025782352	0.24527441	518797.72
0.16559861	0.37695504	0.024526831	0.013025878	5	426430.86
0.18285239	0.61493587	0.017116489	1e-05	3.530888	400114.17
0.17234275	0.82946781	0.010996036	0.00036090998	4.8317973	443770.38
0.16195108	0.60212191	0.013381349	0.0034919368	2.6694296	440376.51
0.15305003	0.99947885	0.0215105	0.057090329	0.001	665209.95
0.18122717	1	0.016063924	0.03166021	1.2821546	542062.58
0.16193514	0.85992798	0.01757005	0.0073739218	2.0053296	422223.54
0.17708979	0.74528473	0.015385649	0.003650153	1.9549796	465414.18
0.20895923	1	0.014718624	0.014514584	0.83756691	477628.49
0.18747194	1	0.013264408	1e-05	0.001	418922.98
0.19134844	0.64787476	0.018197015	1e-05	2.5335434	408789.32
0.18984923	0.61821337	0.017585065	0.018342492	4.8694269	455488.07
0.1781028	0.95412951	0.023779036	0.010485071	0.001	435661.02
0.20364123	1	0.020446755	1e-05	0.49173063	430711.36
0.16289646	0.40626883	0.026207887	1e-05	5	384575.37
0.18120634	1	0.014301839	0.00030674293	1.5659425	409110.36
0.17640081	0.6713715	0.017350912	0.045664283	2.7560354	654782.18
0.18695375	1	0.015989748	0.010351917	0.001	441561.21
0.18300399	0.72886825	0.01478117	0.0057272856	2.3259797	447850.7
0.1735564	0.9612941	0.017298214	0.0047730393	0.001	415194.29
0.199796	1	0.018689874	1e-05	3.2567478	409002.5
0.18657338	0.70533314	0.023151025	1e-05	3.4205826	414187.28
0.18718168	0.68821621	0.017714	0.068021656	2.5091104	612501.85
0.23000693	0.48992925	0.017903278	1e-05	3.9282453	410436.35
0.19116492	0.78696429	0.019202235	1e-05	3.2199653	418107.61
0.177953	0.91842667	0.016265155	1e-05	5	413588.42
0.17725762	0.71076255	0.015791158	0.034214741	0.71353232	539837.67
0.19493529	1	0.016763496	0.010481229	1.6157798	459055.86
0.1621975	0.47264113	0.019265317	0.005799331	3.9127005	469340.31
0.16767258	0.83971643	0.0098953953	0.016200074	0.0011930576	527884.79
0.19509734	0.64487465	0.013587605	0.0089153496	0.91464487	483044.16
0.1908976	0.73924475	0.016961613	0.011047463	1.096556	460756.06
0.21612566	1	0.014867756	0.020400659	0.39090526	502337.2
0.20600429	0.72169842	0.020832382	0.0028340238	4.6978203	406935.66
0.17189199	0.56557484	0.015870167	0.024043031	5	517507.47
0.18871129	0.83879873	0.016527589	0.00023588517	4.8679584	474783.21
0.18117292	0.60401938	0.01639728	0.04369078	3.0642127	576637.55
0.18353584	0.9032681	0.01667525	0.019751174	1.8651472	540682.41
0.17659241	0.72690775	0.019470984	0.058150734	2.3674296	611298.55
0.1884779	0.71322689	0.01592865	0.0016591452	2.7675235	450702.31
0.18468826	0.73291775	0.015235211	1e-05	4.2800546	437320.62
0.19207465	0.38617153	0.013933426	1e-05	5	479182.52
0.16856294	0.97975409	0.02019749	0.016865574	0.43504334	426448.78
0.15821686	0.99649328	0.015506578	0.064837897	0.001	715540.96
0.22872343	0.88366497	0.014293809	1e-05	5	415084.02
0.18855692	0.827633	0.017772563	0.00090229095	0.44095789	441434.49
0.19754601	0.62735228	0.015076835	0.013044493	3.3541257	467064.25
0.1870969	0.55283569	0.013581392	0.012139621	4.226024	455383.31
0.14055068	1	0.021842654	0.013673013	2.9777068	470897.17
0.18318307	0.55584591	0.020294198	0.0096159518	3.7233017	432775
0.17402598	0.47688561	0.015499053	0.00063659967	3.9871692	451563.94
0.18297482	0.86297431	0.016100922	0.020751761	1.7926496	508101.09
0.17673605	0.54591282	0.02040504	0.015614383	3.8359386	447120.37
0.18513979	0.46295276	0.0099417626	0.020229413	3.8690244	461450.12
0.17051184	0.88768654	0.019562385	0.1037724	2.1075576	827206.56
0.16461402	0.84063415	0.020397349	1e-05	3.8254851	414296.04
0.20389735	0.39059849	0.016521661	0.01564564	5	482997.44
0.18095433	0.87427627	0.017050382	0.00093187722	3.0057045	474422.35
0.21075521	0.50117231	0.016024983	0.036832561	5	571348.39
0.17045082	0.85991407	0.021270612	0.0050342508	0.001	424681.33
0.20414713	0.68694544	0.0116023	0.0010990477	3.377822	458761.97
0.19220234	1	0.013057969	0.04605042	0.001	635657.11
0.21164125	0.62007913	0.012808485	0.00041894098	4.3406594	457183.79
0.1941465	0.37328089	0.010916817	0.049942175	5	626362.8
0.19434349	0.66266467	0.014591443	1e-05	1.2678932	378406.1
0.17764674	1	0.016875588	0.0039029084	4.1853287	447894.98
0.19699413	0.87709561	0.014916899	0.00027611042	1.7091641	422754.47
0.20046522	0.83973547	0.015844615	0.025158823	0.78532741	491472.14
0.17413917	0.65063528	0.013871127	0.08917027	4.3405991	722668.06
0.16176044	0.90808582	0.022558621	1e-05	2.6316949	397995.14
0.1596499	0.77230497	0.015924425	0.008812387	5	461020.33
0.18172123	0.45001068	0.014020639	0.0091489053	3.0629659	447886.83
0.2177978	0.72076486	0.01141263	1e-05	2.1093319	446685.02
0.19045175	0.94004104	0.019188901	1e-05	0.001	415250.35
0.19990154	1	0.020894813	0.024540196	1.752999	451008.26
0.18538611	0.704573	0.01410285	1e-05	3.3169335	418345.01
0.17869314	1	0.019142992	0.015056457	0.001	432650.47
0.1846708	0.91394915	0.011827227	0.025307628	1.7202955	497842.2
0.17379932	0.99143031	0.018126523	0.020935778	5	499672.36
0.12502338	0.99348528	0.026862357	0.022318964	1.6009144	458698.95
0.16971971	1	0.011570827	0.037572793	0.81361939	623750.86
0.17365814	0.81128935	0.013207032	1e-05	1.3051038	443407.72
0.18701136	1	0.020317149	1e-05	3.0987303	371006.07
0.17707074	0.71162972	0.021700441	0.039011061	1.4641457	563221.59
0.1835558	0.80695064	0.014838832	0.0084261428	0.58477853	453613.28
0.19132719	0.48654272	0.016662651	0.011701058	4.8417571	438576.97
0.18156939	1	0.019068469	0.0099440973	3.2601638	443739.71
0.18599341	0.64364667	0.018360887	0.0010210011	3.8268619	450662.14
0.19552292	0.643081	0.017337583	0.0073571267	1.05956	435999.58
0.16329446	0.5786452	0.023456913	0.045343984	2.946487	571460.5
0.16921381	0.36865312	0.0187732	0.019813686	5	501245.42
0.17437615	1	0.018226416	1e-05	0.001	425723.52
0.1827512	0.90563941	0.015637454	0.00072108359	0.77779986	439571.16
0.1775863	0.72588748	0.017002358	0.024892005	3.840787	442236.31
0.21492353	0.6683422	0.01465394	0.047268852	4.156405	673217.66
0.21182901	0.83751079	0.017204992	0.0044224972	1.9609149	439709.24
0.20870551	0.62688663	0.019301152	0.028336087	2.4349776	509900.3
0.19941896	0.67513219	0.018935177	0.0051902118	2.9469461	447228.03
0.19812836	0.66213891	0.012624828	1e-05	3.7103077	465496.76
0.17833723	1	0.025540514	0.0121332	0.001	440220.02
0.18698018	1	0.019688488	0.0041855899	0.77928004	427258.66
0.15553258	0.87039813	0.017747803	0.0014518259	0.0037218705	370228.89
0.19844441	1	0.018168372	0.012728477	0.99264224	476486.99
0.18327926	0.62465323	0.019427169	0.0090476365	3.2287448	452777.23
0.14872508	0.97473852	0.023437396	0.0006652626	3.7696705	389428.27
0.20756943	0.69532559	0.013532717	0.0060864202	3.0243665	448848.22
0.18546585	0.3761765	0.018550049	0.023546231	5	460145.5
0.18879394	0.77632369	0.016648729	0.060211067	0.84504343	623233
0.15837027	0.72734341	0.024295654	1e-05	3.6215064	389846.88
0.21087386	0.83017904	0.01497113	0.0021743121	5	432312.24
0.17314285	0.93356244	0.017011779	0.012392695	4.3093522	475972.76
0.20328663	0.82896622	0.020241963	0.011474583	5	441444.47
0.18185157	1	0.016327169	0.0061348312	0.001	427639.57
0.16442413	0.97391622	0.01401442	0.0054148061	5	488094.89
0.17253212	1	0.014750606	0.033047151	0.001	590838.66
0.19828213	1	0.012084833	0.0036338372	0.33367744	458752.1
0.16870634	0.61282107	0.024453243	1e-05	2.1024369	390982.45
0.19582266	1	0.020622351	1e-05	4.9878602	386311.13
0.17152517	0.66189977	0.0252484	0.015476401	3.6349641	440369.85
0.15335517	0.99257467	0.019369506	0.0046699711	0.30953892	452194.68
0.20143013	1	0.014711229	0.012251862	0.70473099	464222.19
0.173773	0.88004679	0.01140722	0.13150992	2.2181967	890109.88
0.17185961	1	0.023020673	0.01073627	5	472588.37
0.17771267	0.85722351	0.019127845	0.007461275	0.71119103	445782.39
0.19019022	0.6838196	0.015786543	1e-05	3.7512751	430104.42
0.20042654	0.74653519	0.013352005	1e-05	0.44262535	344764.41
0.20283148	0.8981931	0.013571539	8.029087e-05	1.5609006	444061.88
0.19945692	1	0.017126842	0.0010052139	2.3750419	385903.62
0.15158	0.54787087	0.019539428	0.028927427	2.2727882	557823.82
0.18108384	1	0.014581538	0.015288843	4.2956434	449308.91
0.17887174	0.91745818	0.01575905	0.0060813907	3.2889581	461250.95
0.18607082	1	0.010644493	1e-05	5	440620.53
0.16755021	0.46010769	0.023293549	0.009379713	4.1805678	462988.54
0.17871152	0.5414819	0.016890955	0.0082544769	5	462192.72
0.13037782	1	0.020407155	0.030312101	1.2184943	532737.81
0.16896853	0.97827497	0.011907514	0.0061060468	0.001	461493.79
0.17297021	1	0.022081423	0.041468966	0.001	601221.28
0.19375878	1	0.014748513	0.016639022	1.666041	491390.71
0.20409288	0.72722256	0.012118394	0.0062948681	3.1115823	406392.63
0.21383962	0.72212459	0.012735229	0.028843432	4.6630614	540225.02
0.18952769	0.86738013	0.017109632	0.013365153	4.3310647	488449.22
0.19617561	0.59838181	0.015329848	0.012186919	2.7003849	476293.51
0.17147578	0.99408237	0.017035597	0.006850736	3.8328679	470779.34
0.18719418	0.65284504	0.012342224	0.027154704	3.0135896	562881.14
0.17857128	0.66289917	0.018135704	0.0071358978	5	476865.57
0.2122049	1	0.0091459151	0.0062050174	0.001	461958.43
0.19128147	1	0.018729889	0.008273748	3.8948379	448777.7
0.21350103	0.91249406	0.021010837	0.02077689	0.96390909	487438.71
0.16506505	0.84819933	0.017426657	1e-05	1.0363005	409518.76
0.22522296	0.94263911	0.011311405	1e-05	1.4250761	455478.59
0.19055192	0.8458322	0.013450946	0.05006467	1.3410149	665637.55
0.16778879	0.6345631	0.014831626	0.010561694	2.6165838	434037.29
0.18552187	0.94415946	0.015182381	0.059666767	1.1886607	645117.68
0.19866007	0.83767716	0.014824181	0.0018680053	5	451619.36
0.18718897	0.93218448	0.015316112	0.0014375343	0.001	441849
0.16723686	0.42626865	0.015984382	0.011283998	3.0495873	482174.28
0.18796058	0.81194814	0.018346343	0.036691178	5	563635.58
0.17119686	0.9633133	0.019203751	0.0051171505	3.5572173	464442.28
0.17707476	0.55675031	0.016565934	0.073143733	4.8857391	704882.76
0.20495228	0.61514025	0.013993332	1e-05	5	449062.52
0.18138519	0.85436438	0.017988472	1e-05	4.4954694	444064.95
0.17164192	0.90901273	0.016553415	1e-05	1.1824753	491522.22
0.18657338	0.70533314	0.023151025	1e-05	3.4205826	414187.28
0.19587199	0.48629282	0.018321943	1e-05	5	403372.23
0.16870634	0.61282107	0.024453243	1e-05	4.4758332	390982.45
0.18904879	0.86779446	0.016440306	1e-05	2.5586636	390954.98
0.18361595	1	0.016486389	1e-05	0.001	416458.22
0.16889235	0.90959994	0.019810196	0.024213983	2.1032235	414979.66
0.19900144	1	0.014081152	1e-05	0.5424836	443339.84
0.17723654	0.91273836	0.014375463	0.010429796	1.1406844	451910.93
0.18565854	1	0.010447896	0.002618774	2.6106123	482399.56
0.18073184	1	0.021948625	1e-05	3.2690027	414749.55
0.15279493	0.95703778	0.022793669	0.043158227	1.2957692	537496.56
0.19685962	1	0.015141859	1e-05	0.001	452376.48
0.16829939	0.89446757	0.020237209	0.026829709	1.4683317	505400.67
0.20580026	0.7366211	0.013165462	0.018165977	1.0924097	513342.14
0.20082494	0.52119383	0.014012648	0.01344639	3.3730902	479879.4
0.15000704	1	0.022108837	0.026549144	0.15896149	587122.01
0.14637218	0.48252514	0.020483541	0.032289268	2.9820188	518194.88
0.19643191	0.49549624	0.012902459	0.0011053154	4.3729768	453805.46
0.17132237	1	0.016157095	0.0069665842	0.64735926	440472.32
0.18667703	0.95087865	0.016831924	0.031348972	0.075858321	537582.97
0.15059237	0.80412789	0.0222373	1e-05	0.34351413	421640.32
0.19175014	0.61496852	0.01718775	0.016046181	3.0911026	459236.91
0.14763325	0.87926524	0.016342401	1e-05	1.7675956	459961.21
0.14761231	1	0.028905175	0.00071824479	0.001	425046.95
0.20553449	0.59147838	0.018529302	1e-05	4.6122555	416602.77
0.18623872	0.97803837	0.017010436	0.018254313	0.38405872	484082.91
0.17889664	1	0.014928541	1e-05	5	438592.65
0.20135532	0.55562306	0.016398866	0.021636228	3.0635254	479847.66
0.16108614	1	0.015328216	0.014235334	0.001	426737.37
0.19104343	0.59522852	0.013790932	0.018874113	5	558285.42
0.20273389	0.64769741	0.014251648	0.022169064	5	480851.2
0.15034409	0.91213201	0.017008989	0.0010761512	0.001	439078.34
0.19798039	0.81912774	0.016606927	0.0041383296	1.1364129	443874.05
0.2004173	0.85596104	0.016069338	0.044819985	4.6926993	628999.49
0.23293705	1	0.011586439	1e-05	0.001	436022.75
0.19481637	1	0.017183111	0.025447556	2.7194202	489842.9
0.17441649	0.60612677	0.023724814	0.018833935	1.1968778	463129.01
0.16141838	0.40356998	0.015121333	0.031712476	5	576654.86
0.1905349	0.52920253	0.012609877	0.023783943	3.3878853	535214.79
0.19240623	0.76947027	0.014625979	0.000698361	1.7425568	466473.77
0.19478106	0.48647009	0.024140155	0.0053540733	5	412230.15
0.21037728	1	0.011911854	0.024094816	0.26802088	479335.37
0.15943931	1	0.019526389	0.0033527652	0.001	410742.1
0.1808558	0.79386635	0.018501596	0.0092761188	3.7538157	454113.84
0.16713401	0.73993899	0.012896781	0.03363964	2.1946768	450697.21
0.14458423	0.9524142	0.016606686	0.012298724	0.001	497587.72
0.18376438	1	0.019032822	0.01170716	0.001	493545.08
0.16410152	0.72051838	0.016307528	0.022652747	1.2933511	520837.89
0.1532424	0.6377253	0.018058695	0.013513304	0.94201683	436747.74
0.18005013	1	0.016923162	0.015976321	4.6820997	477378.14
0.15853606	0.91512334	0.015660893	0.034341635	2.7014863	513119.43
0.19146259	0.43155311	0.021564032	0.0073795929	5	430986.12
0.19247309	0.90796548	0.018317099	0.022653974	2.7701434	578420.83
0.19965554	0.96474797	0.016425861	0.0032079787	4.3708747	439803.05
0.16700809	0.59880968	0.014992574	0.02012435	2.7021092	543463.41
0.17160388	1	0.016738044	0.02925644	2.0395334	537573.99
0.16500725	0.90064537	0.021794462	0.0028967138	0.001	413192.26
0.18058297	0.65753377	0.012356033	0.0054203675	2.64183	466151.07
0.19717907	0.62705064	0.011038046	0.012337886	3.4455539	492418.29
0.18243403	0.49556766	0.016869408	0.018274464	5	502339.87
0.16501853	0.89805179	0.020990028	0.011955907	1.7587558	481949.42
0.19240941	0.87986249	0.013226306	0.01811577	4.2550558	512080.92
0.16936085	0.60599818	0.01935142	0.0013644449	2.6895922	422496.12
0.19135216	0.73609998	0.014553316	1e-05	5	463493.73
0.16434228	0.72492057	0.019711295	1e-05	4.6033242	445016.91
0.17529656	0.85395077	0.017284028	1e-05	5	413291.55
0.14418683	0.53606773	0.02336006	1e-05	3.2502606	401680.32
0.20828143	1	0.013482749	1e-05	1.3290405	403614.71
0.16853104	0.87237721	0.015686682	0.009249494	0.001	472558.85
0.18969294	0.67952503	0.018368557	1e-05	5	447988.22
0.1635533	0.43804404	0.021339748	0.0079193846	4.2512761	415689.51
0.17892253	1	0.014999312	0.0070822255	2.7599129	468835.2
0.20600126	0.93156499	0.016323145	0.028777711	1.0979987	482373.25
0.2013027	1	0.013397691	1e-05	3.5989972	399507.66
0.1894788	0.84757449	0.014658444	1e-05	0.90295222	407398.52
0.18949448	0.97480846	0.017236579	9.7796764e-05	1.1856962	426238.27
0.18977375	0.5859731	0.014664293	0.031891302	4.8378464	529480.98
0.20780979	0.56600008	0.01676198	0.0016190578	5	444371.62
0.19314632	0.58909382	0.014693127	0.019565366	5	427748.76
0.19243536	0.45882047	0.021708061	0.021831751	5	414939.86
0.18925904	0.70417893	0.015945392	0.00027051515	2.2323983	429302.86
0.19630619	0.68953047	0.013366733	0.012878226	2.6164068	452645.07
0.17643634	0.77241396	0.015348118	0.0031775149	3.7733401	376902.91
0.16716406	1	0.01458422	1e-05	0.001	458168.76
0.1795088	0.73090929	0.018859086	0.0053130175	1.817983	441350.26
0.18578559	0.5358915	0.011757755	0.065837159	4.9992039	692424.62
0.1736301	0.69644578	0.016915515	0.016047084	5	512311.58
0.18585896	0.42172072	0.014315054	0.007944584	5	480690.76
0.175906	0.63008231	0.018254517	0.0046714533	3.5019	460844.81
0.18541396	0.69542257	0.01626142	0.0010590047	2.0139573	441945
0.14323722	0.63340867	0.017918051	0.0029543948	4.2655759	423704.84
0.19828828	0.73575406	0.017068627	0.018938677	5	490287.23
0.16754057	0.64547424	0.015754971	0.017210797	4.7411997	498547.28
0.16227487	1	0.020862464	0.011758941	0.37301085	444764.19
0.19750753	0.58914011	0.020745156	0.018038999	3.0756158	482626.11
0.18094736	0.96047406	0.023193648	1e-05	0.001	401285.64
0.21678888	0.99009171	0.014849118	0.00088969224	0.001	439308.88
0.19978627	0.59161223	0.018369288	1e-05	5	427836.69
0.1864497	0.72490395	0.016783828	1e-05	2.8727731	412852.21
0.1591789	1	0.01554646	0.0052453714	0.001	460802.91
0.20320417	1	0.013275657	0.002534731	2.5946231	402809.66
0.17279206	0.8089791	0.019356078	1e-05	0.30047336	380541.99
0.19001275	0.38582369	0.020730678	0.0022412883	5	428522.1
0.18772176	0.59011519	0.015154889	0.02373387	4.7739679	468868.43
0.17269466	0.76019117	0.018343181	1e-05	1.6730849	424074.34
0.16449631	0.51019729	0.014396255	0.0066375114	4.2160308	423177.6
0.19352284	1	0.014115775	0.036668433	0.001	599890.92
0.22022184	0.99804572	0.015169667	0.0269607	1.50178	467585.93
0.17113627	0.88078415	0.023987036	0.0085622549	4.2372506	440453.38
0.18811098	0.76418011	0.018756197	1e-05	5	388629.08
0.22524594	0.47585862	0.013270806	0.024160565	5	527357.73
0.20522569	0.83228969	0.012372061	1e-05	5	411781.64
0.19068399	1	0.016735162	0.014741766	4.5062192	487660.49
0.19824902	0.50778408	0.016023258	0.017089634	3.1170562	450798
0.16554412	0.67322721	0.021704406	0.0089278404	4.9850317	433343.67
0.16817121	0.82880681	0.021511463	0.029050622	2.8337424	490915.79
0.19556541	1	0.015361479	0.0097826156	1.8282667	449135.46
0.20089101	0.8218887	0.014651895	0.033106157	2.2047604	471950.09
0.21468464	0.586894	0.016529588	0.021025168	3.3519156	513660.74
0.19152457	0.71464635	0.016314392	1e-05	4.7294999	438978.1
0.17762879	0.53460344	0.014934388	0.017341508	4.1907688	484038.6
0.16343172	0.50268187	0.017312687	0.022198239	4.4441416	485284.44
0.21074407	0.83352703	0.01759125	0.021713501	0.9561411	496816.76
0.19525708	0.53337663	0.017255267	1e-05	2.8669841	426329.75
0.17792858	0.82002123	0.014837179	1e-05	2.5326835	442400.31
0.16068576	0.97846821	0.017175137	0.016207977	0.98391754	504063.35
0.1563858	1	0.022529832	0.069246903	3.1692257	580708.48
0.17497342	0.43092582	0.018902944	0.006487093	3.8598494	452982.5
0.19182046	0.47095718	0.018254039	0.0038444281	5	425821.94
0.17639081	0.92134357	0.021558499	0.011784281	4.1710733	454626.37
0.18303395	1	0.015055738	1e-05	0.001	438007.57
0.18056328	0.72233772	0.017154979	0.0030077843	5	462168.21
0.19977908	1	0.015394455	0.0083130735	1.2234253	465465.35
0.18873832	1	0.013435936	0.010871162	5	539353.53
0.18422183	0.68175172	0.018431039	0.023349956	1.9534157	532732.69
0.16902697	1	0.016657028	1e-05	2.0844881	421606.38
0.1703527	1	0.018159177	0.01330497	1.5691238	448530.13
0.19069525	0.70574349	0.014818669	0.072281432	2.1153499	758148.42
0.17526454	1	0.018317334	0.0045396954	1.0943329	449996.84
0.22190375	0.66256861	0.014690185	0.044412217	2.3706777	633529.73
0.15757888	1	0.019905689	0.023557326	1.5423906	474725.44
0.16893803	1	0.027393227	0.017258657	0.53989198	475916.77
0.18268369	0.7290305	0.018893559	0.0010334843	4.5146184	448163.43
0.17159523	0.33273833	0.015711646	0.01367931	5	470366.44
0.19361596	0.61117946	0.018061625	0.0052941614	2.3569538	416610.5
0.17453384	1	0.015931947	0.029153593	1.7524974	509196.69
0.19427797	0.74455511	0.013581695	1e-05	5	433570.65
0.16878072	0.7375865	0.018385223	1e-05	0.51625752	408611.27
0.19890675	1	0.016470944	0.037447206	1.9084157	534766.3
0.18342187	1	0.017144613	0.017383804	1.9477696	506756.27
0.19672918	0.5283809	0.018097036	1e-05	4.8448694	424386.67
0.166291	0.61171361	0.015940595	0.030306933	3.0410767	566003.37
0.15940828	0.96201024	0.019500394	1e-05	1.9348257	401758.2
0.19417713	0.85012836	0.013338225	0.0075594113	1.9938819	473608.86
0.18115649	0.58571545	0.01830684	0.012263469	3.7134657	462997.95
0.19167005	0.49538291	0.024378382	5.2224412e-05	4.1868802	392680.53
0.18260017	0.51834145	0.017693992	1e-05	2.9784457	434861.41
0.18401716	0.63292914	0.012679744	0.0092889527	1.4985056	433576.36
0.16909984	0.89464786	0.015135089	0.010410394	0.57669599	494047.19
0.17914085	1	0.017871683	0.0018845395	0.001	456852.73
0.19633131	0.66910171	0.016204354	0.0081913574	3.1293429	447517.46
0.17418562	0.97058969	0.016817016	0.0022559901	0.001	409061.31
0.20269788	0.54891492	0.016721946	0.058330469	5	668967.61
0.18946608	0.9516205	0.021385936	0.035312769	2.053553	507516.96
0.16068995	0.54924824	0.016254213	0.012835814	5	486837.52
0.17984473	1	0.015292645	0.028824093	0.001	620251.16
0.17912067	0.60292043	0.012291184	1e-05	4.3814585	433193.28
0.16471864	0.57775882	0.01624842	0.0072885494	2.3955601	473779.08
0.18458146	0.81515637	0.013506593	0.026303705	1.1710271	536448.74
0.14991628	0.66393014	0.017167304	0.00087634381	3.4996637	421949.77
0.20661345	1	0.016635424	1e-05	1.8819382	427132.41
0.19443779	0.37309716	0.015299763	0.013073689	5	488157.84
0.19967078	0.92590697	0.015463182	0.024598099	1.9397828	552854.07
0.15747306	0.46887637	0.02023268	1e-05	3.6664457	414112.68
0.1849074	0.96521787	0.012872216	0.00034761607	3.3030952	422654.85
0.21542217	0.85318741	0.014722628	0.0033420194	3.4313657	447993.9
0.15230047	0.84528732	0.023374196	1e-05	0.001	391168.49
0.16110913	1	0.0083060759	0.013367516	1.4980709	476612.61
0.1593223	0.8410213	0.01515544	1e-05	0.36906291	387193.64
0.19184821	0.84715165	0.014774609	0.000243425	1.74741	427965.72
0.19238452	0.67687611	0.020160492	1e-05	5	407048.8
0.18023997	0.59944583	0.018024449	0.025079669	1.4114314	473649.27
0.16989545	1	0.015492994	0.010830495	1.251677	476907.94
0.19880866	1	0.0182057	0.017582555	2.4218513	439192.55
0.18747435	1	0.02085017	1e-05	3.6190293	411560.15
0.17608211	1	0.012972759	1e-05	0.001	433254.6
0.16095249	0.54472354	0.02135817	0.0025533028	5	430516.21
0.17894621	1	0.024461033	1e-05	2.2609221	386226.47
0.17270558	0.53015434	0.01828253	1e-05	3.9323894	404749.49
0.18168176	1	0.017140358	0.0071604493	1.6081093	466497.68
0.20959062	1	0.015633574	0.015428602	0.78947455	465526.76
0.19587384	0.72303005	0.013411485	0.018808305	4.73202	514315.37
0.20569865	0.70338481	0.016528497	0.025301212	4.3546305	515877.71
0.17272426	0.85478452	0.019318745	0.015050791	0.36797336	489995.55
0.1795307	0.85646799	0.018196851	0.0038354845	4.3251044	411299.07
0.18277974	1	0.012501622	1e-05	0.001	457117.36
0.17065792	1	0.013191093	0.0062651592	0.001	425233.78
0.18343927	0.55191729	0.01422636	0.017346861	1.925504	465546.81
0.14692351	0.9243461	0.021638877	0.017636036	0.001	442544.85
0.18785939	0.9176375	0.017804576	1e-05	5	392582.22
0.19803262	1	0.013311862	0.0047198583	0.17097333	455038.53
0.18715527	0.89078372	0.01681337	0.0018396442	2.656851	421808.5
0.18090754	0.34325521	0.020327776	0.0087987825	5	462110.45
0.19643191	0.49549624	0.012902459	0.0011053154	4.3729768	453805.46
0.17994584	1	0.020779658	0.069546163	2.3806224	600329.62
0.16814982	0.72402334	0.019539763	0.035552915	3.417446	508719.87
0.16054726	1	0.013574338	1e-05	1.9299663	410661.01
0.19127453	0.86030924	0.012284476	0.0013970701	1.7001732	457710.95
0.16530522	0.70579181	0.018728738	0.0030803235	3.7757677	459742.34
0.1790166	1	0.022901926	1e-05	0.51602708	393588.64
0.1484108	0.6132328	0.019311045	0.021867383	2.9946427	479061.4
0.18109456	0.62682924	0.018664228	0.041700448	4.6403148	594509.36
0.16806569	0.85819081	0.014207589	0.037589943	0.001	567224.09
0.18242248	1	0.018117865	0.034821083	0.66494654	623052.19
0.2008199	0.84263337	0.0097057847	0.0056433663	1.9026064	461331.14
0.17175474	0.93793071	0.016687535	1e-05	3.02268	427207.46
0.18044776	0.68714994	0.016171446	0.019663127	2.2186468	499197.76
0.18189035	0.8200945	0.021462121	1e-05	5	379527.09
0.18295249	0.66606254	0.020045466	0.018738986	2.0854967	480132.9
0.18726235	0.74910411	0.020848665	0.012410747	3.020675	435615.29
0.17214728	0.32418982	0.02340782	0.0071671046	5	417209.47
0.1880009	0.60358717	0.015859233	1e-05	4.8191228	455654.43
0.20411806	0.588299	0.012161809	0.040481248	4.5580581	595751.64
0.17724745	0.76914858	0.018863117	1e-05	2.8987364	414384.3
0.17726536	1	0.021673151	0.029541945	0.001	430684.82
0.16798547	1	0.017629848	1e-05	2.4837395	395273.15
0.16759988	1	0.018986935	0.0043191738	3.6102391	411687.62
0.20388324	0.92347715	0.018870112	0.13694375	1.0797669	912176.82
0.16975986	0.33375986	0.015592944	0.0022784066	5	446153.64
0.18670172	0.51513981	0.0088060299	0.0084042223	5	499739.73
0.18617438	0.73031686	0.017539366	0.018613328	2.3892298	491027.56
0.20658113	0.45902316	0.014468678	1e-05	4.6454675	399063.01
0.17908198	0.69520558	0.015390475	0.0052309018	1.7914153	480978.92
0.15667092	0.42791682	0.015449201	0.0091722857	2.8538523	438427.77
0.207508	0.52806205	0.015941591	0.0019630631	5	441086.36
0.15103147	0.60678463	0.017065378	1e-05	1.3095695	388564.27
0.1641534	0.43819367	0.016517219	1e-05	4.967223	419448.8
0.21776908	0.89401621	0.019226278	1e-05	1.9901897	391950.69
0.20479028	1	0.017201344	0.048001211	0.001	529650.87
0.18131487	1	0.013035249	0.0062422315	3.7514427	422458.83
0.14834777	1	0.022324963	1e-05	0.66539292	403098.86
0.16257873	0.86950059	0.024781785	0.011706584	2.7652765	407636.56
0.14038778	0.83810819	0.02940315	0.016036017	4.0141161	505718.36
0.18910074	0.84713476	0.016986817	0.018348441	0.55097527	472278.68
0.18981098	0.61972122	0.022775743	0.023960093	5	471371.32
0.18855069	0.88579823	0.020117253	0.028463509	1.6609741	535557.09
0.19909326	0.49925738	0.014475131	0.00062794499	5	445412.92
0.20839537	0.95946111	0.016542231	1e-05	0.001	389603.33
0.18338041	1	0.024695472	0.056707308	1.5197513	606477.84
0.1886627	0.60899415	0.01547805	1e-05	4.6875687	406592.68
0.16698396	0.50495869	0.016109456	1e-05	5	442693.15
0.19120442	0.79447903	0.018572689	0.025834934	0.99335391	475691.04
0.19272915	0.6868109	0.015462836	0.013339619	5	427008.62
0.20607044	1	0.013680402	0.012495933	2.9080672	435807.28
0.21598701	0.91191469	0.016046808	1e-05	3.3720284	431351.25
0.16450062	0.9838923	0.018295113	0.00089496673	2.6398039	429752.55
0.15918671	0.78542568	0.020779218	0.016903458	3.821924	465483.54
0.16694827	0.56027154	0.016077879	0.0007654038	5	454785.54
0.18299155	0.88303344	0.011313554	0.019576932	5	495758.73
0.17703658	0.88726014	0.016412536	0.010717104	2.336728	417600.43
0.20587052	0.53692648	0.014296903	0.038431946	4.3276353	543837.98
0.15864954	0.56312573	0.018500115	1e-05	3.2004406	425144.68
0.16669299	0.64063056	0.021123657	0.018868862	5	485172.44
0.21069758	1	0.0130855	0.0039262095	5	453907.87
0.15565704	0.9669398	0.017157675	0.010524835	2.8040419	473063.44
0.18264608	0.84184927	0.011368007	1e-05	3.0662594	451953.29
0.1745479	0.80283947	0.013642318	0.010543002	1.0344693	485913.64
0.16098754	0.74335594	0.018921778	0.0036937343	1.037127	441068.07
0.17768407	0.96643076	0.012374349	0.10792085	0.001	834405.2
0.15000439	1	0.020149943	0.034132828	4.0786098	534661.2
0.17531506	0.68827688	0.015961618	1e-05	2.9224855	435734.02
0.21395506	1	0.017068741	0.0051541127	0.19883812	368197.23
0.16336085	0.65353562	0.033760479	0.019665349	3.4674781	439755.66
0.19490423	0.58608635	0.013108182	0.011986458	3.216748	487205.36
0.1901461	1	0.013349942	0.0020350066	0.001	441838.14
0.16511842	1	0.015527744	1e-05	0.001	403368.89
0.1959979	0.68498251	0.012709314	1e-05	4.1730899	403997.78
0.19090057	1	0.013255645	0.0017427205	2.1003405	446944.72
0.18065189	1	0.017514629	0.032903802	0.001	555391.63
0.16191414	0.70491285	0.015987437	0.0055275058	2.0972316	448261.36
0.18675296	0.99998198	0.016535106	0.0015834195	0.70889053	441579.56
0.17987188	0.76380298	0.013193812	0.025193879	3.1174294	515135.58
0.1967335	0.8465649	0.015157047	0.025239699	4.2377083	540159.47
0.19695605	1	0.016079908	0.0091681756	2.6224956	464399.77
0.19850296	0.82692428	0.016708728	0.069111629	0.97710859	503178.88
0.19481851	0.79330769	0.012679119	0.0095598181	1.9335248	376609.92
0.18043153	1	0.016853268	1e-05	0.001	432404.69
0.20038497	1	0.020423003	0.065790127	2.7356392	745318.85
0.19001935	0.84261638	0.016778393	1e-05	2.1954265	416053.9
0.21253656	0.87430533	0.013487213	0.0051972203	2.3266145	361287.42
0.19124074	1	0.015022488	0.015211001	0.001	496280.31
0.18639035	0.98871489	0.011770479	0.02178481	0.001	513321.46
0.20116383	0.8152986	0.010346101	1e-05	2.0857728	453064.37
0.1895892	0.52078447	0.019078212	0.050318289	4.4053504	586413.64
0.19596346	0.44718061	0.022366166	1e-05	5	378997.55
0.17673244	0.5171524	0.016893758	1e-05	5	420543.07
0.18695375	1	0.015989748	0.010351917	0.001	441561.21
0.18171703	0.73806523	0.015532783	1e-05	3.2949258	448887.18
0.14815067	0.89319364	0.018870366	1e-05	2.8097923	412896.61
0.18754952	1	0.020244999	1e-05	2.1036907	369519.37
0.15385816	0.54757141	0.018498238	0.02123338	4.8983926	513831.71
0.15422002	0.50683614	0.025677103	0.0058458857	2.6807907	442445.2
0.17657512	1	0.018465232	1e-05	4.0561466	439754.06
0.1835586	0.87873668	0.015412522	1e-05	1.2221346	416967.46
0.20159244	0.94521456	0.017464061	0.101569	4.3402754	817329.62
0.19498687	0.92498496	0.017287758	1e-05	1.6167611	422547.59
0.20676292	0.69439902	0.015767207	1e-05	3.2272227	436446.41
0.15606551	0.8453079	0.017942007	0.041424349	5	592469.71
0.20373095	0.53590051	0.012147976	1e-05	4.0054224	479340.2
0.19402967	1	0.018203618	0.0079366644	1.061781	444637.41
0.19959568	1	0.01171712	0.0019812294	2.3373361	446780.5
0.17693673	0.71151887	0.015340097	0.02352003	1.2945222	492944.87
0.14723313	0.70153803	0.013468453	0.011575139	3.4223397	476342.36
0.18695857	0.77521793	0.012977349	0.013100804	1.2151423	457463.15
0.20926534	0.81751541	0.016651274	0.022462311	4.8878222	510712.29
0.16853104	0.87237721	0.015686682	0.009249494	0.001	472558.85
0.17595926	0.36195172	0.013934966	0.0032377557	5	450345.85
0.19377752	0.44184376	0.015975285	0.0090939233	5	444796.4
0.17228399	0.65218817	0.013431127	0.012012975	5	491611.03
0.17121006	1	0.014709584	0.034252915	3.8882699	574151.79
0.18050289	0.55969353	0.017296651	1e-05	5	386950.97
0.18269373	0.85594454	0.01464591	0.0033890179	5	399069.19
0.18440367	0.73788081	0.02066651	0.020261063	1.0185804	501737.57
0.18598019	0.73331006	0.013305781	0.021116491	4.1328482	537269.95
0.19744318	0.78494236	0.014466453	1e-05	2.6678876	393987.17
0.13000617	1	0.02562627	0.011628811	4.0143485	473086.69
0.20200107	0.40803287	0.015015138	0.0074286356	4.7095613	398516.32
0.18030591	1	0.018848759	1e-05	0.697094	415056.73
0.17530295	0.7310771	0.014591317	0.00015736103	1.2758269	443348.29
0.15716463	0.43790887	0.013584613	1e-05	4.6938062	412008.02
0.18342403	0.98832756	0.015194922	0.0040874041	0.091843857	460515.51
0.15465586	0.44753288	0.016627722	1e-05	5	437286.56
0.19244946	0.66748088	0.024320602	0.061514971	2.7121059	664417.99
0.20901731	0.55351172	0.013245227	0.0031750121	5	396680.11
0.15886275	0.77073002	0.015778298	0.0023040746	3.7899296	536922.98
0.19878162	0.84921888	0.018249862	0.029164606	5	501869.52
0.18900704	0.90561799	0.01662887	0.0067616566	1.4553617	449573.12
0.16128656	0.92976112	0.022674858	0.033367961	4.3662067	512225.9
0.174316	0.74535738	0.014977434	1e-05	1.6057746	406078.66
0.1842201	0.8829095	0.015546126	0.036081411	1.1245383	553793.9
0.20694875	0.41171624	0.010876601	1e-05	5	458674.97
0.17801589	1	0.01733984	0.0050498667	0.45416797	488767.75
0.15490802	0.70207951	0.01846659	0.0024174454	0.4038413	407373.41
0.17905228	0.70925067	0.0205447	0.0087482865	3.9152407	437457.89
0.182031	0.40093141	0.019455126	1e-05	4.4782149	407292.42
0.15208067	0.89727055	0.025844742	0.032803195	1.3423256	511345.73
0.19253899	0.39938801	0.016498779	0.019298138	5	508364.97
0.17319379	0.9033742	0.021740847	0.022288444	0.001	491422.31
0.17665694	1	0.016420065	0.034833138	0.8530984	601709.35
0.16404634	0.59125132	0.016924335	0.001244104	2.7403394	424873.19
0.16679144	0.38222764	0.022117401	0.012718454	4.5924667	510153.16
0.17103832	0.63440867	0.021511746	0.0018318611	5	416264.08
0.16407706	0.4831066	0.020863194	0.018687981	2.6965232	429377.91
0.17919789	0.85488949	0.017127704	0.0019052609	0.93441743	443110.94
0.18599677	1	0.017412075	0.0010949362	1.4376232	432385.99
0.1911736	0.59030282	0.016451614	0.007585559	5	455760.76
0.19236357	0.78366874	0.018085565	0.054032175	5	525745.89
0.17998312	0.9994315	0.022197861	6.1773454e-05	0.001	412239.65
0.1722575	1	0.020302582	0.014461993	1.8399962	467525.85
0.18117278	0.37416295	0.020425622	0.020906532	5	493195.74
0.15830338	0.47397274	0.01911049	0.0071001502	2.6336581	426878.4
0.1719639	0.55062463	0.011886812	0.0055800099	4.4505465	454400.16
0.18789906	0.89132575	0.013598471	0.00833193	3.6838848	483626.72
0.18274323	0.5730252	0.019252432	0.024818242	5	513244.5
0.21975879	0.96912264	0.014703356	1e-05	0.64884851	425601.33
0.20359042	1	0.017560506	1e-05	0.001	424095.38
0.18556405	0.78018787	0.01570914	0.010944956	4.3964934	454522.37
0.19341863	0.97451901	0.021814693	0.056082152	1.2002083	601820.29
0.1959523	1	0.017458602	0.018349557	0.36844674	499779.05
0.16936955	0.58613014	0.014177139	0.024735598	5	527328.97
0.17652591	0.84524359	0.013753837	0.020866053	0.96978366	495731.46
0.20280837	0.57180645	0.012709663	0.036243453	2.1341432	567121.4
0.21558199	0.8749018	0.015154145	1e-05	0.089068616	419341.34
0.17631029	0.79107305	0.018633841	0.048889947	1.1835999	592953.32
0.1771815	1	0.013616404	0.043616278	1.2804134	592376.44
0.19649187	0.3884114	0.018216932	0.023256263	5	426624.19
0.16872753	1	0.018537343	0.033013237	0.001	601828.93
0.1810018	0.58306217	0.017045661	1e-05	4.2178434	425259.46
0.18936211	0.77825852	0.01680483	0.049174715	1.7567392	592121.95
0.19116951	0.40845667	0.013741127	1e-05	5	423053.32
0.15800246	1	0.019825431	1e-05	0.001	440590.02
0.15455614	0.82497911	0.022529596	0.0077615466	1.5885949	416358.47
0.20280738	0.7340165	0.014204737	1e-05	5	447330.23
0.19415696	0.92395508	0.016851593	0.0016136864	1.1295596	441092.99
0.2106144	0.94332643	0.016249709	1e-05	4.4596796	435980.33
0.18889884	1	0.013849336	1e-05	4.169222	441253.59
0.18080689	0.90175565	0.013618	0.014576169	2.2053994	476785.76
0.16778434	0.84665103	0.017033893	0.0045340138	3.9721819	455486.81
0.18857052	0.8072086	0.018526927	0.0016953568	5	444095.25
0.18440442	0.91933999	0.016453127	0.0023445885	1.5579867	420537.9
0.19938244	0.70429778	0.013464756	0.0042796055	3.0392813	456243.81
0.19978869	0.75942356	0.023315084	0.0026019351	4.641814	416451.95
0.19484657	0.40813755	0.01553806	0.022611688	4.370102	486496.09
0.18838769	0.43520989	0.014105839	1e-05	4.0619171	415626.35
0.19303696	0.94051637	0.014880118	0.029971749	1.0024319	527262.78
0.20606962	0.99519363	0.011048511	0.026301716	1.3066469	532781.51
0.14544835	0.96229558	0.016559832	0.01871396	0.78023948	460289.86
0.16204774	1	0.017111276	1e-05	1.0139303	445171.59
0.15353781	0.78807397	0.016009442	0.0077507876	4.4245793	434357.82
0.19511234	1	0.018378617	0.039019302	0.001	498817.05
0.17903219	1	0.016939003	0.0073236098	0.22375592	470206.12
0.16907824	1	0.015376964	1e-05	2.5650977	436224.83
0.20283338	0.74172788	0.015726107	0.0023617083	4.6480303	418139.58
0.19786975	0.6880595	0.017196033	0.074362223	2.1404695	670765.01
0.17706468	0.9882241	0.01659836	1e-05	0.001	442657.28
0.20533527	0.50799914	0.015676702	0.011690327	5	433018.7
0.17625514	0.85810996	0.010440204	0.0032098317	0.001	478032.5
0.19938713	0.72321379	0.017460578	1e-05	4.4261818	438675.87
0.1724879	1	0.018379007	0.0013433948	0.52601937	513616.03
0.17415716	1	0.018164118	0.054963895	0.001	620522.76
0.16837284	0.56566253	0.016790434	0.029998099	3.077817	522677.12
0.15370461	0.36286014	0.021016228	0.016326147	5	475787.54
0.16196433	0.60656733	0.015932461	0.0012569226	3.2998726	443873.04
0.19405313	1	0.014271047	0.0067228619	0.001	447990.21
0.18791065	1	0.012707968	0.015466452	0.001	506604.51
0.17069428	0.39951904	0.016295857	1e-05	5	431429.32
0.18672256	0.76922117	0.015159198	1e-05	2.3958929	439635.06
0.20279844	1	0.01406388	0.062647616	3.7412444	656595.2
0.16092606	0.78714776	0.020625967	0.0014127969	4.6792863	401402.06
0.19822174	1	0.019735527	0.0032983206	0.001	435532.85
0.17662619	0.53421375	0.018510847	1e-05	5	416960.42
0.18183269	0.47557935	0.01169259	0.0067224191	5	418588.62
0.17300973	0.57103466	0.017316198	0.025346495	3.1758877	534672.95
0.22160848	0.97376742	0.02159544	1e-05	2.1473401	413325.36
0.21723103	1	0.015393272	0.0016266	0.087589205	437960.25
0.18042917	0.56475303	0.012757536	0.038573192	4.0516188	626185.21
0.18182255	0.65699324	0.017373649	0.0076830856	1.9812055	450554.78
0.17951375	1	0.018013671	0.0033412992	3.9405284	451717.05
0.17907231	1	0.015527982	1e-05	0.001	410006.61
0.19358527	0.60261802	0.015917571	0.025614214	3.3612534	536717.89
0.19788948	0.50653003	0.015055711	0.0029867765	5	434136.65
0.19155552	0.96734125	0.015618	0.018050173	3.2736494	526103.76
0.18739652	0.88142924	0.015269784	0.0059389798	1.4493433	414959.77
0.16210925	0.75252423	0.017168367	0.010248175	0.49338223	456367.91
0.21786022	1	0.0112779	0.015643826	0.001	504184.18
0.16944002	1	0.017502606	0.043455814	1.9662154	611296.43
0.19528399	0.73279858	0.017465644	1e-05	2.7239731	397925.95
0.208071	0.88151332	0.01500656	0.018285785	2.2453858	472512.99
0.20421559	0.65550901	0.016771888	0.024485693	4.6014489	528252.54
0.18166389	1	0.019098037	0.024290044	3.035183	486779.24
0.17466856	0.757702	0.018046836	0.031403133	2.8346302	533017.86
0.16750307	0.99781351	0.018103052	0.0061757175	1.2415345	465067
0.17473883	1	0.017036518	1e-05	2.4408663	429707.02
0.18749495	0.36964606	0.016693773	1e-05	5	457362.3
0.1646743	0.94005333	0.016974134	1e-05	0.077165528	422030.75
0.20830236	0.79392408	0.014684236	0.012402679	4.5184868	490379.64
0.2007003	0.9237709	0.014471462	1e-05	1.5629617	431895.69
0.17440669	0.46800675	0.023483254	1e-05	5	388226.7
0.18846396	0.90182871	0.014252905	1e-05	2.25709	443625
0.18538717	0.80929173	0.015077312	0.0053956243	1.3952498	424237.66
0.18610326	0.38894429	0.015643418	1e-05	5	433686.15
0.16944659	0.86009137	0.015017789	0.018985166	0.001	508368.67
0.1997284	0.93954658	0.013840045	1e-05	0.15955613	445655.57
0.1625611	1	0.013505429	0.0039849121	0.001	445607.67
0.1702663	0.95174083	0.013365362	0.0038677505	5	455423.95
0.18228126	0.65380732	0.016037527	0.070186369	1.8342979	685743.54
0.2027946	0.68463428	0.012402486	0.00018502892	3.6226159	454747.09
0.16550712	1	0.024400022	1e-05	2.2618207	405889.39
0.16685993	0.93565047	0.021555945	1e-05	1.1841001	384229.73
0.17240105	0.59125798	0.018229358	0.0037111411	3.1492502	435097.64
0.19702297	0.68889839	0.018649907	0.004442711	2.3675844	393488.37
0.20541377	1	0.01150661	0.03702507	0.001	524553.12
0.19678551	0.86845596	0.01136513	0.046878708	0.70699249	559650.26
0.17897303	0.51541963	0.019516394	0.015360674	3.6316286	477066.45
0.13330424	1	0.016592419	1e-05	0.001	420048.95
0.15332465	1	0.016071595	0.054776629	0.001	624015.6
0.18487197	0.76149247	0.012108085	0.046272603	1.5587022	657057.42
0.18244962	0.48710193	0.015110196	0.017837893	4.4648445	481633.88
0.15096484	0.63097735	0.021517265	9.7220315e-05	3.4688551	423037.12
0.19793128	1	0.019855239	0.010806586	2.4185389	431953.65
0.17767224	1	0.016427819	0.01697148	0.001	462754.07
0.16082146	0.86488602	0.016749309	1e-05	1.2969042	457843.79
0.21837372	1	0.013456212	0.027400605	2.4490151	510600.66
0.17737969	0.70167928	0.017291814	0.037705603	5	593396.29
0.1526931	0.99738345	0.020004927	1e-05	0.001	377253.86
0.17872606	0.62303369	0.014614059	0.065388371	3.7345449	689331.04
0.17676144	0.89200767	0.022010964	0.037068553	3.807752	555682.44
0.19166424	0.76127758	0.020600468	0.022569294	2.4174741	510142.69
0.15299583	0.87194958	0.020953961	0.023327468	4.6014337	465639.84
0.22999163	0.89944162	0.019364935	1e-05	5	409377.2
0.19931504	0.92058134	0.015575286	0.024236843	0.001	427499
0.20019398	0.61082627	0.016784615	1e-05	4.2972292	412059.09
0.18729152	0.57624739	0.0097577311	0.015570051	3.0674979	522048.39
0.19767089	0.56532398	0.016996592	1e-05	5	382256.27
0.19166246	0.58627524	0.012486476	0.0042280594	3.437997	432856.93
0.17258111	0.40663178	0.018393285	1e-05	5	440429.75
0.19312939	0.67596765	0.015525356	0.033718488	2.3431973	562460.25
0.17417377	0.71457901	0.020339549	0.03898967	2.3733159	613134.41
0.14629206	0.51316096	0.020096568	0.021768329	2.9242686	428004.47
0.18187982	1	0.011623057	0.0093670364	5	517192.5
0.16823253	1	0.017862639	0.070959386	0.098808431	650358.62
0.18052908	0.956234	0.011533079	1e-05	3.8793021	394364.85
0.18706015	1	0.017131491	0.0024308906	0.001	434395.2
0.19294698	0.66898451	0.014361598	1e-05	1.7770132	421252.6
0.16447545	0.75815369	0.024322668	0.022457593	1.5438843	505955.33
0.15806146	0.75569296	0.022772209	0.028021488	3.3077517	528352.23
0.16772626	0.43956577	0.012105137	0.010745915	5	494598.95
0.17175343	1	0.017363723	0.0064093289	0.001	454786.82
0.16341481	0.79186535	0.017306828	1e-05	1.4696329	393167.99
0.18483974	0.60322491	0.013696408	0.024036324	5	530953.12
0.19540742	0.54913557	0.0174633	0.003851166	4.3608162	450214.3
0.16936412	0.43377103	0.020892124	0.0018166248	4.2457884	432436.78
0.17928917	0.62297101	0.017352246	0.044056257	2.482378	574441.99
0.18461643	0.81367413	0.017893842	0.01900702	2.6887765	493635.25
0.18724391	0.70437275	0.017348201	0.0021375467	4.8537954	429483.44
0.19290787	0.48637272	0.014274144	0.017404836	4.642105	526284.01
0.18507686	0.49135169	0.020572656	0.016641491	3.9646904	464392.34
0.17467736	0.60933839	0.013362648	0.029857199	3.7844252	565164.28
0.1781172	0.72242484	0.021963919	0.030663598	2.4790704	520440.11
0.17950401	0.86830843	0.021445116	0.0042896822	5	399836.82
0.17096464	0.73970563	0.013780378	0.0018526476	0.25397127	413468.78
0.18767676	0.9481481	0.01557338	0.0096608047	4.695946	459990.78
0.18653336	0.80823401	0.015372649	0.0047763622	1.3380409	459394.44
0.15650899	0.86459103	0.021574451	0.054136699	0.89546146	594369.06
0.18246044	0.39706387	0.014836672	0.0063358917	5	458810.43
0.1882863	0.99963389	0.016082663	1e-05	0.7961306	341091.61
0.1869574	0.63729646	0.016999815	0.028649737	5	515595.3
0.17253523	1	0.016597113	1e-05	5	410393.47
0.19920159	0.83844903	0.020156864	1e-05	2.7115524	376581.83
0.16615338	0.68806167	0.018467252	0.026980187	3.6413102	505989.53
0.17241576	0.89440602	0.01619158	0.00048099163	0.001	427040.56
0.14791109	0.96735455	0.014851431	0.082522228	0.001	727835.78
0.20868312	0.74781845	0.017433672	0.00075961019	2.1430306	433964.61
0.15890701	1	0.020167525	8.5931243e-05	2.1970767	428918.28
0.17821454	0.95565062	0.016141716	0.001555832	1.0424714	425920.31
0.18271277	0.95156578	0.015139593	0.0021280663	5	413955.13
0.16722397	0.75375161	0.022535314	0.033629801	0.62788338	504141.96
0.18379408	0.59183235	0.016307308	0.0050924521	2.3247626	459034.05
0.1996125	0.97934304	0.02057317	0.01352699	4.3245563	446315.24
0.1665037	0.64087668	0.017463491	0.0099324423	4.2161064	466928.27
0.1983789	0.89721482	0.010533365	0.074126688	1.270085	742155.2
0.19625016	0.86503688	0.016379657	0.0097978195	5	460699.67
0.16971766	0.90869468	0.021248212	1e-05	4.36261	398262.15
0.17402002	0.40358934	0.027536696	0.0072618738	4.2919958	379066.63
0.15814707	0.46371017	0.02255364	0.0023475214	5	426983.15
0.17656269	0.56691603	0.021812938	0.0037025919	5	428828.71
0.23293705	1	0.011586439	1e-05	0.001	436022.75
0.17407289	1	0.014851372	0.013764557	1.4096961	495219.17
0.158231	0.85656747	0.02387397	1e-05	0.60379479	372352.68
0.17776721	0.68248979	0.017595728	0.019944251	5	522720.48
0.18505352	1	0.011999712	0.0042561157	0.001	430912.89
0.18054723	0.35542756	0.021312469	1e-05	5	413865.2
0.20255586	0.46462401	0.014429018	1e-05	5	398758.83
0.18358858	0.40914148	0.014420741	0.016379275	5	469919.91
0.18472194	1	0.016176439	0.0053982437	1.6068797	463269.2
0.16961139	1	0.017135091	1e-05	0.41782067	425523.31
0.17829775	0.55130768	0.022073661	0.028014989	4.9363127	489593.13
0.19100438	0.74918912	0.013662072	0.02711451	2.5991017	510596.49
0.20621598	0.8860112	0.014899388	0.0079963625	4.0518713	447360.94
0.16582176	0.83002398	0.017732107	1e-05	2.3004979	443112.99
0.18401936	1	0.015027712	1e-05	1.7908328	437645.18
0.17114246	0.80778209	0.015214466	0.037577141	0.001	567860.75
0.14289528	0.95900205	0.020284755	0.019831568	1.836504	460064.36
0.15586717	0.34730282	0.0096545265	0.031906018	5	586267.35
0.19777631	1	0.012323472	1e-05	0.001	413001.22
0.17375573	0.98055209	0.019614161	0.001986502	0.8027774	414555.96
0.16581082	0.66927627	0.021751788	0.092534598	4.5996264	815208.5
0.192724	0.53843358	0.012962035	0.017828188	4.3709698	534215.98
0.17377564	0.54774084	0.016974395	0.0026929349	3.5776205	466117.64
0.19072338	1	0.019699801	1e-05	0.001	409880.26
0.15756346	0.74505122	0.019686276	0.024264962	0.63720368	412192.25
0.18237018	1	0.016863247	0.035322279	0.001	574001.57
0.18771079	0.90896654	0.01309385	0.032054499	4.9193675	530348.91
0.19370379	1	0.020821513	0.0043535849	0.001	393504.46
0.17227761	1	0.015075983	0.011365902	1.5509015	492614.48
0.1915312	0.63683981	0.016453272	0.00041328845	2.4576439	427531.25
0.1662859	0.62396006	0.018411623	1e-05	5	430206.34
0.17211083	0.80045139	0.011720201	0.060419001	0.67274386	689280.76
0.18278704	1	0.016952576	0.014292174	0.001	517745.69
0.18260904	1	0.018635141	0.0022500006	0.001	418772.79
0.20226492	0.89927788	0.020343073	0.026255119	0.86891011	502510.52
0.19852534	0.9801736	0.015819796	0.013036459	1.9091449	484530.28
0.19652188	0.99378926	0.013317768	0.046382173	0.001	527510.18
0.15278972	0.98898475	0.02072901	1e-05	3.6533061	400132.68
0.18183854	0.59569045	0.017407422	0.005561621	2.7168144	450519.18
0.16612812	1	0.018397979	0.034229823	0.001	527548.58
0.21482164	0.56995849	0.01449876	0.0082563941	3.4812254	460986.96
0.18005084	0.79353511	0.013246414	0.0019202684	1.1932063	453984.38
0.21295754	1	0.01730451	0.018319933	0.001	472975.33
0.20674766	0.70935006	0.016921102	1e-05	4.2205373	423054.33
0.16071078	0.81802937	0.014875269	0.014984865	2.4868251	511364.53
0.16899925	1	0.017361878	0.0016291523	2.8789077	355474.51
0.16539143	0.80422513	0.019173092	1e-05	1.0670941	418834.68
0.19362171	1	0.015014732	1e-05	0.001	438443.09
0.16172858	1	0.016969129	0.032729128	1.0729496	545394.94
0.19192965	0.774258	0.015819431	0.0011641048	3.9042735	385959.44
0.23193062	0.92165336	0.013888126	0.00041993812	3.0084032	438250.46
0.16451482	0.51625113	0.024775169	0.00051289702	5	410653.4
0.16694235	0.56144285	0.022596306	0.0083829546	5	447447.37
0.18120634	0.8100489	0.013187795	0.019108784	4.0547494	483503.99
0.17520081	0.58934104	0.026152601	0.02048587	4.8075426	380684.47
0.13898786	0.84630717	0.018106936	0.014112733	2.5788125	440163.09
0.1884659	0.68171559	0.013133535	0.028661769	1.2513607	503556.08
0.20309554	0.56958814	0.012062915	1e-05	4.9267258	444587.21
0.17131775	1	0.019630922	0.015908006	1.1986306	494922.67
0.16923312	0.52403845	0.016011291	0.015367774	5	481322.85
0.16650975	0.96100341	0.019409893	1e-05	4.9314524	418301.26
0.18557163	1	0.016418362	0.020326556	5	466069.46
0.20642548	0.59247303	0.012424221	1e-05	5	440879.27
0.15941789	0.92732225	0.016822709	1e-05	0.54518865	394497.85
0.14105886	0.93731168	0.019616717	0.00032847979	3.9475692	435789.08
0.18621828	0.76187345	0.011016609	0.0027002464	5	444755.72
0.14736796	0.81417547	0.019683294	1e-05	3.9012056	413992.14
0.19697441	0.5057233	0.0090946203	0.023408911	5	544097.3
0.17597945	0.48781543	0.016967157	0.092400695	4.2229844	803844.64
0.16706319	0.83996157	0.013629126	1e-05	2.8141422	444644.46
0.16404869	0.86338216	0.013950307	0.0119527	0.001	483459.86
0.19056287	0.8837732	0.01020324	0.0030104791	2.5817876	477608.78
0.19320346	0.83368058	0.01372676	0.00012655709	1.3431664	416488.85
0.17366528	1	0.016324	0.0053691378	4.1375839	459219.32
0.14831406	0.70550321	0.022008715	0.0055735488	5	403916.25
0.17039585	0.54319896	0.020681164	1e-05	4.7471838	400449.73
0.16659191	0.56521958	0.019139648	1e-05	3.0314286	416969.95
0.16067549	0.78842242	0.020929401	1e-05	1.9674887	425175.05
0.15018786	0.74795752	0.022071566	0.029563626	2.9259048	557835.3
0.21543072	0.6131395	0.018626696	0.021622133	5	488168.58
0.17575576	1	0.014156207	0.023644525	0.001	499140.25
0.15182867	0.42533256	0.015450857	0.0083257579	3.1000603	468172.02
0.19114289	0.68190556	0.0098406678	0.011153843	2.4990304	515435.76
0.20537713	1	0.015695152	0.036708017	0.37878559	559038.11
0.17302933	0.62614313	0.018638489	0.034115416	4.5198555	492263.48
0.16039096	0.61868057	0.012502169	1e-05	2.5956384	449277.4
0.17868277	0.74215726	0.012622322	1e-05	3.5800009	463430.21
0.1901371	1	0.013254079	0.0016829045	0.34612722	423872.28
0.19640844	0.77750303	0.018913901	0.013209009	4.4151645	479986.18
0.17641987	0.84730868	0.019539806	0.0076543982	3.7149474	464764.59
0.20804837	0.96767056	0.012927924	0.014275726	0.73404865	497045.8
0.1536668	0.8855293	0.024556405	1e-05	0.41829171	402890.76
0.16807397	1	0.01939034	0.04180284	2.5569171	538326.66
0.16514818	1	0.019662415	0.023700662	3.181018	494788.31
0.18682139	0.90678698	0.020218705	0.00010896072	2.481105	409559.25
0.16983832	0.944617	0.016291163	1e-05	2.1414197	407439.17
0.1664084	1	0.014967338	0.00096983221	5	468013.04
0.181486	0.52981753	0.020557358	0.029501945	4.6530314	483150.51
0.19053822	0.58219691	0.015626288	0.00036012484	2.2567339	439170.85
0.17183498	0.87466074	0.011925945	0.0086692117	1.6400303	477659.25
0.16493543	0.95359127	0.024092132	0.026329875	1.4782628	439311.17
0.20350957	0.70705334	0.015920968	0.044288256	2.8340599	513854.29
0.19342912	0.81997194	0.017876048	0.013997254	5	435031.28
0.19915494	0.68474084	0.015527462	0.027621057	5	520006.07
0.15715705	0.86126276	0.020358786	0.040868357	0.69569883	532956
0.17997125	0.64832458	0.015272847	0.033012453	3.0142417	539482.68
0.16523994	0.68229159	0.017833462	0.063828844	4.8531847	621338.62
0.19759471	0.62546085	0.019278013	1e-05	2.5158378	431831.7
0.17200185	0.93010207	0.022471365	1e-05	4.1338471	401271.6
0.15856831	0.9288153	0.017087945	0.043884015	2.3863301	613017.31
0.17558962	0.93177241	0.016593922	0.052035423	1.2160105	629719.72
0.18822536	0.71389462	0.010312363	0.0084232565	2.4679991	453275.95
0.1805755	0.60137894	0.01887172	1e-05	5	388672.57
0.17791	0.81509432	0.01897955	0.020107789	1.2145066	477403.08
0.17942511	0.77479674	0.01624546	0.0047779113	4.4189184	398588.6
0.17534694	0.83910155	0.018593296	0.010940396	3.8785045	439054.6
0.19290681	0.860188	0.019288131	0.012901566	4.0218487	493611.7
0.19228947	0.41426488	0.020358017	0.026282376	5	513198.44
0.18587338	0.57139756	0.016833264	1e-05	4.7113748	395801.32
0.19290681	0.860188	0.019288131	0.012901566	4.0218487	493611.7
0.18153762	0.87048392	0.017907054	0.021967533	2.228749	483381.63
0.17849077	0.72169607	0.014538787	0.0075507633	4.2828118	458658.93
0.17328399	0.67913837	0.017300607	0.0011064252	4.9915202	450528.56
0.20073358	0.88566641	0.021424243	0.021295359	2.4926911	479930.65
0.2098349	0.72492278	0.0094894765	0.0092752882	2.6453196	451753.85
0.20359854	0.39112334	0.017798622	1e-05	5	396603.04
0.17578531	0.67498661	0.017924592	0.0098729002	3.3654515	459681.33
0.17259596	0.67597	0.010515122	1e-05	2.5175056	459993.5
0.19594732	0.97085215	0.012487834	0.034588412	1.3484335	554145.66
0.17290227	0.37544073	0.015926635	0.047413451	5	639955.15
0.20648147	0.45020075	0.018506614	0.020750705	3.743802	477878.78
0.16379381	0.49540179	0.017276517	0.013022138	4.748467	487759.87
0.16146872	0.86479046	0.015969393	0.0074168197	0.001	437000.69
0.20412869	0.57128278	0.017926284	0.020848238	2.5607817	512975.31
0.15920028	1	0.023137996	1e-05	0.001	368167.71
0.21290838	0.63533029	0.014607384	0.043522185	4.1101555	612401.56
0.16016373	0.94189001	0.015319914	1e-05	0.59979756	399944.19
0.19164114	1	0.018159225	0.016772938	0.86790226	468725.47
0.16059003	0.85786621	0.023680379	0.010226928	4.1606083	438676.9
0.16915386	0.92030503	0.016082718	0.0096539314	0.001	447666.63
0.18942079	0.90099657	0.015506415	0.0092168977	3.6025295	462712.97
0.19901302	1	0.020143233	1e-05	0.001	406806.75
0.17739	0.55044729	0.023542872	0.033728407	2.9912972	501674.82
0.18722597	0.70200002	0.016922245	1e-05	4.8084274	405554.08
0.19380618	1	0.016627774	1e-05	2.9671294	364015.42
0.19210573	0.77473476	0.015644927	0.022019734	1.7645225	479408.67
0.16751515	1	0.022641348	0.047165992	1.1706613	578411.99
0.17926549	1	0.019058188	1e-05	1.5437369	383305.92
0.18684667	0.74928424	0.019359246	0.018867082	2.2236325	471182.03
0.17001521	0.88379663	0.01837515	0.023460139	1.4432251	504382.8
0.16361539	0.51915748	0.021339477	0.02631637	3.7783823	477317.67
0.19831474	1	0.014590093	0.0039320099	0.001	453079.18
0.1736184	1	0.022991705	0.013439163	0.26364524	491253.7
0.15916374	0.76868986	0.018068659	0.028468975	0.46773416	504883.03
0.20275181	0.76162189	0.015289658	0.076279055	3.7467484	867997.78
0.20828017	0.74751518	0.01007565	1e-05	1.16765	469189.48
0.17626081	0.87525624	0.014087384	0.021870414	4.5024276	445443.01
0.16989423	0.93116376	0.017852102	0.0070211972	4.0592211	477522.8
0.1955985	0.83950649	0.013824942	0.03480773	1.9866302	554405.26
0.17408471	0.42166972	0.016366953	0.028276089	5	495443.04
0.19436718	0.92493931	0.015602595	1e-05	2.3015118	437598.99
0.20445001	0.83597538	0.016599303	1e-05	5	446919.88
0.16832788	0.56556005	0.023485524	0.010196765	5	441641.55
0.16013815	0.86152787	0.013701665	1e-05	0.001	449205.22
0.20079361	0.59301681	0.010832927	1e-05	4.082405	439236.86
0.18631089	0.7043674	0.011873772	0.020957238	1.793191	529311.84
0.19575926	0.60404337	0.014932442	1e-05	3.6668383	462671.75
0.18829831	0.82187873	0.01963217	0.0056733185	2.9333066	443032.77
0.16919323	0.95925375	0.018239529	1e-05	0.18575461	437098.28
0.17440182	0.88989839	0.017097448	1e-05	4.8977764	431102.87
0.16115814	0.67621347	0.017413891	0.038564063	3.1205178	528355.84
0.15424193	0.75763687	0.016681538	0.00057372255	2.9830652	432502.12
0.18674313	0.85543378	0.016226232	0.00109339	4.1662849	430161.7
0.15344157	0.41853809	0.016148479	0.0005903158	3.6624643	401098.32
0.18236835	0.77598916	0.015692022	1e-05	4.3444073	416942.9
0.16848274	0.94132738	0.018626364	0.0022007873	3.2182819	396198.46
0.16443221	0.98336886	0.020985225	0.040257366	3.51204	620604.61
0.19254311	0.5279961	0.0134294	0.016854859	3.6454008	509032.25
0.15548754	1	0.017887789	0.0084711224	3.2298396	405013.4
0.20096434	0.84523472	0.010181063	1e-05	2.8322632	433129.29
0.1742003	1	0.021191974	0.019996603	2.7070317	443520.33
0.19997588	1	0.017671102	0.0074522746	3.796047	473625.02
0.16666596	0.76242775	0.018439573	0.032829831	2.9634342	546867.71
0.19598322	1	0.012645689	1e-05	0.001	414812.34
0.14382246	0.83179614	0.0156489	0.04422682	1.8427637	516720.25
0.16535457	0.44005135	0.017796382	0.012708063	3.8294278	424326.42
0.17996435	0.57001872	0.012351867	0.048356351	2.7154457	580671.83
0.17247487	0.7543822	0.02382489	0.012908516	4.1707708	423191.13
0.17621459	0.74421179	0.014849706	0.0012127585	3.7732642	416753.22
0.14647927	0.33241343	0.021686051	1e-05	5	421307.27
0.19192196	0.64832514	0.01475805	0.025875225	3.9687882	469990.4
0.1829089	0.93655732	0.01418949	0.013816794	5	463976.71
0.19474907	0.72205435	0.015048538	0.025152173	2.9140012	508238.15
0.18476378	0.98499833	0.02085956	0.0044634725	4.6295116	435481.55
0.18453798	0.91227278	0.01472658	1e-05	2.7725743	436098.91
0.19158701	0.57846428	0.012171023	0.0030806816	5	482520.51
0.18303176	0.5525444	0.0098732939	0.026731381	5	482092.93
0.18268055	1	0.02276927	0.0062097006	4.2743713	419034.2
0.16723699	1	0.016966737	1e-05	0.98832894	444909.81
0.18425579	0.87883796	0.0202141	2.4149134e-05	1.0537555	397270.69
0.19956169	0.91974914	0.016160022	1e-05	3.7600882	408404.23
0.20993346	0.53646267	0.010896021	0.021282678	2.9824061	548016.25
0.17266737	0.71685848	0.020194987	1e-05	2.1012549	413325.04
0.18766379	0.54613357	0.017737786	1e-05	5	417155.86
0.16756816	0.67335242	0.024685973	0.0041992032	5	406248.32
0.20564148	0.44288021	0.017643732	1e-05	3.9582809	430937.56
0.18466348	0.77965226	0.019827429	0.013101899	5	430182.99
0.15629121	0.64716235	0.012807667	1e-05	4.6799523	398859.97
0.20412397	0.54557253	0.013243244	0.028694101	3.6267355	470623.1
0.18735847	1	0.015452513	0.0007791461	4.1054893	457546.34
0.22122545	0.78221929	0.015950049	1e-05	5	419720.13
0.16705534	0.71831351	0.016828539	1e-05	2.8238917	415262.53
0.18589771	0.42516465	0.017242217	0.01574317	4.1258509	499772.98
0.18006505	1	0.021380756	1e-05	0.99232095	433282.99
0.20128036	0.51637788	0.016589571	0.0032371438	4.7970863	409886.86
0.15490925	0.84786856	0.023923788	7.3045429e-05	4.986359	383160.03
0.18782427	1	0.018212904	1e-05	0.001	430582.49
0.21442178	0.43394127	0.016669788	0.0063199716	4.699646	461865.72
0.18914499	0.79147031	0.013005161	0.0063925672	1.485461	477710.41
0.15196814	0.7322395	0.014863026	0.0070625292	0.38029296	450549.51
0.18205547	0.6944895	0.011789569	0.042554997	2.4433734	600645.36
0.17761193	0.95287428	0.014006949	0.015593092	0.001	466687.1
0.17233795	0.83252418	0.013251938	0.0073050545	2.8656763	478978.77
0.18317589	0.66988339	0.013825047	1e-05	4.4211904	442740.5
0.15836578	0.62711285	0.02184854	0.029734275	4.6431388	486250.41
0.17834111	0.86983594	0.013809016	0.029017091	3.6849563	488375.91
0.18826444	0.84455826	0.015988462	0.017918082	0.99898547	486003.42
0.22009571	0.81467459	0.014624287	1e-05	3.2031064	438742.46
0.18614465	0.70300732	0.016306446	0.0029597739	3.1050221	429669.34
0.17904212	0.71444906	0.019832128	0.029977715	1.7235296	585622.3
0.18872337	0.79278363	0.015520485	0.0056742168	3.2425693	440068.46
0.18999161	0.5135962	0.01904589	1e-05	4.7513107	401126.34
0.18943394	0.41568105	0.016362815	0.016036936	5	491266.72
0.19872528	0.61864273	0.014103974	0.0062458566	5	461870.97
0.15735287	1	0.014121775	1e-05	0.001	421676.76
0.18742541	0.57131814	0.0128723	0.0086027438	2.7970853	470381.83
0.17523837	1	0.022938336	1e-05	2.4713041	398005.34
0.16781944	0.92253615	0.018623975	0.15301739	3.4286759	903360.04
0.19151493	0.58054691	0.017180065	0.029299653	5	525887.5
0.19786648	0.97503441	0.017453006	0.0027150419	3.0807539	376837.04
0.19846097	0.40501137	0.017247445	1e-05	5	427415.91
0.2007428	0.94067265	0.023221391	0.015332632	1.8634469	432183.26
0.14893138	1	0.014299856	0.032787122	0.55505729	522255.72
0.18889883	0.50354026	0.017841959	1e-05	5	407206.92
0.20488485	1	0.015055686	0.0011341077	0.001	477815.21
0.18905411	0.9571709	0.013073836	0.017188672	1.02225	481238.34
0.20111591	1	0.011217414	0.030673308	0.001	553111.21
0.20804117	0.51335938	0.013363584	0.037803393	3.2228188	544872.06
0.19362741	0.5968418	0.013050586	1e-05	2.8890437	428380.48
0.1844876	1	0.020422718	0.030161945	5	528454.56
0.17467031	1	0.028945985	0.015216587	1.7114595	400080.76
0.17254177	0.42465212	0.015480101	0.0060346705	3.9807492	402541.35
0.15707904	1	0.023747902	0.048883561	0.001	512770.2
0.18830325	0.51578355	0.018481322	0.033165554	5	452954.33
0.14995519	0.353596	0.025263559	0.0038646075	4.8751198	411979.35
0.18784607	0.73130578	0.013662423	0.020613064	5	491527.77
0.18345908	0.84802646	0.02096453	0.029695441	3.5209429	528882.96
0.20592116	0.56701736	0.019009616	0.017057269	5	396376.32
0.18435784	0.67625213	0.020375739	0.1216678	4.501675	877309.87
0.16089645	1	0.01252951	0.00084492655	1.4979939	450121.85
0.15116892	0.89167322	0.018061494	0.014641412	1.0627516	504247.04
0.14828638	0.640993	0.024443332	1e-05	5	410764.3
0.19220073	0.60716763	0.015694973	1e-05	1.6960832	428038.22
0.14759184	0.81862128	0.015626625	0.014938187	4.1479882	473664.56
0.17386153	0.90906811	0.014780124	0.015158566	1.1898116	458359.21
0.16999267	0.52510471	0.013915742	0.036411439	3.3629731	658800.65
0.19995798	1	0.015388657	1e-05	0.001	415059.53
0.17675529	0.42131394	0.022617155	1e-05	4.7830519	398650.45
0.1926013	0.50037155	0.015054045	0.010977749	5	454274.07
0.19034123	0.61846056	0.019416517	0.041541608	5	593363.6
0.18100112	0.95902252	0.013418817	0.055042317	1.10258	592804.74
0.156528	0.65876982	0.013633504	1e-05	4.1053175	461616.9
0.15807076	1	0.021566195	0.07852356	0.001	656058.33
0.20173967	0.63096586	0.018713936	5.1810979e-05	3.1380001	420050.45
0.19717987	1	0.019149412	0.015263912	2.5306253	474378.37
0.18201011	1	0.022778129	1e-05	1.3788519	417358.5
0.19485387	0.83957132	0.016205011	1e-05	3.101741	415283.34
0.17836799	0.61051501	0.02059629	1e-05	2.2665385	400108.12
0.17627077	0.56984791	0.024005773	0.056685254	3.5497718	604755.49
0.18287459	0.99998456	0.013364053	0.017146181	0.001	509597.22
0.14340635	1	0.023438852	0.014467716	0.001	484855.39
0.19420501	0.91549701	0.01350339	0.035694485	2.6453193	607943.51
0.17668239	1	0.019237175	1e-05	5	412589.27
0.1694009	0.44989286	0.017895314	0.019098798	2.8779646	435345.88
0.1700753	0.87768585	0.016446374	1e-05	1.4321004	477295.6
0.2155481	0.77130111	0.013227598	0.029808427	5	548948.43
0.17256213	0.69225037	0.021807229	0.047606463	2.9361714	594797.16
0.16071654	0.77362033	0.023985269	0.0054474276	5	426860.49
0.18950983	0.44015873	0.021281201	1e-05	4.2297224	385727.04
0.17840294	0.99585387	0.01923409	0.026759153	3.1788616	531935.54
0.20107992	0.88141289	0.012049455	0.0079048292	0.18541566	480432.5
0.18786322	0.57797199	0.018006606	0.0023904524	5	413314.94
0.19473787	1	0.012991618	0.016814866	5	474526.97
0.14017889	0.90870806	0.021548475	1e-05	5	410739.08
0.17200885	1	0.013197925	1e-05	0.001	453581.71
0.19977428	0.62781905	0.014635791	1e-05	1.0315692	350328.94
0.17716347	0.92325489	0.019729321	0.0094947679	0.49898056	449895.82
0.20255371	0.8725845	0.015579487	0.008828347	2.6503058	438985.93
0.17499184	0.67379912	0.014162398	0.07086824	2.3498543	665117.58
0.16567597	0.85185493	0.024979999	0.10760961	0.58319737	855274.05
0.19404124	0.39555484	0.015968602	0.026703359	4.9983929	488172.24
0.18708981	1	0.012256743	0.018096953	3.4564106	549785.65
0.15908462	0.98866412	0.020511591	1e-05	0.001	404859.23
0.17017163	0.58905995	0.016819391	0.046720595	5	586004.08
0.17179054	1	0.018586615	0.015152175	1.711725	485638.24
0.17191159	0.41637268	0.011696145	0.0041446946	3.9962503	490606.64
0.1493502	1	0.025452711	0.03313828	0.001	522160.98
0.18496102	0.49355734	0.014833049	0.023750436	4.192882	528886.78
0.16141733	0.75985607	0.013196053	0.0191542	2.6914078	548879.66
0.17316836	0.78717677	0.016336914	1e-05	1.4009041	399556.54
0.18061304	0.99956813	0.017216502	0.01417898	1.6660145	465179.85
0.19262074	0.97328434	0.015950291	0.0045052801	0.11078856	440182.6
0.19417675	0.82266081	0.01546666	0.011122021	0.89716746	511815.84
0.1645263	1	0.012886358	1e-05	0.23059978	418924.3
0.1697493	0.87635242	0.015852245	0.002310105	2.4157293	431268.24
0.1759024	0.8460201	0.013071702	0.014867969	0.64338601	561126.2
0.18352432	0.33479615	0.0151622	0.028333171	5	515307.69
0.20770588	0.83779009	0.013001275	0.046299641	2.2125205	555889.55
0.16792561	0.93260279	0.022986324	1e-05	2.9591787	389269.72
0.16234388	0.46889861	0.014001905	0.062578154	5	627560.21
0.18969079	0.71401468	0.018880767	1e-05	5	418330.69
0.160766	0.85399681	0.012326863	0.0024271863	0.94125687	440215.33
0.19380101	0.79532913	0.014577016	0.015723642	3.3767812	436629.29
0.16579504	1	0.016412002	0.0078818541	0.001	454256.31
0.18483522	0.67619599	0.017680422	0.022553702	5	511597.41
0.19375092	0.56759412	0.0136813	0.0045231326	3.3107391	463109.75
0.20189782	0.97898693	0.020075966	0.02354723	1.053268	485614.68
0.1741175	0.8253129	0.021652729	0.010653251	2.5951012	442934.96
0.17986207	1	0.019419415	0.0050086533	3.1771895	437653.38
0.1953144	1	0.011015202	1e-05	0.001	422481
0.18579471	1	0.019770797	0.050266106	0.001	659491.15
0.17023875	0.68763486	0.025117024	0.017181912	5	455710.91
0.18526856	0.82572783	0.017633389	0.0082632955	5	469229.36
0.20037888	0.89231797	0.011062931	0.0056018007	0.55349641	471454.37
0.17451751	0.81851109	0.017175187	0.010746283	2.5877659	474686.38
0.13330424	1	0.016592419	1e-05	0.001	420048.95
0.16510114	1	0.017741662	0.013918022	3.7511688	473740.16
0.18556282	0.62664821	0.012537043	1e-05	3.1130333	424285.35
0.18476617	0.87323689	0.013755361	0.023485399	0.62379584	526529.84
0.15008041	0.66280623	0.026999494	0.01415347	3.7741448	516361.99
0.19714758	0.85580864	0.014302955	1e-05	5	410412.53
0.20701622	0.87480877	0.017286038	1e-05	1.3899326	418987.45
0.17453825	0.99118792	0.018232794	0.022961656	0.48721494	492757.26
0.16906679	0.76204721	0.014432148	0.079245187	3.3453881	679764.44
0.18237143	0.50477465	0.015572189	1e-05	4.9999196	423416.88
0.16617567	0.63101915	0.015276124	1e-05	2.510122	442891.25
0.18834016	0.69291523	0.020408702	0.0040958089	4.6973651	444355.59
0.20556035	0.95409906	0.015585735	0.025244333	0.74306229	523219.97
0.20223634	0.76358512	0.013191507	0.021495804	5	510746.8
0.18441202	0.81013434	0.018814924	0.001946098	3.4181898	440500.04
0.19077065	0.95816171	0.010904646	1e-05	2.3489063	454302.63
0.17121479	0.87043526	0.017504786	0.00082601205	0.34704217	482684.57
0.1551147	0.43149611	0.02092158	0.029346068	5	497483.03
0.18200407	1	0.012974778	1e-05	2.9128085	419938.11
0.20326797	0.41524406	0.015026208	1e-05	3.9705159	440373.21
0.1541731	1	0.018845157	0.01026011	0.001	461813.24
0.19086303	0.92350845	0.0099957912	0.016399457	1.724416	515204.45
0.15393432	0.35275525	0.020859933	0.0016890221	4.7374336	419982.34
0.18211183	0.82143612	0.019854696	0.014822598	2.5383558	484557.62
0.20885537	1	0.015784049	0.0051517578	0.001	427313.76
0.20316693	0.98033058	0.013242818	0.0053262701	4.8347942	461840.95
0.17492181	0.85525729	0.016797755	0.0050490642	3.4968437	443549.85
0.18021442	0.95808781	0.022032384	0.0026690629	0.39044057	414575.78
0.17050069	0.93772869	0.011093144	0.011468376	0.001	484351.97
0.1534216	0.3554139	0.019889142	0.032888434	4.7052368	609205.08
0.18358992	0.59100821	0.016520711	0.012375407	2.1946017	497190.76
0.21488185	0.78013604	0.013749675	0.0031387969	3.4370863	408133.8
0.1797333	0.94227341	0.017169987	0.01615023	0.56244284	503125.27
0.18075639	1	0.020971743	0.001980902	0.2724324	441689.79
0.17461734	0.85779924	0.019657151	0.035486431	0.001	481295.74
0.17523238	0.86068167	0.016320063	0.015345246	2.6928571	445051.1
0.18237399	0.49817758	0.017786956	1e-05	3.94174	418749.3
0.18163195	0.75127852	0.016048826	0.023891388	0.79215479	509718.82
0.17711643	0.93213571	0.012611251	0.01361741	2.9068322	493710.37
0.18467864	1	0.012938754	0.0063681788	2.4604143	474336.06
0.18149636	0.72291177	0.013312597	0.026240263	3.3289683	545942.56
0.19980357	1	0.020479416	0.0094921454	0.64002059	401561.87
0.1532946	0.96983676	0.019947835	0.048988733	0.001	540915.28
0.20102764	1	0.013950727	1e-05	0.001	468291.68
0.18132698	0.8446158	0.014750926	0.0014636543	3.3144687	386884.52
0.19950631	0.64601728	0.018244502	0.031894506	3.7591771	494629.52
0.21111862	0.74320548	0.016561089	1e-05	4.2607396	429696.94
0.2154828	0.6715598	0.014940563	0.038917329	5	472651.52
0.19574531	1	0.011537	0.0072182831	3.8064304	489659.6
0.18047215	0.86566777	0.015406249	0.025322688	1.6609952	477996.11
0.17853893	0.54186407	0.016520684	0.015006767	3.3186549	470694.93
0.18984139	1	0.011580561	1e-05	0.20146556	457112.78
0.18191276	0.75784453	0.016009647	0.0047235345	3.0047355	419506.86
0.16430799	0.4372155	0.023330132	1e-05	5	395095.44
0.18259875	1	0.014842654	1e-05	0.62184115	402347.16
0.17308117	0.86486481	0.018981411	1e-05	2.9421521	427246.01
0.17948289	0.70535335	0.019357242	0.0082053655	0.94286974	395039.27
0.16747754	1	0.019411584	0.0012122197	1.4940696	441591.56
0.17637635	1	0.016466734	1e-05	1.9586864	439001.26
0.15685937	0.84983479	0.017310042	1e-05	0.001	399862.56
0.16932503	0.79803976	0.01560657	0.0027865274	3.4272073	445012.02
0.17722778	0.65685562	0.012026533	1e-05	5	471651.18
0.19994461	0.87265367	0.013012266	0.025238379	2.9416773	450605.51
0.168489	0.51946769	0.016711891	0.0091199807	4.0111815	472283.47
0.19988404	0.91290832	0.01534415	1e-05	3.5823962	394483.81
0.18517985	0.95746311	0.014230949	0.018056177	0.001	504083.52
0.1807239	0.99741504	0.020385402	0.0081963177	5	402549.85
0.1909226	0.70251805	0.014791512	1e-05	2.8850693	427102.96
0.19295883	0.55931	0.015298478	0.034181795	5	527257.71
0.15979132	0.51039763	0.023315618	1e-05	4.9178287	370034.56
0.20799059	0.75324401	0.011639174	0.027972089	2.1995956	520410.84
0.16339154	0.74565512	0.019055544	0.0050872431	0.62906084	413635.55
0.18493344	0.58560302	0.01983308	0.03027842	5	514464.84
0.21462497	0.52891398	0.013630759	0.00097121499	5	423196.28
0.1806632	1	0.018056731	0.033172637	4.3239001	483698.09
0.18378457	0.77336364	0.011217385	1e-05	2.7292517	433596.35
0.17945631	1	0.021315682	0.00069884341	3.476228	415533.19
0.20760251	1	0.021700166	0.023654348	2.5608068	511486.63
0.162297	0.95722952	0.016328444	0.011692092	0.741476	478173.38
0.18071128	0.88130394	0.01350179	0.012293802	1.8210471	465992.11
0.17871124	0.88391786	0.013830007	0.05832231	2.1088501	642775.76
0.14181281	1	0.018813539	0.025256213	1.9924827	505850.31
0.15940845	0.79842559	0.013294596	0.02659062	0.37428941	492564.78
0.18362418	0.84499404	0.016235025	1e-05	5	442427.18
0.17292583	1	0.015899864	0.032231672	1.964702	530153.79
0.1726973	1	0.016109761	0.036351594	0.001	521132.87
0.15862052	0.44178282	0.025669018	1e-05	5	394614.16
0.17980927	0.48724743	0.015564541	1e-05	4.7831267	383587.07
0.18806714	0.99411803	0.017979349	0.028817411	4.524772	491517.47
0.15430464	0.83643075	0.016936131	0.00019120667	3.6602787	416125.76
0.17844965	0.43406708	0.018950522	0.016235148	5	458901.51
0.16155373	1	0.020542164	0.0074478629	4.3706461	453284.25
0.17629082	0.59375841	0.017121009	1e-05	1.8937862	436707.62
0.16061022	0.45754057	0.01867424	0.039872184	2.9076735	497516.64
0.16613929	0.71469051	0.020512754	0.054500093	1.46337	578385.55
0.17692261	1	0.021548402	1e-05	5	362977.67
0.17767427	0.42220791	0.016059398	0.0036084215	5	417118.83
0.18912973	1	0.013935183	1e-05	0.536648	429669.78
0.1667859	0.65594221	0.016359784	0.021331289	5	497219.42
0.16477984	0.82766211	0.024762144	0.027983789	2.6183289	477431.47
0.16873984	0.74381217	0.011904641	0.022973913	4.0106073	474426.5
0.17875942	0.70311508	0.012958981	1e-05	2.1134378	496384.84
0.20731995	0.7261317	0.012146224	0.0016434615	1.5016737	401090.91
0.18688771	1	0.012113386	0.026255316	3.0533875	614981.47
0.16991757	0.44817385	0.019127054	0.02057649	5	492415.96
0.16620326	0.82096246	0.015228548	1e-05	0.04355926	425474.21
0.18098695	0.83531343	0.01350689	1e-05	4.9318736	437222.04
0.20695438	0.97011161	0.012081953	0.010761186	4.198517	487988.02
0.1535934	1	0.020006125	1e-05	1.3802798	410467.4
0.16033616	0.78182754	0.021644793	1e-05	1.1625586	397299.58
0.18320774	1	0.015739758	0.037688729	1.5326066	576440.44
0.18044596	1	0.016707526	0.01062816	0.001	450526.87
0.22208437	0.792669	0.014844844	1e-05	4.2435451	441825.07
0.18410457	0.58640167	0.020758877	1e-05	4.3567712	440582.74
0.17857921	0.90137002	0.015347758	1e-05	3.5333928	431732.33
0.17875398	1	0.014010426	0.042560052	2.8276846	517038.2
0.21433532	0.90939905	0.016892093	0.052708166	3.797619	517295.17
0.19764436	0.78548065	0.011124321	0.025627344	5	546643.31
0.18374507	1	0.012188193	1e-05	0.001	453247.12
0.19369918	0.98269221	0.015605232	0.042042611	1.5215248	588857.82
0.1592085	0.8431721	0.019586607	1e-05	3.1397266	425728.29
0.19792632	0.88829854	0.015047909	0.010394048	2.9469759	456351.81
0.17986153	0.46031725	0.01391947	0.015687427	3.5443547	484201.62
0.20752181	1	0.0095389258	1e-05	3.7733409	407633.61
0.18903944	0.46735973	0.012704844	0.010984363	5	470819.13
0.19577777	0.82204135	0.013475644	0.033364405	2.5906867	448958.23
0.17506262	0.49357171	0.021173355	0.0056859431	4.5952589	469298.25
0.18486347	0.79883616	0.014796729	0.0012261745	3.831029	450748.84
0.17539935	0.86107998	0.015091787	0.0064725798	1.6825531	491937.35
0.17438554	1	0.017573937	1e-05	4.3816499	427984.75
0.15497402	0.74708594	0.015811328	0.013738864	0.97473952	518690.61
0.18583659	0.9096781	0.016669279	0.01097159	2.5232543	469222.1
0.21121275	1	0.010860522	0.03310417	0.30334084	625773.57
0.20073985	0.41878816	0.011364536	0.032660496	5	547907.75
0.16312331	0.96072678	0.015918442	0.042177371	3.7986385	583846.4
0.20424638	0.7471799	0.019978987	1e-05	3.7885737	431088.89
0.20230131	0.76102527	0.016868534	1e-05	2.3435935	408401.69
0.18430874	0.73184385	0.01497218	0.033330052	5	544724.97
0.16688152	1	0.020686839	0.029912001	5	545558.38
0.17814235	1	0.021398054	0.011323782	0.32085667	428211.66
0.14951822	0.41260486	0.022955885	0.010878354	4.5162456	440750.8
0.19211288	0.99073949	0.013298951	0.03689852	0.41199451	503925.98
0.21268238	0.59963198	0.013220822	0.0036553549	4.9934963	453764.86
0.17254169	0.55496711	0.015187279	0.037149906	3.6703387	555892.07
0.17897767	1	0.020600528	0.0033456571	2.2029187	428976.24
0.17385551	0.97757511	0.018043403	0.015751606	0.086043991	455631.27
0.18683513	1	0.015491668	1e-05	0.001	417539.28
0.17222397	0.98359648	0.014518169	1e-05	5	432060.29
0.18049711	1	0.018300271	0.07087179	0.001	693749.61
0.20706258	0.81582497	0.01761211	1e-05	1.9064812	441492.77
0.20102307	0.94518631	0.015328339	1e-05	1.5785884	422457.49
0.17715741	0.50294864	0.015236535	1e-05	5	468901.14
0.1672426	0.80275435	0.017084555	0.03072027	2.9282285	522011.73
0.18156939	1	0.01445156	1e-05	3.2601638	443739.71
0.15941334	0.6972553	0.019642428	0.0031746313	1.6913118	406414.84
0.17962454	0.62992964	0.012582663	0.02914669	3.1867145	481884.83
0.1811977	0.8071826	0.013270436	0.016375009	0.98269453	468340.91
0.2061596	1	0.019405348	0.0034805453	0.001	403680.84
0.19642879	0.79122846	0.013112758	0.022430517	2.0044419	514911.31
0.18732531	0.88705951	0.018287736	1e-05	2.8376534	377141.04
0.19085943	0.8799031	0.018141615	0.0049085626	0.44021847	447400.65
0.14920943	0.38499318	0.019796195	0.023577874	3.4481238	489293.44
0.17002205	0.53742629	0.015451769	0.0079332487	2.3401431	445667.08
0.13892517	0.4341654	0.015090828	0.046105329	3.8235876	637123.5
0.18373311	0.46069344	0.016479196	1.0746401e-05	5	416594.99
0.16746055	0.92318485	0.014313244	0.011512839	0.92076654	486749.84
0.17048034	0.75104668	0.023177971	0.017946736	4.5789129	451399.78
0.12920539	0.32909645	0.025921578	1e-05	5	421647.41
0.21351669	0.62917664	0.010324418	0.062013941	2.5408696	665024.01
0.18241018	0.6233728	0.017966486	0.0026255333	4.7028636	443868.66
0.20866465	0.84561361	0.011796221	1e-05	4.5883287	468320.86
0.18962662	0.73213559	0.014726231	0.02717222	5	554139.37
0.15864486	1	0.018884406	0.0021097642	3.8834968	453946.5
0.1760509	1	0.017933836	0.0020543777	5	415145.79
0.17968885	0.7934663	0.017243472	0.029647602	1.3119385	494933.55
0.18619074	0.51027254	0.017907508	1e-05	3.807591	424892.06
0.17500312	0.54223563	0.017027144	0.0017521545	5	408348.34
0.19533027	0.85467525	0.013989861	0.011369675	4.4590508	515120.5
0.18080506	0.94896156	0.01662934	0.041690022	0.001	540412.54
0.19721985	1	0.014485679	0.00032634158	0.83130161	421427.22
0.19470402	0.47524069	0.015086983	0.044727728	4.7593861	594727.3
0.15916391	0.81423864	0.018042429	0.019829656	2.0233876	494976.15
0.17670557	1	0.016952226	0.011268593	1.0838903	463010.52
0.19873461	0.45071463	0.02134919	0.023577651	3.6942578	507750.53
0.18996736	0.70012558	0.014527452	0.011641415	1.8569655	460588.8
0.20646289	0.6837206	0.016813795	0.038482928	5	551520.29
0.18526815	0.5252327	0.019422753	0.005857179	5	467536.36
0.18001004	0.78054654	0.015876852	1e-05	5	438007.16
0.1535677	1	0.016854389	0.058583489	0.0010586237	744784.95
0.18989846	0.92985018	0.012957184	0.0047779926	0.001	442818.36
0.2060881	0.84803128	0.011722745	0.011696734	1.2054735	496873.08
0.20140034	0.65530626	0.015287341	0.0034132582	5	445173.09
0.19569899	0.97704151	0.015107954	0.024334027	1.4912245	504503.28
0.16555831	0.91172531	0.015985356	0.029404787	1.0375714	555962.46
0.19482263	1	0.010286093	0.0025462101	0.001	471668.07
0.1930119	0.89191763	0.014391455	0.025059578	1.9518187	544258.56
0.16817273	0.74228765	0.012454475	1e-05	2.5176437	449007.34
0.18590356	0.93489616	0.01931588	0.017479813	3.6449703	498537.66
0.17347383	0.61465868	0.024458919	0.0055663422	2.6844514	392157.6
0.1929451	0.97136533	0.01639872	0.0082344007	1.5874611	454702.38
0.18260442	0.96371897	0.024159825	1e-05	5	408962.57
0.16141733	0.75985607	0.013196053	0.0191542	2.6914078	548879.66
0.17194929	1	0.022043006	1e-05	0.81681946	420548.53
0.22281075	1	0.0098598287	0.02520598	0.10498151	585492.09
0.16401717	0.88977573	0.019675479	0.0050621671	0.001	410487.27
0.18419657	0.71629975	0.018283555	1e-05	4.3064894	419594.13
0.2215311	0.8835518	0.014340361	0.036241463	0.89361085	586234.19
0.17234632	0.86337911	0.019535409	0.0064021674	2.1935937	459672.92
0.18303489	0.58062689	0.015770968	1e-05	3.3062242	420249.12
0.2167369	0.71374114	0.011796386	0.017402908	4.2260937	495358.06
0.18943444	1	0.018206623	0.0061079127	0.001	409047.47
0.16555574	0.71264564	0.020249614	0.060271717	2.0171421	591348.94
0.17826247	0.69935149	0.018197529	0.025576409	3.0202186	553319.05
0.17272227	0.66234395	0.018005762	0.04935692	4.2491596	636441.74
0.19393946	0.63326827	0.017909195	0.020405149	2.9395301	499702.27
0.17839364	0.33646722	0.017068803	0.053367296	5	603739
0.18507313	0.87202924	0.014891687	0.047531777	5	506983.37
0.19799048	1	0.015585085	1e-05	0.65122519	431667.29
0.19637939	0.58661631	0.011995251	1e-05	3.5934133	454604.05
0.20071189	0.70619296	0.017599364	0.015720083	3.9981567	467970.1
0.19115883	0.97143719	0.019222959	1e-05	2.1788939	405052.78
0.17539921	1	0.019063666	0.011681854	1.2673726	490228.15
0.18908083	0.91379046	0.01680655	1e-05	2.5949534	410521.69
0.17987784	0.7787241	0.012885462	0.013991481	1.1916289	484844.19
0.2017827	0.45560666	0.016379504	0.025880953	5	532590.2
0.20015059	0.96443628	0.01721521	1e-05	0.38286898	421312.3
0.18042917	0.56475303	0.012757536	0.038573192	4.0516188	626185.21
0.1631681	0.60764783	0.015100605	0.0093656751	5	482037.7
0.18654655	1	0.017439361	1e-05	0.001	423074.86
0.17885252	0.59814718	0.014308669	1e-05	2.563738	461856.6
0.199223	0.82407811	0.015055576	0.0034753361	2.0477665	430978.59
0.15439935	1	0.019145813	0.0056639926	1.188502	463645.21
0.16831147	0.7324091	0.019351599	0.010867971	3.0732656	464627.36
0.19511914	0.8414046	0.015661534	0.015824274	4.4926955	473936.64
0.19342116	1	0.016288446	0.023554924	3.8940997	481035.06
0.19765395	0.55506501	0.012438095	0.011048108	2.5878693	515831.46
0.17931716	0.38138798	0.012837841	0.019508295	4.3629943	528554.32
0.20520976	0.38984956	0.016094937	0.022225718	5	496192.32
0.17808918	1	0.0136067	1e-05	0.001	449367.29
0.18712901	0.83124908	0.0098209027	0.035272626	0.77097927	548854.43
0.19323706	0.75579248	0.015333814	1e-05	2.7852246	410344.94
0.18102952	0.39010439	0.010946635	1e-05	4.8288226	478998.94
0.16882755	0.87143101	0.018999742	0.015765678	4.9044094	429388.09
0.14741734	1	0.020080643	0.017679202	0.001	523586.4
0.1970654	0.89403746	0.015699132	0.020759424	0.001	471297.95
0.18418228	0.65354618	0.014825163	0.023600557	3.351156	560688.41
0.16771962	0.66106375	0.019746189	0.0052637517	3.306034	430124.48
0.17699396	0.43320454	0.021726264	1e-05	5	362859.42
0.18720122	1	0.018563696	0.01001421	0.001	446362.44
0.16264614	0.77690769	0.015865217	0.013833767	2.721969	506247.86
0.15332465	1	0.016071595	0.054776629	0.001	624015.6
0.17999532	0.9889566	0.015324751	1e-05	1.5638801	423929.66
0.20277481	0.84041118	0.014652699	0.025809095	2.5599765	507581.66
0.21616447	1	0.016716491	0.0062731988	0.80931692	418316.94
0.21216183	0.91166766	0.016390846	0.013478455	3.6640642	481687.35
0.16053919	0.75266316	0.023768734	0.011137258	0.59353213	430274.8
0.19265333	0.87535058	0.016058638	0.025803126	2.930734	538465.67
0.2000932	0.57226246	0.013658667	0.0018814101	1.868711	418654.63
0.18551008	0.96934028	0.016289286	0.0034636063	2.379087	447718.46
0.18746275	0.94636473	0.014556161	1e-05	0.001	407327.76
0.16025815	1	0.016832943	0.036872082	0.001	518503.19
0.15352977	0.76373489	0.020038691	1e-05	3.1463333	421308.99
0.14801391	0.84810691	0.021756064	0.013548966	5	463927.7
0.189328	0.82688487	0.01428386	0.03056001	0.001	569284.64
0.18361515	0.86032241	0.015292801	0.021634891	0.001	490195.03
0.18955985	0.88875753	0.019308694	0.011650347	0.80504407	421385.57
0.19540911	0.76000772	0.010482055	1e-05	1.5331105	421651.11
0.17420912	0.99245709	0.018808529	0.11013911	1.1134456	847555.35
0.20324911	0.50875969	0.014315419	0.017857984	5	509376.01
0.20397639	1	0.013099344	1e-05	0.48162636	446583.1
0.15373729	1	0.022863066	0.0016530395	0.92045223	442877.86
0.17518143	1	0.022610616	1e-05	0.001	423868.02
0.17001025	0.53865121	0.02300227	0.043792965	3.0122129	614413.56
0.19640464	0.68214292	0.016196875	0.043217516	2.5018781	584409.91
0.16650591	0.83206086	0.019741651	0.084079217	3.4196607	730298.94
0.20898269	0.78777551	0.015670609	0.033401757	0.72768099	515596.55
0.1789707	0.92380042	0.019883119	0.0054205868	1.4098847	443027.89
0.16459287	0.84088857	0.014166074	0.019423149	0.41674503	521291.83
0.17261084	1	0.01604554	0.018447116	4.9137065	445530.98
0.16743415	0.69339305	0.024580028	0.018211608	3.7730134	390661.19
0.19181849	0.54983618	0.015774009	0.002458147	2.4210434	416690.89
0.14214873	1	0.016085836	1e-05	0.001	420534.7
0.18099358	0.68036182	0.016217969	0.010275249	5	434833.7
0.17854328	0.97625172	0.022117145	0.0047682956	2.6232588	401624.59
0.17926185	0.660441	0.022157622	0.013944995	2.6582675	458857.15
0.1621548	0.98346424	0.019640035	0.042812147	2.7747274	585029.02
0.19002335	0.53183602	0.012320534	1e-05	4.5944378	391556.22
0.17464332	0.63967451	0.020569312	0.0083437519	4.8110239	442286.59
0.17466601	0.93488084	0.016124491	1e-05	5	387862.66
0.16445756	0.95870192	0.010790975	0.010417637	0.45513074	477766.89
0.19999121	0.92389482	0.013249356	0.0074863428	2.7722971	467130.28
0.19172869	0.49484837	0.010419588	0.073391968	3.7738961	558949.02
0.14772396	0.93031026	0.016689187	0.025882683	0.001	541150.59
0.17667614	0.65530005	0.017747341	0.040800475	3.5227545	551142.05
0.16584805	0.40875989	0.024503109	0.041554292	5	566435.4
0.14758569	1	0.016369267	0.015529744	5	495763.03
0.16800895	0.69553984	0.021969783	0.01498487	3.876456	483549.21
0.19253106	0.95717502	0.01434503	1e-05	1.698078	460313.59
0.17233584	0.78489498	0.012680731	0.04096197	1.85554	595655.49
0.17611044	0.99475355	0.018283409	0.0079834279	2.5858818	463075.59
0.1610615	0.79393298	0.014593956	0.019631062	0.55979416	497733.79
0.19940218	0.68847157	0.014568463	0.0077998817	4.0427178	455299.66
0.1921523	0.72563609	0.020382988	0.0035176124	5	406398.02
0.20120255	0.70519749	0.015092495	0.0040953699	1.4600104	459137.74
0.16941006	0.71506381	0.018690098	0.020355578	3.6912661	418886.59
0.14973635	0.94832023	0.02043808	0.022917589	2.7569471	514746.73
0.20881448	0.97386673	0.012752448	0.075820645	3.0372731	729561.7
0.1777596	0.95041149	0.021495193	0.030549694	2.9273927	516095.36
0.16284226	0.42610926	0.02077297	1e-05	5	377855.06
0.15079314	1	0.023153853	1e-05	0.001	437944.74
0.17906817	0.86482365	0.018432407	0.015167978	1.797537	505628.38
0.18557424	0.74184596	0.013944217	0.013419525	1.5007108	485268.52
0.20514111	0.70002969	0.0086590552	0.038869283	1.0694101	541537.19
0.19653416	0.86584929	0.020618169	0.00010952122	0.45655387	389090.03
0.16186732	0.4455785	0.019801452	1e-05	5	423866.39
0.17009353	0.58678783	0.019707491	0.012339145	3.2202751	481839.5
0.20134107	1	0.013126738	0.0043701001	3.1512396	436207.83
0.17549403	0.69290119	0.016055762	1e-05	1.3769284	398049.36
0.21079274	1	0.014671783	0.022786708	3.6486817	536052.64
0.19807315	0.72680145	0.019462737	0.0060180751	1.2026591	418896.48
0.18614477	0.51826337	0.017155655	1e-05	5	420655.23
0.18646254	0.68818788	0.015268782	0.0021915538	5	397121.42
0.17869916	0.50802673	0.017227218	0.0014436421	5	404628.44
0.14870362	0.68563803	0.018209003	2.4262955e-05	2.9543824	406392.47
0.18290642	0.71343943	0.012891819	0.031927816	1.3217592	545630.32
0.18829013	0.78616674	0.015583758	1e-05	5	453356.39
0.18044175	0.85413552	0.013670118	0.062811572	4.1039564	586648.95
0.16209532	0.75214252	0.013074458	0.0071239692	3.4308309	501517.84
0.17202997	0.72574616	0.011585145	0.012620681	5	485368.09
0.20447472	0.9667387	0.013409357	0.00528626	2.7174363	464315.6
0.1775135	0.68125434	0.020385907	0.0039553595	2.3156932	418515.36
0.15841458	1	0.02118536	1e-05	1.4211396	411410.46
0.19762207	1	0.018305604	0.014326828	0.001	416844.58
0.19097491	0.69002009	0.010716571	0.016332149	5	519174.4
0.14009354	0.96292774	0.017804808	0.0347038	0.001	541261.51
0.17111071	0.47919764	0.015165267	0.016785359	2.4498878	515411.48
0.1741658	0.63961124	0.019704692	1e-05	2.5171021	371804.77
0.22237046	0.7760016	0.014547784	0.017242739	2.3972712	465454.91
0.18955167	0.83332375	0.018717248	0.0065623024	3.7915879	418157.88
0.16256771	0.82270076	0.019405915	0.039822793	5	589041.29
0.15672264	0.51631298	0.016280865	0.0032321399	3.1940254	421504.01
0.17430383	0.76581209	0.011074559	0.004634893	2.9756499	472874.7
0.18686261	0.73106424	0.021567244	0.040375053	2.5557123	573444.31
0.15040721	0.73232452	0.019521349	0.018139469	2.8546915	478896.67
0.17971068	0.40418935	0.016401625	0.01191809	5	481606.02
0.18892593	0.9223453	0.011702562	0.036312111	4.7185994	559038.33
0.17182986	0.99095518	0.019648995	0.021274249	3.4555678	494251.27
0.17655374	0.63767693	0.016656217	0.022019866	2.6558591	494572.44
0.20130865	1	0.017180292	0.015166599	3.6984274	475955.7
0.19478945	0.73382122	0.016500451	1e-05	3.3449137	405118.58
0.18725417	0.77877616	0.013710805	0.030664333	3.300466	601486.06
0.18330879	0.94463101	0.014802388	1e-05	3.1531641	394228.46
0.17661211	0.90039416	0.0178207	0.0021252756	0.001	435782.66
0.2209082	0.77458137	0.012162356	0.035244624	1.9471371	599787.84
0.18969539	1	0.015474295	0.0023630562	3.2296639	454146.31
0.18172994	1	0.019388636	0.0021351249	3.8028854	425933.66
0.16829512	0.93782795	0.017225382	0.018765743	0.001	464511.14
0.1942448	1	0.02238351	1e-05	0.095272635	407822.63
0.21338752	0.59985034	0.016381578	1e-05	2.2915255	395020.79
0.20236233	0.81824765	0.012915481	0.036474803	1.0683943	563982.63
0.20901978	0.8856406	0.016243247	0.018866279	3.312374	528365.63
0.19560585	0.81135895	0.012025735	0.003949212	4.304171	428790.25
0.18471172	0.56733731	0.017564842	1e-05	5	440383.65
0.18853261	1	0.011763519	0.0055660076	0.001	466048.49
0.18647882	0.43974353	0.015461422	0.050611664	5	594970.89
0.20319139	1	0.0094574607	0.011259374	3.2528012	482700.32
0.16160061	1	0.01358171	1e-05	0.001	424835.36
0.19398061	0.96167223	0.014518546	0.010467649	4.9951581	469153.81
0.19903006	0.89386791	0.016582254	0.010679749	3.1606593	468805.03
0.18518758	1	0.015422402	1e-05	0.001	411560.07
0.19022055	1	0.017560817	0.00056521933	1.2143683	453866.07
0.17788949	1	0.01392312	0.0091801863	0.001	471888.73
0.16760813	1	0.019458969	1e-05	0.001	424554.01
0.16064378	0.90971824	0.023964144	0.00070852642	3.0449665	428102.83
0.20339629	0.47036931	0.015882152	0.010174529	5	453038.34
0.19562936	1	0.012780928	1e-05	0.001	481097.94
0.16236516	0.51384568	0.018626923	0.014571616	3.0534177	453875.07
0.17904994	0.73600109	0.015415267	1e-05	1.0371611	407210.57
0.20116945	0.6570797	0.018479916	0.016122107	1.5847313	473441.01
0.20560521	0.79405104	0.0089176042	0.016301106	2.0277811	485585.31
0.15826133	0.90088088	0.015631594	0.01320089	0.71103589	471269.69
0.18841405	1	0.016348534	0.0022416688	0.001	405710.69
0.1635655	0.97106698	0.013576261	0.015492294	2.1992814	485210.58
0.17363675	0.7674428	0.015532325	0.024487075	2.6988945	473555.46
0.17099537	0.40439432	0.021970477	0.00081225906	4.0011675	373760.54
0.18475716	0.34059003	0.017034381	0.019574527	4.9921914	512084.12
0.17450751	0.70781388	0.014922114	0.008019661	1.3527764	469400.71
0.16145852	0.87477777	0.017263254	0.007924742	4.2478735	475765.76
0.16703	1	0.015815602	1e-05	3.2520438	414440.89
0.19431301	0.66314842	0.018585538	0.010697394	3.7641175	470834.04
0.18528965	1	0.023794351	0.020944059	0.001	401809.17
0.18014643	0.52780762	0.022957782	0.0085994139	5	424543.84
0.18735783	0.61296533	0.018219911	0.0060218997	2.6713375	424334.07
0.20363349	0.54281843	0.015313919	0.0032070247	5	461552.36
0.15550936	1	0.016494383	0.013955405	0.001	490091.61
0.16765526	1	0.017726905	0.061810848	0.001	679478.96
0.15194543	1	0.024930772	0.034475042	4.2376148	467569.67
0.19630935	0.47799325	0.017089782	1e-05	5	409297.13
0.16514281	0.88807325	0.017912288	0.035910334	1.9494636	490964.53
0.19955639	0.57983147	0.011049716	0.071288413	3.3619555	716266.78
0.16108614	1	0.015328216	0.014235334	0.001	426737.37
0.20104053	0.92964194	0.014121349	0.021971066	1.3960634	485653.81
0.16867413	0.7097745	0.017957875	0.0035182245	2.5552432	360745.26
0.1709751	0.4411742	0.021662746	0.021935361	3.3220178	419654.24
0.19764184	0.74346594	0.016735409	0.025389498	3.4271633	434973.87
0.17032305	0.71336067	0.01657427	0.025441223	2.9497025	532457.76
0.20200166	0.59309233	0.018099273	0.013976169	2.8136002	454591.39
0.18507489	0.83128179	0.012383642	0.052405247	2.0644258	632150.76
0.19349945	0.70792416	0.01341972	1e-05	2.9512953	419239.35
0.18627843	0.95487717	0.017984626	0.010611693	4.6323392	473008.85
0.19300402	1	0.011119073	0.019787625	0.001	499974.57
0.16152846	0.81522663	0.014080627	1e-05	5	440087.12
0.18766854	0.78534586	0.018420129	1e-05	4.2833613	381190.46
0.16010385	0.54270838	0.022580503	0.012239231	2.8285959	372552.22
0.16693563	1	0.014704879	0.022310184	0.001	423409.4
0.19050713	1	0.021548215	0.0049522001	4.0271991	429366.38
0.19919865	0.80445394	0.014606233	0.0044630538	1.0914821	468831.96
0.1923909	0.67367396	0.011234271	0.019867849	3.4327869	544437.87
0.19847356	1	0.017896584	0.058753263	0.72051362	584662.8
0.1826446	1	0.012631194	0.048173757	0.10266832	601213.41
0.18482744	0.91811549	0.023890504	1e-05	0.56213602	390578.92
0.17700718	0.69464161	0.01541606	0.03358266	5	544556.4
0.17003875	0.96545374	0.016946401	2.8015449e-05	2.4540074	437290.25
0.1796507	0.50473081	0.015610777	0.019050002	5	529155.47
0.20301208	1	0.011787625	0.013348915	0.53096001	445165.69
0.18521997	0.83196059	0.015815502	0.030293749	4.6339914	551095.71
0.19415486	0.97937775	0.017358322	0.021018797	4.1889947	523920.49
0.1417908	1	0.020352401	0.030926968	4.2952995	547747.22
0.17571495	0.61740832	0.019191827	0.02326748	3.3799055	530431.07
0.17030129	0.79678266	0.018712712	1e-05	5	360825.33
0.15850508	1	0.015799087	0.019339454	0.001	484654.48
0.17518303	1	0.0208607	0.028863226	0.28260392	508760.44
0.1463846	0.72586149	0.022940176	0.019324207	2.2999235	538475.49
0.17907709	0.75318107	0.015514548	0.025152094	3.3434271	504802.31
0.16516429	0.40806775	0.02223502	0.0030052539	4.0468169	407992.51
0.20571377	0.89212969	0.016552019	0.026222058	3.2551313	487527.83
0.1732358	0.63907947	0.018186583	0.0081930145	3.9000661	471733.5
0.182024	0.73415659	0.019728822	0.033219961	2.368517	501982.76
0.19123191	0.77358215	0.014460073	1e-05	3.329483	435154.67
0.18866052	0.90936677	0.01284566	0.014521967	0.001	470510.22
0.20339214	0.83587415	0.015350601	0.017168434	3.1219871	474176.11
0.16877766	0.45773414	0.016639421	0.017675222	2.875349	485850.31
0.16077475	0.7884327	0.019682177	1e-05	1.8788144	406076.57
0.1697815	1	0.021203161	0.022901192	0.67484555	440006.24
0.17379924	0.59612228	0.016387915	0.015304849	3.8280715	518711.66
0.20850015	1	0.01557721	0.016205437	3.2402646	452268.73
0.17486072	1	0.019424137	0.021710365	0.0077591075	470835.38
0.19399007	0.80267367	0.011858385	1e-05	1.2567533	373427.67
0.1441346	0.81949927	0.016943759	0.030476177	0.46210028	490012.99
0.20253492	0.70790844	0.01423224	1e-05	2.0952603	445816.53
0.15998819	0.86924562	0.015839669	0.010505518	0.66180125	439466.48
0.17446854	0.98363777	0.015306459	1e-05	2.4464448	422644.89
0.16222643	0.88151966	0.019252219	0.0086866596	5	412645.12
0.17497528	0.55878375	0.014266781	0.0019218528	5	444196.22
0.2080624	0.80556803	0.021533636	1e-05	2.2790119	429219.95
0.16983605	1	0.015124286	0.019746368	2.9841681	501882.3
0.17251044	1	0.017111984	1e-05	0.001	439423.85
0.16557692	0.70040477	0.011044015	0.026350039	0.57754602	480295.33
0.17367429	0.36580335	0.017489269	0.020338319	5	466804.73
0.1822752	0.79775637	0.017375047	0.019598074	2.8886058	377409.66
0.16001212	1	0.016484265	0.014198694	2.547048	498333.71
0.17530264	0.52131089	0.013565742	0.02813245	4.0759629	573444.25
0.18565976	0.81288796	0.019548524	0.014098716	1.1523168	430874.74
0.20228644	0.93186895	0.016232788	1e-05	5	446239.9
0.19736927	0.87594286	0.020869026	0.0010886454	2.1021261	369096.16
0.20020823	1	0.015772087	1e-05	0.63799918	445480.48
0.18084543	0.80582614	0.020896388	1e-05	2.5454655	419131.67
0.20055871	0.92419952	0.016936189	1e-05	3.4817658	436006.28
0.14677272	0.65884463	0.02271224	0.028093397	3.8922165	524723.45
0.18179177	1	0.019872405	0.028988376	0.001	524249.65
0.19955798	0.54555531	0.013982037	0.016801754	4.0806507	503684.88
0.18723281	0.73016692	0.01910142	0.021453695	5	455156.65
0.15703983	0.46182472	0.015668169	0.0063340226	4.3077502	469614.14
0.16047065	0.82864753	0.015397107	1e-05	3.4767655	405002.41
0.19849396	1	0.013076679	0.010732003	0.001	460971.21
0.17553206	0.52267852	0.01369496	0.035302361	2.5218579	529659.83
0.190561	0.78942421	0.01659875	0.005564358	3.7716169	380345.96
0.19130907	0.55515827	0.017067411	0.0012943362	4.8878421	407743.05
0.19594075	1	0.017591673	1e-05	0.001	440126.88
0.18234335	0.4779902	0.017985774	1e-05	5	386126.53
0.20893116	0.76858809	0.015894403	0.003611616	3.0538784	406219.14
0.17847914	0.80522435	0.025385516	0.0028710153	5	407899.15
0.18866904	0.95774392	0.013011305	0.0087974825	5	487236.66
0.17677379	0.9522788	0.017879417	0.0083215201	4.5474822	411796.44
0.1917422	0.98565918	0.012242448	0.011346566	1.0042583	483074.77
0.17938538	1	0.017251422	0.012297416	1.0545571	458403.13
0.16752777	0.63763399	0.018031182	0.011004807	2.2165029	464762.22
0.20396308	0.97599704	0.013982448	0.020379995	5	511225.01
0.16778847	0.94423004	0.026035237	0.035620372	0.37400876	479352.8
0.18422724	0.60402351	0.01246547	0.010538451	3.2270353	478678.52
0.2032643	0.49352437	0.015356724	0.028432613	3.20925	516196
0.14692351	0.9243461	0.021638877	0.017636036	0.001	442544.85
0.20107311	0.85478922	0.015088862	4.4341705e-05	2.6287345	437897.21
0.1668147	0.33570012	0.016888673	0.034709999	5	519108.99
0.14892259	1	0.016937796	1e-05	4.4737675	414853.87
0.20643104	0.99042885	0.013175272	0.01533098	3.8407865	464744.05
0.18443597	0.36222362	0.019571196	1e-05	5	387782.95
0.18649974	0.973762	0.021745234	0.013732447	0.58893265	422329.62
0.18984284	0.60560375	0.018055051	0.0060477078	2.0246068	427452.83
0.19167681	1	0.015010028	0.024610402	0.001	530065.81
0.16936702	0.79717819	0.013825469	0.014708413	4.8712796	470514.82
0.19652047	0.47152164	0.019649757	0.050214616	5	584923.95
0.15017297	0.7503746	0.022281485	0.00023113869	3.679113	398613.18
0.16422803	0.75995695	0.018894629	0.018119802	1.797924	457774.8
0.2063944	1	0.013688777	1e-05	5	467342.48
0.1534256	0.79851545	0.014328166	0.016079308	0.40791992	501321.09
0.19191879	0.53197299	0.0138848	0.0026269265	5	474725.66
0.16212683	0.6810505	0.017840943	0.014477515	2.2869009	480545.84
0.20363665	0.77774295	0.015758053	0.014547931	3.1835669	462570.04
0.1785072	0.59425218	0.017576796	0.0084791131	2.960473	441209.81
0.20375459	0.71927235	0.014288997	1e-05	2.8482649	437749.4
0.16259323	0.80392466	0.02052914	1e-05	5	471048.61
0.20231176	0.46930039	0.015566252	0.0089132905	5	486006.49
0.197132	0.68496606	0.018755858	1e-05	4.6948084	423985.59
0.20643953	0.75179317	0.018666217	0.0080041246	1.6388894	402906.7
0.18384585	0.78187524	0.017933154	0.031595465	3.151502	520571.97
0.19605655	1	0.011633709	0.0082929644	4.5603395	453435.11
0.16389513	0.8257763	0.010467758	0.022092121	0.41918288	475183.91
0.14227905	0.80311844	0.017293394	0.0016804721	3.2523146	430396
0.19713158	0.92609943	0.011953195	0.037437014	3.4498083	547308.13
0.15436564	0.56659004	0.020619995	0.0052567201	5	441692.02
0.19056739	0.43781285	0.017007199	0.025995151	3.6443812	498626.7
0.16717761	0.73879371	0.015646514	8.2977939e-05	5	439173.54
0.16169761	0.75733722	0.01800914	0.01546142	1.3350596	478928.34
0.18483592	1	0.012699866	0.0050252359	4.9777684	447808.9
0.18532616	1	0.011875462	5.0689316e-05	0.001	463104.08
0.19824593	0.90349174	0.012968357	0.017079661	0.95411995	468859.47
0.16409146	0.86194322	0.01923009	0.017094967	4.0487739	471954.08
0.19154718	0.97108361	0.01688527	0.016399614	4.6860022	495697.63
0.20126943	1	0.016834679	1e-05	5	398335.72
0.19433508	1	0.01723335	0.038411748	0.18716206	543323.18
0.16242203	0.50054869	0.024853214	0.036587389	3.7181425	453988.9
0.1660491	1	0.018972617	0.013442995	0.001	444020.39
0.17778184	0.71306868	0.013824824	0.013625325	0.95584318	495384.4
0.204023	0.76165685	0.018623818	0.025469134	1.1304267	471406.01
0.15926878	0.9252611	0.019685596	0.027353316	2.3292114	514000.58
0.228141	0.9795178	0.01104688	0.020448917	0.001	496308.25
0.18692519	0.75783185	0.014620438	3.7808707e-05	3.8661335	462678.25
0.16173256	0.91565675	0.015691382	0.029076992	2.1199262	545188.87
0.21354303	0.74232425	0.011150962	0.0085843391	2.7708735	474725.59
0.18742564	0.86049391	0.0086228633	1e-05	0.24403712	455863.82
0.18614811	0.53682702	0.010697061	0.021546808	3.7911881	550344.45
0.15956333	0.68762627	0.020775484	0.011431187	4.4759103	448872.45
0.15776556	0.54960753	0.026575515	0.006650283	3.4582866	405113.87
0.19574998	1	0.013273955	1e-05	0.53197582	447234.93
0.18849473	0.56730186	0.012692805	0.00029886386	3.173566	493665.61
0.19038889	0.83770104	0.019090035	0.0048738873	3.9439087	452730.28
0.18287153	1	0.014554404	0.04349264	0.001	523287.39
0.16054492	0.95433346	0.022071352	0.044036979	1.2727455	574567.63
0.19175014	0.61496852	0.01718775	0.016046181	3.0911026	459236.91
0.14778284	0.83095733	0.017320048	0.014716935	2.6179271	486542.7
0.15249826	0.38542767	0.025538031	0.0033544159	5	392133.25
0.17441164	0.8694656	0.012807115	0.0014547455	4.0113558	443633
0.19274227	0.88210715	0.017813611	0.040838263	2.3452189	551056.39
0.1817898	0.6953678	0.015258934	0.0075201922	1.521675	452063.9
0.18262369	0.98451232	0.020627438	0.011019718	1.613041	470761.93
0.20543059	0.90862983	0.010947546	1e-05	2.4325837	464679.74
0.1742864	1	0.016960488	0.0066205482	0.48253852	446589.58
0.17783948	1	0.017172299	0.012608702	0.001	454294.74
0.16900756	0.81240168	0.015916068	0.0062470608	0.70518237	442783.02
0.20217273	0.44717956	0.013003451	1e-05	5	437995.36
0.19852507	1	0.013742785	0.014903178	2.2979283	504517.03
0.18939352	0.60405712	0.015215403	0.019638232	3.7308735	481890.15
0.18151907	0.88973096	0.017737436	0.025356357	4.0296139	543588.63
0.1994833	0.63566581	0.016100825	0.010210821	2.6940628	450316.98
0.17790377	1	0.019707541	0.027893958	0.001	508008.28
0.16527316	0.44526386	0.016994618	1e-05	4.0958429	470366.49
0.16914051	0.59661959	0.015702132	0.013004997	3.5712575	483757.7
0.17738241	0.88859827	0.0134307	0.014863849	2.1793843	477008.91
0.16425517	0.69195813	0.023375219	1e-05	5	410632.52
0.2006163	0.68106147	0.010903135	0.012022608	2.9961663	437243.68
0.18614052	1	0.01499298	0.0024532467	3.0556754	428059.72
0.19847529	0.77527679	0.017655474	1e-05	1.9730624	445199.4
0.16146872	0.86479046	0.015969393	0.0074168197	0.001	437000.69
0.14147344	0.56993046	0.019887461	1e-05	2.8449131	405838.77
0.18277575	0.89738744	0.019529124	0.010119593	1.1091129	494571.73
0.1665677	0.83460312	0.020680324	0.029209926	1.7084978	551408.03
0.14149714	0.44492189	0.032294726	0.016648282	3.4851803	414039.38
0.20824426	0.81405343	0.018504766	0.0061930991	2.3934637	456426.93
0.19536804	0.56090988	0.01090559	0.0033558847	2.6452713	474750.95
0.18932115	0.59921622	0.015199139	0.042690419	2.9580495	594179.38
0.16805505	0.50524587	0.015150794	0.01866114	5	535705.84
0.19971845	0.76519419	0.017393408	0.0087967411	5	455145.55
0.21543661	0.89802776	0.011756873	0.020376226	0.001	539155.45
0.20835082	0.47952375	0.015804976	1e-05	4.7438522	439255.38
0.18003813	0.57986767	0.014868813	0.012582805	3.9750667	427797.31
0.18691773	0.44690594	0.0168154	0.020894683	5	555299.63
0.18155551	0.65687709	0.01750687	0.058155221	3.9012727	698663.1
0.20318759	1	0.016631192	1e-05	0.001	434875.64
0.17045455	0.73109081	0.014131106	0.028057685	3.0995624	514198.7
0.19107507	0.72759144	0.013479372	1e-05	5	438786.04
0.15755578	0.45567654	0.01485702	0.012091678	4.0134755	452390.02
0.18346267	0.79199795	0.021030467	0.01432589	2.1024862	471609.92
0.18342726	1	0.015340813	0.006447573	0.12029706	470796.9
0.20256393	0.74410626	0.009994734	0.0018771497	5	448288.31
0.18849042	0.85872273	0.016129184	1e-05	1.5094637	452306.7
0.18665409	0.6337807	0.013665655	0.026980273	3.3803284	555474.26
0.18243593	1	0.013390735	1e-05	0.001	448092.03
0.2129414	1	0.014038761	0.014642686	0.001	505267.68
0.16771677	0.9582639	0.017770446	1e-05	1.1336336	447595.97
0.16971065	0.7489449	0.020114474	0.0038773973	1.1534109	426543.76
0.16067549	0.78842242	0.020929401	1e-05	1.9674887	425175.05
0.17927402	0.65103669	0.015326886	0.021951161	5	565696.21
0.19689071	0.88427179	0.011465292	0.0036620715	2.7796874	440449.91
0.1734073	0.79364846	0.015510422	0.010108136	1.0005978	441096.37
0.19104628	1	0.012176671	0.035274878	0.53548333	564001.28
0.19919143	0.90429518	0.014915699	0.0021225927	1.0119886	456616.07
0.17247244	0.82221195	0.021520506	1e-05	1.013352	394098.16
0.19546917	1	0.015656938	0.025835998	0.001	500571.01
0.20682156	0.61078092	0.010639706	0.013458438	2.4532546	555313.47
0.16951376	0.67273865	0.013000377	0.0086971191	4.6513446	508657.32
0.17525034	0.41684937	0.016201806	1e-05	3.6011283	424392.11
0.16865693	0.68653946	0.022163148	0.0080800603	1.2957604	434560.82
0.17781693	0.77218801	0.016076366	0.041169287	2.1472817	515512.74
0.20197997	0.52398688	0.014881253	1e-05	1.8293162	404285.08
0.14688931	0.90270844	0.0206782	0.015404077	1.8142506	470260.83
0.17623783	0.64584697	0.029016478	0.0096191652	3.8525326	383752.04
0.16580614	0.85344766	0.02375916	0.017816426	5	473047.6
0.19120733	0.98560936	0.012018897	0.011536691	1.0183543	474150.95
0.17200966	0.87663948	0.019663907	0.042116587	5	622084.63
0.1660491	1	0.018972617	0.013442995	0.001	444020.39
0.18677677	0.73194219	0.015005214	0.052941707	1.7769125	597435.92
0.17160186	0.44821868	0.018518308	0.0058687632	5	417486.35
0.18090566	0.49389968	0.013972699	1e-05	5	402042.15
0.18620242	0.88813763	0.019851418	1e-05	1.2375669	400480.8
0.20113992	0.78369797	0.010847069	1e-05	2.6376022	450530.36
0.1628283	0.82143641	0.022161793	0.0003451858	2.8613325	418952.35
0.16552483	0.56433272	0.017665928	0.055082599	4.699512	687518.96
0.17952019	0.86918168	0.019482445	0.010567821	3.777159	451595.48
0.16869369	1	0.012337995	0.0084897207	1.8169649	483138.23
0.18501619	0.81191098	0.018579161	0.002608428	0.88396353	411631.17
0.17992619	0.83599753	0.016228121	0.014017462	1.768887	456889.37
0.19033387	0.51813904	0.018014823	1e-05	3.6880299	442548.18
0.19810942	1	0.013924888	1e-05	3.821794	473775.85
0.17646295	0.76091573	0.020427958	0.011828748	2.3559238	425275.92
0.16381178	0.86513125	0.017900145	1e-05	0.11524041	438027.33
0.19179151	0.94070802	0.015146354	0.0029283893	5	471269.82
0.17929236	1	0.016054053	0.045302306	0.001	583139
0.16789118	0.88751011	0.018822603	0.022734173	3.259018	519074.8
0.18910706	1	0.021043975	0.0042664109	4.4570156	408779.51
0.18490241	0.57914335	0.011013815	0.015146329	2.7539596	522174.7
0.17847914	0.80522435	0.025385516	0.0028710153	5	407899.15
0.1848234	0.9273782	0.020361817	0.01216779	3.7999957	450704.95
0.19260209	0.45881393	0.013740643	1e-05	5	438965.24
0.17782944	1	0.015567427	0.037909277	2.3055216	632073.01
0.20739966	0.95980903	0.018057951	0.024063822	0.51031042	466321.51
0.19104747	0.93810157	0.016572458	0.0070892573	4.4962303	430435.65
0.18266946	0.57772117	0.020345588	0.039381625	5	530902.08
0.17379926	0.56045469	0.022085324	0.028683352	3.0944421	468088.11
0.187784	0.73042742	0.013529097	0.020648841	5	491185.92
0.17214224	0.97694798	0.02366319	0.0065639061	1.3152411	420522.23
0.20943398	0.90972839	0.013629879	1e-05	0.62720524	437760.04
0.15555336	0.77921258	0.020158499	0.014366981	5	440929.16
0.16059583	0.63114947	0.014159114	0.0037145279	2.6572135	466726.57
0.18816862	1	0.019257951	0.0056233644	0.001	427565.27
0.18884085	0.95284922	0.0067827596	0.053398529	1.4292692	675189.84
0.1437671	0.42002992	0.021403424	0.021988071	3.736574	523420.44
0.13770435	0.68843895	0.015337915	0.00034982121	0.001	363987.21
0.1964549	1	0.022005264	1e-05	0.014346085	373283.28
0.21077095	0.96243572	0.01281163	0.040275821	1.0866605	569134.67
0.182689	1	0.020547637	1e-05	5	406080.29
0.19661575	0.88936984	0.012605834	1e-05	0.001	376802.01
0.18271331	1	0.015929425	1e-05	0.001	427456.38
0.17258372	0.97727489	0.01657226	1e-05	0.001	410306.31
0.18997755	1	0.014708965	0.010648713	0.72673943	432998.93
0.20279088	0.72766786	0.013160963	1e-05	0.82531315	363072.64
0.16760156	0.51369401	0.019507548	0.0052624951	5	444713.85
0.19603606	1	0.012541607	1e-05	2.987972	451796.03
0.19798558	1	0.014588429	0.013168641	1.6307014	465683.66
0.16440668	0.70377561	0.016930051	0.0085691092	3.2316964	427548.86
0.16572533	0.51053095	0.019832218	0.0076813085	5	434352.68
0.17529044	0.48570103	0.020480382	0.0010434764	4.3928258	396710.5
0.18265808	0.61617908	0.017050014	1e-05	3.1425797	410706.18
0.15629516	0.79103946	0.021793267	0.015046346	4.6717914	461103.18
0.1858435	1	0.015556599	0.01968346	0.38121966	450711.37
0.1753527	0.452406	0.016072855	0.014527071	5	446985.51
0.1614448	0.76706104	0.017749992	0.032746312	1.4170584	550993.42
0.19578503	0.93357489	0.01525672	0.034470965	2.7559593	537913.17
0.20006081	0.77051316	0.011497891	0.011192431	2.6380729	491548.51
0.19719121	0.82661948	0.013632493	0.0019468077	3.1004938	434740.42
0.18089252	0.63534525	0.016556617	0.009952245	5	475143.98
0.18301822	0.80425887	0.015385498	0.030086335	0.64536719	544437.08
0.16301702	1	0.017761587	0.020000284	2.3279047	448178.5
0.16294007	0.74341406	0.020941988	0.016722084	2.0427179	469671.53
0.18807014	0.38807823	0.016671355	0.05520864	5	616399.7
0.18177891	0.91700557	0.024022932	0.032861733	1.5084679	524652.71
0.187837	0.80368082	0.012285171	0.010416596	3.1952456	505584.86
0.17916349	0.92770351	0.021462228	0.015124469	1.9448168	458095.19
0.20981992	0.61028555	0.0088632175	0.015747828	3.9234112	500784.61
0.19400712	0.80837158	0.017921861	0.016762902	5	467607.29
0.16228666	0.90151632	0.02345236	0.025981937	0.60640111	447349.18
0.20453941	0.96463076	0.018174756	0.023378076	0.88526312	464883.11
0.17127965	0.38977675	0.017265951	0.0052417255	5	456891.62
0.19774793	0.82358366	0.017823441	1e-05	3.3558541	426994.85
0.16242511	1	0.020631245	0.018743054	0.001	498294.3
0.2087521	0.50063158	0.015689984	0.035849078	5	574696.92
0.18075639	1	0.020971743	0.001980902	0.2724324	441689.79
0.16020738	0.65211614	0.022518214	0.026058735	4.4099151	588220.59
0.20686585	0.89419631	0.0085425408	1e-05	3.5367338	439483.67
0.18294802	0.54264876	0.020948644	0.04974937	5	577202.4
0.15533216	0.73210441	0.020799085	1e-05	4.8171804	420987.27
0.19333356	1	0.017826452	0.0067497592	0.96964162	408438.36
0.19760942	0.5917076	0.016146876	1e-05	5	395240.08
0.18057244	0.51800382	0.01306208	0.024488417	4.228404	458626.29
0.15638925	1	0.014616839	0.010425551	0.001	474442.77
0.16343177	0.560914	0.017948984	1e-05	5	424895.29
0.16474146	0.90800439	0.014817508	0.028564256	4.9638433	535591.68
0.18904648	0.95540404	0.019064156	0.015856253	3.9037887	489049.08
0.17421016	0.63454185	0.020253854	0.0035872224	4.8776753	467088.45
0.1735339	0.79440485	0.016498874	0.014807425	5	482433.58
0.18830353	1	0.011540341	0.013872598	1.8230232	493113.9
0.19751628	0.50162715	0.01389762	0.0031415886	4.3966599	462764.71
0.20105055	0.587758	0.019274332	1e-05	5	413814.69
0.19141158	0.83384278	0.014742287	0.041099019	0.43823326	526911.76
0.19262755	0.71147937	0.01350183	0.0057193923	3.1625499	485836.59
0.19474766	1	0.017020531	0.024850609	0.001	491961.77
0.18670544	0.59354065	0.017176446	0.009240976	2.5712507	444630.55
0.18164	0.90674084	0.018423744	0.050072367	0.001	584519.3
0.17819598	0.86411584	0.01649326	0.033021699	1.6246072	529698.64
0.17020449	0.92932334	0.013450102	1e-05	1.0875923	450586.19
0.16747612	0.90287045	0.014266047	0.04536841	0.25100437	667635.9
0.21156343	0.73200182	0.014089416	0.0220921	5	510438.72
0.18841878	0.46408375	0.014827317	0.00015340548	4.8978917	451594.95
0.17721353	1	0.013698278	1e-05	2.4842137	441667.73
0.16360851	0.65685071	0.015130558	0.0017185107	2.6904769	461722.69
0.1692272	0.44025755	0.012163933	0.037399691	5	572522.07
0.17670393	0.70933777	0.020985732	0.0207043	2.1898884	491988.86
0.17229048	0.70442857	0.01419364	0.0092028051	1.0713436	452654.67
0.16208748	0.82391131	0.017600891	0.0096380529	2.4148848	476392.16
0.16425388	0.89231316	0.017860231	1e-05	3.8221493	419513.04
0.18711311	0.78464507	0.017050432	0.025752879	2.5018609	455912.01
0.19361596	0.61117946	0.018061625	0.0052941614	2.3569538	429479.68
0.19387109	0.71346139	0.013688777	1e-05	5	467342.48
0.1929339	0.60652369	0.010701846	0.018628499	2.3161394	485013.83
0.19057622	1	0.021807316	1e-05	1.7117812	418722.21
0.18415229	0.9341634	0.018005131	1e-05	0.15604234	424300.31
0.16924189	0.60532212	0.020061447	0.00031666581	3.5023544	461566.87
0.18201499	0.92290529	0.015150017	0.025256201	1.2370457	561651.51
0.18380235	0.6866739	0.017890181	0.0029970121	2.5807088	445216.76
0.17622597	1	0.01496402	0.062713952	0.001	677822.62
0.15553504	1	0.01753161	0.03856896	4.8744472	520370.43
0.16950301	1	0.016699298	0.026311641	1.4766571	499891.81
0.17305063	0.43274241	0.019015516	1e-05	4.4014596	400437.79
0.17252787	0.85015813	0.011848634	0.019556401	0.001	517255.48
0.17912822	1	0.011412752	0.0013174836	1.5286361	421204.31
0.15822569	0.79767751	0.023458346	0.017914421	2.843475	453002.83
0.18224372	0.77190568	0.013260341	2.3050277e-05	3.3110449	451198.2
0.16161103	0.56503183	0.018429419	0.010926875	5	462437.79
0.16220858	0.31701131	0.018001491	0.0094140095	5	461053.65
0.15373208	0.99408385	0.019410864	0.0026815512	4.3059451	398122.71
0.16346034	0.66222807	0.017145161	1e-05	1.5289617	415735.22
0.16512278	0.58107542	0.017377866	0.021151625	2.2012336	467455.04
0.17163365	0.70132491	0.019038672	0.017896945	4.3385602	485621.71
0.17563025	0.60834216	0.019580844	0.041641231	2.0143323	568757.43
0.15698914	0.59091911	0.015862715	5.4185498e-05	5	428710.38
0.16528864	0.99913624	0.012282461	0.0032472717	4.6890827	453722.05
0.20006869	1	0.01714714	1e-05	5	432074.16
0.16836104	0.4849993	0.014824548	0.00015235637	3.7159766	441279.06
0.18036101	0.66641138	0.016952261	0.03822013	3.9907112	536772.44
0.17452147	0.60915118	0.020262657	0.0036656589	5	414522.52
0.19133739	0.72370888	0.018652704	0.0093550726	2.8601006	463225.49
0.18372542	0.93423247	0.01608576	0.0012071466	0.056450152	439186.72
0.18283659	0.94020839	0.017385791	0.015033949	0.001	467479.61
0.20593665	0.94041331	0.01924699	1e-05	5	401526.31
0.21409513	1	0.014660058	1e-05	4.1447253	412470.55
0.17330152	0.83127037	0.012778832	1e-05	2.0596856	453741.3
0.15653442	0.80056354	0.016968449	0.014748964	4.3557879	492975.91
0.20474585	0.48579909	0.016536773	0.0055668619	4.3927527	443044.96
0.17703136	0.58949154	0.014373119	0.01479453	5	473717.55
0.17165255	1	0.01703943	0.0038401672	0.001	459035.03
0.20255739	0.50101845	0.013629181	0.019713766	5	495421.69
0.19498935	0.82781092	0.013509398	1e-05	1.233935	393831.7
0.16878673	1	0.016519075	0.032967948	1.992518	534315.87
0.19072929	1	0.017246005	0.03939465	2.9247787	533661.39
0.14313103	0.80736902	0.020484507	0.023407496	2.5948141	508054.53
0.1814279	1	0.018577978	0.003122816	2.9243316	439795.62
0.20700419	1	0.022595738	0.0093968059	0.001	407580.26
0.1896785	0.88283634	0.022991036	0.0065610275	0.91868936	416775.22
0.201509	0.84186506	0.016793135	1e-05	0.90834551	410750.29
0.14478758	0.408209	0.026571672	0.026596228	5	464015.04
0.16379826	0.94170326	0.017833989	0.056232653	5	645658.42
0.21685064	0.69983249	0.012374117	0.015880715	2.4006324	475811.06
0.20037207	0.81562869	0.015721188	0.0099896224	3.1907154	468809.22
0.1623607	1	0.029113365	0.0050534916	5	439036.13
0.21809444	0.55739216	0.020553516	0.023825335	5	494511.92
0.16400047	1	0.02233203	0.0030587238	2.0826936	447199.45
0.16796939	0.44302416	0.01918833	0.012716889	3.5771285	441730.91
0.19910347	0.45195698	0.015720504	0.023067324	5	516826.1
0.15360929	1	0.015594104	0.052044016	0.001	659667.4
0.19924046	0.90207612	0.011276458	0.027245543	1.8798172	540606.51
0.15775443	0.38196347	0.017061544	0.0080960645	5	468766.74
0.18346898	0.82221292	0.018869381	1e-05	5	422005.98
0.17215201	1	0.018593372	1e-05	2.699269	384583.94
0.19548848	0.88617635	0.016100338	0.033603454	4.1835778	564778.92
0.17234233	0.48710979	0.018990792	0.011755637	4.1519184	451206.3
0.19029424	1	0.011893904	0.0022212125	0.001	476602.48
0.19850229	1	0.022420919	0.017280649	1.3822753	478138.03
0.1633794	0.55247884	0.021167784	1e-05	3.7504845	395021.28
0.17838056	0.48002609	0.020908006	0.022094441	3.4228732	452020.81
0.17318423	0.91730626	0.015433692	1e-05	0.58153262	440394.99
0.19236953	0.69787806	0.014008833	0.0046834016	1.6518821	469931.57
0.1747399	0.74352473	0.016001462	1e-05	5	381800.42
0.22244058	1	0.011012925	0.042539641	0.25638218	559836.61
0.16803269	0.8976876	0.023112567	0.012305536	0.30412275	482902.92
0.19221073	0.6801432	0.015144969	0.058700804	3.7384294	661237.35
0.18438443	0.78573244	0.016290441	1e-05	5	392315.87
0.16639193	0.64395486	0.018776064	1e-05	5	418559.75
0.17784464	0.67935494	0.014604045	0.040669568	1.4621463	571522.74
0.18467819	0.77060695	0.0189839	0.0031595708	5	422943.22
0.19402239	0.81401338	0.013709752	0.014885824	1.8787968	454328
0.18289617	0.50758073	0.013649644	0.011297059	3.4707839	485776.91
0.1938122	0.89112683	0.014394015	0.0042605659	2.4340735	475528.02
0.15230636	1	0.019247897	0.0089262278	3.144941	422792.74
0.19046517	0.96627517	0.019912369	0.00093909802	3.74742	389824.7
0.17339175	0.85414448	0.013184572	0.075397396	3.2288796	717990.63
0.21457434	0.4727834	0.0099417178	0.010624261	4.2394952	517264.66
0.17162937	1	0.021156782	1e-05	2.3525243	424699.54
0.18176993	0.57570143	0.018234813	0.0044871151	2.6659948	414275.82
0.17238734	0.70526481	0.015006424	0.0076769712	5	458212.42
0.15694193	0.72400551	0.022653522	0.041589566	0.87888023	568254.69
0.18845079	0.82004108	0.019725202	0.033307734	3.0286856	530909.98
0.18982001	0.82489561	0.013455655	1e-05	4.9755334	374501.29
0.19408447	0.56282025	0.015108896	0.022021145	2.9947984	458212.66
0.18817554	0.882183	0.017956468	0.021243724	0.80775126	468528.67
0.17607163	0.97114544	0.011884804	0.012485095	2.0993395	485142.92
0.21092636	0.77596873	0.017653556	0.004107674	1.5865434	446318.71
0.1993048	1	0.018009674	0.0187446	0.001	415125.39
0.18038875	1	0.020243255	0.010504254	0.001	454532.73
0.17391844	0.34142504	0.020096279	0.0031402628	5	391426.35
0.19970772	0.94470603	0.017380083	0.0036487396	2.2277528	454669.53
0.18625482	0.89573865	0.012203329	0.0060625096	2.4687304	468745.63
0.2002668	1	0.010345891	1e-05	5	413603.08
0.17432498	0.84143968	0.015488178	0.012574125	5	480489.21
0.16864441	0.79094697	0.019743514	0.00039089188	4.1623923	421673.49
0.20259355	0.84931042	0.014477555	0.011451532	3.2589255	485200.26
0.17673157	1	0.015940931	0.0037038261	4.3290567	434841.33
0.16296282	0.47725795	0.024301503	1e-05	3.67558	414283.05
0.21136282	0.66996559	0.018459416	0.021037879	5	473875.4
0.21509466	1	0.011422943	0.018154313	2.1032128	511034.29
0.18815527	0.91146145	0.012826553	0.019139324	2.2691708	475048.86
0.17931991	0.5664156	0.021116425	0.068878868	2.9577959	589941.83
0.16191699	1	0.018513029	0.0080156126	3.3499665	442725.22
0.198538	0.87462858	0.015135718	0.015687351	1.861719	494811.14
0.17170794	0.474736	0.022173595	1e-05	3.3934778	417826.09
0.19498687	1	0.017287758	1e-05	0.001	422547.59
0.17907843	1	0.019342303	1e-05	2.340348	425125.5
0.18474063	1	0.01558699	0.012706928	2.0138789	472494.02
0.16831147	0.7324091	0.019351599	0.010867971	3.0732656	464627.36
0.1734579	1	0.016628332	1e-05	2.2946718	430234.02
0.18165537	0.75705838	0.017833905	0.0047637345	1.2875372	427179.23
0.20794009	1	0.013878836	0.0025099778	0.001	422946.74
0.20342998	0.60863408	0.010992377	1e-05	5	413518.09
0.17091673	0.98718462	0.021141463	0.0061871935	2.6988671	438961.47
0.16598917	0.99204331	0.018947678	0.027640157	0.53146369	460025.73
0.19936052	1	0.015420592	0.0057293234	5	458062.85
0.16417664	0.78064188	0.014757231	0.11495559	4.0731345	861626.77
0.18711765	0.62208189	0.020855723	1e-05	4.7204424	381569.01
0.16174338	0.91944927	0.021825671	0.011092755	2.5414143	460391.33
0.17429727	1	0.015243829	0.0037793526	0.17431816	457528.72
0.17718285	0.43031268	0.019626943	0.0089287727	4.3607192	398220.26
0.19791555	0.67015965	0.014531752	0.003480084	5	463371.63
0.17467736	0.60933839	0.013362648	0.029857199	3.7844252	565164.28
0.18191283	0.5930437	0.01855273	0.061400903	4.8563763	626603.55
0.16467553	1	0.019441171	0.065301502	2.4096116	578545.84
0.14983214	0.59275389	0.018144839	1e-05	3.376613	421651.21
0.1540611	0.830817	0.020564899	0.029383879	1.7089366	536608.52
0.15614033	1	0.014003848	1e-05	0.29614298	449473.65
0.22690374	0.91290326	0.016397922	1e-05	3.2007501	415376.99
0.18140481	0.72543506	0.018912142	0.035120803	2.0621744	564313.8
0.16364619	0.7325788	0.021691672	0.0036579301	1.9467389	446920.33
0.20769965	0.61700466	0.016207516	1e-05	5	433556.98
0.18954288	0.81316579	0.013187305	1e-05	4.1345839	407466.23
0.17837706	1	0.025563566	0.002739032	2.0872297	412665.57
0.19734754	0.80907911	0.019388366	0.005368061	0.944317	435842.61
0.19111477	0.79550986	0.012805996	0.012336243	0.69950881	498615.11
0.188161	0.55633982	0.015050465	0.00019758154	3.0286208	459950.71
0.15589332	0.45882181	0.019916342	0.0054097535	4.7721572	460756.78
0.16917774	0.39015474	0.016662572	0.015703706	4.096636	480698.1
0.19152106	0.74086647	0.012166739	0.015357183	3.8754017	531934.06
0.19182578	0.66956283	0.010703226	0.0075318562	1.8538796	411626.06
0.19323047	0.7722371	0.01328108	0.0047019328	2.0761051	425433.26
0.17325973	0.85443201	0.022499487	0.029127777	0.9194272	449264.82
0.17339201	1	0.019724328	0.076843213	0.001	685953.56
0.18352159	0.61228215	0.019136056	1e-05	2.8906658	366644.49
0.20207632	0.66054171	0.017602128	0.0056036635	4.4886707	442320.83
0.18761363	0.64921739	0.016965658	0.0044254277	5	447300.07
0.18362603	1	0.014758292	0.025710852	0.44751531	518163.56
0.18713509	1	0.013339607	1e-05	0.50221531	416355.51
0.18223796	0.79963353	0.015850766	1e-05	4.9106353	440952.75
0.18287836	0.81939969	0.012424182	0.056446927	1.7924188	615969.74
0.17106984	0.61954951	0.015863175	0.0053564347	4.8713798	462590.25
0.16724168	0.45205325	0.019522781	0.038439597	3.4745056	595409.79
0.1912381	0.61503862	0.01342327	1e-05	3.5400814	378637.77
0.19222139	0.78774726	0.014082147	0.0084621102	4.3020479	457538.08
0.18883485	0.94714088	0.016654289	1e-05	0.90843652	386988.93
0.1903622	0.73405509	0.015994782	2.2045723e-05	1.811271	440673.26
0.16054143	0.9536872	0.027809345	0.008284215	0.52520564	396751.72
0.15680767	1	0.022940791	0.0058627985	5	434871.21
0.1782645	0.92290814	0.020536705	0.0097347115	4.8082935	452498.73
0.18443143	0.80293954	0.01533265	1e-05	3.0428139	436558.18
0.22377591	0.72040988	0.010888428	1e-05	4.9958229	429239.74
0.19719787	0.93128454	0.015696626	0.036139288	4.0438344	590252.01
0.14322109	0.99241896	0.021335273	0.026777969	1.7433491	520110.58
0.18482554	0.87416329	0.011834812	0.0053804589	1.5165929	490675.25
0.19493948	0.96578047	0.018663088	1e-05	0.68740424	410896.64
0.14484726	0.82730612	0.014728367	0.033306318	2.992186	627609.09
0.19873873	0.3861512	0.023510375	0.0035743563	4.7756351	385190.41
0.18955589	0.90512024	0.017797489	1e-05	5	417980.18
0.18454944	1	0.017418526	0.0085171013	0.001	462975.22
0.1746805	0.703792	0.019230731	0.036041977	4.7825141	562503.01
0.17176054	0.71895118	0.016356256	0.070752323	2.6555815	718326.1
0.16278026	0.65198986	0.018558856	1e-05	5	424027.8
0.18179353	1	0.016500488	1e-05	0.001	422130.71
0.15992238	0.93442391	0.015713796	0.0093828485	1.2125682	473455.3
0.19829571	0.67460376	0.012013838	0.0032276454	4.9993042	419705.03
0.20084111	0.80772031	0.014275847	0.010933781	1.9335715	483577.7
0.18477677	0.70119762	0.014369662	0.091575658	4.1438611	814386.84
0.17083291	1	0.017216488	0.0051058566	3.3517148	438769.58
0.20836186	0.55908696	0.015252417	0.045004674	4.2096865	616088.68
0.17796633	0.99750656	0.013589133	1e-05	0.001	449043.4
0.20004414	0.62804618	0.013496374	1e-05	2.7739412	332820.62
0.17382339	0.49853569	0.015288246	0.039297674	5	590440.52
0.19670375	0.93780804	0.013194117	0.017935732	2.7800481	520166.9
0.19553661	0.77130824	0.016604894	0.016646499	2.1944381	513458.21
0.18009548	0.65518346	0.016256426	0.007267377	2.037235	468935.42
0.17832634	0.74418482	0.014864625	0.0075511227	4.5203849	448668.43
0.20343043	0.9593047	0.021288039	0.0022313744	1.3811565	404366
0.19060701	0.4149406	0.013960985	1e-05	5	426470.13
0.2018314	0.66228508	0.021970748	0.0069613421	2.7384456	440967.71
0.1505354	0.52488116	0.023634717	0.014983945	4.1405951	450884.85
0.18041728	0.84271366	0.023508694	0.0068273653	5	405796.97
0.15822988	0.91535259	0.017037383	0.027619122	0.001	530148.6
0.17064284	0.58270846	0.017721027	0.067572497	5	693581.41
0.18788964	1	0.012273969	0.0047762298	3.6515811	458962.33
0.17588886	0.88243954	0.020162031	0.072642248	2.3335713	645795.69
0.16443378	0.8547073	0.01585494	0.019335538	0.59295584	476144.59
0.17858845	1	0.02282605	0.015089651	0.001	465804.42
0.19473081	0.74317847	0.017804874	0.0053596409	3.4672878	420749.46
0.20183478	1	0.01682503	0.001938041	0.55160564	403441.47
0.18012834	1	0.019055778	0.0308358	0.001	572378.71
0.16959102	1	0.015127015	0.032552923	0.001	517867.11
0.18841418	0.93210852	0.015503	0.028948633	2.5245725	474501.91
0.16345731	0.47405807	0.021134644	0.0015289851	3.9042926	436025.48
0.2023304	0.45675851	0.017372955	0.00051172161	3.8434046	394359.43
0.16848577	0.93522299	0.015117559	0.030293776	0.001	527980.51
0.19806066	0.77367248	0.016410074	0.014728236	4.1510337	477503.7
0.16644804	0.99992332	0.018317749	0.0011276485	0.001	424632.95
0.157678	0.70805854	0.027181252	0.028277875	2.0869347	497763.9
0.19404148	1	0.016694118	1e-05	0.001	417501.41
0.1741722	0.74278312	0.01891953	0.00881335	1.4089053	457613.45
0.17530397	1	0.022816653	0.034856169	3.1755338	496992.18
0.19166496	0.72354537	0.015454203	1e-05	4.5724616	416913.36
0.17076493	0.94413437	0.023868223	1e-05	0.16405658	365443.97
0.14957685	0.76654466	0.025007486	0.01465696	1.1557718	440227.05
0.16606797	0.71814157	0.018491937	0.038508947	2.4502689	469554.24
0.17923783	0.67652792	0.018431872	0.0033331527	5	430987.01
0.17620897	0.57778142	0.014058188	0.0062256474	2.2066903	495842.85
0.18864928	0.8488656	0.017612038	0.0069455393	5	457773.58
0.18929583	0.97795122	0.018523487	0.035056438	1.451348	512375.92
0.17785771	0.85472212	0.015587808	1e-05	1.1686768	441480.96
0.15690798	0.58644688	0.015293054	0.01087924	3.8164336	512468.87
0.17978582	0.8904984	0.019833818	0.013770375	0.42575981	484429.91
0.19481851	0.79330769	0.012679119	0.0095598181	1.9335248	376609.92
0.16386781	0.85964547	0.018493147	1e-05	2.1738763	416385.06
0.16505099	0.81239002	0.015490378	0.0009090897	2.199069	446121.71
0.16347487	0.79724266	0.021582258	0.0028370442	3.813078	420016.78
0.19712111	0.67225794	0.014841927	1e-05	5	444380.97
0.1745634	0.70669684	0.014990804	1e-05	2.7443167	427654.08
0.17670959	1	0.021200018	0.0044988753	1.7822753	445598.42
0.19284339	0.66687449	0.011592335	0.0048371153	4.4902129	442272.09
0.19378844	0.55355289	0.0093644727	0.022141455	4.8545829	582543.03
0.13626293	0.77098757	0.0173368	0.00050015404	0.001	429670.3
0.18606421	0.77989118	0.019969163	0.049135634	1.3781016	549667.33
0.20370938	1	0.014048656	0.036939223	0.001	511998.02
0.19612123	0.46994734	0.015855277	0.065749852	4.5971132	605784.23
0.14740613	0.67161589	0.026097985	0.0014443837	4.8346747	429961.72
0.20233428	0.85899099	0.015684616	0.046088605	2.2118745	587131.52
0.19359267	0.95309069	0.01692483	1e-05	2.7778789	400244.22
0.18105331	0.90230614	0.011535115	0.0010921956	1.9874123	469481.78
0.20325843	0.94993724	0.01607836	1e-05	2.5994006	418910.42
0.1819843	0.56786432	0.014366306	0.084574532	5	798280.39
0.17553687	1	0.015101518	1e-05	0.001	445976.63
0.16683325	0.83035355	0.010585083	0.014090744	0.001	483590.35
0.1766368	0.83834286	0.011955296	0.029878601	3.724963	525801.13
0.16559822	1	0.012569821	0.0085955341	0.001	483782.11
0.19027512	1	0.014626013	1e-05	1.9689168	416779.61
0.17875942	0.40965167	0.010602739	0.00050783018	4.3929791	496384.84
0.19299088	0.79786789	0.012922227	1e-05	1.7105931	382000.94
0.15507297	1	0.017409418	0.040943804	0.001	555136.81
0.18720747	0.94474252	0.016057229	0.093372486	2.6300347	751961.15
0.1818057	1	0.017148572	0.010200811	1.233441	444530.4
0.19262784	0.67348485	0.011629458	1e-05	4.1918013	416218.12
0.18006931	0.65931706	0.014293151	0.028933267	5	501863.76
0.19241872	0.77197553	0.014625582	0.0036599317	2.559293	496961.02
0.19632686	0.65936612	0.016064346	0.0046776975	2.8888956	416884.22
0.17996435	0.57001872	0.012351867	0.048356351	2.7154457	580671.83
0.17853288	0.76136973	0.015035715	0.011194062	4.1473594	477330.29
0.19461594	0.67821263	0.017032459	0.0083701709	3.5603083	452717.55
0.13935614	0.82516179	0.021299244	1e-05	1.5838215	467824.25
0.19338714	0.40123922	0.013663198	0.015004361	5	433137.7
0.19492971	0.57968566	0.015846918	0.18567387	2.2550492	993552.94
0.19812589	0.78822796	0.015143181	0.033951675	3.7244161	522988.07
0.19170052	0.50524226	0.020298375	0.0063555606	5	427324.28
0.18957109	0.51852321	0.018709014	1e-05	4.0651665	415421.87
0.17561814	0.96191383	0.013663208	0.011602639	4.1798104	467047.19
0.17671564	0.72539251	0.01685193	0.033569813	0.81765183	520171.73
0.17919789	0.85488949	0.017127704	0.0019052609	0.93441743	443110.94
0.17406667	0.59285409	0.015293914	0.024858885	2.9021571	522587.56
0.18628785	0.98511092	0.021288534	0.02019955	0.001	435074.54
0.16020662	0.64044892	0.022778754	1e-05	5	404964.19
0.2083592	1	0.011857444	1e-05	1.632289	469178.35
0.12983865	0.71582882	0.021757995	0.028782774	2.9338252	475678.89
0.15494844	1	0.016187298	1e-05	3.1430574	442535.63
0.17800564	0.60882723	0.023414658	0.008736137	3.8391197	409546.92
0.19180993	0.80138614	0.017666621	0.0015271916	5	436879.11
0.16521135	0.99936418	0.02061288	0.010614272	0.12017212	447926.55
0.158132	0.42226588	0.023873426	0.0035164568	5	419091.82
0.19007812	1	0.010844276	0.0073537833	2.4963675	493137.63
0.18791372	0.97946489	0.016874011	0.011030765	2.2198124	464959.78
0.15626673	0.74614562	0.015369214	0.037584846	0.34438151	557362.56
0.20627342	0.46931642	0.016625303	0.0017034805	3.3294145	421287.17
0.18401716	0.63292914	0.012679744	0.0092889527	1.4985056	433576.36
0.14899615	0.8978054	0.02093443	0.022974004	1.2552191	478615.31
0.1867256	1	0.016112819	0.016509791	1.8840457	465491.58
0.15451906	0.84571286	0.023206244	0.011253977	2.6237717	463738.37
0.18182534	0.40584189	0.02059559	0.010264802	4.9499613	442170.89
0.180206	0.85706472	0.011655023	0.028701895	0.001	464014.31
0.16156749	0.9307625	0.016578479	1e-05	0.37316999	437630.57
0.15847705	0.94744502	0.020127947	1e-05	1.2352993	442927.05
0.18355116	0.52008931	0.016805023	0.0071439957	5	436814.35
0.171103	1	0.020165285	0.0047645328	2.0796493	354062.46
0.17550624	0.92949894	0.02141349	0.0156198	5	482620.74
0.14108862	1	0.020819564	0.0036477355	0.68967228	430124.59
0.16699444	0.38591108	0.014468888	0.0062463685	5	459742.86
0.18542111	1	0.020182171	1e-05	2.5446162	410703.29
0.18797027	1	0.018376055	1e-05	2.4995307	461312.62
0.17588002	0.66139792	0.018626597	0.0016553277	5	429712.56
0.17318713	0.89428836	0.023425771	0.012992407	2.9590655	480594.58
0.20397225	0.59869906	0.015817415	0.041863541	4.515423	614720.96
0.19429429	0.55113326	0.013799064	0.0030298463	4.4865832	409376.09
0.1765038	1	0.0096950216	0.024044156	4.5519382	525877.01
0.15266076	0.97699883	0.021320806	1e-05	0.4286892	387119.31
0.1889884	0.73636655	0.019158115	0.010724682	4.9481557	460017.98
0.18584786	0.70778985	0.013479827	0.0088121559	1.9796037	456726.75
0.21238747	1	0.018196107	0.018072731	1.8974092	476063.57
0.15856608	1	0.015975337	1e-05	2.6364514	441855.88
0.18076736	0.69291523	0.023671944	0.0099568226	5	469139.11
0.17757704	0.64039301	0.016942686	0.026511402	1.7055913	525359.6
0.22372706	0.49423274	0.013494926	1e-05	4.4129935	398497.54
0.19097835	0.94139802	0.015469673	0.069325292	0.001	667110.06
0.18537212	0.83033183	0.013856387	0.0024587818	1.2058241	446493.53
0.19392888	0.80385914	0.015943151	0.020476928	4.1601543	538727.08
0.18730866	0.8659584	0.015057116	0.0134145	1.5625037	494158.49
0.19239186	0.88638848	0.016052459	1e-05	1.058454	429434.14
0.20780391	0.41086714	0.010530473	0.033924709	5	526114.6
0.15503696	1	0.022704384	1e-05	0.87261229	414958.12
0.17893622	0.43623831	0.020041101	0.020858694	4.2063847	458476.03
0.16338454	0.77946268	0.021121809	1e-05	3.065205	428365.88
0.20892242	0.7396246	0.010751524	0.00096021527	0.72073579	465167.21
0.20054682	0.97134781	0.0094960785	0.0036338656	0.001	463463.63
0.20415323	1	0.013483377	1e-05	3.0590361	456655.8
0.15535478	0.85153904	0.02155568	1e-05	5	413480.16
0.15610425	0.95052359	0.022214344	0.0011333828	4.229919	429493.63
0.18165808	1	0.016028495	0.0030386517	0.20229943	453270.02
0.16774405	0.91822907	0.023623349	0.018023618	0.80820185	492818.73
0.18151578	1	0.015906432	0.0071350108	0.64791583	437254.63
0.18786553	0.54374057	0.022563999	0.0120622	5	431170
0.17111071	0.47919764	0.015165267	0.016785359	2.4498878	515411.48
0.21090251	1	0.023032906	0.0064471625	0.76467592	408872.25
0.19876892	0.79802964	0.018674832	0.0030482168	1.2738439	428161.72
0.16964451	0.41624482	0.016757889	0.016036148	3.8095938	456602.69
0.21318188	1	0.01432762	0.023835605	0.001	501764.75
0.21043157	0.75648685	0.016478961	0.02629113	1.7391554	505163.53
0.20334733	1	0.017089177	1e-05	0.001	407870.1
0.19576858	0.93007613	0.012951037	0.0042127601	1.6529087	439430.04
0.21447555	0.81168258	0.015536442	0.0038054719	1.9471207	448497.11
0.16773531	0.92400522	0.014394652	0.018176039	2.8482188	477494.12
0.18356218	1	0.016836378	0.045938888	0.20117314	560989.18
0.16758486	0.86545317	0.014170371	0.0041660783	2.1751543	464863.44
0.14476025	0.70958298	0.02145077	0.0039941858	4.355083	480201.25
0.18868425	0.37718905	0.02033027	0.00030643777	5	421412.04
0.17008686	0.64786114	0.014629295	1e-05	3.067378	452728.09
0.20470234	0.42048723	0.0095024388	0.00817331	5	423668.9
0.17920194	0.72458307	0.015216488	0.0077905875	1.6602214	465513.58
0.16596286	0.94858974	0.016534926	1e-05	0.001	473823.48
0.20029047	0.73944596	0.011929625	0.011472065	1.7092279	417746.7
0.19453148	0.81892239	0.015832282	0.00077156981	0.98449379	441983.37
0.16953948	0.51639428	0.019137729	0.022446883	4.4649308	483661.64
0.17974206	0.74712747	0.01915594	0.013445262	3.7513672	435848.11
0.17335795	0.51860557	0.011415644	1e-05	2.2357668	465739
0.18201869	0.73683007	0.024897236	0.024957652	5	463330
0.19886651	0.84337948	0.019014777	0.011866216	4.3745342	457966.96
0.19052453	0.52599824	0.015256045	0.058460428	4.5896666	669027.11
0.17841337	0.8316256	0.017874644	0.080915462	4.0874783	577306.08
0.18809698	0.44321153	0.016546676	1e-05	4.6073221	374147.05
0.17282331	0.57659335	0.013022312	0.0083819057	4.0033819	525633.61
0.21799679	0.55325234	0.015659595	0.012661231	4.2307661	475130.99
0.17425927	0.40670716	0.01692054	1e-05	4.3957564	432431.7
0.20865794	0.86593275	0.014914443	0.063896915	2.0440267	569241.64
0.15661836	0.99892533	0.01558759	0.0014860786	0.001	428467.62
0.1982361	0.72710944	0.021301578	1e-05	4.3393079	403370.59
0.20627027	0.4706593	0.011331139	1e-05	5	443709.24
0.1628679	0.99977083	0.018720378	1e-05	0.001	428487.14
0.20923794	1	0.012639743	0.0046171931	1.9312587	427260.89
0.17503811	0.70722913	0.010693835	1e-05	2.3911899	456480.09
0.1640116	1	0.016792818	0.028717802	0.001	517261.49
0.17793755	0.7019252	0.012717323	0.023061788	3.3060564	497409.9
0.16323059	0.65626476	0.015214774	0.0043685351	0.94792482	455427.91
0.18606188	1	0.017562091	0.0031583411	1.7660335	448867.43
0.19979093	0.76740057	0.020387243	0.02125473	1.6109744	467617.61
0.19400712	0.80837158	0.017921861	0.016762902	5	467607.29
0.17865688	0.61743366	0.019508549	0.013585704	1.7193198	457699.97
0.19168919	0.90858783	0.015612046	0.0049763756	2.4909875	430757.67
0.15315222	0.43178606	0.021176315	0.035098386	5	561147
0.19692973	0.62175583	0.010810857	0.023208245	3.5535225	513259.91
0.18078613	1	0.016846849	1e-05	0.001	400426.07
0.15984964	0.70019182	0.019620542	0.047761379	4.3756772	566343.93
0.19023146	0.91126359	0.013999495	0.0061369149	2.3685027	488575.43
0.1833924	0.79748084	0.018408304	0.033505797	3.3802214	492847.27
0.19277042	0.68589316	0.015453042	0.01329597	5	426986.94
0.17989837	1	0.014936617	0.040338285	0.001	607220.57
0.17485942	0.84314233	0.01308258	0.0038467512	0.001	436440.99
0.17243237	0.70437169	0.017345023	0.047731044	5	624578.51
0.17302781	0.91024752	0.016958921	0.079441028	2.3474174	799843.02
0.19192965	0.774258	0.015819431	0.0011641048	3.9042735	385959.44
0.1604921	1	0.020824854	1e-05	0.001	445044.43
0.18527132	0.91160747	0.014082072	1e-05	4.9619257	403301.14
0.19086795	0.7634229	0.015640395	1e-05	5	412484.91
0.20341031	1	0.01375136	0.029661888	1.4456731	551526.27
0.16156379	0.53275593	0.015808588	0.035117916	1.9035932	525171.52
0.18303409	0.68334234	0.020822639	0.0093266617	3.6272112	381960.97
0.18625616	0.56821162	0.017533821	1e-05	3.5571866	363433.1
0.15450644	0.85548804	0.015334365	0.020453055	0.001	484606.24
0.18422027	0.66134957	0.017434185	0.004215749	5	452242.43
0.17647116	0.54440332	0.016081563	0.037982802	5	570583.78
0.18359045	0.91809425	0.015981634	1e-05	0.44688117	434927.09
0.13148879	0.90202634	0.019272526	0.031317185	0.001	538181.44
0.18634461	0.62467232	0.022823332	0.01349876	4.2990133	456285.55
0.20515977	0.4332196	0.016485446	1e-05	5	439761.88
0.14891027	0.75929208	0.019048181	0.011732327	1.7901914	478680.52
0.17754398	0.80306824	0.010886463	0.0018012684	0.89710861	454689.06
0.1934526	0.83283281	0.014242449	0.015203027	2.3940227	494811.99
0.20578741	0.63266665	0.015758489	0.038360264	5	557002.99
0.20976263	0.54395183	0.014012655	1e-05	5	434143.96
0.20241974	1	0.015314414	0.0050527157	0.51225998	476470.52
0.16913504	0.53221822	0.018756747	0.038816701	4.4611263	686370.3
0.15555492	0.5139636	0.021641427	0.00049184572	3.1193048	417276.6
0.17826209	0.87186796	0.014107011	1e-05	1.5853526	389328.05
0.20310597	0.83102543	0.01263735	0.013190032	3.0809045	486444.4
0.18472312	0.86819767	0.01705264	0.0019433959	1.1017164	427778.32
0.18257494	0.86645763	0.018410619	0.033104757	1.0072115	501836.29
0.14353239	0.6885232	0.022422754	0.01864768	1.907221	492387.88
0.1778776	0.50086834	0.018223599	0.0080862866	4.9528615	437492.97
0.20318797	1	0.018306546	0.0095529805	0.001	457803.1
0.18317696	0.78715004	0.018646834	0.021358515	2.3120406	514805.59
0.17408971	0.47233242	0.020582381	0.0032831634	5	386813.14
0.17907843	1	0.019342303	1e-05	2.340348	425125.5
0.2006421	0.66670818	0.014755869	0.002272306	3.5937345	445380.89
0.18314614	0.85331881	0.016923811	1e-05	3.8688653	366399.9
0.18063724	0.95744945	0.01559092	0.027163293	2.6602309	527677.64
0.18938559	0.89375334	0.013247368	0.0028917288	2.2818685	482357.76
0.20758108	0.60081218	0.012060483	0.010235497	5	494292.62
0.19119957	0.97627237	0.016725626	0.0018419736	2.4172213	467242.76
0.16485144	0.6698243	0.01260136	0.01360162	3.6193039	473940.32
0.15780647	0.88768024	0.016699796	0.033096012	1.3333763	552665.97
0.1845635	0.48003583	0.017537789	0.022068243	3.422927	466852.76
0.20839041	0.80259259	0.015279689	0.0096105331	1.0301202	470551.36
0.18810893	0.78585822	0.014890055	0.013406577	3.8819178	441564.93
0.18029421	0.52121184	0.016782309	0.0053223692	5	439895.12
0.17186626	0.8224846	0.020484037	0.039055462	3.0644964	544066.65
0.19639558	0.79771658	0.020274763	0.00571754	4.9674989	434296.93
0.18441546	1	0.018260009	0.012119785	3.7691456	467697.89
0.15558496	0.32452826	0.018356863	0.023676985	4.8273819	462471.68
0.18575724	0.65858976	0.018264972	0.015398291	5	479173.12
0.17208207	0.83022368	0.015402607	0.027592602	3.6693543	489860.88
0.18058962	0.7027706	0.016932082	0.014288887	2.647276	515360.02
0.1534685	0.70507269	0.02397837	0.0043410406	3.0869229	422458.61
0.1566322	0.74261815	0.023901549	1e-05	2.6020283	414295.98
0.16935031	1	0.01770045	1e-05	0.001	410563.19
0.20233454	0.6520806	0.018243729	1e-05	3.3636144	431303.39
0.17980799	0.66885676	0.016728376	0.003327164	0.9597476	439428.34
0.19744824	0.8510573	0.015915264	1e-05	4.6513919	428321.86
0.17415389	0.8159744	0.017107129	1e-05	3.8936488	439759.08
0.17927949	0.43301804	0.016637309	1e-05	3.5250035	428655.14
0.19240253	0.68751761	0.010369245	0.055007552	2.3136162	642731.74
0.22057195	0.85933967	0.011422414	0.023421725	2.9747279	501304.65
0.20733485	1	0.017761769	1e-05	0.70123387	427905.27
0.18980523	1	0.016304541	0.01498938	1.6353887	480893.07
0.18841405	1	0.016348534	0.0022416688	0.001	405710.69
0.17307286	1	0.021468087	0.004400704	3.2967089	462962.57
0.19932398	0.71362532	0.013524071	1e-05	3.9758813	440479.09
0.1808955	1	0.017784698	0.028083645	2.1607166	539053.48
0.18652905	1	0.012897674	1e-05	0.6667898	441772.3
0.16177539	1	0.019893924	0.014613956	2.0672724	524143.08
0.1768265	0.92708544	0.018432844	1e-05	0.099983569	418903.66
0.19640309	0.56332671	0.013656403	1e-05	2.9009368	421347.66
0.18082825	1	0.017774801	1e-05	2.7761594	405348.17
0.18286011	0.50568664	0.017102454	0.013697721	5	475396.19
0.18727393	0.63691618	0.012256636	1e-05	4.0110863	459412.01
0.18464536	0.81634808	0.015533147	0.01510315	0.69412746	483062.93
0.20753409	0.64590957	0.016888164	0.0051584561	2.271369	433022.09
0.20589882	0.50806867	0.015763461	1e-05	5	418137.5
0.19652667	1	0.012709437	1e-05	5	356352.35
0.16834673	0.55911507	0.018758296	1e-05	5	431692.66
0.2026832	0.58873543	0.022141173	1e-05	4.9854504	407764.21
0.21399934	0.93694591	0.019476083	0.005579124	0.001	466016.81
0.1839981	0.64719938	0.019213928	1e-05	4.0826892	430130.04
0.17632894	0.79551084	0.013669438	1e-05	1.0796833	412470.88
0.19011705	0.56365707	0.012471201	0.014713131	4.5270064	529314.59
0.17637734	0.47322064	0.01840697	1e-05	3.4238	423662.64
0.15696875	0.4714786	0.017169954	1e-05	4.6242105	451976.43
0.17411435	1	0.018594779	0.016610194	4.3450626	475082.73
0.19011294	0.71511522	0.015438096	0.071146566	2.3059276	704633.01
0.16029593	0.84390984	0.017720659	1e-05	3.9929017	410272.51
0.17001521	0.88379663	0.01837515	0.023460139	1.4432251	504382.8
0.16362569	0.8560812	0.011310742	0.031226302	4.4891377	546008.27
0.19220096	1	0.020269529	0.034537258	1.9202673	503782.96
0.17148642	1	0.015628632	0.0069986448	0.001	462511.15
0.19129163	1	0.011844144	0.0043088935	1.700107	484423.77
0.20087293	0.6438541	0.01126454	1e-05	2.881278	422420.93
0.18497611	0.81857946	0.01521322	0.00056192124	4.2816401	408164.75
0.15824296	0.43497667	0.020830052	0.067735625	4.3454074	643244.84
0.18191415	0.95095331	0.017736362	0.0030822428	1.6521283	416426.9
0.18115623	0.6577023	0.018269269	1e-05	4.5385662	408941.44
0.15754051	0.64882597	0.010415112	0.07288122	1.5389708	805223.79
0.18078045	0.44238658	0.014374277	0.066586678	4.8045996	647970.08
0.15160595	0.78430178	0.019751939	1e-05	2.14594	412795.1
0.15194489	1	0.018092681	0.020449157	1.7029765	484090.14
0.17201257	1	0.016610163	0.024302456	5	536652.43
0.15799492	0.95902753	0.020609474	0.0072366545	2.0459616	456235.15
0.21715759	0.93400567	0.016737634	0.015606993	4.4062482	488327.64
0.18534692	0.84207119	0.012887069	1e-05	5	436390.41
0.15944945	0.64238354	0.019157722	0.0099975247	3.9379646	454903.11
0.18960755	0.73280933	0.019555524	0.0043967971	3.2777115	403786.63
0.17581986	0.94011389	0.021013759	0.024101868	2.935113	479452.18
0.1763766	0.93579516	0.017595936	0.00023980076	1.2728876	440310.2
0.16631584	0.68379926	0.024605404	1e-05	2.7374509	346146.23
0.1475735	0.70602422	0.011917741	0.028704881	5	516450.15
0.17239684	0.49676529	0.01424899	0.028308625	3.9694794	493174.95
0.16166683	1	0.021198136	1e-05	2.7890713	411343.81
0.15912557	0.72949463	0.018523005	0.051699174	4.7667772	588233.13
0.20416706	0.80547748	0.013401851	0.015849963	2.048733	499431.12
0.15511764	0.50702321	0.015055983	0.00018963798	4.2048073	449877.8
0.18227615	1	0.021201588	0.018025271	4.9899801	443654.82
0.21730715	0.88407862	0.01537247	0.031432914	2.095459	479099.95
0.19304655	1	0.018814164	0.010142257	0.001	428592.01
0.21992687	0.93428754	0.011644253	0.0055764713	4.0371234	505307.63
0.20898839	1	0.014287917	0.012707078	0.35950329	467719.38
0.16044302	1	0.019272661	1e-05	0.001	345222.59
0.17142969	0.86494853	0.021581307	0.036778499	3.2010164	555790.73
0.19453664	1	0.020397578	0.016990372	0.001	452200.89
0.17119798	0.94643722	0.015840584	0.044334352	0.5971179	542674.47
0.15487907	0.62492212	0.019813349	1e-05	0.97772579	400326.81
0.16628702	1	0.015373204	0.0092726227	0.48051227	463581.84
0.20548701	1	0.010912806	1e-05	0.001	451902.72
0.19261283	0.98685548	0.018295422	0.014806778	1.7238738	438679
0.18098381	0.72409458	0.020385377	0.0094959174	0.95862838	463799.03
0.19959568	1	0.01171712	0.0019812294	2.3373361	446780.5
0.17628557	0.84846601	0.021416549	0.019672925	5	499918.28
0.16138885	0.82525285	0.02267753	0.03814533	5	507606.24
0.16420782	1	0.025140841	1e-05	0.54822164	387794.8
0.17422017	0.97499741	0.017231564	1e-05	0.001	420725.38
0.16779995	1	0.016380846	0.028170334	0.001	557255.08
0.17951024	0.8813664	0.022452675	0.00069204929	2.8646003	396704.28
0.15968049	1	0.021665042	0.0043184698	0.001	425941.77
0.18923787	0.60864575	0.016128165	0.004590619	4.513311	445830.49
0.17891062	1	0.01748648	6.3561645e-05	0.001	431112.03
0.18671769	0.80265819	0.012996846	0.024871488	1.7014124	526690.66
0.20818478	0.85607726	0.021681886	0.048663466	1.9383771	545507.51
0.18273418	0.99678522	0.01596467	0.0027193835	0.001	479852.39
0.19607109	0.72023932	0.016661204	1e-05	2.7822293	448574.92
0.18518516	0.86294046	0.016929621	1e-05	2.7627617	399320.19
0.15667898	0.62808318	0.019449204	0.010355857	1.0723133	461980.45
0.18820594	0.87177996	0.018703961	0.002435257	2.8124818	431880.75
0.17836982	0.82842742	0.011361518	0.026883171	2.5891199	480123.85
0.19355892	0.73983648	0.017920578	1e-05	5	397642.68
0.19333233	0.84967167	0.01801568	1e-05	2.0683878	398216.56
0.17551623	0.95127179	0.021001559	0.024265308	2.0343931	509035.34
0.1784186	0.91674719	0.019295377	1e-05	0.59739118	379498.78
0.20418508	0.84978081	0.019661788	0.0098886393	3.7323713	447666.51
0.18013736	0.73484116	0.017585817	1e-05	1.3501611	436443.85
0.18303327	0.99876793	0.020853894	1e-05	0.001	423972.55
0.14697102	0.71877169	0.019696346	1e-05	4.0655529	435674.67
0.16772032	0.41523508	0.025595532	1e-05	5	422605.87
0.18474183	0.98617585	0.012438398	1e-05	0.001	449121.02
0.20956315	0.56388603	0.012397424	0.030325962	3.8871639	575577.33
0.19750368	0.68892299	0.012841263	0.023540341	3.0362944	488664.71
0.19073043	0.62092054	0.012754024	1e-05	1.3386503	397360.46
0.18729926	0.99615811	0.014920272	0.0072559414	2.1065972	463288.6
0.17078271	1	0.013060919	0.0031291371	0.001	453204.21
0.15369313	0.83606425	0.015064599	0.019911707	0.16126693	494982.66
0.17990892	0.8000681	0.014018654	0.013429666	3.3834603	503063.31
0.1909573	0.36965272	0.019008114	1e-05	4.9945562	432488.23
0.16025357	0.48735942	0.017342567	0.011184455	3.0532682	456706.43
0.13832627	0.69374623	0.016137766	1e-05	0.44347426	357482.67
0.19300831	0.56375984	0.017217813	0.012983531	3.9337115	459119.83
0.17519274	0.82202593	0.020261463	0.030294814	5	521734.65
0.22079127	0.74158026	0.013664117	0.0049113647	1.468992	434199.66
0.20276759	1	0.01200676	0.039671002	1.218782	563987.38
0.16106271	0.83092522	0.020122977	0.001398433	0.81847528	411895.86
0.18756401	0.77882046	0.01733394	0.027090232	2.8135655	517707.2
0.18920831	0.36542545	0.019242667	0.017116758	5	452557.05
0.17007512	1	0.016636445	5.4000589e-05	0.60203324	418778.81
0.17643339	0.74364471	0.020799084	0.051231316	1.4816127	603416.97
0.15364218	0.5954529	0.018725156	0.0035309995	2.2816412	480673.74
0.15076921	0.7890542	0.019879739	0.0013354013	0.19382712	428913.26
0.18608683	0.88097982	0.010799054	0.0060417496	4.5095659	545612.53
0.19003678	0.78429893	0.013626446	0.029565592	5	567485.44
0.18396041	0.50652666	0.021109357	1e-05	4.2274047	414791.23
0.19538469	1	0.012372675	0.059190586	1.9865867	642511.1
0.19714304	0.4877575	0.019730453	0.011857727	3.3714002	417601.07
0.20541634	0.43028902	0.01585796	0.018638274	4.8741216	473519.53
0.18885815	0.4334092	0.016204925	0.019200085	5	495078.84
0.19421993	0.88713636	0.012946745	0.02339563	2.0893714	505000.45
0.17510767	0.52889408	0.018640408	0.005968839	4.9931651	441243.05
0.17910306	0.93981061	0.021203751	1e-05	3.3810195	408148.59
0.19913782	1	0.0090132084	1e-05	3.3586658	430958.97
0.18443352	1	0.021372775	0.06029513	0.001	586454.04
0.18253979	1	0.010496727	0.021099698	0.001	515342.18
0.2083707	0.87823625	0.014021995	0.0017107914	1.4294033	454899.49
0.18296214	0.5802236	0.015399894	0.0014358477	3.191349	443154.4
0.15223367	1	0.021174227	1e-05	0.001	345678.29
0.18423119	0.57911111	0.016345928	0.022754947	5	499332.49
0.19191228	0.43598102	0.015913232	0.020685796	3.7423982	456351.94
0.22692318	0.58660246	0.014989757	0.0086630446	4.0384685	445234.25
0.17551639	0.79703285	0.022536866	0.0062082506	5	412559.97
0.19066713	0.7357291	0.019897734	1e-05	3.3804984	410597.53
0.16459884	0.99669282	0.017158011	0.0058158239	0.5351139	458198.65
0.15067897	0.71124881	0.021424258	0.01210637	3.6277108	450155.43
0.17039162	0.37974509	0.017556289	0.0015471398	4.1576371	446672.96
0.1745295	0.68711829	0.011326748	1e-05	4.3855074	462201.47
0.15658387	0.62383479	0.014082198	0.013775364	4.3547685	497027.98
0.22919934	1	0.012698576	0.040762945	3.0634362	506157.51
0.18885889	1	0.017932789	0.030278708	0.001	587354.45
0.1801595	0.85752432	0.013883194	0.027454422	2.077696	513495.21
0.18843436	0.81997492	0.015510371	1e-05	2.5004858	421119.68
0.14116373	1	0.027139763	0.026667737	0.001	478573.45
0.17980793	0.6908299	0.015514535	0.0066128881	4.0710632	432363.4
0.17505162	0.88522311	0.015758565	0.047640137	1.8818747	613076.95
0.16686742	0.50415927	0.023384012	0.014077287	3.9901789	421111.55
0.17290869	0.84572029	0.021505405	0.023087143	3.2235728	464809.33
0.21524087	1	0.013749144	0.01037281	1.3757238	426905.48
0.20499487	0.58440007	0.016469692	0.014942942	4.8788629	478995.03
0.15940828	0.96201024	0.019500394	1e-05	1.9348257	401758.2
0.17144413	0.93190827	0.021181583	1e-05	3.604446	409113.27
0.18528466	1	0.013813384	1e-05	0.001	427941.73
0.18213229	0.48194551	0.014937591	0.010266336	3.6830303	459444.51
0.15908162	0.99546315	0.018121626	0.03865195	4.8312902	564028.47
0.17512067	0.38112277	0.018128739	0.047996178	5	618404.06
0.16062821	0.67164154	0.015754554	0.020457427	5	506665.22
0.17022371	1	0.016977093	0.0026713253	0.001	470615.17
0.15814418	0.96384177	0.01408533	1e-05	0.001	437998.48
0.16969983	0.92065263	0.01642485	0.011251178	2.9925101	423986.07
0.18674513	0.72986193	0.025015867	1e-05	4.3129307	397221.62
0.17896199	0.78674691	0.015867655	0.023436735	0.37185515	501489.01
0.20571057	0.85148295	0.012852203	0.023966025	5	551898.38
0.18707401	0.7307856	0.014537102	0.0086862559	4.182507	475568.24
0.18548742	0.98513765	0.015287614	0.043717572	0.71925734	613128.17
0.17767784	1	0.019091215	1e-05	0.001	430974.49
0.16545124	0.83538583	0.015905505	0.048833912	1.0634624	639263.13
0.17094978	0.52099735	0.019559006	1e-05	4.645464	425639.38
0.17165502	1	0.015104586	0.00064250829	5	423729.14
0.18582046	0.77564764	0.012226233	0.065074489	4.9347271	647515.59
0.19004314	0.89287332	0.015312253	0.027133867	2.3636571	534540.25
0.17478273	0.9462465	0.015835702	1e-05	2.7707624	416648.07
0.15906635	0.94001887	0.014016719	0.030915645	0.98118572	607056.03
0.17956606	0.36905125	0.016221646	0.00074461677	4.2955334	450250.69
0.19486999	0.85485879	0.01648098	0.037717501	2.7667037	509471.55
0.15954352	1	0.018245815	0.020209688	0.001	508196.08
0.15436682	0.6977561	0.012543598	1e-05	5	410746.19
0.15186001	1	0.014839253	0.0047175966	1.6314368	461529.89
0.18637003	0.51653174	0.017218893	0.014524399	5	483344.37
0.18536612	0.51435689	0.018229744	1e-05	3.5809488	434114.32
0.2023304	0.45675851	0.017372955	0.00051172161	3.8434046	394359.43
0.16030154	1	0.017297603	1e-05	0.001	442582.72
0.22522296	0.94263911	0.011311405	0.0025317713	1.4250761	455478.59
0.18043705	0.91351953	0.01960058	0.10381722	3.9898793	855408.37
0.19139569	0.38165381	0.016694275	0.012854624	5	479396.9
0.18456196	0.60706448	0.015739606	1e-05	5	437237.84
0.17790373	0.87854456	0.01316453	0.019702324	0.66984982	519209.66
0.2067447	1	0.013902531	0.010153897	0.001	498851.52
0.19386176	0.62024227	0.013424814	0.079096238	2.2219478	717163.2
0.19776768	0.77698349	0.015090106	0.010956772	1.3371423	474693.09
0.15973468	0.86183535	0.012893655	1e-05	0.001	427283.74
0.19828213	1	0.012084833	0.0036338372	0.33367744	458752.1
0.20230131	0.76102527	0.016868534	1e-05	2.3435935	408401.69
0.18609352	0.45861291	0.021668616	0.0083593431	5	420650.24
0.17717395	0.76456587	0.022496548	0.024827963	4.4358676	459898.2
0.16545564	0.64155425	0.019315697	0.04772921	5	651242.7
0.17569392	0.41838834	0.015260643	0.0097058404	5	515063.42
0.19693239	0.68576701	0.018120704	0.0082795333	5	447032
0.17848394	0.8816325	0.019576386	0.0059105995	2.6889174	453136.38
0.20535946	0.65097454	0.01630089	0.0017530189	2.1987021	438752.83
0.18052375	0.51454662	0.014916616	0.041004265	5	612421.13
0.20983152	0.70905046	0.011699398	0.014585819	1.7028929	488907.3
0.16580272	0.81042683	0.016944069	0.041747936	1.7144688	541149.09
0.18017304	1	0.01620342	0.044686217	1.097979	513916.65
0.16673864	0.65498347	0.02425453	0.038983654	4.6229034	577481.9
0.18423382	1	0.018276416	0.027095021	3.9086474	478846.34
0.20444997	0.61782281	0.019978043	0.0005133912	5	388540.05
0.19105407	0.56621863	0.014114185	0.0057195494	4.8922243	445956
0.20593373	0.41161709	0.019236934	1e-05	4.8920434	409294.46
0.17936437	0.56618562	0.016760563	0.030062207	4.9266547	530484.45
0.17593996	0.90652688	0.012153042	0.0055768706	0.17374527	452475.67
0.20950234	1	0.010884008	0.016253874	0.001	424526.28
0.19172238	0.79401593	0.017066157	0.034751263	4.7869483	491683.34
0.19145391	0.73512904	0.022589868	0.01201976	3.287988	390429.41
0.17334393	0.84484611	0.01762612	0.0043105787	0.001	334344.69
0.17909117	0.90244563	0.012147232	0.0041736644	3.5794881	488117.25
0.16819025	0.85289253	0.010834337	0.019935617	3.7365819	538919.52
0.15571276	0.68635147	0.020062008	0.031716525	5	578452.44
0.18364741	0.97443678	0.019051346	0.0077852989	1.4974633	389755.9
0.22292061	1	0.015595911	1e-05	5	404744.88
0.16568408	0.60646118	0.01412001	1e-05	4.6168112	465755.5
0.19210814	0.86740156	0.017109801	0.017841038	2.9491673	488328.31
0.17179856	0.80106532	0.015984821	0.0097710621	2.8101466	448462.97
0.18576541	0.99437913	0.012357253	0.008110666	5	479207.27
0.16598997	1	0.01889005	0.010495639	1.0974189	400244.78
0.21629577	0.63626793	0.015591431	0.012598663	5	508003.49
0.18001466	0.64907475	0.0245348	0.042543257	3.9979079	519197.96
0.16784058	1	0.014389593	0.0084380552	0.21703516	483687.15
0.18556331	0.5135285	0.015300595	1e-05	3.2241032	423854.62
0.16784335	0.5965219	0.021151927	0.0099514908	5	440328.17
0.15948094	0.76220033	0.014967362	0.030113797	3.4171639	520629.87
0.19426598	1	0.021614635	0.08165812	0.96986852	704432.35
0.14546235	1	0.015012183	0.028808711	2.5108472	563052.56
0.19101726	0.47597637	0.016478734	0.0097930517	5	469019.7
0.16821206	0.5612534	0.016124076	0.0058397711	2.5486189	429840.26
0.1808798	1	0.016555038	0.029865174	0.001	490478.96
0.17897714	1	0.015270732	0.036836276	1.1072223	589274.51
0.18899819	1	0.015987255	0.012040503	1.665312	470111.67
0.17350629	0.66454646	0.025166931	1e-05	5	359762.98
0.19192196	0.64832514	0.01623556	0.042674177	5	530306.84
0.18143889	1	0.019560176	0.061120904	1.8138404	625348.73
0.18323622	0.80120738	0.016893759	0.0023892519	1.1971733	412179.73
0.16077538	1	0.023112432	0.00054734844	3.1724405	416021.45
0.17937974	0.99858357	0.017480989	0.0033806993	2.663168	425981.22
0.1649168	1	0.022305344	0.01530311	4.7451587	467332.66
0.1825328	1	0.016728042	0.025221914	0.001	530151.53
0.19472764	0.67198848	0.012352872	1e-05	5	432741.22
0.16598227	0.65284693	0.018125987	0.01972226	3.1028699	475191.64
0.17454511	0.43617106	0.015884574	1e-05	5	371419.08
0.19369034	0.68942181	0.012912674	1e-05	2.6950369	457506.57
0.16967892	1	0.011406045	0.01428936	0.001	473557.9
0.18482132	0.65645299	0.012249571	1e-05	4.9916534	439827.38
0.19036203	0.7828991	0.018504207	0.020678838	5	496893.18
0.19552149	1	0.019886312	0.018882319	5	492713.14
0.20666084	1	0.019507418	1e-05	0.001	380756.8
0.17302084	0.7007234	0.013236807	0.015241118	2.0308425	505391.67
0.17819975	0.54313004	0.014463611	1e-05	5	439799.54
0.17945661	0.89907012	0.017873036	0.020736262	0.52612138	447250.05
0.20596462	0.83036308	0.011900232	0.060916237	2.5406241	659873.53
0.16359309	0.65272927	0.019797419	0.060399994	3.111946	432699.71
0.16050484	0.57031434	0.017524629	0.0093113747	2.4022533	420060.7
0.19758444	0.68840314	0.013016727	0.041994818	3.1734824	601722.99
0.19174389	1	0.019068211	0.010615132	4.1367047	431506.38
0.15974423	1	0.020298295	0.01700354	2.0688295	482090.91
0.17105997	0.63287503	0.020049519	1e-05	3.4219131	427820.52
0.1759433	0.47178602	0.016307136	1e-05	3.7272367	439949.72
0.19511616	0.80762663	0.016772751	1e-05	1.9490217	383508.54
0.19555036	0.67985096	0.012832849	0.021934028	2.8798406	522523.8
0.14932011	0.87787173	0.025387186	0.0077224249	0.16122289	428454.58
0.18239967	0.87426098	0.016564469	4.1876021e-05	0.001	426810.77
0.21376089	0.99018359	0.015061978	0.0096717571	1.3302142	478098.42
0.17871461	0.68598385	0.013790898	0.0053842241	1.8588198	455611.61
0.21185473	0.51673299	0.013203402	0.008995484	4.2427247	461251.43
0.1761229	0.69138134	0.0153523	0.017232017	4.6978036	492559.02
0.14827716	0.60681482	0.018792728	3.1022884e-05	2.9896426	403327.78
0.18886396	1	0.015396606	0.014239561	0.001	469917.46
0.18322523	0.80304512	0.016697966	0.034155257	3.1172064	629752.69
0.19924837	0.57571434	0.012676595	0.0094294464	5	504048.13
0.18541718	1	0.017219894	0.01360966	1.1643827	464105.55
0.21400023	0.50093321	0.014150984	0.017930345	5	509420.17
0.20599011	1	0.019434556	0.0031062891	2.1126249	445066.32
0.16922596	0.89910453	0.015133558	0.023425698	1.1721096	499440.05
0.18643052	0.79091908	0.016630657	1e-05	5	429986.36
0.2154828	0.6715598	0.014940563	0.038917329	5	472651.52
0.18699114	0.91980368	0.01981273	0.0063401185	1.4206471	428396.26
0.19632811	0.96561334	0.019597993	0.0022147905	0.65280702	440010.12
0.18438297	1	0.018289856	0.0040053936	4.6216541	426598.77
0.16554557	0.49859084	0.012964976	0.018260394	3.3699217	516455.94
0.16659307	0.81638437	0.014857218	0.026388745	2.05038	560173.94
0.18588275	0.72844633	0.015037526	0.009821169	5	446757.02
0.19710384	0.61223437	0.012234817	0.013070122	2.5763997	460159.74
0.17822907	0.95494169	0.014121704	0.018133292	1.2581021	475864.43
0.19004316	0.89143217	0.013488806	0.017115911	0.11352692	489945.45
0.20547935	0.60895271	0.015867411	0.013697187	1.4321332	457279.56
0.19466656	0.83169178	0.013829214	0.0069541752	4.621242	503429.73
0.18896909	0.54651601	0.013201947	0.037250283	5	608263.77
0.17462473	0.86260946	0.013121596	0.035339912	0.001	592766.99
0.18568507	1	0.014249336	1e-05	5	458977.5
0.18072576	0.73291781	0.016811434	0.027493981	5	516913.38
0.18123135	0.86263798	0.011581117	1e-05	1.7428229	451768.4
0.19306435	0.44657247	0.016701671	0.005849973	5	443508.36
0.1434233	0.98209326	0.02127751	0.089561387	0.001	684677.39
0.17868277	0.74215726	0.012622322	1e-05	3.5800009	463430.21
0.14257527	0.93487552	0.021105556	1e-05	0.001	408599.31
0.18634619	0.77535521	0.016694935	0.0096585642	1.8192077	456217.4
0.18181231	1	0.018933051	1e-05	0.001	402898.87
0.18287132	0.85714642	0.013124302	0.0015908479	0.055197035	431668.03
0.18792213	1	0.020376625	1e-05	0.001	417204.81
0.19433818	0.50412648	0.011257419	0.019048341	5	503207.15
0.1967459	1	0.015905979	0.0025225787	0.001	440388.3
0.16783824	0.49904302	0.014973002	0.0023198728	5	433982.01
0.17893262	1	0.0075011201	0.01921617	1.7685081	521097.31
0.15267756	0.83287915	0.023291108	0.0024490962	1.1545067	429301.27
0.18973151	0.82738921	0.015224551	0.0037934655	4.9870962	471771.77
0.20748902	0.82137252	0.018614053	0.0048896467	0.62348641	446568.07
0.18242884	0.5191539	0.013501906	1e-05	5	435221.83
0.14819869	0.56840831	0.021134451	1e-05	3.4369277	396724.03
0.18576842	1	0.015020854	0.011003654	0.010135786	433864.25
0.20260753	1	0.014606418	0.014411292	0.001	474470.18
0.18773635	0.75699084	0.017592608	0.040007529	3.2202816	585733.72
0.22029876	1	0.014636891	0.013900196	1.9749176	494174.91
0.15804885	1	0.019075529	0.0022972533	0.018427289	432133.07
0.19706406	0.66330849	0.015303312	1e-05	4.6837464	426531.56
0.20454598	0.9710733	0.018771059	0.014234309	2.423317	470951.55
0.17419578	0.62655783	0.013728216	1e-05	3.6178459	444232.87
0.2259416	0.97419555	0.014095815	1e-05	0.001	440446.02
0.15472364	0.89330172	0.017279436	1e-05	1.5841883	442611.19
0.18158796	0.79242024	0.01634844	1e-05	5	430798.61
0.20255571	0.92030394	0.011702486	0.0057199632	0.98824865	466538.2
0.16296555	0.69015329	0.020897464	0.026290233	2.835468	489233.36
0.16897219	0.68078105	0.016061784	0.040476564	5	548188.94
0.17880293	0.75917719	0.011793906	0.0040830753	2.4174235	475921.36
0.13628525	0.55030679	0.024979858	1e-05	1.3940457	389859.31
0.18296499	0.68506083	0.016747208	1e-05	3.5579642	441528.01
0.15767016	0.7998702	0.014494882	0.0083833109	0.73011602	491556.89
0.19077761	0.51583755	0.017808088	1e-05	5	419696.18
0.19123423	0.93659869	0.012358264	1e-05	0.001	419675.17
0.17933559	1	0.013144956	0.024357748	1.8271918	556079.05
0.17897551	0.92491773	0.023686644	0.0047759486	1.142738	418092.41
0.20015965	0.92744633	0.016970554	0.0041304852	2.7650605	465181.07
0.171198	0.6244022	0.016737266	0.028603466	5	497275.38
0.2022278	1	0.014530198	0.026721011	0.001	545954.23
0.16908224	0.98442484	0.017888003	0.0065009993	3.2222205	446641.05
0.16875049	1	0.017158078	0.041501555	0.0012832775	582593.82
0.18700917	0.68978781	0.013990065	0.0020285204	3.1856166	441635.04
0.17501413	0.71911729	0.016044127	0.022831558	5	530951.15
0.17844458	1	0.013701222	0.0056250289	0.001	433983.05
0.15382185	0.74533058	0.018118401	1e-05	2.684733	423037.88
0.19754802	1	0.015309085	0.0051573049	1.3160632	469547.6
0.18225077	0.71830191	0.018594664	0.00041471415	4.2888811	424694.12
0.18704248	0.77875113	0.020516721	0.014075626	0.62424218	455402.05
0.20317012	0.63827383	0.016732461	1e-05	2.7560646	403391.96
0.18963091	0.64072908	0.018154258	0.00066580643	2.3405748	406776.31
0.1896252	0.46112514	0.018904021	1e-05	4.3163139	412239.84
0.17309169	1	0.021277144	1e-05	0.0056928229	380018.57
0.17923414	0.86778825	0.021083976	0.0043136964	2.9638075	422189.66
0.20155211	1	0.017809056	0.023176178	0.001	504918.82
0.18002715	0.67766838	0.014757623	0.0057107356	2.0800901	477830.95
0.16929866	0.50893584	0.018879737	1e-05	4.0075789	407434.79
0.17251225	0.83773967	0.016560486	1e-05	5	429896.31
0.18480909	0.88561479	0.016807694	0.055557563	0.69702043	624044.42
0.20248942	0.64464516	0.011791154	0.012825619	3.2362356	480857.22
0.20041778	1	0.014089365	1e-05	1.7745808	436062.48
0.19628697	0.71503339	0.013532483	1e-05	4.1736747	425031.42
0.17117177	0.88743055	0.014237234	0.009635675	1.0421393	458597.07
0.18534692	0.84207119	0.012887069	1e-05	5	436390.41
0.18752262	1	0.011873837	1e-05	4.4288769	456568.96
0.15565743	0.72832606	0.015650041	0.0090569961	1.9722	422209.22
0.12697313	0.71483129	0.015877541	1e-05	1.6358731	435321.2
0.16015897	1	0.023019935	0.0051107933	0.001	435525.19
0.18035411	1	0.017801613	0.026779245	2.7186842	542775.2
0.17222132	0.52039194	0.01595005	0.0055566737	5	459256.93
0.16942523	0.72821391	0.013415117	1e-05	2.9349968	446599.57
0.17854504	0.90066516	0.019286255	0.0023759437	5	448178.44
0.18943847	0.62699744	0.013852389	1e-05	5	415930.82
0.17568165	0.94412538	0.013911492	0.012933016	0.001	447787.14
0.185628	0.65708233	0.019565073	3.8485027e-05	4.3361433	408407.54
0.19447295	1	0.010185096	0.0073365681	0.001	492695.75
0.17547857	0.6940972	0.018204768	0.0092242657	5	468725.07
0.16376907	0.83976895	0.02332631	0.042605571	0.70857544	552447
0.15507249	0.74165775	0.020349326	0.0013137062	5	424619.3
0.206038	0.90473088	0.014955397	1e-05	3.4058352	429572.61
0.15089123	0.94312455	0.019279285	0.0041798657	4.4077399	460402.05
0.17484345	0.52554226	0.026671722	0.0038606997	2.9791775	388283.6
0.18427714	0.81811007	0.015354258	0.049724579	4.6910899	570669.01
0.15468257	0.82592668	0.014881682	0.016674379	0.001	465509.28
0.16782523	0.88740233	0.019352089	0.013337273	4.2673058	444816.92
0.1646505	1	0.020095255	0.059064154	3.046536	624073.6
0.19007488	0.95913762	0.014609042	0.066925812	5	584617.08
0.1959854	0.85295105	0.014836185	0.056449894	1.8036878	585725.49
0.16520306	0.62506128	0.019537521	0.0095831409	4.8867208	479966.46
0.18814812	0.76410629	0.01523203	0.080024075	4.5167931	721547.56
0.20613497	0.63544453	0.01797236	1e-05	5	442819.18
0.16094625	0.9732027	0.022885448	0.00036089476	2.7145497	419078.55
0.1589243	0.61317572	0.013090115	0.053458753	1.9213526	637292.84
0.19257996	1	0.012081361	0.0072713158	5	484825.77
0.17267487	1	0.01516562	0.031981457	0.84533732	570729.05
0.17101206	0.69827851	0.017068197	0.021402514	2.3303213	476507.57
0.1841431	0.99316598	0.017874492	0.032359028	5	567604.37
0.16664956	0.61698031	0.0220497	0.040661316	5	579405.82
0.19679003	0.6530397	0.013298688	1e-05	3.8438596	422263.23
0.18853655	0.54687501	0.020883999	0.0086817144	2.31807	428938.85
0.15694587	0.57753105	0.020849551	0.0093787469	3.5367618	472448.4
0.17314293	0.69368216	0.015200528	0.0032821688	1.5425015	447638.4
0.1915229	0.73276664	0.013870643	1e-05	4.4944818	421276.13
0.181309	0.74467186	0.014023926	0.013125204	5	417300.05
0.17607897	0.50162364	0.017014068	0.066647387	4.6922987	689269.71
0.20802928	0.49942834	0.01593148	0.020009209	3.8482462	489515.65
0.21130731	0.77602431	0.01337103	0.027385317	3.0214524	481748.76
0.17711728	0.71298846	0.015208418	0.0066368257	2.4129182	426478.07
0.19911942	0.67269043	0.015931035	0.019635767	2.3563243	479966.07
0.17090831	1	0.01760116	1e-05	0.001	430870.64
0.15803408	0.64220109	0.018847872	1e-05	1.6532731	426565.45
0.1887641	0.91743738	0.016452151	1e-05	1.1190648	418244.87
0.20802928	0.49942834	0.01593148	0.020009209	3.8482462	489515.65
0.19939332	1	0.011418198	0.017639263	1.1916002	501677.96
0.20126943	1	0.016834679	1e-05	5	398335.72
0.15565863	0.75562985	0.017667971	0.018789911	2.8711907	471549.17
0.17675529	0.42131394	0.022617155	1e-05	4.7830519	398650.45
0.17787935	0.57852114	0.018340096	0.029101202	3.6267835	554238.04
0.16531915	0.99655885	0.020119711	1e-05	1.4437857	395054.7
0.18856654	1	0.018543777	1e-05	0.001	406090.55
0.17917755	0.69253765	0.02161418	1e-05	5	384807.91
0.17336373	0.41286692	0.01274951	0.014967281	4.7429048	470124.67
0.19261429	0.57338927	0.013082743	0.0061189826	2.5790205	449788.24
0.16136606	1	0.016243479	0.0086215811	1.4310461	466155.61
0.19311106	1	0.017989658	1e-05	0.001	428076.04
0.19802797	0.57637972	0.014079544	0.014767204	2.966799	476115.09
0.16448186	0.52770224	0.01813939	0.0064148819	2.2190434	404968.41
0.17402002	0.40358934	0.027536696	0.0072618738	4.2919958	379066.63
0.16149195	0.68022702	0.020487345	0.00053920123	4.700802	428724.75
0.19661575	1	0.012703123	1e-05	0.001	376802.01
0.16622489	1	0.015268595	0.066916589	2.1812131	702258.62
0.16000952	0.97531938	0.021096076	1e-05	0.99799529	419927.59
0.17865682	0.7512585	0.0095303537	0.0077638326	1.5558281	448793.07
0.21195003	0.75359709	0.015732673	0.086293553	2.8266064	774322.83
0.17816691	0.53810847	0.019259775	0.03208366	2.3535887	522257.81
0.19412731	0.66202425	0.016651758	0.0125545	2.2998641	497668.89
0.17303483	0.63787024	0.020001074	0.02817253	3.1049862	485994.62
0.19680943	1	0.014708965	0.010648713	0.72673943	432998.93
0.18354603	1	0.01834696	0.0089805569	0.27420295	415601.81
0.16415196	0.42627428	0.020938204	1e-05	3.9382074	417665.89
0.23455974	0.70775991	0.015366745	0.004860976	3.0009532	445585.01
0.20907154	0.7074328	0.010982772	0.00038193806	2.6102656	484208.24
0.16602062	0.85000043	0.022267895	0.019727122	1.1956432	487721.42
0.18647533	1	0.021848723	0.0078409407	0.61706207	467591.99
0.20664381	1	0.017163801	1e-05	0.37946126	408904.16
0.17696536	0.69470868	0.02338813	0.012804279	3.6425884	519847.23
0.15021296	1	0.017872015	1e-05	0.001	379918.12
0.21033957	0.73929207	0.014143573	0.018641997	3.0076204	424657.18
0.1838068	0.96994184	0.0096193629	0.0015734179	0.001	486701.42
0.20069667	0.42504988	0.013291387	0.0051931301	4.0925959	450092.84
0.17746767	0.42368519	0.022021842	0.031258876	4.0586904	474279.96
0.22836279	0.77682177	0.014604237	0.049715897	0.61832971	524283.9
0.21080111	0.62887256	0.015992701	0.014619894	5	488396.09
0.17799076	0.92938961	0.018765201	0.0011335598	3.556965	433530.07
0.17461875	0.49424518	0.019024819	0.042125984	4.8403528	643230.99
0.19503254	1	0.016100647	0.023435931	0.55645112	491932.04
0.19716074	0.56698888	0.017660002	0.0015664294	5	426807.45
0.16282197	0.7979914	0.020322953	1e-05	4.520986	354480.78
0.19415745	0.58908355	0.014558989	0.029638618	2.7814886	548142.99
0.18050677	0.73595254	0.014470773	1e-05	3.7670257	431092.28
0.16682536	0.94040492	0.019767261	0.0078992059	0.034725666	448324.15
0.18421651	0.68473121	0.014590406	0.052726302	3.0975428	600618.33
0.13175295	0.77518218	0.024278619	0.055786647	0.44872323	526484.1
0.14404491	0.65210921	0.015348207	0.031661649	3.2085558	581808.98
0.15302948	0.56815092	0.023066481	0.0016889114	5	430897.49
0.1869482	0.63797342	0.017745355	0.0089518122	4.102486	465806.47
0.19445373	0.88135242	0.024667995	0.00022706422	4.4787989	394564.46
0.18879351	0.4662239	0.013937304	1e-05	5	447015.28
0.14463668	0.35783511	0.021019285	0.026955781	4.5789183	454931.37
0.20409757	0.51828352	0.019887753	0.03753098	5	530624.73
0.18078046	0.64201312	0.016278894	0.025458312	3.973816	537644.27
0.1633048	0.93228562	0.019762508	0.0244213	0.001	479218.96
0.20566178	0.7146442	0.015114032	1e-05	4.4711759	412744.16
0.16616968	0.75297012	0.015712947	0.029036994	2.3232214	571639.66
0.18113647	0.66073958	0.012086316	0.00097806324	1.9144365	432249.96
0.16817273	1	0.012059479	0.016157243	2.5176437	502146.96
0.18455537	0.61102529	0.01515788	0.036627021	3.5914809	537201.58
0.21219304	1	0.013637162	0.0503065	0.71795754	610160.38
0.16881118	1	0.022361023	1e-05	1.0991346	414641.81
0.17004081	0.52593386	0.017649803	0.0054240491	5	438323.1
0.20228644	0.60089687	0.01496162	5.2881097e-05	3.319255	450049.09
0.19084197	0.75645686	0.017433143	0.032699403	2.2465887	585962.64
0.19967693	1	0.014545944	0.0060630965	3.8531509	488863.8
0.18568152	0.69121205	0.014651706	1e-05	1.256371	419151.97
0.18760611	0.96016857	0.015377879	0.0087473358	4.7663492	469567.05
0.20044464	1	0.011626635	0.034059238	0.001	574970.7
0.17789665	0.46599734	0.01236852	0.02589603	3.5181394	541057.13
0.19610562	1	0.015256524	0.0026792643	0.001	461879.97
0.20709093	0.72210253	0.014754191	1e-05	2.9312225	428572.28
0.16913228	0.3963513	0.016300468	0.010794228	5	447677.17
0.21588882	0.48754779	0.01133242	0.0043525939	5	452994.11
0.17394809	1	0.019238084	1e-05	0.001	421543.17
0.17799488	1	0.01724399	0.0035365755	0.93912971	386368.45
0.18899153	0.54603623	0.020170323	0.0069463071	2.9388559	408929.73
0.1711007	0.79508394	0.016915994	1e-05	5	442859.43
0.15738252	1	0.021100947	0.010410587	4.2382193	466441.1
0.20211066	1	0.012087983	1e-05	0.017465955	426397.99
0.18417217	1	0.014727406	0.0036953275	1.5948006	424698.53
0.18140315	0.63150816	0.019797995	1e-05	3.0133881	406633.41
0.18545844	0.83627877	0.01652488	0.013851329	2.651843	486654.26
0.20770128	0.78791663	0.013466299	0.014340529	1.6917145	514975.16
0.21202682	0.44662579	0.013376966	1e-05	3.9859735	417871.68
0.16695938	1	0.016841816	0.0062617161	0.19985585	478214.45
0.18744362	1	0.013335885	1e-05	0.38195868	454501.82
0.19387859	1	0.019661166	1e-05	0.001	405486.78
0.17193743	0.6702735	0.021468957	0.02067761	3.3798848	468893.65
0.14423775	0.89211815	0.022395105	0.020639376	0.001	473519.24
0.17074487	0.94382618	0.020168706	0.00033879541	1.0496531	420986.51
0.18606396	0.55637289	0.015929687	0.024878781	5	516797.05
0.2201488	0.79407396	0.011744848	0.0021133484	5	422461.3
0.19437459	0.82628136	0.019370599	0.0017893656	1.9463606	385752.43
0.17840395	0.82417721	0.02064164	1e-05	1.7587939	421815.33
0.20769666	0.96678748	0.011002082	1e-05	0.001	430795.51
0.16856685	0.51224865	0.018738853	0.0070300698	4.4701365	465080.08
0.18304611	0.66616232	0.017268312	1e-05	2.5715833	411452.94
0.2019424	0.67397617	0.019547776	1e-05	4.4743793	422409.39
0.2044506	0.93938311	0.0075929586	0.016952006	5	548952.9
0.17408249	0.6246377	0.01788836	0.028757747	4.3847902	478852.7
0.15256495	0.91189624	0.02352565	0.0084753007	0.85792958	437945.86
0.16585877	0.72413976	0.013296184	0.007362745	0.76747559	455623.51
0.16957769	0.79900993	0.014252954	0.022328287	5	529036.07
0.18008517	1	0.017724693	0.0034113552	3.8886478	451732.32
0.16057136	0.54623285	0.019398316	1e-05	3.5785772	407222.37
0.18336042	1	0.020442097	0.0046206624	5	434152.06
0.17448316	0.91317839	0.019930561	0.010281902	2.3546162	416666
0.19926556	0.63099079	0.013053035	0.015199033	5	482403.34
0.16274135	0.49724561	0.013028413	1e-05	5	443337.63
0.18435012	0.89913235	0.014791421	0.0040779062	1.2752726	450931.44
0.2174679	0.70036964	0.014383651	1e-05	1.2041526	417925.64
0.17327157	0.76691231	0.021762458	0.0041982851	0.69996157	409976.74
0.18294986	0.97779322	0.021430413	1e-05	0.087433653	366499.1
0.16865693	0.68653946	0.022163148	0.0080800603	1.2957604	434560.82
0.18582097	0.78547492	0.017688526	0.012509953	4.0900828	487281.78
0.19787983	0.81183394	0.015054683	0.011258084	1.4394646	464632.1
0.14639969	0.70828149	0.018357368	1e-05	2.8224333	405079.1
0.18549259	0.49993293	0.015097835	0.042566823	4.9243844	506700.92
0.20976263	0.54395183	0.014012655	1e-05	5	434143.96
0.18812281	1	0.021342772	1e-05	3.1024083	408548.65
0.20155023	1	0.014061025	0.038787215	2.8639353	592857.71
0.20256393	0.74410626	0.009994734	0.0018771497	5	448288.31
0.15380321	0.81451884	0.021196871	0.011711553	0.76880043	439291.13
0.20119364	0.38328985	0.011583051	1e-05	5	445132.76
0.1913162	1	0.025424771	1e-05	1.5486421	335136.37
0.20455822	0.97109996	0.019557725	1e-05	2.0562153	425849.26
0.19572479	0.56396284	0.017668552	1e-05	4.9965302	439729.7
0.1859012	0.49052865	0.018699358	0.027812397	5	525578.86
0.21144024	1	0.014978832	0.031060492	3.0037064	577168.29
0.20406026	1	0.011423956	1e-05	5	459932.3
0.16331583	0.86522391	0.020109276	1e-05	3.790644	412907.27
0.17669646	1	0.017053231	0.080825682	0.001	695922.21
0.19813442	0.60715774	0.017047693	0.01050202	5	419606.81
0.21272971	0.43085136	0.010990884	0.044579908	5	631762
0.19655527	0.58911155	0.019363072	0.043321626	5	570920.14
0.1607112	0.77834773	0.019920197	0.011875884	3.608699	439480.57
0.18418547	0.51634972	0.015348353	1e-05	5	421755.11
0.19969974	1	0.017637038	0.010267555	0.001	457422.16
0.17865688	0.61743366	0.019508549	0.013585704	1.7193198	457699.97
0.14577754	1	0.016572705	0.029342906	0.001	548037.19
0.18048049	0.65906815	0.021823591	0.016012959	3.4615538	480949.41
0.16804006	1	0.019038245	0.00014085172	2.3191036	425206.28
0.18567551	0.36454186	0.02065024	0.0072792751	5	413835.33
0.17406715	0.90131883	0.0190725	1e-05	0.95117126	428901.4
0.1863459	1	0.017678753	1e-05	3.2970516	399558.09
0.2054494	1	0.018839133	0.0097686049	0.001	451240.57
0.18202505	0.85819053	0.013627682	1e-05	1.0897266	431094.71
0.16335411	0.46913191	0.01771633	0.082177871	5	676962.76
0.19438648	0.91648483	0.012073842	1e-05	1.3450102	415629.72
0.18736861	1	0.011963699	1e-05	2.336169	456930.3
0.18456869	0.72006009	0.018343252	0.05638107	5	594980.07
0.18672915	1	0.016610461	0.0049346036	0.74078858	451731.63
0.17259117	0.63595654	0.015160092	0.017950683	5	496849.97
0.19023719	0.93506545	0.015685285	0.0096653879	3.8283393	387499.32
0.18173934	0.74701885	0.023365034	0.03392479	0.50820456	468957.86
0.16070813	1	0.016018431	0.075097991	1.335206	640291.69
0.19235782	0.73249949	0.017945698	0.0036012492	5	439793.02
0.20006351	0.90387635	0.020954385	1e-05	3.811594	437199.84
0.1992339	0.71079056	0.012019509	0.062114647	2.3363142	635459.78
0.20688318	0.69564134	0.018926436	1e-05	1.9047532	440045.02
0.18289049	0.554202	0.022670711	0.0095525778	2.3632668	408894.58
0.20214256	0.42906748	0.012774944	0.00037755009	5	433885.49
0.19369532	1	0.017923973	0.0031022535	2.9442375	413726.71
0.1715732	1	0.019540499	0.010396602	0.001	437808.12
0.18979878	1	0.019559027	1e-05	0.91792425	379664.75
0.18846468	1	0.016699116	0.022902106	0.001	525403.11
0.17875763	0.86136899	0.01331832	1e-05	1.4228488	450052.02
0.19012815	0.49510333	0.020634362	0.012197798	3.9945512	458421.9
0.17371474	0.47545614	0.013438315	0.030640033	5	518462.37
0.17857818	0.91175553	0.014174964	0.0005954176	0.68831065	485258.19
0.17281378	1	0.017071729	0.059571536	0.41891468	606777.08
0.1762238	0.703025	0.017895345	0.031556622	3.0494363	514403.65
0.18292685	0.78865579	0.024748241	0.014678016	3.5317972	457466.72
0.19850013	1	0.015006523	0.01245435	0.001	470143.69
0.20735208	0.62059729	0.017240045	0.041160923	2.6205948	532730.2
0.16370704	0.87779527	0.019821732	1e-05	2.9434861	426765.32
0.19220234	1	0.013057969	0.04605042	0.001	635657.11
0.1814952	0.87834616	0.02074346	0.012492992	2.1905521	415780.35
0.19984853	1	0.016588642	0.0062843833	0.24110914	437949.39
0.17194749	0.53868323	0.012524597	0.035685752	4.6527093	558066.41
0.18345636	0.66593885	0.016687114	0.0059512286	2.7737439	446298.68
0.18904092	1	0.015205606	0.005998242	1.0892572	419915.81
0.1720779	1	0.019545107	1e-05	0.001	407946.82
0.1898414	0.62103845	0.016644689	0.0088634702	5	438419.46
0.17851566	0.94841178	0.019969901	0.023497423	4.3592364	591631.94
0.20137365	1	0.017370023	0.0030821143	5	419315.77
0.20544086	0.84200553	0.01263827	0.025344163	0.96653702	526138.24
0.18555328	0.52549246	0.017419764	1e-05	5	411513.11
0.2092438	0.73899728	0.017725196	1e-05	0.87563923	403287.35
0.1648565	0.84974324	0.022847919	0.0021751443	4.3368915	398497
0.20672923	1	0.020216557	0.016245744	0.001	440652.36
0.15848902	0.79823083	0.021992758	0.0082353728	2.4477153	462410.41
0.17872606	0.62303369	0.014614059	0.065388371	3.7345449	689331.04
0.15323013	0.65156335	0.02130652	0.019528104	4.7123328	474932.67
0.18755776	0.78949843	0.017541739	0.016982076	2.4289541	455063.12
0.20347237	0.69285889	0.022831832	0.010097968	4.1337247	432402.24
0.18785964	0.95266731	0.019241881	1e-05	0.001	384902.25
0.20196923	0.77787055	0.016842393	0.012228213	2.3726558	473700.33
0.20544586	1	0.010488346	0.017435085	0.36231403	517815.76
0.18245849	0.86879425	0.016475301	0.030895372	2.7632991	552446.03
0.16348241	0.83831624	0.019766884	0.0078915044	2.7542941	408203.11
0.20336767	0.65569338	0.016691365	1e-05	4.7157883	426431.54
0.18737992	0.50075558	0.016093784	1e-05	2.8336712	398766.89
0.16668959	0.83206433	0.019180016	0.0060116334	1.0418957	459222.91
0.18328246	0.66604984	0.018832381	1e-05	5	416041.22
0.17569967	0.70915503	0.012096293	1e-05	5	434313.79
0.16871707	1	0.013415709	1e-05	0.001	436733.6
0.18367652	0.89167348	0.013452995	0.047603786	0.82746233	592528.25
0.19017133	0.64518594	0.01564493	0.029615696	4.5645876	551272.8
0.17169988	0.9062314	0.016990472	0.014159299	5	503294.11
0.19721784	1	0.015199659	0.034172367	1.5571238	573480.04
0.19110287	0.92520718	0.013141573	0.0067492312	1.4032634	499933.1
0.15365369	0.78743758	0.013742689	1e-05	1.3339523	434889.15
0.17803013	1	0.022458262	0.0099193665	5	423745.34
0.1745738	0.80859415	0.019842916	0.0065014567	2.1453599	417125.39
0.19472534	1	0.016859813	0.015150367	0.52457153	406681.19
0.19004663	1	0.019202235	1e-05	3.2199653	418107.61
0.14791385	0.68587253	0.016192538	0.035387945	2.9508002	547499.91
0.18161911	0.43931598	0.019728972	0.011867869	5	414366.31
0.18157683	0.63856472	0.019606743	0.018138877	2.7661852	426475.46
0.17055166	0.61385052	0.01516395	1e-05	5	449141.12
0.14688931	0.90270844	0.0206782	0.015404077	1.8142506	470260.83
0.172876	0.75405415	0.019370567	0.0067246969	4.9873222	410063.86
0.19304446	0.87208742	0.016766327	0.0014967356	0.49621828	450378.1
0.1703479	0.78945615	0.021656204	0.010202057	4.6384123	442258.92
0.185153	0.79994009	0.012030628	0.010563126	0.51589574	493635.65
0.1895896	0.66627756	0.012493395	0.030066096	3.2982498	521093.97
0.15393886	0.6925734	0.014853805	1e-05	2.8634945	429885.38
0.20766921	0.3635621	0.011015645	0.044489836	4.7992472	586718.84
0.15451906	0.84571286	0.023206244	0.011253977	2.6237717	463738.37
0.19237958	1	0.014993077	1e-05	1.6623714	428889.58
0.15919973	0.68047051	0.02423888	0.036440531	2.6863003	500674.96
0.17171782	0.95178754	0.018625188	0.044697296	3.8903078	542193.62
0.18422518	1	0.011904372	0.037937372	0.001	550264.77
0.14373731	0.93200409	0.014571007	1e-05	0.48522631	447769.78
0.20435633	0.94660081	0.011194963	1e-05	2.8231496	446236.4
0.2001109	1	0.018729023	0.00013206247	0.001	420922.89
0.2075369	0.89275055	0.017073553	1e-05	0.81579806	432858.91
0.19352374	0.82761708	0.013380536	0.004382722	3.487687	458331
0.21121225	0.59422454	0.013970611	0.0072063221	5	458090.78
0.19023315	0.68110627	0.017166017	1e-05	2.1147368	420873.27
0.17648433	1	0.017526267	0.014635882	1.1511762	471656.63
0.20273035	0.55010537	0.010246468	0.047619795	2.2204799	534581.69
0.16024955	0.7928907	0.017347163	0.017858549	1.5251294	441480.69
0.173212	0.72675447	0.019315306	0.020659293	2.2916924	489878.7
0.16487917	1	0.018703995	0.0074444572	0.001	408292.26
0.19213044	0.63533412	0.019994914	0.067724146	2.4383075	785960.08
0.18288933	0.5550484	0.018274262	1e-05	2.8741735	397509.56
0.21074534	0.57372688	0.016954305	0.00060169128	4.2284546	413196.34
0.21176668	0.93203276	0.015053225	0.015610576	4.9958659	482839
0.17815514	1	0.013308425	1e-05	0.001	428155.82
0.19632567	0.66451075	0.010596927	0.00030503609	2.5041491	449925.38
0.22104139	0.94930576	0.0099667991	0.0043407327	0.5821485	444546.45
0.19196646	0.52422271	0.0148616	0.00011793139	3.761714	440877.14
0.14115255	0.60353618	0.017690664	0.024336311	3.5983236	515559.66
0.17597147	0.40570989	0.012593764	0.015699605	4.242908	489519.99
0.18930552	0.66711452	0.018193431	0.017029236	2.0305023	480786.5
0.15956333	0.68762627	0.020775484	0.011431187	4.4759103	448872.45
0.18789761	0.95966956	0.014428798	0.030108173	2.8315775	498192.75
0.15557053	1	0.021594767	0.021244788	3.290416	511181.74
0.19006668	0.60066685	0.015431126	0.0085237489	5	451707.91
0.16441706	0.98538064	0.017151845	0.049924628	2.7441697	578749.54
0.18948171	0.39686075	0.016753545	0.035295203	5	559590.89
0.19886518	0.55660828	0.01605734	0.017648023	3.6669413	494264.45
0.19286959	0.53701329	0.018757015	1e-05	2.8695686	440661.37
0.20391144	0.79511303	0.015066937	1e-05	5	387036.01
0.18378592	0.87739685	0.015608804	0.010703263	0.58750522	463485.24
0.18212411	1	0.013412019	1e-05	1.0225287	440145.94
0.16059005	0.83538597	0.016571355	0.016018387	0.90684156	508894.91
0.21161805	0.66516652	0.011396504	0.00075483178	3.4087752	432298.15
0.17464823	0.61754672	0.012826475	0.055570818	3.5658434	674709.56
0.17062497	0.48375492	0.024505441	0.012838655	5	369360.98
0.20139727	1	0.012091698	0.021239862	0.13587055	526917.74
0.18782932	0.79926572	0.015738515	0.011381209	2.2390453	500091.75
0.2029116	1	0.013673506	0.0066984824	0.59350071	467599.78
0.18869721	1	0.014364824	0.0016210506	0.001	467821.48
0.18869318	0.77876575	0.016963331	0.0069897074	1.8103765	416512.39
0.17289145	0.57404605	0.016469435	0.0031961646	5	404933.56
0.19573297	0.43656833	0.01917717	6.502269e-05	3.5831727	389513.32
0.1827512	0.90563941	0.015637454	0.00072108359	0.77779986	439571.16
0.18904906	0.96790211	0.013536528	1e-05	1.5926089	450998.78
0.17874543	0.51927776	0.018391156	0.011969778	5	468057.84
0.20203219	1	0.012391895	1e-05	0.63527506	490598.28
0.13648925	0.85428402	0.024344688	0.0160354	2.5051493	437108.78
0.20344254	0.65325796	0.01486146	0.025349166	4.618702	510824.47
0.1725822	0.98754173	0.014988858	1e-05	0.001	416629.33
0.18158796	0.79242024	0.01634844	1e-05	5	430798.61
0.18359903	1	0.017315749	0.022770036	2.3568371	486216.2
0.19151233	0.9899646	0.015167754	0.00020831121	0.001	436330.69
0.166381	1	0.019644494	0.014366361	0.001	402446.41
0.17881043	0.4151415	0.01661966	1e-05	3.1147646	426135.26
0.16082283	0.59388519	0.016619731	1e-05	5	434101.44
0.16612924	0.57423212	0.015824472	0.039553268	5	567549.06
0.19442001	1	0.014001198	0.042487967	0.001	525630.07
0.16915733	0.96106548	0.015980254	1e-05	0.001	443122.51
0.16676616	1	0.0184929	0.012099854	0.001	459669.19
0.16156379	0.53275593	0.015808588	0.035117916	1.9035932	525171.52
0.17046649	0.68195325	0.017257001	0.10599595	3.2902259	804340.61
0.15195043	0.37666529	0.025141925	0.0052721283	5	406012.44
0.19028492	1	0.015481691	0.01289736	3.8525033	467471.64
0.16336236	0.38999914	0.024923267	0.020062455	4.7173098	492666.56
0.21356839	0.89655326	0.019335793	0.029196503	0.23812967	481816.88
0.1650468	0.97916834	0.017646042	0.061175139	2.660299	727066.5
0.19611349	0.60992655	0.017811934	0.029577719	4.764578	499020.29
0.18267174	0.88883181	0.018651024	0.0089433464	0.80986981	400784.86
0.20598325	0.69913959	0.012795011	0.016968079	4.9872685	515971.71
0.19798714	0.38449081	0.014402663	0.0076006073	5	444584.08
0.18015998	0.84841948	0.017009393	0.0027802857	2.5334574	399054.84
0.18828487	0.9687403	0.022881275	0.00048100508	2.0490957	423680.97
0.2082076	0.39313061	0.013411275	1e-05	5	421712.94
0.17039812	0.95098748	0.012992434	0.04523351	4.7049871	599888.42
0.17720997	0.6868331	0.020220177	0.00023396209	5	410971.46
0.17665135	1	0.020107301	0.017936852	0.001	498739.91
0.15159835	0.62268789	0.020235616	0.022208345	0.99297476	457426.5
0.20423043	1	0.010507568	1e-05	0.001	434936.74
0.16287549	0.66980475	0.020213677	0.010295327	5	431997.29
0.17468417	0.91269042	0.019924968	0.010309226	2.3370829	416609.87
0.18788444	0.40471776	0.016817254	0.00887235	5	484697.76
0.19035628	0.61178943	0.01465543	0.0045542579	3.9312403	421668.79
0.15604333	1	0.015446879	0.008777603	3.1021071	478329.66
0.18290966	1	0.013945796	0.069149345	0.1439243	739499.51
0.18312775	0.95585876	0.017542689	1e-05	4.1381661	434501.51
0.1978604	1	0.011202979	0.0070530979	5	449712.91
0.19529879	0.8135792	0.016255303	0.0089151277	5	442597.02
0.20188888	1	0.014348488	0.022384713	1.7236748	469047.14
0.18390473	1	0.011180406	1e-05	4.7488309	491793.92
0.1848364	1	0.018859128	0.0045268633	5	469944.88
0.19325814	0.9430267	0.013230719	0.012531261	0.001	497818.67
0.1709983	0.45069913	0.016172859	1e-05	5	416869.54
0.1747602	0.86603795	0.016026744	1e-05	0.26953053	401351.01
0.18776289	0.54544789	0.019142035	0.0072060754	5	468634
0.18077774	0.80966391	0.013972672	0.015248116	4.2572957	471211.77
0.18208478	0.81552728	0.016410605	0.089899442	2.2448284	913326.74
0.19133043	1	0.018545863	1e-05	1.9882872	395689.49
0.21219445	0.85493582	0.015320721	1e-05	5	393523.29
0.191898	1	0.013841481	0.030011373	4.0434205	571292.65
0.18999213	0.61349378	0.015162659	1e-05	3.6881725	394994.46
0.21439011	0.73815427	0.014141503	0.0042642624	5	450436.44
0.1665056	0.91199576	0.019588522	1e-05	0.95567918	431332.85
0.14513863	1	0.019986518	1e-05	5	412325.06
0.20271435	0.87632637	0.015315898	1e-05	3.9363078	392872.65
0.16284894	0.51631178	0.019644398	0.09554692	3.4450533	745270.98
0.18768799	0.9085473	0.015752806	0.023995808	3.2523992	498955.39
0.19299816	0.56290945	0.017006022	0.041727017	2.799321	564836.36
0.18607453	0.48149025	0.016534055	0.036153712	5	545102.76
0.16812964	0.6397512	0.021198626	0.001360738	5	389304.56
0.16016313	0.63702116	0.019858329	0.025584163	3.3430425	470024.85
0.20891301	0.72497578	0.019244456	0.0058099681	3.8259683	407689.11
0.17869916	0.50802673	0.017227218	0.0014436421	5	404628.44
0.17923609	0.6016378	0.015115455	1e-05	3.271853	425019.91
0.17950706	0.89376939	0.0158269	0.04721362	1.1270805	610186.39
0.19852178	0.6390772	0.013377249	0.0026261113	5	438110.87
0.17211357	0.73148706	0.017955057	0.049185447	0.99341845	622292.59
0.18579369	0.73899634	0.017114464	0.014550893	3.2708922	452786.48
0.14320936	1	0.027986392	0.020135234	1.3408982	441986.06
0.15587872	1	0.02074285	1e-05	2.9241477	419290.87
0.18624698	0.79154562	0.019684023	0.058346871	2.665214	637935.24
0.21065525	0.81152269	0.02092639	0.012461323	3.7453401	454915.49
0.19793234	1	0.018055	1e-05	0.001	394845.13
0.18231806	0.51509425	0.024184112	1e-05	5	386188.41
0.18665241	0.67848717	0.024792336	0.013152508	1.9174387	480375.08
0.18778607	0.64036697	0.020267728	0.026877382	4.4341698	523216.22
0.1969374	0.97851328	0.017045955	0.0001194962	0.052204065	426762.97
0.17985938	0.94062759	0.016750855	0.0029172507	2.9302322	449786.68
0.17519771	1	0.023970184	0.051587062	0.001	604620.85
0.19450629	0.48303215	0.014351415	0.036269316	5	594721.95
0.20202046	1	0.015835374	0.012805035	0.001	483783.56
0.18271277	0.95156578	0.015139593	0.0021280663	5	413955.13
0.19046363	0.60529562	0.015722463	0.012755444	1.9532269	461610.45
0.17648604	0.79977211	0.022575659	1e-05	2.4126944	426148.41
0.14495509	0.93465181	0.021969296	0.047331137	0.74900657	577253.24
0.17223722	0.92699976	0.016260624	1e-05	4.0913782	393737.04
0.16787062	0.47697963	0.014865287	0.0019119034	4.9018486	453929.44
0.21628523	0.97117319	0.0122055	1e-05	2.8788058	428185.64
0.17695595	0.98471458	0.014879893	0.035969879	0.70735894	631955.01
0.15761728	1	0.020694031	0.014656264	0.88021356	476375.24
0.2103359	1	0.011765691	0.0010877223	2.508559	420513.14
0.1803981	0.58516892	0.013487293	0.010225971	4.1773063	434549.07
0.1795878	0.71203384	0.014271057	1e-05	5	449117.15
0.17938515	1	0.018125161	0.022813677	2.0483	496455.46
0.16996202	1	0.019157029	0.0094563492	2.5033543	398939.86
0.1532848	1	0.018352587	0.029620706	0.001	533854.15
0.18572083	0.74867335	0.018068355	0.04554018	5	551493.08
0.21003898	0.67388389	0.011124182	0.01133644	2.275717	509745.99
0.18633244	0.4788175	0.014773858	0.00032487115	5	437295.99
0.19162184	0.40211686	0.017860442	0.0058264742	4.0057873	433022.21
0.20839353	0.70873577	0.016072507	0.0050800988	4.5968994	447334.99
0.16947788	0.83296038	0.01903082	0.02021557	3.9568069	477337.98
0.1997492	0.39529261	0.014467033	0.00028194871	5	391099.87
0.17247839	0.69471069	0.012722754	0.022230653	4.1578561	539160
0.16060432	0.71957027	0.015599083	1e-05	5	393705.52
0.15443865	0.85472518	0.012284088	0.035091335	0.001	576817.51
0.17289616	0.75011569	0.019925614	0.002393845	2.4069501	431742.39
0.17995116	1	0.018055608	1e-05	1.0214818	400201.28
0.17253662	0.86265315	0.019808282	1e-05	2.1499733	379474.67
0.15144453	1	0.027450509	0.0042575648	0.001	339704.7
0.19858152	0.99761198	0.022281612	0.022455787	0.001	474856.23
0.17767777	0.43497547	0.018146088	1e-05	5	428418.72
0.16747012	1	0.013485373	0.0053618725	0.001	410830.32
0.20953164	0.86328263	0.0079969345	0.0030804083	4.275583	503798.54
0.17543797	0.63698085	0.016916376	1e-05	5	429216.27
0.18098381	0.72409458	0.020385377	0.0094959174	0.95862838	463799.03
0.18720499	0.97640914	0.014678186	0.00055019277	5	447427.29
0.16403562	0.45187471	0.027103703	1e-05	5	381767.43
0.18461643	0.81367413	0.017893842	0.01900702	2.6887765	493635.25
0.16453639	0.80833787	0.018986052	0.0042784378	1.9365191	431399.53
0.17303685	0.78942827	0.013908109	5.5980666e-05	2.7673179	399197
0.16702542	0.95447114	0.0112956	0.056862	0.001	594903.28
0.17453578	0.62216305	0.017426552	0.009910612	5	431949.7
0.16778039	0.6778675	0.019169606	0.0044972166	3.7191411	433196.02
0.17185918	0.75772227	0.015234452	0.01178226	2.1691467	476066.55
0.18047659	0.81354411	0.01559599	1e-05	1.9475814	419848.02
0.18335678	0.55233273	0.013900049	0.0048230282	4.0689149	488757.93
0.184077	0.76632451	0.02112281	0.018342963	3.5993268	471364.81
0.20686383	1	0.013972829	1e-05	2.9204721	450834.57
0.20529637	1	0.013401112	0.010837941	0.001	439194.61
0.15155936	0.8333725	0.013604172	0.034030462	0.5522903	526375.6
0.17460419	1	0.018072522	2.1085958e-05	1.8048834	418062.56
0.18355531	1	0.017370806	0.0073931749	2.1747505	491415.85
0.18225011	1	0.018078583	1e-05	0.21559252	410511.37
0.2017795	0.90039016	0.020343883	0.0090911808	1.8542406	404215.77
0.18360877	0.6432886	0.015566177	0.02339719	2.5932532	500549.18
0.20016448	0.84930158	0.013415719	0.010788569	2.9178306	462260.5
0.15979132	0.51039763	0.023315618	1e-05	4.9178287	370034.56
0.19931658	0.88256179	0.014609623	0.0010348644	2.6937507	406969.27
0.18507743	1	0.016346458	0.0037678428	0.81490163	464270.25
0.15272225	0.56831485	0.021803907	0.017725404	5	534769.54
0.1889349	1	0.014136836	0.022398285	0.001	455805.54
0.20071363	0.76716093	0.017454499	0.01666681	2.9587721	515114.34
0.15992707	1	0.024737833	0.0087083264	5	433592.98
0.17440419	0.60757581	0.019852794	0.020528563	5	470867.09
0.15463883	0.91059083	0.015902445	0.015053033	3.1728355	486660.54
0.16325743	1	0.023746461	0.0476254	0.68311651	530327.33
0.19312789	0.85261441	0.01492986	0.0023031592	2.640476	465042.35
0.18517132	0.57487512	0.011265151	0.033952529	5	592225.92
0.19163563	0.76643964	0.014464447	0.024091949	4.2132933	520792.79
0.200436	0.82046515	0.01486054	0.090899868	1.0312439	781628.3
0.1774447	0.77063465	0.01884498	0.0053423942	4.7043829	393537.17
0.14991469	1	0.016531636	1e-05	0.91088946	447005.96
0.18001407	0.41389752	0.015334034	1e-05	3.3636144	391229.8
0.18533981	0.89281059	0.027053475	0.0095001165	2.9815744	395210.22
0.16847084	0.81232103	0.016352971	1e-05	1.8477283	447181.45
0.18461326	0.56416974	0.018506009	0.0082376975	4.088609	400927.55
0.17245245	0.71709743	0.020041643	0.010171886	4.4024377	447251.86
0.18841009	0.70805809	0.012379034	0.13447899	4.0647393	1e+06
0.1722986	0.55799707	0.017608552	1e-05	3.7415587	392591.8
0.15775741	0.89577088	0.017470159	1e-05	0.9679008	387933.22
0.18779505	0.64037221	0.015522727	1e-05	1.2259956	435286.57
0.18714493	0.69018189	0.017916568	0.0066960282	4.0260528	434532.98
0.20924378	0.85434313	0.016919207	0.0020709329	1.6948275	443184.58
0.1945536	0.9788815	0.011449581	1e-05	1.1712671	470789.09
0.17778704	0.85052991	0.018399602	0.011732521	3.6917926	466581.02
0.19312381	0.99077643	0.011712372	0.015440861	0.99102843	497323.16
0.18702789	0.42938903	0.016849916	0.0061442839	4.6249317	423323.51
0.19819418	0.99742949	0.018903346	0.0027309598	5	446234.76
0.19405416	1	0.014451268	1e-05	1.5332197	467446.33
0.17980799	0.66885676	0.016728376	0.003327164	0.9597476	439428.34
0.18804105	0.78504024	0.018282223	1e-05	4.178648	427084.45
0.16899894	1	0.020100857	0.0018376199	0.54145176	422486.21
0.1943005	0.53374034	0.015191627	0.0084001679	3.5889429	465698.27
0.17645457	0.75502189	0.018868407	1e-05	5	428589.53
0.16501757	1	0.023595602	0.068341755	0.077057757	630196.5
0.19400924	0.82035285	0.012014106	0.042293797	4.9979059	614486.39
0.19219732	0.68165948	0.017017145	0.0091254923	2.9850473	451946.59
0.173238	0.98156451	0.018810479	1e-05	0.001	416714.83
0.19573569	0.75375184	0.01334231	0.047233907	2.9469428	579580.85
0.19967807	0.63813836	0.017278649	0.0040820274	1.5551487	427026.61
0.13856621	0.83860468	0.020173171	3.5703291e-05	3.751882	420221.77
0.18987966	0.62503508	0.016865028	0.0011549539	5	438253.52
0.19492608	0.92612991	0.010702347	0.011480301	2.1327447	507463.5
0.20660432	0.79151558	0.016150124	0.0040024141	4.0355517	441808.47
0.17708925	1	0.015876196	1e-05	0.001	455890.86
0.1784925	0.66079721	0.012402947	0.0096633059	4.616182	470016.94
0.20720481	1	0.014148864	0.06559228	0.41567186	735239.34
0.19466922	0.7231532	0.01681246	0.015367926	3.8697597	474286.79
0.18652202	0.64383469	0.019065987	0.00049792217	4.6407642	414233.82
0.19827598	1	0.017418024	0.0083948268	0.45568831	463897.07
0.17554929	1	0.018795024	0.014059215	0.001	443463.46
0.14436452	0.97639913	0.023811679	0.0024234511	0.18631563	410683.64
0.15158075	1	0.020694425	1e-05	3.1762002	442775.05
0.19715014	0.66904991	0.015706063	1e-05	5	430524.69
0.15633773	0.74505983	0.013846408	0.025271022	2.7650463	536416.57
0.20861641	0.79926572	0.015738515	0.020648139	4.3026293	501235.05
0.19019482	0.82467011	0.014985869	1e-05	3.8134159	399120.59
0.17392226	0.5486623	0.015317789	0.014277069	2.0149484	489681.14
0.17416979	0.68764225	0.019434172	1e-05	1.6370168	440281.35
0.14714054	1	0.022063422	0.0061686218	0.001	436616.41
0.18324489	0.85820446	0.015902781	0.038414482	2.1761067	669160.34
0.19369012	1	0.013577886	0.01778259	1.1862647	482108.57
0.19220639	0.94153491	0.012526818	1e-05	0.56982493	445093.91
0.18264822	0.61828858	0.013765446	0.0058242546	3.9270974	440333.79
0.16850971	0.83016577	0.015139136	0.087280737	0.42666424	732298.86
0.15943931	1	0.019526389	1e-05	0.96775665	403217.24
0.17869958	0.54544447	0.014642641	1e-05	3.7954605	414673.65
0.17686058	0.54867291	0.013825811	0.015826321	2.4784296	498115.55
0.2039721	0.79047674	0.011785004	0.015137312	1.5897599	432513.3
0.1912063	0.94111316	0.017936153	0.02388589	0.0128206	440185.55
0.18842247	0.78148756	0.014309868	0.017272342	4.3444953	520268.99
0.18661897	0.9684428	0.012081296	0.019619978	0.0076588981	504119.92
0.19233853	0.72000892	0.011688221	1e-05	2.5646962	441209.42
0.20776581	0.39239098	0.013072866	0.038731562	5	616088.95
0.17591364	1	0.020469215	0.0068790165	0.001	464723.76
0.18032773	0.51381691	0.018526214	1e-05	4.3619174	420487.46
0.14402228	0.99521283	0.018483604	0.022725664	0.001	478754.57
0.15970022	0.45143978	0.018815153	0.02517286	3.9836469	478235.78
0.19289981	0.92479113	0.017106294	0.024737888	2.6952392	482942.41
0.19883266	0.74993473	0.017644525	1e-05	2.4140107	398973.55
0.19157683	0.45957343	0.01734224	0.0078278059	4.0792099	443007.79
0.18344781	0.44270571	0.021285836	0.032726475	4.5854774	487983.63
0.21426161	0.89214395	0.016043217	0.024563115	1.9409199	513727.65
0.1808558	0.79386635	0.018501596	0.0092761188	3.7538157	454113.84
0.19829758	0.58690189	0.017524112	0.0034231783	4.2621397	370859.2
0.1842861	0.51644276	0.018449356	0.003254402	4.0692061	447887.89
0.18761726	1	0.021095683	0.018236956	0.001	455514.45
0.18237938	0.98721502	0.015664045	1e-05	0.97285592	412803.48
0.18978474	0.82741744	0.015520531	0.019364314	3.5938492	520678.34
0.16677252	0.47136192	0.025528736	0.038481879	5	554819.44
0.17616776	0.76877725	0.021756031	0.002403808	0.50511583	405756.78
0.18102202	0.89037139	0.012269829	0.039599079	0.001	547214.97
0.17452094	0.78823448	0.02100213	1e-05	0.14095942	393497.53
0.20700939	1	0.01828795	0.033180187	0.39342525	533892.84
0.18221655	0.66224205	0.018346114	0.00023454715	3.3421433	431759.33
0.16069965	1	0.017292775	0.060868937	0.27138867	660327.76
0.18913806	0.88427845	0.015432643	0.025278696	3.1549758	491424.53
0.19888097	0.55180233	0.018814558	0.014753339	4.6631556	482761.9
0.17390653	0.74672971	0.014636995	0.073813	3.1242041	728728.18
0.17780831	0.65017529	0.020001168	0.0058559576	1.9461697	441902.49
0.20321046	0.94188236	0.013699909	0.028919584	4.5001316	543232.84
0.19878244	0.90030664	0.013860003	0.0080268749	0.7352107	467534.58
0.17849532	0.9845386	0.017968	1e-05	1.1984892	392496.86
0.1833607	0.77823252	0.015210327	0.0068906364	2.6186726	490002.15
0.17104489	0.56319833	0.019809658	0.0060658571	2.2069119	422241.14
0.17385768	0.62508197	0.015107853	0.020680492	2.5768176	488839.23
0.17416402	0.92074726	0.018680707	0.034463573	5	544159.2
0.17698449	1	0.010008981	0.013048553	0.001	521204.01
0.14476491	1	0.024776173	0.017079154	0.001	487322.72
0.18129379	0.99275939	0.014325826	0.007296401	3.5697137	458935.14
0.15643533	0.75171631	0.010881938	0.084282151	3.6174179	861794.74
0.18307405	0.88362676	0.0143408	0.0033929779	1.7680829	473989.78
0.17281586	0.42572908	0.020887608	0.0046194289	5	415820.46
0.20155734	0.87116201	0.012747097	0.042946159	0.238664	500982.7
0.19101509	1	0.01050741	0.0079062206	1.1732728	453496.55
0.1729179	0.72455136	0.016148408	0.0054712628	1.98956	418581.19
0.16496312	0.7071723	0.017436154	0.049731388	3.6051471	605015.36
0.18598624	0.59893732	0.017968337	1e-05	3.517949	401249.55
0.17857584	1	0.0188779	1e-05	0.001	399724.08
0.21029901	0.4901462	0.011788921	0.010481263	3.8111815	480976.07
0.19348182	0.39377035	0.017708027	1e-05	5	449342.86
0.16276692	0.69407854	0.017838893	0.087222134	2.9646774	834354.32
0.18815547	1	0.018157201	1e-05	0.001	439380.5
0.21270176	0.95011822	0.010175217	1e-05	0.1897706	445260.61
0.16020063	1	0.015808008	0.002747773	0.85832253	441346.85
0.18089546	0.75274211	0.012060802	0.014806086	2.3696139	435448.99
0.17235474	0.99467946	0.022346238	0.00032634883	4.2630824	429793.06
0.18725632	1	0.018879161	0.0043097956	0.001	415124.23
0.1856804	0.4206244	0.01412888	0.0013728919	5	435461.5
0.17954353	0.68565621	0.022819776	0.019139527	2.8875577	460623.03
0.16045226	0.88566403	0.013135814	0.022717423	4.5780872	495828.74
0.19395641	0.80873528	0.014366121	0.021056925	0.79925909	487057.8
0.19290227	0.55807291	0.018875497	1e-05	3.9860106	411114.62
0.1890747	0.79768131	0.022850364	0.002942396	5	405736.58
0.16336239	0.41330459	0.014578075	1e-05	3.0424766	444172.41
0.16344249	0.50011894	0.021642992	0.037487369	3.0394402	506546.78
0.19623222	0.48209506	0.015761186	0.0041135529	4.424577	459085.12
0.18093882	0.74223262	0.021197208	0.00047381389	2.9655397	428215.12
0.15520822	0.91885128	0.023939388	0.0028413743	1.5454969	426143.16
0.19136482	0.78137067	0.017337899	0.0057839304	3.499698	412707.16
0.19244105	0.94392864	0.017000993	0.0010720177	0.29854751	428660.52
0.19877395	0.78375808	0.01719878	0.013106428	4.1487274	491323.79
0.17822902	0.39454964	0.012091188	0.0036648859	5	433031.25
0.17123488	0.77771624	0.024262966	0.0013507339	5	411106.66
0.16908138	0.84820336	0.01783774	0.037037245	3.6202301	600084.21
0.16355523	0.67635272	0.018684817	0.0041143596	3.4380547	448405.53
0.17338241	0.3848865	0.014053525	0.021435859	5	514200.17
0.22007221	1	0.014711701	0.014838909	1.5132363	473983.73
0.18522863	0.92261273	0.013157638	1e-05	0.63897825	446746.97
0.18394634	0.89589126	0.017641146	1e-05	1.8099944	408240.76
0.15798828	0.75744445	0.013175936	0.0022948823	3.2245883	483766.12
0.17697161	0.76223144	0.01621642	1e-05	1.0295303	446884.01
0.17354803	0.97746435	0.017762556	1e-05	0.001	416171.89
0.17030479	1	0.01742443	0.0003831307	2.5977391	452351.52
0.18046061	1	0.016016908	0.0083531073	0.001	410079.07
0.19782839	0.93705166	0.013559142	0.068379851	1.3727774	745361.22
0.16454124	0.85465069	0.016488497	1e-05	5	420127.91
0.19608958	0.95040251	0.0092491184	0.01519761	1.7757128	467327.27
0.15093487	0.54760395	0.021188276	0.023582873	2.4559991	512740.03
0.20892765	0.37195696	0.02096517	0.00025662933	5	416661.78
0.19083134	0.64206343	0.018692041	0.0085268379	4.0466718	447843.6
0.17206164	0.45791538	0.021993596	0.011150875	3.0763697	430052.28
0.19218985	0.61086565	0.010669165	1e-05	3.5639916	466642.21
0.17163042	0.72348676	0.015665758	0.017831525	0.6905404	448704.98
0.18891762	1	0.016567749	1e-05	0.001	426921.85
0.16987598	1	0.022103955	0.01617006	0.001	472098
0.14920474	0.978116	0.012930319	1e-05	2.5068146	485368.09
0.20825142	0.70059111	0.011226425	0.00014059415	2.2776439	447209.83
0.20866316	1	0.012957202	0.036915893	0.001	542492.22
0.17181381	0.87288624	0.020478194	0.01696643	5	470058.4
0.14860645	0.95484578	0.020359271	1e-05	4.6907574	399090.7
0.18611948	0.82075826	0.018497783	0.0013255472	2.8934411	425552.16
0.15182242	0.95314061	0.014847553	0.0056458347	2.266733	455787
0.19311809	0.78860129	0.016124217	0.0041123174	3.9734501	478910.52
0.17396143	0.9397809	0.019807473	0.012488305	0.89394185	497414.63
0.14934501	0.66822672	0.01962408	0.021501966	3.0342847	487249.46
0.1900905	0.43062387	0.019457579	1e-05	5	373209.75
0.19119402	1	0.014322996	0.056094916	2.652793	611446.55
0.19891205	1	0.015281309	1e-05	2.6918309	429172.68
0.22358524	0.54929004	0.010720316	0.0049020995	4.9249058	490699.44
0.16716548	0.9895826	0.018456715	0.0047227498	0.001	435266.82
0.20276346	0.7048944	0.023725572	0.015985287	4.9798988	401396.46
0.19172555	0.80199576	0.017326432	1e-05	0.95758238	416128.04
0.1955576	1	0.010605216	1e-05	0.001	419458.34
0.2085907	0.84582986	0.013015626	0.020111249	2.7970128	538287.59
0.19327903	1	0.016994937	0.014981884	1.3111234	496156.91
0.19654538	0.4283816	0.015106848	0.046585854	5	564946.11
0.20543701	0.99782858	0.02189854	0.0086932088	0.026993831	411280.24
0.17720344	1	0.018507563	1e-05	0.001	427712.8
0.18947216	0.59642091	0.013219503	0.052999406	3.9507229	633917.96
0.20326295	0.79000925	0.020583128	1e-05	2.2125735	364184.53
0.19614005	1	0.020934577	0.003755388	0.001	378305.01
0.17337371	0.86294194	0.01928096	0.005857589	4.2056282	421899.32
0.19393787	0.87537561	0.011087026	0.0076799034	1.2426741	480103.82
0.16157011	1	0.020058333	0.011215304	0.001	441076.29
0.18282145	0.74421841	0.014880716	0.0061111533	3.1710072	466482.54
0.14797751	0.87289153	0.031012749	0.01007857	2.4256742	395885.21
0.20625621	0.78916983	0.01254755	0.12662519	3.0937161	964373.97
0.16543917	0.8467395	0.01874831	0.015274768	4.11027	453977.26
0.20336104	0.67603177	0.019039005	0.012882833	2.8348917	441755.41
0.16090126	0.68355277	0.015933405	0.0072282927	1.8811415	462166.77
0.19230938	0.4658075	0.018371308	0.0029924148	4.8302997	429940.39
0.15036863	0.68606982	0.01611089	0.028027537	2.8629054	516748
0.14518103	0.58580576	0.017046896	0.0015905648	2.8965167	472691.11
0.19382665	0.9581656	0.017128593	0.096645434	4.2824962	862526.11
0.19025283	0.95013657	0.016586126	0.01463095	0.96824923	474091.94
0.19597199	0.44063457	0.017894062	0.001825805	5	421489.48
0.17838326	1	0.0165618	0.026880564	1.3366414	503591.13
0.17671256	0.6357118	0.012278836	0.10912267	3.6863965	828118.88
0.18056388	0.47963984	0.013499941	0.016438265	4.6753365	500239.53
0.17533106	0.74066052	0.018801515	0.0028642357	1.6826056	406179.92
0.19983889	0.89352421	0.018336851	0.080610224	5	857292.02
0.1687992	0.44146961	0.020629297	0.0025743379	4.2817105	425509.2
0.19788187	0.96600349	0.015064114	1e-05	4.9930565	421285.17
0.20803665	0.58834702	0.019479285	1e-05	5	404571.63
0.17001163	0.91259739	0.020360178	0.0027525795	2.6035521	428411.91
0.16853761	0.44665022	0.019854757	0.021166424	4.6976225	459580.27
0.19367944	0.79459729	0.016909814	1e-05	1.8342903	425002.93
0.19181016	0.87453405	0.020776948	0.015461378	1.9782336	471753.84
0.20839275	0.78826316	0.014089269	0.0049239523	0.91293656	442211.13
0.19634848	0.90383939	0.01549419	0.031640748	0.001	517175.2
0.18230336	0.89080615	0.015962214	1e-05	4.2022245	425485.7
0.1890546	0.49634712	0.017768481	0.0022154684	4.9858876	424378.94
0.17060869	0.79032723	0.011345941	0.061714261	0.001	657211.07
0.15005122	1	0.02693098	0.048544246	0.001	575672.51
0.18115123	0.93766801	0.017390265	0.040059813	0.001	473436.17
0.1741719	0.80230824	0.028755068	1e-05	4.5833571	391735.82
0.18611573	0.72994628	0.016187102	0.013283945	3.0680801	467749.02
0.17646217	0.70680485	0.0182159	0.0037039954	1.9209089	417513.97
0.17047054	1	0.022124547	0.0097652513	0.001	421132.28
0.16670669	0.73494612	0.014684581	0.030355908	2.7139963	528791.3
0.17295602	0.64333135	0.01706709	0.034286298	1.9850232	534677.01
0.15696269	0.94026153	0.021645799	0.040041448	0.46808401	546176.99
0.18561501	0.90291966	0.016896976	1e-05	2.8188707	399443.85
0.20835526	0.71862521	0.01260551	0.040652029	4.3892707	589820.91
0.1978341	0.57023458	0.016350577	0.0083081313	2.9544354	449235.01
0.17856723	0.6567448	0.017151909	0.011318937	3.3641976	456667.22
0.17035015	0.97707251	0.015351609	1e-05	0.1064025	434225.29
0.19048718	0.86743268	0.014821057	0.039568586	4.1114876	573518.19
0.17444225	1	0.014875977	0.13561006	0.001	1e+06
0.20995035	0.77727597	0.016546115	0.008850279	3.8361663	417188.99
0.16249584	1	0.013468855	0.014196484	1.4588252	454476.28
0.19193506	0.82414234	0.014131252	0.0070622116	0.33737065	437947.52
0.16557733	0.84162768	0.020210166	0.0023912887	2.1060705	403005.83
0.17188366	0.56131772	0.016969975	0.0097881413	3.9866823	426603.54
0.16750866	1	0.015362591	0.015690847	0.001	441475.61
0.1738796	1	0.013333414	1e-05	2.0807719	457875.21
0.18068115	0.95631782	0.016439199	0.026315959	4.107354	539661.23
0.16787204	0.45329437	0.012935271	1e-05	3.5004977	416527.09
0.18679295	0.96260605	0.017968518	0.0051049518	4.0472922	408568.89
0.17505009	0.64267962	0.015509264	0.002441805	2.5472981	470014.59
0.16963081	1	0.019301022	0.02287915	0.001	493973.92
0.19458667	0.42764161	0.015680769	0.018325639	5	490963.64
0.15510285	0.46980381	0.013433616	0.01063085	4.8303623	484785.62
0.20065948	0.43428399	0.01806736	0.020522365	3.7609488	457058.84
0.19228824	0.75571671	0.012534633	0.0012688495	2.4894989	457452
0.18292543	1	0.017712848	0.0052833899	1.8413913	473286.58
0.1864769	1	0.014892508	1e-05	0.83349222	431040.23
0.18180102	0.84024738	0.014199814	0.0051376626	3.6119381	463625.31
0.18615191	0.73736798	0.019938548	0.016968854	2.413996	451535.3
0.16954034	0.96990983	0.013329296	0.05828002	4.4697276	670711.19
0.19262673	1	0.015025104	0.0048229405	1.1721922	449255.91
0.17428512	0.72078128	0.017281161	0.02390938	5	508156.14
0.1724706	0.85148133	0.015846349	0.010239978	0.013855511	378580.56
0.18274088	0.90895116	0.015608974	0.016349054	2.3742497	501327.23
0.18207919	0.62264887	0.020710189	0.00055469786	3.2554719	438616.5
0.20175132	0.76761502	0.014454382	1e-05	3.2592866	420269.88
0.19044124	0.77431324	0.016274246	0.016775768	2.2925534	472368.19
0.17798914	0.40932642	0.01913795	0.038629007	4.6732973	507031.21
0.1919098	0.64739445	0.013972223	0.013856539	4.2982239	521122.53
0.21261111	0.81915079	0.01572655	0.018319933	5	472975.33
0.15567463	1	0.019531233	0.05763663	0.001	562906.18
0.16685895	0.47976925	0.012500625	0.040973159	1.9522791	519046.36
0.18258211	0.96141746	0.020740559	0.0056169286	3.3894979	437050.36
0.19186709	0.56363903	0.015164784	1e-05	4.9420847	442130.32
0.18080569	0.78162214	0.016746624	0.0044275955	2.0461639	487056.2
0.22601044	0.80316604	0.014652777	0.025739557	2.5555407	501243.24
0.19175555	1	0.011611649	0.10228205	0.30399084	826634.17
0.1676415	0.97509458	0.021611226	1e-05	3.2661107	409637.48
0.18754829	0.58399925	0.019964838	0.0088975538	5	472329.21
0.17246015	0.6651254	0.016083112	0.024619733	3.4168914	480157.77
0.19983969	0.93199585	0.01041472	0.006041291	0.37056049	464421.12
0.1625505	0.76960543	0.014904384	0.051019074	2.3686931	612237.66
0.16114566	0.38217572	0.017412271	1e-05	5	460176.35
0.157983	0.77588521	0.018166222	0.04973214	0.40339914	621794.33
0.18312021	1	0.017604921	0.0020061526	0.001	425052.71
0.20903321	1	0.015314527	1e-05	2.3699619	402219.01
0.18151907	0.88973096	0.017737436	0.025356357	4.0296139	543588.63
0.18689388	1	0.017058319	1e-05	1.7570878	412034.85
0.18060387	1	0.015868192	1e-05	0.001	405743.92
0.17627705	0.77038865	0.01966691	0.060554288	3.7470049	701180.57
0.20830776	0.9084943	0.013876297	1e-05	3.5794803	407234.3
0.17183765	1	0.021056318	0.045777885	0.5043783	548220.06
0.21548204	0.80674619	0.016152274	0.013184243	3.957873	485919.98
0.16625914	0.78642812	0.02215898	0.020650334	4.8444035	466824.5
0.16026125	0.78691467	0.019086867	0.048552322	1.5724553	521676.07
0.18430704	0.97116303	0.016145937	0.0022307768	4.0356582	433757.36
0.17518143	1	0.022610616	1e-05	0.001	423868.02
0.19047857	0.9860173	0.013696523	0.015584256	1.1332926	507427.76
0.18325473	0.3532133	0.016044889	0.024981156	5	476744.54
0.19690453	0.74552889	0.020822052	0.033659697	3.4470943	420508.62
0.18266555	0.47597637	0.015666093	0.0079383967	5	459155
0.18061972	0.68525812	0.014352789	0.017090682	4.2738224	526724.47
0.16441462	0.64486294	0.012785325	1e-05	3.5958124	451052.67
0.17844458	1	0.013701222	0.0056250289	0.001	433983.05
0.19944378	1	0.015923675	0.0017419208	0.79272837	421431.31
0.20023009	0.68882662	0.017065398	0.002796153	5	428249.14
0.19303595	0.79609941	0.019274281	0.044485868	2.5980155	615289.26
0.17816225	0.50862395	0.017088085	0.046278203	3.5767285	557102.88
0.15781712	0.64215397	0.020317165	0.016819713	4.9120681	434948.47
0.17465293	0.87097774	0.018749528	1e-05	2.0369406	385268
0.19006213	0.74435632	0.01291799	1e-05	1.4921668	463635.48
0.18473431	0.64662258	0.013765641	1e-05	4.7212874	409207.58
0.16611882	0.6959493	0.014620546	0.00073990342	3.5041375	409795.37
0.17977614	0.99896627	0.014957965	1e-05	0.49330287	451868.12
0.20079556	1	0.017444496	1e-05	1.1717046	412762.72
0.16932815	0.78598792	0.019939876	1e-05	0.47953101	382563.68
0.17040793	0.88183696	0.01609974	0.031725529	1.4262616	547558.23
0.20922097	0.78192272	0.012515778	1e-05	2.1831978	462295.82
0.18610544	0.53377269	0.016708292	0.00613309	4.0555988	440009.85
0.17353443	0.70984725	0.017142829	0.023137647	5	419489.35
0.18478714	0.84314626	0.012863461	0.0055946315	4.4783948	487651.03
0.16214856	0.42805844	0.016531857	0.0095529733	5	471286.21
0.15808117	0.77651996	0.022004274	0.0040482714	4.3346666	427223.51
0.19218136	0.67415306	0.018145041	0.0022216591	4.2947325	432784.88
0.14577955	0.7990873	0.023083014	0.011168658	4.8944957	428377.69
0.19706981	0.65339634	0.015942647	0.024798543	3.178	511049.28
0.14736728	0.85394115	0.021688671	1e-05	3.0306759	421459.77
0.17754531	0.89754208	0.013381146	0.048459836	0.001	616130.27
0.1423864	1	0.018463892	1e-05	0.001	438114.17
0.15529003	1	0.015949374	1e-05	0.001	426463.29
0.16950819	0.54854249	0.018631065	0.018231152	2.5958728	448118.96
0.18208915	0.54993814	0.01498111	0.0013998213	3.7272204	393491.81
0.19740546	0.90858783	0.015612046	1e-05	2.4909875	430757.67
0.18083737	1	0.015099524	0.00012666881	2.6955014	463680.49
0.16350931	0.97307849	0.019142143	0.010374557	2.4126656	473994.67
0.17103747	0.51949028	0.014267173	1e-05	5	462413.99
0.18108575	1	0.018710637	0.0046018678	0.051269361	416565.81
0.18898405	0.98818254	0.021021198	0.0095684995	3.8653409	427904.19
0.18039967	0.59585926	0.014199424	0.016263984	4.6359359	501938.7
0.17827405	0.96355673	0.015099833	0.040116288	1.0843586	582235.89
0.18567751	1	0.015100707	0.0030972388	0.56560923	422078.13
0.18510312	0.65785877	0.017586668	0.023457114	1.7849235	479217.19
0.19250647	0.93567097	0.018676886	0.020071383	0.39163556	474320.73
0.19768034	0.57448323	0.015378253	0.018537571	2.8185087	494710.85
0.19634708	0.90789882	0.011821434	0.019325822	0.71402396	529250.1
0.19476987	0.81820836	0.021848929	1e-05	1.0894332	418521.43
0.20581871	0.70071	0.013796301	0.018760957	5	523549.2
0.20088337	0.9835419	0.015804229	0.029216917	0.36674744	514753.14
0.17851341	0.64753317	0.020332517	0.020995635	2.2058343	476542.21
0.20241492	0.78779043	0.018620621	0.0015038387	2.8112572	440853.81
0.2126168	0.89629233	0.017349199	0.02745519	1.0421018	454499.22
0.18818141	1	0.013104748	0.0005091008	1.0278956	510679.93
0.16345047	0.85364236	0.020727765	0.01345809	0.061023696	448564.12
0.17423917	1	0.025211268	0.019692249	0.001	460243.19
0.17802035	0.96847312	0.022062438	0.01425841	2.6027414	454532.61
0.19042016	1	0.018423504	8.9675944e-05	4.7074371	373748.73
0.19055792	1	0.015597587	0.017465724	3.934156	468290.04
0.18893518	0.77417866	0.017899896	1e-05	5	396771.35
0.21143499	1	0.011486794	0.018718429	3.2118762	513827.04
0.18866052	0.90936677	0.01284566	0.014521967	0.001	470510.22
0.18772846	0.77987528	0.013302417	0.015728876	2.8754576	493641.21
0.18347554	1	0.013503522	0.0082013894	1.516321	501100.48
0.21439016	1	0.017312357	1e-05	1.7513686	386704.93
0.19791593	0.88870172	0.012658519	1e-05	3.3472501	419783.66
0.18431587	0.82497219	0.015065414	1e-05	2.7687172	411649.58
0.2001652	0.54638472	0.016468011	0.019354251	3.7655408	485978.66
0.16393062	1	0.018509957	1e-05	1.805671	411509.4
0.17998312	0.9994315	0.022197861	6.1773454e-05	0.001	412239.65
0.18318322	0.80948531	0.015388264	1e-05	1.2590598	401518.62
0.1819528	0.57551315	0.018997076	0.0008838923	4.7019634	395973.22
0.16586777	1	0.018296532	0.0068022463	1.6018833	448754.48
0.17697798	1	0.018452591	0.022255558	2.909481	448016.15
0.18212767	0.56167686	0.015050798	0.0013778977	3.6397801	455356.79
0.17730038	1	0.014799434	0.051039544	0.001	631087.01
0.18377473	0.57897746	0.014312934	1e-05	4.6910706	381015.47
0.20495457	0.97831931	0.013092097	0.0083335649	0.54421067	475513.09
0.1518629	0.3224565	0.01831674	0.0018710513	4.4361415	416777.89
0.15759677	0.71745391	0.014224633	0.01083604	5	450301
0.16682445	0.92728171	0.020700238	0.055242925	0.001	589445.23
0.16395202	0.65880046	0.016439588	0.0010238891	1.7655235	440481.25
0.16693806	0.7004465	0.022961378	0.03366661	1.1754219	508667.8
0.19847529	0.77527679	0.017655474	1e-05	1.9730624	445199.4
0.16440811	0.85885679	0.016357378	1e-05	2.0430917	438883.37
0.16304753	1	0.017772449	1e-05	0.001	387696.16
0.18042729	0.53701202	0.014170384	0.001517026	5	422351.36
0.15520663	0.55580213	0.021052547	0.062396614	5	753360.07
0.17972059	0.83261581	0.011266494	1e-05	3.5722482	414349.24
0.20129392	1	0.017765573	0.028236535	5	525532.3
0.18413972	0.43336441	0.0200446	0.00015096336	5	420226.51
0.20325299	0.86276155	0.024499309	0.028437314	3.2936028	458158.66
0.19625016	0.86503688	0.016379657	0.0097978195	5	460699.67
0.18208938	0.77729512	0.013308103	1e-05	4.8164505	448360.56
0.18737375	0.36713772	0.015120308	0.023904935	5	476476.97
0.19093125	1	0.015958819	0.008627089	0.001	465648.5
0.20728671	0.53811097	0.016997286	0.0030336889	5	400908.38
0.17943562	1	0.019848722	1e-05	4.9909111	422849.12
0.19192577	1	0.01577715	1e-05	2.4435432	411648.2
0.16721868	0.81929847	0.023252527	0.0074034383	1.9655769	376120.13
0.16090757	0.98102945	0.023367205	1e-05	0.001	400564.63
0.17753419	0.7522711	0.018906178	0.01335165	3.5005234	414282.43
0.2151172	0.55491819	0.0098909035	2.1446586e-05	4.9590998	438612.03
0.22327156	1	0.013510369	1e-05	3.639069	402378.46
0.18332391	0.82093625	0.0079120354	0.053946694	4.3800878	590306.53
0.16126909	0.63601224	0.020183205	1e-05	5	418407.95
0.17564799	0.68926043	0.011781131	1e-05	2.3110416	450910.48
0.20415498	0.91582546	0.019792215	0.0011709638	0.77359713	411009.15
0.18228552	1	0.019762919	0.007100943	3.3016848	422710.21
0.19669763	0.92625418	0.010268015	0.00044613609	2.303607	429010.6
0.16879373	0.9037191	0.021681141	0.00068726871	3.8747926	418835.43
0.20328682	0.58233558	0.019900866	1e-05	2.7518546	420143.18
0.19760942	0.5917076	0.016146876	1e-05	5	395240.08
0.22046886	0.84257778	0.019057833	0.025134564	1.126386	459577
0.19720813	0.73402074	0.019869069	0.014651319	2.3486285	437582.96
0.16722875	0.61529897	0.018424449	0.09032874	3.2367204	826551.71
0.18141082	1	0.018561057	0.01983208	0.001	470903.08
0.18832119	0.9649058	0.014086077	0.00045538207	3.476833	494604.74
0.15679136	1	0.020925468	0.01205085	1.9833983	448566.19
0.21948635	0.76451826	0.015774548	0.010347777	4.0691092	455866.88
0.18785964	0.95266731	0.019241881	1e-05	0.001	384902.25
0.18856533	0.77867669	0.012336771	1e-05	3.8121171	429198.84
0.19722625	0.9822838	0.01264137	1e-05	0.001	414096.85
0.18039967	0.59585926	0.014199424	0.016263984	4.6359359	501938.7
0.15334897	1	0.021473713	0.012881532	0.64955131	453159.17
0.17823442	0.98797275	0.015399763	1e-05	2.1958142	404224.94
0.19905688	0.76739482	0.020494013	0.0027285719	2.697756	411877.85
0.18094322	1	0.020926465	0.046613111	1.1862955	599603.11
0.17550849	0.99019463	0.015593325	0.019932932	2.7130166	493305.61
0.1481152	0.88597935	0.021516743	0.019604706	1.066493	495924.96
0.21422211	0.76273403	0.016488709	1e-05	2.9214036	455333.85
0.168533	0.51822789	0.023981383	1e-05	3.5915515	368397.53
0.1790974	0.90401063	0.015706305	0.019837238	0.65119077	501087.15
0.18826673	1	0.012410282	0.031065113	1.2574264	494701.11
0.17862578	0.32891194	0.01847614	0.028041269	5	477018.23
0.16493882	0.39082975	0.025307039	0.0021023263	5	390727.29
0.18236487	0.48165294	0.013864501	0.00067976766	4.3765298	449302.46
0.15283803	1	0.020982042	0.011153339	1.4920056	465921.35
0.17904471	0.93024332	0.013341731	0.00083181366	5	452365.89
0.18809698	0.44321153	0.016546676	1e-05	4.6073221	374147.05
0.19972277	0.89383027	0.014601188	1e-05	1.5749928	376903.67
0.16813006	0.90258261	0.02118772	0.0061766643	0.82478983	406942.11
